# WaveFront *.obj file (generated by Autodesk ATF)

mtllib DIP28W-14.10X36.75-RS15.24-P2.54.mtl

g Bottom

v -6.859005 -18.374504 0.695050
v -6.859005 18.374504 0.695050
v -6.855508 18.371007 0.677023
v -6.848773 18.364272 0.659939
v -6.839028 18.354527 0.644375
v -6.826602 18.342101 0.630855
v -6.811913 18.327411 0.619835
v -6.795456 18.310955 0.611687
v -6.777787 18.293286 0.606686
v -6.759501 18.275000 0.605000
v -6.759501 -18.275000 0.605000
v -6.777787 -18.293286 0.606686
v -6.795456 -18.310955 0.611687
v -6.811913 -18.327411 0.619835
v -6.826602 -18.342101 0.630855
v -6.839028 -18.354527 0.644375
v -6.848773 -18.364272 0.659939
v -6.855508 -18.371007 0.677023
v -6.853614 17.849518 0.671194
v -6.853614 17.324532 0.671194
v -6.853614 16.799546 0.671194
v -6.853614 16.274560 0.671194
v -6.853614 15.749575 0.671194
v -6.853614 15.224589 0.671194
v -6.853614 14.699603 0.671194
v -6.853614 14.174617 0.671194
v -6.853614 13.649631 0.671194
v -6.853614 13.124646 0.671194
v -6.853614 12.599660 0.671194
v -6.853614 12.074674 0.671194
v -6.853614 11.549688 0.671194
v -6.853614 11.024702 0.671194
v -6.853614 10.499716 0.671194
v -6.853614 9.974731 0.671194
v -6.853614 9.449745 0.671194
v -6.853614 8.924759 0.671194
v -6.853614 8.399773 0.671194
v -6.853614 7.874787 0.671194
v -6.853614 7.349801 0.671194
v -6.853614 6.824816 0.671194
v -6.853614 6.299830 0.671194
v -6.853614 5.774844 0.671194
v -6.853614 5.249858 0.671194
v -6.853614 4.724872 0.671194
v -6.853614 4.199887 0.671194
v -6.853614 3.674901 0.671194
v -6.853614 3.149915 0.671194
v -6.853614 2.624929 0.671194
v -6.853614 2.099943 0.671194
v -6.853614 1.574957 0.671194
v -6.853614 1.049972 0.671194
v -6.853614 0.524986 0.671194
v -6.853614 0.000000 0.671194
v -6.853614 -0.524986 0.671194
v -6.853614 -1.049972 0.671194
v -6.853614 -1.574957 0.671194
v -6.853614 -2.099943 0.671194
v -6.853614 -2.624929 0.671194
v -6.853614 -3.149915 0.671194
v -6.853614 -3.674901 0.671194
v -6.853614 -4.199887 0.671194
v -6.853614 -4.724872 0.671194
v -6.853614 -5.249858 0.671194
v -6.853614 -5.774844 0.671194
v -6.853614 -6.299830 0.671194
v -6.853614 -6.824816 0.671194
v -6.853614 -7.349801 0.671194
v -6.853614 -7.874787 0.671194
v -6.853614 -8.399773 0.671194
v -6.853614 -8.924759 0.671194
v -6.853614 -9.449745 0.671194
v -6.853614 -9.974731 0.671194
v -6.853614 -10.499716 0.671194
v -6.853614 -11.024702 0.671194
v -6.853614 -11.549688 0.671194
v -6.853614 -12.074674 0.671194
v -6.853614 -12.599660 0.671194
v -6.853614 -13.124646 0.671194
v -6.853614 -13.649631 0.671194
v -6.853614 -14.174617 0.671194
v -6.853614 -14.699603 0.671194
v -6.853614 -15.224589 0.671194
v -6.853614 -15.749575 0.671194
v -6.853614 -16.274560 0.671194
v -6.853614 -16.799546 0.671194
v -6.853614 -17.324532 0.671194
v -6.853614 -17.849518 0.671194
v -6.842593 17.849518 0.649360
v -6.842593 17.324532 0.649360
v -6.842593 16.799546 0.649360
v -6.842593 16.274560 0.649360
v -6.842593 15.749575 0.649360
v -6.842593 15.224589 0.649360
v -6.842593 14.699603 0.649360
v -6.842593 14.174617 0.649360
v -6.842593 13.649631 0.649360
v -6.842593 13.124646 0.649360
v -6.842593 12.599660 0.649360
v -6.842593 12.074674 0.649360
v -6.842593 11.549688 0.649360
v -6.842593 11.024702 0.649360
v -6.842593 10.499716 0.649360
v -6.842593 9.974731 0.649360
v -6.842593 9.449745 0.649360
v -6.842593 8.924759 0.649360
v -6.842593 8.399773 0.649360
v -6.842593 7.874787 0.649360
v -6.842593 7.349801 0.649360
v -6.842593 6.824816 0.649360
v -6.842593 6.299830 0.649360
v -6.842593 5.774844 0.649360
v -6.842593 5.249858 0.649360
v -6.842593 4.724872 0.649360
v -6.842593 4.199887 0.649360
v -6.842593 3.674901 0.649360
v -6.842593 3.149915 0.649360
v -6.842593 2.624929 0.649360
v -6.842593 2.099943 0.649360
v -6.842593 1.574957 0.649360
v -6.842593 1.049972 0.649360
v -6.842593 0.524986 0.649360
v -6.842593 0.000000 0.649360
v -6.842593 -0.524986 0.649360
v -6.842593 -1.049972 0.649360
v -6.842593 -1.574957 0.649360
v -6.842593 -2.099943 0.649360
v -6.842593 -2.624929 0.649360
v -6.842593 -3.149915 0.649360
v -6.842593 -3.674901 0.649360
v -6.842593 -4.199887 0.649360
v -6.842593 -4.724872 0.649360
v -6.842593 -5.249858 0.649360
v -6.842593 -5.774844 0.649360
v -6.842593 -6.299830 0.649360
v -6.842593 -6.824816 0.649360
v -6.842593 -7.349801 0.649360
v -6.842593 -7.874787 0.649360
v -6.842593 -8.399773 0.649360
v -6.842593 -8.924759 0.649360
v -6.842593 -9.449745 0.649360
v -6.842593 -9.974731 0.649360
v -6.842593 -10.499716 0.649360
v -6.842593 -11.024702 0.649360
v -6.842593 -11.549688 0.649360
v -6.842593 -12.074674 0.649360
v -6.842593 -12.599660 0.649360
v -6.842593 -13.124646 0.649360
v -6.842593 -13.649631 0.649360
v -6.842593 -14.174617 0.649360
v -6.842593 -14.699603 0.649360
v -6.842593 -15.224589 0.649360
v -6.842593 -15.749575 0.649360
v -6.842593 -16.274560 0.649360
v -6.842593 -16.799546 0.649360
v -6.842593 -17.324532 0.649360
v -6.842593 -17.849518 0.649360
v -6.826602 17.849518 0.630855
v -6.826602 17.324532 0.630855
v -6.826602 16.799546 0.630855
v -6.826602 16.274560 0.630855
v -6.826602 15.749575 0.630855
v -6.826602 15.224589 0.630855
v -6.826602 14.699603 0.630855
v -6.826602 14.174617 0.630855
v -6.826602 13.649631 0.630855
v -6.826602 13.124646 0.630855
v -6.826602 12.599660 0.630855
v -6.826602 12.074674 0.630855
v -6.826602 11.549688 0.630855
v -6.826602 11.024702 0.630855
v -6.826602 10.499716 0.630855
v -6.826602 9.974731 0.630855
v -6.826602 9.449745 0.630855
v -6.826602 8.924759 0.630855
v -6.826602 8.399773 0.630855
v -6.826602 7.874787 0.630855
v -6.826602 7.349801 0.630855
v -6.826602 6.824816 0.630855
v -6.826602 6.299830 0.630855
v -6.826602 5.774844 0.630855
v -6.826602 5.249858 0.630855
v -6.826602 4.724872 0.630855
v -6.826602 4.199887 0.630855
v -6.826602 3.674901 0.630855
v -6.826602 3.149915 0.630855
v -6.826602 2.624929 0.630855
v -6.826602 2.099943 0.630855
v -6.826602 1.574957 0.630855
v -6.826602 1.049972 0.630855
v -6.826602 0.524986 0.630855
v -6.826602 0.000000 0.630855
v -6.826602 -0.524986 0.630855
v -6.826602 -1.049972 0.630855
v -6.826602 -1.574957 0.630855
v -6.826602 -2.099943 0.630855
v -6.826602 -2.624929 0.630855
v -6.826602 -3.149915 0.630855
v -6.826602 -3.674901 0.630855
v -6.826602 -4.199887 0.630855
v -6.826602 -4.724872 0.630855
v -6.826602 -5.249858 0.630855
v -6.826602 -5.774844 0.630855
v -6.826602 -6.299830 0.630855
v -6.826602 -6.824816 0.630855
v -6.826602 -7.349801 0.630855
v -6.826602 -7.874787 0.630855
v -6.826602 -8.399773 0.630855
v -6.826602 -8.924759 0.630855
v -6.826602 -9.449745 0.630855
v -6.826602 -9.974731 0.630855
v -6.826602 -10.499716 0.630855
v -6.826602 -11.024702 0.630855
v -6.826602 -11.549688 0.630855
v -6.826602 -12.074674 0.630855
v -6.826602 -12.599660 0.630855
v -6.826602 -13.124646 0.630855
v -6.826602 -13.649631 0.630855
v -6.826602 -14.174617 0.630855
v -6.826602 -14.699603 0.630855
v -6.826602 -15.224589 0.630855
v -6.826602 -15.749575 0.630855
v -6.826602 -16.274560 0.630855
v -6.826602 -16.799546 0.630855
v -6.826602 -17.324532 0.630855
v -6.826602 -17.849518 0.630855
v -6.806597 17.849518 0.616784
v -6.806597 17.324532 0.616784
v -6.806597 16.799546 0.616784
v -6.806597 16.274560 0.616784
v -6.806597 15.749575 0.616784
v -6.806597 15.224589 0.616784
v -6.806597 14.699603 0.616784
v -6.806597 14.174617 0.616784
v -6.806597 13.649631 0.616784
v -6.806597 13.124646 0.616784
v -6.806597 12.599660 0.616784
v -6.806597 12.074674 0.616784
v -6.806597 11.549688 0.616784
v -6.806597 11.024702 0.616784
v -6.806597 10.499716 0.616784
v -6.806597 9.974731 0.616784
v -6.806597 9.449745 0.616784
v -6.806597 8.924759 0.616784
v -6.806597 8.399773 0.616784
v -6.806597 7.874787 0.616784
v -6.806597 7.349801 0.616784
v -6.806597 6.824816 0.616784
v -6.806597 6.299830 0.616784
v -6.806597 5.774844 0.616784
v -6.806597 5.249858 0.616784
v -6.806597 4.724872 0.616784
v -6.806597 4.199887 0.616784
v -6.806597 3.674901 0.616784
v -6.806597 3.149915 0.616784
v -6.806597 2.624929 0.616784
v -6.806597 2.099943 0.616784
v -6.806597 1.574957 0.616784
v -6.806597 1.049972 0.616784
v -6.806597 0.524986 0.616784
v -6.806597 0.000000 0.616784
v -6.806597 -0.524986 0.616784
v -6.806597 -1.049972 0.616784
v -6.806597 -1.574957 0.616784
v -6.806597 -2.099943 0.616784
v -6.806597 -2.624929 0.616784
v -6.806597 -3.149915 0.616784
v -6.806597 -3.674901 0.616784
v -6.806597 -4.199887 0.616784
v -6.806597 -4.724872 0.616784
v -6.806597 -5.249858 0.616784
v -6.806597 -5.774844 0.616784
v -6.806597 -6.299830 0.616784
v -6.806597 -6.824816 0.616784
v -6.806597 -7.349801 0.616784
v -6.806597 -7.874787 0.616784
v -6.806597 -8.399773 0.616784
v -6.806597 -8.924759 0.616784
v -6.806597 -9.449745 0.616784
v -6.806597 -9.974731 0.616784
v -6.806597 -10.499716 0.616784
v -6.806597 -11.024702 0.616784
v -6.806597 -11.549688 0.616784
v -6.806597 -12.074674 0.616784
v -6.806597 -12.599660 0.616784
v -6.806597 -13.124646 0.616784
v -6.806597 -13.649631 0.616784
v -6.806597 -14.174617 0.616784
v -6.806597 -14.699603 0.616784
v -6.806597 -15.224589 0.616784
v -6.806597 -15.749575 0.616784
v -6.806597 -16.274560 0.616784
v -6.806597 -16.799546 0.616784
v -6.806597 -17.324532 0.616784
v -6.806597 -17.849518 0.616784
v -6.783775 17.849518 0.607991
v -6.783775 17.324532 0.607991
v -6.783775 16.799546 0.607991
v -6.783775 16.274560 0.607991
v -6.783775 15.749575 0.607991
v -6.783775 15.224589 0.607991
v -6.783775 14.699603 0.607991
v -6.783775 14.174617 0.607991
v -6.783775 13.649631 0.607991
v -6.783775 13.124646 0.607991
v -6.783775 12.599660 0.607991
v -6.783775 12.074674 0.607991
v -6.783775 11.549688 0.607991
v -6.783775 11.024702 0.607991
v -6.783775 10.499716 0.607991
v -6.783775 9.974731 0.607991
v -6.783775 9.449745 0.607991
v -6.783775 8.924759 0.607991
v -6.783775 8.399773 0.607991
v -6.783775 7.874787 0.607991
v -6.783775 7.349801 0.607991
v -6.783775 6.824816 0.607991
v -6.783775 6.299830 0.607991
v -6.783775 5.774844 0.607991
v -6.783775 5.249858 0.607991
v -6.783775 4.724872 0.607991
v -6.783775 4.199887 0.607991
v -6.783775 3.674901 0.607991
v -6.783775 3.149915 0.607991
v -6.783775 2.624929 0.607991
v -6.783775 2.099943 0.607991
v -6.783775 1.574957 0.607991
v -6.783775 1.049972 0.607991
v -6.783775 0.524986 0.607991
v -6.783775 0.000000 0.607991
v -6.783775 -0.524986 0.607991
v -6.783775 -1.049972 0.607991
v -6.783775 -1.574957 0.607991
v -6.783775 -2.099943 0.607991
v -6.783775 -2.624929 0.607991
v -6.783775 -3.149915 0.607991
v -6.783775 -3.674901 0.607991
v -6.783775 -4.199887 0.607991
v -6.783775 -4.724872 0.607991
v -6.783775 -5.249858 0.607991
v -6.783775 -5.774844 0.607991
v -6.783775 -6.299830 0.607991
v -6.783775 -6.824816 0.607991
v -6.783775 -7.349801 0.607991
v -6.783775 -7.874787 0.607991
v -6.783775 -8.399773 0.607991
v -6.783775 -8.924759 0.607991
v -6.783775 -9.449745 0.607991
v -6.783775 -9.974731 0.607991
v -6.783775 -10.499716 0.607991
v -6.783775 -11.024702 0.607991
v -6.783775 -11.549688 0.607991
v -6.783775 -12.074674 0.607991
v -6.783775 -12.599660 0.607991
v -6.783775 -13.124646 0.607991
v -6.783775 -13.649631 0.607991
v -6.783775 -14.174617 0.607991
v -6.783775 -14.699603 0.607991
v -6.783775 -15.224589 0.607991
v -6.783775 -15.749575 0.607991
v -6.783775 -16.274560 0.607991
v -6.783775 -16.799546 0.607991
v -6.783775 -17.324532 0.607991
v -6.783775 -17.849518 0.607991
v -6.860000 18.375000 0.705000
v 6.860000 18.375000 0.705000
v 6.859668 18.374945 0.701678
v 6.859336 18.374779 0.698360
v 6.859005 18.374504 0.695050
v 6.855508 18.371007 0.677023
v 6.848773 18.364272 0.659939
v 6.839028 18.354527 0.644375
v 6.826602 18.342101 0.630855
v 6.811913 18.327411 0.619835
v 6.795456 18.310955 0.611687
v 6.777787 18.293286 0.606686
v 6.759501 18.275000 0.605000
v -6.859336 18.374779 0.698360
v -6.859668 18.374945 0.701678
v 6.311200 18.371593 0.679118
v 5.762400 18.371593 0.679118
v 5.213600 18.371593 0.679118
v 4.664800 18.371593 0.679118
v 4.116000 18.371593 0.679118
v 3.567200 18.371593 0.679118
v 3.018400 18.371593 0.679118
v 2.469600 18.371593 0.679118
v 1.920800 18.371593 0.679118
v 1.372000 18.371593 0.679118
v 0.823200 18.371593 0.679118
v 0.274400 18.371593 0.679118
v -0.274400 18.371593 0.679118
v -0.823200 18.371593 0.679118
v -1.372000 18.371593 0.679118
v -1.920800 18.371593 0.679118
v -2.469600 18.371593 0.679118
v -3.018400 18.371593 0.679118
v -3.567200 18.371593 0.679118
v -4.116000 18.371593 0.679118
v -4.664800 18.371593 0.679118
v -5.213600 18.371593 0.679118
v -5.762400 18.371593 0.679118
v -6.311200 18.371593 0.679118
v 6.311200 18.361603 0.655000
v 5.762400 18.361603 0.655000
v 5.213600 18.361603 0.655000
v 4.664800 18.361603 0.655000
v 4.116000 18.361603 0.655000
v 3.567200 18.361603 0.655000
v 3.018400 18.361603 0.655000
v 2.469600 18.361603 0.655000
v 1.920800 18.361603 0.655000
v 1.372000 18.361603 0.655000
v 0.823200 18.361603 0.655000
v 0.274400 18.361603 0.655000
v -0.274400 18.361603 0.655000
v -0.823200 18.361603 0.655000
v -1.372000 18.361603 0.655000
v -1.920800 18.361603 0.655000
v -2.469600 18.361603 0.655000
v -3.018400 18.361603 0.655000
v -3.567200 18.361603 0.655000
v -4.116000 18.361603 0.655000
v -4.664800 18.361603 0.655000
v -5.213600 18.361603 0.655000
v -5.762400 18.361603 0.655000
v -6.311200 18.361603 0.655000
v 6.311200 18.345711 0.634289
v 5.762400 18.345711 0.634289
v 5.213600 18.345711 0.634289
v 4.664800 18.345711 0.634289
v 4.116000 18.345711 0.634289
v 3.567200 18.345711 0.634289
v 3.018400 18.345711 0.634289
v 2.469600 18.345711 0.634289
v 1.920800 18.345711 0.634289
v 1.372000 18.345711 0.634289
v 0.823200 18.345711 0.634289
v 0.274400 18.345711 0.634289
v -0.274400 18.345711 0.634289
v -0.823200 18.345711 0.634289
v -1.372000 18.345711 0.634289
v -1.920800 18.345711 0.634289
v -2.469600 18.345711 0.634289
v -3.018400 18.345711 0.634289
v -3.567200 18.345711 0.634289
v -4.116000 18.345711 0.634289
v -4.664800 18.345711 0.634289
v -5.213600 18.345711 0.634289
v -5.762400 18.345711 0.634289
v -6.311200 18.345711 0.634289
v 6.311200 18.325000 0.618397
v 5.762400 18.325000 0.618397
v 5.213600 18.325000 0.618397
v 4.664800 18.325000 0.618397
v 4.116000 18.325000 0.618397
v 3.567200 18.325000 0.618397
v 3.018400 18.325000 0.618397
v 2.469600 18.325000 0.618397
v 1.920800 18.325000 0.618397
v 1.372000 18.325000 0.618397
v 0.823200 18.325000 0.618397
v 0.274400 18.325000 0.618397
v -0.274400 18.325000 0.618397
v -0.823200 18.325000 0.618397
v -1.372000 18.325000 0.618397
v -1.920800 18.325000 0.618397
v -2.469600 18.325000 0.618397
v -3.018400 18.325000 0.618397
v -3.567200 18.325000 0.618397
v -4.116000 18.325000 0.618397
v -4.664800 18.325000 0.618397
v -5.213600 18.325000 0.618397
v -5.762400 18.325000 0.618397
v -6.311200 18.325000 0.618397
v 6.311200 18.300882 0.608407
v 5.762400 18.300882 0.608407
v 5.213600 18.300882 0.608407
v 4.664800 18.300882 0.608407
v 4.116000 18.300882 0.608407
v 3.567200 18.300882 0.608407
v 3.018400 18.300882 0.608407
v 2.469600 18.300882 0.608407
v 1.920800 18.300882 0.608407
v 1.372000 18.300882 0.608407
v 0.823200 18.300882 0.608407
v 0.274400 18.300882 0.608407
v -0.274400 18.300882 0.608407
v -0.823200 18.300882 0.608407
v -1.372000 18.300882 0.608407
v -1.920800 18.300882 0.608407
v -2.469600 18.300882 0.608407
v -3.018400 18.300882 0.608407
v -3.567200 18.300882 0.608407
v -4.116000 18.300882 0.608407
v -4.664800 18.300882 0.608407
v -5.213600 18.300882 0.608407
v -5.762400 18.300882 0.608407
v -6.311200 18.300882 0.608407
v 6.759501 -18.275000 0.605000
v 6.859005 -18.374504 0.695050
v 6.855508 -18.371007 0.677023
v 6.848773 -18.364272 0.659939
v 6.839028 -18.354527 0.644375
v 6.826602 -18.342101 0.630855
v 6.811913 -18.327411 0.619835
v 6.795456 -18.310955 0.611687
v 6.777787 -18.293286 0.606686
v 6.783775 17.849518 0.607991
v 6.783775 17.324532 0.607991
v 6.783775 16.799546 0.607991
v 6.783775 16.274560 0.607991
v 6.783775 15.749575 0.607991
v 6.783775 15.224589 0.607991
v 6.783775 14.699603 0.607991
v 6.783775 14.174617 0.607991
v 6.783775 13.649631 0.607991
v 6.783775 13.124646 0.607991
v 6.783775 12.599660 0.607991
v 6.783775 12.074674 0.607991
v 6.783775 11.549688 0.607991
v 6.783775 11.024702 0.607991
v 6.783775 10.499716 0.607991
v 6.783775 9.974731 0.607991
v 6.783775 9.449745 0.607991
v 6.783775 8.924759 0.607991
v 6.783775 8.399773 0.607991
v 6.783775 7.874787 0.607991
v 6.783775 7.349801 0.607991
v 6.783775 6.824816 0.607991
v 6.783775 6.299830 0.607991
v 6.783775 5.774844 0.607991
v 6.783775 5.249858 0.607991
v 6.783775 4.724872 0.607991
v 6.783775 4.199887 0.607991
v 6.783775 3.674901 0.607991
v 6.783775 3.149915 0.607991
v 6.783775 2.624929 0.607991
v 6.783775 2.099943 0.607991
v 6.783775 1.574957 0.607991
v 6.783775 1.049972 0.607991
v 6.783775 0.524986 0.607991
v 6.783775 0.000000 0.607991
v 6.783775 -0.524986 0.607991
v 6.783775 -1.049972 0.607991
v 6.783775 -1.574957 0.607991
v 6.783775 -2.099943 0.607991
v 6.783775 -2.624929 0.607991
v 6.783775 -3.149915 0.607991
v 6.783775 -3.674901 0.607991
v 6.783775 -4.199887 0.607991
v 6.783775 -4.724872 0.607991
v 6.783775 -5.249858 0.607991
v 6.783775 -5.774844 0.607991
v 6.783775 -6.299830 0.607991
v 6.783775 -6.824816 0.607991
v 6.783775 -7.349801 0.607991
v 6.783775 -7.874787 0.607991
v 6.783775 -8.399773 0.607991
v 6.783775 -8.924759 0.607991
v 6.783775 -9.449745 0.607991
v 6.783775 -9.974731 0.607991
v 6.783775 -10.499716 0.607991
v 6.783775 -11.024702 0.607991
v 6.783775 -11.549688 0.607991
v 6.783775 -12.074674 0.607991
v 6.783775 -12.599660 0.607991
v 6.783775 -13.124646 0.607991
v 6.783775 -13.649631 0.607991
v 6.783775 -14.174617 0.607991
v 6.783775 -14.699603 0.607991
v 6.783775 -15.224589 0.607991
v 6.783775 -15.749575 0.607991
v 6.783775 -16.274560 0.607991
v 6.783775 -16.799546 0.607991
v 6.783775 -17.324532 0.607991
v 6.783775 -17.849518 0.607991
v 6.806597 17.849518 0.616784
v 6.806597 17.324532 0.616784
v 6.806597 16.799546 0.616784
v 6.806597 16.274560 0.616784
v 6.806597 15.749575 0.616784
v 6.806597 15.224589 0.616784
v 6.806597 14.699603 0.616784
v 6.806597 14.174617 0.616784
v 6.806597 13.649631 0.616784
v 6.806597 13.124646 0.616784
v 6.806597 12.599660 0.616784
v 6.806597 12.074674 0.616784
v 6.806597 11.549688 0.616784
v 6.806597 11.024702 0.616784
v 6.806597 10.499716 0.616784
v 6.806597 9.974731 0.616784
v 6.806597 9.449745 0.616784
v 6.806597 8.924759 0.616784
v 6.806597 8.399773 0.616784
v 6.806597 7.874787 0.616784
v 6.806597 7.349801 0.616784
v 6.806597 6.824816 0.616784
v 6.806597 6.299830 0.616784
v 6.806597 5.774844 0.616784
v 6.806597 5.249858 0.616784
v 6.806597 4.724872 0.616784
v 6.806597 4.199887 0.616784
v 6.806597 3.674901 0.616784
v 6.806597 3.149915 0.616784
v 6.806597 2.624929 0.616784
v 6.806597 2.099943 0.616784
v 6.806597 1.574957 0.616784
v 6.806597 1.049972 0.616784
v 6.806597 0.524986 0.616784
v 6.806597 0.000000 0.616784
v 6.806597 -0.524986 0.616784
v 6.806597 -1.049972 0.616784
v 6.806597 -1.574957 0.616784
v 6.806597 -2.099943 0.616784
v 6.806597 -2.624929 0.616784
v 6.806597 -3.149915 0.616784
v 6.806597 -3.674901 0.616784
v 6.806597 -4.199887 0.616784
v 6.806597 -4.724872 0.616784
v 6.806597 -5.249858 0.616784
v 6.806597 -5.774844 0.616784
v 6.806597 -6.299830 0.616784
v 6.806597 -6.824816 0.616784
v 6.806597 -7.349801 0.616784
v 6.806597 -7.874787 0.616784
v 6.806597 -8.399773 0.616784
v 6.806597 -8.924759 0.616784
v 6.806597 -9.449745 0.616784
v 6.806597 -9.974731 0.616784
v 6.806597 -10.499716 0.616784
v 6.806597 -11.024702 0.616784
v 6.806597 -11.549688 0.616784
v 6.806597 -12.074674 0.616784
v 6.806597 -12.599660 0.616784
v 6.806597 -13.124646 0.616784
v 6.806597 -13.649631 0.616784
v 6.806597 -14.174617 0.616784
v 6.806597 -14.699603 0.616784
v 6.806597 -15.224589 0.616784
v 6.806597 -15.749575 0.616784
v 6.806597 -16.274560 0.616784
v 6.806597 -16.799546 0.616784
v 6.806597 -17.324532 0.616784
v 6.806597 -17.849518 0.616784
v 6.826602 17.849518 0.630855
v 6.826602 17.324532 0.630855
v 6.826602 16.799546 0.630855
v 6.826602 16.274560 0.630855
v 6.826602 15.749575 0.630855
v 6.826602 15.224589 0.630855
v 6.826602 14.699603 0.630855
v 6.826602 14.174617 0.630855
v 6.826602 13.649631 0.630855
v 6.826602 13.124646 0.630855
v 6.826602 12.599660 0.630855
v 6.826602 12.074674 0.630855
v 6.826602 11.549688 0.630855
v 6.826602 11.024702 0.630855
v 6.826602 10.499716 0.630855
v 6.826602 9.974731 0.630855
v 6.826602 9.449745 0.630855
v 6.826602 8.924759 0.630855
v 6.826602 8.399773 0.630855
v 6.826602 7.874787 0.630855
v 6.826602 7.349801 0.630855
v 6.826602 6.824816 0.630855
v 6.826602 6.299830 0.630855
v 6.826602 5.774844 0.630855
v 6.826602 5.249858 0.630855
v 6.826602 4.724872 0.630855
v 6.826602 4.199887 0.630855
v 6.826602 3.674901 0.630855
v 6.826602 3.149915 0.630855
v 6.826602 2.624929 0.630855
v 6.826602 2.099943 0.630855
v 6.826602 1.574957 0.630855
v 6.826602 1.049972 0.630855
v 6.826602 0.524986 0.630855
v 6.826602 0.000000 0.630855
v 6.826602 -0.524986 0.630855
v 6.826602 -1.049972 0.630855
v 6.826602 -1.574957 0.630855
v 6.826602 -2.099943 0.630855
v 6.826602 -2.624929 0.630855
v 6.826602 -3.149915 0.630855
v 6.826602 -3.674901 0.630855
v 6.826602 -4.199887 0.630855
v 6.826602 -4.724872 0.630855
v 6.826602 -5.249858 0.630855
v 6.826602 -5.774844 0.630855
v 6.826602 -6.299830 0.630855
v 6.826602 -6.824816 0.630855
v 6.826602 -7.349801 0.630855
v 6.826602 -7.874787 0.630855
v 6.826602 -8.399773 0.630855
v 6.826602 -8.924759 0.630855
v 6.826602 -9.449745 0.630855
v 6.826602 -9.974731 0.630855
v 6.826602 -10.499716 0.630855
v 6.826602 -11.024702 0.630855
v 6.826602 -11.549688 0.630855
v 6.826602 -12.074674 0.630855
v 6.826602 -12.599660 0.630855
v 6.826602 -13.124646 0.630855
v 6.826602 -13.649631 0.630855
v 6.826602 -14.174617 0.630855
v 6.826602 -14.699603 0.630855
v 6.826602 -15.224589 0.630855
v 6.826602 -15.749575 0.630855
v 6.826602 -16.274560 0.630855
v 6.826602 -16.799546 0.630855
v 6.826602 -17.324532 0.630855
v 6.826602 -17.849518 0.630855
v 6.842593 17.849518 0.649360
v 6.842593 17.324532 0.649360
v 6.842593 16.799546 0.649360
v 6.842593 16.274560 0.649360
v 6.842593 15.749575 0.649360
v 6.842593 15.224589 0.649360
v 6.842593 14.699603 0.649360
v 6.842593 14.174617 0.649360
v 6.842593 13.649631 0.649360
v 6.842593 13.124646 0.649360
v 6.842593 12.599660 0.649360
v 6.842593 12.074674 0.649360
v 6.842593 11.549688 0.649360
v 6.842593 11.024702 0.649360
v 6.842593 10.499716 0.649360
v 6.842593 9.974731 0.649360
v 6.842593 9.449745 0.649360
v 6.842593 8.924759 0.649360
v 6.842593 8.399773 0.649360
v 6.842593 7.874787 0.649360
v 6.842593 7.349801 0.649360
v 6.842593 6.824816 0.649360
v 6.842593 6.299830 0.649360
v 6.842593 5.774844 0.649360
v 6.842593 5.249858 0.649360
v 6.842593 4.724872 0.649360
v 6.842593 4.199887 0.649360
v 6.842593 3.674901 0.649360
v 6.842593 3.149915 0.649360
v 6.842593 2.624929 0.649360
v 6.842593 2.099943 0.649360
v 6.842593 1.574957 0.649360
v 6.842593 1.049972 0.649360
v 6.842593 0.524986 0.649360
v 6.842593 0.000000 0.649360
v 6.842593 -0.524986 0.649360
v 6.842593 -1.049972 0.649360
v 6.842593 -1.574957 0.649360
v 6.842593 -2.099943 0.649360
v 6.842593 -2.624929 0.649360
v 6.842593 -3.149915 0.649360
v 6.842593 -3.674901 0.649360
v 6.842593 -4.199887 0.649360
v 6.842593 -4.724872 0.649360
v 6.842593 -5.249858 0.649360
v 6.842593 -5.774844 0.649360
v 6.842593 -6.299830 0.649360
v 6.842593 -6.824816 0.649360
v 6.842593 -7.349801 0.649360
v 6.842593 -7.874787 0.649360
v 6.842593 -8.399773 0.649360
v 6.842593 -8.924759 0.649360
v 6.842593 -9.449745 0.649360
v 6.842593 -9.974731 0.649360
v 6.842593 -10.499716 0.649360
v 6.842593 -11.024702 0.649360
v 6.842593 -11.549688 0.649360
v 6.842593 -12.074674 0.649360
v 6.842593 -12.599660 0.649360
v 6.842593 -13.124646 0.649360
v 6.842593 -13.649631 0.649360
v 6.842593 -14.174617 0.649360
v 6.842593 -14.699603 0.649360
v 6.842593 -15.224589 0.649360
v 6.842593 -15.749575 0.649360
v 6.842593 -16.274560 0.649360
v 6.842593 -16.799546 0.649360
v 6.842593 -17.324532 0.649360
v 6.842593 -17.849518 0.649360
v 6.853614 17.849518 0.671194
v 6.853614 17.324532 0.671194
v 6.853614 16.799546 0.671194
v 6.853614 16.274560 0.671194
v 6.853614 15.749575 0.671194
v 6.853614 15.224589 0.671194
v 6.853614 14.699603 0.671194
v 6.853614 14.174617 0.671194
v 6.853614 13.649631 0.671194
v 6.853614 13.124646 0.671194
v 6.853614 12.599660 0.671194
v 6.853614 12.074674 0.671194
v 6.853614 11.549688 0.671194
v 6.853614 11.024702 0.671194
v 6.853614 10.499716 0.671194
v 6.853614 9.974731 0.671194
v 6.853614 9.449745 0.671194
v 6.853614 8.924759 0.671194
v 6.853614 8.399773 0.671194
v 6.853614 7.874787 0.671194
v 6.853614 7.349801 0.671194
v 6.853614 6.824816 0.671194
v 6.853614 6.299830 0.671194
v 6.853614 5.774844 0.671194
v 6.853614 5.249858 0.671194
v 6.853614 4.724872 0.671194
v 6.853614 4.199887 0.671194
v 6.853614 3.674901 0.671194
v 6.853614 3.149915 0.671194
v 6.853614 2.624929 0.671194
v 6.853614 2.099943 0.671194
v 6.853614 1.574957 0.671194
v 6.853614 1.049972 0.671194
v 6.853614 0.524986 0.671194
v 6.853614 0.000000 0.671194
v 6.853614 -0.524986 0.671194
v 6.853614 -1.049972 0.671194
v 6.853614 -1.574957 0.671194
v 6.853614 -2.099943 0.671194
v 6.853614 -2.624929 0.671194
v 6.853614 -3.149915 0.671194
v 6.853614 -3.674901 0.671194
v 6.853614 -4.199887 0.671194
v 6.853614 -4.724872 0.671194
v 6.853614 -5.249858 0.671194
v 6.853614 -5.774844 0.671194
v 6.853614 -6.299830 0.671194
v 6.853614 -6.824816 0.671194
v 6.853614 -7.349801 0.671194
v 6.853614 -7.874787 0.671194
v 6.853614 -8.399773 0.671194
v 6.853614 -8.924759 0.671194
v 6.853614 -9.449745 0.671194
v 6.853614 -9.974731 0.671194
v 6.853614 -10.499716 0.671194
v 6.853614 -11.024702 0.671194
v 6.853614 -11.549688 0.671194
v 6.853614 -12.074674 0.671194
v 6.853614 -12.599660 0.671194
v 6.853614 -13.124646 0.671194
v 6.853614 -13.649631 0.671194
v 6.853614 -14.174617 0.671194
v 6.853614 -14.699603 0.671194
v 6.853614 -15.224589 0.671194
v 6.853614 -15.749575 0.671194
v 6.853614 -16.274560 0.671194
v 6.853614 -16.799546 0.671194
v 6.853614 -17.324532 0.671194
v 6.853614 -17.849518 0.671194
v 6.860000 -18.375000 0.705000
v -6.860000 -18.375000 0.705000
v -6.859668 -18.374945 0.701678
v -6.859336 -18.374779 0.698360
v 6.859336 -18.374779 0.698360
v 6.859668 -18.374945 0.701678
v -6.311200 -18.371593 0.679118
v -5.762400 -18.371593 0.679118
v -5.213600 -18.371593 0.679118
v -4.664800 -18.371593 0.679118
v -4.116000 -18.371593 0.679118
v -3.567200 -18.371593 0.679118
v -3.018400 -18.371593 0.679118
v -2.469600 -18.371593 0.679118
v -1.920800 -18.371593 0.679118
v -1.372000 -18.371593 0.679118
v -0.823200 -18.371593 0.679118
v -0.274400 -18.371593 0.679118
v 0.274400 -18.371593 0.679118
v 0.823200 -18.371593 0.679118
v 1.372000 -18.371593 0.679118
v 1.920800 -18.371593 0.679118
v 2.469600 -18.371593 0.679118
v 3.018400 -18.371593 0.679118
v 3.567200 -18.371593 0.679118
v 4.116000 -18.371593 0.679118
v 4.664800 -18.371593 0.679118
v 5.213600 -18.371593 0.679118
v 5.762400 -18.371593 0.679118
v 6.311200 -18.371593 0.679118
v -6.311200 -18.361603 0.655000
v -5.762400 -18.361603 0.655000
v -5.213600 -18.361603 0.655000
v -4.664800 -18.361603 0.655000
v -4.116000 -18.361603 0.655000
v -3.567200 -18.361603 0.655000
v -3.018400 -18.361603 0.655000
v -2.469600 -18.361603 0.655000
v -1.920800 -18.361603 0.655000
v -1.372000 -18.361603 0.655000
v -0.823200 -18.361603 0.655000
v -0.274400 -18.361603 0.655000
v 0.274400 -18.361603 0.655000
v 0.823200 -18.361603 0.655000
v 1.372000 -18.361603 0.655000
v 1.920800 -18.361603 0.655000
v 2.469600 -18.361603 0.655000
v 3.018400 -18.361603 0.655000
v 3.567200 -18.361603 0.655000
v 4.116000 -18.361603 0.655000
v 4.664800 -18.361603 0.655000
v 5.213600 -18.361603 0.655000
v 5.762400 -18.361603 0.655000
v 6.311200 -18.361603 0.655000
v -6.311200 -18.345711 0.634289
v -5.762400 -18.345711 0.634289
v -5.213600 -18.345711 0.634289
v -4.664800 -18.345711 0.634289
v -4.116000 -18.345711 0.634289
v -3.567200 -18.345711 0.634289
v -3.018400 -18.345711 0.634289
v -2.469600 -18.345711 0.634289
v -1.920800 -18.345711 0.634289
v -1.372000 -18.345711 0.634289
v -0.823200 -18.345711 0.634289
v -0.274400 -18.345711 0.634289
v 0.274400 -18.345711 0.634289
v 0.823200 -18.345711 0.634289
v 1.372000 -18.345711 0.634289
v 1.920800 -18.345711 0.634289
v 2.469600 -18.345711 0.634289
v 3.018400 -18.345711 0.634289
v 3.567200 -18.345711 0.634289
v 4.116000 -18.345711 0.634289
v 4.664800 -18.345711 0.634289
v 5.213600 -18.345711 0.634289
v 5.762400 -18.345711 0.634289
v 6.311200 -18.345711 0.634289
v -6.311200 -18.325000 0.618397
v -5.762400 -18.325000 0.618397
v -5.213600 -18.325000 0.618397
v -4.664800 -18.325000 0.618397
v -4.116000 -18.325000 0.618397
v -3.567200 -18.325000 0.618397
v -3.018400 -18.325000 0.618397
v -2.469600 -18.325000 0.618397
v -1.920800 -18.325000 0.618397
v -1.372000 -18.325000 0.618397
v -0.823200 -18.325000 0.618397
v -0.274400 -18.325000 0.618397
v 0.274400 -18.325000 0.618397
v 0.823200 -18.325000 0.618397
v 1.372000 -18.325000 0.618397
v 1.920800 -18.325000 0.618397
v 2.469600 -18.325000 0.618397
v 3.018400 -18.325000 0.618397
v 3.567200 -18.325000 0.618397
v 4.116000 -18.325000 0.618397
v 4.664800 -18.325000 0.618397
v 5.213600 -18.325000 0.618397
v 5.762400 -18.325000 0.618397
v 6.311200 -18.325000 0.618397
v -6.311200 -18.300882 0.608407
v -5.762400 -18.300882 0.608407
v -5.213600 -18.300882 0.608407
v -4.664800 -18.300882 0.608407
v -4.116000 -18.300882 0.608407
v -3.567200 -18.300882 0.608407
v -3.018400 -18.300882 0.608407
v -2.469600 -18.300882 0.608407
v -1.920800 -18.300882 0.608407
v -1.372000 -18.300882 0.608407
v -0.823200 -18.300882 0.608407
v -0.274400 -18.300882 0.608407
v 0.274400 -18.300882 0.608407
v 0.823200 -18.300882 0.608407
v 1.372000 -18.300882 0.608407
v 1.920800 -18.300882 0.608407
v 2.469600 -18.300882 0.608407
v 3.018400 -18.300882 0.608407
v 3.567200 -18.300882 0.608407
v 4.116000 -18.300882 0.608407
v 4.664800 -18.300882 0.608407
v 5.213600 -18.300882 0.608407
v 5.762400 -18.300882 0.608407
v 6.311200 -18.300882 0.608407
v -7.050000 -18.375000 2.605000
v -7.050000 18.375000 2.605000
v 7.050000 -18.375000 2.605000
v 7.050000 18.375000 2.605000
vt -2.756200 -0.007356 0.000000
vt 0.918700 -0.007356 0.000000
vt -2.755851 -0.005517 0.000000
vt -1.548733 -0.004904 0.000000
vt -1.601232 -0.004904 0.000000
vt -1.601232 -0.002452 0.000000
vt -1.653730 -0.002452 0.000000
vt -1.653730 0.000000 0.000000
vt -1.706229 0.000000 0.000000
vt -1.706229 0.002452 0.000000
vt -1.758727 0.002452 0.000000
vt -1.758727 0.004904 0.000000
vt -1.811226 0.004904 0.000000
vt -2.746250 0.007356 0.000000
vt -1.863724 0.004904 0.000000
vt -1.916223 0.004904 0.000000
vt -1.863724 0.002452 0.000000
vt -1.916223 0.002452 0.000000
vt -1.863724 0.000000 0.000000
vt -1.916223 0.000000 0.000000
vt -1.863724 -0.002452 0.000000
vt -1.916223 -0.002452 0.000000
vt -1.863724 -0.004904 0.000000
vt -1.916223 -0.004904 0.000000
vt -1.968722 -0.004904 0.000000
vt -2.021220 -0.004904 0.000000
vt -2.021220 -0.002452 0.000000
vt -2.073719 -0.002452 0.000000
vt -2.073719 0.000000 0.000000
vt -2.126217 0.000000 0.000000
vt -2.126217 0.002452 0.000000
vt -2.178716 0.002452 0.000000
vt -2.178716 0.004904 0.000000
vt -2.231215 0.004904 0.000000
vt -2.283713 0.004904 0.000000
vt -2.336212 0.004904 0.000000
vt -2.283713 0.002452 0.000000
vt -2.336212 0.002452 0.000000
vt -2.283713 0.000000 0.000000
vt -2.336212 0.000000 0.000000
vt -2.283713 -0.002452 0.000000
vt -2.336212 -0.002452 0.000000
vt -2.283713 -0.004904 0.000000
vt -2.336212 -0.004904 0.000000
vt -2.388710 -0.004904 0.000000
vt -2.441209 -0.004904 0.000000
vt -2.441209 -0.002452 0.000000
vt -2.493707 -0.002452 0.000000
vt -2.493707 0.000000 0.000000
vt -2.546206 0.000000 0.000000
vt -2.546206 0.002452 0.000000
vt -2.598705 0.002452 0.000000
vt -2.598705 0.004904 0.000000
vt -2.651203 0.004904 0.000000
vt -2.703702 0.004904 0.000000
vt -2.748079 0.005517 0.000000
vt -2.749845 0.003678 0.000000
vt 0.918351 -0.005517 0.000000
vt 0.866202 -0.004904 0.000000
vt 0.813703 -0.004904 0.000000
vt 0.761205 -0.004904 0.000000
vt 0.761205 -0.002452 0.000000
vt 0.708706 -0.002452 0.000000
vt 0.708706 0.000000 0.000000
vt 0.656207 0.000000 0.000000
vt 0.656207 0.002452 0.000000
vt 0.603709 0.002452 0.000000
vt 0.603709 0.004904 0.000000
vt 0.551210 0.004904 0.000000
vt 0.910579 0.005517 0.000000
vt 0.498712 0.004904 0.000000
vt 0.446213 0.004904 0.000000
vt 0.498712 0.002452 0.000000
vt 0.446213 0.002452 0.000000
vt 0.498712 0.000000 0.000000
vt 0.446213 0.000000 0.000000
vt 0.498712 -0.002452 0.000000
vt 0.446213 -0.002452 0.000000
vt 0.498712 -0.004904 0.000000
vt 0.446213 -0.004904 0.000000
vt 0.393715 -0.004904 0.000000
vt 0.341216 -0.004904 0.000000
vt 0.341216 -0.002452 0.000000
vt 0.288717 -0.002452 0.000000
vt 0.288717 0.000000 0.000000
vt 0.236219 0.000000 0.000000
vt 0.236219 0.002452 0.000000
vt 0.183720 0.002452 0.000000
vt 0.183720 0.004904 0.000000
vt 0.131222 0.004904 0.000000
vt 0.078723 0.004904 0.000000
vt 0.026224 0.004904 0.000000
vt 0.078723 0.002452 0.000000
vt 0.026224 0.002452 0.000000
vt 0.078723 0.000000 0.000000
vt 0.026224 0.000000 0.000000
vt 0.078723 -0.002452 0.000000
vt 0.026224 -0.002452 0.000000
vt 0.078723 -0.004904 0.000000
vt 0.026224 -0.004904 0.000000
vt -0.026274 -0.004904 0.000000
vt -0.078773 -0.004904 0.000000
vt -0.078773 -0.002452 0.000000
vt -0.131271 -0.002452 0.000000
vt -0.131271 0.000000 0.000000
vt -0.183770 0.000000 0.000000
vt -0.183770 0.002452 0.000000
vt -0.236268 0.002452 0.000000
vt -0.236268 0.004904 0.000000
vt -0.288767 0.004904 0.000000
vt 0.908750 0.007356 0.000000
vt 0.917677 -0.003678 0.000000
vt 0.866202 -0.002452 0.000000
vt 0.813703 -0.002452 0.000000
vt 0.813703 0.000000 0.000000
vt 0.761205 0.000000 0.000000
vt 0.761205 0.002452 0.000000
vt 0.708706 0.002452 0.000000
vt 0.708706 0.004904 0.000000
vt 0.656207 0.004904 0.000000
vt 0.916703 -0.001839 0.000000
vt 0.866202 0.000000 0.000000
vt 0.813703 0.002452 0.000000
vt 0.761205 0.004904 0.000000
vt 0.915460 0.000000 0.000000
vt 0.913991 0.001839 0.000000
vt 0.866202 0.002452 0.000000
vt 0.912345 0.003678 0.000000
vt 0.866202 0.004904 0.000000
vt 0.813703 0.004904 0.000000
vt -2.703702 0.002452 0.000000
vt -2.751491 0.001839 0.000000
vt -2.703702 0.000000 0.000000
vt -2.752960 0.000000 0.000000
vt -2.754203 -0.001839 0.000000
vt -2.703702 -0.002452 0.000000
vt -2.755177 -0.003678 0.000000
vt -2.703702 -0.004904 0.000000
vt -2.651203 -0.004904 0.000000
vt -2.598705 -0.004904 0.000000
vt -2.651203 -0.002452 0.000000
vt -2.598705 -0.002452 0.000000
vt -2.651203 0.000000 0.000000
vt -2.598705 0.000000 0.000000
vt -2.651203 0.002452 0.000000
vt 0.708706 -0.004904 0.000000
vt 0.656207 -0.004904 0.000000
vt 0.603709 -0.004904 0.000000
vt 0.603709 -0.002452 0.000000
vt 0.551210 -0.002452 0.000000
vt 0.551210 0.000000 0.000000
vt 0.656207 -0.002452 0.000000
vt 0.551210 -0.004904 0.000000
vt 0.393715 -0.002452 0.000000
vt 0.393715 0.000000 0.000000
vt 0.393715 0.002452 0.000000
vt 0.393715 0.004904 0.000000
vt 0.288717 -0.004904 0.000000
vt 0.236219 -0.004904 0.000000
vt 0.183720 -0.004904 0.000000
vt 0.183720 -0.002452 0.000000
vt 0.131222 -0.002452 0.000000
vt 0.131222 0.000000 0.000000
vt 0.236219 -0.002452 0.000000
vt 0.131222 -0.004904 0.000000
vt -0.026274 -0.002452 0.000000
vt -0.026274 0.000000 0.000000
vt -0.026274 0.002452 0.000000
vt -0.026274 0.004904 0.000000
vt -0.131271 -0.004904 0.000000
vt -0.183770 -0.004904 0.000000
vt -0.236268 -0.004904 0.000000
vt -0.236268 -0.002452 0.000000
vt -0.288767 -0.002452 0.000000
vt -0.288767 0.000000 0.000000
vt -0.341266 0.000000 0.000000
vt -0.341266 0.002452 0.000000
vt -0.393764 0.002452 0.000000
vt -0.393764 0.004904 0.000000
vt -0.446263 0.004904 0.000000
vt -0.498761 0.004904 0.000000
vt -0.551260 0.004904 0.000000
vt -0.498761 0.002452 0.000000
vt -0.551260 0.002452 0.000000
vt -0.498761 0.000000 0.000000
vt -0.551260 0.000000 0.000000
vt -0.498761 -0.002452 0.000000
vt -0.551260 -0.002452 0.000000
vt -0.498761 -0.004904 0.000000
vt -0.551260 -0.004904 0.000000
vt -0.603759 -0.004904 0.000000
vt -0.656257 -0.004904 0.000000
vt -0.656257 -0.002452 0.000000
vt -0.708756 -0.002452 0.000000
vt -0.708756 0.000000 0.000000
vt -0.761254 0.000000 0.000000
vt -0.761254 0.002452 0.000000
vt -0.813753 0.002452 0.000000
vt -0.813753 0.004904 0.000000
vt -0.866251 0.004904 0.000000
vt -0.918750 0.004904 0.000000
vt -0.971249 0.004904 0.000000
vt -0.918750 0.002452 0.000000
vt -0.971249 0.002452 0.000000
vt -0.918750 0.000000 0.000000
vt -0.971249 0.000000 0.000000
vt -0.918750 -0.002452 0.000000
vt -0.971249 -0.002452 0.000000
vt -0.918750 -0.004904 0.000000
vt -0.971249 -0.004904 0.000000
vt -1.023747 -0.004904 0.000000
vt -1.076246 -0.004904 0.000000
vt -1.076246 -0.002452 0.000000
vt -1.128744 -0.002452 0.000000
vt -1.128744 0.000000 0.000000
vt -1.181243 0.000000 0.000000
vt -1.181243 0.002452 0.000000
vt -1.233741 0.002452 0.000000
vt -1.233741 0.004904 0.000000
vt -1.286240 0.004904 0.000000
vt -1.338739 0.004904 0.000000
vt -1.391237 0.004904 0.000000
vt -1.338739 0.002452 0.000000
vt -1.391237 0.002452 0.000000
vt -1.338739 0.000000 0.000000
vt -1.391237 0.000000 0.000000
vt -1.338739 -0.002452 0.000000
vt -1.391237 -0.002452 0.000000
vt -1.338739 -0.004904 0.000000
vt -1.391237 -0.004904 0.000000
vt -1.443736 -0.004904 0.000000
vt -1.496234 -0.004904 0.000000
vt -1.496234 -0.002452 0.000000
vt -1.548733 -0.002452 0.000000
vt -1.548733 0.000000 0.000000
vt -1.601232 0.000000 0.000000
vt -1.601232 0.002452 0.000000
vt -1.653730 0.002452 0.000000
vt -1.653730 0.004904 0.000000
vt -1.706229 0.004904 0.000000
vt -0.183770 -0.002452 0.000000
vt -0.288767 -0.004904 0.000000
vt -0.341266 -0.004904 0.000000
vt -0.393764 -0.004904 0.000000
vt -0.393764 -0.002452 0.000000
vt -0.446263 -0.002452 0.000000
vt -0.446263 0.000000 0.000000
vt -0.341266 -0.002452 0.000000
vt -0.446263 -0.004904 0.000000
vt -0.603759 -0.002452 0.000000
vt -0.603759 0.000000 0.000000
vt -0.603759 0.002452 0.000000
vt -0.603759 0.004904 0.000000
vt -0.708756 -0.004904 0.000000
vt -0.761254 -0.004904 0.000000
vt -0.813753 -0.004904 0.000000
vt -0.813753 -0.002452 0.000000
vt -0.866251 -0.002452 0.000000
vt -0.866251 0.000000 0.000000
vt -0.761254 -0.002452 0.000000
vt -0.866251 -0.004904 0.000000
vt -1.023747 -0.002452 0.000000
vt -1.023747 0.000000 0.000000
vt -1.023747 0.002452 0.000000
vt -1.023747 0.004904 0.000000
vt -1.128744 -0.004904 0.000000
vt -1.181243 -0.004904 0.000000
vt -1.233741 -0.004904 0.000000
vt -1.233741 -0.002452 0.000000
vt -1.286240 -0.002452 0.000000
vt -1.286240 0.000000 0.000000
vt -1.181243 -0.002452 0.000000
vt -1.286240 -0.004904 0.000000
vt -1.443736 -0.002452 0.000000
vt -1.443736 0.000000 0.000000
vt -1.443736 0.002452 0.000000
vt -1.443736 0.004904 0.000000
vt -1.653730 -0.004904 0.000000
vt -1.706229 -0.004904 0.000000
vt -1.758727 -0.004904 0.000000
vt -1.758727 -0.002452 0.000000
vt -1.811226 -0.002452 0.000000
vt -1.811226 0.000000 0.000000
vt -1.706229 -0.002452 0.000000
vt -1.811226 -0.004904 0.000000
vt -1.968722 -0.002452 0.000000
vt -1.968722 0.000000 0.000000
vt -1.968722 0.002452 0.000000
vt -1.968722 0.004904 0.000000
vt -2.073719 -0.004904 0.000000
vt -2.126217 -0.004904 0.000000
vt -2.178716 -0.004904 0.000000
vt -2.178716 -0.002452 0.000000
vt -2.231215 -0.002452 0.000000
vt -2.231215 0.000000 0.000000
vt -2.126217 -0.002452 0.000000
vt -2.231215 -0.004904 0.000000
vt -2.388710 -0.002452 0.000000
vt -2.388710 0.000000 0.000000
vt -2.388710 0.002452 0.000000
vt -2.388710 0.004904 0.000000
vt -2.493707 -0.004904 0.000000
vt -2.546206 -0.004904 0.000000
vt -2.546206 -0.002452 0.000000
vt 0.603709 0.000000 0.000000
vt 0.341216 0.000000 0.000000
vt 0.288717 0.002452 0.000000
vt 0.236219 0.004904 0.000000
vt 0.183720 0.000000 0.000000
vt -0.078773 0.000000 0.000000
vt -0.131271 0.002452 0.000000
vt -0.183770 0.004904 0.000000
vt -0.236268 0.000000 0.000000
vt -0.393764 0.000000 0.000000
vt -0.656257 0.000000 0.000000
vt -0.708756 0.002452 0.000000
vt -0.761254 0.004904 0.000000
vt -0.813753 0.000000 0.000000
vt -1.076246 0.000000 0.000000
vt -1.128744 0.002452 0.000000
vt -1.181243 0.004904 0.000000
vt -1.233741 0.000000 0.000000
vt -1.496234 0.000000 0.000000
vt -1.548733 0.002452 0.000000
vt -1.601232 0.004904 0.000000
vt -1.758727 0.000000 0.000000
vt -2.021220 0.000000 0.000000
vt -2.073719 0.002452 0.000000
vt -2.126217 0.004904 0.000000
vt -2.178716 0.000000 0.000000
vt -2.441209 0.000000 0.000000
vt -2.493707 0.002452 0.000000
vt -2.546206 0.004904 0.000000
vt 0.551210 0.002452 0.000000
vt 0.341216 0.002452 0.000000
vt 0.341216 0.004904 0.000000
vt 0.131222 0.002452 0.000000
vt -0.078773 0.002452 0.000000
vt -0.078773 0.004904 0.000000
vt -0.288767 0.002452 0.000000
vt -0.446263 0.002452 0.000000
vt -0.656257 0.002452 0.000000
vt -0.656257 0.004904 0.000000
vt -0.866251 0.002452 0.000000
vt -1.076246 0.002452 0.000000
vt -1.076246 0.004904 0.000000
vt -1.286240 0.002452 0.000000
vt -1.496234 0.002452 0.000000
vt -1.496234 0.004904 0.000000
vt -1.811226 0.002452 0.000000
vt -2.021220 0.002452 0.000000
vt -2.021220 0.004904 0.000000
vt -2.231215 0.002452 0.000000
vt -2.441209 0.002452 0.000000
vt -2.441209 0.004904 0.000000
vt 0.288717 0.004904 0.000000
vt -0.131271 0.004904 0.000000
vt -0.341266 0.004904 0.000000
vt -0.708756 0.004904 0.000000
vt -1.128744 0.004904 0.000000
vt -1.548733 0.004904 0.000000
vt -2.073719 0.004904 0.000000
vt -2.493707 0.004904 0.000000
vt 0.343500 -0.007854 0.000000
vt 0.343467 -0.007522 0.000000
vt -1.028500 -0.007854 0.000000
vt -1.028467 -0.007522 0.000000
vt 0.343434 -0.007190 0.000000
vt -1.028434 -0.007190 0.000000
vt -1.028400 -0.006857 0.000000
vt -0.369940 -0.005236 0.000000
vt -0.424820 -0.005236 0.000000
vt -0.424820 -0.002618 0.000000
vt -0.479700 -0.002618 0.000000
vt -0.479700 -0.000000 0.000000
vt -0.534580 -0.000000 0.000000
vt -0.534580 0.002618 0.000000
vt -0.589460 0.002618 0.000000
vt -0.589460 0.005236 0.000000
vt -0.644340 0.005236 0.000000
vt -1.018450 0.007854 0.000000
vt -0.699220 0.005236 0.000000
vt -0.754100 0.005236 0.000000
vt -0.699220 0.002618 0.000000
vt -0.754100 0.002618 0.000000
vt -0.699220 -0.000000 0.000000
vt -0.754100 -0.000000 0.000000
vt -0.699220 -0.002618 0.000000
vt -0.754100 -0.002618 0.000000
vt -0.699220 -0.005236 0.000000
vt -0.754100 -0.005236 0.000000
vt -0.808980 -0.005236 0.000000
vt -0.863860 -0.005236 0.000000
vt -0.863860 -0.002618 0.000000
vt -0.918740 -0.002618 0.000000
vt -0.918740 -0.000000 0.000000
vt -0.973620 -0.000000 0.000000
vt -0.973620 0.002618 0.000000
vt -1.025160 0.000498 0.000000
vt -1.023691 0.002337 0.000000
vt -1.022046 0.004176 0.000000
vt -0.973620 0.005236 0.000000
vt -1.020279 0.006015 0.000000
vt -0.918740 0.005236 0.000000
vt -0.863860 0.005236 0.000000
vt -0.863860 0.002618 0.000000
vt -0.808980 0.002618 0.000000
vt -0.808980 -0.000000 0.000000
vt 0.343400 -0.006857 0.000000
vt 0.288620 -0.005236 0.000000
vt 0.233740 -0.005236 0.000000
vt 0.178860 -0.005236 0.000000
vt 0.178860 -0.002618 0.000000
vt 0.123980 -0.002618 0.000000
vt 0.123980 -0.000000 0.000000
vt 0.069100 -0.000000 0.000000
vt 0.069100 0.002618 0.000000
vt 0.014220 0.002618 0.000000
vt 0.014220 0.005236 0.000000
vt -0.040660 0.005236 0.000000
vt 0.335279 0.006015 0.000000
vt -0.095540 0.005236 0.000000
vt -0.150420 0.005236 0.000000
vt -0.095540 0.002618 0.000000
vt -0.150420 0.002618 0.000000
vt -0.095540 -0.000000 0.000000
vt -0.150420 -0.000000 0.000000
vt -0.095540 -0.002618 0.000000
vt -0.150420 -0.002618 0.000000
vt -0.095540 -0.005236 0.000000
vt -0.150420 -0.005236 0.000000
vt -0.205300 -0.005236 0.000000
vt -0.260180 -0.005236 0.000000
vt -0.260180 -0.002618 0.000000
vt -0.315060 -0.002618 0.000000
vt -0.315060 -0.000000 0.000000
vt -0.369940 -0.000000 0.000000
vt -0.369940 0.002618 0.000000
vt -0.424820 0.002618 0.000000
vt -0.424820 0.005236 0.000000
vt -0.479700 0.005236 0.000000
vt -0.534580 0.005236 0.000000
vt 0.343051 -0.005018 0.000000
vt 0.342377 -0.003179 0.000000
vt 0.288620 -0.002618 0.000000
vt 0.341403 -0.001341 0.000000
vt 0.288620 -0.000000 0.000000
vt 0.340160 0.000498 0.000000
vt 0.288620 0.002618 0.000000
vt 0.338691 0.002337 0.000000
vt 0.337046 0.004176 0.000000
vt 0.288620 0.005236 0.000000
vt 0.233740 0.005236 0.000000
vt 0.178860 0.005236 0.000000
vt 0.233740 0.002618 0.000000
vt 0.178860 0.002618 0.000000
vt 0.233740 -0.000000 0.000000
vt 0.178860 -0.000000 0.000000
vt 0.233740 -0.002618 0.000000
vt 0.333450 0.007854 0.000000
vt -1.026403 -0.001341 0.000000
vt -0.973620 -0.002618 0.000000
vt -0.918740 -0.005236 0.000000
vt -1.027377 -0.003179 0.000000
vt -0.973620 -0.005236 0.000000
vt -1.028051 -0.005018 0.000000
vt 0.123980 -0.005236 0.000000
vt 0.069100 -0.005236 0.000000
vt 0.014220 -0.005236 0.000000
vt 0.014220 -0.002618 0.000000
vt -0.040660 -0.002618 0.000000
vt -0.040660 -0.000000 0.000000
vt 0.069100 -0.002618 0.000000
vt -0.040660 -0.005236 0.000000
vt -0.205300 -0.002618 0.000000
vt -0.205300 -0.000000 0.000000
vt -0.205300 0.002618 0.000000
vt -0.205300 0.005236 0.000000
vt -0.315060 -0.005236 0.000000
vt -0.369940 -0.002618 0.000000
vt -0.479700 -0.005236 0.000000
vt -0.534580 -0.005236 0.000000
vt -0.589460 -0.005236 0.000000
vt -0.589460 -0.002618 0.000000
vt -0.644340 -0.002618 0.000000
vt -0.644340 -0.000000 0.000000
vt -0.534580 -0.002618 0.000000
vt -0.644340 -0.005236 0.000000
vt -0.808980 -0.002618 0.000000
vt 0.014220 -0.000000 0.000000
vt -0.260180 -0.000000 0.000000
vt -0.315060 0.002618 0.000000
vt -0.369940 0.005236 0.000000
vt -0.424820 -0.000000 0.000000
vt -0.479700 0.002618 0.000000
vt -0.589460 -0.000000 0.000000
vt -0.863860 -0.000000 0.000000
vt -0.918740 0.002618 0.000000
vt 0.123980 0.002618 0.000000
vt 0.123980 0.005236 0.000000
vt -0.040660 0.002618 0.000000
vt -0.260180 0.002618 0.000000
vt -0.260180 0.005236 0.000000
vt -0.644340 0.002618 0.000000
vt 0.069100 0.005236 0.000000
vt -0.315060 0.005236 0.000000
vt -0.808980 0.005236 0.000000
vt 0.908750 0.007356 0.000000
vt -2.746250 0.007356 0.000000
vt 0.910579 0.005517 0.000000
vt -0.288767 0.004904 0.000000
vt -0.236268 0.004904 0.000000
vt -0.236268 0.002452 0.000000
vt -0.183770 0.002452 0.000000
vt -0.183770 -0.000000 0.000000
vt -0.131271 -0.000000 0.000000
vt -0.131271 -0.002452 0.000000
vt -0.078773 -0.002452 0.000000
vt -0.078773 -0.004904 0.000000
vt -0.026274 -0.004904 0.000000
vt 0.918700 -0.007356 0.000000
vt 0.026224 -0.004904 0.000000
vt 0.078723 -0.004904 0.000000
vt 0.026224 -0.002452 0.000000
vt 0.078723 -0.002452 0.000000
vt 0.026224 -0.000000 0.000000
vt 0.078723 -0.000000 0.000000
vt 0.026224 0.002452 0.000000
vt 0.078723 0.002452 0.000000
vt 0.026224 0.004904 0.000000
vt 0.078723 0.004904 0.000000
vt 0.131222 0.004904 0.000000
vt 0.183720 0.004904 0.000000
vt 0.183720 0.002452 0.000000
vt 0.236219 0.002452 0.000000
vt 0.236219 -0.000000 0.000000
vt 0.288717 -0.000000 0.000000
vt 0.288717 -0.002452 0.000000
vt 0.341216 -0.002452 0.000000
vt 0.341216 -0.004904 0.000000
vt 0.393715 -0.004904 0.000000
vt 0.446213 -0.004904 0.000000
vt 0.498712 -0.004904 0.000000
vt 0.446213 -0.002452 0.000000
vt 0.498712 -0.002452 0.000000
vt 0.446213 -0.000000 0.000000
vt 0.498712 -0.000000 0.000000
vt 0.446213 0.002452 0.000000
vt 0.498712 0.002452 0.000000
vt 0.446213 0.004904 0.000000
vt 0.498712 0.004904 0.000000
vt 0.551210 0.004904 0.000000
vt 0.603709 0.004904 0.000000
vt 0.603709 0.002452 0.000000
vt 0.656207 0.002452 0.000000
vt 0.656207 -0.000000 0.000000
vt 0.708706 -0.000000 0.000000
vt 0.708706 -0.002452 0.000000
vt 0.761205 -0.002452 0.000000
vt 0.761205 -0.004904 0.000000
vt 0.813703 -0.004904 0.000000
vt 0.866202 -0.004904 0.000000
vt 0.918351 -0.005517 0.000000
vt 0.917677 -0.003678 0.000000
vt -2.748079 0.005517 0.000000
vt -2.703702 0.004904 0.000000
vt -2.651203 0.004904 0.000000
vt -2.598705 0.004904 0.000000
vt -2.598705 0.002452 0.000000
vt -2.546206 0.002452 0.000000
vt -2.546206 -0.000000 0.000000
vt -2.493707 -0.000000 0.000000
vt -2.493707 -0.002452 0.000000
vt -2.441209 -0.002452 0.000000
vt -2.441209 -0.004904 0.000000
vt -2.388710 -0.004904 0.000000
vt -2.755851 -0.005517 0.000000
vt -2.336212 -0.004904 0.000000
vt -2.283713 -0.004904 0.000000
vt -2.336212 -0.002452 0.000000
vt -2.283713 -0.002452 0.000000
vt -2.336212 -0.000000 0.000000
vt -2.283713 -0.000000 0.000000
vt -2.336212 0.002452 0.000000
vt -2.283713 0.002452 0.000000
vt -2.336212 0.004904 0.000000
vt -2.283713 0.004904 0.000000
vt -2.231215 0.004904 0.000000
vt -2.178716 0.004904 0.000000
vt -2.178716 0.002452 0.000000
vt -2.126217 0.002452 0.000000
vt -2.126217 -0.000000 0.000000
vt -2.073719 -0.000000 0.000000
vt -2.073719 -0.002452 0.000000
vt -2.021220 -0.002452 0.000000
vt -2.021220 -0.004904 0.000000
vt -1.968722 -0.004904 0.000000
vt -1.916223 -0.004904 0.000000
vt -1.863724 -0.004904 0.000000
vt -1.916223 -0.002452 0.000000
vt -1.863724 -0.002452 0.000000
vt -1.916223 -0.000000 0.000000
vt -1.863724 -0.000000 0.000000
vt -1.916223 0.002452 0.000000
vt -1.863724 0.002452 0.000000
vt -1.916223 0.004904 0.000000
vt -1.863724 0.004904 0.000000
vt -1.811226 0.004904 0.000000
vt -1.758727 0.004904 0.000000
vt -1.758727 0.002452 0.000000
vt -1.706229 0.002452 0.000000
vt -1.706229 -0.000000 0.000000
vt -1.653730 -0.000000 0.000000
vt -1.653730 -0.002452 0.000000
vt -1.601232 -0.002452 0.000000
vt -1.601232 -0.004904 0.000000
vt -1.548733 -0.004904 0.000000
vt -2.756200 -0.007356 0.000000
vt -2.749845 0.003678 0.000000
vt -2.703702 0.002452 0.000000
vt -2.651203 0.002452 0.000000
vt -2.651203 -0.000000 0.000000
vt -2.598705 -0.000000 0.000000
vt -2.598705 -0.002452 0.000000
vt -2.546206 -0.002452 0.000000
vt -2.546206 -0.004904 0.000000
vt -2.493707 -0.004904 0.000000
vt -2.751491 0.001839 0.000000
vt -2.703702 -0.000000 0.000000
vt -2.651203 -0.002452 0.000000
vt -2.598705 -0.004904 0.000000
vt -2.752960 -0.000000 0.000000
vt -2.754203 -0.001839 0.000000
vt -2.703702 -0.002452 0.000000
vt -2.755177 -0.003678 0.000000
vt -2.703702 -0.004904 0.000000
vt -2.651203 -0.004904 0.000000
vt 0.866202 -0.002452 0.000000
vt 0.916703 -0.001839 0.000000
vt 0.866202 -0.000000 0.000000
vt 0.915460 -0.000000 0.000000
vt 0.913991 0.001839 0.000000
vt 0.866202 0.002452 0.000000
vt 0.912345 0.003678 0.000000
vt 0.866202 0.004904 0.000000
vt 0.813703 0.004904 0.000000
vt 0.761205 0.004904 0.000000
vt 0.813703 0.002452 0.000000
vt 0.761205 0.002452 0.000000
vt 0.813703 -0.000000 0.000000
vt 0.761205 -0.000000 0.000000
vt 0.813703 -0.002452 0.000000
vt -2.546206 0.004904 0.000000
vt -2.493707 0.004904 0.000000
vt -2.441209 0.004904 0.000000
vt -2.441209 0.002452 0.000000
vt -2.388710 0.002452 0.000000
vt -2.388710 -0.000000 0.000000
vt -2.493707 0.002452 0.000000
vt -2.388710 0.004904 0.000000
vt -2.231215 0.002452 0.000000
vt -2.231215 -0.000000 0.000000
vt -2.231215 -0.002452 0.000000
vt -2.231215 -0.004904 0.000000
vt -2.126217 0.004904 0.000000
vt -2.073719 0.004904 0.000000
vt -2.021220 0.004904 0.000000
vt -2.021220 0.002452 0.000000
vt -1.968722 0.002452 0.000000
vt -1.968722 -0.000000 0.000000
vt -2.073719 0.002452 0.000000
vt -1.968722 0.004904 0.000000
vt -1.811226 0.002452 0.000000
vt -1.811226 -0.000000 0.000000
vt -1.811226 -0.002452 0.000000
vt -1.811226 -0.004904 0.000000
vt -1.706229 0.004904 0.000000
vt -1.653730 0.004904 0.000000
vt -1.601232 0.004904 0.000000
vt -1.601232 0.002452 0.000000
vt -1.548733 0.002452 0.000000
vt -1.548733 -0.000000 0.000000
vt -1.496234 -0.000000 0.000000
vt -1.496234 -0.002452 0.000000
vt -1.443736 -0.002452 0.000000
vt -1.443736 -0.004904 0.000000
vt -1.391237 -0.004904 0.000000
vt -1.338739 -0.004904 0.000000
vt -1.286240 -0.004904 0.000000
vt -1.338739 -0.002452 0.000000
vt -1.286240 -0.002452 0.000000
vt -1.338739 -0.000000 0.000000
vt -1.286240 -0.000000 0.000000
vt -1.338739 0.002452 0.000000
vt -1.286240 0.002452 0.000000
vt -1.338739 0.004904 0.000000
vt -1.286240 0.004904 0.000000
vt -1.233741 0.004904 0.000000
vt -1.181243 0.004904 0.000000
vt -1.181243 0.002452 0.000000
vt -1.128744 0.002452 0.000000
vt -1.128744 -0.000000 0.000000
vt -1.076246 -0.000000 0.000000
vt -1.076246 -0.002452 0.000000
vt -1.023747 -0.002452 0.000000
vt -1.023747 -0.004904 0.000000
vt -0.971249 -0.004904 0.000000
vt -0.918750 -0.004904 0.000000
vt -0.866251 -0.004904 0.000000
vt -0.918750 -0.002452 0.000000
vt -0.866251 -0.002452 0.000000
vt -0.918750 -0.000000 0.000000
vt -0.866251 -0.000000 0.000000
vt -0.918750 0.002452 0.000000
vt -0.866251 0.002452 0.000000
vt -0.918750 0.004904 0.000000
vt -0.866251 0.004904 0.000000
vt -0.813753 0.004904 0.000000
vt -0.761254 0.004904 0.000000
vt -0.761254 0.002452 0.000000
vt -0.708756 0.002452 0.000000
vt -0.708756 -0.000000 0.000000
vt -0.656257 -0.000000 0.000000
vt -0.656257 -0.002452 0.000000
vt -0.603759 -0.002452 0.000000
vt -0.603759 -0.004904 0.000000
vt -0.551260 -0.004904 0.000000
vt -0.498761 -0.004904 0.000000
vt -0.446263 -0.004904 0.000000
vt -0.498761 -0.002452 0.000000
vt -0.446263 -0.002452 0.000000
vt -0.498761 -0.000000 0.000000
vt -0.446263 -0.000000 0.000000
vt -0.498761 0.002452 0.000000
vt -0.446263 0.002452 0.000000
vt -0.498761 0.004904 0.000000
vt -0.446263 0.004904 0.000000
vt -0.393764 0.004904 0.000000
vt -0.341266 0.004904 0.000000
vt -0.341266 0.002452 0.000000
vt -0.288767 0.002452 0.000000
vt -0.288767 -0.000000 0.000000
vt -0.236268 -0.000000 0.000000
vt -0.236268 -0.002452 0.000000
vt -0.183770 -0.002452 0.000000
vt -0.183770 -0.004904 0.000000
vt -0.131271 -0.004904 0.000000
vt -1.653730 0.002452 0.000000
vt -1.548733 0.004904 0.000000
vt -1.496234 0.004904 0.000000
vt -1.443736 0.004904 0.000000
vt -1.443736 0.002452 0.000000
vt -1.391237 0.002452 0.000000
vt -1.391237 -0.000000 0.000000
vt -1.496234 0.002452 0.000000
vt -1.391237 0.004904 0.000000
vt -1.233741 0.002452 0.000000
vt -1.233741 -0.000000 0.000000
vt -1.233741 -0.002452 0.000000
vt -1.233741 -0.004904 0.000000
vt -1.128744 0.004904 0.000000
vt -1.076246 0.004904 0.000000
vt -1.023747 0.004904 0.000000
vt -1.023747 0.002452 0.000000
vt -0.971249 0.002452 0.000000
vt -0.971249 -0.000000 0.000000
vt -1.076246 0.002452 0.000000
vt -0.971249 0.004904 0.000000
vt -0.813753 0.002452 0.000000
vt -0.813753 -0.000000 0.000000
vt -0.813753 -0.002452 0.000000
vt -0.813753 -0.004904 0.000000
vt -0.708756 0.004904 0.000000
vt -0.656257 0.004904 0.000000
vt -0.603759 0.004904 0.000000
vt -0.603759 0.002452 0.000000
vt -0.551260 0.002452 0.000000
vt -0.551260 -0.000000 0.000000
vt -0.656257 0.002452 0.000000
vt -0.551260 0.004904 0.000000
vt -0.393764 0.002452 0.000000
vt -0.393764 -0.000000 0.000000
vt -0.393764 -0.002452 0.000000
vt -0.393764 -0.004904 0.000000
vt -0.183770 0.004904 0.000000
vt -0.131271 0.004904 0.000000
vt -0.078773 0.004904 0.000000
vt -0.078773 0.002452 0.000000
vt -0.026274 0.002452 0.000000
vt -0.026274 -0.000000 0.000000
vt -0.131271 0.002452 0.000000
vt -0.026274 0.004904 0.000000
vt 0.131222 0.002452 0.000000
vt 0.131222 -0.000000 0.000000
vt 0.131222 -0.002452 0.000000
vt 0.131222 -0.004904 0.000000
vt 0.236219 0.004904 0.000000
vt 0.288717 0.004904 0.000000
vt 0.341216 0.004904 0.000000
vt 0.341216 0.002452 0.000000
vt 0.393715 0.002452 0.000000
vt 0.393715 -0.000000 0.000000
vt 0.288717 0.002452 0.000000
vt 0.393715 0.004904 0.000000
vt 0.551210 0.002452 0.000000
vt 0.551210 -0.000000 0.000000
vt 0.551210 -0.002452 0.000000
vt 0.551210 -0.004904 0.000000
vt 0.656207 0.004904 0.000000
vt 0.708706 0.004904 0.000000
vt 0.708706 0.002452 0.000000
vt -2.441209 -0.000000 0.000000
vt -2.178716 -0.000000 0.000000
vt -2.126217 -0.002452 0.000000
vt -2.073719 -0.004904 0.000000
vt -2.021220 -0.000000 0.000000
vt -1.758727 -0.000000 0.000000
vt -1.706229 -0.002452 0.000000
vt -1.653730 -0.004904 0.000000
vt -1.601232 -0.000000 0.000000
vt -1.443736 -0.000000 0.000000
vt -1.181243 -0.000000 0.000000
vt -1.128744 -0.002452 0.000000
vt -1.076246 -0.004904 0.000000
vt -1.023747 -0.000000 0.000000
vt -0.761254 -0.000000 0.000000
vt -0.708756 -0.002452 0.000000
vt -0.656257 -0.004904 0.000000
vt -0.603759 -0.000000 0.000000
vt -0.341266 -0.000000 0.000000
vt -0.288767 -0.002452 0.000000
vt -0.236268 -0.004904 0.000000
vt -0.078773 -0.000000 0.000000
vt 0.183720 -0.000000 0.000000
vt 0.236219 -0.002452 0.000000
vt 0.288717 -0.004904 0.000000
vt 0.341216 -0.000000 0.000000
vt 0.603709 -0.000000 0.000000
vt 0.656207 -0.002452 0.000000
vt 0.708706 -0.004904 0.000000
vt -2.388710 -0.002452 0.000000
vt -2.178716 -0.002452 0.000000
vt -2.178716 -0.004904 0.000000
vt -1.968722 -0.002452 0.000000
vt -1.758727 -0.002452 0.000000
vt -1.758727 -0.004904 0.000000
vt -1.548733 -0.002452 0.000000
vt -1.391237 -0.002452 0.000000
vt -1.181243 -0.002452 0.000000
vt -1.181243 -0.004904 0.000000
vt -0.971249 -0.002452 0.000000
vt -0.761254 -0.002452 0.000000
vt -0.761254 -0.004904 0.000000
vt -0.551260 -0.002452 0.000000
vt -0.341266 -0.002452 0.000000
vt -0.341266 -0.004904 0.000000
vt -0.026274 -0.002452 0.000000
vt 0.183720 -0.002452 0.000000
vt 0.183720 -0.004904 0.000000
vt 0.393715 -0.002452 0.000000
vt 0.603709 -0.002452 0.000000
vt 0.603709 -0.004904 0.000000
vt -2.126217 -0.004904 0.000000
vt -1.706229 -0.004904 0.000000
vt -1.496234 -0.004904 0.000000
vt -1.128744 -0.004904 0.000000
vt -0.708756 -0.004904 0.000000
vt -0.288767 -0.004904 0.000000
vt 0.236219 -0.004904 0.000000
vt 0.656207 -0.004904 0.000000
vt 0.343500 -0.007854 0.000000
vt 0.343467 -0.007522 0.000000
vt -1.028500 -0.007854 0.000000
vt -1.028467 -0.007522 0.000000
vt 0.343434 -0.007190 0.000000
vt -1.028434 -0.007190 0.000000
vt -1.028400 -0.006857 0.000000
vt -0.369940 -0.005236 0.000000
vt -0.424820 -0.005236 0.000000
vt -0.424820 -0.002618 0.000000
vt -0.479700 -0.002618 0.000000
vt -0.479700 0.000000 0.000000
vt -0.534580 0.000000 0.000000
vt -0.534580 0.002618 0.000000
vt -0.589460 0.002618 0.000000
vt -0.589460 0.005236 0.000000
vt -0.644340 0.005236 0.000000
vt -1.018450 0.007854 0.000000
vt -0.699220 0.005236 0.000000
vt -0.754100 0.005236 0.000000
vt -0.699220 0.002618 0.000000
vt -0.754100 0.002618 0.000000
vt -0.699220 0.000000 0.000000
vt -0.754100 0.000000 0.000000
vt -0.699220 -0.002618 0.000000
vt -0.754100 -0.002618 0.000000
vt -0.699220 -0.005236 0.000000
vt -0.754100 -0.005236 0.000000
vt -0.808980 -0.005236 0.000000
vt -0.863860 -0.005236 0.000000
vt -0.863860 -0.002618 0.000000
vt -0.918740 -0.002618 0.000000
vt -0.918740 0.000000 0.000000
vt -0.973620 0.000000 0.000000
vt -0.973620 0.002618 0.000000
vt -1.025160 0.000498 0.000000
vt -1.023691 0.002337 0.000000
vt -1.022046 0.004176 0.000000
vt -0.973620 0.005236 0.000000
vt -1.020279 0.006015 0.000000
vt -0.918740 0.005236 0.000000
vt -0.863860 0.005236 0.000000
vt -0.863860 0.002618 0.000000
vt -0.808980 0.002618 0.000000
vt -0.808980 0.000000 0.000000
vt 0.343400 -0.006857 0.000000
vt 0.288620 -0.005236 0.000000
vt 0.233740 -0.005236 0.000000
vt 0.178860 -0.005236 0.000000
vt 0.178860 -0.002618 0.000000
vt 0.123980 -0.002618 0.000000
vt 0.123980 0.000000 0.000000
vt 0.069100 0.000000 0.000000
vt 0.069100 0.002618 0.000000
vt 0.014220 0.002618 0.000000
vt 0.014220 0.005236 0.000000
vt -0.040660 0.005236 0.000000
vt 0.335279 0.006015 0.000000
vt -0.095540 0.005236 0.000000
vt -0.150420 0.005236 0.000000
vt -0.095540 0.002618 0.000000
vt -0.150420 0.002618 0.000000
vt -0.095540 0.000000 0.000000
vt -0.150420 0.000000 0.000000
vt -0.095540 -0.002618 0.000000
vt -0.150420 -0.002618 0.000000
vt -0.095540 -0.005236 0.000000
vt -0.150420 -0.005236 0.000000
vt -0.205300 -0.005236 0.000000
vt -0.260180 -0.005236 0.000000
vt -0.260180 -0.002618 0.000000
vt -0.315060 -0.002618 0.000000
vt -0.315060 0.000000 0.000000
vt -0.369940 0.000000 0.000000
vt -0.369940 0.002618 0.000000
vt -0.424820 0.002618 0.000000
vt -0.424820 0.005236 0.000000
vt -0.479700 0.005236 0.000000
vt -0.534580 0.005236 0.000000
vt 0.343051 -0.005018 0.000000
vt 0.342377 -0.003179 0.000000
vt 0.288620 -0.002618 0.000000
vt 0.341403 -0.001341 0.000000
vt 0.288620 0.000000 0.000000
vt 0.340160 0.000498 0.000000
vt 0.288620 0.002618 0.000000
vt 0.338691 0.002337 0.000000
vt 0.337046 0.004176 0.000000
vt 0.288620 0.005236 0.000000
vt 0.233740 0.005236 0.000000
vt 0.178860 0.005236 0.000000
vt 0.233740 0.002618 0.000000
vt 0.178860 0.002618 0.000000
vt 0.233740 0.000000 0.000000
vt 0.178860 0.000000 0.000000
vt 0.233740 -0.002618 0.000000
vt 0.333450 0.007854 0.000000
vt -1.026403 -0.001341 0.000000
vt -0.973620 -0.002618 0.000000
vt -0.918740 -0.005236 0.000000
vt -1.027377 -0.003179 0.000000
vt -0.973620 -0.005236 0.000000
vt -1.028051 -0.005018 0.000000
vt 0.123980 -0.005236 0.000000
vt 0.069100 -0.005236 0.000000
vt 0.014220 -0.005236 0.000000
vt 0.014220 -0.002618 0.000000
vt -0.040660 -0.002618 0.000000
vt -0.040660 0.000000 0.000000
vt 0.069100 -0.002618 0.000000
vt -0.040660 -0.005236 0.000000
vt -0.205300 -0.002618 0.000000
vt -0.205300 0.000000 0.000000
vt -0.205300 0.002618 0.000000
vt -0.205300 0.005236 0.000000
vt -0.315060 -0.005236 0.000000
vt -0.369940 -0.002618 0.000000
vt -0.479700 -0.005236 0.000000
vt -0.534580 -0.005236 0.000000
vt -0.589460 -0.005236 0.000000
vt -0.589460 -0.002618 0.000000
vt -0.644340 -0.002618 0.000000
vt -0.644340 0.000000 0.000000
vt -0.534580 -0.002618 0.000000
vt -0.644340 -0.005236 0.000000
vt -0.808980 -0.002618 0.000000
vt 0.014220 0.000000 0.000000
vt -0.260180 0.000000 0.000000
vt -0.315060 0.002618 0.000000
vt -0.369940 0.005236 0.000000
vt -0.424820 0.000000 0.000000
vt -0.479700 0.002618 0.000000
vt -0.589460 0.000000 0.000000
vt -0.863860 0.000000 0.000000
vt -0.918740 0.002618 0.000000
vt 0.123980 0.002618 0.000000
vt 0.123980 0.005236 0.000000
vt -0.040660 0.002618 0.000000
vt -0.260180 0.002618 0.000000
vt -0.260180 0.005236 0.000000
vt -0.644340 0.002618 0.000000
vt 0.069100 0.005236 0.000000
vt -0.315060 0.005236 0.000000
vt -0.808980 0.005236 0.000000
vt 0.009716 -0.000006 0.000000
vt 0.009716 -3.674994 0.000000
vt 0.010050 0.000000 0.000000
vt 0.010050 -3.675000 0.000000
vt 0.200998 -3.675000 0.000000
vt 0.009383 -3.674978 0.000000
vt 0.009383 -0.000022 0.000000
vt 0.009050 -3.674950 0.000000
vt 0.009050 -0.000050 0.000000
vt 0.200998 -0.000000 0.000000
vt -0.010000 -0.001000 0.000000
vt -0.010000 1.371000 0.000000
vt -0.200000 -0.020000 0.000000
vt -0.200000 1.390000 0.000000
vt 0.675950 1.827500 0.000000
vt -0.675950 1.827500 0.000000
vt 0.675950 -1.827500 0.000000
vt -0.675950 -1.827500 0.000000
vt -0.705000 -1.837500 0.000000
vt 0.705000 -1.837500 0.000000
vt -0.705000 1.837500 0.000000
vt 0.705000 1.837500 0.000000
vt -0.009050 3.674950 0.000000
vt -0.009383 3.674978 0.000000
vt -0.009050 0.000050 0.000000
vt -0.009383 0.000022 0.000000
vt -0.009716 3.674994 0.000000
vt -0.009716 0.000006 0.000000
vt -0.010050 3.675000 0.000000
vt -0.010050 -0.000000 0.000000
vt -0.200998 -0.000000 0.000000
vt -0.200998 3.675000 0.000000
vt 0.010000 -1.371000 0.000000
vt 0.200000 -1.390000 0.000000
vt 0.010000 0.001000 0.000000
vt 0.200000 0.020000 0.000000
vn -0.099504 0.000000 -0.009950
vn -0.099504 0.000000 -0.009950
vn -0.096007 0.000000 -0.027977
vn -0.094112 0.000000 -0.033806
vn -0.094112 0.000000 -0.033806
vn -0.083092 0.000000 -0.055640
vn -0.083092 0.000000 -0.055640
vn -0.067101 0.000000 -0.074145
vn -0.067101 0.000000 -0.074145
vn -0.047096 0.000000 -0.088216
vn -0.047096 0.000000 -0.088216
vn -0.024274 0.000000 -0.097009
vn -0.024274 0.000000 -0.097009
vn -0.000000 0.000000 -0.100000
vn -0.024274 0.000000 -0.097009
vn -0.024274 0.000000 -0.097009
vn -0.047096 0.000000 -0.088216
vn -0.047096 0.000000 -0.088216
vn -0.067101 0.000000 -0.074145
vn -0.067101 0.000000 -0.074145
vn -0.083092 0.000000 -0.055640
vn -0.083092 0.000000 -0.055640
vn -0.094112 0.000000 -0.033806
vn -0.094112 0.000000 -0.033806
vn -0.094112 0.000000 -0.033806
vn -0.094112 0.000000 -0.033806
vn -0.083092 0.000000 -0.055640
vn -0.083092 0.000000 -0.055640
vn -0.067101 0.000000 -0.074145
vn -0.067101 0.000000 -0.074145
vn -0.047096 0.000000 -0.088216
vn -0.047096 0.000000 -0.088216
vn -0.024274 0.000000 -0.097009
vn -0.024274 0.000000 -0.097009
vn -0.024274 0.000000 -0.097009
vn -0.024274 0.000000 -0.097009
vn -0.047096 0.000000 -0.088216
vn -0.047096 0.000000 -0.088216
vn -0.067101 0.000000 -0.074145
vn -0.067101 0.000000 -0.074145
vn -0.083092 0.000000 -0.055640
vn -0.083092 0.000000 -0.055640
vn -0.094112 0.000000 -0.033806
vn -0.094112 0.000000 -0.033806
vn -0.094112 0.000000 -0.033806
vn -0.094112 0.000000 -0.033806
vn -0.083092 0.000000 -0.055640
vn -0.083092 0.000000 -0.055640
vn -0.067101 0.000000 -0.074145
vn -0.067101 0.000000 -0.074145
vn -0.047096 0.000000 -0.088216
vn -0.047096 0.000000 -0.088216
vn -0.024274 0.000000 -0.097009
vn -0.024274 0.000000 -0.097009
vn -0.024274 0.000000 -0.097009
vn -0.018286 0.000000 -0.098314
vn -0.035955 0.000000 -0.093313
vn -0.096007 0.000000 -0.027977
vn -0.094112 0.000000 -0.033806
vn -0.094112 0.000000 -0.033806
vn -0.094112 0.000000 -0.033806
vn -0.083092 0.000000 -0.055640
vn -0.083092 0.000000 -0.055640
vn -0.067101 0.000000 -0.074145
vn -0.067101 0.000000 -0.074145
vn -0.047096 0.000000 -0.088216
vn -0.047096 0.000000 -0.088216
vn -0.024274 0.000000 -0.097009
vn -0.024274 0.000000 -0.097009
vn -0.018286 0.000000 -0.098314
vn -0.024274 0.000000 -0.097009
vn -0.024274 0.000000 -0.097009
vn -0.047096 0.000000 -0.088216
vn -0.047096 0.000000 -0.088216
vn -0.067101 0.000000 -0.074145
vn -0.067101 0.000000 -0.074145
vn -0.083092 0.000000 -0.055640
vn -0.083092 0.000000 -0.055640
vn -0.094112 0.000000 -0.033806
vn -0.094112 0.000000 -0.033806
vn -0.094112 0.000000 -0.033806
vn -0.094112 0.000000 -0.033806
vn -0.083092 0.000000 -0.055640
vn -0.083092 0.000000 -0.055640
vn -0.067101 0.000000 -0.074145
vn -0.067101 0.000000 -0.074145
vn -0.047096 0.000000 -0.088216
vn -0.047096 0.000000 -0.088216
vn -0.024274 0.000000 -0.097009
vn -0.024274 0.000000 -0.097009
vn -0.024274 0.000000 -0.097009
vn -0.024274 0.000000 -0.097009
vn -0.047096 0.000000 -0.088216
vn -0.047096 0.000000 -0.088216
vn -0.067101 0.000000 -0.074145
vn -0.067101 0.000000 -0.074145
vn -0.083092 0.000000 -0.055640
vn -0.083092 0.000000 -0.055640
vn -0.094112 0.000000 -0.033806
vn -0.094112 0.000000 -0.033806
vn -0.094112 0.000000 -0.033806
vn -0.094112 0.000000 -0.033806
vn -0.083092 0.000000 -0.055640
vn -0.083092 0.000000 -0.055640
vn -0.067101 0.000000 -0.074145
vn -0.067101 0.000000 -0.074145
vn -0.047096 0.000000 -0.088216
vn -0.047096 0.000000 -0.088216
vn -0.024274 0.000000 -0.097009
vn -0.024274 0.000000 -0.097009
vn -0.000000 0.000000 -0.100000
vn -0.089272 0.000000 -0.045061
vn -0.083092 0.000000 -0.055640
vn -0.083092 0.000000 -0.055640
vn -0.067101 0.000000 -0.074145
vn -0.067101 0.000000 -0.074145
vn -0.047096 0.000000 -0.088216
vn -0.047096 0.000000 -0.088216
vn -0.024274 0.000000 -0.097009
vn -0.024274 0.000000 -0.097009
vn -0.079527 0.000000 -0.060625
vn -0.067101 0.000000 -0.074145
vn -0.047096 0.000000 -0.088216
vn -0.024274 0.000000 -0.097009
vn -0.067101 0.000000 -0.074145
vn -0.052411 0.000000 -0.085165
vn -0.047096 0.000000 -0.088216
vn -0.035955 0.000000 -0.093313
vn -0.024274 0.000000 -0.097009
vn -0.024274 0.000000 -0.097009
vn -0.047096 0.000000 -0.088216
vn -0.052411 0.000000 -0.085165
vn -0.067101 0.000000 -0.074145
vn -0.067101 0.000000 -0.074145
vn -0.079527 0.000000 -0.060625
vn -0.083092 0.000000 -0.055640
vn -0.089272 0.000000 -0.045061
vn -0.094112 0.000000 -0.033806
vn -0.094112 0.000000 -0.033806
vn -0.094112 0.000000 -0.033806
vn -0.083092 0.000000 -0.055640
vn -0.083092 0.000000 -0.055640
vn -0.067101 0.000000 -0.074145
vn -0.067101 0.000000 -0.074145
vn -0.047096 0.000000 -0.088216
vn -0.094112 0.000000 -0.033806
vn -0.094112 0.000000 -0.033806
vn -0.094112 0.000000 -0.033806
vn -0.083092 0.000000 -0.055640
vn -0.083092 0.000000 -0.055640
vn -0.067101 0.000000 -0.074145
vn -0.083092 0.000000 -0.055640
vn -0.094112 0.000000 -0.033806
vn -0.083092 0.000000 -0.055640
vn -0.067101 0.000000 -0.074145
vn -0.047096 0.000000 -0.088216
vn -0.024274 0.000000 -0.097009
vn -0.094112 0.000000 -0.033806
vn -0.094112 0.000000 -0.033806
vn -0.094112 0.000000 -0.033806
vn -0.083092 0.000000 -0.055640
vn -0.083092 0.000000 -0.055640
vn -0.067101 0.000000 -0.074145
vn -0.083092 0.000000 -0.055640
vn -0.094112 0.000000 -0.033806
vn -0.083092 0.000000 -0.055640
vn -0.067101 0.000000 -0.074145
vn -0.047096 0.000000 -0.088216
vn -0.024274 0.000000 -0.097009
vn -0.094112 0.000000 -0.033806
vn -0.094112 0.000000 -0.033806
vn -0.094112 0.000000 -0.033806
vn -0.083092 0.000000 -0.055640
vn -0.083092 0.000000 -0.055640
vn -0.067101 0.000000 -0.074145
vn -0.067101 0.000000 -0.074145
vn -0.047096 0.000000 -0.088216
vn -0.047096 0.000000 -0.088216
vn -0.024274 0.000000 -0.097009
vn -0.024274 0.000000 -0.097009
vn -0.024274 0.000000 -0.097009
vn -0.024274 0.000000 -0.097009
vn -0.047096 0.000000 -0.088216
vn -0.047096 0.000000 -0.088216
vn -0.067101 0.000000 -0.074145
vn -0.067101 0.000000 -0.074145
vn -0.083092 0.000000 -0.055640
vn -0.083092 0.000000 -0.055640
vn -0.094112 0.000000 -0.033806
vn -0.094112 0.000000 -0.033806
vn -0.094112 0.000000 -0.033806
vn -0.094112 0.000000 -0.033806
vn -0.083092 0.000000 -0.055640
vn -0.083092 0.000000 -0.055640
vn -0.067101 0.000000 -0.074145
vn -0.067101 0.000000 -0.074145
vn -0.047096 0.000000 -0.088216
vn -0.047096 0.000000 -0.088216
vn -0.024274 0.000000 -0.097009
vn -0.024274 0.000000 -0.097009
vn -0.024274 0.000000 -0.097009
vn -0.024274 0.000000 -0.097009
vn -0.047096 0.000000 -0.088216
vn -0.047096 0.000000 -0.088216
vn -0.067101 0.000000 -0.074145
vn -0.067101 0.000000 -0.074145
vn -0.083092 0.000000 -0.055640
vn -0.083092 0.000000 -0.055640
vn -0.094112 0.000000 -0.033806
vn -0.094112 0.000000 -0.033806
vn -0.094112 0.000000 -0.033806
vn -0.094112 0.000000 -0.033806
vn -0.083092 0.000000 -0.055640
vn -0.083092 0.000000 -0.055640
vn -0.067101 0.000000 -0.074145
vn -0.067101 0.000000 -0.074145
vn -0.047096 0.000000 -0.088216
vn -0.047096 0.000000 -0.088216
vn -0.024274 0.000000 -0.097009
vn -0.024274 0.000000 -0.097009
vn -0.024274 0.000000 -0.097009
vn -0.024274 0.000000 -0.097009
vn -0.047096 0.000000 -0.088216
vn -0.047096 0.000000 -0.088216
vn -0.067101 0.000000 -0.074145
vn -0.067101 0.000000 -0.074145
vn -0.083092 0.000000 -0.055640
vn -0.083092 0.000000 -0.055640
vn -0.094112 0.000000 -0.033806
vn -0.094112 0.000000 -0.033806
vn -0.094112 0.000000 -0.033806
vn -0.094112 0.000000 -0.033806
vn -0.083092 0.000000 -0.055640
vn -0.083092 0.000000 -0.055640
vn -0.067101 0.000000 -0.074145
vn -0.067101 0.000000 -0.074145
vn -0.047096 0.000000 -0.088216
vn -0.047096 0.000000 -0.088216
vn -0.024274 0.000000 -0.097009
vn -0.024274 0.000000 -0.097009
vn -0.083092 0.000000 -0.055640
vn -0.094112 0.000000 -0.033806
vn -0.094112 0.000000 -0.033806
vn -0.094112 0.000000 -0.033806
vn -0.083092 0.000000 -0.055640
vn -0.083092 0.000000 -0.055640
vn -0.067101 0.000000 -0.074145
vn -0.083092 0.000000 -0.055640
vn -0.094112 0.000000 -0.033806
vn -0.083092 0.000000 -0.055640
vn -0.067101 0.000000 -0.074145
vn -0.047096 0.000000 -0.088216
vn -0.024274 0.000000 -0.097009
vn -0.094112 0.000000 -0.033806
vn -0.094112 0.000000 -0.033806
vn -0.094112 0.000000 -0.033806
vn -0.083092 0.000000 -0.055640
vn -0.083092 0.000000 -0.055640
vn -0.067101 0.000000 -0.074145
vn -0.083092 0.000000 -0.055640
vn -0.094112 0.000000 -0.033806
vn -0.083092 0.000000 -0.055640
vn -0.067101 0.000000 -0.074145
vn -0.047096 0.000000 -0.088216
vn -0.024274 0.000000 -0.097009
vn -0.094112 0.000000 -0.033806
vn -0.094112 0.000000 -0.033806
vn -0.094112 0.000000 -0.033806
vn -0.083092 0.000000 -0.055640
vn -0.083092 0.000000 -0.055640
vn -0.067101 0.000000 -0.074145
vn -0.083092 0.000000 -0.055640
vn -0.094112 0.000000 -0.033806
vn -0.083092 0.000000 -0.055640
vn -0.067101 0.000000 -0.074145
vn -0.047096 0.000000 -0.088216
vn -0.024274 0.000000 -0.097009
vn -0.094112 0.000000 -0.033806
vn -0.094112 0.000000 -0.033806
vn -0.094112 0.000000 -0.033806
vn -0.083092 0.000000 -0.055640
vn -0.083092 0.000000 -0.055640
vn -0.067101 0.000000 -0.074145
vn -0.083092 0.000000 -0.055640
vn -0.094112 0.000000 -0.033806
vn -0.083092 0.000000 -0.055640
vn -0.067101 0.000000 -0.074145
vn -0.047096 0.000000 -0.088216
vn -0.024274 0.000000 -0.097009
vn -0.094112 0.000000 -0.033806
vn -0.094112 0.000000 -0.033806
vn -0.094112 0.000000 -0.033806
vn -0.083092 0.000000 -0.055640
vn -0.083092 0.000000 -0.055640
vn -0.067101 0.000000 -0.074145
vn -0.083092 0.000000 -0.055640
vn -0.094112 0.000000 -0.033806
vn -0.083092 0.000000 -0.055640
vn -0.067101 0.000000 -0.074145
vn -0.047096 0.000000 -0.088216
vn -0.024274 0.000000 -0.097009
vn -0.094112 0.000000 -0.033806
vn -0.094112 0.000000 -0.033806
vn -0.083092 0.000000 -0.055640
vn -0.067101 0.000000 -0.074145
vn -0.067101 0.000000 -0.074145
vn -0.047096 0.000000 -0.088216
vn -0.024274 0.000000 -0.097009
vn -0.067101 0.000000 -0.074145
vn -0.067101 0.000000 -0.074145
vn -0.047096 0.000000 -0.088216
vn -0.024274 0.000000 -0.097009
vn -0.067101 0.000000 -0.074145
vn -0.067101 0.000000 -0.074145
vn -0.067101 0.000000 -0.074145
vn -0.047096 0.000000 -0.088216
vn -0.024274 0.000000 -0.097009
vn -0.067101 0.000000 -0.074145
vn -0.067101 0.000000 -0.074145
vn -0.047096 0.000000 -0.088216
vn -0.024274 0.000000 -0.097009
vn -0.067101 0.000000 -0.074145
vn -0.067101 0.000000 -0.074145
vn -0.047096 0.000000 -0.088216
vn -0.024274 0.000000 -0.097009
vn -0.067101 0.000000 -0.074145
vn -0.067101 0.000000 -0.074145
vn -0.047096 0.000000 -0.088216
vn -0.024274 0.000000 -0.097009
vn -0.067101 0.000000 -0.074145
vn -0.067101 0.000000 -0.074145
vn -0.047096 0.000000 -0.088216
vn -0.024274 0.000000 -0.097009
vn -0.047096 0.000000 -0.088216
vn -0.047096 0.000000 -0.088216
vn -0.024274 0.000000 -0.097009
vn -0.047096 0.000000 -0.088216
vn -0.047096 0.000000 -0.088216
vn -0.024274 0.000000 -0.097009
vn -0.047096 0.000000 -0.088216
vn -0.047096 0.000000 -0.088216
vn -0.047096 0.000000 -0.088216
vn -0.024274 0.000000 -0.097009
vn -0.047096 0.000000 -0.088216
vn -0.047096 0.000000 -0.088216
vn -0.024274 0.000000 -0.097009
vn -0.047096 0.000000 -0.088216
vn -0.047096 0.000000 -0.088216
vn -0.024274 0.000000 -0.097009
vn -0.047096 0.000000 -0.088216
vn -0.047096 0.000000 -0.088216
vn -0.024274 0.000000 -0.097009
vn -0.047096 0.000000 -0.088216
vn -0.047096 0.000000 -0.088216
vn -0.024274 0.000000 -0.097009
vn -0.024274 0.000000 -0.097009
vn -0.024274 0.000000 -0.097009
vn -0.024274 0.000000 -0.097009
vn -0.024274 0.000000 -0.097009
vn -0.024274 0.000000 -0.097009
vn -0.024274 0.000000 -0.097009
vn -0.024274 0.000000 -0.097009
vn -0.024274 0.000000 -0.097009
vn -0.000000 0.100000 0.000000
vn -0.000000 0.099945 -0.003322
vn -0.000000 0.100000 0.000000
vn -0.000000 0.099945 -0.003322
vn -0.000000 0.099779 -0.006640
vn -0.000000 0.099779 -0.006640
vn -0.000000 0.099504 -0.009950
vn -0.000000 0.096593 -0.025882
vn -0.000000 0.096593 -0.025882
vn -0.000000 0.086603 -0.050000
vn -0.000000 0.086603 -0.050000
vn -0.000000 0.070711 -0.070711
vn -0.000000 0.070711 -0.070711
vn -0.000000 0.050000 -0.086603
vn -0.000000 0.050000 -0.086603
vn -0.000000 0.025882 -0.096593
vn -0.000000 0.025882 -0.096593
vn -0.000000 0.025882 -0.096593
vn -0.000000 0.025882 -0.096593
vn -0.000000 0.050000 -0.086603
vn -0.000000 0.050000 -0.086603
vn -0.000000 0.070711 -0.070711
vn -0.000000 0.070711 -0.070711
vn -0.000000 0.086603 -0.050000
vn -0.000000 0.086603 -0.050000
vn -0.000000 0.096593 -0.025882
vn -0.000000 0.096593 -0.025882
vn -0.000000 0.096593 -0.025882
vn -0.000000 0.096593 -0.025882
vn -0.000000 0.086603 -0.050000
vn -0.000000 0.086603 -0.050000
vn -0.000000 0.070711 -0.070711
vn -0.000000 0.070711 -0.070711
vn -0.000000 0.050000 -0.086603
vn -0.000000 0.067101 -0.074145
vn -0.000000 0.052411 -0.085165
vn -0.000000 0.035955 -0.093313
vn -0.000000 0.025882 -0.096593
vn -0.000000 0.018286 -0.098314
vn -0.000000 0.025882 -0.096593
vn -0.000000 0.025882 -0.096593
vn -0.000000 0.050000 -0.086603
vn -0.000000 0.050000 -0.086603
vn -0.000000 0.070711 -0.070711
vn -0.000000 0.099504 -0.009950
vn -0.000000 0.096593 -0.025882
vn -0.000000 0.096593 -0.025882
vn -0.000000 0.096593 -0.025882
vn -0.000000 0.086603 -0.050000
vn -0.000000 0.086603 -0.050000
vn -0.000000 0.070711 -0.070711
vn -0.000000 0.070711 -0.070711
vn -0.000000 0.050000 -0.086603
vn -0.000000 0.050000 -0.086603
vn -0.000000 0.025882 -0.096593
vn -0.000000 0.025882 -0.096593
vn -0.000000 0.018286 -0.098314
vn -0.000000 0.025882 -0.096593
vn -0.000000 0.025882 -0.096593
vn -0.000000 0.050000 -0.086603
vn -0.000000 0.050000 -0.086603
vn -0.000000 0.070711 -0.070711
vn -0.000000 0.070711 -0.070711
vn -0.000000 0.086603 -0.050000
vn -0.000000 0.086603 -0.050000
vn -0.000000 0.096593 -0.025882
vn -0.000000 0.096593 -0.025882
vn -0.000000 0.096593 -0.025882
vn -0.000000 0.096593 -0.025882
vn -0.000000 0.086603 -0.050000
vn -0.000000 0.086603 -0.050000
vn -0.000000 0.070711 -0.070711
vn -0.000000 0.070711 -0.070711
vn -0.000000 0.050000 -0.086603
vn -0.000000 0.050000 -0.086603
vn -0.000000 0.025882 -0.096593
vn -0.000000 0.025882 -0.096593
vn -0.000000 0.025882 -0.096593
vn -0.000000 0.096007 -0.027977
vn -0.000000 0.089272 -0.045061
vn -0.000000 0.086603 -0.050000
vn -0.000000 0.079527 -0.060625
vn -0.000000 0.070711 -0.070711
vn -0.000000 0.067101 -0.074145
vn -0.000000 0.050000 -0.086603
vn -0.000000 0.052411 -0.085165
vn -0.000000 0.035955 -0.093313
vn -0.000000 0.025882 -0.096593
vn -0.000000 0.025882 -0.096593
vn -0.000000 0.025882 -0.096593
vn -0.000000 0.050000 -0.086603
vn -0.000000 0.050000 -0.086603
vn -0.000000 0.070711 -0.070711
vn -0.000000 0.070711 -0.070711
vn -0.000000 0.086603 -0.050000
vn 0.000000 -0.000000 -0.100000
vn -0.000000 0.079527 -0.060625
vn -0.000000 0.086603 -0.050000
vn -0.000000 0.096593 -0.025882
vn -0.000000 0.089272 -0.045061
vn -0.000000 0.096593 -0.025882
vn -0.000000 0.096007 -0.027977
vn -0.000000 0.096593 -0.025882
vn -0.000000 0.096593 -0.025882
vn -0.000000 0.096593 -0.025882
vn -0.000000 0.086603 -0.050000
vn -0.000000 0.086603 -0.050000
vn -0.000000 0.070711 -0.070711
vn -0.000000 0.086603 -0.050000
vn -0.000000 0.096593 -0.025882
vn -0.000000 0.086603 -0.050000
vn -0.000000 0.070711 -0.070711
vn -0.000000 0.050000 -0.086603
vn -0.000000 0.025882 -0.096593
vn -0.000000 0.096593 -0.025882
vn -0.000000 0.086603 -0.050000
vn -0.000000 0.096593 -0.025882
vn -0.000000 0.096593 -0.025882
vn -0.000000 0.096593 -0.025882
vn -0.000000 0.086603 -0.050000
vn -0.000000 0.086603 -0.050000
vn -0.000000 0.070711 -0.070711
vn -0.000000 0.086603 -0.050000
vn -0.000000 0.096593 -0.025882
vn -0.000000 0.086603 -0.050000
vn -0.000000 0.070711 -0.070711
vn -0.000000 0.070711 -0.070711
vn -0.000000 0.050000 -0.086603
vn -0.000000 0.025882 -0.096593
vn -0.000000 0.070711 -0.070711
vn -0.000000 0.050000 -0.086603
vn -0.000000 0.070711 -0.070711
vn -0.000000 0.070711 -0.070711
vn -0.000000 0.050000 -0.086603
vn -0.000000 0.050000 -0.086603
vn -0.000000 0.025882 -0.096593
vn -0.000000 0.050000 -0.086603
vn -0.000000 0.050000 -0.086603
vn -0.000000 0.025882 -0.096593
vn -0.000000 0.050000 -0.086603
vn -0.000000 0.025882 -0.096593
vn -0.000000 0.025882 -0.096593
vn -0.000000 0.025882 -0.096593
vn -0.000000 0.000000 -0.100000
vn 0.018286 -0.000000 -0.098314
vn 0.024274 -0.000000 -0.097009
vn 0.024274 -0.000000 -0.097009
vn 0.047096 -0.000000 -0.088216
vn 0.047096 -0.000000 -0.088216
vn 0.067101 -0.000000 -0.074145
vn 0.067101 -0.000000 -0.074145
vn 0.083092 -0.000000 -0.055640
vn 0.083092 -0.000000 -0.055640
vn 0.094112 -0.000000 -0.033806
vn 0.094112 -0.000000 -0.033806
vn 0.099504 -0.000000 -0.009950
vn 0.094112 -0.000000 -0.033806
vn 0.094112 -0.000000 -0.033806
vn 0.083092 -0.000000 -0.055640
vn 0.083092 -0.000000 -0.055640
vn 0.067101 -0.000000 -0.074145
vn 0.067101 -0.000000 -0.074145
vn 0.047096 -0.000000 -0.088216
vn 0.047096 -0.000000 -0.088216
vn 0.024274 -0.000000 -0.097009
vn 0.024274 -0.000000 -0.097009
vn 0.024274 -0.000000 -0.097009
vn 0.024274 -0.000000 -0.097009
vn 0.047096 -0.000000 -0.088216
vn 0.047096 -0.000000 -0.088216
vn 0.067101 -0.000000 -0.074145
vn 0.067101 -0.000000 -0.074145
vn 0.083092 -0.000000 -0.055640
vn 0.083092 -0.000000 -0.055640
vn 0.094112 -0.000000 -0.033806
vn 0.094112 -0.000000 -0.033806
vn 0.094112 -0.000000 -0.033806
vn 0.094112 -0.000000 -0.033806
vn 0.083092 -0.000000 -0.055640
vn 0.083092 -0.000000 -0.055640
vn 0.067101 -0.000000 -0.074145
vn 0.067101 -0.000000 -0.074145
vn 0.047096 -0.000000 -0.088216
vn 0.047096 -0.000000 -0.088216
vn 0.024274 -0.000000 -0.097009
vn 0.024274 -0.000000 -0.097009
vn 0.024274 -0.000000 -0.097009
vn 0.024274 -0.000000 -0.097009
vn 0.047096 -0.000000 -0.088216
vn 0.047096 -0.000000 -0.088216
vn 0.067101 -0.000000 -0.074145
vn 0.067101 -0.000000 -0.074145
vn 0.083092 -0.000000 -0.055640
vn 0.083092 -0.000000 -0.055640
vn 0.094112 -0.000000 -0.033806
vn 0.094112 -0.000000 -0.033806
vn 0.094112 -0.000000 -0.033806
vn 0.096007 -0.000000 -0.027977
vn 0.089272 -0.000000 -0.045061
vn 0.018286 -0.000000 -0.098314
vn 0.024274 -0.000000 -0.097009
vn 0.024274 -0.000000 -0.097009
vn 0.024274 -0.000000 -0.097009
vn 0.047096 -0.000000 -0.088216
vn 0.047096 -0.000000 -0.088216
vn 0.067101 -0.000000 -0.074145
vn 0.067101 -0.000000 -0.074145
vn 0.083092 -0.000000 -0.055640
vn 0.083092 -0.000000 -0.055640
vn 0.094112 -0.000000 -0.033806
vn 0.094112 -0.000000 -0.033806
vn 0.096007 -0.000000 -0.027977
vn 0.094112 -0.000000 -0.033806
vn 0.094112 -0.000000 -0.033806
vn 0.083092 -0.000000 -0.055640
vn 0.083092 -0.000000 -0.055640
vn 0.067101 -0.000000 -0.074145
vn 0.067101 -0.000000 -0.074145
vn 0.047096 -0.000000 -0.088216
vn 0.047096 -0.000000 -0.088216
vn 0.024274 -0.000000 -0.097009
vn 0.024274 -0.000000 -0.097009
vn 0.024274 -0.000000 -0.097009
vn 0.024274 -0.000000 -0.097009
vn 0.047096 -0.000000 -0.088216
vn 0.047096 -0.000000 -0.088216
vn 0.067101 -0.000000 -0.074145
vn 0.067101 -0.000000 -0.074145
vn 0.083092 -0.000000 -0.055640
vn 0.083092 -0.000000 -0.055640
vn 0.094112 -0.000000 -0.033806
vn 0.094112 -0.000000 -0.033806
vn 0.094112 -0.000000 -0.033806
vn 0.094112 -0.000000 -0.033806
vn 0.083092 -0.000000 -0.055640
vn 0.083092 -0.000000 -0.055640
vn 0.067101 -0.000000 -0.074145
vn 0.067101 -0.000000 -0.074145
vn 0.047096 -0.000000 -0.088216
vn 0.047096 -0.000000 -0.088216
vn 0.024274 -0.000000 -0.097009
vn 0.024274 -0.000000 -0.097009
vn 0.024274 -0.000000 -0.097009
vn 0.024274 -0.000000 -0.097009
vn 0.047096 -0.000000 -0.088216
vn 0.047096 -0.000000 -0.088216
vn 0.067101 -0.000000 -0.074145
vn 0.067101 -0.000000 -0.074145
vn 0.083092 -0.000000 -0.055640
vn 0.083092 -0.000000 -0.055640
vn 0.094112 -0.000000 -0.033806
vn 0.094112 -0.000000 -0.033806
vn 0.099504 -0.000000 -0.009950
vn 0.035955 -0.000000 -0.093313
vn 0.047096 -0.000000 -0.088216
vn 0.047096 -0.000000 -0.088216
vn 0.067101 -0.000000 -0.074145
vn 0.067101 -0.000000 -0.074145
vn 0.083092 -0.000000 -0.055640
vn 0.083092 -0.000000 -0.055640
vn 0.094112 -0.000000 -0.033806
vn 0.094112 -0.000000 -0.033806
vn 0.052411 -0.000000 -0.085165
vn 0.067101 -0.000000 -0.074145
vn 0.083092 -0.000000 -0.055640
vn 0.094112 -0.000000 -0.033806
vn 0.067101 -0.000000 -0.074145
vn 0.079527 -0.000000 -0.060625
vn 0.083092 -0.000000 -0.055640
vn 0.089272 -0.000000 -0.045061
vn 0.094112 -0.000000 -0.033806
vn 0.094112 -0.000000 -0.033806
vn 0.083092 -0.000000 -0.055640
vn 0.079527 -0.000000 -0.060625
vn 0.067101 -0.000000 -0.074145
vn 0.067101 -0.000000 -0.074145
vn 0.052411 -0.000000 -0.085165
vn 0.047096 -0.000000 -0.088216
vn 0.035955 -0.000000 -0.093313
vn 0.024274 -0.000000 -0.097009
vn 0.024274 -0.000000 -0.097009
vn 0.024274 -0.000000 -0.097009
vn 0.047096 -0.000000 -0.088216
vn 0.047096 -0.000000 -0.088216
vn 0.067101 -0.000000 -0.074145
vn 0.067101 -0.000000 -0.074145
vn 0.083092 -0.000000 -0.055640
vn 0.024274 -0.000000 -0.097009
vn 0.024274 -0.000000 -0.097009
vn 0.024274 -0.000000 -0.097009
vn 0.047096 -0.000000 -0.088216
vn 0.047096 -0.000000 -0.088216
vn 0.067101 -0.000000 -0.074145
vn 0.047096 -0.000000 -0.088216
vn 0.024274 -0.000000 -0.097009
vn 0.047096 -0.000000 -0.088216
vn 0.067101 -0.000000 -0.074145
vn 0.083092 -0.000000 -0.055640
vn 0.094112 -0.000000 -0.033806
vn 0.024274 -0.000000 -0.097009
vn 0.024274 -0.000000 -0.097009
vn 0.024274 -0.000000 -0.097009
vn 0.047096 -0.000000 -0.088216
vn 0.047096 -0.000000 -0.088216
vn 0.067101 -0.000000 -0.074145
vn 0.047096 -0.000000 -0.088216
vn 0.024274 -0.000000 -0.097009
vn 0.047096 -0.000000 -0.088216
vn 0.067101 -0.000000 -0.074145
vn 0.083092 -0.000000 -0.055640
vn 0.094112 -0.000000 -0.033806
vn 0.024274 -0.000000 -0.097009
vn 0.024274 -0.000000 -0.097009
vn 0.024274 -0.000000 -0.097009
vn 0.047096 -0.000000 -0.088216
vn 0.047096 -0.000000 -0.088216
vn 0.067101 -0.000000 -0.074145
vn 0.067101 -0.000000 -0.074145
vn 0.083092 -0.000000 -0.055640
vn 0.083092 -0.000000 -0.055640
vn 0.094112 -0.000000 -0.033806
vn 0.094112 -0.000000 -0.033806
vn 0.094112 -0.000000 -0.033806
vn 0.094112 -0.000000 -0.033806
vn 0.083092 -0.000000 -0.055640
vn 0.083092 -0.000000 -0.055640
vn 0.067101 -0.000000 -0.074145
vn 0.067101 -0.000000 -0.074145
vn 0.047096 -0.000000 -0.088216
vn 0.047096 -0.000000 -0.088216
vn 0.024274 -0.000000 -0.097009
vn 0.024274 -0.000000 -0.097009
vn 0.024274 -0.000000 -0.097009
vn 0.024274 -0.000000 -0.097009
vn 0.047096 -0.000000 -0.088216
vn 0.047096 -0.000000 -0.088216
vn 0.067101 -0.000000 -0.074145
vn 0.067101 -0.000000 -0.074145
vn 0.083092 -0.000000 -0.055640
vn 0.083092 -0.000000 -0.055640
vn 0.094112 -0.000000 -0.033806
vn 0.094112 -0.000000 -0.033806
vn 0.094112 -0.000000 -0.033806
vn 0.094112 -0.000000 -0.033806
vn 0.083092 -0.000000 -0.055640
vn 0.083092 -0.000000 -0.055640
vn 0.067101 -0.000000 -0.074145
vn 0.067101 -0.000000 -0.074145
vn 0.047096 -0.000000 -0.088216
vn 0.047096 -0.000000 -0.088216
vn 0.024274 -0.000000 -0.097009
vn 0.024274 -0.000000 -0.097009
vn 0.024274 -0.000000 -0.097009
vn 0.024274 -0.000000 -0.097009
vn 0.047096 -0.000000 -0.088216
vn 0.047096 -0.000000 -0.088216
vn 0.067101 -0.000000 -0.074145
vn 0.067101 -0.000000 -0.074145
vn 0.083092 -0.000000 -0.055640
vn 0.083092 -0.000000 -0.055640
vn 0.094112 -0.000000 -0.033806
vn 0.094112 -0.000000 -0.033806
vn 0.094112 -0.000000 -0.033806
vn 0.094112 -0.000000 -0.033806
vn 0.083092 -0.000000 -0.055640
vn 0.083092 -0.000000 -0.055640
vn 0.067101 -0.000000 -0.074145
vn 0.067101 -0.000000 -0.074145
vn 0.047096 -0.000000 -0.088216
vn 0.047096 -0.000000 -0.088216
vn 0.024274 -0.000000 -0.097009
vn 0.024274 -0.000000 -0.097009
vn 0.024274 -0.000000 -0.097009
vn 0.024274 -0.000000 -0.097009
vn 0.047096 -0.000000 -0.088216
vn 0.047096 -0.000000 -0.088216
vn 0.067101 -0.000000 -0.074145
vn 0.067101 -0.000000 -0.074145
vn 0.083092 -0.000000 -0.055640
vn 0.083092 -0.000000 -0.055640
vn 0.094112 -0.000000 -0.033806
vn 0.094112 -0.000000 -0.033806
vn 0.047096 -0.000000 -0.088216
vn 0.024274 -0.000000 -0.097009
vn 0.024274 -0.000000 -0.097009
vn 0.024274 -0.000000 -0.097009
vn 0.047096 -0.000000 -0.088216
vn 0.047096 -0.000000 -0.088216
vn 0.067101 -0.000000 -0.074145
vn 0.047096 -0.000000 -0.088216
vn 0.024274 -0.000000 -0.097009
vn 0.047096 -0.000000 -0.088216
vn 0.067101 -0.000000 -0.074145
vn 0.083092 -0.000000 -0.055640
vn 0.094112 -0.000000 -0.033806
vn 0.024274 -0.000000 -0.097009
vn 0.024274 -0.000000 -0.097009
vn 0.024274 -0.000000 -0.097009
vn 0.047096 -0.000000 -0.088216
vn 0.047096 -0.000000 -0.088216
vn 0.067101 -0.000000 -0.074145
vn 0.047096 -0.000000 -0.088216
vn 0.024274 -0.000000 -0.097009
vn 0.047096 -0.000000 -0.088216
vn 0.067101 -0.000000 -0.074145
vn 0.083092 -0.000000 -0.055640
vn 0.094112 -0.000000 -0.033806
vn 0.024274 -0.000000 -0.097009
vn 0.024274 -0.000000 -0.097009
vn 0.024274 -0.000000 -0.097009
vn 0.047096 -0.000000 -0.088216
vn 0.047096 -0.000000 -0.088216
vn 0.067101 -0.000000 -0.074145
vn 0.047096 -0.000000 -0.088216
vn 0.024274 -0.000000 -0.097009
vn 0.047096 -0.000000 -0.088216
vn 0.067101 -0.000000 -0.074145
vn 0.083092 -0.000000 -0.055640
vn 0.094112 -0.000000 -0.033806
vn 0.024274 -0.000000 -0.097009
vn 0.024274 -0.000000 -0.097009
vn 0.024274 -0.000000 -0.097009
vn 0.047096 -0.000000 -0.088216
vn 0.047096 -0.000000 -0.088216
vn 0.067101 -0.000000 -0.074145
vn 0.047096 -0.000000 -0.088216
vn 0.024274 -0.000000 -0.097009
vn 0.047096 -0.000000 -0.088216
vn 0.067101 -0.000000 -0.074145
vn 0.083092 -0.000000 -0.055640
vn 0.094112 -0.000000 -0.033806
vn 0.024274 -0.000000 -0.097009
vn 0.024274 -0.000000 -0.097009
vn 0.024274 -0.000000 -0.097009
vn 0.047096 -0.000000 -0.088216
vn 0.047096 -0.000000 -0.088216
vn 0.067101 -0.000000 -0.074145
vn 0.047096 -0.000000 -0.088216
vn 0.024274 -0.000000 -0.097009
vn 0.047096 -0.000000 -0.088216
vn 0.067101 -0.000000 -0.074145
vn 0.083092 -0.000000 -0.055640
vn 0.094112 -0.000000 -0.033806
vn 0.024274 -0.000000 -0.097009
vn 0.024274 -0.000000 -0.097009
vn 0.047096 -0.000000 -0.088216
vn 0.067101 -0.000000 -0.074145
vn 0.067101 -0.000000 -0.074145
vn 0.083092 -0.000000 -0.055640
vn 0.094112 -0.000000 -0.033806
vn 0.067101 -0.000000 -0.074145
vn 0.067101 -0.000000 -0.074145
vn 0.083092 -0.000000 -0.055640
vn 0.094112 -0.000000 -0.033806
vn 0.067101 -0.000000 -0.074145
vn 0.067101 -0.000000 -0.074145
vn 0.067101 -0.000000 -0.074145
vn 0.083092 -0.000000 -0.055640
vn 0.094112 -0.000000 -0.033806
vn 0.067101 -0.000000 -0.074145
vn 0.067101 -0.000000 -0.074145
vn 0.083092 -0.000000 -0.055640
vn 0.094112 -0.000000 -0.033806
vn 0.067101 -0.000000 -0.074145
vn 0.067101 -0.000000 -0.074145
vn 0.083092 -0.000000 -0.055640
vn 0.094112 -0.000000 -0.033806
vn 0.067101 -0.000000 -0.074145
vn 0.067101 -0.000000 -0.074145
vn 0.083092 -0.000000 -0.055640
vn 0.094112 -0.000000 -0.033806
vn 0.067101 -0.000000 -0.074145
vn 0.067101 -0.000000 -0.074145
vn 0.083092 -0.000000 -0.055640
vn 0.094112 -0.000000 -0.033806
vn 0.083092 -0.000000 -0.055640
vn 0.083092 -0.000000 -0.055640
vn 0.094112 -0.000000 -0.033806
vn 0.083092 -0.000000 -0.055640
vn 0.083092 -0.000000 -0.055640
vn 0.094112 -0.000000 -0.033806
vn 0.083092 -0.000000 -0.055640
vn 0.083092 -0.000000 -0.055640
vn 0.083092 -0.000000 -0.055640
vn 0.094112 -0.000000 -0.033806
vn 0.083092 -0.000000 -0.055640
vn 0.083092 -0.000000 -0.055640
vn 0.094112 -0.000000 -0.033806
vn 0.083092 -0.000000 -0.055640
vn 0.083092 -0.000000 -0.055640
vn 0.094112 -0.000000 -0.033806
vn 0.083092 -0.000000 -0.055640
vn 0.083092 -0.000000 -0.055640
vn 0.094112 -0.000000 -0.033806
vn 0.083092 -0.000000 -0.055640
vn 0.083092 -0.000000 -0.055640
vn 0.094112 -0.000000 -0.033806
vn 0.094112 -0.000000 -0.033806
vn 0.094112 -0.000000 -0.033806
vn 0.094112 -0.000000 -0.033806
vn 0.094112 -0.000000 -0.033806
vn 0.094112 -0.000000 -0.033806
vn 0.094112 -0.000000 -0.033806
vn 0.094112 -0.000000 -0.033806
vn 0.094112 -0.000000 -0.033806
vn 0.000000 -0.100000 -0.000000
vn 0.000000 -0.099945 -0.003322
vn 0.000000 -0.100000 -0.000000
vn 0.000000 -0.099945 -0.003322
vn 0.000000 -0.099779 -0.006640
vn 0.000000 -0.099779 -0.006640
vn 0.000000 -0.099504 -0.009950
vn 0.000000 -0.096593 -0.025882
vn 0.000000 -0.096593 -0.025882
vn 0.000000 -0.086603 -0.050000
vn 0.000000 -0.086603 -0.050000
vn 0.000000 -0.070711 -0.070711
vn 0.000000 -0.070711 -0.070711
vn 0.000000 -0.050000 -0.086603
vn 0.000000 -0.050000 -0.086603
vn 0.000000 -0.025882 -0.096593
vn 0.000000 -0.025882 -0.096593
vn 0.000000 -0.025882 -0.096593
vn 0.000000 -0.025882 -0.096593
vn 0.000000 -0.050000 -0.086603
vn 0.000000 -0.050000 -0.086603
vn 0.000000 -0.070711 -0.070711
vn 0.000000 -0.070711 -0.070711
vn 0.000000 -0.086603 -0.050000
vn 0.000000 -0.086603 -0.050000
vn 0.000000 -0.096593 -0.025882
vn 0.000000 -0.096593 -0.025882
vn 0.000000 -0.096593 -0.025882
vn 0.000000 -0.096593 -0.025882
vn 0.000000 -0.086603 -0.050000
vn 0.000000 -0.086603 -0.050000
vn 0.000000 -0.070711 -0.070711
vn 0.000000 -0.070711 -0.070711
vn 0.000000 -0.050000 -0.086603
vn 0.000000 -0.067101 -0.074145
vn 0.000000 -0.052411 -0.085165
vn 0.000000 -0.035955 -0.093313
vn 0.000000 -0.025882 -0.096593
vn 0.000000 -0.018286 -0.098314
vn 0.000000 -0.025882 -0.096593
vn 0.000000 -0.025882 -0.096593
vn 0.000000 -0.050000 -0.086603
vn 0.000000 -0.050000 -0.086603
vn 0.000000 -0.070711 -0.070711
vn 0.000000 -0.099504 -0.009950
vn 0.000000 -0.096593 -0.025882
vn 0.000000 -0.096593 -0.025882
vn 0.000000 -0.096593 -0.025882
vn 0.000000 -0.086603 -0.050000
vn 0.000000 -0.086603 -0.050000
vn 0.000000 -0.070711 -0.070711
vn 0.000000 -0.070711 -0.070711
vn 0.000000 -0.050000 -0.086603
vn 0.000000 -0.050000 -0.086603
vn 0.000000 -0.025882 -0.096593
vn 0.000000 -0.025882 -0.096593
vn 0.000000 -0.018286 -0.098314
vn 0.000000 -0.025882 -0.096593
vn 0.000000 -0.025882 -0.096593
vn 0.000000 -0.050000 -0.086603
vn 0.000000 -0.050000 -0.086603
vn 0.000000 -0.070711 -0.070711
vn 0.000000 -0.070711 -0.070711
vn 0.000000 -0.086603 -0.050000
vn 0.000000 -0.086603 -0.050000
vn 0.000000 -0.096593 -0.025882
vn 0.000000 -0.096593 -0.025882
vn 0.000000 -0.096593 -0.025882
vn 0.000000 -0.096593 -0.025882
vn 0.000000 -0.086603 -0.050000
vn 0.000000 -0.086603 -0.050000
vn 0.000000 -0.070711 -0.070711
vn 0.000000 -0.070711 -0.070711
vn 0.000000 -0.050000 -0.086603
vn 0.000000 -0.050000 -0.086603
vn 0.000000 -0.025882 -0.096593
vn 0.000000 -0.025882 -0.096593
vn 0.000000 -0.025882 -0.096593
vn 0.000000 -0.096007 -0.027977
vn 0.000000 -0.089272 -0.045061
vn 0.000000 -0.086603 -0.050000
vn 0.000000 -0.079527 -0.060625
vn 0.000000 -0.070711 -0.070711
vn 0.000000 -0.067101 -0.074145
vn 0.000000 -0.050000 -0.086603
vn 0.000000 -0.052411 -0.085165
vn 0.000000 -0.035955 -0.093313
vn 0.000000 -0.025882 -0.096593
vn 0.000000 -0.025882 -0.096593
vn 0.000000 -0.025882 -0.096593
vn 0.000000 -0.050000 -0.086603
vn 0.000000 -0.050000 -0.086603
vn 0.000000 -0.070711 -0.070711
vn 0.000000 -0.070711 -0.070711
vn 0.000000 -0.086603 -0.050000
vn 0.000000 -0.079527 -0.060625
vn 0.000000 -0.086603 -0.050000
vn 0.000000 -0.096593 -0.025882
vn 0.000000 -0.089272 -0.045061
vn 0.000000 -0.096593 -0.025882
vn 0.000000 -0.096007 -0.027977
vn 0.000000 -0.096593 -0.025882
vn 0.000000 -0.096593 -0.025882
vn 0.000000 -0.096593 -0.025882
vn 0.000000 -0.086603 -0.050000
vn 0.000000 -0.086603 -0.050000
vn 0.000000 -0.070711 -0.070711
vn 0.000000 -0.086603 -0.050000
vn 0.000000 -0.096593 -0.025882
vn 0.000000 -0.086603 -0.050000
vn 0.000000 -0.070711 -0.070711
vn 0.000000 -0.050000 -0.086603
vn 0.000000 -0.025882 -0.096593
vn 0.000000 -0.096593 -0.025882
vn 0.000000 -0.086603 -0.050000
vn 0.000000 -0.096593 -0.025882
vn 0.000000 -0.096593 -0.025882
vn 0.000000 -0.096593 -0.025882
vn 0.000000 -0.086603 -0.050000
vn 0.000000 -0.086603 -0.050000
vn 0.000000 -0.070711 -0.070711
vn 0.000000 -0.086603 -0.050000
vn 0.000000 -0.096593 -0.025882
vn 0.000000 -0.086603 -0.050000
vn 0.000000 -0.070711 -0.070711
vn 0.000000 -0.070711 -0.070711
vn 0.000000 -0.050000 -0.086603
vn 0.000000 -0.025882 -0.096593
vn 0.000000 -0.070711 -0.070711
vn 0.000000 -0.050000 -0.086603
vn 0.000000 -0.070711 -0.070711
vn 0.000000 -0.070711 -0.070711
vn 0.000000 -0.050000 -0.086603
vn 0.000000 -0.050000 -0.086603
vn 0.000000 -0.025882 -0.096593
vn 0.000000 -0.050000 -0.086603
vn 0.000000 -0.050000 -0.086603
vn 0.000000 -0.025882 -0.096593
vn 0.000000 -0.050000 -0.086603
vn 0.000000 -0.025882 -0.096593
vn 0.000000 -0.025882 -0.096593
vn 0.000000 -0.025882 -0.096593
vn -0.099504 0.000000 -0.009950
vn -0.099504 0.000000 -0.009950
vn -0.099504 0.000000 -0.009950
vn -0.099504 0.000000 -0.009950
vn -0.099504 0.000000 -0.009950
vn -0.099504 0.000000 -0.009950
vn -0.099504 0.000000 -0.009950
vn -0.099504 0.000000 -0.009950
vn 0.000000 -0.100000 -0.000000
vn 0.000000 -0.100000 -0.000000
vn -0.000000 0.000000 0.100000
vn -0.000000 0.000000 0.100000
vn -0.000000 0.000000 0.100000
vn -0.000000 0.000000 0.100000
vn 0.099504 -0.000000 -0.009950
vn 0.099504 -0.000000 -0.009950
vn 0.099504 -0.000000 -0.009950
vn 0.099504 -0.000000 -0.009950
vn 0.099504 -0.000000 -0.009950
vn 0.099504 -0.000000 -0.009950
vn 0.099504 -0.000000 -0.009950
vn 0.099504 -0.000000 -0.009950
vn -0.000000 0.100000 0.000000
vn -0.000000 0.100000 0.000000
usemtl PEKK_-_Polyetherketoneketone_Reinforced_With_Carbon_Fibers_-_HT-23_(with_EOS_P_810_3D_Printer)
f 1/1/1 2/2/2 18/3/3
f 18/3/3 2/2/2 65/4/4
f 18/3/3 65/4/4 66/5/5
f 66/5/5 65/4/4 135/6/6
f 66/5/5 135/6/6 136/7/7
f 136/7/7 135/6/6 205/8/8
f 136/7/7 205/8/8 206/9/9
f 206/9/9 205/8/8 275/10/10
f 206/9/9 275/10/10 276/11/11
f 276/11/11 275/10/10 345/12/12
f 276/11/11 345/12/12 346/13/13
f 346/13/13 345/12/12 11/14/14
f 346/13/13 11/14/14 347/15/15
f 347/15/15 11/14/14 348/16/16
f 347/15/15 348/16/16 278/17/17
f 278/17/17 348/16/16 279/18/18
f 278/17/17 279/18/18 209/19/19
f 209/19/19 279/18/18 210/20/20
f 209/19/19 210/20/20 140/21/21
f 140/21/21 210/20/20 141/22/22
f 140/21/21 141/22/22 71/23/23
f 71/23/23 141/22/22 72/24/24
f 71/23/23 72/24/24 18/3/3
f 18/3/3 72/24/24 73/25/25
f 18/3/3 73/25/25 74/26/26
f 74/26/26 73/25/25 143/27/27
f 74/26/26 143/27/27 144/28/28
f 144/28/28 143/27/27 213/29/29
f 144/28/28 213/29/29 214/30/30
f 214/30/30 213/29/29 283/31/31
f 214/30/30 283/31/31 284/32/32
f 284/32/32 283/31/31 353/33/33
f 284/32/32 353/33/33 354/34/34
f 354/34/34 353/33/33 11/14/14
f 354/34/34 11/14/14 355/35/35
f 355/35/35 11/14/14 356/36/36
f 355/35/35 356/36/36 286/37/37
f 286/37/37 356/36/36 287/38/38
f 286/37/37 287/38/38 217/39/39
f 217/39/39 287/38/38 218/40/40
f 217/39/39 218/40/40 148/41/41
f 148/41/41 218/40/40 149/42/42
f 148/41/41 149/42/42 79/43/43
f 79/43/43 149/42/42 80/44/44
f 79/43/43 80/44/44 18/3/3
f 18/3/3 80/44/44 81/45/45
f 18/3/3 81/45/45 82/46/46
f 82/46/46 81/45/45 151/47/47
f 82/46/46 151/47/47 152/48/48
f 152/48/48 151/47/47 221/49/49
f 152/48/48 221/49/49 222/50/50
f 222/50/50 221/49/49 291/51/51
f 222/50/50 291/51/51 292/52/52
f 292/52/52 291/51/51 361/53/53
f 292/52/52 361/53/53 362/54/54
f 362/54/54 361/53/53 11/14/14
f 362/54/54 11/14/14 363/55/55
f 363/55/55 11/14/14 12/56/56
f 363/55/55 12/56/56 13/57/57
f 3/58/58 19/59/59 2/2/2
f 2/2/2 19/59/59 20/60/60
f 2/2/2 20/60/60 21/61/61
f 21/61/61 20/60/60 90/62/62
f 21/61/61 90/62/62 91/63/63
f 91/63/63 90/62/62 160/64/64
f 91/63/63 160/64/64 161/65/65
f 161/65/65 160/64/64 230/66/66
f 161/65/65 230/66/66 231/67/67
f 231/67/67 230/66/66 300/68/68
f 231/67/67 300/68/68 301/69/69
f 301/69/69 300/68/68 9/70/70
f 301/69/69 9/70/70 302/71/71
f 302/71/71 9/70/70 303/72/72
f 302/71/71 303/72/72 233/73/73
f 233/73/73 303/72/72 234/74/74
f 233/73/73 234/74/74 164/75/75
f 164/75/75 234/74/74 165/76/76
f 164/75/75 165/76/76 95/77/77
f 95/77/77 165/76/76 96/78/78
f 95/77/77 96/78/78 26/79/79
f 26/79/79 96/78/78 27/80/80
f 26/79/79 27/80/80 2/2/2
f 2/2/2 27/80/80 28/81/81
f 2/2/2 28/81/81 29/82/82
f 29/82/82 28/81/81 98/83/83
f 29/82/82 98/83/83 99/84/84
f 99/84/84 98/83/83 168/85/85
f 99/84/84 168/85/85 169/86/86
f 169/86/86 168/85/85 238/87/87
f 169/86/86 238/87/87 239/88/88
f 239/88/88 238/87/87 308/89/89
f 239/88/88 308/89/89 309/90/90
f 309/90/90 308/89/89 9/70/70
f 309/90/90 9/70/70 310/91/91
f 310/91/91 9/70/70 311/92/92
f 310/91/91 311/92/92 241/93/93
f 241/93/93 311/92/92 242/94/94
f 241/93/93 242/94/94 172/95/95
f 172/95/95 242/94/94 173/96/96
f 172/95/95 173/96/96 103/97/97
f 103/97/97 173/96/96 104/98/98
f 103/97/97 104/98/98 34/99/99
f 34/99/99 104/98/98 35/100/100
f 34/99/99 35/100/100 2/2/2
f 2/2/2 35/100/100 36/101/101
f 2/2/2 36/101/101 37/102/102
f 37/102/102 36/101/101 106/103/103
f 37/102/102 106/103/103 107/104/104
f 107/104/104 106/103/103 176/105/105
f 107/104/104 176/105/105 177/106/106
f 177/106/106 176/105/105 246/107/107
f 177/106/106 246/107/107 247/108/108
f 247/108/108 246/107/107 316/109/109
f 247/108/108 316/109/109 317/110/110
f 317/110/110 316/109/109 9/70/70
f 317/110/110 9/70/70 11/14/14
f 11/14/14 9/70/70 10/111/111
f 3/58/58 4/112/112 19/59/59
f 19/59/59 4/112/112 88/113/113
f 19/59/59 88/113/113 89/114/114
f 89/114/114 88/113/113 158/115/115
f 89/114/114 158/115/115 159/116/116
f 159/116/116 158/115/115 228/117/117
f 159/116/116 228/117/117 229/118/118
f 229/118/118 228/117/117 298/119/119
f 229/118/118 298/119/119 299/120/120
f 299/120/120 298/119/119 9/70/70
f 299/120/120 9/70/70 300/68/68
f 4/112/112 5/121/121 88/113/113
f 88/113/113 5/121/121 157/122/122
f 88/113/113 157/122/122 158/115/115
f 158/115/115 157/122/122 227/123/123
f 158/115/115 227/123/123 228/117/117
f 228/117/117 227/123/123 297/124/124
f 228/117/117 297/124/124 298/119/119
f 298/119/119 297/124/124 9/70/70
f 5/121/121 6/125/125 157/122/122
f 157/122/122 6/125/125 7/126/126
f 157/122/122 7/126/126 226/127/127
f 226/127/127 7/126/126 8/128/128
f 226/127/127 8/128/128 295/129/129
f 295/129/129 8/128/128 9/70/70
f 295/129/129 9/70/70 296/130/130
f 296/130/130 9/70/70 297/124/124
f 296/130/130 297/124/124 227/123/123
f 363/55/55 13/57/57 294/131/131
f 294/131/131 13/57/57 14/132/132
f 294/131/131 14/132/132 225/133/133
f 225/133/133 14/132/132 15/134/134
f 225/133/133 15/134/134 16/135/135
f 225/133/133 16/135/135 156/136/136
f 156/136/136 16/135/135 17/137/137
f 156/136/136 17/137/137 87/138/138
f 87/138/138 17/137/137 18/3/3
f 87/138/138 18/3/3 86/139/139
f 86/139/139 18/3/3 85/140/140
f 86/139/139 85/140/140 155/141/141
f 155/141/141 85/140/140 154/142/142
f 155/141/141 154/142/142 224/143/143
f 224/143/143 154/142/142 223/144/144
f 224/143/143 223/144/144 293/145/145
f 293/145/145 223/144/144 292/52/52
f 293/145/145 292/52/52 362/54/54
f 90/62/62 20/60/60 89/114/114
f 89/114/114 20/60/60 19/59/59
f 21/61/61 22/146/146 2/2/2
f 2/2/2 22/146/146 23/147/147
f 2/2/2 23/147/147 24/148/148
f 24/148/148 23/147/147 93/149/149
f 24/148/148 93/149/149 94/150/150
f 94/150/150 93/149/149 163/151/151
f 94/150/150 163/151/151 164/75/75
f 164/75/75 163/151/151 233/73/73
f 21/61/61 91/63/63 22/146/146
f 22/146/146 91/63/63 92/152/152
f 22/146/146 92/152/152 23/147/147
f 23/147/147 92/152/152 93/149/149
f 26/79/79 2/2/2 25/153/153
f 25/153/153 2/2/2 24/148/148
f 25/153/153 24/148/148 94/150/150
f 95/77/77 26/79/79 25/153/153
f 95/77/77 25/153/153 94/150/150
f 28/81/81 27/80/80 97/154/154
f 97/154/154 27/80/80 96/78/78
f 97/154/154 96/78/78 166/155/155
f 166/155/155 96/78/78 165/76/76
f 166/155/155 165/76/76 235/156/156
f 235/156/156 165/76/76 234/74/74
f 235/156/156 234/74/74 304/157/157
f 304/157/157 234/74/74 303/72/72
f 304/157/157 303/72/72 9/70/70
f 29/82/82 30/158/158 2/2/2
f 2/2/2 30/158/158 31/159/159
f 2/2/2 31/159/159 32/160/160
f 32/160/160 31/159/159 101/161/161
f 32/160/160 101/161/161 102/162/162
f 102/162/162 101/161/161 171/163/163
f 102/162/162 171/163/163 172/95/95
f 172/95/95 171/163/163 241/93/93
f 29/82/82 99/84/84 30/158/158
f 30/158/158 99/84/84 100/164/164
f 30/158/158 100/164/164 31/159/159
f 31/159/159 100/164/164 101/161/161
f 34/99/99 2/2/2 33/165/165
f 33/165/165 2/2/2 32/160/160
f 33/165/165 32/160/160 102/162/162
f 103/97/97 34/99/99 33/165/165
f 103/97/97 33/165/165 102/162/162
f 36/101/101 35/100/100 105/166/166
f 105/166/166 35/100/100 104/98/98
f 105/166/166 104/98/98 174/167/167
f 174/167/167 104/98/98 173/96/96
f 174/167/167 173/96/96 243/168/168
f 243/168/168 173/96/96 242/94/94
f 243/168/168 242/94/94 312/169/169
f 312/169/169 242/94/94 311/92/92
f 312/169/169 311/92/92 9/70/70
f 37/102/102 38/170/170 2/2/2
f 2/2/2 38/170/170 39/171/171
f 2/2/2 39/171/171 40/172/172
f 40/172/172 39/171/171 109/173/173
f 40/172/172 109/173/173 110/174/174
f 110/174/174 109/173/173 179/175/175
f 110/174/174 179/175/175 180/176/176
f 180/176/176 179/175/175 249/177/177
f 180/176/176 249/177/177 250/178/178
f 250/178/178 249/177/177 319/179/179
f 250/178/178 319/179/179 320/180/180
f 320/180/180 319/179/179 11/14/14
f 320/180/180 11/14/14 321/181/181
f 321/181/181 11/14/14 322/182/182
f 321/181/181 322/182/182 252/183/183
f 252/183/183 322/182/182 253/184/184
f 252/183/183 253/184/184 183/185/185
f 183/185/185 253/184/184 184/186/186
f 183/185/185 184/186/186 114/187/187
f 114/187/187 184/186/186 115/188/188
f 114/187/187 115/188/188 45/189/189
f 45/189/189 115/188/188 46/190/190
f 45/189/189 46/190/190 2/2/2
f 2/2/2 46/190/190 47/191/191
f 2/2/2 47/191/191 48/192/192
f 48/192/192 47/191/191 117/193/193
f 48/192/192 117/193/193 118/194/194
f 118/194/194 117/193/193 187/195/195
f 118/194/194 187/195/195 188/196/196
f 188/196/196 187/195/195 257/197/197
f 188/196/196 257/197/197 258/198/198
f 258/198/198 257/197/197 327/199/199
f 258/198/198 327/199/199 328/200/200
f 328/200/200 327/199/199 11/14/14
f 328/200/200 11/14/14 329/201/201
f 329/201/201 11/14/14 330/202/202
f 329/201/201 330/202/202 260/203/203
f 260/203/203 330/202/202 261/204/204
f 260/203/203 261/204/204 191/205/205
f 191/205/205 261/204/204 192/206/206
f 191/205/205 192/206/206 122/207/207
f 122/207/207 192/206/206 123/208/208
f 122/207/207 123/208/208 53/209/209
f 53/209/209 123/208/208 54/210/210
f 53/209/209 54/210/210 2/2/2
f 2/2/2 54/210/210 55/211/211
f 2/2/2 55/211/211 56/212/212
f 56/212/212 55/211/211 125/213/213
f 56/212/212 125/213/213 126/214/214
f 126/214/214 125/213/213 195/215/215
f 126/214/214 195/215/215 196/216/216
f 196/216/216 195/215/215 265/217/217
f 196/216/216 265/217/217 266/218/218
f 266/218/218 265/217/217 335/219/219
f 266/218/218 335/219/219 336/220/220
f 336/220/220 335/219/219 11/14/14
f 336/220/220 11/14/14 337/221/221
f 337/221/221 11/14/14 338/222/222
f 337/221/221 338/222/222 268/223/223
f 268/223/223 338/222/222 269/224/224
f 268/223/223 269/224/224 199/225/225
f 199/225/225 269/224/224 200/226/226
f 199/225/225 200/226/226 130/227/227
f 130/227/227 200/226/226 131/228/228
f 130/227/227 131/228/228 61/229/229
f 61/229/229 131/228/228 62/230/230
f 61/229/229 62/230/230 2/2/2
f 2/2/2 62/230/230 63/231/231
f 2/2/2 63/231/231 64/232/232
f 64/232/232 63/231/231 133/233/233
f 64/232/232 133/233/233 134/234/234
f 134/234/234 133/233/233 203/235/235
f 134/234/234 203/235/235 204/236/236
f 204/236/236 203/235/235 273/237/237
f 204/236/236 273/237/237 274/238/238
f 274/238/238 273/237/237 343/239/239
f 274/238/238 343/239/239 344/240/240
f 344/240/240 343/239/239 11/14/14
f 344/240/240 11/14/14 345/12/12
f 37/102/102 107/104/104 38/170/170
f 38/170/170 107/104/104 108/241/241
f 38/170/170 108/241/241 39/171/171
f 39/171/171 108/241/241 109/173/173
f 40/172/172 41/242/242 2/2/2
f 2/2/2 41/242/242 42/243/243
f 2/2/2 42/243/243 43/244/244
f 43/244/244 42/243/243 112/245/245
f 43/244/244 112/245/245 113/246/246
f 113/246/246 112/245/245 182/247/247
f 113/246/246 182/247/247 183/185/185
f 183/185/185 182/247/247 252/183/183
f 40/172/172 110/174/174 41/242/242
f 41/242/242 110/174/174 111/248/248
f 41/242/242 111/248/248 42/243/243
f 42/243/243 111/248/248 112/245/245
f 45/189/189 2/2/2 44/249/249
f 44/249/249 2/2/2 43/244/244
f 44/249/249 43/244/244 113/246/246
f 114/187/187 45/189/189 44/249/249
f 114/187/187 44/249/249 113/246/246
f 47/191/191 46/190/190 116/250/250
f 116/250/250 46/190/190 115/188/188
f 116/250/250 115/188/188 185/251/251
f 185/251/251 115/188/188 184/186/186
f 185/251/251 184/186/186 254/252/252
f 254/252/252 184/186/186 253/184/184
f 254/252/252 253/184/184 323/253/253
f 323/253/253 253/184/184 322/182/182
f 323/253/253 322/182/182 11/14/14
f 48/192/192 49/254/254 2/2/2
f 2/2/2 49/254/254 50/255/255
f 2/2/2 50/255/255 51/256/256
f 51/256/256 50/255/255 120/257/257
f 51/256/256 120/257/257 121/258/258
f 121/258/258 120/257/257 190/259/259
f 121/258/258 190/259/259 191/205/205
f 191/205/205 190/259/259 260/203/203
f 48/192/192 118/194/194 49/254/254
f 49/254/254 118/194/194 119/260/260
f 49/254/254 119/260/260 50/255/255
f 50/255/255 119/260/260 120/257/257
f 53/209/209 2/2/2 52/261/261
f 52/261/261 2/2/2 51/256/256
f 52/261/261 51/256/256 121/258/258
f 122/207/207 53/209/209 52/261/261
f 122/207/207 52/261/261 121/258/258
f 55/211/211 54/210/210 124/262/262
f 124/262/262 54/210/210 123/208/208
f 124/262/262 123/208/208 193/263/263
f 193/263/263 123/208/208 192/206/206
f 193/263/263 192/206/206 262/264/264
f 262/264/264 192/206/206 261/204/204
f 262/264/264 261/204/204 331/265/265
f 331/265/265 261/204/204 330/202/202
f 331/265/265 330/202/202 11/14/14
f 56/212/212 57/266/266 2/2/2
f 2/2/2 57/266/266 58/267/267
f 2/2/2 58/267/267 59/268/268
f 59/268/268 58/267/267 128/269/269
f 59/268/268 128/269/269 129/270/270
f 129/270/270 128/269/269 198/271/271
f 129/270/270 198/271/271 199/225/225
f 199/225/225 198/271/271 268/223/223
f 56/212/212 126/214/214 57/266/266
f 57/266/266 126/214/214 127/272/272
f 57/266/266 127/272/272 58/267/267
f 58/267/267 127/272/272 128/269/269
f 61/229/229 2/2/2 60/273/273
f 60/273/273 2/2/2 59/268/268
f 60/273/273 59/268/268 129/270/270
f 130/227/227 61/229/229 60/273/273
f 130/227/227 60/273/273 129/270/270
f 65/4/4 2/2/2 64/232/232
f 63/231/231 62/230/230 132/274/274
f 132/274/274 62/230/230 131/228/228
f 132/274/274 131/228/228 201/275/275
f 201/275/275 131/228/228 200/226/226
f 201/275/275 200/226/226 270/276/276
f 270/276/276 200/226/226 269/224/224
f 270/276/276 269/224/224 339/277/277
f 339/277/277 269/224/224 338/222/222
f 339/277/277 338/222/222 11/14/14
f 135/6/6 65/4/4 134/234/234
f 134/234/234 65/4/4 64/232/232
f 66/5/5 67/278/278 18/3/3
f 18/3/3 67/278/278 68/279/279
f 18/3/3 68/279/279 69/280/280
f 69/280/280 68/279/279 138/281/281
f 69/280/280 138/281/281 139/282/282
f 139/282/282 138/281/281 208/283/283
f 139/282/282 208/283/283 209/19/19
f 209/19/19 208/283/283 278/17/17
f 66/5/5 136/7/7 67/278/278
f 67/278/278 136/7/7 137/284/284
f 67/278/278 137/284/284 68/279/279
f 68/279/279 137/284/284 138/281/281
f 71/23/23 18/3/3 70/285/285
f 70/285/285 18/3/3 69/280/280
f 70/285/285 69/280/280 139/282/282
f 140/21/21 71/23/23 70/285/285
f 140/21/21 70/285/285 139/282/282
f 73/25/25 72/24/24 142/286/286
f 142/286/286 72/24/24 141/22/22
f 142/286/286 141/22/22 211/287/287
f 211/287/287 141/22/22 210/20/20
f 211/287/287 210/20/20 280/288/288
f 280/288/288 210/20/20 279/18/18
f 280/288/288 279/18/18 349/289/289
f 349/289/289 279/18/18 348/16/16
f 349/289/289 348/16/16 11/14/14
f 74/26/26 75/290/290 18/3/3
f 18/3/3 75/290/290 76/291/291
f 18/3/3 76/291/291 77/292/292
f 77/292/292 76/291/291 146/293/293
f 77/292/292 146/293/293 147/294/294
f 147/294/294 146/293/293 216/295/295
f 147/294/294 216/295/295 217/39/39
f 217/39/39 216/295/295 286/37/37
f 74/26/26 144/28/28 75/290/290
f 75/290/290 144/28/28 145/296/296
f 75/290/290 145/296/296 76/291/291
f 76/291/291 145/296/296 146/293/293
f 79/43/43 18/3/3 78/297/297
f 78/297/297 18/3/3 77/292/292
f 78/297/297 77/292/292 147/294/294
f 148/41/41 79/43/43 78/297/297
f 148/41/41 78/297/297 147/294/294
f 81/45/45 80/44/44 150/298/298
f 150/298/298 80/44/44 149/42/42
f 150/298/298 149/42/42 219/299/299
f 219/299/299 149/42/42 218/40/40
f 219/299/299 218/40/40 288/300/300
f 288/300/300 218/40/40 287/38/38
f 288/300/300 287/38/38 357/301/301
f 357/301/301 287/38/38 356/36/36
f 357/301/301 356/36/36 11/14/14
f 82/46/46 83/302/302 18/3/3
f 18/3/3 83/302/302 84/303/303
f 18/3/3 84/303/303 85/140/140
f 85/140/140 84/303/303 154/142/142
f 82/46/46 152/48/48 83/302/302
f 83/302/302 152/48/48 153/304/304
f 83/302/302 153/304/304 84/303/303
f 84/303/303 153/304/304 154/142/142
f 156/136/136 87/138/138 86/139/139
f 156/136/136 86/139/139 155/141/141
f 160/64/64 90/62/62 159/116/116
f 159/116/116 90/62/62 89/114/114
f 91/63/63 161/65/65 92/152/152
f 92/152/152 161/65/65 162/305/305
f 92/152/152 162/305/305 93/149/149
f 93/149/149 162/305/305 163/151/151
f 164/75/75 95/77/77 94/150/150
f 28/81/81 97/154/154 98/83/83
f 98/83/83 97/154/154 167/306/306
f 98/83/83 167/306/306 168/85/85
f 168/85/85 167/306/306 237/307/307
f 168/85/85 237/307/307 238/87/87
f 238/87/87 237/307/307 307/308/308
f 238/87/87 307/308/308 308/89/89
f 308/89/89 307/308/308 9/70/70
f 167/306/306 97/154/154 166/155/155
f 99/84/84 169/86/86 100/164/164
f 100/164/164 169/86/86 170/309/309
f 100/164/164 170/309/309 101/161/161
f 101/161/161 170/309/309 171/163/163
f 172/95/95 103/97/97 102/162/162
f 36/101/101 105/166/166 106/103/103
f 106/103/103 105/166/166 175/310/310
f 106/103/103 175/310/310 176/105/105
f 176/105/105 175/310/310 245/311/311
f 176/105/105 245/311/311 246/107/107
f 246/107/107 245/311/311 315/312/312
f 246/107/107 315/312/312 316/109/109
f 316/109/109 315/312/312 9/70/70
f 175/310/310 105/166/166 174/167/167
f 107/104/104 177/106/106 108/241/241
f 108/241/241 177/106/106 178/313/313
f 108/241/241 178/313/313 109/173/173
f 109/173/173 178/313/313 179/175/175
f 110/174/174 180/176/176 111/248/248
f 111/248/248 180/176/176 181/314/314
f 111/248/248 181/314/314 112/245/245
f 112/245/245 181/314/314 182/247/247
f 183/185/185 114/187/187 113/246/246
f 47/191/191 116/250/250 117/193/193
f 117/193/193 116/250/250 186/315/315
f 117/193/193 186/315/315 187/195/195
f 187/195/195 186/315/315 256/316/316
f 187/195/195 256/316/316 257/197/197
f 257/197/197 256/316/316 326/317/317
f 257/197/197 326/317/317 327/199/199
f 327/199/199 326/317/317 11/14/14
f 186/315/315 116/250/250 185/251/251
f 118/194/194 188/196/196 119/260/260
f 119/260/260 188/196/196 189/318/318
f 119/260/260 189/318/318 120/257/257
f 120/257/257 189/318/318 190/259/259
f 191/205/205 122/207/207 121/258/258
f 55/211/211 124/262/262 125/213/213
f 125/213/213 124/262/262 194/319/319
f 125/213/213 194/319/319 195/215/215
f 195/215/215 194/319/319 264/320/320
f 195/215/215 264/320/320 265/217/217
f 265/217/217 264/320/320 334/321/321
f 265/217/217 334/321/321 335/219/219
f 335/219/219 334/321/321 11/14/14
f 194/319/319 124/262/262 193/263/263
f 126/214/214 196/216/216 127/272/272
f 127/272/272 196/216/216 197/322/322
f 127/272/272 197/322/322 128/269/269
f 128/269/269 197/322/322 198/271/271
f 199/225/225 130/227/227 129/270/270
f 63/231/231 132/274/274 133/233/233
f 133/233/233 132/274/274 202/323/323
f 133/233/233 202/323/323 203/235/235
f 203/235/235 202/323/323 272/324/324
f 203/235/235 272/324/324 273/237/237
f 273/237/237 272/324/324 342/325/325
f 273/237/237 342/325/325 343/239/239
f 343/239/239 342/325/325 11/14/14
f 202/323/323 132/274/274 201/275/275
f 205/8/8 135/6/6 204/236/236
f 204/236/236 135/6/6 134/234/234
f 136/7/7 206/9/9 137/284/284
f 137/284/284 206/9/9 207/326/326
f 137/284/284 207/326/326 138/281/281
f 138/281/281 207/326/326 208/283/283
f 209/19/19 140/21/21 139/282/282
f 73/25/25 142/286/286 143/27/27
f 143/27/27 142/286/286 212/327/327
f 143/27/27 212/327/327 213/29/29
f 213/29/29 212/327/327 282/328/328
f 213/29/29 282/328/328 283/31/31
f 283/31/31 282/328/328 352/329/329
f 283/31/31 352/329/329 353/33/33
f 353/33/33 352/329/329 11/14/14
f 212/327/327 142/286/286 211/287/287
f 144/28/28 214/30/30 145/296/296
f 145/296/296 214/30/30 215/330/330
f 145/296/296 215/330/330 146/293/293
f 146/293/293 215/330/330 216/295/295
f 217/39/39 148/41/41 147/294/294
f 81/45/45 150/298/298 151/47/47
f 151/47/47 150/298/298 220/331/331
f 151/47/47 220/331/331 221/49/49
f 221/49/49 220/331/331 290/332/332
f 221/49/49 290/332/332 291/51/51
f 291/51/51 290/332/332 360/333/333
f 291/51/51 360/333/333 361/53/53
f 361/53/53 360/333/333 11/14/14
f 220/331/331 150/298/298 219/299/299
f 223/144/144 154/142/142 153/304/304
f 223/144/144 153/304/304 222/50/50
f 222/50/50 153/304/304 152/48/48
f 225/133/133 156/136/136 155/141/141
f 225/133/133 155/141/141 224/143/143
f 230/66/66 160/64/64 229/118/118
f 229/118/118 160/64/64 159/116/116
f 161/65/65 231/67/67 162/305/305
f 162/305/305 231/67/67 232/334/334
f 162/305/305 232/334/334 163/151/151
f 163/151/151 232/334/334 233/73/73
f 167/306/306 166/155/155 236/335/335
f 236/335/335 166/155/155 235/156/156
f 236/335/335 235/156/156 305/336/336
f 305/336/336 235/156/156 304/157/157
f 305/336/336 304/157/157 9/70/70
f 169/86/86 239/88/88 170/309/309
f 170/309/309 239/88/88 240/337/337
f 170/309/309 240/337/337 171/163/163
f 171/163/163 240/337/337 241/93/93
f 175/310/310 174/167/167 244/338/338
f 244/338/338 174/167/167 243/168/168
f 244/338/338 243/168/168 313/339/339
f 313/339/339 243/168/168 312/169/169
f 313/339/339 312/169/169 9/70/70
f 177/106/106 247/108/108 178/313/313
f 178/313/313 247/108/108 248/340/340
f 178/313/313 248/340/340 179/175/175
f 179/175/175 248/340/340 249/177/177
f 180/176/176 250/178/178 181/314/314
f 181/314/314 250/178/178 251/341/341
f 181/314/314 251/341/341 182/247/247
f 182/247/247 251/341/341 252/183/183
f 186/315/315 185/251/251 255/342/342
f 255/342/342 185/251/251 254/252/252
f 255/342/342 254/252/252 324/343/343
f 324/343/343 254/252/252 323/253/253
f 324/343/343 323/253/253 11/14/14
f 188/196/196 258/198/198 189/318/318
f 189/318/318 258/198/198 259/344/344
f 189/318/318 259/344/344 190/259/259
f 190/259/259 259/344/344 260/203/203
f 194/319/319 193/263/263 263/345/345
f 263/345/345 193/263/263 262/264/264
f 263/345/345 262/264/264 332/346/346
f 332/346/346 262/264/264 331/265/265
f 332/346/346 331/265/265 11/14/14
f 196/216/216 266/218/218 197/322/322
f 197/322/322 266/218/218 267/347/347
f 197/322/322 267/347/347 198/271/271
f 198/271/271 267/347/347 268/223/223
f 202/323/323 201/275/275 271/348/348
f 271/348/348 201/275/275 270/276/276
f 271/348/348 270/276/276 340/349/349
f 340/349/349 270/276/276 339/277/277
f 340/349/349 339/277/277 11/14/14
f 275/10/10 205/8/8 274/238/238
f 274/238/238 205/8/8 204/236/236
f 206/9/9 276/11/11 207/326/326
f 207/326/326 276/11/11 277/350/350
f 207/326/326 277/350/350 208/283/283
f 208/283/283 277/350/350 278/17/17
f 212/327/327 211/287/287 281/351/351
f 281/351/351 211/287/287 280/288/288
f 281/351/351 280/288/288 350/352/352
f 350/352/352 280/288/288 349/289/289
f 350/352/352 349/289/289 11/14/14
f 214/30/30 284/32/32 215/330/330
f 215/330/330 284/32/32 285/353/353
f 215/330/330 285/353/353 216/295/295
f 216/295/295 285/353/353 286/37/37
f 220/331/331 219/299/299 289/354/354
f 289/354/354 219/299/299 288/300/300
f 289/354/354 288/300/300 358/355/355
f 358/355/355 288/300/300 357/301/301
f 358/355/355 357/301/301 11/14/14
f 292/52/52 223/144/144 222/50/50
f 294/131/131 225/133/133 224/143/143
f 294/131/131 224/143/143 293/145/145
f 296/130/130 227/123/123 226/127/127
f 226/127/127 227/123/123 157/122/122
f 295/129/129 296/130/130 226/127/127
f 300/68/68 230/66/66 299/120/120
f 299/120/120 230/66/66 229/118/118
f 302/71/71 233/73/73 232/334/334
f 302/71/71 232/334/334 301/69/69
f 301/69/69 232/334/334 231/67/67
f 167/306/306 236/335/335 237/307/307
f 237/307/307 236/335/335 306/356/356
f 237/307/307 306/356/356 307/308/308
f 307/308/308 306/356/356 9/70/70
f 306/356/356 236/335/335 305/336/336
f 310/91/91 241/93/93 240/337/337
f 310/91/91 240/337/337 309/90/90
f 309/90/90 240/337/337 239/88/88
f 175/310/310 244/338/338 245/311/311
f 245/311/311 244/338/338 314/357/357
f 245/311/311 314/357/357 315/312/312
f 315/312/312 314/357/357 9/70/70
f 314/357/357 244/338/338 313/339/339
f 247/108/108 317/110/110 248/340/340
f 248/340/340 317/110/110 318/358/358
f 248/340/340 318/358/358 249/177/177
f 249/177/177 318/358/358 319/179/179
f 321/181/181 252/183/183 251/341/341
f 321/181/181 251/341/341 320/180/180
f 320/180/180 251/341/341 250/178/178
f 186/315/315 255/342/342 256/316/316
f 256/316/316 255/342/342 325/359/359
f 256/316/316 325/359/359 326/317/317
f 326/317/317 325/359/359 11/14/14
f 325/359/359 255/342/342 324/343/343
f 329/201/201 260/203/203 259/344/344
f 329/201/201 259/344/344 328/200/200
f 328/200/200 259/344/344 258/198/198
f 194/319/319 263/345/345 264/320/320
f 264/320/320 263/345/345 333/360/360
f 264/320/320 333/360/360 334/321/321
f 334/321/321 333/360/360 11/14/14
f 333/360/360 263/345/345 332/346/346
f 337/221/221 268/223/223 267/347/347
f 337/221/221 267/347/347 336/220/220
f 336/220/220 267/347/347 266/218/218
f 202/323/323 271/348/348 272/324/324
f 272/324/324 271/348/348 341/361/361
f 272/324/324 341/361/361 342/325/325
f 342/325/325 341/361/361 11/14/14
f 341/361/361 271/348/348 340/349/349
f 345/12/12 275/10/10 344/240/240
f 344/240/240 275/10/10 274/238/238
f 347/15/15 278/17/17 277/350/350
f 347/15/15 277/350/350 346/13/13
f 346/13/13 277/350/350 276/11/11
f 212/327/327 281/351/351 282/328/328
f 282/328/328 281/351/351 351/362/362
f 282/328/328 351/362/362 352/329/329
f 352/329/329 351/362/362 11/14/14
f 351/362/362 281/351/351 350/352/352
f 355/35/35 286/37/37 285/353/353
f 355/35/35 285/353/353 354/34/34
f 354/34/34 285/353/353 284/32/32
f 220/331/331 289/354/354 290/332/332
f 290/332/332 289/354/354 359/363/363
f 290/332/332 359/363/363 360/333/333
f 360/333/333 359/363/363 11/14/14
f 359/363/363 289/354/354 358/355/355
f 363/55/55 294/131/131 293/145/145
f 363/55/55 293/145/145 362/54/54
f 9/70/70 306/356/356 305/336/336
f 9/70/70 314/357/357 313/339/339
f 11/14/14 319/179/179 318/358/358
f 318/358/358 317/110/110 11/14/14
f 11/14/14 325/359/359 324/343/343
f 11/14/14 333/360/360 332/346/346
f 11/14/14 341/361/361 340/349/349
f 11/14/14 351/362/362 350/352/352
f 11/14/14 359/363/363 358/355/355
f 365/364/364 366/365/365 364/366/366
f 364/366/366 366/365/365 378/367/367
f 378/367/367 366/365/365 367/368/368
f 378/367/367 367/368/368 377/369/369
f 377/369/369 367/368/368 2/370/370
f 2/370/370 367/368/368 391/371/371
f 2/370/370 391/371/371 392/372/372
f 392/372/372 391/371/371 416/373/373
f 392/372/372 416/373/373 417/374/374
f 417/374/374 416/373/373 441/375/375
f 417/374/374 441/375/375 442/376/376
f 442/376/376 441/375/375 466/377/377
f 442/376/376 466/377/377 467/378/378
f 467/378/378 466/377/377 491/379/379
f 467/378/378 491/379/379 492/380/380
f 492/380/380 491/379/379 10/381/111
f 492/380/380 10/381/111 493/382/381
f 493/382/381 10/381/111 494/383/382
f 493/382/381 494/383/382 469/384/383
f 469/384/383 494/383/382 470/385/384
f 469/384/383 470/385/384 445/386/385
f 445/386/385 470/385/384 446/387/386
f 445/386/385 446/387/386 421/388/387
f 421/388/387 446/387/386 422/389/388
f 421/388/387 422/389/388 397/390/389
f 397/390/389 422/389/388 398/391/390
f 397/390/389 398/391/390 2/370/370
f 2/370/370 398/391/390 399/392/391
f 2/370/370 399/392/391 400/393/392
f 400/393/392 399/392/391 424/394/393
f 400/393/392 424/394/393 425/395/394
f 425/395/394 424/394/393 449/396/395
f 425/395/394 449/396/395 450/397/396
f 450/397/396 449/396/395 474/398/397
f 450/397/396 474/398/397 6/399/398
f 6/399/398 474/398/397 7/400/399
f 7/400/399 474/398/397 8/401/400
f 8/401/400 474/398/397 498/402/401
f 8/401/400 498/402/401 9/403/402
f 9/403/402 498/402/401 10/381/111
f 10/381/111 498/402/401 497/404/403
f 10/381/111 497/404/403 496/405/404
f 496/405/404 497/404/403 472/406/405
f 496/405/404 472/406/405 471/407/406
f 471/407/406 472/406/405 447/408/407
f 471/407/406 447/408/407 446/387/386
f 446/387/386 447/408/407 422/389/388
f 368/409/408 379/410/409 367/368/368
f 367/368/368 379/410/409 380/411/410
f 367/368/368 380/411/410 381/412/411
f 381/412/411 380/411/410 405/413/412
f 381/412/411 405/413/412 406/414/413
f 406/414/413 405/413/412 430/415/414
f 406/414/413 430/415/414 431/416/415
f 431/416/415 430/415/414 455/417/416
f 431/416/415 455/417/416 456/418/417
f 456/418/417 455/417/416 480/419/418
f 456/418/417 480/419/418 481/420/419
f 481/420/419 480/419/418 375/421/420
f 481/420/419 375/421/420 482/422/421
f 482/422/421 375/421/420 483/423/422
f 482/422/421 483/423/422 458/424/423
f 458/424/423 483/423/422 459/425/424
f 458/424/423 459/425/424 434/426/425
f 434/426/425 459/425/424 435/427/426
f 434/426/425 435/427/426 410/428/427
f 410/428/427 435/427/426 411/429/428
f 410/428/427 411/429/428 386/430/429
f 386/430/429 411/429/428 387/431/430
f 386/430/429 387/431/430 367/368/368
f 367/368/368 387/431/430 388/432/431
f 367/368/368 388/432/431 389/433/432
f 389/433/432 388/432/431 413/434/433
f 389/433/432 413/434/433 414/435/434
f 414/435/434 413/434/433 438/436/435
f 414/435/434 438/436/435 439/437/436
f 439/437/436 438/436/435 463/438/437
f 439/437/436 463/438/437 464/439/438
f 464/439/438 463/438/437 488/440/439
f 464/439/438 488/440/439 489/441/440
f 489/441/440 488/440/439 10/381/111
f 489/441/440 10/381/111 490/442/441
f 490/442/441 10/381/111 491/379/379
f 490/442/441 491/379/379 466/377/377
f 368/409/408 369/443/442 379/410/409
f 379/410/409 369/443/442 370/444/443
f 379/410/409 370/444/443 403/445/444
f 403/445/444 370/444/443 371/446/445
f 403/445/444 371/446/445 427/447/446
f 427/447/446 371/446/445 372/448/447
f 427/447/446 372/448/447 451/449/448
f 451/449/448 372/448/447 373/450/449
f 451/449/448 373/450/449 374/451/450
f 451/449/448 374/451/450 475/452/451
f 475/452/451 374/451/450 375/421/420
f 475/452/451 375/421/420 476/453/452
f 476/453/452 375/421/420 477/454/453
f 476/453/452 477/454/453 452/455/454
f 452/455/454 477/454/453 453/456/455
f 452/455/454 453/456/455 428/457/456
f 428/457/456 453/456/455 429/458/457
f 428/457/456 429/458/457 404/459/458
f 404/459/458 429/458/457 405/413/412
f 404/459/458 405/413/412 380/411/410
f 376/460/459 10/381/111 375/421/420
f 375/421/420 10/381/111 483/423/422
f 6/399/398 5/461/460 450/397/396
f 450/397/396 5/461/460 426/462/461
f 450/397/396 426/462/461 425/395/394
f 425/395/394 426/462/461 401/463/462
f 425/395/394 401/463/462 400/393/392
f 400/393/392 401/463/462 2/370/370
f 5/461/460 4/464/463 426/462/461
f 426/462/461 4/464/463 402/465/464
f 426/462/461 402/465/464 401/463/462
f 401/463/462 402/465/464 2/370/370
f 4/464/463 3/466/465 402/465/464
f 402/465/464 3/466/465 2/370/370
f 404/459/458 380/411/410 379/410/409
f 381/412/411 382/467/466 367/368/368
f 367/368/368 382/467/466 383/468/467
f 367/368/368 383/468/467 384/469/468
f 384/469/468 383/468/467 408/470/469
f 384/469/468 408/470/469 409/471/470
f 409/471/470 408/470/469 433/472/471
f 409/471/470 433/472/471 434/426/425
f 434/426/425 433/472/471 458/424/423
f 381/412/411 406/414/413 382/467/466
f 382/467/466 406/414/413 407/473/472
f 382/467/466 407/473/472 383/468/467
f 383/468/467 407/473/472 408/470/469
f 386/430/429 367/368/368 385/474/473
f 385/474/473 367/368/368 384/469/468
f 385/474/473 384/469/468 409/471/470
f 410/428/427 386/430/429 385/474/473
f 410/428/427 385/474/473 409/471/470
f 388/432/431 387/431/430 412/475/474
f 412/475/474 387/431/430 411/429/428
f 412/475/474 411/429/428 436/476/475
f 436/476/475 411/429/428 435/427/426
f 436/476/475 435/427/426 460/477/476
f 460/477/476 435/427/426 459/425/424
f 460/477/476 459/425/424 484/478/477
f 484/478/477 459/425/424 483/423/422
f 484/478/477 483/423/422 10/381/111
f 391/371/371 367/368/368 390/479/478
f 390/479/478 367/368/368 389/433/432
f 390/479/478 389/433/432 414/435/434
f 391/371/371 390/479/478 415/480/479
f 415/480/479 390/479/478 414/435/434
f 415/480/479 414/435/434 439/437/436
f 392/372/372 393/481/480 2/370/370
f 2/370/370 393/481/480 394/482/481
f 2/370/370 394/482/481 395/483/482
f 395/483/482 394/482/481 419/484/483
f 395/483/482 419/484/483 420/485/484
f 420/485/484 419/484/483 444/486/485
f 420/485/484 444/486/485 445/386/385
f 445/386/385 444/486/485 469/384/383
f 392/372/372 417/374/374 393/481/480
f 393/481/480 417/374/374 418/487/486
f 393/481/480 418/487/486 394/482/481
f 394/482/481 418/487/486 419/484/483
f 397/390/389 2/370/370 396/488/487
f 396/488/487 2/370/370 395/483/482
f 396/488/487 395/483/482 420/485/484
f 421/388/387 397/390/389 396/488/487
f 421/388/387 396/488/487 420/485/484
f 399/392/391 398/391/390 423/489/488
f 423/489/488 398/391/390 422/389/388
f 423/489/488 422/389/388 447/408/407
f 428/457/456 404/459/458 403/445/444
f 403/445/444 404/459/458 379/410/409
f 430/415/414 405/413/412 429/458/457
f 406/414/413 431/416/415 407/473/472
f 407/473/472 431/416/415 432/490/489
f 407/473/472 432/490/489 408/470/469
f 408/470/469 432/490/489 433/472/471
f 434/426/425 410/428/427 409/471/470
f 388/432/431 412/475/474 413/434/433
f 413/434/433 412/475/474 437/491/490
f 413/434/433 437/491/490 438/436/435
f 438/436/435 437/491/490 462/492/491
f 438/436/435 462/492/491 463/438/437
f 463/438/437 462/492/491 487/493/492
f 463/438/437 487/493/492 488/440/439
f 488/440/439 487/493/492 10/381/111
f 437/491/490 412/475/474 436/476/475
f 391/371/371 415/480/479 416/373/373
f 416/373/373 415/480/479 440/494/493
f 416/373/373 440/494/493 441/375/375
f 441/375/375 440/494/493 465/495/494
f 441/375/375 465/495/494 466/377/377
f 466/377/377 465/495/494 490/442/441
f 440/494/493 415/480/479 439/437/436
f 417/374/374 442/376/376 418/487/486
f 418/487/486 442/376/376 443/496/495
f 418/487/486 443/496/495 419/484/483
f 419/484/483 443/496/495 444/486/485
f 445/386/385 421/388/387 420/485/484
f 399/392/391 423/489/488 424/394/393
f 424/394/393 423/489/488 448/497/496
f 424/394/393 448/497/496 449/396/395
f 449/396/395 448/497/496 473/498/497
f 449/396/395 473/498/497 474/398/397
f 474/398/397 473/498/497 498/402/401
f 448/497/496 423/489/488 447/408/407
f 452/455/454 428/457/456 427/447/446
f 427/447/446 428/457/456 403/445/444
f 430/415/414 429/458/457 454/499/498
f 454/499/498 429/458/457 453/456/455
f 454/499/498 453/456/455 478/500/499
f 478/500/499 453/456/455 477/454/453
f 478/500/499 477/454/453 375/421/420
f 431/416/415 456/418/417 432/490/489
f 432/490/489 456/418/417 457/501/500
f 432/490/489 457/501/500 433/472/471
f 433/472/471 457/501/500 458/424/423
f 437/491/490 436/476/475 461/502/501
f 461/502/501 436/476/475 460/477/476
f 461/502/501 460/477/476 485/503/502
f 485/503/502 460/477/476 484/478/477
f 485/503/502 484/478/477 10/381/111
f 465/495/494 440/494/493 464/439/438
f 464/439/438 440/494/493 439/437/436
f 442/376/376 467/378/378 443/496/495
f 443/496/495 467/378/378 468/504/503
f 443/496/495 468/504/503 444/486/485
f 444/486/485 468/504/503 469/384/383
f 471/407/406 446/387/386 470/385/384
f 473/498/497 448/497/496 472/406/405
f 472/406/405 448/497/496 447/408/407
f 476/453/452 452/455/454 451/449/448
f 451/449/448 452/455/454 427/447/446
f 475/452/451 476/453/452 451/449/448
f 430/415/414 454/499/498 455/417/416
f 455/417/416 454/499/498 479/505/504
f 455/417/416 479/505/504 480/419/418
f 480/419/418 479/505/504 375/421/420
f 479/505/504 454/499/498 478/500/499
f 482/422/421 458/424/423 457/501/500
f 482/422/421 457/501/500 481/420/419
f 481/420/419 457/501/500 456/418/417
f 437/491/490 461/502/501 462/492/491
f 462/492/491 461/502/501 486/506/505
f 462/492/491 486/506/505 487/493/492
f 487/493/492 486/506/505 10/381/111
f 486/506/505 461/502/501 485/503/502
f 490/442/441 465/495/494 489/441/440
f 489/441/440 465/495/494 464/439/438
f 493/382/381 469/384/383 468/504/503
f 493/382/381 468/504/503 492/380/380
f 492/380/380 468/504/503 467/378/378
f 471/407/406 470/385/384 495/507/506
f 495/507/506 470/385/384 494/383/382
f 495/507/506 494/383/382 10/381/111
f 498/402/401 473/498/497 497/404/403
f 497/404/403 473/498/497 472/406/405
f 375/421/420 479/505/504 478/500/499
f 10/381/111 486/506/505 485/503/502
f 10/381/111 496/405/404 495/507/506
f 495/507/506 496/405/404 471/407/406
f 499/508/507 376/509/459 507/510/508
f 507/510/508 376/509/459 554/511/509
f 507/510/508 554/511/509 555/512/510
f 555/512/510 554/511/509 624/513/511
f 555/512/510 624/513/511 625/514/512
f 625/514/512 624/513/511 694/515/513
f 625/514/512 694/515/513 695/516/514
f 695/516/514 694/515/513 764/517/515
f 695/516/514 764/517/515 765/518/516
f 765/518/516 764/517/515 834/519/517
f 765/518/516 834/519/517 835/520/518
f 835/520/518 834/519/517 500/521/519
f 835/520/518 500/521/519 836/522/520
f 836/522/520 500/521/519 837/523/521
f 836/522/520 837/523/521 767/524/522
f 767/524/522 837/523/521 768/525/523
f 767/524/522 768/525/523 698/526/524
f 698/526/524 768/525/523 699/527/525
f 698/526/524 699/527/525 629/528/526
f 629/528/526 699/527/525 630/529/527
f 629/528/526 630/529/527 560/530/528
f 560/530/528 630/529/527 561/531/529
f 560/530/528 561/531/529 507/510/508
f 507/510/508 561/531/529 562/532/530
f 507/510/508 562/532/530 563/533/531
f 563/533/531 562/532/530 632/534/532
f 563/533/531 632/534/532 633/535/533
f 633/535/533 632/534/532 702/536/534
f 633/535/533 702/536/534 703/537/535
f 703/537/535 702/536/534 772/538/536
f 703/537/535 772/538/536 773/539/537
f 773/539/537 772/538/536 842/540/538
f 773/539/537 842/540/538 843/541/539
f 843/541/539 842/540/538 500/521/519
f 843/541/539 500/521/519 844/542/540
f 844/542/540 500/521/519 845/543/541
f 844/542/540 845/543/541 775/544/542
f 775/544/542 845/543/541 776/545/543
f 775/544/542 776/545/543 706/546/544
f 706/546/544 776/545/543 707/547/545
f 706/546/544 707/547/545 637/548/546
f 637/548/546 707/547/545 638/549/547
f 637/548/546 638/549/547 568/550/548
f 568/550/548 638/549/547 569/551/549
f 568/550/548 569/551/549 507/510/508
f 507/510/508 569/551/549 570/552/550
f 507/510/508 570/552/550 571/553/551
f 571/553/551 570/552/550 640/554/552
f 571/553/551 640/554/552 641/555/553
f 641/555/553 640/554/552 710/556/554
f 641/555/553 710/556/554 711/557/555
f 711/557/555 710/556/554 780/558/556
f 711/557/555 780/558/556 781/559/557
f 781/559/557 780/558/556 850/560/558
f 781/559/557 850/560/558 851/561/559
f 851/561/559 850/560/558 500/521/519
f 851/561/559 500/521/519 852/562/560
f 852/562/560 500/521/519 501/563/561
f 852/562/560 501/563/561 502/564/562
f 375/565/563 508/566/564 376/509/459
f 376/509/459 508/566/564 509/567/565
f 376/509/459 509/567/565 510/568/566
f 510/568/566 509/567/565 579/569/567
f 510/568/566 579/569/567 580/570/568
f 580/570/568 579/569/567 649/571/569
f 580/570/568 649/571/569 650/572/570
f 650/572/570 649/571/569 719/573/571
f 650/572/570 719/573/571 720/574/572
f 720/574/572 719/573/571 789/575/573
f 720/574/572 789/575/573 790/576/574
f 790/576/574 789/575/573 369/577/575
f 790/576/574 369/577/575 791/578/576
f 791/578/576 369/577/575 792/579/577
f 791/578/576 792/579/577 722/580/578
f 722/580/578 792/579/577 723/581/579
f 722/580/578 723/581/579 653/582/580
f 653/582/580 723/581/579 654/583/581
f 653/582/580 654/583/581 584/584/582
f 584/584/582 654/583/581 585/585/583
f 584/584/582 585/585/583 515/586/584
f 515/586/584 585/585/583 516/587/585
f 515/586/584 516/587/585 376/509/459
f 376/509/459 516/587/585 517/588/586
f 376/509/459 517/588/586 518/589/587
f 518/589/587 517/588/586 587/590/588
f 518/589/587 587/590/588 588/591/589
f 588/591/589 587/590/588 657/592/590
f 588/591/589 657/592/590 658/593/591
f 658/593/591 657/592/590 727/594/592
f 658/593/591 727/594/592 728/595/593
f 728/595/593 727/594/592 797/596/594
f 728/595/593 797/596/594 798/597/595
f 798/597/595 797/596/594 369/577/575
f 798/597/595 369/577/575 799/598/596
f 799/598/596 369/577/575 800/599/597
f 799/598/596 800/599/597 730/600/598
f 730/600/598 800/599/597 731/601/599
f 730/600/598 731/601/599 661/602/600
f 661/602/600 731/601/599 662/603/601
f 661/602/600 662/603/601 592/604/602
f 592/604/602 662/603/601 593/605/603
f 592/604/602 593/605/603 523/606/604
f 523/606/604 593/605/603 524/607/605
f 523/606/604 524/607/605 376/509/459
f 376/509/459 524/607/605 525/608/606
f 376/509/459 525/608/606 526/609/607
f 526/609/607 525/608/606 595/610/608
f 526/609/607 595/610/608 596/611/609
f 596/611/609 595/610/608 665/612/610
f 596/611/609 665/612/610 666/613/611
f 666/613/611 665/612/610 735/614/612
f 666/613/611 735/614/612 736/615/613
f 736/615/613 735/614/612 805/616/614
f 736/615/613 805/616/614 806/617/615
f 806/617/615 805/616/614 369/577/575
f 806/617/615 369/577/575 500/521/519
f 500/521/519 369/577/575 368/618/616
f 375/565/563 374/619/617 508/566/564
f 508/566/564 374/619/617 577/620/618
f 508/566/564 577/620/618 578/621/619
f 578/621/619 577/620/618 647/622/620
f 578/621/619 647/622/620 648/623/621
f 648/623/621 647/622/620 717/624/622
f 648/623/621 717/624/622 718/625/623
f 718/625/623 717/624/622 787/626/624
f 718/625/623 787/626/624 788/627/625
f 788/627/625 787/626/624 369/577/575
f 788/627/625 369/577/575 789/575/573
f 374/619/617 373/628/626 577/620/618
f 577/620/618 373/628/626 646/629/627
f 577/620/618 646/629/627 647/622/620
f 647/622/620 646/629/627 716/630/628
f 647/622/620 716/630/628 717/624/622
f 717/624/622 716/630/628 786/631/629
f 717/624/622 786/631/629 787/626/624
f 787/626/624 786/631/629 369/577/575
f 373/628/626 372/632/630 646/629/627
f 646/629/627 372/632/630 371/633/631
f 646/629/627 371/633/631 715/634/632
f 715/634/632 371/633/631 370/635/633
f 715/634/632 370/635/633 784/636/634
f 784/636/634 370/635/633 369/577/575
f 784/636/634 369/577/575 785/637/635
f 785/637/635 369/577/575 786/631/629
f 785/637/635 786/631/629 716/630/628
f 852/562/560 502/564/562 783/638/636
f 783/638/636 502/564/562 503/639/637
f 783/638/636 503/639/637 714/640/638
f 714/640/638 503/639/637 504/641/639
f 714/640/638 504/641/639 505/642/640
f 714/640/638 505/642/640 645/643/641
f 645/643/641 505/642/640 506/644/642
f 645/643/641 506/644/642 576/645/643
f 576/645/643 506/644/642 507/510/508
f 576/645/643 507/510/508 575/646/644
f 575/646/644 507/510/508 574/647/645
f 575/646/644 574/647/645 644/648/646
f 644/648/646 574/647/645 643/649/647
f 644/648/646 643/649/647 713/650/648
f 713/650/648 643/649/647 712/651/649
f 713/650/648 712/651/649 782/652/650
f 782/652/650 712/651/649 781/559/557
f 782/652/650 781/559/557 851/561/559
f 579/569/567 509/567/565 578/621/619
f 578/621/619 509/567/565 508/566/564
f 510/568/566 511/653/651 376/509/459
f 376/509/459 511/653/651 512/654/652
f 376/509/459 512/654/652 513/655/653
f 513/655/653 512/654/652 582/656/654
f 513/655/653 582/656/654 583/657/655
f 583/657/655 582/656/654 652/658/656
f 583/657/655 652/658/656 653/582/580
f 653/582/580 652/658/656 722/580/578
f 510/568/566 580/570/568 511/653/651
f 511/653/651 580/570/568 581/659/657
f 511/653/651 581/659/657 512/654/652
f 512/654/652 581/659/657 582/656/654
f 515/586/584 376/509/459 514/660/658
f 514/660/658 376/509/459 513/655/653
f 514/660/658 513/655/653 583/657/655
f 584/584/582 515/586/584 514/660/658
f 584/584/582 514/660/658 583/657/655
f 517/588/586 516/587/585 586/661/659
f 586/661/659 516/587/585 585/585/583
f 586/661/659 585/585/583 655/662/660
f 655/662/660 585/585/583 654/583/581
f 655/662/660 654/583/581 724/663/661
f 724/663/661 654/583/581 723/581/579
f 724/663/661 723/581/579 793/664/662
f 793/664/662 723/581/579 792/579/577
f 793/664/662 792/579/577 369/577/575
f 518/589/587 519/665/663 376/509/459
f 376/509/459 519/665/663 520/666/664
f 376/509/459 520/666/664 521/667/665
f 521/667/665 520/666/664 590/668/666
f 521/667/665 590/668/666 591/669/667
f 591/669/667 590/668/666 660/670/668
f 591/669/667 660/670/668 661/602/600
f 661/602/600 660/670/668 730/600/598
f 518/589/587 588/591/589 519/665/663
f 519/665/663 588/591/589 589/671/669
f 519/665/663 589/671/669 520/666/664
f 520/666/664 589/671/669 590/668/666
f 523/606/604 376/509/459 522/672/670
f 522/672/670 376/509/459 521/667/665
f 522/672/670 521/667/665 591/669/667
f 592/604/602 523/606/604 522/672/670
f 592/604/602 522/672/670 591/669/667
f 525/608/606 524/607/605 594/673/671
f 594/673/671 524/607/605 593/605/603
f 594/673/671 593/605/603 663/674/672
f 663/674/672 593/605/603 662/603/601
f 663/674/672 662/603/601 732/675/673
f 732/675/673 662/603/601 731/601/599
f 732/675/673 731/601/599 801/676/674
f 801/676/674 731/601/599 800/599/597
f 801/676/674 800/599/597 369/577/575
f 526/609/607 527/677/675 376/509/459
f 376/509/459 527/677/675 528/678/676
f 376/509/459 528/678/676 529/679/677
f 529/679/677 528/678/676 598/680/678
f 529/679/677 598/680/678 599/681/679
f 599/681/679 598/680/678 668/682/680
f 599/681/679 668/682/680 669/683/681
f 669/683/681 668/682/680 738/684/682
f 669/683/681 738/684/682 739/685/683
f 739/685/683 738/684/682 808/686/684
f 739/685/683 808/686/684 809/687/685
f 809/687/685 808/686/684 500/521/519
f 809/687/685 500/521/519 810/688/686
f 810/688/686 500/521/519 811/689/687
f 810/688/686 811/689/687 741/690/688
f 741/690/688 811/689/687 742/691/689
f 741/690/688 742/691/689 672/692/690
f 672/692/690 742/691/689 673/693/691
f 672/692/690 673/693/691 603/694/692
f 603/694/692 673/693/691 604/695/693
f 603/694/692 604/695/693 534/696/694
f 534/696/694 604/695/693 535/697/695
f 534/696/694 535/697/695 376/509/459
f 376/509/459 535/697/695 536/698/696
f 376/509/459 536/698/696 537/699/697
f 537/699/697 536/698/696 606/700/698
f 537/699/697 606/700/698 607/701/699
f 607/701/699 606/700/698 676/702/700
f 607/701/699 676/702/700 677/703/701
f 677/703/701 676/702/700 746/704/702
f 677/703/701 746/704/702 747/705/703
f 747/705/703 746/704/702 816/706/704
f 747/705/703 816/706/704 817/707/705
f 817/707/705 816/706/704 500/521/519
f 817/707/705 500/521/519 818/708/706
f 818/708/706 500/521/519 819/709/707
f 818/708/706 819/709/707 749/710/708
f 749/710/708 819/709/707 750/711/709
f 749/710/708 750/711/709 680/712/710
f 680/712/710 750/711/709 681/713/711
f 680/712/710 681/713/711 611/714/712
f 611/714/712 681/713/711 612/715/713
f 611/714/712 612/715/713 542/716/714
f 542/716/714 612/715/713 543/717/715
f 542/716/714 543/717/715 376/509/459
f 376/509/459 543/717/715 544/718/716
f 376/509/459 544/718/716 545/719/717
f 545/719/717 544/718/716 614/720/718
f 545/719/717 614/720/718 615/721/719
f 615/721/719 614/720/718 684/722/720
f 615/721/719 684/722/720 685/723/721
f 685/723/721 684/722/720 754/724/722
f 685/723/721 754/724/722 755/725/723
f 755/725/723 754/724/722 824/726/724
f 755/725/723 824/726/724 825/727/725
f 825/727/725 824/726/724 500/521/519
f 825/727/725 500/521/519 826/728/726
f 826/728/726 500/521/519 827/729/727
f 826/728/726 827/729/727 757/730/728
f 757/730/728 827/729/727 758/731/729
f 757/730/728 758/731/729 688/732/730
f 688/732/730 758/731/729 689/733/731
f 688/732/730 689/733/731 619/734/732
f 619/734/732 689/733/731 620/735/733
f 619/734/732 620/735/733 550/736/734
f 550/736/734 620/735/733 551/737/735
f 550/736/734 551/737/735 376/509/459
f 376/509/459 551/737/735 552/738/736
f 376/509/459 552/738/736 553/739/737
f 553/739/737 552/738/736 622/740/738
f 553/739/737 622/740/738 623/741/739
f 623/741/739 622/740/738 692/742/740
f 623/741/739 692/742/740 693/743/741
f 693/743/741 692/742/740 762/744/742
f 693/743/741 762/744/742 763/745/743
f 763/745/743 762/744/742 832/746/744
f 763/745/743 832/746/744 833/747/745
f 833/747/745 832/746/744 500/521/519
f 833/747/745 500/521/519 834/519/517
f 526/609/607 596/611/609 527/677/675
f 527/677/675 596/611/609 597/748/746
f 527/677/675 597/748/746 528/678/676
f 528/678/676 597/748/746 598/680/678
f 529/679/677 530/749/747 376/509/459
f 376/509/459 530/749/747 531/750/748
f 376/509/459 531/750/748 532/751/749
f 532/751/749 531/750/748 601/752/750
f 532/751/749 601/752/750 602/753/751
f 602/753/751 601/752/750 671/754/752
f 602/753/751 671/754/752 672/692/690
f 672/692/690 671/754/752 741/690/688
f 529/679/677 599/681/679 530/749/747
f 530/749/747 599/681/679 600/755/753
f 530/749/747 600/755/753 531/750/748
f 531/750/748 600/755/753 601/752/750
f 534/696/694 376/509/459 533/756/754
f 533/756/754 376/509/459 532/751/749
f 533/756/754 532/751/749 602/753/751
f 603/694/692 534/696/694 533/756/754
f 603/694/692 533/756/754 602/753/751
f 536/698/696 535/697/695 605/757/755
f 605/757/755 535/697/695 604/695/693
f 605/757/755 604/695/693 674/758/756
f 674/758/756 604/695/693 673/693/691
f 674/758/756 673/693/691 743/759/757
f 743/759/757 673/693/691 742/691/689
f 743/759/757 742/691/689 812/760/758
f 812/760/758 742/691/689 811/689/687
f 812/760/758 811/689/687 500/521/519
f 537/699/697 538/761/759 376/509/459
f 376/509/459 538/761/759 539/762/760
f 376/509/459 539/762/760 540/763/761
f 540/763/761 539/762/760 609/764/762
f 540/763/761 609/764/762 610/765/763
f 610/765/763 609/764/762 679/766/764
f 610/765/763 679/766/764 680/712/710
f 680/712/710 679/766/764 749/710/708
f 537/699/697 607/701/699 538/761/759
f 538/761/759 607/701/699 608/767/765
f 538/761/759 608/767/765 539/762/760
f 539/762/760 608/767/765 609/764/762
f 542/716/714 376/509/459 541/768/766
f 541/768/766 376/509/459 540/763/761
f 541/768/766 540/763/761 610/765/763
f 611/714/712 542/716/714 541/768/766
f 611/714/712 541/768/766 610/765/763
f 544/718/716 543/717/715 613/769/767
f 613/769/767 543/717/715 612/715/713
f 613/769/767 612/715/713 682/770/768
f 682/770/768 612/715/713 681/713/711
f 682/770/768 681/713/711 751/771/769
f 751/771/769 681/713/711 750/711/709
f 751/771/769 750/711/709 820/772/770
f 820/772/770 750/711/709 819/709/707
f 820/772/770 819/709/707 500/521/519
f 545/719/717 546/773/771 376/509/459
f 376/509/459 546/773/771 547/774/772
f 376/509/459 547/774/772 548/775/773
f 548/775/773 547/774/772 617/776/774
f 548/775/773 617/776/774 618/777/775
f 618/777/775 617/776/774 687/778/776
f 618/777/775 687/778/776 688/732/730
f 688/732/730 687/778/776 757/730/728
f 545/719/717 615/721/719 546/773/771
f 546/773/771 615/721/719 616/779/777
f 546/773/771 616/779/777 547/774/772
f 547/774/772 616/779/777 617/776/774
f 550/736/734 376/509/459 549/780/778
f 549/780/778 376/509/459 548/775/773
f 549/780/778 548/775/773 618/777/775
f 619/734/732 550/736/734 549/780/778
f 619/734/732 549/780/778 618/777/775
f 554/511/509 376/509/459 553/739/737
f 552/738/736 551/737/735 621/781/779
f 621/781/779 551/737/735 620/735/733
f 621/781/779 620/735/733 690/782/780
f 690/782/780 620/735/733 689/733/731
f 690/782/780 689/733/731 759/783/781
f 759/783/781 689/733/731 758/731/729
f 759/783/781 758/731/729 828/784/782
f 828/784/782 758/731/729 827/729/727
f 828/784/782 827/729/727 500/521/519
f 624/513/511 554/511/509 623/741/739
f 623/741/739 554/511/509 553/739/737
f 555/512/510 556/785/783 507/510/508
f 507/510/508 556/785/783 557/786/784
f 507/510/508 557/786/784 558/787/785
f 558/787/785 557/786/784 627/788/786
f 558/787/785 627/788/786 628/789/787
f 628/789/787 627/788/786 697/790/788
f 628/789/787 697/790/788 698/526/524
f 698/526/524 697/790/788 767/524/522
f 555/512/510 625/514/512 556/785/783
f 556/785/783 625/514/512 626/791/789
f 556/785/783 626/791/789 557/786/784
f 557/786/784 626/791/789 627/788/786
f 560/530/528 507/510/508 559/792/790
f 559/792/790 507/510/508 558/787/785
f 559/792/790 558/787/785 628/789/787
f 629/528/526 560/530/528 559/792/790
f 629/528/526 559/792/790 628/789/787
f 562/532/530 561/531/529 631/793/791
f 631/793/791 561/531/529 630/529/527
f 631/793/791 630/529/527 700/794/792
f 700/794/792 630/529/527 699/527/525
f 700/794/792 699/527/525 769/795/793
f 769/795/793 699/527/525 768/525/523
f 769/795/793 768/525/523 838/796/794
f 838/796/794 768/525/523 837/523/521
f 838/796/794 837/523/521 500/521/519
f 563/533/531 564/797/795 507/510/508
f 507/510/508 564/797/795 565/798/796
f 507/510/508 565/798/796 566/799/797
f 566/799/797 565/798/796 635/800/798
f 566/799/797 635/800/798 636/801/799
f 636/801/799 635/800/798 705/802/800
f 636/801/799 705/802/800 706/546/544
f 706/546/544 705/802/800 775/544/542
f 563/533/531 633/535/533 564/797/795
f 564/797/795 633/535/533 634/803/801
f 564/797/795 634/803/801 565/798/796
f 565/798/796 634/803/801 635/800/798
f 568/550/548 507/510/508 567/804/802
f 567/804/802 507/510/508 566/799/797
f 567/804/802 566/799/797 636/801/799
f 637/548/546 568/550/548 567/804/802
f 637/548/546 567/804/802 636/801/799
f 570/552/550 569/551/549 639/805/803
f 639/805/803 569/551/549 638/549/547
f 639/805/803 638/549/547 708/806/804
f 708/806/804 638/549/547 707/547/545
f 708/806/804 707/547/545 777/807/805
f 777/807/805 707/547/545 776/545/543
f 777/807/805 776/545/543 846/808/806
f 846/808/806 776/545/543 845/543/541
f 846/808/806 845/543/541 500/521/519
f 571/553/551 572/809/807 507/510/508
f 507/510/508 572/809/807 573/810/808
f 507/510/508 573/810/808 574/647/645
f 574/647/645 573/810/808 643/649/647
f 571/553/551 641/555/553 572/809/807
f 572/809/807 641/555/553 642/811/809
f 572/809/807 642/811/809 573/810/808
f 573/810/808 642/811/809 643/649/647
f 645/643/641 576/645/643 575/646/644
f 645/643/641 575/646/644 644/648/646
f 649/571/569 579/569/567 648/623/621
f 648/623/621 579/569/567 578/621/619
f 580/570/568 650/572/570 581/659/657
f 581/659/657 650/572/570 651/812/810
f 581/659/657 651/812/810 582/656/654
f 582/656/654 651/812/810 652/658/656
f 653/582/580 584/584/582 583/657/655
f 517/588/586 586/661/659 587/590/588
f 587/590/588 586/661/659 656/813/811
f 587/590/588 656/813/811 657/592/590
f 657/592/590 656/813/811 726/814/812
f 657/592/590 726/814/812 727/594/592
f 727/594/592 726/814/812 796/815/813
f 727/594/592 796/815/813 797/596/594
f 797/596/594 796/815/813 369/577/575
f 656/813/811 586/661/659 655/662/660
f 588/591/589 658/593/591 589/671/669
f 589/671/669 658/593/591 659/816/814
f 589/671/669 659/816/814 590/668/666
f 590/668/666 659/816/814 660/670/668
f 661/602/600 592/604/602 591/669/667
f 525/608/606 594/673/671 595/610/608
f 595/610/608 594/673/671 664/817/815
f 595/610/608 664/817/815 665/612/610
f 665/612/610 664/817/815 734/818/816
f 665/612/610 734/818/816 735/614/612
f 735/614/612 734/818/816 804/819/817
f 735/614/612 804/819/817 805/616/614
f 805/616/614 804/819/817 369/577/575
f 664/817/815 594/673/671 663/674/672
f 596/611/609 666/613/611 597/748/746
f 597/748/746 666/613/611 667/820/818
f 597/748/746 667/820/818 598/680/678
f 598/680/678 667/820/818 668/682/680
f 599/681/679 669/683/681 600/755/753
f 600/755/753 669/683/681 670/821/819
f 600/755/753 670/821/819 601/752/750
f 601/752/750 670/821/819 671/754/752
f 672/692/690 603/694/692 602/753/751
f 536/698/696 605/757/755 606/700/698
f 606/700/698 605/757/755 675/822/820
f 606/700/698 675/822/820 676/702/700
f 676/702/700 675/822/820 745/823/821
f 676/702/700 745/823/821 746/704/702
f 746/704/702 745/823/821 815/824/822
f 746/704/702 815/824/822 816/706/704
f 816/706/704 815/824/822 500/521/519
f 675/822/820 605/757/755 674/758/756
f 607/701/699 677/703/701 608/767/765
f 608/767/765 677/703/701 678/825/823
f 608/767/765 678/825/823 609/764/762
f 609/764/762 678/825/823 679/766/764
f 680/712/710 611/714/712 610/765/763
f 544/718/716 613/769/767 614/720/718
f 614/720/718 613/769/767 683/826/824
f 614/720/718 683/826/824 684/722/720
f 684/722/720 683/826/824 753/827/825
f 684/722/720 753/827/825 754/724/722
f 754/724/722 753/827/825 823/828/826
f 754/724/722 823/828/826 824/726/724
f 824/726/724 823/828/826 500/521/519
f 683/826/824 613/769/767 682/770/768
f 615/721/719 685/723/721 616/779/777
f 616/779/777 685/723/721 686/829/827
f 616/779/777 686/829/827 617/776/774
f 617/776/774 686/829/827 687/778/776
f 688/732/730 619/734/732 618/777/775
f 552/738/736 621/781/779 622/740/738
f 622/740/738 621/781/779 691/830/828
f 622/740/738 691/830/828 692/742/740
f 692/742/740 691/830/828 761/831/829
f 692/742/740 761/831/829 762/744/742
f 762/744/742 761/831/829 831/832/830
f 762/744/742 831/832/830 832/746/744
f 832/746/744 831/832/830 500/521/519
f 691/830/828 621/781/779 690/782/780
f 694/515/513 624/513/511 693/743/741
f 693/743/741 624/513/511 623/741/739
f 625/514/512 695/516/514 626/791/789
f 626/791/789 695/516/514 696/833/831
f 626/791/789 696/833/831 627/788/786
f 627/788/786 696/833/831 697/790/788
f 698/526/524 629/528/526 628/789/787
f 562/532/530 631/793/791 632/534/532
f 632/534/532 631/793/791 701/834/832
f 632/534/532 701/834/832 702/536/534
f 702/536/534 701/834/832 771/835/833
f 702/536/534 771/835/833 772/538/536
f 772/538/536 771/835/833 841/836/834
f 772/538/536 841/836/834 842/540/538
f 842/540/538 841/836/834 500/521/519
f 701/834/832 631/793/791 700/794/792
f 633/535/533 703/537/535 634/803/801
f 634/803/801 703/537/535 704/837/835
f 634/803/801 704/837/835 635/800/798
f 635/800/798 704/837/835 705/802/800
f 706/546/544 637/548/546 636/801/799
f 570/552/550 639/805/803 640/554/552
f 640/554/552 639/805/803 709/838/836
f 640/554/552 709/838/836 710/556/554
f 710/556/554 709/838/836 779/839/837
f 710/556/554 779/839/837 780/558/556
f 780/558/556 779/839/837 849/840/838
f 780/558/556 849/840/838 850/560/558
f 850/560/558 849/840/838 500/521/519
f 709/838/836 639/805/803 708/806/804
f 712/651/649 643/649/647 642/811/809
f 712/651/649 642/811/809 711/557/555
f 711/557/555 642/811/809 641/555/553
f 714/640/638 645/643/641 644/648/646
f 714/640/638 644/648/646 713/650/648
f 719/573/571 649/571/569 718/625/623
f 718/625/623 649/571/569 648/623/621
f 650/572/570 720/574/572 651/812/810
f 651/812/810 720/574/572 721/841/839
f 651/812/810 721/841/839 652/658/656
f 652/658/656 721/841/839 722/580/578
f 656/813/811 655/662/660 725/842/840
f 725/842/840 655/662/660 724/663/661
f 725/842/840 724/663/661 794/843/841
f 794/843/841 724/663/661 793/664/662
f 794/843/841 793/664/662 369/577/575
f 658/593/591 728/595/593 659/816/814
f 659/816/814 728/595/593 729/844/842
f 659/816/814 729/844/842 660/670/668
f 660/670/668 729/844/842 730/600/598
f 664/817/815 663/674/672 733/845/843
f 733/845/843 663/674/672 732/675/673
f 733/845/843 732/675/673 802/846/844
f 802/846/844 732/675/673 801/676/674
f 802/846/844 801/676/674 369/577/575
f 666/613/611 736/615/613 667/820/818
f 667/820/818 736/615/613 737/847/845
f 667/820/818 737/847/845 668/682/680
f 668/682/680 737/847/845 738/684/682
f 669/683/681 739/685/683 670/821/819
f 670/821/819 739/685/683 740/848/846
f 670/821/819 740/848/846 671/754/752
f 671/754/752 740/848/846 741/690/688
f 675/822/820 674/758/756 744/849/847
f 744/849/847 674/758/756 743/759/757
f 744/849/847 743/759/757 813/850/848
f 813/850/848 743/759/757 812/760/758
f 813/850/848 812/760/758 500/521/519
f 677/703/701 747/705/703 678/825/823
f 678/825/823 747/705/703 748/851/849
f 678/825/823 748/851/849 679/766/764
f 679/766/764 748/851/849 749/710/708
f 683/826/824 682/770/768 752/852/850
f 752/852/850 682/770/768 751/771/769
f 752/852/850 751/771/769 821/853/851
f 821/853/851 751/771/769 820/772/770
f 821/853/851 820/772/770 500/521/519
f 685/723/721 755/725/723 686/829/827
f 686/829/827 755/725/723 756/854/852
f 686/829/827 756/854/852 687/778/776
f 687/778/776 756/854/852 757/730/728
f 691/830/828 690/782/780 760/855/853
f 760/855/853 690/782/780 759/783/781
f 760/855/853 759/783/781 829/856/854
f 829/856/854 759/783/781 828/784/782
f 829/856/854 828/784/782 500/521/519
f 764/517/515 694/515/513 763/745/743
f 763/745/743 694/515/513 693/743/741
f 695/516/514 765/518/516 696/833/831
f 696/833/831 765/518/516 766/857/855
f 696/833/831 766/857/855 697/790/788
f 697/790/788 766/857/855 767/524/522
f 701/834/832 700/794/792 770/858/856
f 770/858/856 700/794/792 769/795/793
f 770/858/856 769/795/793 839/859/857
f 839/859/857 769/795/793 838/796/794
f 839/859/857 838/796/794 500/521/519
f 703/537/535 773/539/537 704/837/835
f 704/837/835 773/539/537 774/860/858
f 704/837/835 774/860/858 705/802/800
f 705/802/800 774/860/858 775/544/542
f 709/838/836 708/806/804 778/861/859
f 778/861/859 708/806/804 777/807/805
f 778/861/859 777/807/805 847/862/860
f 847/862/860 777/807/805 846/808/806
f 847/862/860 846/808/806 500/521/519
f 781/559/557 712/651/649 711/557/555
f 783/638/636 714/640/638 713/650/648
f 783/638/636 713/650/648 782/652/650
f 785/637/635 716/630/628 715/634/632
f 715/634/632 716/630/628 646/629/627
f 784/636/634 785/637/635 715/634/632
f 789/575/573 719/573/571 788/627/625
f 788/627/625 719/573/571 718/625/623
f 791/578/576 722/580/578 721/841/839
f 791/578/576 721/841/839 790/576/574
f 790/576/574 721/841/839 720/574/572
f 656/813/811 725/842/840 726/814/812
f 726/814/812 725/842/840 795/863/861
f 726/814/812 795/863/861 796/815/813
f 796/815/813 795/863/861 369/577/575
f 795/863/861 725/842/840 794/843/841
f 799/598/596 730/600/598 729/844/842
f 799/598/596 729/844/842 798/597/595
f 798/597/595 729/844/842 728/595/593
f 664/817/815 733/845/843 734/818/816
f 734/818/816 733/845/843 803/864/862
f 734/818/816 803/864/862 804/819/817
f 804/819/817 803/864/862 369/577/575
f 803/864/862 733/845/843 802/846/844
f 736/615/613 806/617/615 737/847/845
f 737/847/845 806/617/615 807/865/863
f 737/847/845 807/865/863 738/684/682
f 738/684/682 807/865/863 808/686/684
f 810/688/686 741/690/688 740/848/846
f 810/688/686 740/848/846 809/687/685
f 809/687/685 740/848/846 739/685/683
f 675/822/820 744/849/847 745/823/821
f 745/823/821 744/849/847 814/866/864
f 745/823/821 814/866/864 815/824/822
f 815/824/822 814/866/864 500/521/519
f 814/866/864 744/849/847 813/850/848
f 818/708/706 749/710/708 748/851/849
f 818/708/706 748/851/849 817/707/705
f 817/707/705 748/851/849 747/705/703
f 683/826/824 752/852/850 753/827/825
f 753/827/825 752/852/850 822/867/865
f 753/827/825 822/867/865 823/828/826
f 823/828/826 822/867/865 500/521/519
f 822/867/865 752/852/850 821/853/851
f 826/728/726 757/730/728 756/854/852
f 826/728/726 756/854/852 825/727/725
f 825/727/725 756/854/852 755/725/723
f 691/830/828 760/855/853 761/831/829
f 761/831/829 760/855/853 830/868/866
f 761/831/829 830/868/866 831/832/830
f 831/832/830 830/868/866 500/521/519
f 830/868/866 760/855/853 829/856/854
f 834/519/517 764/517/515 833/747/745
f 833/747/745 764/517/515 763/745/743
f 836/522/520 767/524/522 766/857/855
f 836/522/520 766/857/855 835/520/518
f 835/520/518 766/857/855 765/518/516
f 701/834/832 770/858/856 771/835/833
f 771/835/833 770/858/856 840/869/867
f 771/835/833 840/869/867 841/836/834
f 841/836/834 840/869/867 500/521/519
f 840/869/867 770/858/856 839/859/857
f 844/542/540 775/544/542 774/860/858
f 844/542/540 774/860/858 843/541/539
f 843/541/539 774/860/858 773/539/537
f 709/838/836 778/861/859 779/839/837
f 779/839/837 778/861/859 848/870/868
f 779/839/837 848/870/868 849/840/838
f 849/840/838 848/870/868 500/521/519
f 848/870/868 778/861/859 847/862/860
f 852/562/560 783/638/636 782/652/650
f 852/562/560 782/652/650 851/561/559
f 369/577/575 795/863/861 794/843/841
f 369/577/575 803/864/862 802/846/844
f 500/521/519 808/686/684 807/865/863
f 807/865/863 806/617/615 500/521/519
f 500/521/519 814/866/864 813/850/848
f 500/521/519 822/867/865 821/853/851
f 500/521/519 830/868/866 829/856/854
f 500/521/519 840/869/867 839/859/857
f 500/521/519 848/870/868 847/862/860
f 854/871/869 855/872/870 853/873/871
f 853/873/871 855/872/870 858/874/872
f 858/874/872 855/872/870 856/875/873
f 858/874/872 856/875/873 857/876/874
f 857/876/874 856/875/873 500/877/875
f 500/877/875 856/875/873 871/878/876
f 500/877/875 871/878/876 872/879/877
f 872/879/877 871/878/876 896/880/878
f 872/879/877 896/880/878 897/881/879
f 897/881/879 896/880/878 921/882/880
f 897/881/879 921/882/880 922/883/881
f 922/883/881 921/882/880 946/884/882
f 922/883/881 946/884/882 947/885/883
f 947/885/883 946/884/882 971/886/884
f 947/885/883 971/886/884 972/887/885
f 972/887/885 971/886/884 499/888/507
f 972/887/885 499/888/507 973/889/886
f 973/889/886 499/888/507 974/890/887
f 973/889/886 974/890/887 949/891/888
f 949/891/888 974/890/887 950/892/889
f 949/891/888 950/892/889 925/893/890
f 925/893/890 950/892/889 926/894/891
f 925/893/890 926/894/891 901/895/892
f 901/895/892 926/894/891 902/896/893
f 901/895/892 902/896/893 877/897/894
f 877/897/894 902/896/893 878/898/895
f 877/897/894 878/898/895 500/877/875
f 500/877/875 878/898/895 879/899/896
f 500/877/875 879/899/896 880/900/897
f 880/900/897 879/899/896 904/901/898
f 880/900/897 904/901/898 905/902/899
f 905/902/899 904/901/898 929/903/900
f 905/902/899 929/903/900 930/904/901
f 930/904/901 929/903/900 954/905/902
f 930/904/901 954/905/902 504/906/903
f 504/906/903 954/905/902 505/907/904
f 505/907/904 954/905/902 506/908/905
f 506/908/905 954/905/902 978/909/906
f 506/908/905 978/909/906 507/910/907
f 507/910/907 978/909/906 499/888/507
f 499/888/507 978/909/906 977/911/908
f 499/888/507 977/911/908 976/912/909
f 976/912/909 977/911/908 952/913/910
f 976/912/909 952/913/910 951/914/911
f 951/914/911 952/913/910 927/915/912
f 951/914/911 927/915/912 926/894/891
f 926/894/891 927/915/912 902/896/893
f 1/916/913 859/917/914 856/875/873
f 856/875/873 859/917/914 860/918/915
f 856/875/873 860/918/915 861/919/916
f 861/919/916 860/918/915 885/920/917
f 861/919/916 885/920/917 886/921/918
f 886/921/918 885/920/917 910/922/919
f 886/921/918 910/922/919 911/923/920
f 911/923/920 910/922/919 935/924/921
f 911/923/920 935/924/921 936/925/922
f 936/925/922 935/924/921 960/926/923
f 936/925/922 960/926/923 961/927/924
f 961/927/924 960/926/923 12/928/925
f 961/927/924 12/928/925 962/929/926
f 962/929/926 12/928/925 963/930/927
f 962/929/926 963/930/927 938/931/928
f 938/931/928 963/930/927 939/932/929
f 938/931/928 939/932/929 914/933/930
f 914/933/930 939/932/929 915/934/931
f 914/933/930 915/934/931 890/935/932
f 890/935/932 915/934/931 891/936/933
f 890/935/932 891/936/933 866/937/934
f 866/937/934 891/936/933 867/938/935
f 866/937/934 867/938/935 856/875/873
f 856/875/873 867/938/935 868/939/936
f 856/875/873 868/939/936 869/940/937
f 869/940/937 868/939/936 893/941/938
f 869/940/937 893/941/938 894/942/939
f 894/942/939 893/941/938 918/943/940
f 894/942/939 918/943/940 919/944/941
f 919/944/941 918/943/940 943/945/942
f 919/944/941 943/945/942 944/946/943
f 944/946/943 943/945/942 968/947/944
f 944/946/943 968/947/944 969/948/945
f 969/948/945 968/947/944 499/888/507
f 969/948/945 499/888/507 970/949/946
f 970/949/946 499/888/507 971/886/884
f 970/949/946 971/886/884 946/884/882
f 1/916/913 18/950/947 859/917/914
f 859/917/914 18/950/947 17/951/948
f 859/917/914 17/951/948 883/952/949
f 883/952/949 17/951/948 16/953/950
f 883/952/949 16/953/950 907/954/951
f 907/954/951 16/953/950 15/955/952
f 907/954/951 15/955/952 931/956/953
f 931/956/953 15/955/952 14/957/954
f 931/956/953 14/957/954 13/958/955
f 931/956/953 13/958/955 955/959/956
f 955/959/956 13/958/955 12/928/925
f 955/959/956 12/928/925 956/960/957
f 956/960/957 12/928/925 957/961/958
f 956/960/957 957/961/958 932/962/959
f 932/962/959 957/961/958 933/963/960
f 932/962/959 933/963/960 908/964/961
f 908/964/961 933/963/960 909/965/962
f 908/964/961 909/965/962 884/966/963
f 884/966/963 909/965/962 885/920/917
f 884/966/963 885/920/917 860/918/915
f 11/967/14 499/888/507 12/928/925
f 12/928/925 499/888/507 963/930/927
f 504/906/903 503/968/964 930/904/901
f 930/904/901 503/968/964 906/969/965
f 930/904/901 906/969/965 905/902/899
f 905/902/899 906/969/965 881/970/966
f 905/902/899 881/970/966 880/900/897
f 880/900/897 881/970/966 500/877/875
f 503/968/964 502/971/967 906/969/965
f 906/969/965 502/971/967 882/972/968
f 906/969/965 882/972/968 881/970/966
f 881/970/966 882/972/968 500/877/875
f 502/971/967 501/973/969 882/972/968
f 882/972/968 501/973/969 500/877/875
f 884/966/963 860/918/915 859/917/914
f 861/919/916 862/974/970 856/875/873
f 856/875/873 862/974/970 863/975/971
f 856/875/873 863/975/971 864/976/972
f 864/976/972 863/975/971 888/977/973
f 864/976/972 888/977/973 889/978/974
f 889/978/974 888/977/973 913/979/975
f 889/978/974 913/979/975 914/933/930
f 914/933/930 913/979/975 938/931/928
f 861/919/916 886/921/918 862/974/970
f 862/974/970 886/921/918 887/980/976
f 862/974/970 887/980/976 863/975/971
f 863/975/971 887/980/976 888/977/973
f 866/937/934 856/875/873 865/981/977
f 865/981/977 856/875/873 864/976/972
f 865/981/977 864/976/972 889/978/974
f 890/935/932 866/937/934 865/981/977
f 890/935/932 865/981/977 889/978/974
f 868/939/936 867/938/935 892/982/978
f 892/982/978 867/938/935 891/936/933
f 892/982/978 891/936/933 916/983/979
f 916/983/979 891/936/933 915/934/931
f 916/983/979 915/934/931 940/984/980
f 940/984/980 915/934/931 939/932/929
f 940/984/980 939/932/929 964/985/981
f 964/985/981 939/932/929 963/930/927
f 964/985/981 963/930/927 499/888/507
f 871/878/876 856/875/873 870/986/982
f 870/986/982 856/875/873 869/940/937
f 870/986/982 869/940/937 894/942/939
f 871/878/876 870/986/982 895/987/983
f 895/987/983 870/986/982 894/942/939
f 895/987/983 894/942/939 919/944/941
f 872/879/877 873/988/984 500/877/875
f 500/877/875 873/988/984 874/989/985
f 500/877/875 874/989/985 875/990/986
f 875/990/986 874/989/985 899/991/987
f 875/990/986 899/991/987 900/992/988
f 900/992/988 899/991/987 924/993/989
f 900/992/988 924/993/989 925/893/890
f 925/893/890 924/993/989 949/891/888
f 872/879/877 897/881/879 873/988/984
f 873/988/984 897/881/879 898/994/990
f 873/988/984 898/994/990 874/989/985
f 874/989/985 898/994/990 899/991/987
f 877/897/894 500/877/875 876/995/991
f 876/995/991 500/877/875 875/990/986
f 876/995/991 875/990/986 900/992/988
f 901/895/892 877/897/894 876/995/991
f 901/895/892 876/995/991 900/992/988
f 879/899/896 878/898/895 903/996/992
f 903/996/992 878/898/895 902/896/893
f 903/996/992 902/896/893 927/915/912
f 908/964/961 884/966/963 883/952/949
f 883/952/949 884/966/963 859/917/914
f 910/922/919 885/920/917 909/965/962
f 886/921/918 911/923/920 887/980/976
f 887/980/976 911/923/920 912/997/993
f 887/980/976 912/997/993 888/977/973
f 888/977/973 912/997/993 913/979/975
f 914/933/930 890/935/932 889/978/974
f 868/939/936 892/982/978 893/941/938
f 893/941/938 892/982/978 917/998/994
f 893/941/938 917/998/994 918/943/940
f 918/943/940 917/998/994 942/999/995
f 918/943/940 942/999/995 943/945/942
f 943/945/942 942/999/995 967/1000/996
f 943/945/942 967/1000/996 968/947/944
f 968/947/944 967/1000/996 499/888/507
f 917/998/994 892/982/978 916/983/979
f 871/878/876 895/987/983 896/880/878
f 896/880/878 895/987/983 920/1001/997
f 896/880/878 920/1001/997 921/882/880
f 921/882/880 920/1001/997 945/1002/998
f 921/882/880 945/1002/998 946/884/882
f 946/884/882 945/1002/998 970/949/946
f 920/1001/997 895/987/983 919/944/941
f 897/881/879 922/883/881 898/994/990
f 898/994/990 922/883/881 923/1003/999
f 898/994/990 923/1003/999 899/991/987
f 899/991/987 923/1003/999 924/993/989
f 925/893/890 901/895/892 900/992/988
f 879/899/896 903/996/992 904/901/898
f 904/901/898 903/996/992 928/1004/1000
f 904/901/898 928/1004/1000 929/903/900
f 929/903/900 928/1004/1000 953/1005/1001
f 929/903/900 953/1005/1001 954/905/902
f 954/905/902 953/1005/1001 978/909/906
f 928/1004/1000 903/996/992 927/915/912
f 932/962/959 908/964/961 907/954/951
f 907/954/951 908/964/961 883/952/949
f 910/922/919 909/965/962 934/1006/1002
f 934/1006/1002 909/965/962 933/963/960
f 934/1006/1002 933/963/960 958/1007/1003
f 958/1007/1003 933/963/960 957/961/958
f 958/1007/1003 957/961/958 12/928/925
f 911/923/920 936/925/922 912/997/993
f 912/997/993 936/925/922 937/1008/1004
f 912/997/993 937/1008/1004 913/979/975
f 913/979/975 937/1008/1004 938/931/928
f 917/998/994 916/983/979 941/1009/1005
f 941/1009/1005 916/983/979 940/984/980
f 941/1009/1005 940/984/980 965/1010/1006
f 965/1010/1006 940/984/980 964/985/981
f 965/1010/1006 964/985/981 499/888/507
f 945/1002/998 920/1001/997 944/946/943
f 944/946/943 920/1001/997 919/944/941
f 922/883/881 947/885/883 923/1003/999
f 923/1003/999 947/885/883 948/1011/1007
f 923/1003/999 948/1011/1007 924/993/989
f 924/993/989 948/1011/1007 949/891/888
f 951/914/911 926/894/891 950/892/889
f 953/1005/1001 928/1004/1000 952/913/910
f 952/913/910 928/1004/1000 927/915/912
f 956/960/957 932/962/959 931/956/953
f 931/956/953 932/962/959 907/954/951
f 955/959/956 956/960/957 931/956/953
f 910/922/919 934/1006/1002 935/924/921
f 935/924/921 934/1006/1002 959/1012/1008
f 935/924/921 959/1012/1008 960/926/923
f 960/926/923 959/1012/1008 12/928/925
f 959/1012/1008 934/1006/1002 958/1007/1003
f 962/929/926 938/931/928 937/1008/1004
f 962/929/926 937/1008/1004 961/927/924
f 961/927/924 937/1008/1004 936/925/922
f 917/998/994 941/1009/1005 942/999/995
f 942/999/995 941/1009/1005 966/1013/1009
f 942/999/995 966/1013/1009 967/1000/996
f 967/1000/996 966/1013/1009 499/888/507
f 966/1013/1009 941/1009/1005 965/1010/1006
f 970/949/946 945/1002/998 969/948/945
f 969/948/945 945/1002/998 944/946/943
f 973/889/886 949/891/888 948/1011/1007
f 973/889/886 948/1011/1007 972/887/885
f 972/887/885 948/1011/1007 947/885/883
f 951/914/911 950/892/889 975/1014/1010
f 975/1014/1010 950/892/889 974/890/887
f 975/1014/1010 974/890/887 499/888/507
f 978/909/906 953/1005/1001 977/911/908
f 977/911/908 953/1005/1001 952/913/910
f 12/928/925 959/1012/1008 958/1007/1003
f 499/888/507 966/1013/1009 965/1010/1006
f 499/888/507 976/912/909 975/1014/1010
f 975/1014/1010 976/912/909 951/914/911
f 378/1015/1011 855/1016/1012 364/1017/1013
f 364/1017/1013 855/1016/1012 854/1018/1014
f 364/1017/1013 854/1018/1014 979/1019/1015
f 855/1016/1012 378/1015/1011 856/1020/1016
f 856/1020/1016 378/1015/1011 377/1021/1017
f 856/1020/1016 377/1021/1017 1/1022/1
f 1/1022/1 377/1021/1017 2/1023/2
f 979/1019/1015 980/1024/1018 364/1017/1013
f 854/1025/869 853/1026/871 979/1027/1019
f 979/1027/1019 853/1026/871 981/1028/1020
f 10/1029/111 376/1030/459 11/1031/14
f 11/1031/14 376/1030/459 499/1032/507
f 979/1033/1021 981/1034/1022 980/1035/1023
f 980/1035/1023 981/1034/1022 982/1036/1024
f 368/1037/616 367/1038/1025 500/1039/519
f 500/1039/519 367/1038/1025 857/1040/1026
f 857/1040/1026 367/1038/1025 366/1041/1027
f 857/1040/1026 366/1041/1027 858/1042/1028
f 858/1042/1028 366/1041/1027 365/1043/1029
f 858/1042/1028 365/1043/1029 853/1044/1030
f 853/1044/1030 365/1043/1029 981/1045/1031
f 981/1045/1031 365/1043/1029 982/1046/1032
f 364/1047/366 980/1048/1033 365/1049/364
f 365/1049/364 980/1048/1033 982/1050/1034
g Middle

v -7.050000 18.475000 3.135000
v -7.050000 -18.475000 3.135000
v 7.050000 -18.475000 3.135000
v 7.050000 18.475000 3.135000
v -7.050000 -18.475000 2.605000
v -7.050000 18.475000 2.605000
v 7.050000 18.475000 2.605000
v 7.050000 -18.475000 2.605000
vt -0.705000 -1.847500 0.000000
vt 0.705000 -1.847500 0.000000
vt -0.705000 1.847500 0.000000
vt 0.705000 1.847500 0.000000
vt 0.705000 1.847500 0.000000
vt -0.705000 1.847500 0.000000
vt 0.705000 -1.847500 0.000000
vt -0.705000 -1.847500 0.000000
vt -0.000000 -0.010000 0.000000
vt 0.053000 -0.010000 0.000000
vt -0.000000 3.685000 0.000000
vt 0.053000 3.685000 0.000000
vt 0.000000 0.000000 0.000000
vt 0.053000 0.000000 0.000000
vt 0.000000 1.410000 0.000000
vt 0.053000 1.410000 0.000000
vt -0.000000 0.010000 0.000000
vt -0.053000 0.010000 0.000000
vt -0.000000 -3.685000 0.000000
vt -0.053000 -3.685000 0.000000
vt -0.000000 0.000000 0.000000
vt -0.053000 0.000000 0.000000
vt -0.000000 -1.410000 0.000000
vt -0.053000 -1.410000 0.000000
vn -0.000000 -0.000000 0.100000
vn -0.000000 -0.000000 0.100000
vn -0.000000 -0.000000 0.100000
vn -0.000000 -0.000000 0.100000
vn 0.000000 -0.000000 -0.100000
vn 0.000000 -0.000000 -0.100000
vn 0.000000 -0.000000 -0.100000
vn 0.000000 -0.000000 -0.100000
vn -0.100000 0.000000 0.000000
vn -0.100000 0.000000 0.000000
vn -0.100000 0.000000 0.000000
vn -0.100000 0.000000 0.000000
vn -0.000000 0.100000 -0.000000
vn -0.000000 0.100000 -0.000000
vn -0.000000 0.100000 -0.000000
vn -0.000000 0.100000 -0.000000
vn 0.100000 -0.000000 -0.000000
vn 0.100000 -0.000000 -0.000000
vn 0.100000 -0.000000 -0.000000
vn 0.100000 -0.000000 -0.000000
vn 0.000000 -0.100000 -0.000000
vn 0.000000 -0.100000 -0.000000
vn 0.000000 -0.100000 -0.000000
vn 0.000000 -0.100000 -0.000000
f 984/1051/1035 985/1052/1036 983/1053/1037
f 983/1053/1037 985/1052/1036 986/1054/1038
f 988/1055/1039 989/1056/1040 987/1057/1041
f 987/1057/1041 989/1056/1040 990/1058/1042
f 987/1059/1043 984/1060/1044 988/1061/1045
f 988/1061/1045 984/1060/1044 983/1062/1046
f 988/1063/1047 983/1064/1048 989/1065/1049
f 989/1065/1049 983/1064/1048 986/1066/1050
f 989/1067/1051 986/1068/1052 990/1069/1053
f 990/1069/1053 986/1068/1052 985/1070/1054
f 990/1071/1055 985/1072/1056 987/1073/1057
f 987/1073/1057 985/1072/1056 984/1074/1058
g Top

v -6.859005 18.374504 5.044950
v -6.859005 -18.374504 5.044950
v -6.855508 -18.371007 5.062977
v -6.848773 -18.364272 5.080061
v -6.839028 -18.354527 5.095625
v -6.826602 -18.342101 5.109145
v -6.811913 -18.327411 5.120165
v -6.795456 -18.310955 5.128313
v -6.777787 -18.293286 5.133314
v -6.759501 -18.275000 5.135000
v -6.759501 18.275000 5.135000
v -6.777787 18.293286 5.133314
v -6.795456 18.310955 5.128313
v -6.811913 18.327411 5.120165
v -6.826602 18.342101 5.109145
v -6.839028 18.354527 5.095625
v -6.848773 18.364272 5.080061
v -6.855508 18.371007 5.062977
v -6.853614 -17.849518 5.068806
v -6.853614 -17.324532 5.068806
v -6.853614 -16.799546 5.068806
v -6.853614 -16.274560 5.068806
v -6.853614 -15.749575 5.068806
v -6.853614 -15.224589 5.068806
v -6.853614 -14.699603 5.068806
v -6.853614 -14.174617 5.068806
v -6.853614 -13.649631 5.068806
v -6.853614 -13.124646 5.068806
v -6.853614 -12.599660 5.068806
v -6.853614 -12.074674 5.068806
v -6.853614 -11.549688 5.068806
v -6.853614 -11.024702 5.068806
v -6.853614 -10.499716 5.068806
v -6.853614 -9.974731 5.068806
v -6.853614 -9.449745 5.068806
v -6.853614 -8.924759 5.068806
v -6.853614 -8.399773 5.068806
v -6.853614 -7.874787 5.068806
v -6.853614 -7.349801 5.068806
v -6.853614 -6.824816 5.068806
v -6.853614 -6.299830 5.068806
v -6.853614 -5.774844 5.068806
v -6.853614 -5.249858 5.068806
v -6.853614 -4.724872 5.068806
v -6.853614 -4.199887 5.068806
v -6.853614 -3.674901 5.068806
v -6.853614 -3.149915 5.068806
v -6.853614 -2.624929 5.068806
v -6.853614 -2.099943 5.068806
v -6.853614 -1.574957 5.068806
v -6.853614 -1.049972 5.068806
v -6.853614 -0.524986 5.068806
v -6.853614 0.000000 5.068806
v -6.853614 0.524986 5.068806
v -6.853614 1.049972 5.068806
v -6.853614 1.574957 5.068806
v -6.853614 2.099943 5.068806
v -6.853614 2.624929 5.068806
v -6.853614 3.149915 5.068806
v -6.853614 3.674901 5.068806
v -6.853614 4.199887 5.068806
v -6.853614 4.724872 5.068806
v -6.853614 5.249858 5.068806
v -6.853614 5.774844 5.068806
v -6.853614 6.299830 5.068806
v -6.853614 6.824816 5.068806
v -6.853614 7.349801 5.068806
v -6.853614 7.874787 5.068806
v -6.853614 8.399773 5.068806
v -6.853614 8.924759 5.068806
v -6.853614 9.449745 5.068806
v -6.853614 9.974731 5.068806
v -6.853614 10.499716 5.068806
v -6.853614 11.024702 5.068806
v -6.853614 11.549688 5.068806
v -6.853614 12.074674 5.068806
v -6.853614 12.599660 5.068806
v -6.853614 13.124646 5.068806
v -6.853614 13.649631 5.068806
v -6.853614 14.174617 5.068806
v -6.853614 14.699603 5.068806
v -6.853614 15.224589 5.068806
v -6.853614 15.749575 5.068806
v -6.853614 16.274560 5.068806
v -6.853614 16.799546 5.068806
v -6.853614 17.324532 5.068806
v -6.853614 17.849518 5.068806
v -6.842593 -17.849518 5.090640
v -6.842593 -17.324532 5.090640
v -6.842593 -16.799546 5.090640
v -6.842593 -16.274560 5.090640
v -6.842593 -15.749575 5.090640
v -6.842593 -15.224589 5.090640
v -6.842593 -14.699603 5.090640
v -6.842593 -14.174617 5.090640
v -6.842593 -13.649631 5.090640
v -6.842593 -13.124646 5.090640
v -6.842593 -12.599660 5.090640
v -6.842593 -12.074674 5.090640
v -6.842593 -11.549688 5.090640
v -6.842593 -11.024702 5.090640
v -6.842593 -10.499716 5.090640
v -6.842593 -9.974731 5.090640
v -6.842593 -9.449745 5.090640
v -6.842593 -8.924759 5.090640
v -6.842593 -8.399773 5.090640
v -6.842593 -7.874787 5.090640
v -6.842593 -7.349801 5.090640
v -6.842593 -6.824816 5.090640
v -6.842593 -6.299830 5.090640
v -6.842593 -5.774844 5.090640
v -6.842593 -5.249858 5.090640
v -6.842593 -4.724872 5.090640
v -6.842593 -4.199887 5.090640
v -6.842593 -3.674901 5.090640
v -6.842593 -3.149915 5.090640
v -6.842593 -2.624929 5.090640
v -6.842593 -2.099943 5.090640
v -6.842593 -1.574957 5.090640
v -6.842593 -1.049972 5.090640
v -6.842593 -0.524986 5.090640
v -6.842593 0.000000 5.090640
v -6.842593 0.524986 5.090640
v -6.842593 1.049972 5.090640
v -6.842593 1.574957 5.090640
v -6.842593 2.099943 5.090640
v -6.842593 2.624929 5.090640
v -6.842593 3.149915 5.090640
v -6.842593 3.674901 5.090640
v -6.842593 4.199887 5.090640
v -6.842593 4.724872 5.090640
v -6.842593 5.249858 5.090640
v -6.842593 5.774844 5.090640
v -6.842593 6.299830 5.090640
v -6.842593 6.824816 5.090640
v -6.842593 7.349801 5.090640
v -6.842593 7.874787 5.090640
v -6.842593 8.399773 5.090640
v -6.842593 8.924759 5.090640
v -6.842593 9.449745 5.090640
v -6.842593 9.974731 5.090640
v -6.842593 10.499716 5.090640
v -6.842593 11.024702 5.090640
v -6.842593 11.549688 5.090640
v -6.842593 12.074674 5.090640
v -6.842593 12.599660 5.090640
v -6.842593 13.124646 5.090640
v -6.842593 13.649631 5.090640
v -6.842593 14.174617 5.090640
v -6.842593 14.699603 5.090640
v -6.842593 15.224589 5.090640
v -6.842593 15.749575 5.090640
v -6.842593 16.274560 5.090640
v -6.842593 16.799546 5.090640
v -6.842593 17.324532 5.090640
v -6.842593 17.849518 5.090640
v -6.826602 -17.849518 5.109145
v -6.826602 -17.324532 5.109145
v -6.826602 -16.799546 5.109145
v -6.826602 -16.274560 5.109145
v -6.826602 -15.749575 5.109145
v -6.826602 -15.224589 5.109145
v -6.826602 -14.699603 5.109145
v -6.826602 -14.174617 5.109145
v -6.826602 -13.649631 5.109145
v -6.826602 -13.124646 5.109145
v -6.826602 -12.599660 5.109145
v -6.826602 -12.074674 5.109145
v -6.826602 -11.549688 5.109145
v -6.826602 -11.024702 5.109145
v -6.826602 -10.499716 5.109145
v -6.826602 -9.974731 5.109145
v -6.826602 -9.449745 5.109145
v -6.826602 -8.924759 5.109145
v -6.826602 -8.399773 5.109145
v -6.826602 -7.874787 5.109145
v -6.826602 -7.349801 5.109145
v -6.826602 -6.824816 5.109145
v -6.826602 -6.299830 5.109145
v -6.826602 -5.774844 5.109145
v -6.826602 -5.249858 5.109145
v -6.826602 -4.724872 5.109145
v -6.826602 -4.199887 5.109145
v -6.826602 -3.674901 5.109145
v -6.826602 -3.149915 5.109145
v -6.826602 -2.624929 5.109145
v -6.826602 -2.099943 5.109145
v -6.826602 -1.574957 5.109145
v -6.826602 -1.049972 5.109145
v -6.826602 -0.524986 5.109145
v -6.826602 0.000000 5.109145
v -6.826602 0.524986 5.109145
v -6.826602 1.049972 5.109145
v -6.826602 1.574957 5.109145
v -6.826602 2.099943 5.109145
v -6.826602 2.624929 5.109145
v -6.826602 3.149915 5.109145
v -6.826602 3.674901 5.109145
v -6.826602 4.199887 5.109145
v -6.826602 4.724872 5.109145
v -6.826602 5.249858 5.109145
v -6.826602 5.774844 5.109145
v -6.826602 6.299830 5.109145
v -6.826602 6.824816 5.109145
v -6.826602 7.349801 5.109145
v -6.826602 7.874787 5.109145
v -6.826602 8.399773 5.109145
v -6.826602 8.924759 5.109145
v -6.826602 9.449745 5.109145
v -6.826602 9.974731 5.109145
v -6.826602 10.499716 5.109145
v -6.826602 11.024702 5.109145
v -6.826602 11.549688 5.109145
v -6.826602 12.074674 5.109145
v -6.826602 12.599660 5.109145
v -6.826602 13.124646 5.109145
v -6.826602 13.649631 5.109145
v -6.826602 14.174617 5.109145
v -6.826602 14.699603 5.109145
v -6.826602 15.224589 5.109145
v -6.826602 15.749575 5.109145
v -6.826602 16.274560 5.109145
v -6.826602 16.799546 5.109145
v -6.826602 17.324532 5.109145
v -6.826602 17.849518 5.109145
v -6.806597 -17.849518 5.123216
v -6.806597 -17.324532 5.123216
v -6.806597 -16.799546 5.123216
v -6.806597 -16.274560 5.123216
v -6.806597 -15.749575 5.123216
v -6.806597 -15.224589 5.123216
v -6.806597 -14.699603 5.123216
v -6.806597 -14.174617 5.123216
v -6.806597 -13.649631 5.123216
v -6.806597 -13.124646 5.123216
v -6.806597 -12.599660 5.123216
v -6.806597 -12.074674 5.123216
v -6.806597 -11.549688 5.123216
v -6.806597 -11.024702 5.123216
v -6.806597 -10.499716 5.123216
v -6.806597 -9.974731 5.123216
v -6.806597 -9.449745 5.123216
v -6.806597 -8.924759 5.123216
v -6.806597 -8.399773 5.123216
v -6.806597 -7.874787 5.123216
v -6.806597 -7.349801 5.123216
v -6.806597 -6.824816 5.123216
v -6.806597 -6.299830 5.123216
v -6.806597 -5.774844 5.123216
v -6.806597 -5.249858 5.123216
v -6.806597 -4.724872 5.123216
v -6.806597 -4.199887 5.123216
v -6.806597 -3.674901 5.123216
v -6.806597 -3.149915 5.123216
v -6.806597 -2.624929 5.123216
v -6.806597 -2.099943 5.123216
v -6.806597 -1.574957 5.123216
v -6.806597 -1.049972 5.123216
v -6.806597 -0.524986 5.123216
v -6.806597 0.000000 5.123216
v -6.806597 0.524986 5.123216
v -6.806597 1.049972 5.123216
v -6.806597 1.574957 5.123216
v -6.806597 2.099943 5.123216
v -6.806597 2.624929 5.123216
v -6.806597 3.149915 5.123216
v -6.806597 3.674901 5.123216
v -6.806597 4.199887 5.123216
v -6.806597 4.724872 5.123216
v -6.806597 5.249858 5.123216
v -6.806597 5.774844 5.123216
v -6.806597 6.299830 5.123216
v -6.806597 6.824816 5.123216
v -6.806597 7.349801 5.123216
v -6.806597 7.874787 5.123216
v -6.806597 8.399773 5.123216
v -6.806597 8.924759 5.123216
v -6.806597 9.449745 5.123216
v -6.806597 9.974731 5.123216
v -6.806597 10.499716 5.123216
v -6.806597 11.024702 5.123216
v -6.806597 11.549688 5.123216
v -6.806597 12.074674 5.123216
v -6.806597 12.599660 5.123216
v -6.806597 13.124646 5.123216
v -6.806597 13.649631 5.123216
v -6.806597 14.174617 5.123216
v -6.806597 14.699603 5.123216
v -6.806597 15.224589 5.123216
v -6.806597 15.749575 5.123216
v -6.806597 16.274560 5.123216
v -6.806597 16.799546 5.123216
v -6.806597 17.324532 5.123216
v -6.806597 17.849518 5.123216
v -6.783775 -17.849518 5.132009
v -6.783775 -17.324532 5.132009
v -6.783775 -16.799546 5.132009
v -6.783775 -16.274560 5.132009
v -6.783775 -15.749575 5.132009
v -6.783775 -15.224589 5.132009
v -6.783775 -14.699603 5.132009
v -6.783775 -14.174617 5.132009
v -6.783775 -13.649631 5.132009
v -6.783775 -13.124646 5.132009
v -6.783775 -12.599660 5.132009
v -6.783775 -12.074674 5.132009
v -6.783775 -11.549688 5.132009
v -6.783775 -11.024702 5.132009
v -6.783775 -10.499716 5.132009
v -6.783775 -9.974731 5.132009
v -6.783775 -9.449745 5.132009
v -6.783775 -8.924759 5.132009
v -6.783775 -8.399773 5.132009
v -6.783775 -7.874787 5.132009
v -6.783775 -7.349801 5.132009
v -6.783775 -6.824816 5.132009
v -6.783775 -6.299830 5.132009
v -6.783775 -5.774844 5.132009
v -6.783775 -5.249858 5.132009
v -6.783775 -4.724872 5.132009
v -6.783775 -4.199887 5.132009
v -6.783775 -3.674901 5.132009
v -6.783775 -3.149915 5.132009
v -6.783775 -2.624929 5.132009
v -6.783775 -2.099943 5.132009
v -6.783775 -1.574957 5.132009
v -6.783775 -1.049972 5.132009
v -6.783775 -0.524986 5.132009
v -6.783775 0.000000 5.132009
v -6.783775 0.524986 5.132009
v -6.783775 1.049972 5.132009
v -6.783775 1.574957 5.132009
v -6.783775 2.099943 5.132009
v -6.783775 2.624929 5.132009
v -6.783775 3.149915 5.132009
v -6.783775 3.674901 5.132009
v -6.783775 4.199887 5.132009
v -6.783775 4.724872 5.132009
v -6.783775 5.249858 5.132009
v -6.783775 5.774844 5.132009
v -6.783775 6.299830 5.132009
v -6.783775 6.824816 5.132009
v -6.783775 7.349801 5.132009
v -6.783775 7.874787 5.132009
v -6.783775 8.399773 5.132009
v -6.783775 8.924759 5.132009
v -6.783775 9.449745 5.132009
v -6.783775 9.974731 5.132009
v -6.783775 10.499716 5.132009
v -6.783775 11.024702 5.132009
v -6.783775 11.549688 5.132009
v -6.783775 12.074674 5.132009
v -6.783775 12.599660 5.132009
v -6.783775 13.124646 5.132009
v -6.783775 13.649631 5.132009
v -6.783775 14.174617 5.132009
v -6.783775 14.699603 5.132009
v -6.783775 15.224589 5.132009
v -6.783775 15.749575 5.132009
v -6.783775 16.274560 5.132009
v -6.783775 16.799546 5.132009
v -6.783775 17.324532 5.132009
v -6.783775 17.849518 5.132009
v 6.759501 -18.275000 5.135000
v -6.859336 -18.374779 5.041640
v -6.859668 -18.374945 5.038322
v -6.860000 -18.375000 5.035000
v 6.860000 -18.375000 5.035000
v 6.859668 -18.374945 5.038322
v 6.859336 -18.374779 5.041640
v 6.859005 -18.374504 5.044950
v 6.855508 -18.371007 5.062977
v 6.848773 -18.364272 5.080061
v 6.839028 -18.354527 5.095625
v 6.826602 -18.342101 5.109145
v 6.811913 -18.327411 5.120165
v 6.795456 -18.310955 5.128313
v 6.777787 -18.293286 5.133314
v -6.311200 -18.300882 5.131593
v -5.762400 -18.300882 5.131593
v -5.213600 -18.300882 5.131593
v -4.664800 -18.300882 5.131593
v -4.116000 -18.300882 5.131593
v -3.567200 -18.300882 5.131593
v -3.018400 -18.300882 5.131593
v -2.469600 -18.300882 5.131593
v -1.920800 -18.300882 5.131593
v -1.372000 -18.300882 5.131593
v -0.823200 -18.300882 5.131593
v -0.274400 -18.300882 5.131593
v 0.274400 -18.300882 5.131593
v 0.823200 -18.300882 5.131593
v 1.372000 -18.300882 5.131593
v 1.920800 -18.300882 5.131593
v 2.469600 -18.300882 5.131593
v 3.018400 -18.300882 5.131593
v 3.567200 -18.300882 5.131593
v 4.116000 -18.300882 5.131593
v 4.664800 -18.300882 5.131593
v 5.213600 -18.300882 5.131593
v 5.762400 -18.300882 5.131593
v 6.311200 -18.300882 5.131593
v -6.311200 -18.325000 5.121603
v -5.762400 -18.325000 5.121603
v -5.213600 -18.325000 5.121603
v -4.664800 -18.325000 5.121603
v -4.116000 -18.325000 5.121603
v -3.567200 -18.325000 5.121603
v -3.018400 -18.325000 5.121603
v -2.469600 -18.325000 5.121603
v -1.920800 -18.325000 5.121603
v -1.372000 -18.325000 5.121603
v -0.823200 -18.325000 5.121603
v -0.274400 -18.325000 5.121603
v 0.274400 -18.325000 5.121603
v 0.823200 -18.325000 5.121603
v 1.372000 -18.325000 5.121603
v 1.920800 -18.325000 5.121603
v 2.469600 -18.325000 5.121603
v 3.018400 -18.325000 5.121603
v 3.567200 -18.325000 5.121603
v 4.116000 -18.325000 5.121603
v 4.664800 -18.325000 5.121603
v 5.213600 -18.325000 5.121603
v 5.762400 -18.325000 5.121603
v 6.311200 -18.325000 5.121603
v -6.311200 -18.345711 5.105711
v -5.762400 -18.345711 5.105711
v -5.213600 -18.345711 5.105711
v -4.664800 -18.345711 5.105711
v -4.116000 -18.345711 5.105711
v -3.567200 -18.345711 5.105711
v -3.018400 -18.345711 5.105711
v -2.469600 -18.345711 5.105711
v -1.920800 -18.345711 5.105711
v -1.372000 -18.345711 5.105711
v -0.823200 -18.345711 5.105711
v -0.274400 -18.345711 5.105711
v 0.274400 -18.345711 5.105711
v 0.823200 -18.345711 5.105711
v 1.372000 -18.345711 5.105711
v 1.920800 -18.345711 5.105711
v 2.469600 -18.345711 5.105711
v 3.018400 -18.345711 5.105711
v 3.567200 -18.345711 5.105711
v 4.116000 -18.345711 5.105711
v 4.664800 -18.345711 5.105711
v 5.213600 -18.345711 5.105711
v 5.762400 -18.345711 5.105711
v 6.311200 -18.345711 5.105711
v -6.311200 -18.361603 5.085000
v -5.762400 -18.361603 5.085000
v -5.213600 -18.361603 5.085000
v -4.664800 -18.361603 5.085000
v -4.116000 -18.361603 5.085000
v -3.567200 -18.361603 5.085000
v -3.018400 -18.361603 5.085000
v -2.469600 -18.361603 5.085000
v -1.920800 -18.361603 5.085000
v -1.372000 -18.361603 5.085000
v -0.823200 -18.361603 5.085000
v -0.274400 -18.361603 5.085000
v 0.274400 -18.361603 5.085000
v 0.823200 -18.361603 5.085000
v 1.372000 -18.361603 5.085000
v 1.920800 -18.361603 5.085000
v 2.469600 -18.361603 5.085000
v 3.018400 -18.361603 5.085000
v 3.567200 -18.361603 5.085000
v 4.116000 -18.361603 5.085000
v 4.664800 -18.361603 5.085000
v 5.213600 -18.361603 5.085000
v 5.762400 -18.361603 5.085000
v 6.311200 -18.361603 5.085000
v -6.311200 -18.371593 5.060882
v -5.762400 -18.371593 5.060882
v -5.213600 -18.371593 5.060882
v -4.664800 -18.371593 5.060882
v -4.116000 -18.371593 5.060882
v -3.567200 -18.371593 5.060882
v -3.018400 -18.371593 5.060882
v -2.469600 -18.371593 5.060882
v -1.920800 -18.371593 5.060882
v -1.372000 -18.371593 5.060882
v -0.823200 -18.371593 5.060882
v -0.274400 -18.371593 5.060882
v 0.274400 -18.371593 5.060882
v 0.823200 -18.371593 5.060882
v 1.372000 -18.371593 5.060882
v 1.920800 -18.371593 5.060882
v 2.469600 -18.371593 5.060882
v 3.018400 -18.371593 5.060882
v 3.567200 -18.371593 5.060882
v 4.116000 -18.371593 5.060882
v 4.664800 -18.371593 5.060882
v 5.213600 -18.371593 5.060882
v 5.762400 -18.371593 5.060882
v 6.311200 -18.371593 5.060882
v -1.500000 18.275000 5.135000
v -1.500000 18.300882 5.131593
v -1.500000 18.325000 5.121603
v -1.500000 18.345711 5.105711
v -1.500000 18.361603 5.085000
v -1.500000 18.371593 5.060882
v -1.500000 18.375000 5.035000
v -6.860000 18.375000 5.035000
v -6.859668 18.374945 5.038322
v -6.859336 18.374779 5.041640
v -2.036000 18.300882 5.131593
v -2.572000 18.300882 5.131593
v -3.108000 18.300882 5.131593
v -3.644000 18.300882 5.131593
v -4.180000 18.300882 5.131593
v -4.716000 18.300882 5.131593
v -5.252000 18.300882 5.131593
v -5.788000 18.300882 5.131593
v -6.324000 18.300882 5.131593
v -2.036000 18.325000 5.121603
v -2.572000 18.325000 5.121603
v -3.108000 18.325000 5.121603
v -3.644000 18.325000 5.121603
v -4.180000 18.325000 5.121603
v -4.716000 18.325000 5.121603
v -5.252000 18.325000 5.121603
v -5.788000 18.325000 5.121603
v -6.324000 18.325000 5.121603
v -2.036000 18.345711 5.105711
v -2.572000 18.345711 5.105711
v -3.108000 18.345711 5.105711
v -3.644000 18.345711 5.105711
v -4.180000 18.345711 5.105711
v -4.716000 18.345711 5.105711
v -5.252000 18.345711 5.105711
v -5.788000 18.345711 5.105711
v -6.324000 18.345711 5.105711
v -2.036000 18.361603 5.085000
v -2.572000 18.361603 5.085000
v -3.108000 18.361603 5.085000
v -3.644000 18.361603 5.085000
v -4.180000 18.361603 5.085000
v -4.716000 18.361603 5.085000
v -5.252000 18.361603 5.085000
v -5.788000 18.361603 5.085000
v -6.324000 18.361603 5.085000
v -2.036000 18.371593 5.060882
v -2.572000 18.371593 5.060882
v -3.108000 18.371593 5.060882
v -3.644000 18.371593 5.060882
v -4.180000 18.371593 5.060882
v -4.716000 18.371593 5.060882
v -5.252000 18.371593 5.060882
v -5.788000 18.371593 5.060882
v -6.324000 18.371593 5.060882
v 6.759501 18.275000 5.135000
v 6.859005 18.374504 5.044950
v 6.855508 18.371007 5.062977
v 6.848773 18.364272 5.080061
v 6.839028 18.354527 5.095625
v 6.826602 18.342101 5.109145
v 6.811913 18.327411 5.120165
v 6.795456 18.310955 5.128313
v 6.777787 18.293286 5.133314
v 6.783775 -17.849518 5.132009
v 6.783775 -17.324532 5.132009
v 6.783775 -16.799546 5.132009
v 6.783775 -16.274560 5.132009
v 6.783775 -15.749575 5.132009
v 6.783775 -15.224589 5.132009
v 6.783775 -14.699603 5.132009
v 6.783775 -14.174617 5.132009
v 6.783775 -13.649631 5.132009
v 6.783775 -13.124646 5.132009
v 6.783775 -12.599660 5.132009
v 6.783775 -12.074674 5.132009
v 6.783775 -11.549688 5.132009
v 6.783775 -11.024702 5.132009
v 6.783775 -10.499716 5.132009
v 6.783775 -9.974731 5.132009
v 6.783775 -9.449745 5.132009
v 6.783775 -8.924759 5.132009
v 6.783775 -8.399773 5.132009
v 6.783775 -7.874787 5.132009
v 6.783775 -7.349801 5.132009
v 6.783775 -6.824816 5.132009
v 6.783775 -6.299830 5.132009
v 6.783775 -5.774844 5.132009
v 6.783775 -5.249858 5.132009
v 6.783775 -4.724872 5.132009
v 6.783775 -4.199887 5.132009
v 6.783775 -3.674901 5.132009
v 6.783775 -3.149915 5.132009
v 6.783775 -2.624929 5.132009
v 6.783775 -2.099943 5.132009
v 6.783775 -1.574957 5.132009
v 6.783775 -1.049972 5.132009
v 6.783775 -0.524986 5.132009
v 6.783775 0.000000 5.132009
v 6.783775 0.524986 5.132009
v 6.783775 1.049972 5.132009
v 6.783775 1.574957 5.132009
v 6.783775 2.099943 5.132009
v 6.783775 2.624929 5.132009
v 6.783775 3.149915 5.132009
v 6.783775 3.674901 5.132009
v 6.783775 4.199887 5.132009
v 6.783775 4.724872 5.132009
v 6.783775 5.249858 5.132009
v 6.783775 5.774844 5.132009
v 6.783775 6.299830 5.132009
v 6.783775 6.824816 5.132009
v 6.783775 7.349801 5.132009
v 6.783775 7.874787 5.132009
v 6.783775 8.399773 5.132009
v 6.783775 8.924759 5.132009
v 6.783775 9.449745 5.132009
v 6.783775 9.974731 5.132009
v 6.783775 10.499716 5.132009
v 6.783775 11.024702 5.132009
v 6.783775 11.549688 5.132009
v 6.783775 12.074674 5.132009
v 6.783775 12.599660 5.132009
v 6.783775 13.124646 5.132009
v 6.783775 13.649631 5.132009
v 6.783775 14.174617 5.132009
v 6.783775 14.699603 5.132009
v 6.783775 15.224589 5.132009
v 6.783775 15.749575 5.132009
v 6.783775 16.274560 5.132009
v 6.783775 16.799546 5.132009
v 6.783775 17.324532 5.132009
v 6.783775 17.849518 5.132009
v 6.806597 -17.849518 5.123216
v 6.806597 -17.324532 5.123216
v 6.806597 -16.799546 5.123216
v 6.806597 -16.274560 5.123216
v 6.806597 -15.749575 5.123216
v 6.806597 -15.224589 5.123216
v 6.806597 -14.699603 5.123216
v 6.806597 -14.174617 5.123216
v 6.806597 -13.649631 5.123216
v 6.806597 -13.124646 5.123216
v 6.806597 -12.599660 5.123216
v 6.806597 -12.074674 5.123216
v 6.806597 -11.549688 5.123216
v 6.806597 -11.024702 5.123216
v 6.806597 -10.499716 5.123216
v 6.806597 -9.974731 5.123216
v 6.806597 -9.449745 5.123216
v 6.806597 -8.924759 5.123216
v 6.806597 -8.399773 5.123216
v 6.806597 -7.874787 5.123216
v 6.806597 -7.349801 5.123216
v 6.806597 -6.824816 5.123216
v 6.806597 -6.299830 5.123216
v 6.806597 -5.774844 5.123216
v 6.806597 -5.249858 5.123216
v 6.806597 -4.724872 5.123216
v 6.806597 -4.199887 5.123216
v 6.806597 -3.674901 5.123216
v 6.806597 -3.149915 5.123216
v 6.806597 -2.624929 5.123216
v 6.806597 -2.099943 5.123216
v 6.806597 -1.574957 5.123216
v 6.806597 -1.049972 5.123216
v 6.806597 -0.524986 5.123216
v 6.806597 0.000000 5.123216
v 6.806597 0.524986 5.123216
v 6.806597 1.049972 5.123216
v 6.806597 1.574957 5.123216
v 6.806597 2.099943 5.123216
v 6.806597 2.624929 5.123216
v 6.806597 3.149915 5.123216
v 6.806597 3.674901 5.123216
v 6.806597 4.199887 5.123216
v 6.806597 4.724872 5.123216
v 6.806597 5.249858 5.123216
v 6.806597 5.774844 5.123216
v 6.806597 6.299830 5.123216
v 6.806597 6.824816 5.123216
v 6.806597 7.349801 5.123216
v 6.806597 7.874787 5.123216
v 6.806597 8.399773 5.123216
v 6.806597 8.924759 5.123216
v 6.806597 9.449745 5.123216
v 6.806597 9.974731 5.123216
v 6.806597 10.499716 5.123216
v 6.806597 11.024702 5.123216
v 6.806597 11.549688 5.123216
v 6.806597 12.074674 5.123216
v 6.806597 12.599660 5.123216
v 6.806597 13.124646 5.123216
v 6.806597 13.649631 5.123216
v 6.806597 14.174617 5.123216
v 6.806597 14.699603 5.123216
v 6.806597 15.224589 5.123216
v 6.806597 15.749575 5.123216
v 6.806597 16.274560 5.123216
v 6.806597 16.799546 5.123216
v 6.806597 17.324532 5.123216
v 6.806597 17.849518 5.123216
v 6.826602 -17.849518 5.109145
v 6.826602 -17.324532 5.109145
v 6.826602 -16.799546 5.109145
v 6.826602 -16.274560 5.109145
v 6.826602 -15.749575 5.109145
v 6.826602 -15.224589 5.109145
v 6.826602 -14.699603 5.109145
v 6.826602 -14.174617 5.109145
v 6.826602 -13.649631 5.109145
v 6.826602 -13.124646 5.109145
v 6.826602 -12.599660 5.109145
v 6.826602 -12.074674 5.109145
v 6.826602 -11.549688 5.109145
v 6.826602 -11.024702 5.109145
v 6.826602 -10.499716 5.109145
v 6.826602 -9.974731 5.109145
v 6.826602 -9.449745 5.109145
v 6.826602 -8.924759 5.109145
v 6.826602 -8.399773 5.109145
v 6.826602 -7.874787 5.109145
v 6.826602 -7.349801 5.109145
v 6.826602 -6.824816 5.109145
v 6.826602 -6.299830 5.109145
v 6.826602 -5.774844 5.109145
v 6.826602 -5.249858 5.109145
v 6.826602 -4.724872 5.109145
v 6.826602 -4.199887 5.109145
v 6.826602 -3.674901 5.109145
v 6.826602 -3.149915 5.109145
v 6.826602 -2.624929 5.109145
v 6.826602 -2.099943 5.109145
v 6.826602 -1.574957 5.109145
v 6.826602 -1.049972 5.109145
v 6.826602 -0.524986 5.109145
v 6.826602 0.000000 5.109145
v 6.826602 0.524986 5.109145
v 6.826602 1.049972 5.109145
v 6.826602 1.574957 5.109145
v 6.826602 2.099943 5.109145
v 6.826602 2.624929 5.109145
v 6.826602 3.149915 5.109145
v 6.826602 3.674901 5.109145
v 6.826602 4.199887 5.109145
v 6.826602 4.724872 5.109145
v 6.826602 5.249858 5.109145
v 6.826602 5.774844 5.109145
v 6.826602 6.299830 5.109145
v 6.826602 6.824816 5.109145
v 6.826602 7.349801 5.109145
v 6.826602 7.874787 5.109145
v 6.826602 8.399773 5.109145
v 6.826602 8.924759 5.109145
v 6.826602 9.449745 5.109145
v 6.826602 9.974731 5.109145
v 6.826602 10.499716 5.109145
v 6.826602 11.024702 5.109145
v 6.826602 11.549688 5.109145
v 6.826602 12.074674 5.109145
v 6.826602 12.599660 5.109145
v 6.826602 13.124646 5.109145
v 6.826602 13.649631 5.109145
v 6.826602 14.174617 5.109145
v 6.826602 14.699603 5.109145
v 6.826602 15.224589 5.109145
v 6.826602 15.749575 5.109145
v 6.826602 16.274560 5.109145
v 6.826602 16.799546 5.109145
v 6.826602 17.324532 5.109145
v 6.826602 17.849518 5.109145
v 6.842593 -17.849518 5.090640
v 6.842593 -17.324532 5.090640
v 6.842593 -16.799546 5.090640
v 6.842593 -16.274560 5.090640
v 6.842593 -15.749575 5.090640
v 6.842593 -15.224589 5.090640
v 6.842593 -14.699603 5.090640
v 6.842593 -14.174617 5.090640
v 6.842593 -13.649631 5.090640
v 6.842593 -13.124646 5.090640
v 6.842593 -12.599660 5.090640
v 6.842593 -12.074674 5.090640
v 6.842593 -11.549688 5.090640
v 6.842593 -11.024702 5.090640
v 6.842593 -10.499716 5.090640
v 6.842593 -9.974731 5.090640
v 6.842593 -9.449745 5.090640
v 6.842593 -8.924759 5.090640
v 6.842593 -8.399773 5.090640
v 6.842593 -7.874787 5.090640
v 6.842593 -7.349801 5.090640
v 6.842593 -6.824816 5.090640
v 6.842593 -6.299830 5.090640
v 6.842593 -5.774844 5.090640
v 6.842593 -5.249858 5.090640
v 6.842593 -4.724872 5.090640
v 6.842593 -4.199887 5.090640
v 6.842593 -3.674901 5.090640
v 6.842593 -3.149915 5.090640
v 6.842593 -2.624929 5.090640
v 6.842593 -2.099943 5.090640
v 6.842593 -1.574957 5.090640
v 6.842593 -1.049972 5.090640
v 6.842593 -0.524986 5.090640
v 6.842593 0.000000 5.090640
v 6.842593 0.524986 5.090640
v 6.842593 1.049972 5.090640
v 6.842593 1.574957 5.090640
v 6.842593 2.099943 5.090640
v 6.842593 2.624929 5.090640
v 6.842593 3.149915 5.090640
v 6.842593 3.674901 5.090640
v 6.842593 4.199887 5.090640
v 6.842593 4.724872 5.090640
v 6.842593 5.249858 5.090640
v 6.842593 5.774844 5.090640
v 6.842593 6.299830 5.090640
v 6.842593 6.824816 5.090640
v 6.842593 7.349801 5.090640
v 6.842593 7.874787 5.090640
v 6.842593 8.399773 5.090640
v 6.842593 8.924759 5.090640
v 6.842593 9.449745 5.090640
v 6.842593 9.974731 5.090640
v 6.842593 10.499716 5.090640
v 6.842593 11.024702 5.090640
v 6.842593 11.549688 5.090640
v 6.842593 12.074674 5.090640
v 6.842593 12.599660 5.090640
v 6.842593 13.124646 5.090640
v 6.842593 13.649631 5.090640
v 6.842593 14.174617 5.090640
v 6.842593 14.699603 5.090640
v 6.842593 15.224589 5.090640
v 6.842593 15.749575 5.090640
v 6.842593 16.274560 5.090640
v 6.842593 16.799546 5.090640
v 6.842593 17.324532 5.090640
v 6.842593 17.849518 5.090640
v 6.853614 -17.849518 5.068806
v 6.853614 -17.324532 5.068806
v 6.853614 -16.799546 5.068806
v 6.853614 -16.274560 5.068806
v 6.853614 -15.749575 5.068806
v 6.853614 -15.224589 5.068806
v 6.853614 -14.699603 5.068806
v 6.853614 -14.174617 5.068806
v 6.853614 -13.649631 5.068806
v 6.853614 -13.124646 5.068806
v 6.853614 -12.599660 5.068806
v 6.853614 -12.074674 5.068806
v 6.853614 -11.549688 5.068806
v 6.853614 -11.024702 5.068806
v 6.853614 -10.499716 5.068806
v 6.853614 -9.974731 5.068806
v 6.853614 -9.449745 5.068806
v 6.853614 -8.924759 5.068806
v 6.853614 -8.399773 5.068806
v 6.853614 -7.874787 5.068806
v 6.853614 -7.349801 5.068806
v 6.853614 -6.824816 5.068806
v 6.853614 -6.299830 5.068806
v 6.853614 -5.774844 5.068806
v 6.853614 -5.249858 5.068806
v 6.853614 -4.724872 5.068806
v 6.853614 -4.199887 5.068806
v 6.853614 -3.674901 5.068806
v 6.853614 -3.149915 5.068806
v 6.853614 -2.624929 5.068806
v 6.853614 -2.099943 5.068806
v 6.853614 -1.574957 5.068806
v 6.853614 -1.049972 5.068806
v 6.853614 -0.524986 5.068806
v 6.853614 0.000000 5.068806
v 6.853614 0.524986 5.068806
v 6.853614 1.049972 5.068806
v 6.853614 1.574957 5.068806
v 6.853614 2.099943 5.068806
v 6.853614 2.624929 5.068806
v 6.853614 3.149915 5.068806
v 6.853614 3.674901 5.068806
v 6.853614 4.199887 5.068806
v 6.853614 4.724872 5.068806
v 6.853614 5.249858 5.068806
v 6.853614 5.774844 5.068806
v 6.853614 6.299830 5.068806
v 6.853614 6.824816 5.068806
v 6.853614 7.349801 5.068806
v 6.853614 7.874787 5.068806
v 6.853614 8.399773 5.068806
v 6.853614 8.924759 5.068806
v 6.853614 9.449745 5.068806
v 6.853614 9.974731 5.068806
v 6.853614 10.499716 5.068806
v 6.853614 11.024702 5.068806
v 6.853614 11.549688 5.068806
v 6.853614 12.074674 5.068806
v 6.853614 12.599660 5.068806
v 6.853614 13.124646 5.068806
v 6.853614 13.649631 5.068806
v 6.853614 14.174617 5.068806
v 6.853614 14.699603 5.068806
v 6.853614 15.224589 5.068806
v 6.853614 15.749575 5.068806
v 6.853614 16.274560 5.068806
v 6.853614 16.799546 5.068806
v 6.853614 17.324532 5.068806
v 6.853614 17.849518 5.068806
v 6.860000 18.375000 5.035000
v 1.500000 18.375000 5.035000
v 1.500000 18.371593 5.060882
v 1.500000 18.361603 5.085000
v 1.500000 18.345711 5.105711
v 1.500000 18.325000 5.121603
v 1.500000 18.300882 5.131593
v 1.500000 18.275000 5.135000
v 6.859336 18.374779 5.041640
v 6.859668 18.374945 5.038322
v 2.036000 18.371593 5.060882
v 2.572000 18.371593 5.060882
v 3.108000 18.371593 5.060882
v 3.644000 18.371593 5.060882
v 4.180000 18.371593 5.060882
v 4.716000 18.371593 5.060882
v 5.252000 18.371593 5.060882
v 5.788000 18.371593 5.060882
v 6.324000 18.371593 5.060882
v 2.036000 18.361603 5.085000
v 2.572000 18.361603 5.085000
v 3.108000 18.361603 5.085000
v 3.644000 18.361603 5.085000
v 4.180000 18.361603 5.085000
v 4.716000 18.361603 5.085000
v 5.252000 18.361603 5.085000
v 5.788000 18.361603 5.085000
v 6.324000 18.361603 5.085000
v 2.036000 18.345711 5.105711
v 2.572000 18.345711 5.105711
v 3.108000 18.345711 5.105711
v 3.644000 18.345711 5.105711
v 4.180000 18.345711 5.105711
v 4.716000 18.345711 5.105711
v 5.252000 18.345711 5.105711
v 5.788000 18.345711 5.105711
v 6.324000 18.345711 5.105711
v 2.036000 18.325000 5.121603
v 2.572000 18.325000 5.121603
v 3.108000 18.325000 5.121603
v 3.644000 18.325000 5.121603
v 4.180000 18.325000 5.121603
v 4.716000 18.325000 5.121603
v 5.252000 18.325000 5.121603
v 5.788000 18.325000 5.121603
v 6.324000 18.325000 5.121603
v 2.036000 18.300882 5.131593
v 2.572000 18.300882 5.131593
v 3.108000 18.300882 5.131593
v 3.644000 18.300882 5.131593
v 4.180000 18.300882 5.131593
v 4.716000 18.300882 5.131593
v 5.252000 18.300882 5.131593
v 5.788000 18.300882 5.131593
v 6.324000 18.300882 5.131593
v -1.500000 18.175000 5.135000
v -1.500000 18.175000 4.535000
v -1.500000 18.375000 4.535000
v 1.500000 18.175000 5.135000
v 1.483246 17.951437 5.135000
v 1.433359 17.732867 5.135000
v 1.351453 17.524174 5.135000
v 1.239358 17.330020 5.135000
v 1.099578 17.154741 5.135000
v 0.935235 17.002253 5.135000
v 0.750000 16.875962 5.135000
v 0.548012 16.778689 5.135000
v 0.333781 16.712608 5.135000
v 0.112095 16.679194 5.135000
v -0.112095 16.679194 5.135000
v -0.333781 16.712608 5.135000
v -0.548012 16.778689 5.135000
v -0.750000 16.875962 5.135000
v -0.935235 17.002253 5.135000
v -1.099578 17.154741 5.135000
v -1.239358 17.330020 5.135000
v -1.351453 17.524174 5.135000
v -1.433359 17.732867 5.135000
v -1.483246 17.951437 5.135000
v 1.500000 18.375000 4.535000
v 7.050000 18.375000 3.135000
v -7.050000 18.375000 3.135000
v 1.500000 18.175000 4.535000
v 1.483246 17.951437 4.535000
v 1.433359 17.732867 4.535000
v 1.351453 17.524174 4.535000
v 1.239358 17.330020 4.535000
v 1.099578 17.154741 4.535000
v 0.935235 17.002253 4.535000
v 0.750000 16.875962 4.535000
v 0.548012 16.778689 4.535000
v 0.333781 16.712608 4.535000
v 0.112095 16.679194 4.535000
v -0.112095 16.679194 4.535000
v -0.333781 16.712608 4.535000
v -0.548012 16.778689 4.535000
v -0.750000 16.875962 4.535000
v -0.935235 17.002253 4.535000
v -1.099578 17.154741 4.535000
v -1.239358 17.330020 4.535000
v -1.351453 17.524174 4.535000
v -1.433359 17.732867 4.535000
v -1.483246 17.951437 4.535000
v 7.050000 -18.375000 3.135000
v -7.050000 -18.375000 3.135000
vt -2.756200 -0.007356 0.000000
vt 0.918700 -0.007356 0.000000
vt -2.755851 -0.005517 0.000000
vt -1.548733 -0.004904 0.000000
vt -1.601232 -0.004904 0.000000
vt -1.601232 -0.002452 0.000000
vt -1.653730 -0.002452 0.000000
vt -1.653730 0.000000 0.000000
vt -1.706229 0.000000 0.000000
vt -1.706229 0.002452 0.000000
vt -1.758727 0.002452 0.000000
vt -1.758727 0.004904 0.000000
vt -1.811226 0.004904 0.000000
vt -2.746250 0.007356 0.000000
vt -1.863724 0.004904 0.000000
vt -1.916223 0.004904 0.000000
vt -1.863724 0.002452 0.000000
vt -1.916223 0.002452 0.000000
vt -1.863724 0.000000 0.000000
vt -1.916223 0.000000 0.000000
vt -1.863724 -0.002452 0.000000
vt -1.916223 -0.002452 0.000000
vt -1.863724 -0.004904 0.000000
vt -1.916223 -0.004904 0.000000
vt -1.968722 -0.004904 0.000000
vt -2.021220 -0.004904 0.000000
vt -2.021220 -0.002452 0.000000
vt -2.073719 -0.002452 0.000000
vt -2.073719 0.000000 0.000000
vt -2.126217 0.000000 0.000000
vt -2.126217 0.002452 0.000000
vt -2.178716 0.002452 0.000000
vt -2.178716 0.004904 0.000000
vt -2.231215 0.004904 0.000000
vt -2.283713 0.004904 0.000000
vt -2.336212 0.004904 0.000000
vt -2.283713 0.002452 0.000000
vt -2.336212 0.002452 0.000000
vt -2.283713 0.000000 0.000000
vt -2.336212 0.000000 0.000000
vt -2.283713 -0.002452 0.000000
vt -2.336212 -0.002452 0.000000
vt -2.283713 -0.004904 0.000000
vt -2.336212 -0.004904 0.000000
vt -2.388710 -0.004904 0.000000
vt -2.441209 -0.004904 0.000000
vt -2.441209 -0.002452 0.000000
vt -2.493707 -0.002452 0.000000
vt -2.493707 0.000000 0.000000
vt -2.546206 0.000000 0.000000
vt -2.546206 0.002452 0.000000
vt -2.598705 0.002452 0.000000
vt -2.598705 0.004904 0.000000
vt -2.651203 0.004904 0.000000
vt -2.703702 0.004904 0.000000
vt -2.748079 0.005517 0.000000
vt -2.749845 0.003678 0.000000
vt 0.918351 -0.005517 0.000000
vt 0.866202 -0.004904 0.000000
vt 0.813703 -0.004904 0.000000
vt 0.761205 -0.004904 0.000000
vt 0.761205 -0.002452 0.000000
vt 0.708706 -0.002452 0.000000
vt 0.708706 0.000000 0.000000
vt 0.656207 0.000000 0.000000
vt 0.656207 0.002452 0.000000
vt 0.603709 0.002452 0.000000
vt 0.603709 0.004904 0.000000
vt 0.551210 0.004904 0.000000
vt 0.910579 0.005517 0.000000
vt 0.498712 0.004904 0.000000
vt 0.446213 0.004904 0.000000
vt 0.498712 0.002452 0.000000
vt 0.446213 0.002452 0.000000
vt 0.498712 0.000000 0.000000
vt 0.446213 0.000000 0.000000
vt 0.498712 -0.002452 0.000000
vt 0.446213 -0.002452 0.000000
vt 0.498712 -0.004904 0.000000
vt 0.446213 -0.004904 0.000000
vt 0.393715 -0.004904 0.000000
vt 0.341216 -0.004904 0.000000
vt 0.341216 -0.002452 0.000000
vt 0.288717 -0.002452 0.000000
vt 0.288717 0.000000 0.000000
vt 0.236219 0.000000 0.000000
vt 0.236219 0.002452 0.000000
vt 0.183720 0.002452 0.000000
vt 0.183720 0.004904 0.000000
vt 0.131222 0.004904 0.000000
vt 0.078723 0.004904 0.000000
vt 0.026224 0.004904 0.000000
vt 0.078723 0.002452 0.000000
vt 0.026224 0.002452 0.000000
vt 0.078723 0.000000 0.000000
vt 0.026224 0.000000 0.000000
vt 0.078723 -0.002452 0.000000
vt 0.026224 -0.002452 0.000000
vt 0.078723 -0.004904 0.000000
vt 0.026224 -0.004904 0.000000
vt -0.026274 -0.004904 0.000000
vt -0.078773 -0.004904 0.000000
vt -0.078773 -0.002452 0.000000
vt -0.131271 -0.002452 0.000000
vt -0.131271 0.000000 0.000000
vt -0.183770 0.000000 0.000000
vt -0.183770 0.002452 0.000000
vt -0.236268 0.002452 0.000000
vt -0.236268 0.004904 0.000000
vt -0.288767 0.004904 0.000000
vt 0.908750 0.007356 0.000000
vt 0.917677 -0.003678 0.000000
vt 0.866202 -0.002452 0.000000
vt 0.813703 -0.002452 0.000000
vt 0.813703 0.000000 0.000000
vt 0.761205 0.000000 0.000000
vt 0.761205 0.002452 0.000000
vt 0.708706 0.002452 0.000000
vt 0.708706 0.004904 0.000000
vt 0.656207 0.004904 0.000000
vt 0.916703 -0.001839 0.000000
vt 0.866202 0.000000 0.000000
vt 0.813703 0.002452 0.000000
vt 0.761205 0.004904 0.000000
vt 0.915460 0.000000 0.000000
vt 0.913991 0.001839 0.000000
vt 0.866202 0.002452 0.000000
vt 0.912345 0.003678 0.000000
vt 0.866202 0.004904 0.000000
vt 0.813703 0.004904 0.000000
vt -2.703702 0.002452 0.000000
vt -2.751491 0.001839 0.000000
vt -2.703702 0.000000 0.000000
vt -2.752960 0.000000 0.000000
vt -2.754203 -0.001839 0.000000
vt -2.703702 -0.002452 0.000000
vt -2.755177 -0.003678 0.000000
vt -2.703702 -0.004904 0.000000
vt -2.651203 -0.004904 0.000000
vt -2.598705 -0.004904 0.000000
vt -2.651203 -0.002452 0.000000
vt -2.598705 -0.002452 0.000000
vt -2.651203 0.000000 0.000000
vt -2.598705 0.000000 0.000000
vt -2.651203 0.002452 0.000000
vt 0.708706 -0.004904 0.000000
vt 0.656207 -0.004904 0.000000
vt 0.603709 -0.004904 0.000000
vt 0.603709 -0.002452 0.000000
vt 0.551210 -0.002452 0.000000
vt 0.551210 0.000000 0.000000
vt 0.656207 -0.002452 0.000000
vt 0.551210 -0.004904 0.000000
vt 0.393715 -0.002452 0.000000
vt 0.393715 0.000000 0.000000
vt 0.393715 0.002452 0.000000
vt 0.393715 0.004904 0.000000
vt 0.288717 -0.004904 0.000000
vt 0.236219 -0.004904 0.000000
vt 0.183720 -0.004904 0.000000
vt 0.183720 -0.002452 0.000000
vt 0.131222 -0.002452 0.000000
vt 0.131222 0.000000 0.000000
vt 0.236219 -0.002452 0.000000
vt 0.131222 -0.004904 0.000000
vt -0.026274 -0.002452 0.000000
vt -0.026274 0.000000 0.000000
vt -0.026274 0.002452 0.000000
vt -0.026274 0.004904 0.000000
vt -0.131271 -0.004904 0.000000
vt -0.183770 -0.004904 0.000000
vt -0.236268 -0.004904 0.000000
vt -0.236268 -0.002452 0.000000
vt -0.288767 -0.002452 0.000000
vt -0.288767 0.000000 0.000000
vt -0.341266 0.000000 0.000000
vt -0.341266 0.002452 0.000000
vt -0.393764 0.002452 0.000000
vt -0.393764 0.004904 0.000000
vt -0.446263 0.004904 0.000000
vt -0.498761 0.004904 0.000000
vt -0.551260 0.004904 0.000000
vt -0.498761 0.002452 0.000000
vt -0.551260 0.002452 0.000000
vt -0.498761 0.000000 0.000000
vt -0.551260 0.000000 0.000000
vt -0.498761 -0.002452 0.000000
vt -0.551260 -0.002452 0.000000
vt -0.498761 -0.004904 0.000000
vt -0.551260 -0.004904 0.000000
vt -0.603759 -0.004904 0.000000
vt -0.656257 -0.004904 0.000000
vt -0.656257 -0.002452 0.000000
vt -0.708756 -0.002452 0.000000
vt -0.708756 0.000000 0.000000
vt -0.761254 0.000000 0.000000
vt -0.761254 0.002452 0.000000
vt -0.813753 0.002452 0.000000
vt -0.813753 0.004904 0.000000
vt -0.866251 0.004904 0.000000
vt -0.918750 0.004904 0.000000
vt -0.971249 0.004904 0.000000
vt -0.918750 0.002452 0.000000
vt -0.971249 0.002452 0.000000
vt -0.918750 0.000000 0.000000
vt -0.971249 0.000000 0.000000
vt -0.918750 -0.002452 0.000000
vt -0.971249 -0.002452 0.000000
vt -0.918750 -0.004904 0.000000
vt -0.971249 -0.004904 0.000000
vt -1.023747 -0.004904 0.000000
vt -1.076246 -0.004904 0.000000
vt -1.076246 -0.002452 0.000000
vt -1.128744 -0.002452 0.000000
vt -1.128744 0.000000 0.000000
vt -1.181243 0.000000 0.000000
vt -1.181243 0.002452 0.000000
vt -1.233741 0.002452 0.000000
vt -1.233741 0.004904 0.000000
vt -1.286240 0.004904 0.000000
vt -1.338739 0.004904 0.000000
vt -1.391237 0.004904 0.000000
vt -1.338739 0.002452 0.000000
vt -1.391237 0.002452 0.000000
vt -1.338739 0.000000 0.000000
vt -1.391237 0.000000 0.000000
vt -1.338739 -0.002452 0.000000
vt -1.391237 -0.002452 0.000000
vt -1.338739 -0.004904 0.000000
vt -1.391237 -0.004904 0.000000
vt -1.443736 -0.004904 0.000000
vt -1.496234 -0.004904 0.000000
vt -1.496234 -0.002452 0.000000
vt -1.548733 -0.002452 0.000000
vt -1.548733 0.000000 0.000000
vt -1.601232 0.000000 0.000000
vt -1.601232 0.002452 0.000000
vt -1.653730 0.002452 0.000000
vt -1.653730 0.004904 0.000000
vt -1.706229 0.004904 0.000000
vt -0.183770 -0.002452 0.000000
vt -0.288767 -0.004904 0.000000
vt -0.341266 -0.004904 0.000000
vt -0.393764 -0.004904 0.000000
vt -0.393764 -0.002452 0.000000
vt -0.446263 -0.002452 0.000000
vt -0.446263 0.000000 0.000000
vt -0.341266 -0.002452 0.000000
vt -0.446263 -0.004904 0.000000
vt -0.603759 -0.002452 0.000000
vt -0.603759 0.000000 0.000000
vt -0.603759 0.002452 0.000000
vt -0.603759 0.004904 0.000000
vt -0.708756 -0.004904 0.000000
vt -0.761254 -0.004904 0.000000
vt -0.813753 -0.004904 0.000000
vt -0.813753 -0.002452 0.000000
vt -0.866251 -0.002452 0.000000
vt -0.866251 0.000000 0.000000
vt -0.761254 -0.002452 0.000000
vt -0.866251 -0.004904 0.000000
vt -1.023747 -0.002452 0.000000
vt -1.023747 0.000000 0.000000
vt -1.023747 0.002452 0.000000
vt -1.023747 0.004904 0.000000
vt -1.128744 -0.004904 0.000000
vt -1.181243 -0.004904 0.000000
vt -1.233741 -0.004904 0.000000
vt -1.233741 -0.002452 0.000000
vt -1.286240 -0.002452 0.000000
vt -1.286240 0.000000 0.000000
vt -1.181243 -0.002452 0.000000
vt -1.286240 -0.004904 0.000000
vt -1.443736 -0.002452 0.000000
vt -1.443736 0.000000 0.000000
vt -1.443736 0.002452 0.000000
vt -1.443736 0.004904 0.000000
vt -1.653730 -0.004904 0.000000
vt -1.706229 -0.004904 0.000000
vt -1.758727 -0.004904 0.000000
vt -1.758727 -0.002452 0.000000
vt -1.811226 -0.002452 0.000000
vt -1.811226 0.000000 0.000000
vt -1.706229 -0.002452 0.000000
vt -1.811226 -0.004904 0.000000
vt -1.968722 -0.002452 0.000000
vt -1.968722 0.000000 0.000000
vt -1.968722 0.002452 0.000000
vt -1.968722 0.004904 0.000000
vt -2.073719 -0.004904 0.000000
vt -2.126217 -0.004904 0.000000
vt -2.178716 -0.004904 0.000000
vt -2.178716 -0.002452 0.000000
vt -2.231215 -0.002452 0.000000
vt -2.231215 0.000000 0.000000
vt -2.126217 -0.002452 0.000000
vt -2.231215 -0.004904 0.000000
vt -2.388710 -0.002452 0.000000
vt -2.388710 0.000000 0.000000
vt -2.388710 0.002452 0.000000
vt -2.388710 0.004904 0.000000
vt -2.493707 -0.004904 0.000000
vt -2.546206 -0.004904 0.000000
vt -2.546206 -0.002452 0.000000
vt 0.603709 0.000000 0.000000
vt 0.341216 0.000000 0.000000
vt 0.288717 0.002452 0.000000
vt 0.236219 0.004904 0.000000
vt 0.183720 0.000000 0.000000
vt -0.078773 0.000000 0.000000
vt -0.131271 0.002452 0.000000
vt -0.183770 0.004904 0.000000
vt -0.236268 0.000000 0.000000
vt -0.393764 0.000000 0.000000
vt -0.656257 0.000000 0.000000
vt -0.708756 0.002452 0.000000
vt -0.761254 0.004904 0.000000
vt -0.813753 0.000000 0.000000
vt -1.076246 0.000000 0.000000
vt -1.128744 0.002452 0.000000
vt -1.181243 0.004904 0.000000
vt -1.233741 0.000000 0.000000
vt -1.496234 0.000000 0.000000
vt -1.548733 0.002452 0.000000
vt -1.601232 0.004904 0.000000
vt -1.758727 0.000000 0.000000
vt -2.021220 0.000000 0.000000
vt -2.073719 0.002452 0.000000
vt -2.126217 0.004904 0.000000
vt -2.178716 0.000000 0.000000
vt -2.441209 0.000000 0.000000
vt -2.493707 0.002452 0.000000
vt -2.546206 0.004904 0.000000
vt 0.551210 0.002452 0.000000
vt 0.341216 0.002452 0.000000
vt 0.341216 0.004904 0.000000
vt 0.131222 0.002452 0.000000
vt -0.078773 0.002452 0.000000
vt -0.078773 0.004904 0.000000
vt -0.288767 0.002452 0.000000
vt -0.446263 0.002452 0.000000
vt -0.656257 0.002452 0.000000
vt -0.656257 0.004904 0.000000
vt -0.866251 0.002452 0.000000
vt -1.076246 0.002452 0.000000
vt -1.076246 0.004904 0.000000
vt -1.286240 0.002452 0.000000
vt -1.496234 0.002452 0.000000
vt -1.496234 0.004904 0.000000
vt -1.811226 0.002452 0.000000
vt -2.021220 0.002452 0.000000
vt -2.021220 0.004904 0.000000
vt -2.231215 0.002452 0.000000
vt -2.441209 0.002452 0.000000
vt -2.441209 0.004904 0.000000
vt 0.288717 0.004904 0.000000
vt -0.131271 0.004904 0.000000
vt -0.341266 0.004904 0.000000
vt -0.708756 0.004904 0.000000
vt -1.128744 0.004904 0.000000
vt -1.548733 0.004904 0.000000
vt -2.073719 0.004904 0.000000
vt -2.493707 0.004904 0.000000
vt 0.323450 0.007854 0.000000
vt -1.028450 0.007854 0.000000
vt 0.325279 0.006015 0.000000
vt -0.160420 0.005236 0.000000
vt -0.105540 0.005236 0.000000
vt -0.105540 0.002618 0.000000
vt -0.050660 0.002618 0.000000
vt -0.050660 0.000000 0.000000
vt 0.004220 0.000000 0.000000
vt 0.004220 -0.002618 0.000000
vt 0.059100 -0.002618 0.000000
vt 0.059100 -0.005236 0.000000
vt 0.113980 -0.005236 0.000000
vt 0.333434 -0.007190 0.000000
vt 0.168860 -0.005236 0.000000
vt 0.223740 -0.005236 0.000000
vt 0.168860 -0.002618 0.000000
vt 0.223740 -0.002618 0.000000
vt 0.168860 0.000000 0.000000
vt 0.223740 0.000000 0.000000
vt 0.168860 0.002618 0.000000
vt 0.223740 0.002618 0.000000
vt 0.168860 0.005236 0.000000
vt 0.223740 0.005236 0.000000
vt 0.278620 0.005236 0.000000
vt 0.327046 0.004176 0.000000
vt 0.278620 0.002618 0.000000
vt 0.328691 0.002337 0.000000
vt 0.330160 0.000498 0.000000
vt 0.278620 0.000000 0.000000
vt 0.331403 -0.001341 0.000000
vt 0.278620 -0.002618 0.000000
vt 0.332377 -0.003179 0.000000
vt 0.278620 -0.005236 0.000000
vt 0.333051 -0.005018 0.000000
vt 0.333400 -0.006857 0.000000
vt -1.030279 0.006015 0.000000
vt -0.983620 0.005236 0.000000
vt -0.928740 0.005236 0.000000
vt -0.873860 0.005236 0.000000
vt -0.873860 0.002618 0.000000
vt -0.818980 0.002618 0.000000
vt -0.818980 0.000000 0.000000
vt -0.764100 0.000000 0.000000
vt -0.764100 -0.002618 0.000000
vt -0.709220 -0.002618 0.000000
vt -0.709220 -0.005236 0.000000
vt -0.654340 -0.005236 0.000000
vt -1.038400 -0.006857 0.000000
vt -0.599460 -0.005236 0.000000
vt -0.544580 -0.005236 0.000000
vt -0.599460 -0.002618 0.000000
vt -0.544580 -0.002618 0.000000
vt -0.599460 0.000000 0.000000
vt -0.544580 0.000000 0.000000
vt -0.599460 0.002618 0.000000
vt -0.544580 0.002618 0.000000
vt -0.599460 0.005236 0.000000
vt -0.544580 0.005236 0.000000
vt -0.489700 0.005236 0.000000
vt -0.434820 0.005236 0.000000
vt -0.434820 0.002618 0.000000
vt -0.379940 0.002618 0.000000
vt -0.379940 0.000000 0.000000
vt -0.325060 0.000000 0.000000
vt -0.325060 -0.002618 0.000000
vt -0.270180 -0.002618 0.000000
vt -0.270180 -0.005236 0.000000
vt -0.215300 -0.005236 0.000000
vt -0.160420 -0.005236 0.000000
vt -0.105540 -0.005236 0.000000
vt -0.160420 -0.002618 0.000000
vt -0.105540 -0.002618 0.000000
vt -0.160420 0.000000 0.000000
vt -0.105540 0.000000 0.000000
vt -0.160420 0.002618 0.000000
vt -1.032046 0.004176 0.000000
vt -0.983620 0.002618 0.000000
vt -0.928740 0.002618 0.000000
vt -0.928740 0.000000 0.000000
vt -0.873860 0.000000 0.000000
vt -0.873860 -0.002618 0.000000
vt -0.818980 -0.002618 0.000000
vt -0.818980 -0.005236 0.000000
vt -0.764100 -0.005236 0.000000
vt -1.033691 0.002337 0.000000
vt -1.035160 0.000498 0.000000
vt -0.983620 0.000000 0.000000
vt -1.036403 -0.001341 0.000000
vt -0.983620 -0.002618 0.000000
vt -1.037377 -0.003179 0.000000
vt -0.983620 -0.005236 0.000000
vt -1.038051 -0.005018 0.000000
vt -1.038434 -0.007190 0.000000
vt -0.379940 -0.005236 0.000000
vt -0.434820 -0.005236 0.000000
vt -0.434820 -0.002618 0.000000
vt -0.489700 -0.002618 0.000000
vt -0.489700 0.000000 0.000000
vt -1.038467 -0.007522 0.000000
vt 0.333467 -0.007522 0.000000
vt -1.038500 -0.007854 0.000000
vt 0.333500 -0.007854 0.000000
vt -0.818980 0.005236 0.000000
vt -0.764100 0.005236 0.000000
vt -0.709220 0.005236 0.000000
vt -0.709220 0.002618 0.000000
vt -0.654340 0.002618 0.000000
vt -0.654340 0.000000 0.000000
vt -0.764100 0.002618 0.000000
vt -0.654340 0.005236 0.000000
vt -0.489700 0.002618 0.000000
vt -0.379940 0.005236 0.000000
vt -0.325060 0.005236 0.000000
vt -0.270180 0.005236 0.000000
vt -0.270180 0.002618 0.000000
vt -0.215300 0.002618 0.000000
vt -0.215300 0.000000 0.000000
vt -0.325060 0.002618 0.000000
vt -0.215300 0.005236 0.000000
vt -0.050660 0.005236 0.000000
vt 0.004220 0.005236 0.000000
vt 0.059100 0.005236 0.000000
vt 0.059100 0.002618 0.000000
vt 0.113980 0.002618 0.000000
vt 0.113980 0.000000 0.000000
vt 0.004220 0.002618 0.000000
vt 0.113980 0.005236 0.000000
vt -0.709220 0.000000 0.000000
vt -0.434820 0.000000 0.000000
vt -0.379940 -0.002618 0.000000
vt -0.325060 -0.005236 0.000000
vt -0.270180 0.000000 0.000000
vt 0.059100 0.000000 0.000000
vt -0.928740 -0.002618 0.000000
vt -0.873860 -0.005236 0.000000
vt -0.654340 -0.002618 0.000000
vt -0.215300 -0.002618 0.000000
vt -0.050660 -0.002618 0.000000
vt -0.050660 -0.005236 0.000000
vt 0.113980 -0.002618 0.000000
vt -0.928740 -0.005236 0.000000
vt -0.489700 -0.005236 0.000000
vt 0.004220 -0.005236 0.000000
vt 0.323450 0.007854 0.000000
vt -0.202500 0.007854 0.000000
vt 0.325279 0.006015 0.000000
vt 0.119100 0.005236 0.000000
vt 0.172700 0.005236 0.000000
vt 0.172700 0.002618 0.000000
vt 0.226300 0.002618 0.000000
vt 0.226300 -0.000000 0.000000
vt 0.279900 -0.000000 0.000000
vt 0.279900 -0.002618 0.000000
vt 0.331403 -0.001341 0.000000
vt 0.332377 -0.003179 0.000000
vt 0.279900 -0.005236 0.000000
vt 0.333051 -0.005018 0.000000
vt 0.333400 -0.006857 0.000000
vt 0.333434 -0.007190 0.000000
vt 0.226300 -0.005236 0.000000
vt 0.172700 -0.005236 0.000000
vt 0.172700 -0.002618 0.000000
vt 0.119100 -0.002618 0.000000
vt 0.119100 -0.000000 0.000000
vt 0.065500 -0.000000 0.000000
vt 0.065500 0.002618 0.000000
vt 0.011900 0.002618 0.000000
vt 0.011900 0.005236 0.000000
vt -0.041700 0.005236 0.000000
vt -0.095300 0.005236 0.000000
vt -0.148900 0.005236 0.000000
vt -0.095300 0.002618 0.000000
vt -0.148900 0.002618 0.000000
vt -0.095300 0.000000 0.000000
vt -0.148900 0.000000 0.000000
vt -0.095300 -0.002618 0.000000
vt -0.148900 -0.002618 0.000000
vt -0.095300 -0.005236 0.000000
vt -0.148900 -0.005236 0.000000
vt -0.202500 -0.005236 0.000000
vt -0.202500 -0.007854 0.000000
vt -0.202500 0.005236 0.000000
vt -0.202500 0.002618 0.000000
vt -0.202500 0.000000 0.000000
vt -0.202500 -0.002618 0.000000
vt 0.333500 -0.007854 0.000000
vt 0.333467 -0.007522 0.000000
vt 0.330160 0.000498 0.000000
vt 0.279900 0.002618 0.000000
vt 0.226300 0.005236 0.000000
vt 0.328691 0.002337 0.000000
vt 0.327046 0.004176 0.000000
vt 0.279900 0.005236 0.000000
vt -0.041700 0.002618 0.000000
vt -0.041700 -0.000000 0.000000
vt -0.041700 -0.002618 0.000000
vt -0.041700 -0.005236 0.000000
vt 0.065500 0.005236 0.000000
vt 0.119100 0.002618 0.000000
vt 0.011900 -0.000000 0.000000
vt 0.065500 -0.002618 0.000000
vt 0.119100 -0.005236 0.000000
vt 0.172700 -0.000000 0.000000
vt 0.226300 -0.002618 0.000000
vt 0.011900 -0.002618 0.000000
vt 0.011900 -0.005236 0.000000
vt 0.065500 -0.005236 0.000000
vt 0.908750 0.007356 0.000000
vt -2.746250 0.007356 0.000000
vt 0.910579 0.005517 0.000000
vt -0.288767 0.004904 0.000000
vt -0.236268 0.004904 0.000000
vt -0.236268 0.002452 0.000000
vt -0.183770 0.002452 0.000000
vt -0.183770 -0.000000 0.000000
vt -0.131271 -0.000000 0.000000
vt -0.131271 -0.002452 0.000000
vt -0.078773 -0.002452 0.000000
vt -0.078773 -0.004904 0.000000
vt -0.026274 -0.004904 0.000000
vt 0.918700 -0.007356 0.000000
vt 0.026224 -0.004904 0.000000
vt 0.078723 -0.004904 0.000000
vt 0.026224 -0.002452 0.000000
vt 0.078723 -0.002452 0.000000
vt 0.026224 -0.000000 0.000000
vt 0.078723 -0.000000 0.000000
vt 0.026224 0.002452 0.000000
vt 0.078723 0.002452 0.000000
vt 0.026224 0.004904 0.000000
vt 0.078723 0.004904 0.000000
vt 0.131222 0.004904 0.000000
vt 0.183720 0.004904 0.000000
vt 0.183720 0.002452 0.000000
vt 0.236219 0.002452 0.000000
vt 0.236219 -0.000000 0.000000
vt 0.288717 -0.000000 0.000000
vt 0.288717 -0.002452 0.000000
vt 0.341216 -0.002452 0.000000
vt 0.341216 -0.004904 0.000000
vt 0.393715 -0.004904 0.000000
vt 0.446213 -0.004904 0.000000
vt 0.498712 -0.004904 0.000000
vt 0.446213 -0.002452 0.000000
vt 0.498712 -0.002452 0.000000
vt 0.446213 -0.000000 0.000000
vt 0.498712 -0.000000 0.000000
vt 0.446213 0.002452 0.000000
vt 0.498712 0.002452 0.000000
vt 0.446213 0.004904 0.000000
vt 0.498712 0.004904 0.000000
vt 0.551210 0.004904 0.000000
vt 0.603709 0.004904 0.000000
vt 0.603709 0.002452 0.000000
vt 0.656207 0.002452 0.000000
vt 0.656207 -0.000000 0.000000
vt 0.708706 -0.000000 0.000000
vt 0.708706 -0.002452 0.000000
vt 0.761205 -0.002452 0.000000
vt 0.761205 -0.004904 0.000000
vt 0.813703 -0.004904 0.000000
vt 0.866202 -0.004904 0.000000
vt 0.918351 -0.005517 0.000000
vt 0.917677 -0.003678 0.000000
vt -2.748079 0.005517 0.000000
vt -2.703702 0.004904 0.000000
vt -2.651203 0.004904 0.000000
vt -2.598705 0.004904 0.000000
vt -2.598705 0.002452 0.000000
vt -2.546206 0.002452 0.000000
vt -2.546206 0.000000 0.000000
vt -2.493707 0.000000 0.000000
vt -2.493707 -0.002452 0.000000
vt -2.441209 -0.002452 0.000000
vt -2.441209 -0.004904 0.000000
vt -2.388710 -0.004904 0.000000
vt -2.755851 -0.005517 0.000000
vt -2.336212 -0.004904 0.000000
vt -2.283713 -0.004904 0.000000
vt -2.336212 -0.002452 0.000000
vt -2.283713 -0.002452 0.000000
vt -2.336212 0.000000 0.000000
vt -2.283713 0.000000 0.000000
vt -2.336212 0.002452 0.000000
vt -2.283713 0.002452 0.000000
vt -2.336212 0.004904 0.000000
vt -2.283713 0.004904 0.000000
vt -2.231215 0.004904 0.000000
vt -2.178716 0.004904 0.000000
vt -2.178716 0.002452 0.000000
vt -2.126217 0.002452 0.000000
vt -2.126217 0.000000 0.000000
vt -2.073719 0.000000 0.000000
vt -2.073719 -0.002452 0.000000
vt -2.021220 -0.002452 0.000000
vt -2.021220 -0.004904 0.000000
vt -1.968722 -0.004904 0.000000
vt -1.916223 -0.004904 0.000000
vt -1.863724 -0.004904 0.000000
vt -1.916223 -0.002452 0.000000
vt -1.863724 -0.002452 0.000000
vt -1.916223 0.000000 0.000000
vt -1.863724 0.000000 0.000000
vt -1.916223 0.002452 0.000000
vt -1.863724 0.002452 0.000000
vt -1.916223 0.004904 0.000000
vt -1.863724 0.004904 0.000000
vt -1.811226 0.004904 0.000000
vt -1.758727 0.004904 0.000000
vt -1.758727 0.002452 0.000000
vt -1.706229 0.002452 0.000000
vt -1.706229 -0.000000 0.000000
vt -1.653730 -0.000000 0.000000
vt -1.653730 -0.002452 0.000000
vt -1.601232 -0.002452 0.000000
vt -1.601232 -0.004904 0.000000
vt -1.548733 -0.004904 0.000000
vt -2.756200 -0.007356 0.000000
vt -2.749845 0.003678 0.000000
vt -2.703702 0.002452 0.000000
vt -2.651203 0.002452 0.000000
vt -2.651203 0.000000 0.000000
vt -2.598705 0.000000 0.000000
vt -2.598705 -0.002452 0.000000
vt -2.546206 -0.002452 0.000000
vt -2.546206 -0.004904 0.000000
vt -2.493707 -0.004904 0.000000
vt -2.751491 0.001839 0.000000
vt -2.703702 0.000000 0.000000
vt -2.651203 -0.002452 0.000000
vt -2.598705 -0.004904 0.000000
vt -2.752960 0.000000 0.000000
vt -2.754203 -0.001839 0.000000
vt -2.703702 -0.002452 0.000000
vt -2.755177 -0.003678 0.000000
vt -2.703702 -0.004904 0.000000
vt -2.651203 -0.004904 0.000000
vt 0.866202 -0.002452 0.000000
vt 0.916703 -0.001839 0.000000
vt 0.866202 -0.000000 0.000000
vt 0.915460 -0.000000 0.000000
vt 0.913991 0.001839 0.000000
vt 0.866202 0.002452 0.000000
vt 0.912345 0.003678 0.000000
vt 0.866202 0.004904 0.000000
vt 0.813703 0.004904 0.000000
vt 0.761205 0.004904 0.000000
vt 0.813703 0.002452 0.000000
vt 0.761205 0.002452 0.000000
vt 0.813703 -0.000000 0.000000
vt 0.761205 -0.000000 0.000000
vt 0.813703 -0.002452 0.000000
vt -2.546206 0.004904 0.000000
vt -2.493707 0.004904 0.000000
vt -2.441209 0.004904 0.000000
vt -2.441209 0.002452 0.000000
vt -2.388710 0.002452 0.000000
vt -2.388710 0.000000 0.000000
vt -2.493707 0.002452 0.000000
vt -2.388710 0.004904 0.000000
vt -2.231215 0.002452 0.000000
vt -2.231215 0.000000 0.000000
vt -2.231215 -0.002452 0.000000
vt -2.231215 -0.004904 0.000000
vt -2.126217 0.004904 0.000000
vt -2.073719 0.004904 0.000000
vt -2.021220 0.004904 0.000000
vt -2.021220 0.002452 0.000000
vt -1.968722 0.002452 0.000000
vt -1.968722 0.000000 0.000000
vt -2.073719 0.002452 0.000000
vt -1.968722 0.004904 0.000000
vt -1.811226 0.002452 0.000000
vt -1.811226 0.000000 0.000000
vt -1.811226 -0.002452 0.000000
vt -1.811226 -0.004904 0.000000
vt -1.706229 0.004904 0.000000
vt -1.653730 0.004904 0.000000
vt -1.601232 0.004904 0.000000
vt -1.601232 0.002452 0.000000
vt -1.548733 0.002452 0.000000
vt -1.548733 -0.000000 0.000000
vt -1.496234 -0.000000 0.000000
vt -1.496234 -0.002452 0.000000
vt -1.443736 -0.002452 0.000000
vt -1.443736 -0.004904 0.000000
vt -1.391237 -0.004904 0.000000
vt -1.338739 -0.004904 0.000000
vt -1.286240 -0.004904 0.000000
vt -1.338739 -0.002452 0.000000
vt -1.286240 -0.002452 0.000000
vt -1.338739 -0.000000 0.000000
vt -1.286240 -0.000000 0.000000
vt -1.338739 0.002452 0.000000
vt -1.286240 0.002452 0.000000
vt -1.338739 0.004904 0.000000
vt -1.286240 0.004904 0.000000
vt -1.233741 0.004904 0.000000
vt -1.181243 0.004904 0.000000
vt -1.181243 0.002452 0.000000
vt -1.128744 0.002452 0.000000
vt -1.128744 -0.000000 0.000000
vt -1.076246 -0.000000 0.000000
vt -1.076246 -0.002452 0.000000
vt -1.023747 -0.002452 0.000000
vt -1.023747 -0.004904 0.000000
vt -0.971249 -0.004904 0.000000
vt -0.918750 -0.004904 0.000000
vt -0.866251 -0.004904 0.000000
vt -0.918750 -0.002452 0.000000
vt -0.866251 -0.002452 0.000000
vt -0.918750 -0.000000 0.000000
vt -0.866251 -0.000000 0.000000
vt -0.918750 0.002452 0.000000
vt -0.866251 0.002452 0.000000
vt -0.918750 0.004904 0.000000
vt -0.866251 0.004904 0.000000
vt -0.813753 0.004904 0.000000
vt -0.761254 0.004904 0.000000
vt -0.761254 0.002452 0.000000
vt -0.708756 0.002452 0.000000
vt -0.708756 -0.000000 0.000000
vt -0.656257 -0.000000 0.000000
vt -0.656257 -0.002452 0.000000
vt -0.603759 -0.002452 0.000000
vt -0.603759 -0.004904 0.000000
vt -0.551260 -0.004904 0.000000
vt -0.498761 -0.004904 0.000000
vt -0.446263 -0.004904 0.000000
vt -0.498761 -0.002452 0.000000
vt -0.446263 -0.002452 0.000000
vt -0.498761 -0.000000 0.000000
vt -0.446263 -0.000000 0.000000
vt -0.498761 0.002452 0.000000
vt -0.446263 0.002452 0.000000
vt -0.498761 0.004904 0.000000
vt -0.446263 0.004904 0.000000
vt -0.393764 0.004904 0.000000
vt -0.341266 0.004904 0.000000
vt -0.341266 0.002452 0.000000
vt -0.288767 0.002452 0.000000
vt -0.288767 -0.000000 0.000000
vt -0.236268 -0.000000 0.000000
vt -0.236268 -0.002452 0.000000
vt -0.183770 -0.002452 0.000000
vt -0.183770 -0.004904 0.000000
vt -0.131271 -0.004904 0.000000
vt -1.653730 0.002452 0.000000
vt -1.548733 0.004904 0.000000
vt -1.496234 0.004904 0.000000
vt -1.443736 0.004904 0.000000
vt -1.443736 0.002452 0.000000
vt -1.391237 0.002452 0.000000
vt -1.391237 -0.000000 0.000000
vt -1.496234 0.002452 0.000000
vt -1.391237 0.004904 0.000000
vt -1.233741 0.002452 0.000000
vt -1.233741 -0.000000 0.000000
vt -1.233741 -0.002452 0.000000
vt -1.233741 -0.004904 0.000000
vt -1.128744 0.004904 0.000000
vt -1.076246 0.004904 0.000000
vt -1.023747 0.004904 0.000000
vt -1.023747 0.002452 0.000000
vt -0.971249 0.002452 0.000000
vt -0.971249 -0.000000 0.000000
vt -1.076246 0.002452 0.000000
vt -0.971249 0.004904 0.000000
vt -0.813753 0.002452 0.000000
vt -0.813753 -0.000000 0.000000
vt -0.813753 -0.002452 0.000000
vt -0.813753 -0.004904 0.000000
vt -0.708756 0.004904 0.000000
vt -0.656257 0.004904 0.000000
vt -0.603759 0.004904 0.000000
vt -0.603759 0.002452 0.000000
vt -0.551260 0.002452 0.000000
vt -0.551260 -0.000000 0.000000
vt -0.656257 0.002452 0.000000
vt -0.551260 0.004904 0.000000
vt -0.393764 0.002452 0.000000
vt -0.393764 -0.000000 0.000000
vt -0.393764 -0.002452 0.000000
vt -0.393764 -0.004904 0.000000
vt -0.183770 0.004904 0.000000
vt -0.131271 0.004904 0.000000
vt -0.078773 0.004904 0.000000
vt -0.078773 0.002452 0.000000
vt -0.026274 0.002452 0.000000
vt -0.026274 -0.000000 0.000000
vt -0.131271 0.002452 0.000000
vt -0.026274 0.004904 0.000000
vt 0.131222 0.002452 0.000000
vt 0.131222 -0.000000 0.000000
vt 0.131222 -0.002452 0.000000
vt 0.131222 -0.004904 0.000000
vt 0.236219 0.004904 0.000000
vt 0.288717 0.004904 0.000000
vt 0.341216 0.004904 0.000000
vt 0.341216 0.002452 0.000000
vt 0.393715 0.002452 0.000000
vt 0.393715 -0.000000 0.000000
vt 0.288717 0.002452 0.000000
vt 0.393715 0.004904 0.000000
vt 0.551210 0.002452 0.000000
vt 0.551210 -0.000000 0.000000
vt 0.551210 -0.002452 0.000000
vt 0.551210 -0.004904 0.000000
vt 0.656207 0.004904 0.000000
vt 0.708706 0.004904 0.000000
vt 0.708706 0.002452 0.000000
vt -2.441209 0.000000 0.000000
vt -2.178716 0.000000 0.000000
vt -2.126217 -0.002452 0.000000
vt -2.073719 -0.004904 0.000000
vt -2.021220 0.000000 0.000000
vt -1.758727 -0.000000 0.000000
vt -1.706229 -0.002452 0.000000
vt -1.653730 -0.004904 0.000000
vt -1.601232 -0.000000 0.000000
vt -1.443736 -0.000000 0.000000
vt -1.181243 -0.000000 0.000000
vt -1.128744 -0.002452 0.000000
vt -1.076246 -0.004904 0.000000
vt -1.023747 -0.000000 0.000000
vt -0.761254 -0.000000 0.000000
vt -0.708756 -0.002452 0.000000
vt -0.656257 -0.004904 0.000000
vt -0.603759 -0.000000 0.000000
vt -0.341266 -0.000000 0.000000
vt -0.288767 -0.002452 0.000000
vt -0.236268 -0.004904 0.000000
vt -0.078773 -0.000000 0.000000
vt 0.183720 -0.000000 0.000000
vt 0.236219 -0.002452 0.000000
vt 0.288717 -0.004904 0.000000
vt 0.341216 -0.000000 0.000000
vt 0.603709 -0.000000 0.000000
vt 0.656207 -0.002452 0.000000
vt 0.708706 -0.004904 0.000000
vt -2.388710 -0.002452 0.000000
vt -2.178716 -0.002452 0.000000
vt -2.178716 -0.004904 0.000000
vt -1.968722 -0.002452 0.000000
vt -1.758727 -0.002452 0.000000
vt -1.758727 -0.004904 0.000000
vt -1.548733 -0.002452 0.000000
vt -1.391237 -0.002452 0.000000
vt -1.181243 -0.002452 0.000000
vt -1.181243 -0.004904 0.000000
vt -0.971249 -0.002452 0.000000
vt -0.761254 -0.002452 0.000000
vt -0.761254 -0.004904 0.000000
vt -0.551260 -0.002452 0.000000
vt -0.341266 -0.002452 0.000000
vt -0.341266 -0.004904 0.000000
vt -0.026274 -0.002452 0.000000
vt 0.183720 -0.002452 0.000000
vt 0.183720 -0.004904 0.000000
vt 0.393715 -0.002452 0.000000
vt 0.603709 -0.002452 0.000000
vt 0.603709 -0.004904 0.000000
vt -2.126217 -0.004904 0.000000
vt -1.706229 -0.004904 0.000000
vt -1.496234 -0.004904 0.000000
vt -1.128744 -0.004904 0.000000
vt -0.708756 -0.004904 0.000000
vt -0.288767 -0.004904 0.000000
vt 0.236219 -0.004904 0.000000
vt 0.656207 -0.004904 0.000000
vt -1.038500 -0.007854 0.000000
vt -0.502500 -0.007854 0.000000
vt -1.038467 -0.007522 0.000000
vt -1.038434 -0.007190 0.000000
vt -1.038400 -0.006857 0.000000
vt -0.824100 -0.005236 0.000000
vt -0.877700 -0.005236 0.000000
vt -0.877700 -0.002618 0.000000
vt -0.931300 -0.002618 0.000000
vt -0.931300 -0.000000 0.000000
vt -0.984900 -0.000000 0.000000
vt -0.984900 0.002618 0.000000
vt -1.035160 0.000498 0.000000
vt -1.033691 0.002337 0.000000
vt -1.032046 0.004176 0.000000
vt -0.984900 0.005236 0.000000
vt -1.030279 0.006015 0.000000
vt -1.028450 0.007854 0.000000
vt -0.931300 0.005236 0.000000
vt -0.877700 0.005236 0.000000
vt -0.877700 0.002618 0.000000
vt -0.824100 0.002618 0.000000
vt -0.824100 -0.000000 0.000000
vt -0.770500 -0.000000 0.000000
vt -0.770500 -0.002618 0.000000
vt -0.716900 -0.002618 0.000000
vt -0.716900 -0.005236 0.000000
vt -0.663300 -0.005236 0.000000
vt -0.609700 -0.005236 0.000000
vt -0.556100 -0.005236 0.000000
vt -0.609700 -0.002618 0.000000
vt -0.556100 -0.002618 0.000000
vt -0.609700 0.000000 0.000000
vt -0.556100 0.000000 0.000000
vt -0.609700 0.002618 0.000000
vt -0.556100 0.002618 0.000000
vt -0.609700 0.005236 0.000000
vt -0.556100 0.005236 0.000000
vt -0.502500 0.007854 0.000000
vt -0.502500 0.005236 0.000000
vt -0.502500 0.002618 0.000000
vt -0.502500 0.000000 0.000000
vt -0.502500 -0.002618 0.000000
vt -0.502500 -0.005236 0.000000
vt -0.770500 0.005236 0.000000
vt -0.716900 0.005236 0.000000
vt -0.663300 0.005236 0.000000
vt -0.663300 0.002618 0.000000
vt -1.036403 -0.001341 0.000000
vt -0.984900 -0.002618 0.000000
vt -0.931300 -0.005236 0.000000
vt -1.037377 -0.003179 0.000000
vt -0.984900 -0.005236 0.000000
vt -1.038051 -0.005018 0.000000
vt -0.663300 -0.002618 0.000000
vt -0.663300 0.000000 0.000000
vt -0.770500 -0.005236 0.000000
vt -0.824100 -0.002618 0.000000
vt -0.716900 -0.000000 0.000000
vt -0.770500 0.002618 0.000000
vt -0.824100 0.005236 0.000000
vt -0.877700 -0.000000 0.000000
vt -0.931300 0.002618 0.000000
vt -0.716900 0.002618 0.000000
vt -0.019659 0.007412 0.000000
vt -0.018660 0.005000 0.000000
vt -0.020000 0.010000 0.000000
vt -0.017071 0.002929 0.000000
vt -0.015000 0.001340 0.000000
vt -0.020000 0.060000 0.000000
vt -0.012588 0.000341 0.000000
vt -0.010000 -0.000000 0.000000
vt -0.000000 0.000000 0.000000
vt -0.000000 0.060000 0.000000
vt -0.150000 1.827500 0.000000
vt -0.675950 1.827500 0.000000
vt -0.150000 1.817500 0.000000
vt -0.148325 1.795144 0.000000
vt -0.143336 1.773287 0.000000
vt -0.135145 1.752417 0.000000
vt -0.123936 1.733002 0.000000
vt -0.675950 -1.827500 0.000000
vt -0.109958 1.715474 0.000000
vt -0.093523 1.700225 0.000000
vt -0.075000 1.687596 0.000000
vt -0.054801 1.677869 0.000000
vt -0.033378 1.671261 0.000000
vt -0.011210 1.667919 0.000000
vt 0.675950 -1.827500 0.000000
vt 0.011210 1.667919 0.000000
vt 0.033378 1.671261 0.000000
vt 0.054801 1.677869 0.000000
vt 0.075000 1.687596 0.000000
vt 0.093523 1.700225 0.000000
vt 0.109958 1.715474 0.000000
vt 0.123936 1.733002 0.000000
vt 0.675950 1.827500 0.000000
vt 0.135145 1.752417 0.000000
vt 0.143336 1.773287 0.000000
vt 0.148325 1.795144 0.000000
vt 0.150000 1.817500 0.000000
vt 0.150000 1.827500 0.000000
vt 0.190000 0.555000 0.000000
vt 0.140000 0.555000 0.000000
vt 0.190000 0.019000 0.000000
vt -0.000000 0.000000 0.000000
vt 0.140000 0.855000 0.000000
vt -0.000000 1.410000 0.000000
vt 0.190000 1.391000 0.000000
vt 0.190000 0.855000 0.000000
vt -0.007412 0.000341 0.000000
vt -0.000000 0.060000 0.000000
vt -0.010000 -0.000000 0.000000
vt -0.020000 0.060000 0.000000
vt -0.020000 -0.000000 0.000000
vt -0.005000 0.001340 0.000000
vt 0.000000 0.010000 0.000000
vt -0.002929 0.002929 0.000000
vt -0.001340 0.005000 0.000000
vt -0.000341 0.007412 0.000000
vt 0.060000 0.000000 0.000000
vt 0.000000 0.000000 0.000000
vt 0.060000 -0.022440 0.000000
vt -0.000000 -0.022440 0.000000
vt 0.060000 -0.044880 0.000000
vt -0.000000 -0.044880 0.000000
vt 0.060000 -0.067320 0.000000
vt -0.000000 -0.067320 0.000000
vt 0.060000 -0.089760 0.000000
vt 0.000000 -0.089760 0.000000
vt 0.060000 -0.112200 0.000000
vt 0.000000 -0.112200 0.000000
vt 0.060000 -0.134640 0.000000
vt -0.000000 -0.134640 0.000000
vt 0.060000 -0.157080 0.000000
vt -0.000000 -0.157080 0.000000
vt 0.060000 -0.179520 0.000000
vt 0.000000 -0.179520 0.000000
vt 0.060000 -0.201960 0.000000
vt -0.000000 -0.201960 0.000000
vt 0.060000 -0.224399 0.000000
vt -0.000000 -0.224399 0.000000
vt 0.060000 -0.246839 0.000000
vt 0.000000 -0.246839 0.000000
vt 0.060000 -0.269279 0.000000
vt 0.000000 -0.269279 0.000000
vt 0.060000 -0.291719 0.000000
vt 0.000000 -0.291719 0.000000
vt 0.060000 -0.314159 0.000000
vt 0.000000 -0.314159 0.000000
vt 0.060000 -0.336599 0.000000
vt 0.000000 -0.336599 0.000000
vt 0.060000 -0.359039 0.000000
vt 0.000000 -0.359039 0.000000
vt 0.060000 -0.381479 0.000000
vt 0.000000 -0.381479 0.000000
vt 0.060000 -0.403919 0.000000
vt 0.000000 -0.403919 0.000000
vt 0.060000 -0.426359 0.000000
vt 0.000000 -0.426359 0.000000
vt 0.060000 -0.448799 0.000000
vt 0.000000 -0.448799 0.000000
vt 0.060000 -0.471239 0.000000
vt 0.000000 -0.471239 0.000000
vt 0.148325 -0.042644 0.000000
vt -0.148325 -0.042644 0.000000
vt 0.150000 -0.065000 0.000000
vt -0.150000 -0.065000 0.000000
vt 0.150000 -0.085000 0.000000
vt -0.150000 -0.085000 0.000000
vt -0.143336 -0.020787 0.000000
vt 0.143336 -0.020787 0.000000
vt -0.135145 0.000083 0.000000
vt 0.135145 0.000083 0.000000
vt -0.123936 0.019498 0.000000
vt 0.123936 0.019498 0.000000
vt -0.109958 0.037026 0.000000
vt 0.109958 0.037026 0.000000
vt -0.093523 0.052275 0.000000
vt 0.093523 0.052275 0.000000
vt -0.075000 0.064904 0.000000
vt 0.075000 0.064904 0.000000
vt -0.054801 0.074631 0.000000
vt 0.054801 0.074631 0.000000
vt -0.033378 0.081239 0.000000
vt 0.033378 0.081239 0.000000
vt -0.011210 0.084581 0.000000
vt 0.011210 0.084581 0.000000
vt 0.705000 1.837500 0.000000
vt -0.705000 1.837500 0.000000
vt 0.705000 -1.837500 0.000000
vt -0.705000 -1.837500 0.000000
vt -0.191948 -0.000050 0.000000
vt -0.191948 -3.674950 0.000000
vt -0.191615 -0.000022 0.000000
vt -0.191615 -3.674978 0.000000
vt -0.191281 -0.000006 0.000000
vt -0.191281 -3.674994 0.000000
vt -0.190948 0.000000 0.000000
vt -0.190948 -3.675000 0.000000
vt -0.000000 -3.675000 0.000000
vt -0.000000 0.000000 0.000000
vt -0.190000 -1.391000 0.000000
vt 0.000000 -1.410000 0.000000
vt -0.190000 -0.019000 0.000000
vt -0.000000 0.000000 0.000000
vt 0.191948 3.674950 0.000000
vt 0.191615 3.674978 0.000000
vt 0.191948 0.000050 0.000000
vt 0.191615 0.000022 0.000000
vt 0.191281 3.674994 0.000000
vt 0.191281 0.000006 0.000000
vt 0.190948 3.675000 0.000000
vt 0.190948 0.000000 0.000000
vt -0.000000 0.000000 0.000000
vt 0.000000 3.675000 0.000000
vn -0.099504 -0.000000 0.009950
vn -0.099504 -0.000000 0.009950
vn -0.096007 -0.000000 0.027977
vn -0.094112 -0.000000 0.033806
vn -0.094112 -0.000000 0.033806
vn -0.083092 -0.000000 0.055640
vn -0.083092 -0.000000 0.055640
vn -0.067101 -0.000000 0.074145
vn -0.067101 -0.000000 0.074145
vn -0.047096 -0.000000 0.088216
vn -0.047096 -0.000000 0.088216
vn -0.024274 -0.000000 0.097009
vn -0.024274 -0.000000 0.097009
vn -0.000000 -0.000000 0.100000
vn -0.024274 -0.000000 0.097009
vn -0.024274 -0.000000 0.097009
vn -0.047096 -0.000000 0.088216
vn -0.047096 -0.000000 0.088216
vn -0.067101 -0.000000 0.074145
vn -0.067101 -0.000000 0.074145
vn -0.083092 -0.000000 0.055640
vn -0.083092 -0.000000 0.055640
vn -0.094112 -0.000000 0.033806
vn -0.094112 -0.000000 0.033806
vn -0.094112 -0.000000 0.033806
vn -0.094112 -0.000000 0.033806
vn -0.083092 -0.000000 0.055640
vn -0.083092 -0.000000 0.055640
vn -0.067101 -0.000000 0.074145
vn -0.067101 -0.000000 0.074145
vn -0.047096 -0.000000 0.088216
vn -0.047096 -0.000000 0.088216
vn -0.024274 -0.000000 0.097009
vn -0.024274 -0.000000 0.097009
vn -0.024274 -0.000000 0.097009
vn -0.024274 -0.000000 0.097009
vn -0.047096 -0.000000 0.088216
vn -0.047096 -0.000000 0.088216
vn -0.067101 -0.000000 0.074145
vn -0.067101 -0.000000 0.074145
vn -0.083092 -0.000000 0.055640
vn -0.083092 -0.000000 0.055640
vn -0.094112 -0.000000 0.033806
vn -0.094112 -0.000000 0.033806
vn -0.094112 -0.000000 0.033806
vn -0.094112 -0.000000 0.033806
vn -0.083092 -0.000000 0.055640
vn -0.083092 -0.000000 0.055640
vn -0.067101 -0.000000 0.074145
vn -0.067101 -0.000000 0.074145
vn -0.047096 -0.000000 0.088216
vn -0.047096 -0.000000 0.088216
vn -0.024274 -0.000000 0.097009
vn -0.024274 -0.000000 0.097009
vn -0.024274 -0.000000 0.097009
vn -0.018286 -0.000000 0.098314
vn -0.035955 -0.000000 0.093313
vn -0.096007 -0.000000 0.027977
vn -0.094112 -0.000000 0.033806
vn -0.094112 -0.000000 0.033806
vn -0.094112 -0.000000 0.033806
vn -0.083092 -0.000000 0.055640
vn -0.083092 -0.000000 0.055640
vn -0.067101 -0.000000 0.074145
vn -0.067101 -0.000000 0.074145
vn -0.047096 -0.000000 0.088216
vn -0.047096 -0.000000 0.088216
vn -0.024274 -0.000000 0.097009
vn -0.024274 -0.000000 0.097009
vn -0.018286 -0.000000 0.098314
vn -0.024274 -0.000000 0.097009
vn -0.024274 -0.000000 0.097009
vn -0.047096 -0.000000 0.088216
vn -0.047096 -0.000000 0.088216
vn -0.067101 -0.000000 0.074145
vn -0.067101 -0.000000 0.074145
vn -0.083092 -0.000000 0.055640
vn -0.083092 -0.000000 0.055640
vn -0.094112 -0.000000 0.033806
vn -0.094112 -0.000000 0.033806
vn -0.094112 -0.000000 0.033806
vn -0.094112 -0.000000 0.033806
vn -0.083092 -0.000000 0.055640
vn -0.083092 -0.000000 0.055640
vn -0.067101 -0.000000 0.074145
vn -0.067101 -0.000000 0.074145
vn -0.047096 -0.000000 0.088216
vn -0.047096 -0.000000 0.088216
vn -0.024274 -0.000000 0.097009
vn -0.024274 -0.000000 0.097009
vn -0.024274 -0.000000 0.097009
vn -0.024274 -0.000000 0.097009
vn -0.047096 -0.000000 0.088216
vn -0.047096 -0.000000 0.088216
vn -0.067101 -0.000000 0.074145
vn -0.067101 -0.000000 0.074145
vn -0.083092 -0.000000 0.055640
vn -0.083092 -0.000000 0.055640
vn -0.094112 -0.000000 0.033806
vn -0.094112 -0.000000 0.033806
vn -0.094112 -0.000000 0.033806
vn -0.094112 -0.000000 0.033806
vn -0.083092 -0.000000 0.055640
vn -0.083092 -0.000000 0.055640
vn -0.067101 -0.000000 0.074145
vn -0.067101 -0.000000 0.074145
vn -0.047096 -0.000000 0.088216
vn -0.047096 -0.000000 0.088216
vn -0.024274 -0.000000 0.097009
vn -0.024274 -0.000000 0.097009
vn 0.000000 -0.000000 0.100000
vn -0.089272 -0.000000 0.045061
vn -0.083092 -0.000000 0.055640
vn -0.083092 -0.000000 0.055640
vn -0.067101 -0.000000 0.074145
vn -0.067101 -0.000000 0.074145
vn -0.047096 -0.000000 0.088216
vn -0.047096 -0.000000 0.088216
vn -0.024274 -0.000000 0.097009
vn -0.024274 -0.000000 0.097009
vn -0.079527 -0.000000 0.060625
vn -0.067101 -0.000000 0.074145
vn -0.047096 -0.000000 0.088216
vn -0.024274 -0.000000 0.097009
vn -0.067101 -0.000000 0.074145
vn -0.052411 -0.000000 0.085165
vn -0.047096 -0.000000 0.088216
vn -0.035955 -0.000000 0.093313
vn -0.024274 -0.000000 0.097009
vn -0.024274 -0.000000 0.097009
vn -0.047096 -0.000000 0.088216
vn -0.052411 -0.000000 0.085165
vn -0.067101 -0.000000 0.074145
vn -0.067101 -0.000000 0.074145
vn -0.079527 -0.000000 0.060625
vn -0.083092 -0.000000 0.055640
vn -0.089272 -0.000000 0.045061
vn -0.094112 -0.000000 0.033806
vn -0.094112 -0.000000 0.033806
vn -0.094112 -0.000000 0.033806
vn -0.083092 -0.000000 0.055640
vn -0.083092 -0.000000 0.055640
vn -0.067101 -0.000000 0.074145
vn -0.067101 -0.000000 0.074145
vn -0.047096 -0.000000 0.088216
vn -0.094112 -0.000000 0.033806
vn -0.094112 -0.000000 0.033806
vn -0.094112 -0.000000 0.033806
vn -0.083092 -0.000000 0.055640
vn -0.083092 -0.000000 0.055640
vn -0.067101 -0.000000 0.074145
vn -0.083092 -0.000000 0.055640
vn -0.094112 -0.000000 0.033806
vn -0.083092 -0.000000 0.055640
vn -0.067101 -0.000000 0.074145
vn -0.047096 -0.000000 0.088216
vn -0.024274 -0.000000 0.097009
vn -0.094112 -0.000000 0.033806
vn -0.094112 -0.000000 0.033806
vn -0.094112 -0.000000 0.033806
vn -0.083092 -0.000000 0.055640
vn -0.083092 -0.000000 0.055640
vn -0.067101 -0.000000 0.074145
vn -0.083092 -0.000000 0.055640
vn -0.094112 -0.000000 0.033806
vn -0.083092 -0.000000 0.055640
vn -0.067101 -0.000000 0.074145
vn -0.047096 -0.000000 0.088216
vn -0.024274 -0.000000 0.097009
vn -0.094112 -0.000000 0.033806
vn -0.094112 -0.000000 0.033806
vn -0.094112 -0.000000 0.033806
vn -0.083092 -0.000000 0.055640
vn -0.083092 -0.000000 0.055640
vn -0.067101 -0.000000 0.074145
vn -0.067101 -0.000000 0.074145
vn -0.047096 -0.000000 0.088216
vn -0.047096 -0.000000 0.088216
vn -0.024274 -0.000000 0.097009
vn -0.024274 -0.000000 0.097009
vn -0.024274 -0.000000 0.097009
vn -0.024274 -0.000000 0.097009
vn -0.047096 -0.000000 0.088216
vn -0.047096 -0.000000 0.088216
vn -0.067101 -0.000000 0.074145
vn -0.067101 -0.000000 0.074145
vn -0.083092 -0.000000 0.055640
vn -0.083092 -0.000000 0.055640
vn -0.094112 -0.000000 0.033806
vn -0.094112 -0.000000 0.033806
vn -0.094112 -0.000000 0.033806
vn -0.094112 -0.000000 0.033806
vn -0.083092 -0.000000 0.055640
vn -0.083092 -0.000000 0.055640
vn -0.067101 -0.000000 0.074145
vn -0.067101 -0.000000 0.074145
vn -0.047096 -0.000000 0.088216
vn -0.047096 -0.000000 0.088216
vn -0.024274 -0.000000 0.097009
vn -0.024274 -0.000000 0.097009
vn -0.024274 -0.000000 0.097009
vn -0.024274 -0.000000 0.097009
vn -0.047096 -0.000000 0.088216
vn -0.047096 -0.000000 0.088216
vn -0.067101 -0.000000 0.074145
vn -0.067101 -0.000000 0.074145
vn -0.083092 -0.000000 0.055640
vn -0.083092 -0.000000 0.055640
vn -0.094112 -0.000000 0.033806
vn -0.094112 -0.000000 0.033806
vn -0.094112 -0.000000 0.033806
vn -0.094112 -0.000000 0.033806
vn -0.083092 -0.000000 0.055640
vn -0.083092 -0.000000 0.055640
vn -0.067101 -0.000000 0.074145
vn -0.067101 -0.000000 0.074145
vn -0.047096 -0.000000 0.088216
vn -0.047096 -0.000000 0.088216
vn -0.024274 -0.000000 0.097009
vn -0.024274 -0.000000 0.097009
vn -0.024274 -0.000000 0.097009
vn -0.024274 -0.000000 0.097009
vn -0.047096 -0.000000 0.088216
vn -0.047096 -0.000000 0.088216
vn -0.067101 -0.000000 0.074145
vn -0.067101 -0.000000 0.074145
vn -0.083092 -0.000000 0.055640
vn -0.083092 -0.000000 0.055640
vn -0.094112 -0.000000 0.033806
vn -0.094112 -0.000000 0.033806
vn -0.094112 -0.000000 0.033806
vn -0.094112 -0.000000 0.033806
vn -0.083092 -0.000000 0.055640
vn -0.083092 -0.000000 0.055640
vn -0.067101 -0.000000 0.074145
vn -0.067101 -0.000000 0.074145
vn -0.047096 -0.000000 0.088216
vn -0.047096 -0.000000 0.088216
vn -0.024274 -0.000000 0.097009
vn -0.024274 -0.000000 0.097009
vn -0.083092 -0.000000 0.055640
vn -0.094112 -0.000000 0.033806
vn -0.094112 -0.000000 0.033806
vn -0.094112 -0.000000 0.033806
vn -0.083092 -0.000000 0.055640
vn -0.083092 -0.000000 0.055640
vn -0.067101 -0.000000 0.074145
vn -0.083092 -0.000000 0.055640
vn -0.094112 -0.000000 0.033806
vn -0.083092 -0.000000 0.055640
vn -0.067101 -0.000000 0.074145
vn -0.047096 -0.000000 0.088216
vn -0.024274 -0.000000 0.097009
vn -0.094112 -0.000000 0.033806
vn -0.094112 -0.000000 0.033806
vn -0.094112 -0.000000 0.033806
vn -0.083092 -0.000000 0.055640
vn -0.083092 -0.000000 0.055640
vn -0.067101 -0.000000 0.074145
vn -0.083092 -0.000000 0.055640
vn -0.094112 -0.000000 0.033806
vn -0.083092 -0.000000 0.055640
vn -0.067101 -0.000000 0.074145
vn -0.047096 -0.000000 0.088216
vn -0.024274 -0.000000 0.097009
vn -0.094112 -0.000000 0.033806
vn -0.094112 -0.000000 0.033806
vn -0.094112 -0.000000 0.033806
vn -0.083092 -0.000000 0.055640
vn -0.083092 -0.000000 0.055640
vn -0.067101 -0.000000 0.074145
vn -0.083092 -0.000000 0.055640
vn -0.094112 -0.000000 0.033806
vn -0.083092 -0.000000 0.055640
vn -0.067101 -0.000000 0.074145
vn -0.047096 -0.000000 0.088216
vn -0.024274 -0.000000 0.097009
vn -0.094112 -0.000000 0.033806
vn -0.094112 -0.000000 0.033806
vn -0.094112 -0.000000 0.033806
vn -0.083092 -0.000000 0.055640
vn -0.083092 -0.000000 0.055640
vn -0.067101 -0.000000 0.074145
vn -0.083092 -0.000000 0.055640
vn -0.094112 -0.000000 0.033806
vn -0.083092 -0.000000 0.055640
vn -0.067101 -0.000000 0.074145
vn -0.047096 -0.000000 0.088216
vn -0.024274 -0.000000 0.097009
vn -0.094112 -0.000000 0.033806
vn -0.094112 -0.000000 0.033806
vn -0.094112 -0.000000 0.033806
vn -0.083092 -0.000000 0.055640
vn -0.083092 -0.000000 0.055640
vn -0.067101 -0.000000 0.074145
vn -0.083092 -0.000000 0.055640
vn -0.094112 -0.000000 0.033806
vn -0.083092 -0.000000 0.055640
vn -0.067101 -0.000000 0.074145
vn -0.047096 -0.000000 0.088216
vn -0.024274 -0.000000 0.097009
vn -0.094112 -0.000000 0.033806
vn -0.094112 -0.000000 0.033806
vn -0.083092 -0.000000 0.055640
vn -0.067101 -0.000000 0.074145
vn -0.067101 -0.000000 0.074145
vn -0.047096 -0.000000 0.088216
vn -0.024274 -0.000000 0.097009
vn -0.067101 -0.000000 0.074145
vn -0.067101 -0.000000 0.074145
vn -0.047096 -0.000000 0.088216
vn -0.024274 -0.000000 0.097009
vn -0.067101 -0.000000 0.074145
vn -0.067101 -0.000000 0.074145
vn -0.067101 -0.000000 0.074145
vn -0.047096 -0.000000 0.088216
vn -0.024274 -0.000000 0.097009
vn -0.067101 -0.000000 0.074145
vn -0.067101 -0.000000 0.074145
vn -0.047096 -0.000000 0.088216
vn -0.024274 -0.000000 0.097009
vn -0.067101 -0.000000 0.074145
vn -0.067101 -0.000000 0.074145
vn -0.047096 -0.000000 0.088216
vn -0.024274 -0.000000 0.097009
vn -0.067101 -0.000000 0.074145
vn -0.067101 -0.000000 0.074145
vn -0.047096 -0.000000 0.088216
vn -0.024274 -0.000000 0.097009
vn -0.067101 -0.000000 0.074145
vn -0.067101 -0.000000 0.074145
vn -0.047096 -0.000000 0.088216
vn -0.024274 -0.000000 0.097009
vn -0.047096 -0.000000 0.088216
vn -0.047096 -0.000000 0.088216
vn -0.024274 -0.000000 0.097009
vn -0.047096 -0.000000 0.088216
vn -0.047096 -0.000000 0.088216
vn -0.024274 -0.000000 0.097009
vn -0.047096 -0.000000 0.088216
vn -0.047096 -0.000000 0.088216
vn -0.047096 -0.000000 0.088216
vn -0.024274 -0.000000 0.097009
vn -0.047096 -0.000000 0.088216
vn -0.047096 -0.000000 0.088216
vn -0.024274 -0.000000 0.097009
vn -0.047096 -0.000000 0.088216
vn -0.047096 -0.000000 0.088216
vn -0.024274 -0.000000 0.097009
vn -0.047096 -0.000000 0.088216
vn -0.047096 -0.000000 0.088216
vn -0.024274 -0.000000 0.097009
vn -0.047096 -0.000000 0.088216
vn -0.047096 -0.000000 0.088216
vn -0.024274 -0.000000 0.097009
vn -0.024274 -0.000000 0.097009
vn -0.024274 -0.000000 0.097009
vn -0.024274 -0.000000 0.097009
vn -0.024274 -0.000000 0.097009
vn -0.024274 -0.000000 0.097009
vn -0.024274 -0.000000 0.097009
vn -0.024274 -0.000000 0.097009
vn -0.024274 -0.000000 0.097009
vn -0.000000 -0.000000 0.100000
vn -0.000000 -0.018286 0.098314
vn -0.000000 -0.025882 0.096593
vn -0.000000 -0.025882 0.096593
vn -0.000000 -0.050000 0.086603
vn -0.000000 -0.050000 0.086603
vn -0.000000 -0.070711 0.070711
vn -0.000000 -0.070711 0.070711
vn -0.000000 -0.086603 0.050000
vn -0.000000 -0.086603 0.050000
vn -0.000000 -0.096593 0.025882
vn -0.000000 -0.096593 0.025882
vn -0.000000 -0.099779 0.006640
vn -0.000000 -0.096593 0.025882
vn -0.000000 -0.096593 0.025882
vn -0.000000 -0.086603 0.050000
vn -0.000000 -0.086603 0.050000
vn -0.000000 -0.070711 0.070711
vn -0.000000 -0.070711 0.070711
vn -0.000000 -0.050000 0.086603
vn -0.000000 -0.050000 0.086603
vn -0.000000 -0.025882 0.096593
vn -0.000000 -0.025882 0.096593
vn -0.000000 -0.025882 0.096593
vn -0.000000 -0.035955 0.093313
vn -0.000000 -0.050000 0.086603
vn -0.000000 -0.052411 0.085165
vn -0.000000 -0.067101 0.074145
vn -0.000000 -0.070711 0.070711
vn -0.000000 -0.079527 0.060625
vn -0.000000 -0.086603 0.050000
vn -0.000000 -0.089272 0.045061
vn -0.000000 -0.096593 0.025882
vn -0.000000 -0.096007 0.027977
vn -0.000000 -0.099504 0.009950
vn -0.000000 -0.018286 0.098314
vn -0.000000 -0.025882 0.096593
vn -0.000000 -0.025882 0.096593
vn -0.000000 -0.025882 0.096593
vn -0.000000 -0.050000 0.086603
vn -0.000000 -0.050000 0.086603
vn -0.000000 -0.070711 0.070711
vn -0.000000 -0.070711 0.070711
vn -0.000000 -0.086603 0.050000
vn -0.000000 -0.086603 0.050000
vn -0.000000 -0.096593 0.025882
vn -0.000000 -0.096593 0.025882
vn -0.000000 -0.099504 0.009950
vn -0.000000 -0.096593 0.025882
vn -0.000000 -0.096593 0.025882
vn -0.000000 -0.086603 0.050000
vn -0.000000 -0.086603 0.050000
vn -0.000000 -0.070711 0.070711
vn -0.000000 -0.070711 0.070711
vn -0.000000 -0.050000 0.086603
vn -0.000000 -0.050000 0.086603
vn -0.000000 -0.025882 0.096593
vn -0.000000 -0.025882 0.096593
vn -0.000000 -0.025882 0.096593
vn -0.000000 -0.025882 0.096593
vn -0.000000 -0.050000 0.086603
vn -0.000000 -0.050000 0.086603
vn -0.000000 -0.070711 0.070711
vn -0.000000 -0.070711 0.070711
vn -0.000000 -0.086603 0.050000
vn -0.000000 -0.086603 0.050000
vn -0.000000 -0.096593 0.025882
vn -0.000000 -0.096593 0.025882
vn -0.000000 -0.096593 0.025882
vn -0.000000 -0.096593 0.025882
vn -0.000000 -0.086603 0.050000
vn -0.000000 -0.086603 0.050000
vn -0.000000 -0.070711 0.070711
vn -0.000000 -0.070711 0.070711
vn -0.000000 -0.050000 0.086603
vn -0.000000 -0.035955 0.093313
vn -0.000000 -0.050000 0.086603
vn -0.000000 -0.050000 0.086603
vn -0.000000 -0.070711 0.070711
vn -0.000000 -0.070711 0.070711
vn -0.000000 -0.086603 0.050000
vn -0.000000 -0.086603 0.050000
vn -0.000000 -0.096593 0.025882
vn -0.000000 -0.096593 0.025882
vn -0.000000 -0.052411 0.085165
vn -0.000000 -0.067101 0.074145
vn -0.000000 -0.070711 0.070711
vn -0.000000 -0.079527 0.060625
vn -0.000000 -0.086603 0.050000
vn -0.000000 -0.089272 0.045061
vn -0.000000 -0.096593 0.025882
vn -0.000000 -0.096007 0.027977
vn -0.000000 -0.099779 0.006640
vn -0.000000 -0.096593 0.025882
vn -0.000000 -0.096593 0.025882
vn -0.000000 -0.086603 0.050000
vn -0.000000 -0.086603 0.050000
vn -0.000000 -0.070711 0.070711
vn -0.000000 -0.099945 0.003322
vn -0.000000 -0.099945 0.003322
vn 0.000000 -0.100000 -0.000000
vn -0.000000 -0.100000 0.000000
vn -0.000000 -0.025882 0.096593
vn -0.000000 -0.025882 0.096593
vn -0.000000 -0.025882 0.096593
vn -0.000000 -0.050000 0.086603
vn -0.000000 -0.050000 0.086603
vn -0.000000 -0.070711 0.070711
vn -0.000000 -0.050000 0.086603
vn -0.000000 -0.025882 0.096593
vn -0.000000 -0.050000 0.086603
vn -0.000000 -0.025882 0.096593
vn -0.000000 -0.025882 0.096593
vn -0.000000 -0.025882 0.096593
vn -0.000000 -0.050000 0.086603
vn -0.000000 -0.050000 0.086603
vn -0.000000 -0.070711 0.070711
vn -0.000000 -0.050000 0.086603
vn -0.000000 -0.025882 0.096593
vn -0.000000 -0.025882 0.096593
vn -0.000000 -0.025882 0.096593
vn -0.000000 -0.025882 0.096593
vn -0.000000 -0.050000 0.086603
vn -0.000000 -0.050000 0.086603
vn -0.000000 -0.070711 0.070711
vn -0.000000 -0.050000 0.086603
vn -0.000000 -0.025882 0.096593
vn -0.000000 -0.070711 0.070711
vn -0.000000 -0.070711 0.070711
vn -0.000000 -0.086603 0.050000
vn -0.000000 -0.096593 0.025882
vn -0.000000 -0.070711 0.070711
vn -0.000000 -0.070711 0.070711
vn -0.000000 -0.086603 0.050000
vn -0.000000 -0.096593 0.025882
vn -0.000000 -0.086603 0.050000
vn -0.000000 -0.086603 0.050000
vn -0.000000 -0.086603 0.050000
vn -0.000000 -0.096593 0.025882
vn -0.000000 -0.086603 0.050000
vn -0.000000 -0.096593 0.025882
vn -0.000000 -0.096593 0.025882
vn -0.000000 -0.096593 0.025882
vn -0.000000 0.000000 0.100000
vn -0.000000 0.018286 0.098314
vn -0.000000 0.025882 0.096593
vn -0.000000 0.025882 0.096593
vn -0.000000 0.050000 0.086603
vn -0.000000 0.050000 0.086603
vn -0.000000 0.070711 0.070711
vn -0.000000 0.070711 0.070711
vn -0.000000 0.086603 0.050000
vn -0.000000 0.079527 0.060625
vn -0.000000 0.089272 0.045061
vn -0.000000 0.096593 0.025882
vn -0.000000 0.096007 0.027977
vn -0.000000 0.099504 0.009950
vn -0.000000 0.099779 0.006640
vn -0.000000 0.096593 0.025882
vn -0.000000 0.096593 0.025882
vn -0.000000 0.086603 0.050000
vn -0.000000 0.086603 0.050000
vn -0.000000 0.070711 0.070711
vn -0.000000 0.070711 0.070711
vn -0.000000 0.050000 0.086603
vn -0.000000 0.050000 0.086603
vn -0.000000 0.025882 0.096593
vn -0.000000 0.025882 0.096593
vn -0.000000 0.025882 0.096593
vn -0.000000 0.025882 0.096593
vn -0.000000 0.050000 0.086603
vn -0.000000 0.050000 0.086603
vn -0.000000 0.070711 0.070711
vn -0.000000 0.070711 0.070711
vn -0.000000 0.086603 0.050000
vn -0.000000 0.086603 0.050000
vn -0.000000 0.096593 0.025882
vn -0.000000 0.096593 0.025882
vn -0.000000 0.096593 0.025882
vn -0.000000 0.100000 0.000000
vn -0.000000 0.025882 0.096593
vn -0.000000 0.050000 0.086603
vn -0.000000 0.070711 0.070711
vn -0.000000 0.086603 0.050000
vn 0.000000 0.100000 -0.000000
vn -0.000000 0.099945 0.003322
vn -0.000000 0.067101 0.074145
vn -0.000000 0.050000 0.086603
vn -0.000000 0.025882 0.096593
vn -0.000000 0.052411 0.085165
vn -0.000000 0.035955 0.093313
vn -0.000000 0.025882 0.096593
vn -0.000000 0.050000 0.086603
vn -0.000000 0.070711 0.070711
vn -0.000000 0.086603 0.050000
vn -0.000000 0.096593 0.025882
vn -0.000000 0.025882 0.096593
vn -0.000000 0.050000 0.086603
vn -0.000000 0.070711 0.070711
vn -0.000000 0.086603 0.050000
vn -0.000000 0.096593 0.025882
vn -0.000000 0.070711 0.070711
vn -0.000000 0.086603 0.050000
vn -0.000000 0.086603 0.050000
vn -0.000000 0.096593 0.025882
vn -0.000000 0.096593 0.025882
vn 0.000000 -0.000000 0.100000
vn 0.018286 -0.000000 0.098314
vn 0.024274 -0.000000 0.097009
vn 0.024274 -0.000000 0.097009
vn 0.047096 -0.000000 0.088216
vn 0.047096 -0.000000 0.088216
vn 0.067101 -0.000000 0.074145
vn 0.067101 -0.000000 0.074145
vn 0.083092 -0.000000 0.055640
vn 0.083092 -0.000000 0.055640
vn 0.094112 -0.000000 0.033806
vn 0.094112 -0.000000 0.033806
vn 0.099504 -0.000000 0.009950
vn 0.094112 -0.000000 0.033806
vn 0.094112 -0.000000 0.033806
vn 0.083092 -0.000000 0.055640
vn 0.083092 -0.000000 0.055640
vn 0.067101 -0.000000 0.074145
vn 0.067101 -0.000000 0.074145
vn 0.047096 -0.000000 0.088216
vn 0.047096 -0.000000 0.088216
vn 0.024274 -0.000000 0.097009
vn 0.024274 -0.000000 0.097009
vn 0.024274 -0.000000 0.097009
vn 0.024274 -0.000000 0.097009
vn 0.047096 -0.000000 0.088216
vn 0.047096 -0.000000 0.088216
vn 0.067101 -0.000000 0.074145
vn 0.067101 -0.000000 0.074145
vn 0.083092 -0.000000 0.055640
vn 0.083092 -0.000000 0.055640
vn 0.094112 -0.000000 0.033806
vn 0.094112 -0.000000 0.033806
vn 0.094112 -0.000000 0.033806
vn 0.094112 -0.000000 0.033806
vn 0.083092 -0.000000 0.055640
vn 0.083092 -0.000000 0.055640
vn 0.067101 -0.000000 0.074145
vn 0.067101 -0.000000 0.074145
vn 0.047096 -0.000000 0.088216
vn 0.047096 -0.000000 0.088216
vn 0.024274 -0.000000 0.097009
vn 0.024274 -0.000000 0.097009
vn 0.024274 -0.000000 0.097009
vn 0.024274 -0.000000 0.097009
vn 0.047096 -0.000000 0.088216
vn 0.047096 -0.000000 0.088216
vn 0.067101 -0.000000 0.074145
vn 0.067101 -0.000000 0.074145
vn 0.083092 -0.000000 0.055640
vn 0.083092 -0.000000 0.055640
vn 0.094112 -0.000000 0.033806
vn 0.094112 -0.000000 0.033806
vn 0.094112 -0.000000 0.033806
vn 0.096007 -0.000000 0.027977
vn 0.089272 -0.000000 0.045061
vn 0.018286 -0.000000 0.098314
vn 0.024274 -0.000000 0.097009
vn 0.024274 -0.000000 0.097009
vn 0.024274 -0.000000 0.097009
vn 0.047096 -0.000000 0.088216
vn 0.047096 -0.000000 0.088216
vn 0.067101 -0.000000 0.074145
vn 0.067101 -0.000000 0.074145
vn 0.083092 -0.000000 0.055640
vn 0.083092 -0.000000 0.055640
vn 0.094112 -0.000000 0.033806
vn 0.094112 -0.000000 0.033806
vn 0.096007 -0.000000 0.027977
vn 0.094112 -0.000000 0.033806
vn 0.094112 -0.000000 0.033806
vn 0.083092 -0.000000 0.055640
vn 0.083092 -0.000000 0.055640
vn 0.067101 -0.000000 0.074145
vn 0.067101 -0.000000 0.074145
vn 0.047096 -0.000000 0.088216
vn 0.047096 -0.000000 0.088216
vn 0.024274 -0.000000 0.097009
vn 0.024274 -0.000000 0.097009
vn 0.024274 -0.000000 0.097009
vn 0.024274 -0.000000 0.097009
vn 0.047096 -0.000000 0.088216
vn 0.047096 -0.000000 0.088216
vn 0.067101 -0.000000 0.074145
vn 0.067101 -0.000000 0.074145
vn 0.083092 -0.000000 0.055640
vn 0.083092 -0.000000 0.055640
vn 0.094112 -0.000000 0.033806
vn 0.094112 -0.000000 0.033806
vn 0.094112 -0.000000 0.033806
vn 0.094112 -0.000000 0.033806
vn 0.083092 -0.000000 0.055640
vn 0.083092 -0.000000 0.055640
vn 0.067101 -0.000000 0.074145
vn 0.067101 -0.000000 0.074145
vn 0.047096 -0.000000 0.088216
vn 0.047096 -0.000000 0.088216
vn 0.024274 -0.000000 0.097009
vn 0.024274 -0.000000 0.097009
vn 0.024274 -0.000000 0.097009
vn 0.024274 -0.000000 0.097009
vn 0.047096 -0.000000 0.088216
vn 0.047096 -0.000000 0.088216
vn 0.067101 -0.000000 0.074145
vn 0.067101 -0.000000 0.074145
vn 0.083092 -0.000000 0.055640
vn 0.083092 -0.000000 0.055640
vn 0.094112 -0.000000 0.033806
vn 0.094112 -0.000000 0.033806
vn 0.099504 0.000000 0.009950
vn 0.035955 -0.000000 0.093313
vn 0.047096 -0.000000 0.088216
vn 0.047096 -0.000000 0.088216
vn 0.067101 -0.000000 0.074145
vn 0.067101 -0.000000 0.074145
vn 0.083092 -0.000000 0.055640
vn 0.083092 -0.000000 0.055640
vn 0.094112 -0.000000 0.033806
vn 0.094112 -0.000000 0.033806
vn 0.052411 -0.000000 0.085165
vn 0.067101 -0.000000 0.074145
vn 0.083092 -0.000000 0.055640
vn 0.094112 -0.000000 0.033806
vn 0.067101 -0.000000 0.074145
vn 0.079527 -0.000000 0.060625
vn 0.083092 -0.000000 0.055640
vn 0.089272 -0.000000 0.045061
vn 0.094112 -0.000000 0.033806
vn 0.094112 -0.000000 0.033806
vn 0.083092 -0.000000 0.055640
vn 0.079527 -0.000000 0.060625
vn 0.067101 -0.000000 0.074145
vn 0.067101 -0.000000 0.074145
vn 0.052411 -0.000000 0.085165
vn 0.047096 -0.000000 0.088216
vn 0.035955 -0.000000 0.093313
vn 0.024274 -0.000000 0.097009
vn 0.024274 -0.000000 0.097009
vn 0.024274 -0.000000 0.097009
vn 0.047096 -0.000000 0.088216
vn 0.047096 -0.000000 0.088216
vn 0.067101 -0.000000 0.074145
vn 0.067101 -0.000000 0.074145
vn 0.083092 -0.000000 0.055640
vn 0.024274 -0.000000 0.097009
vn 0.024274 -0.000000 0.097009
vn 0.024274 -0.000000 0.097009
vn 0.047096 -0.000000 0.088216
vn 0.047096 -0.000000 0.088216
vn 0.067101 -0.000000 0.074145
vn 0.047096 -0.000000 0.088216
vn 0.024274 -0.000000 0.097009
vn 0.047096 -0.000000 0.088216
vn 0.067101 -0.000000 0.074145
vn 0.083092 -0.000000 0.055640
vn 0.094112 -0.000000 0.033806
vn 0.024274 -0.000000 0.097009
vn 0.024274 -0.000000 0.097009
vn 0.024274 -0.000000 0.097009
vn 0.047096 -0.000000 0.088216
vn 0.047096 -0.000000 0.088216
vn 0.067101 -0.000000 0.074145
vn 0.047096 -0.000000 0.088216
vn 0.024274 -0.000000 0.097009
vn 0.047096 -0.000000 0.088216
vn 0.067101 -0.000000 0.074145
vn 0.083092 -0.000000 0.055640
vn 0.094112 -0.000000 0.033806
vn 0.024274 -0.000000 0.097009
vn 0.024274 -0.000000 0.097009
vn 0.024274 -0.000000 0.097009
vn 0.047096 -0.000000 0.088216
vn 0.047096 -0.000000 0.088216
vn 0.067101 -0.000000 0.074145
vn 0.067101 -0.000000 0.074145
vn 0.083092 -0.000000 0.055640
vn 0.083092 -0.000000 0.055640
vn 0.094112 -0.000000 0.033806
vn 0.094112 -0.000000 0.033806
vn 0.094112 -0.000000 0.033806
vn 0.094112 -0.000000 0.033806
vn 0.083092 -0.000000 0.055640
vn 0.083092 -0.000000 0.055640
vn 0.067101 -0.000000 0.074145
vn 0.067101 -0.000000 0.074145
vn 0.047096 -0.000000 0.088216
vn 0.047096 -0.000000 0.088216
vn 0.024274 -0.000000 0.097009
vn 0.024274 -0.000000 0.097009
vn 0.024274 -0.000000 0.097009
vn 0.024274 -0.000000 0.097009
vn 0.047096 -0.000000 0.088216
vn 0.047096 -0.000000 0.088216
vn 0.067101 -0.000000 0.074145
vn 0.067101 -0.000000 0.074145
vn 0.083092 -0.000000 0.055640
vn 0.083092 -0.000000 0.055640
vn 0.094112 -0.000000 0.033806
vn 0.094112 -0.000000 0.033806
vn 0.094112 -0.000000 0.033806
vn 0.094112 -0.000000 0.033806
vn 0.083092 -0.000000 0.055640
vn 0.083092 -0.000000 0.055640
vn 0.067101 -0.000000 0.074145
vn 0.067101 -0.000000 0.074145
vn 0.047096 -0.000000 0.088216
vn 0.047096 -0.000000 0.088216
vn 0.024274 -0.000000 0.097009
vn 0.024274 -0.000000 0.097009
vn 0.024274 -0.000000 0.097009
vn 0.024274 -0.000000 0.097009
vn 0.047096 -0.000000 0.088216
vn 0.047096 -0.000000 0.088216
vn 0.067101 -0.000000 0.074145
vn 0.067101 -0.000000 0.074145
vn 0.083092 -0.000000 0.055640
vn 0.083092 -0.000000 0.055640
vn 0.094112 -0.000000 0.033806
vn 0.094112 -0.000000 0.033806
vn 0.094112 -0.000000 0.033806
vn 0.094112 -0.000000 0.033806
vn 0.083092 -0.000000 0.055640
vn 0.083092 -0.000000 0.055640
vn 0.067101 -0.000000 0.074145
vn 0.067101 -0.000000 0.074145
vn 0.047096 -0.000000 0.088216
vn 0.047096 -0.000000 0.088216
vn 0.024274 -0.000000 0.097009
vn 0.024274 -0.000000 0.097009
vn 0.024274 -0.000000 0.097009
vn 0.024274 -0.000000 0.097009
vn 0.047096 -0.000000 0.088216
vn 0.047096 -0.000000 0.088216
vn 0.067101 -0.000000 0.074145
vn 0.067101 -0.000000 0.074145
vn 0.083092 -0.000000 0.055640
vn 0.083092 -0.000000 0.055640
vn 0.094112 -0.000000 0.033806
vn 0.094112 -0.000000 0.033806
vn 0.047096 -0.000000 0.088216
vn 0.024274 -0.000000 0.097009
vn 0.024274 -0.000000 0.097009
vn 0.024274 -0.000000 0.097009
vn 0.047096 -0.000000 0.088216
vn 0.047096 -0.000000 0.088216
vn 0.067101 -0.000000 0.074145
vn 0.047096 -0.000000 0.088216
vn 0.024274 -0.000000 0.097009
vn 0.047096 -0.000000 0.088216
vn 0.067101 -0.000000 0.074145
vn 0.083092 -0.000000 0.055640
vn 0.094112 -0.000000 0.033806
vn 0.024274 -0.000000 0.097009
vn 0.024274 -0.000000 0.097009
vn 0.024274 -0.000000 0.097009
vn 0.047096 -0.000000 0.088216
vn 0.047096 -0.000000 0.088216
vn 0.067101 -0.000000 0.074145
vn 0.047096 -0.000000 0.088216
vn 0.024274 -0.000000 0.097009
vn 0.047096 -0.000000 0.088216
vn 0.067101 -0.000000 0.074145
vn 0.083092 -0.000000 0.055640
vn 0.094112 -0.000000 0.033806
vn 0.024274 -0.000000 0.097009
vn 0.024274 -0.000000 0.097009
vn 0.024274 -0.000000 0.097009
vn 0.047096 -0.000000 0.088216
vn 0.047096 -0.000000 0.088216
vn 0.067101 -0.000000 0.074145
vn 0.047096 -0.000000 0.088216
vn 0.024274 -0.000000 0.097009
vn 0.047096 -0.000000 0.088216
vn 0.067101 -0.000000 0.074145
vn 0.083092 -0.000000 0.055640
vn 0.094112 -0.000000 0.033806
vn 0.024274 -0.000000 0.097009
vn 0.024274 -0.000000 0.097009
vn 0.024274 -0.000000 0.097009
vn 0.047096 -0.000000 0.088216
vn 0.047096 -0.000000 0.088216
vn 0.067101 -0.000000 0.074145
vn 0.047096 -0.000000 0.088216
vn 0.024274 -0.000000 0.097009
vn 0.047096 -0.000000 0.088216
vn 0.067101 -0.000000 0.074145
vn 0.083092 -0.000000 0.055640
vn 0.094112 -0.000000 0.033806
vn 0.024274 -0.000000 0.097009
vn 0.024274 -0.000000 0.097009
vn 0.024274 -0.000000 0.097009
vn 0.047096 -0.000000 0.088216
vn 0.047096 -0.000000 0.088216
vn 0.067101 -0.000000 0.074145
vn 0.047096 -0.000000 0.088216
vn 0.024274 -0.000000 0.097009
vn 0.047096 -0.000000 0.088216
vn 0.067101 -0.000000 0.074145
vn 0.083092 -0.000000 0.055640
vn 0.094112 -0.000000 0.033806
vn 0.024274 -0.000000 0.097009
vn 0.024274 -0.000000 0.097009
vn 0.047096 -0.000000 0.088216
vn 0.067101 -0.000000 0.074145
vn 0.067101 -0.000000 0.074145
vn 0.083092 -0.000000 0.055640
vn 0.094112 -0.000000 0.033806
vn 0.067101 -0.000000 0.074145
vn 0.067101 -0.000000 0.074145
vn 0.083092 -0.000000 0.055640
vn 0.094112 -0.000000 0.033806
vn 0.067101 -0.000000 0.074145
vn 0.067101 -0.000000 0.074145
vn 0.067101 -0.000000 0.074145
vn 0.083092 -0.000000 0.055640
vn 0.094112 -0.000000 0.033806
vn 0.067101 -0.000000 0.074145
vn 0.067101 -0.000000 0.074145
vn 0.083092 -0.000000 0.055640
vn 0.094112 -0.000000 0.033806
vn 0.067101 -0.000000 0.074145
vn 0.067101 -0.000000 0.074145
vn 0.083092 -0.000000 0.055640
vn 0.094112 -0.000000 0.033806
vn 0.067101 -0.000000 0.074145
vn 0.067101 -0.000000 0.074145
vn 0.083092 -0.000000 0.055640
vn 0.094112 -0.000000 0.033806
vn 0.067101 -0.000000 0.074145
vn 0.067101 -0.000000 0.074145
vn 0.083092 -0.000000 0.055640
vn 0.094112 -0.000000 0.033806
vn 0.083092 -0.000000 0.055640
vn 0.083092 -0.000000 0.055640
vn 0.094112 -0.000000 0.033806
vn 0.083092 -0.000000 0.055640
vn 0.083092 -0.000000 0.055640
vn 0.094112 -0.000000 0.033806
vn 0.083092 -0.000000 0.055640
vn 0.083092 -0.000000 0.055640
vn 0.083092 -0.000000 0.055640
vn 0.094112 -0.000000 0.033806
vn 0.083092 -0.000000 0.055640
vn 0.083092 -0.000000 0.055640
vn 0.094112 -0.000000 0.033806
vn 0.083092 -0.000000 0.055640
vn 0.083092 -0.000000 0.055640
vn 0.094112 -0.000000 0.033806
vn 0.083092 -0.000000 0.055640
vn 0.083092 -0.000000 0.055640
vn 0.094112 -0.000000 0.033806
vn 0.083092 -0.000000 0.055640
vn 0.083092 -0.000000 0.055640
vn 0.094112 -0.000000 0.033806
vn 0.094112 -0.000000 0.033806
vn 0.094112 -0.000000 0.033806
vn 0.094112 -0.000000 0.033806
vn 0.094112 -0.000000 0.033806
vn 0.094112 -0.000000 0.033806
vn 0.094112 -0.000000 0.033806
vn 0.094112 -0.000000 0.033806
vn 0.094112 -0.000000 0.033806
vn -0.000000 0.100000 0.000000
vn -0.000000 0.100000 0.000000
vn -0.000000 0.099945 0.003322
vn -0.000000 0.099779 0.006640
vn -0.000000 0.099504 0.009950
vn -0.000000 0.096593 0.025882
vn -0.000000 0.096593 0.025882
vn -0.000000 0.086603 0.050000
vn -0.000000 0.086603 0.050000
vn -0.000000 0.070711 0.070711
vn -0.000000 0.070711 0.070711
vn -0.000000 0.050000 0.086603
vn -0.000000 0.067101 0.074145
vn -0.000000 0.052411 0.085165
vn -0.000000 0.035955 0.093313
vn -0.000000 0.025882 0.096593
vn -0.000000 0.018286 0.098314
vn -0.000000 0.025882 0.096593
vn -0.000000 0.025882 0.096593
vn -0.000000 0.050000 0.086603
vn -0.000000 0.050000 0.086603
vn -0.000000 0.070711 0.070711
vn -0.000000 0.070711 0.070711
vn -0.000000 0.086603 0.050000
vn -0.000000 0.086603 0.050000
vn -0.000000 0.096593 0.025882
vn -0.000000 0.096593 0.025882
vn -0.000000 0.096593 0.025882
vn -0.000000 0.096593 0.025882
vn -0.000000 0.086603 0.050000
vn -0.000000 0.086603 0.050000
vn -0.000000 0.070711 0.070711
vn -0.000000 0.070711 0.070711
vn -0.000000 0.050000 0.086603
vn -0.000000 0.050000 0.086603
vn -0.000000 0.025882 0.096593
vn -0.000000 0.025882 0.096593
vn -0.000000 0.000000 0.100000
vn -0.000000 0.025882 0.096593
vn -0.000000 0.050000 0.086603
vn -0.000000 0.070711 0.070711
vn -0.000000 0.086603 0.050000
vn -0.000000 0.096593 0.025882
vn -0.000000 0.025882 0.096593
vn -0.000000 0.025882 0.096593
vn -0.000000 0.025882 0.096593
vn -0.000000 0.050000 0.086603
vn -0.000000 0.079527 0.060625
vn -0.000000 0.086603 0.050000
vn -0.000000 0.096593 0.025882
vn -0.000000 0.089272 0.045061
vn -0.000000 0.096593 0.025882
vn -0.000000 0.096007 0.027977
vn -0.000000 0.086603 0.050000
vn -0.000000 0.070711 0.070711
vn -0.000000 0.096593 0.025882
vn -0.000000 0.086603 0.050000
vn -0.000000 0.070711 0.070711
vn -0.000000 0.050000 0.086603
vn -0.000000 0.025882 0.096593
vn -0.000000 0.070711 0.070711
vn -0.000000 0.050000 0.086603
vn -0.000000 0.050000 0.086603
vn 0.100000 -0.000000 -0.000000
vn 0.100000 -0.000000 -0.000000
vn 0.100000 -0.000000 -0.000000
vn 0.100000 -0.000000 -0.000000
vn 0.100000 -0.000000 -0.000000
vn 0.100000 -0.000000 -0.000000
vn 0.100000 -0.000000 -0.000000
vn 0.100000 -0.000000 -0.000000
vn 0.100000 -0.000000 -0.000000
vn 0.100000 -0.000000 -0.000000
vn -0.000000 -0.000000 0.100000
vn -0.000000 -0.000000 0.100000
vn -0.000000 -0.000000 0.100000
vn -0.000000 -0.000000 0.100000
vn -0.000000 -0.000000 0.100000
vn -0.000000 -0.000000 0.100000
vn -0.000000 -0.000000 0.100000
vn -0.000000 -0.000000 0.100000
vn -0.000000 -0.000000 0.100000
vn -0.000000 -0.000000 0.100000
vn -0.000000 -0.000000 0.100000
vn -0.000000 -0.000000 0.100000
vn -0.000000 -0.000000 0.100000
vn -0.000000 -0.000000 0.100000
vn -0.000000 -0.000000 0.100000
vn -0.000000 -0.000000 0.100000
vn -0.000000 -0.000000 0.100000
vn -0.000000 -0.000000 0.100000
vn -0.000000 -0.000000 0.100000
vn -0.000000 -0.000000 0.100000
vn -0.000000 -0.000000 0.100000
vn -0.000000 -0.000000 0.100000
vn -0.000000 0.100000 0.000000
vn -0.000000 0.100000 0.000000
vn -0.000000 0.100000 0.000000
vn -0.000000 0.100000 0.000000
vn -0.100000 0.000000 0.000000
vn -0.100000 0.000000 0.000000
vn -0.100000 0.000000 0.000000
vn -0.100000 0.000000 0.000000
vn -0.100000 0.000000 0.000000
vn -0.100000 0.000000 0.000000
vn -0.100000 0.000000 0.000000
vn -0.100000 0.000000 0.000000
vn -0.100000 0.000000 0.000000
vn -0.100000 0.000000 0.000000
vn 0.098883 0.014904 0.000000
vn 0.098883 0.014904 0.000000
vn 0.095557 0.029476 0.000000
vn 0.095557 0.029476 0.000000
vn 0.090097 0.043388 0.000000
vn 0.090097 0.043388 0.000000
vn 0.082624 0.056332 0.000000
vn 0.082624 0.056332 0.000000
vn 0.073305 0.068017 0.000000
vn 0.073305 0.068017 0.000000
vn 0.062349 0.078183 0.000000
vn 0.062349 0.078183 0.000000
vn 0.050000 0.086603 0.000000
vn 0.050000 0.086603 0.000000
vn 0.036534 0.093087 0.000000
vn 0.036534 0.093087 0.000000
vn 0.022252 0.097493 0.000000
vn 0.022252 0.097493 0.000000
vn 0.007473 0.099720 0.000000
vn 0.007473 0.099720 0.000000
vn -0.007473 0.099720 0.000000
vn -0.007473 0.099720 0.000000
vn -0.022252 0.097493 0.000000
vn -0.022252 0.097493 0.000000
vn -0.036534 0.093087 0.000000
vn -0.036534 0.093087 0.000000
vn -0.050000 0.086603 0.000000
vn -0.050000 0.086603 0.000000
vn -0.062349 0.078183 0.000000
vn -0.062349 0.078183 0.000000
vn -0.073305 0.068017 0.000000
vn -0.073305 0.068017 0.000000
vn -0.082624 0.056332 0.000000
vn -0.082624 0.056332 0.000000
vn -0.090097 0.043388 0.000000
vn -0.090097 0.043388 0.000000
vn -0.095557 0.029476 0.000000
vn -0.095557 0.029476 0.000000
vn -0.098883 0.014904 0.000000
vn -0.098883 0.014904 0.000000
vn 0.000000 0.000000 0.100000
vn 0.000000 0.000000 0.100000
vn 0.000000 0.000000 0.100000
vn 0.000000 0.000000 0.100000
vn 0.000000 0.000000 0.100000
vn 0.000000 0.000000 0.100000
vn 0.000000 0.000000 0.100000
vn 0.000000 0.000000 0.100000
vn 0.000000 0.000000 0.100000
vn 0.000000 0.000000 0.100000
vn 0.000000 0.000000 0.100000
vn 0.000000 0.000000 0.100000
vn 0.000000 0.000000 0.100000
vn 0.000000 0.000000 0.100000
vn 0.000000 0.000000 0.100000
vn 0.000000 0.000000 0.100000
vn 0.000000 0.000000 0.100000
vn 0.000000 0.000000 0.100000
vn 0.000000 0.000000 0.100000
vn 0.000000 0.000000 0.100000
vn 0.000000 0.000000 0.100000
vn 0.000000 0.000000 0.100000
vn 0.000000 0.000000 0.100000
vn 0.000000 0.000000 0.100000
vn 0.000000 0.000000 -0.100000
vn 0.000000 0.000000 -0.100000
vn 0.000000 0.000000 -0.100000
vn 0.000000 0.000000 -0.100000
vn 0.099504 -0.000000 0.009950
vn 0.099504 -0.000000 0.009950
vn 0.099504 -0.000000 0.009950
vn 0.099504 -0.000000 0.009950
vn 0.099504 -0.000000 0.009950
vn 0.099504 -0.000000 0.009950
vn 0.099504 -0.000000 0.009950
vn 0.099504 -0.000000 0.009950
vn -0.000000 -0.100000 0.000000
vn -0.000000 -0.100000 0.000000
vn -0.099504 -0.000000 0.009950
vn -0.099504 -0.000000 0.009950
vn -0.099504 -0.000000 0.009950
vn -0.099504 -0.000000 0.009950
vn -0.099504 -0.000000 0.009950
vn -0.099504 -0.000000 0.009950
vn -0.099504 -0.000000 0.009950
vn -0.099504 -0.000000 0.009950
f 991/1075/1059 992/1076/1060 1008/1077/1061
f 1008/1077/1061 992/1076/1060 1055/1078/1062
f 1008/1077/1061 1055/1078/1062 1056/1079/1063
f 1056/1079/1063 1055/1078/1062 1125/1080/1064
f 1056/1079/1063 1125/1080/1064 1126/1081/1065
f 1126/1081/1065 1125/1080/1064 1195/1082/1066
f 1126/1081/1065 1195/1082/1066 1196/1083/1067
f 1196/1083/1067 1195/1082/1066 1265/1084/1068
f 1196/1083/1067 1265/1084/1068 1266/1085/1069
f 1266/1085/1069 1265/1084/1068 1335/1086/1070
f 1266/1085/1069 1335/1086/1070 1336/1087/1071
f 1336/1087/1071 1335/1086/1070 1001/1088/1072
f 1336/1087/1071 1001/1088/1072 1337/1089/1073
f 1337/1089/1073 1001/1088/1072 1338/1090/1074
f 1337/1089/1073 1338/1090/1074 1268/1091/1075
f 1268/1091/1075 1338/1090/1074 1269/1092/1076
f 1268/1091/1075 1269/1092/1076 1199/1093/1077
f 1199/1093/1077 1269/1092/1076 1200/1094/1078
f 1199/1093/1077 1200/1094/1078 1130/1095/1079
f 1130/1095/1079 1200/1094/1078 1131/1096/1080
f 1130/1095/1079 1131/1096/1080 1061/1097/1081
f 1061/1097/1081 1131/1096/1080 1062/1098/1082
f 1061/1097/1081 1062/1098/1082 1008/1077/1061
f 1008/1077/1061 1062/1098/1082 1063/1099/1083
f 1008/1077/1061 1063/1099/1083 1064/1100/1084
f 1064/1100/1084 1063/1099/1083 1133/1101/1085
f 1064/1100/1084 1133/1101/1085 1134/1102/1086
f 1134/1102/1086 1133/1101/1085 1203/1103/1087
f 1134/1102/1086 1203/1103/1087 1204/1104/1088
f 1204/1104/1088 1203/1103/1087 1273/1105/1089
f 1204/1104/1088 1273/1105/1089 1274/1106/1090
f 1274/1106/1090 1273/1105/1089 1343/1107/1091
f 1274/1106/1090 1343/1107/1091 1344/1108/1092
f 1344/1108/1092 1343/1107/1091 1001/1088/1072
f 1344/1108/1092 1001/1088/1072 1345/1109/1093
f 1345/1109/1093 1001/1088/1072 1346/1110/1094
f 1345/1109/1093 1346/1110/1094 1276/1111/1095
f 1276/1111/1095 1346/1110/1094 1277/1112/1096
f 1276/1111/1095 1277/1112/1096 1207/1113/1097
f 1207/1113/1097 1277/1112/1096 1208/1114/1098
f 1207/1113/1097 1208/1114/1098 1138/1115/1099
f 1138/1115/1099 1208/1114/1098 1139/1116/1100
f 1138/1115/1099 1139/1116/1100 1069/1117/1101
f 1069/1117/1101 1139/1116/1100 1070/1118/1102
f 1069/1117/1101 1070/1118/1102 1008/1077/1061
f 1008/1077/1061 1070/1118/1102 1071/1119/1103
f 1008/1077/1061 1071/1119/1103 1072/1120/1104
f 1072/1120/1104 1071/1119/1103 1141/1121/1105
f 1072/1120/1104 1141/1121/1105 1142/1122/1106
f 1142/1122/1106 1141/1121/1105 1211/1123/1107
f 1142/1122/1106 1211/1123/1107 1212/1124/1108
f 1212/1124/1108 1211/1123/1107 1281/1125/1109
f 1212/1124/1108 1281/1125/1109 1282/1126/1110
f 1282/1126/1110 1281/1125/1109 1351/1127/1111
f 1282/1126/1110 1351/1127/1111 1352/1128/1112
f 1352/1128/1112 1351/1127/1111 1001/1088/1072
f 1352/1128/1112 1001/1088/1072 1353/1129/1113
f 1353/1129/1113 1001/1088/1072 1002/1130/1114
f 1353/1129/1113 1002/1130/1114 1003/1131/1115
f 993/1132/1116 1009/1133/1117 992/1076/1060
f 992/1076/1060 1009/1133/1117 1010/1134/1118
f 992/1076/1060 1010/1134/1118 1011/1135/1119
f 1011/1135/1119 1010/1134/1118 1080/1136/1120
f 1011/1135/1119 1080/1136/1120 1081/1137/1121
f 1081/1137/1121 1080/1136/1120 1150/1138/1122
f 1081/1137/1121 1150/1138/1122 1151/1139/1123
f 1151/1139/1123 1150/1138/1122 1220/1140/1124
f 1151/1139/1123 1220/1140/1124 1221/1141/1125
f 1221/1141/1125 1220/1140/1124 1290/1142/1126
f 1221/1141/1125 1290/1142/1126 1291/1143/1127
f 1291/1143/1127 1290/1142/1126 999/1144/1128
f 1291/1143/1127 999/1144/1128 1292/1145/1129
f 1292/1145/1129 999/1144/1128 1293/1146/1130
f 1292/1145/1129 1293/1146/1130 1223/1147/1131
f 1223/1147/1131 1293/1146/1130 1224/1148/1132
f 1223/1147/1131 1224/1148/1132 1154/1149/1133
f 1154/1149/1133 1224/1148/1132 1155/1150/1134
f 1154/1149/1133 1155/1150/1134 1085/1151/1135
f 1085/1151/1135 1155/1150/1134 1086/1152/1136
f 1085/1151/1135 1086/1152/1136 1016/1153/1137
f 1016/1153/1137 1086/1152/1136 1017/1154/1138
f 1016/1153/1137 1017/1154/1138 992/1076/1060
f 992/1076/1060 1017/1154/1138 1018/1155/1139
f 992/1076/1060 1018/1155/1139 1019/1156/1140
f 1019/1156/1140 1018/1155/1139 1088/1157/1141
f 1019/1156/1140 1088/1157/1141 1089/1158/1142
f 1089/1158/1142 1088/1157/1141 1158/1159/1143
f 1089/1158/1142 1158/1159/1143 1159/1160/1144
f 1159/1160/1144 1158/1159/1143 1228/1161/1145
f 1159/1160/1144 1228/1161/1145 1229/1162/1146
f 1229/1162/1146 1228/1161/1145 1298/1163/1147
f 1229/1162/1146 1298/1163/1147 1299/1164/1148
f 1299/1164/1148 1298/1163/1147 999/1144/1128
f 1299/1164/1148 999/1144/1128 1300/1165/1149
f 1300/1165/1149 999/1144/1128 1301/1166/1150
f 1300/1165/1149 1301/1166/1150 1231/1167/1151
f 1231/1167/1151 1301/1166/1150 1232/1168/1152
f 1231/1167/1151 1232/1168/1152 1162/1169/1153
f 1162/1169/1153 1232/1168/1152 1163/1170/1154
f 1162/1169/1153 1163/1170/1154 1093/1171/1155
f 1093/1171/1155 1163/1170/1154 1094/1172/1156
f 1093/1171/1155 1094/1172/1156 1024/1173/1157
f 1024/1173/1157 1094/1172/1156 1025/1174/1158
f 1024/1173/1157 1025/1174/1158 992/1076/1060
f 992/1076/1060 1025/1174/1158 1026/1175/1159
f 992/1076/1060 1026/1175/1159 1027/1176/1160
f 1027/1176/1160 1026/1175/1159 1096/1177/1161
f 1027/1176/1160 1096/1177/1161 1097/1178/1162
f 1097/1178/1162 1096/1177/1161 1166/1179/1163
f 1097/1178/1162 1166/1179/1163 1167/1180/1164
f 1167/1180/1164 1166/1179/1163 1236/1181/1165
f 1167/1180/1164 1236/1181/1165 1237/1182/1166
f 1237/1182/1166 1236/1181/1165 1306/1183/1167
f 1237/1182/1166 1306/1183/1167 1307/1184/1168
f 1307/1184/1168 1306/1183/1167 999/1144/1128
f 1307/1184/1168 999/1144/1128 1001/1088/1072
f 1001/1088/1072 999/1144/1128 1000/1185/1169
f 993/1132/1116 994/1186/1170 1009/1133/1117
f 1009/1133/1117 994/1186/1170 1078/1187/1171
f 1009/1133/1117 1078/1187/1171 1079/1188/1172
f 1079/1188/1172 1078/1187/1171 1148/1189/1173
f 1079/1188/1172 1148/1189/1173 1149/1190/1174
f 1149/1190/1174 1148/1189/1173 1218/1191/1175
f 1149/1190/1174 1218/1191/1175 1219/1192/1176
f 1219/1192/1176 1218/1191/1175 1288/1193/1177
f 1219/1192/1176 1288/1193/1177 1289/1194/1178
f 1289/1194/1178 1288/1193/1177 999/1144/1128
f 1289/1194/1178 999/1144/1128 1290/1142/1126
f 994/1186/1170 995/1195/1179 1078/1187/1171
f 1078/1187/1171 995/1195/1179 1147/1196/1180
f 1078/1187/1171 1147/1196/1180 1148/1189/1173
f 1148/1189/1173 1147/1196/1180 1217/1197/1181
f 1148/1189/1173 1217/1197/1181 1218/1191/1175
f 1218/1191/1175 1217/1197/1181 1287/1198/1182
f 1218/1191/1175 1287/1198/1182 1288/1193/1177
f 1288/1193/1177 1287/1198/1182 999/1144/1128
f 995/1195/1179 996/1199/1183 1147/1196/1180
f 1147/1196/1180 996/1199/1183 997/1200/1184
f 1147/1196/1180 997/1200/1184 1216/1201/1185
f 1216/1201/1185 997/1200/1184 998/1202/1186
f 1216/1201/1185 998/1202/1186 1285/1203/1187
f 1285/1203/1187 998/1202/1186 999/1144/1128
f 1285/1203/1187 999/1144/1128 1286/1204/1188
f 1286/1204/1188 999/1144/1128 1287/1198/1182
f 1286/1204/1188 1287/1198/1182 1217/1197/1181
f 1353/1129/1113 1003/1131/1115 1284/1205/1189
f 1284/1205/1189 1003/1131/1115 1004/1206/1190
f 1284/1205/1189 1004/1206/1190 1215/1207/1191
f 1215/1207/1191 1004/1206/1190 1005/1208/1192
f 1215/1207/1191 1005/1208/1192 1006/1209/1193
f 1215/1207/1191 1006/1209/1193 1146/1210/1194
f 1146/1210/1194 1006/1209/1193 1007/1211/1195
f 1146/1210/1194 1007/1211/1195 1077/1212/1196
f 1077/1212/1196 1007/1211/1195 1008/1077/1061
f 1077/1212/1196 1008/1077/1061 1076/1213/1197
f 1076/1213/1197 1008/1077/1061 1075/1214/1198
f 1076/1213/1197 1075/1214/1198 1145/1215/1199
f 1145/1215/1199 1075/1214/1198 1144/1216/1200
f 1145/1215/1199 1144/1216/1200 1214/1217/1201
f 1214/1217/1201 1144/1216/1200 1213/1218/1202
f 1214/1217/1201 1213/1218/1202 1283/1219/1203
f 1283/1219/1203 1213/1218/1202 1282/1126/1110
f 1283/1219/1203 1282/1126/1110 1352/1128/1112
f 1080/1136/1120 1010/1134/1118 1079/1188/1172
f 1079/1188/1172 1010/1134/1118 1009/1133/1117
f 1011/1135/1119 1012/1220/1204 992/1076/1060
f 992/1076/1060 1012/1220/1204 1013/1221/1205
f 992/1076/1060 1013/1221/1205 1014/1222/1206
f 1014/1222/1206 1013/1221/1205 1083/1223/1207
f 1014/1222/1206 1083/1223/1207 1084/1224/1208
f 1084/1224/1208 1083/1223/1207 1153/1225/1209
f 1084/1224/1208 1153/1225/1209 1154/1149/1133
f 1154/1149/1133 1153/1225/1209 1223/1147/1131
f 1011/1135/1119 1081/1137/1121 1012/1220/1204
f 1012/1220/1204 1081/1137/1121 1082/1226/1210
f 1012/1220/1204 1082/1226/1210 1013/1221/1205
f 1013/1221/1205 1082/1226/1210 1083/1223/1207
f 1016/1153/1137 992/1076/1060 1015/1227/1211
f 1015/1227/1211 992/1076/1060 1014/1222/1206
f 1015/1227/1211 1014/1222/1206 1084/1224/1208
f 1085/1151/1135 1016/1153/1137 1015/1227/1211
f 1085/1151/1135 1015/1227/1211 1084/1224/1208
f 1018/1155/1139 1017/1154/1138 1087/1228/1212
f 1087/1228/1212 1017/1154/1138 1086/1152/1136
f 1087/1228/1212 1086/1152/1136 1156/1229/1213
f 1156/1229/1213 1086/1152/1136 1155/1150/1134
f 1156/1229/1213 1155/1150/1134 1225/1230/1214
f 1225/1230/1214 1155/1150/1134 1224/1148/1132
f 1225/1230/1214 1224/1148/1132 1294/1231/1215
f 1294/1231/1215 1224/1148/1132 1293/1146/1130
f 1294/1231/1215 1293/1146/1130 999/1144/1128
f 1019/1156/1140 1020/1232/1216 992/1076/1060
f 992/1076/1060 1020/1232/1216 1021/1233/1217
f 992/1076/1060 1021/1233/1217 1022/1234/1218
f 1022/1234/1218 1021/1233/1217 1091/1235/1219
f 1022/1234/1218 1091/1235/1219 1092/1236/1220
f 1092/1236/1220 1091/1235/1219 1161/1237/1221
f 1092/1236/1220 1161/1237/1221 1162/1169/1153
f 1162/1169/1153 1161/1237/1221 1231/1167/1151
f 1019/1156/1140 1089/1158/1142 1020/1232/1216
f 1020/1232/1216 1089/1158/1142 1090/1238/1222
f 1020/1232/1216 1090/1238/1222 1021/1233/1217
f 1021/1233/1217 1090/1238/1222 1091/1235/1219
f 1024/1173/1157 992/1076/1060 1023/1239/1223
f 1023/1239/1223 992/1076/1060 1022/1234/1218
f 1023/1239/1223 1022/1234/1218 1092/1236/1220
f 1093/1171/1155 1024/1173/1157 1023/1239/1223
f 1093/1171/1155 1023/1239/1223 1092/1236/1220
f 1026/1175/1159 1025/1174/1158 1095/1240/1224
f 1095/1240/1224 1025/1174/1158 1094/1172/1156
f 1095/1240/1224 1094/1172/1156 1164/1241/1225
f 1164/1241/1225 1094/1172/1156 1163/1170/1154
f 1164/1241/1225 1163/1170/1154 1233/1242/1226
f 1233/1242/1226 1163/1170/1154 1232/1168/1152
f 1233/1242/1226 1232/1168/1152 1302/1243/1227
f 1302/1243/1227 1232/1168/1152 1301/1166/1150
f 1302/1243/1227 1301/1166/1150 999/1144/1128
f 1027/1176/1160 1028/1244/1228 992/1076/1060
f 992/1076/1060 1028/1244/1228 1029/1245/1229
f 992/1076/1060 1029/1245/1229 1030/1246/1230
f 1030/1246/1230 1029/1245/1229 1099/1247/1231
f 1030/1246/1230 1099/1247/1231 1100/1248/1232
f 1100/1248/1232 1099/1247/1231 1169/1249/1233
f 1100/1248/1232 1169/1249/1233 1170/1250/1234
f 1170/1250/1234 1169/1249/1233 1239/1251/1235
f 1170/1250/1234 1239/1251/1235 1240/1252/1236
f 1240/1252/1236 1239/1251/1235 1309/1253/1237
f 1240/1252/1236 1309/1253/1237 1310/1254/1238
f 1310/1254/1238 1309/1253/1237 1001/1088/1072
f 1310/1254/1238 1001/1088/1072 1311/1255/1239
f 1311/1255/1239 1001/1088/1072 1312/1256/1240
f 1311/1255/1239 1312/1256/1240 1242/1257/1241
f 1242/1257/1241 1312/1256/1240 1243/1258/1242
f 1242/1257/1241 1243/1258/1242 1173/1259/1243
f 1173/1259/1243 1243/1258/1242 1174/1260/1244
f 1173/1259/1243 1174/1260/1244 1104/1261/1245
f 1104/1261/1245 1174/1260/1244 1105/1262/1246
f 1104/1261/1245 1105/1262/1246 1035/1263/1247
f 1035/1263/1247 1105/1262/1246 1036/1264/1248
f 1035/1263/1247 1036/1264/1248 992/1076/1060
f 992/1076/1060 1036/1264/1248 1037/1265/1249
f 992/1076/1060 1037/1265/1249 1038/1266/1250
f 1038/1266/1250 1037/1265/1249 1107/1267/1251
f 1038/1266/1250 1107/1267/1251 1108/1268/1252
f 1108/1268/1252 1107/1267/1251 1177/1269/1253
f 1108/1268/1252 1177/1269/1253 1178/1270/1254
f 1178/1270/1254 1177/1269/1253 1247/1271/1255
f 1178/1270/1254 1247/1271/1255 1248/1272/1256
f 1248/1272/1256 1247/1271/1255 1317/1273/1257
f 1248/1272/1256 1317/1273/1257 1318/1274/1258
f 1318/1274/1258 1317/1273/1257 1001/1088/1072
f 1318/1274/1258 1001/1088/1072 1319/1275/1259
f 1319/1275/1259 1001/1088/1072 1320/1276/1260
f 1319/1275/1259 1320/1276/1260 1250/1277/1261
f 1250/1277/1261 1320/1276/1260 1251/1278/1262
f 1250/1277/1261 1251/1278/1262 1181/1279/1263
f 1181/1279/1263 1251/1278/1262 1182/1280/1264
f 1181/1279/1263 1182/1280/1264 1112/1281/1265
f 1112/1281/1265 1182/1280/1264 1113/1282/1266
f 1112/1281/1265 1113/1282/1266 1043/1283/1267
f 1043/1283/1267 1113/1282/1266 1044/1284/1268
f 1043/1283/1267 1044/1284/1268 992/1076/1060
f 992/1076/1060 1044/1284/1268 1045/1285/1269
f 992/1076/1060 1045/1285/1269 1046/1286/1270
f 1046/1286/1270 1045/1285/1269 1115/1287/1271
f 1046/1286/1270 1115/1287/1271 1116/1288/1272
f 1116/1288/1272 1115/1287/1271 1185/1289/1273
f 1116/1288/1272 1185/1289/1273 1186/1290/1274
f 1186/1290/1274 1185/1289/1273 1255/1291/1275
f 1186/1290/1274 1255/1291/1275 1256/1292/1276
f 1256/1292/1276 1255/1291/1275 1325/1293/1277
f 1256/1292/1276 1325/1293/1277 1326/1294/1278
f 1326/1294/1278 1325/1293/1277 1001/1088/1072
f 1326/1294/1278 1001/1088/1072 1327/1295/1279
f 1327/1295/1279 1001/1088/1072 1328/1296/1280
f 1327/1295/1279 1328/1296/1280 1258/1297/1281
f 1258/1297/1281 1328/1296/1280 1259/1298/1282
f 1258/1297/1281 1259/1298/1282 1189/1299/1283
f 1189/1299/1283 1259/1298/1282 1190/1300/1284
f 1189/1299/1283 1190/1300/1284 1120/1301/1285
f 1120/1301/1285 1190/1300/1284 1121/1302/1286
f 1120/1301/1285 1121/1302/1286 1051/1303/1287
f 1051/1303/1287 1121/1302/1286 1052/1304/1288
f 1051/1303/1287 1052/1304/1288 992/1076/1060
f 992/1076/1060 1052/1304/1288 1053/1305/1289
f 992/1076/1060 1053/1305/1289 1054/1306/1290
f 1054/1306/1290 1053/1305/1289 1123/1307/1291
f 1054/1306/1290 1123/1307/1291 1124/1308/1292
f 1124/1308/1292 1123/1307/1291 1193/1309/1293
f 1124/1308/1292 1193/1309/1293 1194/1310/1294
f 1194/1310/1294 1193/1309/1293 1263/1311/1295
f 1194/1310/1294 1263/1311/1295 1264/1312/1296
f 1264/1312/1296 1263/1311/1295 1333/1313/1297
f 1264/1312/1296 1333/1313/1297 1334/1314/1298
f 1334/1314/1298 1333/1313/1297 1001/1088/1072
f 1334/1314/1298 1001/1088/1072 1335/1086/1070
f 1027/1176/1160 1097/1178/1162 1028/1244/1228
f 1028/1244/1228 1097/1178/1162 1098/1315/1299
f 1028/1244/1228 1098/1315/1299 1029/1245/1229
f 1029/1245/1229 1098/1315/1299 1099/1247/1231
f 1030/1246/1230 1031/1316/1300 992/1076/1060
f 992/1076/1060 1031/1316/1300 1032/1317/1301
f 992/1076/1060 1032/1317/1301 1033/1318/1302
f 1033/1318/1302 1032/1317/1301 1102/1319/1303
f 1033/1318/1302 1102/1319/1303 1103/1320/1304
f 1103/1320/1304 1102/1319/1303 1172/1321/1305
f 1103/1320/1304 1172/1321/1305 1173/1259/1243
f 1173/1259/1243 1172/1321/1305 1242/1257/1241
f 1030/1246/1230 1100/1248/1232 1031/1316/1300
f 1031/1316/1300 1100/1248/1232 1101/1322/1306
f 1031/1316/1300 1101/1322/1306 1032/1317/1301
f 1032/1317/1301 1101/1322/1306 1102/1319/1303
f 1035/1263/1247 992/1076/1060 1034/1323/1307
f 1034/1323/1307 992/1076/1060 1033/1318/1302
f 1034/1323/1307 1033/1318/1302 1103/1320/1304
f 1104/1261/1245 1035/1263/1247 1034/1323/1307
f 1104/1261/1245 1034/1323/1307 1103/1320/1304
f 1037/1265/1249 1036/1264/1248 1106/1324/1308
f 1106/1324/1308 1036/1264/1248 1105/1262/1246
f 1106/1324/1308 1105/1262/1246 1175/1325/1309
f 1175/1325/1309 1105/1262/1246 1174/1260/1244
f 1175/1325/1309 1174/1260/1244 1244/1326/1310
f 1244/1326/1310 1174/1260/1244 1243/1258/1242
f 1244/1326/1310 1243/1258/1242 1313/1327/1311
f 1313/1327/1311 1243/1258/1242 1312/1256/1240
f 1313/1327/1311 1312/1256/1240 1001/1088/1072
f 1038/1266/1250 1039/1328/1312 992/1076/1060
f 992/1076/1060 1039/1328/1312 1040/1329/1313
f 992/1076/1060 1040/1329/1313 1041/1330/1314
f 1041/1330/1314 1040/1329/1313 1110/1331/1315
f 1041/1330/1314 1110/1331/1315 1111/1332/1316
f 1111/1332/1316 1110/1331/1315 1180/1333/1317
f 1111/1332/1316 1180/1333/1317 1181/1279/1263
f 1181/1279/1263 1180/1333/1317 1250/1277/1261
f 1038/1266/1250 1108/1268/1252 1039/1328/1312
f 1039/1328/1312 1108/1268/1252 1109/1334/1318
f 1039/1328/1312 1109/1334/1318 1040/1329/1313
f 1040/1329/1313 1109/1334/1318 1110/1331/1315
f 1043/1283/1267 992/1076/1060 1042/1335/1319
f 1042/1335/1319 992/1076/1060 1041/1330/1314
f 1042/1335/1319 1041/1330/1314 1111/1332/1316
f 1112/1281/1265 1043/1283/1267 1042/1335/1319
f 1112/1281/1265 1042/1335/1319 1111/1332/1316
f 1045/1285/1269 1044/1284/1268 1114/1336/1320
f 1114/1336/1320 1044/1284/1268 1113/1282/1266
f 1114/1336/1320 1113/1282/1266 1183/1337/1321
f 1183/1337/1321 1113/1282/1266 1182/1280/1264
f 1183/1337/1321 1182/1280/1264 1252/1338/1322
f 1252/1338/1322 1182/1280/1264 1251/1278/1262
f 1252/1338/1322 1251/1278/1262 1321/1339/1323
f 1321/1339/1323 1251/1278/1262 1320/1276/1260
f 1321/1339/1323 1320/1276/1260 1001/1088/1072
f 1046/1286/1270 1047/1340/1324 992/1076/1060
f 992/1076/1060 1047/1340/1324 1048/1341/1325
f 992/1076/1060 1048/1341/1325 1049/1342/1326
f 1049/1342/1326 1048/1341/1325 1118/1343/1327
f 1049/1342/1326 1118/1343/1327 1119/1344/1328
f 1119/1344/1328 1118/1343/1327 1188/1345/1329
f 1119/1344/1328 1188/1345/1329 1189/1299/1283
f 1189/1299/1283 1188/1345/1329 1258/1297/1281
f 1046/1286/1270 1116/1288/1272 1047/1340/1324
f 1047/1340/1324 1116/1288/1272 1117/1346/1330
f 1047/1340/1324 1117/1346/1330 1048/1341/1325
f 1048/1341/1325 1117/1346/1330 1118/1343/1327
f 1051/1303/1287 992/1076/1060 1050/1347/1331
f 1050/1347/1331 992/1076/1060 1049/1342/1326
f 1050/1347/1331 1049/1342/1326 1119/1344/1328
f 1120/1301/1285 1051/1303/1287 1050/1347/1331
f 1120/1301/1285 1050/1347/1331 1119/1344/1328
f 1055/1078/1062 992/1076/1060 1054/1306/1290
f 1053/1305/1289 1052/1304/1288 1122/1348/1332
f 1122/1348/1332 1052/1304/1288 1121/1302/1286
f 1122/1348/1332 1121/1302/1286 1191/1349/1333
f 1191/1349/1333 1121/1302/1286 1190/1300/1284
f 1191/1349/1333 1190/1300/1284 1260/1350/1334
f 1260/1350/1334 1190/1300/1284 1259/1298/1282
f 1260/1350/1334 1259/1298/1282 1329/1351/1335
f 1329/1351/1335 1259/1298/1282 1328/1296/1280
f 1329/1351/1335 1328/1296/1280 1001/1088/1072
f 1125/1080/1064 1055/1078/1062 1124/1308/1292
f 1124/1308/1292 1055/1078/1062 1054/1306/1290
f 1056/1079/1063 1057/1352/1336 1008/1077/1061
f 1008/1077/1061 1057/1352/1336 1058/1353/1337
f 1008/1077/1061 1058/1353/1337 1059/1354/1338
f 1059/1354/1338 1058/1353/1337 1128/1355/1339
f 1059/1354/1338 1128/1355/1339 1129/1356/1340
f 1129/1356/1340 1128/1355/1339 1198/1357/1341
f 1129/1356/1340 1198/1357/1341 1199/1093/1077
f 1199/1093/1077 1198/1357/1341 1268/1091/1075
f 1056/1079/1063 1126/1081/1065 1057/1352/1336
f 1057/1352/1336 1126/1081/1065 1127/1358/1342
f 1057/1352/1336 1127/1358/1342 1058/1353/1337
f 1058/1353/1337 1127/1358/1342 1128/1355/1339
f 1061/1097/1081 1008/1077/1061 1060/1359/1343
f 1060/1359/1343 1008/1077/1061 1059/1354/1338
f 1060/1359/1343 1059/1354/1338 1129/1356/1340
f 1130/1095/1079 1061/1097/1081 1060/1359/1343
f 1130/1095/1079 1060/1359/1343 1129/1356/1340
f 1063/1099/1083 1062/1098/1082 1132/1360/1344
f 1132/1360/1344 1062/1098/1082 1131/1096/1080
f 1132/1360/1344 1131/1096/1080 1201/1361/1345
f 1201/1361/1345 1131/1096/1080 1200/1094/1078
f 1201/1361/1345 1200/1094/1078 1270/1362/1346
f 1270/1362/1346 1200/1094/1078 1269/1092/1076
f 1270/1362/1346 1269/1092/1076 1339/1363/1347
f 1339/1363/1347 1269/1092/1076 1338/1090/1074
f 1339/1363/1347 1338/1090/1074 1001/1088/1072
f 1064/1100/1084 1065/1364/1348 1008/1077/1061
f 1008/1077/1061 1065/1364/1348 1066/1365/1349
f 1008/1077/1061 1066/1365/1349 1067/1366/1350
f 1067/1366/1350 1066/1365/1349 1136/1367/1351
f 1067/1366/1350 1136/1367/1351 1137/1368/1352
f 1137/1368/1352 1136/1367/1351 1206/1369/1353
f 1137/1368/1352 1206/1369/1353 1207/1113/1097
f 1207/1113/1097 1206/1369/1353 1276/1111/1095
f 1064/1100/1084 1134/1102/1086 1065/1364/1348
f 1065/1364/1348 1134/1102/1086 1135/1370/1354
f 1065/1364/1348 1135/1370/1354 1066/1365/1349
f 1066/1365/1349 1135/1370/1354 1136/1367/1351
f 1069/1117/1101 1008/1077/1061 1068/1371/1355
f 1068/1371/1355 1008/1077/1061 1067/1366/1350
f 1068/1371/1355 1067/1366/1350 1137/1368/1352
f 1138/1115/1099 1069/1117/1101 1068/1371/1355
f 1138/1115/1099 1068/1371/1355 1137/1368/1352
f 1071/1119/1103 1070/1118/1102 1140/1372/1356
f 1140/1372/1356 1070/1118/1102 1139/1116/1100
f 1140/1372/1356 1139/1116/1100 1209/1373/1357
f 1209/1373/1357 1139/1116/1100 1208/1114/1098
f 1209/1373/1357 1208/1114/1098 1278/1374/1358
f 1278/1374/1358 1208/1114/1098 1277/1112/1096
f 1278/1374/1358 1277/1112/1096 1347/1375/1359
f 1347/1375/1359 1277/1112/1096 1346/1110/1094
f 1347/1375/1359 1346/1110/1094 1001/1088/1072
f 1072/1120/1104 1073/1376/1360 1008/1077/1061
f 1008/1077/1061 1073/1376/1360 1074/1377/1361
f 1008/1077/1061 1074/1377/1361 1075/1214/1198
f 1075/1214/1198 1074/1377/1361 1144/1216/1200
f 1072/1120/1104 1142/1122/1106 1073/1376/1360
f 1073/1376/1360 1142/1122/1106 1143/1378/1362
f 1073/1376/1360 1143/1378/1362 1074/1377/1361
f 1074/1377/1361 1143/1378/1362 1144/1216/1200
f 1146/1210/1194 1077/1212/1196 1076/1213/1197
f 1146/1210/1194 1076/1213/1197 1145/1215/1199
f 1150/1138/1122 1080/1136/1120 1149/1190/1174
f 1149/1190/1174 1080/1136/1120 1079/1188/1172
f 1081/1137/1121 1151/1139/1123 1082/1226/1210
f 1082/1226/1210 1151/1139/1123 1152/1379/1363
f 1082/1226/1210 1152/1379/1363 1083/1223/1207
f 1083/1223/1207 1152/1379/1363 1153/1225/1209
f 1154/1149/1133 1085/1151/1135 1084/1224/1208
f 1018/1155/1139 1087/1228/1212 1088/1157/1141
f 1088/1157/1141 1087/1228/1212 1157/1380/1364
f 1088/1157/1141 1157/1380/1364 1158/1159/1143
f 1158/1159/1143 1157/1380/1364 1227/1381/1365
f 1158/1159/1143 1227/1381/1365 1228/1161/1145
f 1228/1161/1145 1227/1381/1365 1297/1382/1366
f 1228/1161/1145 1297/1382/1366 1298/1163/1147
f 1298/1163/1147 1297/1382/1366 999/1144/1128
f 1157/1380/1364 1087/1228/1212 1156/1229/1213
f 1089/1158/1142 1159/1160/1144 1090/1238/1222
f 1090/1238/1222 1159/1160/1144 1160/1383/1367
f 1090/1238/1222 1160/1383/1367 1091/1235/1219
f 1091/1235/1219 1160/1383/1367 1161/1237/1221
f 1162/1169/1153 1093/1171/1155 1092/1236/1220
f 1026/1175/1159 1095/1240/1224 1096/1177/1161
f 1096/1177/1161 1095/1240/1224 1165/1384/1368
f 1096/1177/1161 1165/1384/1368 1166/1179/1163
f 1166/1179/1163 1165/1384/1368 1235/1385/1369
f 1166/1179/1163 1235/1385/1369 1236/1181/1165
f 1236/1181/1165 1235/1385/1369 1305/1386/1370
f 1236/1181/1165 1305/1386/1370 1306/1183/1167
f 1306/1183/1167 1305/1386/1370 999/1144/1128
f 1165/1384/1368 1095/1240/1224 1164/1241/1225
f 1097/1178/1162 1167/1180/1164 1098/1315/1299
f 1098/1315/1299 1167/1180/1164 1168/1387/1371
f 1098/1315/1299 1168/1387/1371 1099/1247/1231
f 1099/1247/1231 1168/1387/1371 1169/1249/1233
f 1100/1248/1232 1170/1250/1234 1101/1322/1306
f 1101/1322/1306 1170/1250/1234 1171/1388/1372
f 1101/1322/1306 1171/1388/1372 1102/1319/1303
f 1102/1319/1303 1171/1388/1372 1172/1321/1305
f 1173/1259/1243 1104/1261/1245 1103/1320/1304
f 1037/1265/1249 1106/1324/1308 1107/1267/1251
f 1107/1267/1251 1106/1324/1308 1176/1389/1373
f 1107/1267/1251 1176/1389/1373 1177/1269/1253
f 1177/1269/1253 1176/1389/1373 1246/1390/1374
f 1177/1269/1253 1246/1390/1374 1247/1271/1255
f 1247/1271/1255 1246/1390/1374 1316/1391/1375
f 1247/1271/1255 1316/1391/1375 1317/1273/1257
f 1317/1273/1257 1316/1391/1375 1001/1088/1072
f 1176/1389/1373 1106/1324/1308 1175/1325/1309
f 1108/1268/1252 1178/1270/1254 1109/1334/1318
f 1109/1334/1318 1178/1270/1254 1179/1392/1376
f 1109/1334/1318 1179/1392/1376 1110/1331/1315
f 1110/1331/1315 1179/1392/1376 1180/1333/1317
f 1181/1279/1263 1112/1281/1265 1111/1332/1316
f 1045/1285/1269 1114/1336/1320 1115/1287/1271
f 1115/1287/1271 1114/1336/1320 1184/1393/1377
f 1115/1287/1271 1184/1393/1377 1185/1289/1273
f 1185/1289/1273 1184/1393/1377 1254/1394/1378
f 1185/1289/1273 1254/1394/1378 1255/1291/1275
f 1255/1291/1275 1254/1394/1378 1324/1395/1379
f 1255/1291/1275 1324/1395/1379 1325/1293/1277
f 1325/1293/1277 1324/1395/1379 1001/1088/1072
f 1184/1393/1377 1114/1336/1320 1183/1337/1321
f 1116/1288/1272 1186/1290/1274 1117/1346/1330
f 1117/1346/1330 1186/1290/1274 1187/1396/1380
f 1117/1346/1330 1187/1396/1380 1118/1343/1327
f 1118/1343/1327 1187/1396/1380 1188/1345/1329
f 1189/1299/1283 1120/1301/1285 1119/1344/1328
f 1053/1305/1289 1122/1348/1332 1123/1307/1291
f 1123/1307/1291 1122/1348/1332 1192/1397/1381
f 1123/1307/1291 1192/1397/1381 1193/1309/1293
f 1193/1309/1293 1192/1397/1381 1262/1398/1382
f 1193/1309/1293 1262/1398/1382 1263/1311/1295
f 1263/1311/1295 1262/1398/1382 1332/1399/1383
f 1263/1311/1295 1332/1399/1383 1333/1313/1297
f 1333/1313/1297 1332/1399/1383 1001/1088/1072
f 1192/1397/1381 1122/1348/1332 1191/1349/1333
f 1195/1082/1066 1125/1080/1064 1194/1310/1294
f 1194/1310/1294 1125/1080/1064 1124/1308/1292
f 1126/1081/1065 1196/1083/1067 1127/1358/1342
f 1127/1358/1342 1196/1083/1067 1197/1400/1384
f 1127/1358/1342 1197/1400/1384 1128/1355/1339
f 1128/1355/1339 1197/1400/1384 1198/1357/1341
f 1199/1093/1077 1130/1095/1079 1129/1356/1340
f 1063/1099/1083 1132/1360/1344 1133/1101/1085
f 1133/1101/1085 1132/1360/1344 1202/1401/1385
f 1133/1101/1085 1202/1401/1385 1203/1103/1087
f 1203/1103/1087 1202/1401/1385 1272/1402/1386
f 1203/1103/1087 1272/1402/1386 1273/1105/1089
f 1273/1105/1089 1272/1402/1386 1342/1403/1387
f 1273/1105/1089 1342/1403/1387 1343/1107/1091
f 1343/1107/1091 1342/1403/1387 1001/1088/1072
f 1202/1401/1385 1132/1360/1344 1201/1361/1345
f 1134/1102/1086 1204/1104/1088 1135/1370/1354
f 1135/1370/1354 1204/1104/1088 1205/1404/1388
f 1135/1370/1354 1205/1404/1388 1136/1367/1351
f 1136/1367/1351 1205/1404/1388 1206/1369/1353
f 1207/1113/1097 1138/1115/1099 1137/1368/1352
f 1071/1119/1103 1140/1372/1356 1141/1121/1105
f 1141/1121/1105 1140/1372/1356 1210/1405/1389
f 1141/1121/1105 1210/1405/1389 1211/1123/1107
f 1211/1123/1107 1210/1405/1389 1280/1406/1390
f 1211/1123/1107 1280/1406/1390 1281/1125/1109
f 1281/1125/1109 1280/1406/1390 1350/1407/1391
f 1281/1125/1109 1350/1407/1391 1351/1127/1111
f 1351/1127/1111 1350/1407/1391 1001/1088/1072
f 1210/1405/1389 1140/1372/1356 1209/1373/1357
f 1213/1218/1202 1144/1216/1200 1143/1378/1362
f 1213/1218/1202 1143/1378/1362 1212/1124/1108
f 1212/1124/1108 1143/1378/1362 1142/1122/1106
f 1215/1207/1191 1146/1210/1194 1145/1215/1199
f 1215/1207/1191 1145/1215/1199 1214/1217/1201
f 1220/1140/1124 1150/1138/1122 1219/1192/1176
f 1219/1192/1176 1150/1138/1122 1149/1190/1174
f 1151/1139/1123 1221/1141/1125 1152/1379/1363
f 1152/1379/1363 1221/1141/1125 1222/1408/1392
f 1152/1379/1363 1222/1408/1392 1153/1225/1209
f 1153/1225/1209 1222/1408/1392 1223/1147/1131
f 1157/1380/1364 1156/1229/1213 1226/1409/1393
f 1226/1409/1393 1156/1229/1213 1225/1230/1214
f 1226/1409/1393 1225/1230/1214 1295/1410/1394
f 1295/1410/1394 1225/1230/1214 1294/1231/1215
f 1295/1410/1394 1294/1231/1215 999/1144/1128
f 1159/1160/1144 1229/1162/1146 1160/1383/1367
f 1160/1383/1367 1229/1162/1146 1230/1411/1395
f 1160/1383/1367 1230/1411/1395 1161/1237/1221
f 1161/1237/1221 1230/1411/1395 1231/1167/1151
f 1165/1384/1368 1164/1241/1225 1234/1412/1396
f 1234/1412/1396 1164/1241/1225 1233/1242/1226
f 1234/1412/1396 1233/1242/1226 1303/1413/1397
f 1303/1413/1397 1233/1242/1226 1302/1243/1227
f 1303/1413/1397 1302/1243/1227 999/1144/1128
f 1167/1180/1164 1237/1182/1166 1168/1387/1371
f 1168/1387/1371 1237/1182/1166 1238/1414/1398
f 1168/1387/1371 1238/1414/1398 1169/1249/1233
f 1169/1249/1233 1238/1414/1398 1239/1251/1235
f 1170/1250/1234 1240/1252/1236 1171/1388/1372
f 1171/1388/1372 1240/1252/1236 1241/1415/1399
f 1171/1388/1372 1241/1415/1399 1172/1321/1305
f 1172/1321/1305 1241/1415/1399 1242/1257/1241
f 1176/1389/1373 1175/1325/1309 1245/1416/1400
f 1245/1416/1400 1175/1325/1309 1244/1326/1310
f 1245/1416/1400 1244/1326/1310 1314/1417/1401
f 1314/1417/1401 1244/1326/1310 1313/1327/1311
f 1314/1417/1401 1313/1327/1311 1001/1088/1072
f 1178/1270/1254 1248/1272/1256 1179/1392/1376
f 1179/1392/1376 1248/1272/1256 1249/1418/1402
f 1179/1392/1376 1249/1418/1402 1180/1333/1317
f 1180/1333/1317 1249/1418/1402 1250/1277/1261
f 1184/1393/1377 1183/1337/1321 1253/1419/1403
f 1253/1419/1403 1183/1337/1321 1252/1338/1322
f 1253/1419/1403 1252/1338/1322 1322/1420/1404
f 1322/1420/1404 1252/1338/1322 1321/1339/1323
f 1322/1420/1404 1321/1339/1323 1001/1088/1072
f 1186/1290/1274 1256/1292/1276 1187/1396/1380
f 1187/1396/1380 1256/1292/1276 1257/1421/1405
f 1187/1396/1380 1257/1421/1405 1188/1345/1329
f 1188/1345/1329 1257/1421/1405 1258/1297/1281
f 1192/1397/1381 1191/1349/1333 1261/1422/1406
f 1261/1422/1406 1191/1349/1333 1260/1350/1334
f 1261/1422/1406 1260/1350/1334 1330/1423/1407
f 1330/1423/1407 1260/1350/1334 1329/1351/1335
f 1330/1423/1407 1329/1351/1335 1001/1088/1072
f 1265/1084/1068 1195/1082/1066 1264/1312/1296
f 1264/1312/1296 1195/1082/1066 1194/1310/1294
f 1196/1083/1067 1266/1085/1069 1197/1400/1384
f 1197/1400/1384 1266/1085/1069 1267/1424/1408
f 1197/1400/1384 1267/1424/1408 1198/1357/1341
f 1198/1357/1341 1267/1424/1408 1268/1091/1075
f 1202/1401/1385 1201/1361/1345 1271/1425/1409
f 1271/1425/1409 1201/1361/1345 1270/1362/1346
f 1271/1425/1409 1270/1362/1346 1340/1426/1410
f 1340/1426/1410 1270/1362/1346 1339/1363/1347
f 1340/1426/1410 1339/1363/1347 1001/1088/1072
f 1204/1104/1088 1274/1106/1090 1205/1404/1388
f 1205/1404/1388 1274/1106/1090 1275/1427/1411
f 1205/1404/1388 1275/1427/1411 1206/1369/1353
f 1206/1369/1353 1275/1427/1411 1276/1111/1095
f 1210/1405/1389 1209/1373/1357 1279/1428/1412
f 1279/1428/1412 1209/1373/1357 1278/1374/1358
f 1279/1428/1412 1278/1374/1358 1348/1429/1413
f 1348/1429/1413 1278/1374/1358 1347/1375/1359
f 1348/1429/1413 1347/1375/1359 1001/1088/1072
f 1282/1126/1110 1213/1218/1202 1212/1124/1108
f 1284/1205/1189 1215/1207/1191 1214/1217/1201
f 1284/1205/1189 1214/1217/1201 1283/1219/1203
f 1286/1204/1188 1217/1197/1181 1216/1201/1185
f 1216/1201/1185 1217/1197/1181 1147/1196/1180
f 1285/1203/1187 1286/1204/1188 1216/1201/1185
f 1290/1142/1126 1220/1140/1124 1289/1194/1178
f 1289/1194/1178 1220/1140/1124 1219/1192/1176
f 1292/1145/1129 1223/1147/1131 1222/1408/1392
f 1292/1145/1129 1222/1408/1392 1291/1143/1127
f 1291/1143/1127 1222/1408/1392 1221/1141/1125
f 1157/1380/1364 1226/1409/1393 1227/1381/1365
f 1227/1381/1365 1226/1409/1393 1296/1430/1414
f 1227/1381/1365 1296/1430/1414 1297/1382/1366
f 1297/1382/1366 1296/1430/1414 999/1144/1128
f 1296/1430/1414 1226/1409/1393 1295/1410/1394
f 1300/1165/1149 1231/1167/1151 1230/1411/1395
f 1300/1165/1149 1230/1411/1395 1299/1164/1148
f 1299/1164/1148 1230/1411/1395 1229/1162/1146
f 1165/1384/1368 1234/1412/1396 1235/1385/1369
f 1235/1385/1369 1234/1412/1396 1304/1431/1415
f 1235/1385/1369 1304/1431/1415 1305/1386/1370
f 1305/1386/1370 1304/1431/1415 999/1144/1128
f 1304/1431/1415 1234/1412/1396 1303/1413/1397
f 1237/1182/1166 1307/1184/1168 1238/1414/1398
f 1238/1414/1398 1307/1184/1168 1308/1432/1416
f 1238/1414/1398 1308/1432/1416 1239/1251/1235
f 1239/1251/1235 1308/1432/1416 1309/1253/1237
f 1311/1255/1239 1242/1257/1241 1241/1415/1399
f 1311/1255/1239 1241/1415/1399 1310/1254/1238
f 1310/1254/1238 1241/1415/1399 1240/1252/1236
f 1176/1389/1373 1245/1416/1400 1246/1390/1374
f 1246/1390/1374 1245/1416/1400 1315/1433/1417
f 1246/1390/1374 1315/1433/1417 1316/1391/1375
f 1316/1391/1375 1315/1433/1417 1001/1088/1072
f 1315/1433/1417 1245/1416/1400 1314/1417/1401
f 1319/1275/1259 1250/1277/1261 1249/1418/1402
f 1319/1275/1259 1249/1418/1402 1318/1274/1258
f 1318/1274/1258 1249/1418/1402 1248/1272/1256
f 1184/1393/1377 1253/1419/1403 1254/1394/1378
f 1254/1394/1378 1253/1419/1403 1323/1434/1418
f 1254/1394/1378 1323/1434/1418 1324/1395/1379
f 1324/1395/1379 1323/1434/1418 1001/1088/1072
f 1323/1434/1418 1253/1419/1403 1322/1420/1404
f 1327/1295/1279 1258/1297/1281 1257/1421/1405
f 1327/1295/1279 1257/1421/1405 1326/1294/1278
f 1326/1294/1278 1257/1421/1405 1256/1292/1276
f 1192/1397/1381 1261/1422/1406 1262/1398/1382
f 1262/1398/1382 1261/1422/1406 1331/1435/1419
f 1262/1398/1382 1331/1435/1419 1332/1399/1383
f 1332/1399/1383 1331/1435/1419 1001/1088/1072
f 1331/1435/1419 1261/1422/1406 1330/1423/1407
f 1335/1086/1070 1265/1084/1068 1334/1314/1298
f 1334/1314/1298 1265/1084/1068 1264/1312/1296
f 1337/1089/1073 1268/1091/1075 1267/1424/1408
f 1337/1089/1073 1267/1424/1408 1336/1087/1071
f 1336/1087/1071 1267/1424/1408 1266/1085/1069
f 1202/1401/1385 1271/1425/1409 1272/1402/1386
f 1272/1402/1386 1271/1425/1409 1341/1436/1420
f 1272/1402/1386 1341/1436/1420 1342/1403/1387
f 1342/1403/1387 1341/1436/1420 1001/1088/1072
f 1341/1436/1420 1271/1425/1409 1340/1426/1410
f 1345/1109/1093 1276/1111/1095 1275/1427/1411
f 1345/1109/1093 1275/1427/1411 1344/1108/1092
f 1344/1108/1092 1275/1427/1411 1274/1106/1090
f 1210/1405/1389 1279/1428/1412 1280/1406/1390
f 1280/1406/1390 1279/1428/1412 1349/1437/1421
f 1280/1406/1390 1349/1437/1421 1350/1407/1391
f 1350/1407/1391 1349/1437/1421 1001/1088/1072
f 1349/1437/1421 1279/1428/1412 1348/1429/1413
f 1353/1129/1113 1284/1205/1189 1283/1219/1203
f 1353/1129/1113 1283/1219/1203 1352/1128/1112
f 999/1144/1128 1296/1430/1414 1295/1410/1394
f 999/1144/1128 1304/1431/1415 1303/1413/1397
f 1001/1088/1072 1309/1253/1237 1308/1432/1416
f 1308/1432/1416 1307/1184/1168 1001/1088/1072
f 1001/1088/1072 1315/1433/1417 1314/1417/1401
f 1001/1088/1072 1323/1434/1418 1322/1420/1404
f 1001/1088/1072 1331/1435/1419 1330/1423/1407
f 1001/1088/1072 1341/1436/1420 1340/1426/1410
f 1001/1088/1072 1349/1437/1421 1348/1429/1413
f 1354/1438/1422 1000/1439/1169 1368/1440/1423
f 1368/1440/1423 1000/1439/1169 1384/1441/1424
f 1368/1440/1423 1384/1441/1424 1385/1442/1425
f 1385/1442/1425 1384/1441/1424 1409/1443/1426
f 1385/1442/1425 1409/1443/1426 1410/1444/1427
f 1410/1444/1427 1409/1443/1426 1434/1445/1428
f 1410/1444/1427 1434/1445/1428 1435/1446/1429
f 1435/1446/1429 1434/1445/1428 1459/1447/1430
f 1435/1446/1429 1459/1447/1430 1460/1448/1431
f 1460/1448/1431 1459/1447/1430 1484/1449/1432
f 1460/1448/1431 1484/1449/1432 1485/1450/1433
f 1485/1450/1433 1484/1449/1432 1360/1451/1434
f 1485/1450/1433 1360/1451/1434 1486/1452/1435
f 1486/1452/1435 1360/1451/1434 1487/1453/1436
f 1486/1452/1435 1487/1453/1436 1462/1454/1437
f 1462/1454/1437 1487/1453/1436 1463/1455/1438
f 1462/1454/1437 1463/1455/1438 1438/1456/1439
f 1438/1456/1439 1463/1455/1438 1439/1457/1440
f 1438/1456/1439 1439/1457/1440 1414/1458/1441
f 1414/1458/1441 1439/1457/1440 1415/1459/1442
f 1414/1458/1441 1415/1459/1442 1390/1460/1443
f 1390/1460/1443 1415/1459/1442 1391/1461/1444
f 1390/1460/1443 1391/1461/1444 1368/1440/1423
f 1368/1440/1423 1391/1461/1444 1392/1462/1445
f 1368/1440/1423 1392/1462/1445 1367/1463/1446
f 1367/1463/1446 1392/1462/1445 1416/1464/1447
f 1367/1463/1446 1416/1464/1447 1366/1465/1448
f 1366/1465/1448 1416/1464/1447 1365/1466/1449
f 1365/1466/1449 1416/1464/1447 1440/1467/1450
f 1365/1466/1449 1440/1467/1450 1364/1468/1451
f 1364/1468/1451 1440/1467/1450 1464/1469/1452
f 1364/1468/1451 1464/1469/1452 1363/1470/1453
f 1363/1470/1453 1464/1469/1452 1488/1471/1454
f 1363/1470/1453 1488/1471/1454 1362/1472/1455
f 1362/1472/1455 1488/1471/1454 1361/1473/1456
f 1361/1473/1456 1488/1471/1454 1360/1451/1434
f 1360/1451/1434 1488/1471/1454 1487/1453/1436
f 999/1474/1457 1369/1475/1458 1000/1439/1169
f 1000/1439/1169 1369/1475/1458 1370/1476/1459
f 1000/1439/1169 1370/1476/1459 1371/1477/1460
f 1371/1477/1460 1370/1476/1459 1395/1478/1461
f 1371/1477/1460 1395/1478/1461 1396/1479/1462
f 1396/1479/1462 1395/1478/1461 1420/1480/1463
f 1396/1479/1462 1420/1480/1463 1421/1481/1464
f 1421/1481/1464 1420/1480/1463 1445/1482/1465
f 1421/1481/1464 1445/1482/1465 1446/1483/1466
f 1446/1483/1466 1445/1482/1465 1470/1484/1467
f 1446/1483/1466 1470/1484/1467 1471/1485/1468
f 1471/1485/1468 1470/1484/1467 992/1486/1469
f 1471/1485/1468 992/1486/1469 1472/1487/1470
f 1472/1487/1470 992/1486/1469 1473/1488/1471
f 1472/1487/1470 1473/1488/1471 1448/1489/1472
f 1448/1489/1472 1473/1488/1471 1449/1490/1473
f 1448/1489/1472 1449/1490/1473 1424/1491/1474
f 1424/1491/1474 1449/1490/1473 1425/1492/1475
f 1424/1491/1474 1425/1492/1475 1400/1493/1476
f 1400/1493/1476 1425/1492/1475 1401/1494/1477
f 1400/1493/1476 1401/1494/1477 1376/1495/1478
f 1376/1495/1478 1401/1494/1477 1377/1496/1479
f 1376/1495/1478 1377/1496/1479 1000/1439/1169
f 1000/1439/1169 1377/1496/1479 1378/1497/1480
f 1000/1439/1169 1378/1497/1480 1379/1498/1481
f 1379/1498/1481 1378/1497/1480 1403/1499/1482
f 1379/1498/1481 1403/1499/1482 1404/1500/1483
f 1404/1500/1483 1403/1499/1482 1428/1501/1484
f 1404/1500/1483 1428/1501/1484 1429/1502/1485
f 1429/1502/1485 1428/1501/1484 1453/1503/1486
f 1429/1502/1485 1453/1503/1486 1454/1504/1487
f 1454/1504/1487 1453/1503/1486 1478/1505/1488
f 1454/1504/1487 1478/1505/1488 1479/1506/1489
f 1479/1506/1489 1478/1505/1488 1360/1451/1434
f 1479/1506/1489 1360/1451/1434 1480/1507/1490
f 1480/1507/1490 1360/1451/1434 1481/1508/1491
f 1480/1507/1490 1481/1508/1491 1456/1509/1492
f 1456/1509/1492 1481/1508/1491 1457/1510/1493
f 1456/1509/1492 1457/1510/1493 1432/1511/1494
f 1432/1511/1494 1457/1510/1493 1433/1512/1495
f 1432/1511/1494 1433/1512/1495 1408/1513/1496
f 1408/1513/1496 1433/1512/1495 1409/1443/1426
f 1408/1513/1496 1409/1443/1426 1384/1441/1424
f 999/1474/1457 998/1514/1497 1369/1475/1458
f 1369/1475/1458 998/1514/1497 1393/1515/1498
f 1369/1475/1458 1393/1515/1498 1394/1516/1499
f 1394/1516/1499 1393/1515/1498 1418/1517/1500
f 1394/1516/1499 1418/1517/1500 1419/1518/1501
f 1419/1518/1501 1418/1517/1500 1443/1519/1502
f 1419/1518/1501 1443/1519/1502 1444/1520/1503
f 1444/1520/1503 1443/1519/1502 1468/1521/1504
f 1444/1520/1503 1468/1521/1504 1469/1522/1505
f 1469/1522/1505 1468/1521/1504 992/1486/1469
f 1469/1522/1505 992/1486/1469 1470/1484/1467
f 998/1514/1497 997/1523/1506 1393/1515/1498
f 1393/1515/1498 997/1523/1506 996/1524/1507
f 1393/1515/1498 996/1524/1507 1417/1525/1508
f 1417/1525/1508 996/1524/1507 995/1526/1509
f 1417/1525/1508 995/1526/1509 1441/1527/1510
f 1441/1527/1510 995/1526/1509 994/1528/1511
f 1441/1527/1510 994/1528/1511 1465/1529/1512
f 1465/1529/1512 994/1528/1511 993/1530/1513
f 1465/1529/1512 993/1530/1513 992/1486/1469
f 1355/1531/1514 1360/1451/1434 992/1486/1469
f 992/1486/1469 1360/1451/1434 1476/1532/1515
f 992/1486/1469 1476/1532/1515 1475/1533/1516
f 1475/1533/1516 1476/1532/1515 1451/1534/1517
f 1475/1533/1516 1451/1534/1517 1450/1535/1518
f 1450/1535/1518 1451/1534/1517 1426/1536/1519
f 1450/1535/1518 1426/1536/1519 1425/1492/1475
f 1425/1492/1475 1426/1536/1519 1401/1494/1477
f 1355/1531/1514 1356/1537/1520 1360/1451/1434
f 1360/1451/1434 1356/1537/1520 1359/1538/1521
f 1359/1538/1521 1356/1537/1520 1357/1539/1522
f 1359/1538/1521 1357/1539/1522 1358/1540/1523
f 1395/1478/1461 1370/1476/1459 1394/1516/1499
f 1394/1516/1499 1370/1476/1459 1369/1475/1458
f 1371/1477/1460 1372/1541/1524 1000/1439/1169
f 1000/1439/1169 1372/1541/1524 1373/1542/1525
f 1000/1439/1169 1373/1542/1525 1374/1543/1526
f 1374/1543/1526 1373/1542/1525 1398/1544/1527
f 1374/1543/1526 1398/1544/1527 1399/1545/1528
f 1399/1545/1528 1398/1544/1527 1423/1546/1529
f 1399/1545/1528 1423/1546/1529 1424/1491/1474
f 1424/1491/1474 1423/1546/1529 1448/1489/1472
f 1371/1477/1460 1396/1479/1462 1372/1541/1524
f 1372/1541/1524 1396/1479/1462 1397/1547/1530
f 1372/1541/1524 1397/1547/1530 1373/1542/1525
f 1373/1542/1525 1397/1547/1530 1398/1544/1527
f 1376/1495/1478 1000/1439/1169 1375/1548/1531
f 1375/1548/1531 1000/1439/1169 1374/1543/1526
f 1375/1548/1531 1374/1543/1526 1399/1545/1528
f 1400/1493/1476 1376/1495/1478 1375/1548/1531
f 1400/1493/1476 1375/1548/1531 1399/1545/1528
f 1378/1497/1480 1377/1496/1479 1402/1549/1532
f 1402/1549/1532 1377/1496/1479 1401/1494/1477
f 1402/1549/1532 1401/1494/1477 1426/1536/1519
f 1379/1498/1481 1380/1550/1533 1000/1439/1169
f 1000/1439/1169 1380/1550/1533 1381/1551/1534
f 1000/1439/1169 1381/1551/1534 1382/1552/1535
f 1382/1552/1535 1381/1551/1534 1406/1553/1536
f 1382/1552/1535 1406/1553/1536 1407/1554/1537
f 1407/1554/1537 1406/1553/1536 1431/1555/1538
f 1407/1554/1537 1431/1555/1538 1432/1511/1494
f 1432/1511/1494 1431/1555/1538 1456/1509/1492
f 1379/1498/1481 1404/1500/1483 1380/1550/1533
f 1380/1550/1533 1404/1500/1483 1405/1556/1539
f 1380/1550/1533 1405/1556/1539 1381/1551/1534
f 1381/1551/1534 1405/1556/1539 1406/1553/1536
f 1384/1441/1424 1000/1439/1169 1383/1557/1540
f 1383/1557/1540 1000/1439/1169 1382/1552/1535
f 1383/1557/1540 1382/1552/1535 1407/1554/1537
f 1408/1513/1496 1384/1441/1424 1383/1557/1540
f 1408/1513/1496 1383/1557/1540 1407/1554/1537
f 1385/1442/1425 1386/1558/1541 1368/1440/1423
f 1368/1440/1423 1386/1558/1541 1387/1559/1542
f 1368/1440/1423 1387/1559/1542 1388/1560/1543
f 1388/1560/1543 1387/1559/1542 1412/1561/1544
f 1388/1560/1543 1412/1561/1544 1413/1562/1545
f 1413/1562/1545 1412/1561/1544 1437/1563/1546
f 1413/1562/1545 1437/1563/1546 1438/1456/1439
f 1438/1456/1439 1437/1563/1546 1462/1454/1437
f 1385/1442/1425 1410/1444/1427 1386/1558/1541
f 1386/1558/1541 1410/1444/1427 1411/1564/1547
f 1386/1558/1541 1411/1564/1547 1387/1559/1542
f 1387/1559/1542 1411/1564/1547 1412/1561/1544
f 1390/1460/1443 1368/1440/1423 1389/1565/1548
f 1389/1565/1548 1368/1440/1423 1388/1560/1543
f 1389/1565/1548 1388/1560/1543 1413/1562/1545
f 1414/1458/1441 1390/1460/1443 1389/1565/1548
f 1414/1458/1441 1389/1565/1548 1413/1562/1545
f 1416/1464/1447 1392/1462/1445 1391/1461/1444
f 1416/1464/1447 1391/1461/1444 1415/1459/1442
f 1420/1480/1463 1395/1478/1461 1419/1518/1501
f 1419/1518/1501 1395/1478/1461 1394/1516/1499
f 1396/1479/1462 1421/1481/1464 1397/1547/1530
f 1397/1547/1530 1421/1481/1464 1422/1566/1549
f 1397/1547/1530 1422/1566/1549 1398/1544/1527
f 1398/1544/1527 1422/1566/1549 1423/1546/1529
f 1424/1491/1474 1400/1493/1476 1399/1545/1528
f 1378/1497/1480 1402/1549/1532 1403/1499/1482
f 1403/1499/1482 1402/1549/1532 1427/1567/1550
f 1403/1499/1482 1427/1567/1550 1428/1501/1484
f 1428/1501/1484 1427/1567/1550 1452/1568/1551
f 1428/1501/1484 1452/1568/1551 1453/1503/1486
f 1453/1503/1486 1452/1568/1551 1477/1569/1552
f 1453/1503/1486 1477/1569/1552 1478/1505/1488
f 1478/1505/1488 1477/1569/1552 1360/1451/1434
f 1427/1567/1550 1402/1549/1532 1426/1536/1519
f 1404/1500/1483 1429/1502/1485 1405/1556/1539
f 1405/1556/1539 1429/1502/1485 1430/1570/1553
f 1405/1556/1539 1430/1570/1553 1406/1553/1536
f 1406/1553/1536 1430/1570/1553 1431/1555/1538
f 1432/1511/1494 1408/1513/1496 1407/1554/1537
f 1434/1445/1428 1409/1443/1426 1433/1512/1495
f 1410/1444/1427 1435/1446/1429 1411/1564/1547
f 1411/1564/1547 1435/1446/1429 1436/1571/1554
f 1411/1564/1547 1436/1571/1554 1412/1561/1544
f 1412/1561/1544 1436/1571/1554 1437/1563/1546
f 1438/1456/1439 1414/1458/1441 1413/1562/1545
f 1440/1467/1450 1416/1464/1447 1415/1459/1442
f 1440/1467/1450 1415/1459/1442 1439/1457/1440
f 1393/1515/1498 1417/1525/1508 1418/1517/1500
f 1418/1517/1500 1417/1525/1508 1442/1572/1555
f 1418/1517/1500 1442/1572/1555 1443/1519/1502
f 1443/1519/1502 1442/1572/1555 1467/1573/1556
f 1443/1519/1502 1467/1573/1556 1468/1521/1504
f 1468/1521/1504 1467/1573/1556 992/1486/1469
f 1445/1482/1465 1420/1480/1463 1444/1520/1503
f 1444/1520/1503 1420/1480/1463 1419/1518/1501
f 1421/1481/1464 1446/1483/1466 1422/1566/1549
f 1422/1566/1549 1446/1483/1466 1447/1574/1557
f 1422/1566/1549 1447/1574/1557 1423/1546/1529
f 1423/1546/1529 1447/1574/1557 1448/1489/1472
f 1450/1535/1518 1425/1492/1475 1449/1490/1473
f 1452/1568/1551 1427/1567/1550 1451/1534/1517
f 1451/1534/1517 1427/1567/1550 1426/1536/1519
f 1429/1502/1485 1454/1504/1487 1430/1570/1553
f 1430/1570/1553 1454/1504/1487 1455/1575/1558
f 1430/1570/1553 1455/1575/1558 1431/1555/1538
f 1431/1555/1538 1455/1575/1558 1456/1509/1492
f 1434/1445/1428 1433/1512/1495 1458/1576/1559
f 1458/1576/1559 1433/1512/1495 1457/1510/1493
f 1458/1576/1559 1457/1510/1493 1482/1577/1560
f 1482/1577/1560 1457/1510/1493 1481/1508/1491
f 1482/1577/1560 1481/1508/1491 1360/1451/1434
f 1435/1446/1429 1460/1448/1431 1436/1571/1554
f 1436/1571/1554 1460/1448/1431 1461/1578/1561
f 1436/1571/1554 1461/1578/1561 1437/1563/1546
f 1437/1563/1546 1461/1578/1561 1462/1454/1437
f 1464/1469/1452 1440/1467/1450 1439/1457/1440
f 1464/1469/1452 1439/1457/1440 1463/1455/1438
f 1417/1525/1508 1441/1527/1510 1442/1572/1555
f 1442/1572/1555 1441/1527/1510 1466/1579/1562
f 1442/1572/1555 1466/1579/1562 1467/1573/1556
f 1467/1573/1556 1466/1579/1562 992/1486/1469
f 1470/1484/1467 1445/1482/1465 1469/1522/1505
f 1469/1522/1505 1445/1482/1465 1444/1520/1503
f 1472/1487/1470 1448/1489/1472 1447/1574/1557
f 1472/1487/1470 1447/1574/1557 1471/1485/1468
f 1471/1485/1468 1447/1574/1557 1446/1483/1466
f 1450/1535/1518 1449/1490/1473 1474/1580/1563
f 1474/1580/1563 1449/1490/1473 1473/1488/1471
f 1474/1580/1563 1473/1488/1471 992/1486/1469
f 1477/1569/1552 1452/1568/1551 1476/1532/1515
f 1476/1532/1515 1452/1568/1551 1451/1534/1517
f 1480/1507/1490 1456/1509/1492 1455/1575/1558
f 1480/1507/1490 1455/1575/1558 1479/1506/1489
f 1479/1506/1489 1455/1575/1558 1454/1504/1487
f 1434/1445/1428 1458/1576/1559 1459/1447/1430
f 1459/1447/1430 1458/1576/1559 1483/1581/1564
f 1459/1447/1430 1483/1581/1564 1484/1449/1432
f 1484/1449/1432 1483/1581/1564 1360/1451/1434
f 1483/1581/1564 1458/1576/1559 1482/1577/1560
f 1486/1452/1435 1462/1454/1437 1461/1578/1561
f 1486/1452/1435 1461/1578/1561 1485/1450/1433
f 1485/1450/1433 1461/1578/1561 1460/1448/1431
f 1488/1471/1454 1464/1469/1452 1463/1455/1438
f 1488/1471/1454 1463/1455/1438 1487/1453/1436
f 992/1486/1469 1466/1579/1562 1465/1529/1512
f 1465/1529/1512 1466/1579/1562 1441/1527/1510
f 992/1486/1469 1475/1533/1516 1474/1580/1563
f 1474/1580/1563 1475/1533/1516 1450/1535/1518
f 1360/1451/1434 1477/1569/1552 1476/1532/1515
f 1360/1451/1434 1483/1581/1564 1482/1577/1560
f 1001/1582/1072 1489/1583/1565 1002/1584/1566
f 1002/1584/1566 1489/1583/1565 1504/1585/1567
f 1002/1584/1566 1504/1585/1567 1505/1586/1568
f 1505/1586/1568 1504/1585/1567 1514/1587/1569
f 1505/1586/1568 1514/1587/1569 1515/1588/1570
f 1515/1588/1570 1514/1587/1569 1524/1589/1571
f 1515/1588/1570 1524/1589/1571 1525/1590/1572
f 1525/1590/1572 1524/1589/1571 1534/1591/1573
f 1525/1590/1572 1534/1591/1573 1006/1592/1574
f 1006/1592/1574 1534/1591/1573 1007/1593/1575
f 1007/1593/1575 1534/1591/1573 1543/1594/1576
f 1007/1593/1575 1543/1594/1576 1008/1595/1577
f 1008/1595/1577 1543/1594/1576 991/1596/1578
f 991/1596/1578 1543/1594/1576 1498/1597/1579
f 1498/1597/1579 1543/1594/1576 1542/1598/1580
f 1498/1597/1579 1542/1598/1580 1541/1599/1581
f 1541/1599/1581 1542/1598/1580 1532/1600/1582
f 1541/1599/1581 1532/1600/1582 1531/1601/1583
f 1531/1601/1583 1532/1600/1582 1522/1602/1584
f 1531/1601/1583 1522/1602/1584 1521/1603/1585
f 1521/1603/1585 1522/1602/1584 1512/1604/1586
f 1521/1603/1585 1512/1604/1586 1511/1605/1587
f 1511/1605/1587 1512/1604/1586 1502/1606/1588
f 1511/1605/1587 1502/1606/1588 1501/1607/1589
f 1501/1607/1589 1502/1606/1588 1489/1583/1565
f 1501/1607/1589 1489/1583/1565 1500/1608/1590
f 1500/1608/1590 1489/1583/1565 1499/1609/1591
f 1500/1608/1590 1499/1609/1591 1509/1610/1592
f 1509/1610/1592 1499/1609/1591 1508/1611/1593
f 1509/1610/1592 1508/1611/1593 1518/1612/1594
f 1518/1612/1594 1508/1611/1593 1517/1613/1595
f 1518/1612/1594 1517/1613/1595 1527/1614/1596
f 1527/1614/1596 1517/1613/1595 1526/1615/1597
f 1527/1614/1596 1526/1615/1597 1536/1616/1598
f 1536/1616/1598 1526/1615/1597 1535/1617/1599
f 1536/1616/1598 1535/1617/1599 1498/1597/1579
f 1498/1597/1579 1535/1617/1599 1494/1618/1600
f 1498/1597/1579 1494/1618/1600 1495/1619/1601
f 1489/1583/1565 1490/1620/1602 1499/1609/1591
f 1499/1609/1591 1490/1620/1602 1508/1611/1593
f 1490/1620/1602 1491/1621/1603 1508/1611/1593
f 1508/1611/1593 1491/1621/1603 1517/1613/1595
f 1491/1621/1603 1492/1622/1604 1517/1613/1595
f 1517/1613/1595 1492/1622/1604 1526/1615/1597
f 1492/1622/1604 1493/1623/1605 1526/1615/1597
f 1526/1615/1597 1493/1623/1605 1535/1617/1599
f 1493/1623/1605 1494/1618/1600 1535/1617/1599
f 1496/1624/1606 1497/1625/1607 1495/1619/1601
f 1495/1619/1601 1497/1625/1607 1498/1597/1579
f 1006/1592/1574 1005/1626/1608 1525/1590/1572
f 1525/1590/1572 1005/1626/1608 1516/1627/1609
f 1525/1590/1572 1516/1627/1609 1515/1588/1570
f 1515/1588/1570 1516/1627/1609 1506/1628/1610
f 1515/1588/1570 1506/1628/1610 1505/1586/1568
f 1505/1586/1568 1506/1628/1610 1002/1584/1566
f 1005/1626/1608 1004/1629/1611 1516/1627/1609
f 1516/1627/1609 1004/1629/1611 1003/1630/1612
f 1516/1627/1609 1003/1630/1612 1507/1631/1613
f 1507/1631/1613 1003/1630/1612 1002/1584/1566
f 1507/1631/1613 1002/1584/1566 1506/1628/1610
f 1501/1607/1589 1500/1608/1590 1510/1632/1614
f 1510/1632/1614 1500/1608/1590 1509/1610/1592
f 1510/1632/1614 1509/1610/1592 1519/1633/1615
f 1519/1633/1615 1509/1610/1592 1518/1612/1594
f 1519/1633/1615 1518/1612/1594 1528/1634/1616
f 1528/1634/1616 1518/1612/1594 1527/1614/1596
f 1528/1634/1616 1527/1614/1596 1537/1635/1617
f 1537/1635/1617 1527/1614/1596 1536/1616/1598
f 1537/1635/1617 1536/1616/1598 1498/1597/1579
f 1504/1585/1567 1489/1583/1565 1503/1636/1618
f 1503/1636/1618 1489/1583/1565 1502/1606/1588
f 1503/1636/1618 1502/1606/1588 1512/1604/1586
f 1504/1585/1567 1503/1636/1618 1513/1637/1619
f 1513/1637/1619 1503/1636/1618 1512/1604/1586
f 1513/1637/1619 1512/1604/1586 1522/1602/1584
f 1516/1627/1609 1507/1631/1613 1506/1628/1610
f 1501/1607/1589 1510/1632/1614 1511/1605/1587
f 1511/1605/1587 1510/1632/1614 1520/1638/1620
f 1511/1605/1587 1520/1638/1620 1521/1603/1585
f 1521/1603/1585 1520/1638/1620 1530/1639/1621
f 1521/1603/1585 1530/1639/1621 1531/1601/1583
f 1531/1601/1583 1530/1639/1621 1540/1640/1622
f 1531/1601/1583 1540/1640/1622 1541/1599/1581
f 1541/1599/1581 1540/1640/1622 1498/1597/1579
f 1520/1638/1620 1510/1632/1614 1519/1633/1615
f 1504/1585/1567 1513/1637/1619 1514/1587/1569
f 1514/1587/1569 1513/1637/1619 1523/1641/1623
f 1514/1587/1569 1523/1641/1623 1524/1589/1571
f 1524/1589/1571 1523/1641/1623 1533/1642/1624
f 1524/1589/1571 1533/1642/1624 1534/1591/1573
f 1534/1591/1573 1533/1642/1624 1543/1594/1576
f 1523/1641/1623 1513/1637/1619 1522/1602/1584
f 1520/1638/1620 1519/1633/1615 1529/1643/1625
f 1529/1643/1625 1519/1633/1615 1528/1634/1616
f 1529/1643/1625 1528/1634/1616 1538/1644/1626
f 1538/1644/1626 1528/1634/1616 1537/1635/1617
f 1538/1644/1626 1537/1635/1617 1498/1597/1579
f 1533/1642/1624 1523/1641/1623 1532/1600/1582
f 1532/1600/1582 1523/1641/1623 1522/1602/1584
f 1520/1638/1620 1529/1643/1625 1530/1639/1621
f 1530/1639/1621 1529/1643/1625 1539/1645/1627
f 1530/1639/1621 1539/1645/1627 1540/1640/1622
f 1540/1640/1622 1539/1645/1627 1498/1597/1579
f 1539/1645/1627 1529/1643/1625 1538/1644/1626
f 1543/1594/1576 1533/1642/1624 1542/1598/1580
f 1542/1598/1580 1533/1642/1624 1532/1600/1582
f 1498/1597/1579 1539/1645/1627 1538/1644/1626
f 1544/1646/1628 1354/1647/1422 1552/1648/1629
f 1552/1648/1629 1354/1647/1422 1599/1649/1630
f 1552/1648/1629 1599/1649/1630 1600/1650/1631
f 1600/1650/1631 1599/1649/1630 1669/1651/1632
f 1600/1650/1631 1669/1651/1632 1670/1652/1633
f 1670/1652/1633 1669/1651/1632 1739/1653/1634
f 1670/1652/1633 1739/1653/1634 1740/1654/1635
f 1740/1654/1635 1739/1653/1634 1809/1655/1636
f 1740/1654/1635 1809/1655/1636 1810/1656/1637
f 1810/1656/1637 1809/1655/1636 1879/1657/1638
f 1810/1656/1637 1879/1657/1638 1880/1658/1639
f 1880/1658/1639 1879/1657/1638 1545/1659/1640
f 1880/1658/1639 1545/1659/1640 1881/1660/1641
f 1881/1660/1641 1545/1659/1640 1882/1661/1642
f 1881/1660/1641 1882/1661/1642 1812/1662/1643
f 1812/1662/1643 1882/1661/1642 1813/1663/1644
f 1812/1662/1643 1813/1663/1644 1743/1664/1645
f 1743/1664/1645 1813/1663/1644 1744/1665/1646
f 1743/1664/1645 1744/1665/1646 1674/1666/1647
f 1674/1666/1647 1744/1665/1646 1675/1667/1648
f 1674/1666/1647 1675/1667/1648 1605/1668/1649
f 1605/1668/1649 1675/1667/1648 1606/1669/1650
f 1605/1668/1649 1606/1669/1650 1552/1648/1629
f 1552/1648/1629 1606/1669/1650 1607/1670/1651
f 1552/1648/1629 1607/1670/1651 1608/1671/1652
f 1608/1671/1652 1607/1670/1651 1677/1672/1653
f 1608/1671/1652 1677/1672/1653 1678/1673/1654
f 1678/1673/1654 1677/1672/1653 1747/1674/1655
f 1678/1673/1654 1747/1674/1655 1748/1675/1656
f 1748/1675/1656 1747/1674/1655 1817/1676/1657
f 1748/1675/1656 1817/1676/1657 1818/1677/1658
f 1818/1677/1658 1817/1676/1657 1887/1678/1659
f 1818/1677/1658 1887/1678/1659 1888/1679/1660
f 1888/1679/1660 1887/1678/1659 1545/1659/1640
f 1888/1679/1660 1545/1659/1640 1889/1680/1661
f 1889/1680/1661 1545/1659/1640 1890/1681/1662
f 1889/1680/1661 1890/1681/1662 1820/1682/1663
f 1820/1682/1663 1890/1681/1662 1821/1683/1664
f 1820/1682/1663 1821/1683/1664 1751/1684/1665
f 1751/1684/1665 1821/1683/1664 1752/1685/1666
f 1751/1684/1665 1752/1685/1666 1682/1686/1667
f 1682/1686/1667 1752/1685/1666 1683/1687/1668
f 1682/1686/1667 1683/1687/1668 1613/1688/1669
f 1613/1688/1669 1683/1687/1668 1614/1689/1670
f 1613/1688/1669 1614/1689/1670 1552/1648/1629
f 1552/1648/1629 1614/1689/1670 1615/1690/1671
f 1552/1648/1629 1615/1690/1671 1616/1691/1672
f 1616/1691/1672 1615/1690/1671 1685/1692/1673
f 1616/1691/1672 1685/1692/1673 1686/1693/1674
f 1686/1693/1674 1685/1692/1673 1755/1694/1675
f 1686/1693/1674 1755/1694/1675 1756/1695/1676
f 1756/1695/1676 1755/1694/1675 1825/1696/1677
f 1756/1695/1676 1825/1696/1677 1826/1697/1678
f 1826/1697/1678 1825/1696/1677 1895/1698/1679
f 1826/1697/1678 1895/1698/1679 1896/1699/1680
f 1896/1699/1680 1895/1698/1679 1545/1659/1640
f 1896/1699/1680 1545/1659/1640 1897/1700/1681
f 1897/1700/1681 1545/1659/1640 1546/1701/1682
f 1897/1700/1681 1546/1701/1682 1547/1702/1683
f 1368/1703/1684 1553/1704/1685 1354/1647/1422
f 1354/1647/1422 1553/1704/1685 1554/1705/1686
f 1354/1647/1422 1554/1705/1686 1555/1706/1687
f 1555/1706/1687 1554/1705/1686 1624/1707/1688
f 1555/1706/1687 1624/1707/1688 1625/1708/1689
f 1625/1708/1689 1624/1707/1688 1694/1709/1690
f 1625/1708/1689 1694/1709/1690 1695/1710/1691
f 1695/1710/1691 1694/1709/1690 1764/1711/1692
f 1695/1710/1691 1764/1711/1692 1765/1712/1693
f 1765/1712/1693 1764/1711/1692 1834/1713/1694
f 1765/1712/1693 1834/1713/1694 1835/1714/1695
f 1835/1714/1695 1834/1713/1694 1362/1715/1696
f 1835/1714/1695 1362/1715/1696 1836/1716/1697
f 1836/1716/1697 1362/1715/1696 1837/1717/1698
f 1836/1716/1697 1837/1717/1698 1767/1718/1699
f 1767/1718/1699 1837/1717/1698 1768/1719/1700
f 1767/1718/1699 1768/1719/1700 1698/1720/1701
f 1698/1720/1701 1768/1719/1700 1699/1721/1702
f 1698/1720/1701 1699/1721/1702 1629/1722/1703
f 1629/1722/1703 1699/1721/1702 1630/1723/1704
f 1629/1722/1703 1630/1723/1704 1560/1724/1705
f 1560/1724/1705 1630/1723/1704 1561/1725/1706
f 1560/1724/1705 1561/1725/1706 1354/1647/1422
f 1354/1647/1422 1561/1725/1706 1562/1726/1707
f 1354/1647/1422 1562/1726/1707 1563/1727/1708
f 1563/1727/1708 1562/1726/1707 1632/1728/1709
f 1563/1727/1708 1632/1728/1709 1633/1729/1710
f 1633/1729/1710 1632/1728/1709 1702/1730/1711
f 1633/1729/1710 1702/1730/1711 1703/1731/1712
f 1703/1731/1712 1702/1730/1711 1772/1732/1713
f 1703/1731/1712 1772/1732/1713 1773/1733/1714
f 1773/1733/1714 1772/1732/1713 1842/1734/1715
f 1773/1733/1714 1842/1734/1715 1843/1735/1716
f 1843/1735/1716 1842/1734/1715 1362/1715/1696
f 1843/1735/1716 1362/1715/1696 1844/1736/1717
f 1844/1736/1717 1362/1715/1696 1845/1737/1718
f 1844/1736/1717 1845/1737/1718 1775/1738/1719
f 1775/1738/1719 1845/1737/1718 1776/1739/1720
f 1775/1738/1719 1776/1739/1720 1706/1740/1721
f 1706/1740/1721 1776/1739/1720 1707/1741/1722
f 1706/1740/1721 1707/1741/1722 1637/1742/1723
f 1637/1742/1723 1707/1741/1722 1638/1743/1724
f 1637/1742/1723 1638/1743/1724 1568/1744/1725
f 1568/1744/1725 1638/1743/1724 1569/1745/1726
f 1568/1744/1725 1569/1745/1726 1354/1647/1422
f 1354/1647/1422 1569/1745/1726 1570/1746/1727
f 1354/1647/1422 1570/1746/1727 1571/1747/1728
f 1571/1747/1728 1570/1746/1727 1640/1748/1729
f 1571/1747/1728 1640/1748/1729 1641/1749/1730
f 1641/1749/1730 1640/1748/1729 1710/1750/1731
f 1641/1749/1730 1710/1750/1731 1711/1751/1732
f 1711/1751/1732 1710/1750/1731 1780/1752/1733
f 1711/1751/1732 1780/1752/1733 1781/1753/1734
f 1781/1753/1734 1780/1752/1733 1850/1754/1735
f 1781/1753/1734 1850/1754/1735 1851/1755/1736
f 1851/1755/1736 1850/1754/1735 1362/1715/1696
f 1851/1755/1736 1362/1715/1696 1545/1659/1640
f 1545/1659/1640 1362/1715/1696 1361/1756/1737
f 1368/1703/1684 1367/1757/1738 1553/1704/1685
f 1553/1704/1685 1367/1757/1738 1622/1758/1739
f 1553/1704/1685 1622/1758/1739 1623/1759/1740
f 1623/1759/1740 1622/1758/1739 1692/1760/1741
f 1623/1759/1740 1692/1760/1741 1693/1761/1742
f 1693/1761/1742 1692/1760/1741 1762/1762/1743
f 1693/1761/1742 1762/1762/1743 1763/1763/1744
f 1763/1763/1744 1762/1762/1743 1832/1764/1745
f 1763/1763/1744 1832/1764/1745 1833/1765/1746
f 1833/1765/1746 1832/1764/1745 1362/1715/1696
f 1833/1765/1746 1362/1715/1696 1834/1713/1694
f 1367/1757/1738 1366/1766/1747 1622/1758/1739
f 1622/1758/1739 1366/1766/1747 1691/1767/1748
f 1622/1758/1739 1691/1767/1748 1692/1760/1741
f 1692/1760/1741 1691/1767/1748 1761/1768/1749
f 1692/1760/1741 1761/1768/1749 1762/1762/1743
f 1762/1762/1743 1761/1768/1749 1831/1769/1750
f 1762/1762/1743 1831/1769/1750 1832/1764/1745
f 1832/1764/1745 1831/1769/1750 1362/1715/1696
f 1366/1766/1747 1365/1770/1751 1691/1767/1748
f 1691/1767/1748 1365/1770/1751 1364/1771/1752
f 1691/1767/1748 1364/1771/1752 1760/1772/1753
f 1760/1772/1753 1364/1771/1752 1363/1773/1754
f 1760/1772/1753 1363/1773/1754 1829/1774/1755
f 1829/1774/1755 1363/1773/1754 1362/1715/1696
f 1829/1774/1755 1362/1715/1696 1830/1775/1756
f 1830/1775/1756 1362/1715/1696 1831/1769/1750
f 1830/1775/1756 1831/1769/1750 1761/1768/1749
f 1897/1700/1681 1547/1702/1683 1828/1776/1757
f 1828/1776/1757 1547/1702/1683 1548/1777/1758
f 1828/1776/1757 1548/1777/1758 1759/1778/1759
f 1759/1778/1759 1548/1777/1758 1549/1779/1760
f 1759/1778/1759 1549/1779/1760 1550/1780/1761
f 1759/1778/1759 1550/1780/1761 1690/1781/1762
f 1690/1781/1762 1550/1780/1761 1551/1782/1763
f 1690/1781/1762 1551/1782/1763 1621/1783/1764
f 1621/1783/1764 1551/1782/1763 1552/1648/1629
f 1621/1783/1764 1552/1648/1629 1620/1784/1765
f 1620/1784/1765 1552/1648/1629 1619/1785/1766
f 1620/1784/1765 1619/1785/1766 1689/1786/1767
f 1689/1786/1767 1619/1785/1766 1688/1787/1768
f 1689/1786/1767 1688/1787/1768 1758/1788/1769
f 1758/1788/1769 1688/1787/1768 1757/1789/1770
f 1758/1788/1769 1757/1789/1770 1827/1790/1771
f 1827/1790/1771 1757/1789/1770 1826/1697/1678
f 1827/1790/1771 1826/1697/1678 1896/1699/1680
f 1624/1707/1688 1554/1705/1686 1623/1759/1740
f 1623/1759/1740 1554/1705/1686 1553/1704/1685
f 1555/1706/1687 1556/1791/1772 1354/1647/1422
f 1354/1647/1422 1556/1791/1772 1557/1792/1773
f 1354/1647/1422 1557/1792/1773 1558/1793/1774
f 1558/1793/1774 1557/1792/1773 1627/1794/1775
f 1558/1793/1774 1627/1794/1775 1628/1795/1776
f 1628/1795/1776 1627/1794/1775 1697/1796/1777
f 1628/1795/1776 1697/1796/1777 1698/1720/1701
f 1698/1720/1701 1697/1796/1777 1767/1718/1699
f 1555/1706/1687 1625/1708/1689 1556/1791/1772
f 1556/1791/1772 1625/1708/1689 1626/1797/1778
f 1556/1791/1772 1626/1797/1778 1557/1792/1773
f 1557/1792/1773 1626/1797/1778 1627/1794/1775
f 1560/1724/1705 1354/1647/1422 1559/1798/1779
f 1559/1798/1779 1354/1647/1422 1558/1793/1774
f 1559/1798/1779 1558/1793/1774 1628/1795/1776
f 1629/1722/1703 1560/1724/1705 1559/1798/1779
f 1629/1722/1703 1559/1798/1779 1628/1795/1776
f 1562/1726/1707 1561/1725/1706 1631/1799/1780
f 1631/1799/1780 1561/1725/1706 1630/1723/1704
f 1631/1799/1780 1630/1723/1704 1700/1800/1781
f 1700/1800/1781 1630/1723/1704 1699/1721/1702
f 1700/1800/1781 1699/1721/1702 1769/1801/1782
f 1769/1801/1782 1699/1721/1702 1768/1719/1700
f 1769/1801/1782 1768/1719/1700 1838/1802/1783
f 1838/1802/1783 1768/1719/1700 1837/1717/1698
f 1838/1802/1783 1837/1717/1698 1362/1715/1696
f 1563/1727/1708 1564/1803/1784 1354/1647/1422
f 1354/1647/1422 1564/1803/1784 1565/1804/1785
f 1354/1647/1422 1565/1804/1785 1566/1805/1786
f 1566/1805/1786 1565/1804/1785 1635/1806/1787
f 1566/1805/1786 1635/1806/1787 1636/1807/1788
f 1636/1807/1788 1635/1806/1787 1705/1808/1789
f 1636/1807/1788 1705/1808/1789 1706/1740/1721
f 1706/1740/1721 1705/1808/1789 1775/1738/1719
f 1563/1727/1708 1633/1729/1710 1564/1803/1784
f 1564/1803/1784 1633/1729/1710 1634/1809/1790
f 1564/1803/1784 1634/1809/1790 1565/1804/1785
f 1565/1804/1785 1634/1809/1790 1635/1806/1787
f 1568/1744/1725 1354/1647/1422 1567/1810/1791
f 1567/1810/1791 1354/1647/1422 1566/1805/1786
f 1567/1810/1791 1566/1805/1786 1636/1807/1788
f 1637/1742/1723 1568/1744/1725 1567/1810/1791
f 1637/1742/1723 1567/1810/1791 1636/1807/1788
f 1570/1746/1727 1569/1745/1726 1639/1811/1792
f 1639/1811/1792 1569/1745/1726 1638/1743/1724
f 1639/1811/1792 1638/1743/1724 1708/1812/1793
f 1708/1812/1793 1638/1743/1724 1707/1741/1722
f 1708/1812/1793 1707/1741/1722 1777/1813/1794
f 1777/1813/1794 1707/1741/1722 1776/1739/1720
f 1777/1813/1794 1776/1739/1720 1846/1814/1795
f 1846/1814/1795 1776/1739/1720 1845/1737/1718
f 1846/1814/1795 1845/1737/1718 1362/1715/1696
f 1571/1747/1728 1572/1815/1796 1354/1647/1422
f 1354/1647/1422 1572/1815/1796 1573/1816/1797
f 1354/1647/1422 1573/1816/1797 1574/1817/1798
f 1574/1817/1798 1573/1816/1797 1643/1818/1799
f 1574/1817/1798 1643/1818/1799 1644/1819/1800
f 1644/1819/1800 1643/1818/1799 1713/1820/1801
f 1644/1819/1800 1713/1820/1801 1714/1821/1802
f 1714/1821/1802 1713/1820/1801 1783/1822/1803
f 1714/1821/1802 1783/1822/1803 1784/1823/1804
f 1784/1823/1804 1783/1822/1803 1853/1824/1805
f 1784/1823/1804 1853/1824/1805 1854/1825/1806
f 1854/1825/1806 1853/1824/1805 1545/1659/1640
f 1854/1825/1806 1545/1659/1640 1855/1826/1807
f 1855/1826/1807 1545/1659/1640 1856/1827/1808
f 1855/1826/1807 1856/1827/1808 1786/1828/1809
f 1786/1828/1809 1856/1827/1808 1787/1829/1810
f 1786/1828/1809 1787/1829/1810 1717/1830/1811
f 1717/1830/1811 1787/1829/1810 1718/1831/1812
f 1717/1830/1811 1718/1831/1812 1648/1832/1813
f 1648/1832/1813 1718/1831/1812 1649/1833/1814
f 1648/1832/1813 1649/1833/1814 1579/1834/1815
f 1579/1834/1815 1649/1833/1814 1580/1835/1816
f 1579/1834/1815 1580/1835/1816 1354/1647/1422
f 1354/1647/1422 1580/1835/1816 1581/1836/1817
f 1354/1647/1422 1581/1836/1817 1582/1837/1818
f 1582/1837/1818 1581/1836/1817 1651/1838/1819
f 1582/1837/1818 1651/1838/1819 1652/1839/1820
f 1652/1839/1820 1651/1838/1819 1721/1840/1821
f 1652/1839/1820 1721/1840/1821 1722/1841/1822
f 1722/1841/1822 1721/1840/1821 1791/1842/1823
f 1722/1841/1822 1791/1842/1823 1792/1843/1824
f 1792/1843/1824 1791/1842/1823 1861/1844/1825
f 1792/1843/1824 1861/1844/1825 1862/1845/1826
f 1862/1845/1826 1861/1844/1825 1545/1659/1640
f 1862/1845/1826 1545/1659/1640 1863/1846/1827
f 1863/1846/1827 1545/1659/1640 1864/1847/1828
f 1863/1846/1827 1864/1847/1828 1794/1848/1829
f 1794/1848/1829 1864/1847/1828 1795/1849/1830
f 1794/1848/1829 1795/1849/1830 1725/1850/1831
f 1725/1850/1831 1795/1849/1830 1726/1851/1832
f 1725/1850/1831 1726/1851/1832 1656/1852/1833
f 1656/1852/1833 1726/1851/1832 1657/1853/1834
f 1656/1852/1833 1657/1853/1834 1587/1854/1835
f 1587/1854/1835 1657/1853/1834 1588/1855/1836
f 1587/1854/1835 1588/1855/1836 1354/1647/1422
f 1354/1647/1422 1588/1855/1836 1589/1856/1837
f 1354/1647/1422 1589/1856/1837 1590/1857/1838
f 1590/1857/1838 1589/1856/1837 1659/1858/1839
f 1590/1857/1838 1659/1858/1839 1660/1859/1840
f 1660/1859/1840 1659/1858/1839 1729/1860/1841
f 1660/1859/1840 1729/1860/1841 1730/1861/1842
f 1730/1861/1842 1729/1860/1841 1799/1862/1843
f 1730/1861/1842 1799/1862/1843 1800/1863/1844
f 1800/1863/1844 1799/1862/1843 1869/1864/1845
f 1800/1863/1844 1869/1864/1845 1870/1865/1846
f 1870/1865/1846 1869/1864/1845 1545/1659/1640
f 1870/1865/1846 1545/1659/1640 1871/1866/1847
f 1871/1866/1847 1545/1659/1640 1872/1867/1848
f 1871/1866/1847 1872/1867/1848 1802/1868/1849
f 1802/1868/1849 1872/1867/1848 1803/1869/1850
f 1802/1868/1849 1803/1869/1850 1733/1870/1851
f 1733/1870/1851 1803/1869/1850 1734/1871/1852
f 1733/1870/1851 1734/1871/1852 1664/1872/1853
f 1664/1872/1853 1734/1871/1852 1665/1873/1854
f 1664/1872/1853 1665/1873/1854 1595/1874/1855
f 1595/1874/1855 1665/1873/1854 1596/1875/1856
f 1595/1874/1855 1596/1875/1856 1354/1647/1422
f 1354/1647/1422 1596/1875/1856 1597/1876/1857
f 1354/1647/1422 1597/1876/1857 1598/1877/1858
f 1598/1877/1858 1597/1876/1857 1667/1878/1859
f 1598/1877/1858 1667/1878/1859 1668/1879/1860
f 1668/1879/1860 1667/1878/1859 1737/1880/1861
f 1668/1879/1860 1737/1880/1861 1738/1881/1862
f 1738/1881/1862 1737/1880/1861 1807/1882/1863
f 1738/1881/1862 1807/1882/1863 1808/1883/1864
f 1808/1883/1864 1807/1882/1863 1877/1884/1865
f 1808/1883/1864 1877/1884/1865 1878/1885/1866
f 1878/1885/1866 1877/1884/1865 1545/1659/1640
f 1878/1885/1866 1545/1659/1640 1879/1657/1638
f 1571/1747/1728 1641/1749/1730 1572/1815/1796
f 1572/1815/1796 1641/1749/1730 1642/1886/1867
f 1572/1815/1796 1642/1886/1867 1573/1816/1797
f 1573/1816/1797 1642/1886/1867 1643/1818/1799
f 1574/1817/1798 1575/1887/1868 1354/1647/1422
f 1354/1647/1422 1575/1887/1868 1576/1888/1869
f 1354/1647/1422 1576/1888/1869 1577/1889/1870
f 1577/1889/1870 1576/1888/1869 1646/1890/1871
f 1577/1889/1870 1646/1890/1871 1647/1891/1872
f 1647/1891/1872 1646/1890/1871 1716/1892/1873
f 1647/1891/1872 1716/1892/1873 1717/1830/1811
f 1717/1830/1811 1716/1892/1873 1786/1828/1809
f 1574/1817/1798 1644/1819/1800 1575/1887/1868
f 1575/1887/1868 1644/1819/1800 1645/1893/1874
f 1575/1887/1868 1645/1893/1874 1576/1888/1869
f 1576/1888/1869 1645/1893/1874 1646/1890/1871
f 1579/1834/1815 1354/1647/1422 1578/1894/1875
f 1578/1894/1875 1354/1647/1422 1577/1889/1870
f 1578/1894/1875 1577/1889/1870 1647/1891/1872
f 1648/1832/1813 1579/1834/1815 1578/1894/1875
f 1648/1832/1813 1578/1894/1875 1647/1891/1872
f 1581/1836/1817 1580/1835/1816 1650/1895/1876
f 1650/1895/1876 1580/1835/1816 1649/1833/1814
f 1650/1895/1876 1649/1833/1814 1719/1896/1877
f 1719/1896/1877 1649/1833/1814 1718/1831/1812
f 1719/1896/1877 1718/1831/1812 1788/1897/1878
f 1788/1897/1878 1718/1831/1812 1787/1829/1810
f 1788/1897/1878 1787/1829/1810 1857/1898/1879
f 1857/1898/1879 1787/1829/1810 1856/1827/1808
f 1857/1898/1879 1856/1827/1808 1545/1659/1640
f 1582/1837/1818 1583/1899/1880 1354/1647/1422
f 1354/1647/1422 1583/1899/1880 1584/1900/1881
f 1354/1647/1422 1584/1900/1881 1585/1901/1882
f 1585/1901/1882 1584/1900/1881 1654/1902/1883
f 1585/1901/1882 1654/1902/1883 1655/1903/1884
f 1655/1903/1884 1654/1902/1883 1724/1904/1885
f 1655/1903/1884 1724/1904/1885 1725/1850/1831
f 1725/1850/1831 1724/1904/1885 1794/1848/1829
f 1582/1837/1818 1652/1839/1820 1583/1899/1880
f 1583/1899/1880 1652/1839/1820 1653/1905/1886
f 1583/1899/1880 1653/1905/1886 1584/1900/1881
f 1584/1900/1881 1653/1905/1886 1654/1902/1883
f 1587/1854/1835 1354/1647/1422 1586/1906/1887
f 1586/1906/1887 1354/1647/1422 1585/1901/1882
f 1586/1906/1887 1585/1901/1882 1655/1903/1884
f 1656/1852/1833 1587/1854/1835 1586/1906/1887
f 1656/1852/1833 1586/1906/1887 1655/1903/1884
f 1589/1856/1837 1588/1855/1836 1658/1907/1888
f 1658/1907/1888 1588/1855/1836 1657/1853/1834
f 1658/1907/1888 1657/1853/1834 1727/1908/1889
f 1727/1908/1889 1657/1853/1834 1726/1851/1832
f 1727/1908/1889 1726/1851/1832 1796/1909/1890
f 1796/1909/1890 1726/1851/1832 1795/1849/1830
f 1796/1909/1890 1795/1849/1830 1865/1910/1891
f 1865/1910/1891 1795/1849/1830 1864/1847/1828
f 1865/1910/1891 1864/1847/1828 1545/1659/1640
f 1590/1857/1838 1591/1911/1892 1354/1647/1422
f 1354/1647/1422 1591/1911/1892 1592/1912/1893
f 1354/1647/1422 1592/1912/1893 1593/1913/1894
f 1593/1913/1894 1592/1912/1893 1662/1914/1895
f 1593/1913/1894 1662/1914/1895 1663/1915/1896
f 1663/1915/1896 1662/1914/1895 1732/1916/1897
f 1663/1915/1896 1732/1916/1897 1733/1870/1851
f 1733/1870/1851 1732/1916/1897 1802/1868/1849
f 1590/1857/1838 1660/1859/1840 1591/1911/1892
f 1591/1911/1892 1660/1859/1840 1661/1917/1898
f 1591/1911/1892 1661/1917/1898 1592/1912/1893
f 1592/1912/1893 1661/1917/1898 1662/1914/1895
f 1595/1874/1855 1354/1647/1422 1594/1918/1899
f 1594/1918/1899 1354/1647/1422 1593/1913/1894
f 1594/1918/1899 1593/1913/1894 1663/1915/1896
f 1664/1872/1853 1595/1874/1855 1594/1918/1899
f 1664/1872/1853 1594/1918/1899 1663/1915/1896
f 1599/1649/1630 1354/1647/1422 1598/1877/1858
f 1597/1876/1857 1596/1875/1856 1666/1919/1900
f 1666/1919/1900 1596/1875/1856 1665/1873/1854
f 1666/1919/1900 1665/1873/1854 1735/1920/1901
f 1735/1920/1901 1665/1873/1854 1734/1871/1852
f 1735/1920/1901 1734/1871/1852 1804/1921/1902
f 1804/1921/1902 1734/1871/1852 1803/1869/1850
f 1804/1921/1902 1803/1869/1850 1873/1922/1903
f 1873/1922/1903 1803/1869/1850 1872/1867/1848
f 1873/1922/1903 1872/1867/1848 1545/1659/1640
f 1669/1651/1632 1599/1649/1630 1668/1879/1860
f 1668/1879/1860 1599/1649/1630 1598/1877/1858
f 1600/1650/1631 1601/1923/1904 1552/1648/1629
f 1552/1648/1629 1601/1923/1904 1602/1924/1905
f 1552/1648/1629 1602/1924/1905 1603/1925/1906
f 1603/1925/1906 1602/1924/1905 1672/1926/1907
f 1603/1925/1906 1672/1926/1907 1673/1927/1908
f 1673/1927/1908 1672/1926/1907 1742/1928/1909
f 1673/1927/1908 1742/1928/1909 1743/1664/1645
f 1743/1664/1645 1742/1928/1909 1812/1662/1643
f 1600/1650/1631 1670/1652/1633 1601/1923/1904
f 1601/1923/1904 1670/1652/1633 1671/1929/1910
f 1601/1923/1904 1671/1929/1910 1602/1924/1905
f 1602/1924/1905 1671/1929/1910 1672/1926/1907
f 1605/1668/1649 1552/1648/1629 1604/1930/1911
f 1604/1930/1911 1552/1648/1629 1603/1925/1906
f 1604/1930/1911 1603/1925/1906 1673/1927/1908
f 1674/1666/1647 1605/1668/1649 1604/1930/1911
f 1674/1666/1647 1604/1930/1911 1673/1927/1908
f 1607/1670/1651 1606/1669/1650 1676/1931/1912
f 1676/1931/1912 1606/1669/1650 1675/1667/1648
f 1676/1931/1912 1675/1667/1648 1745/1932/1913
f 1745/1932/1913 1675/1667/1648 1744/1665/1646
f 1745/1932/1913 1744/1665/1646 1814/1933/1914
f 1814/1933/1914 1744/1665/1646 1813/1663/1644
f 1814/1933/1914 1813/1663/1644 1883/1934/1915
f 1883/1934/1915 1813/1663/1644 1882/1661/1642
f 1883/1934/1915 1882/1661/1642 1545/1659/1640
f 1608/1671/1652 1609/1935/1916 1552/1648/1629
f 1552/1648/1629 1609/1935/1916 1610/1936/1917
f 1552/1648/1629 1610/1936/1917 1611/1937/1918
f 1611/1937/1918 1610/1936/1917 1680/1938/1919
f 1611/1937/1918 1680/1938/1919 1681/1939/1920
f 1681/1939/1920 1680/1938/1919 1750/1940/1921
f 1681/1939/1920 1750/1940/1921 1751/1684/1665
f 1751/1684/1665 1750/1940/1921 1820/1682/1663
f 1608/1671/1652 1678/1673/1654 1609/1935/1916
f 1609/1935/1916 1678/1673/1654 1679/1941/1922
f 1609/1935/1916 1679/1941/1922 1610/1936/1917
f 1610/1936/1917 1679/1941/1922 1680/1938/1919
f 1613/1688/1669 1552/1648/1629 1612/1942/1923
f 1612/1942/1923 1552/1648/1629 1611/1937/1918
f 1612/1942/1923 1611/1937/1918 1681/1939/1920
f 1682/1686/1667 1613/1688/1669 1612/1942/1923
f 1682/1686/1667 1612/1942/1923 1681/1939/1920
f 1615/1690/1671 1614/1689/1670 1684/1943/1924
f 1684/1943/1924 1614/1689/1670 1683/1687/1668
f 1684/1943/1924 1683/1687/1668 1753/1944/1925
f 1753/1944/1925 1683/1687/1668 1752/1685/1666
f 1753/1944/1925 1752/1685/1666 1822/1945/1926
f 1822/1945/1926 1752/1685/1666 1821/1683/1664
f 1822/1945/1926 1821/1683/1664 1891/1946/1927
f 1891/1946/1927 1821/1683/1664 1890/1681/1662
f 1891/1946/1927 1890/1681/1662 1545/1659/1640
f 1616/1691/1672 1617/1947/1928 1552/1648/1629
f 1552/1648/1629 1617/1947/1928 1618/1948/1929
f 1552/1648/1629 1618/1948/1929 1619/1785/1766
f 1619/1785/1766 1618/1948/1929 1688/1787/1768
f 1616/1691/1672 1686/1693/1674 1617/1947/1928
f 1617/1947/1928 1686/1693/1674 1687/1949/1930
f 1617/1947/1928 1687/1949/1930 1618/1948/1929
f 1618/1948/1929 1687/1949/1930 1688/1787/1768
f 1690/1781/1762 1621/1783/1764 1620/1784/1765
f 1690/1781/1762 1620/1784/1765 1689/1786/1767
f 1694/1709/1690 1624/1707/1688 1693/1761/1742
f 1693/1761/1742 1624/1707/1688 1623/1759/1740
f 1625/1708/1689 1695/1710/1691 1626/1797/1778
f 1626/1797/1778 1695/1710/1691 1696/1950/1931
f 1626/1797/1778 1696/1950/1931 1627/1794/1775
f 1627/1794/1775 1696/1950/1931 1697/1796/1777
f 1698/1720/1701 1629/1722/1703 1628/1795/1776
f 1562/1726/1707 1631/1799/1780 1632/1728/1709
f 1632/1728/1709 1631/1799/1780 1701/1951/1932
f 1632/1728/1709 1701/1951/1932 1702/1730/1711
f 1702/1730/1711 1701/1951/1932 1771/1952/1933
f 1702/1730/1711 1771/1952/1933 1772/1732/1713
f 1772/1732/1713 1771/1952/1933 1841/1953/1934
f 1772/1732/1713 1841/1953/1934 1842/1734/1715
f 1842/1734/1715 1841/1953/1934 1362/1715/1696
f 1701/1951/1932 1631/1799/1780 1700/1800/1781
f 1633/1729/1710 1703/1731/1712 1634/1809/1790
f 1634/1809/1790 1703/1731/1712 1704/1954/1935
f 1634/1809/1790 1704/1954/1935 1635/1806/1787
f 1635/1806/1787 1704/1954/1935 1705/1808/1789
f 1706/1740/1721 1637/1742/1723 1636/1807/1788
f 1570/1746/1727 1639/1811/1792 1640/1748/1729
f 1640/1748/1729 1639/1811/1792 1709/1955/1936
f 1640/1748/1729 1709/1955/1936 1710/1750/1731
f 1710/1750/1731 1709/1955/1936 1779/1956/1937
f 1710/1750/1731 1779/1956/1937 1780/1752/1733
f 1780/1752/1733 1779/1956/1937 1849/1957/1938
f 1780/1752/1733 1849/1957/1938 1850/1754/1735
f 1850/1754/1735 1849/1957/1938 1362/1715/1696
f 1709/1955/1936 1639/1811/1792 1708/1812/1793
f 1641/1749/1730 1711/1751/1732 1642/1886/1867
f 1642/1886/1867 1711/1751/1732 1712/1958/1939
f 1642/1886/1867 1712/1958/1939 1643/1818/1799
f 1643/1818/1799 1712/1958/1939 1713/1820/1801
f 1644/1819/1800 1714/1821/1802 1645/1893/1874
f 1645/1893/1874 1714/1821/1802 1715/1959/1940
f 1645/1893/1874 1715/1959/1940 1646/1890/1871
f 1646/1890/1871 1715/1959/1940 1716/1892/1873
f 1717/1830/1811 1648/1832/1813 1647/1891/1872
f 1581/1836/1817 1650/1895/1876 1651/1838/1819
f 1651/1838/1819 1650/1895/1876 1720/1960/1941
f 1651/1838/1819 1720/1960/1941 1721/1840/1821
f 1721/1840/1821 1720/1960/1941 1790/1961/1942
f 1721/1840/1821 1790/1961/1942 1791/1842/1823
f 1791/1842/1823 1790/1961/1942 1860/1962/1943
f 1791/1842/1823 1860/1962/1943 1861/1844/1825
f 1861/1844/1825 1860/1962/1943 1545/1659/1640
f 1720/1960/1941 1650/1895/1876 1719/1896/1877
f 1652/1839/1820 1722/1841/1822 1653/1905/1886
f 1653/1905/1886 1722/1841/1822 1723/1963/1944
f 1653/1905/1886 1723/1963/1944 1654/1902/1883
f 1654/1902/1883 1723/1963/1944 1724/1904/1885
f 1725/1850/1831 1656/1852/1833 1655/1903/1884
f 1589/1856/1837 1658/1907/1888 1659/1858/1839
f 1659/1858/1839 1658/1907/1888 1728/1964/1945
f 1659/1858/1839 1728/1964/1945 1729/1860/1841
f 1729/1860/1841 1728/1964/1945 1798/1965/1946
f 1729/1860/1841 1798/1965/1946 1799/1862/1843
f 1799/1862/1843 1798/1965/1946 1868/1966/1947
f 1799/1862/1843 1868/1966/1947 1869/1864/1845
f 1869/1864/1845 1868/1966/1947 1545/1659/1640
f 1728/1964/1945 1658/1907/1888 1727/1908/1889
f 1660/1859/1840 1730/1861/1842 1661/1917/1898
f 1661/1917/1898 1730/1861/1842 1731/1967/1948
f 1661/1917/1898 1731/1967/1948 1662/1914/1895
f 1662/1914/1895 1731/1967/1948 1732/1916/1897
f 1733/1870/1851 1664/1872/1853 1663/1915/1896
f 1597/1876/1857 1666/1919/1900 1667/1878/1859
f 1667/1878/1859 1666/1919/1900 1736/1968/1949
f 1667/1878/1859 1736/1968/1949 1737/1880/1861
f 1737/1880/1861 1736/1968/1949 1806/1969/1950
f 1737/1880/1861 1806/1969/1950 1807/1882/1863
f 1807/1882/1863 1806/1969/1950 1876/1970/1951
f 1807/1882/1863 1876/1970/1951 1877/1884/1865
f 1877/1884/1865 1876/1970/1951 1545/1659/1640
f 1736/1968/1949 1666/1919/1900 1735/1920/1901
f 1739/1653/1634 1669/1651/1632 1738/1881/1862
f 1738/1881/1862 1669/1651/1632 1668/1879/1860
f 1670/1652/1633 1740/1654/1635 1671/1929/1910
f 1671/1929/1910 1740/1654/1635 1741/1971/1952
f 1671/1929/1910 1741/1971/1952 1672/1926/1907
f 1672/1926/1907 1741/1971/1952 1742/1928/1909
f 1743/1664/1645 1674/1666/1647 1673/1927/1908
f 1607/1670/1651 1676/1931/1912 1677/1672/1653
f 1677/1672/1653 1676/1931/1912 1746/1972/1953
f 1677/1672/1653 1746/1972/1953 1747/1674/1655
f 1747/1674/1655 1746/1972/1953 1816/1973/1954
f 1747/1674/1655 1816/1973/1954 1817/1676/1657
f 1817/1676/1657 1816/1973/1954 1886/1974/1955
f 1817/1676/1657 1886/1974/1955 1887/1678/1659
f 1887/1678/1659 1886/1974/1955 1545/1659/1640
f 1746/1972/1953 1676/1931/1912 1745/1932/1913
f 1678/1673/1654 1748/1675/1656 1679/1941/1922
f 1679/1941/1922 1748/1675/1656 1749/1975/1956
f 1679/1941/1922 1749/1975/1956 1680/1938/1919
f 1680/1938/1919 1749/1975/1956 1750/1940/1921
f 1751/1684/1665 1682/1686/1667 1681/1939/1920
f 1615/1690/1671 1684/1943/1924 1685/1692/1673
f 1685/1692/1673 1684/1943/1924 1754/1976/1957
f 1685/1692/1673 1754/1976/1957 1755/1694/1675
f 1755/1694/1675 1754/1976/1957 1824/1977/1958
f 1755/1694/1675 1824/1977/1958 1825/1696/1677
f 1825/1696/1677 1824/1977/1958 1894/1978/1959
f 1825/1696/1677 1894/1978/1959 1895/1698/1679
f 1895/1698/1679 1894/1978/1959 1545/1659/1640
f 1754/1976/1957 1684/1943/1924 1753/1944/1925
f 1757/1789/1770 1688/1787/1768 1687/1949/1930
f 1757/1789/1770 1687/1949/1930 1756/1695/1676
f 1756/1695/1676 1687/1949/1930 1686/1693/1674
f 1759/1778/1759 1690/1781/1762 1689/1786/1767
f 1759/1778/1759 1689/1786/1767 1758/1788/1769
f 1764/1711/1692 1694/1709/1690 1763/1763/1744
f 1763/1763/1744 1694/1709/1690 1693/1761/1742
f 1695/1710/1691 1765/1712/1693 1696/1950/1931
f 1696/1950/1931 1765/1712/1693 1766/1979/1960
f 1696/1950/1931 1766/1979/1960 1697/1796/1777
f 1697/1796/1777 1766/1979/1960 1767/1718/1699
f 1701/1951/1932 1700/1800/1781 1770/1980/1961
f 1770/1980/1961 1700/1800/1781 1769/1801/1782
f 1770/1980/1961 1769/1801/1782 1839/1981/1962
f 1839/1981/1962 1769/1801/1782 1838/1802/1783
f 1839/1981/1962 1838/1802/1783 1362/1715/1696
f 1703/1731/1712 1773/1733/1714 1704/1954/1935
f 1704/1954/1935 1773/1733/1714 1774/1982/1963
f 1704/1954/1935 1774/1982/1963 1705/1808/1789
f 1705/1808/1789 1774/1982/1963 1775/1738/1719
f 1709/1955/1936 1708/1812/1793 1778/1983/1964
f 1778/1983/1964 1708/1812/1793 1777/1813/1794
f 1778/1983/1964 1777/1813/1794 1847/1984/1965
f 1847/1984/1965 1777/1813/1794 1846/1814/1795
f 1847/1984/1965 1846/1814/1795 1362/1715/1696
f 1711/1751/1732 1781/1753/1734 1712/1958/1939
f 1712/1958/1939 1781/1753/1734 1782/1985/1966
f 1712/1958/1939 1782/1985/1966 1713/1820/1801
f 1713/1820/1801 1782/1985/1966 1783/1822/1803
f 1714/1821/1802 1784/1823/1804 1715/1959/1940
f 1715/1959/1940 1784/1823/1804 1785/1986/1967
f 1715/1959/1940 1785/1986/1967 1716/1892/1873
f 1716/1892/1873 1785/1986/1967 1786/1828/1809
f 1720/1960/1941 1719/1896/1877 1789/1987/1968
f 1789/1987/1968 1719/1896/1877 1788/1897/1878
f 1789/1987/1968 1788/1897/1878 1858/1988/1969
f 1858/1988/1969 1788/1897/1878 1857/1898/1879
f 1858/1988/1969 1857/1898/1879 1545/1659/1640
f 1722/1841/1822 1792/1843/1824 1723/1963/1944
f 1723/1963/1944 1792/1843/1824 1793/1989/1970
f 1723/1963/1944 1793/1989/1970 1724/1904/1885
f 1724/1904/1885 1793/1989/1970 1794/1848/1829
f 1728/1964/1945 1727/1908/1889 1797/1990/1971
f 1797/1990/1971 1727/1908/1889 1796/1909/1890
f 1797/1990/1971 1796/1909/1890 1866/1991/1972
f 1866/1991/1972 1796/1909/1890 1865/1910/1891
f 1866/1991/1972 1865/1910/1891 1545/1659/1640
f 1730/1861/1842 1800/1863/1844 1731/1967/1948
f 1731/1967/1948 1800/1863/1844 1801/1992/1973
f 1731/1967/1948 1801/1992/1973 1732/1916/1897
f 1732/1916/1897 1801/1992/1973 1802/1868/1849
f 1736/1968/1949 1735/1920/1901 1805/1993/1974
f 1805/1993/1974 1735/1920/1901 1804/1921/1902
f 1805/1993/1974 1804/1921/1902 1874/1994/1975
f 1874/1994/1975 1804/1921/1902 1873/1922/1903
f 1874/1994/1975 1873/1922/1903 1545/1659/1640
f 1809/1655/1636 1739/1653/1634 1808/1883/1864
f 1808/1883/1864 1739/1653/1634 1738/1881/1862
f 1740/1654/1635 1810/1656/1637 1741/1971/1952
f 1741/1971/1952 1810/1656/1637 1811/1995/1976
f 1741/1971/1952 1811/1995/1976 1742/1928/1909
f 1742/1928/1909 1811/1995/1976 1812/1662/1643
f 1746/1972/1953 1745/1932/1913 1815/1996/1977
f 1815/1996/1977 1745/1932/1913 1814/1933/1914
f 1815/1996/1977 1814/1933/1914 1884/1997/1978
f 1884/1997/1978 1814/1933/1914 1883/1934/1915
f 1884/1997/1978 1883/1934/1915 1545/1659/1640
f 1748/1675/1656 1818/1677/1658 1749/1975/1956
f 1749/1975/1956 1818/1677/1658 1819/1998/1979
f 1749/1975/1956 1819/1998/1979 1750/1940/1921
f 1750/1940/1921 1819/1998/1979 1820/1682/1663
f 1754/1976/1957 1753/1944/1925 1823/1999/1980
f 1823/1999/1980 1753/1944/1925 1822/1945/1926
f 1823/1999/1980 1822/1945/1926 1892/2000/1981
f 1892/2000/1981 1822/1945/1926 1891/1946/1927
f 1892/2000/1981 1891/1946/1927 1545/1659/1640
f 1826/1697/1678 1757/1789/1770 1756/1695/1676
f 1828/1776/1757 1759/1778/1759 1758/1788/1769
f 1828/1776/1757 1758/1788/1769 1827/1790/1771
f 1830/1775/1756 1761/1768/1749 1760/1772/1753
f 1760/1772/1753 1761/1768/1749 1691/1767/1748
f 1829/1774/1755 1830/1775/1756 1760/1772/1753
f 1834/1713/1694 1764/1711/1692 1833/1765/1746
f 1833/1765/1746 1764/1711/1692 1763/1763/1744
f 1836/1716/1697 1767/1718/1699 1766/1979/1960
f 1836/1716/1697 1766/1979/1960 1835/1714/1695
f 1835/1714/1695 1766/1979/1960 1765/1712/1693
f 1701/1951/1932 1770/1980/1961 1771/1952/1933
f 1771/1952/1933 1770/1980/1961 1840/2001/1982
f 1771/1952/1933 1840/2001/1982 1841/1953/1934
f 1841/1953/1934 1840/2001/1982 1362/1715/1696
f 1840/2001/1982 1770/1980/1961 1839/1981/1962
f 1844/1736/1717 1775/1738/1719 1774/1982/1963
f 1844/1736/1717 1774/1982/1963 1843/1735/1716
f 1843/1735/1716 1774/1982/1963 1773/1733/1714
f 1709/1955/1936 1778/1983/1964 1779/1956/1937
f 1779/1956/1937 1778/1983/1964 1848/2002/1983
f 1779/1956/1937 1848/2002/1983 1849/1957/1938
f 1849/1957/1938 1848/2002/1983 1362/1715/1696
f 1848/2002/1983 1778/1983/1964 1847/1984/1965
f 1781/1753/1734 1851/1755/1736 1782/1985/1966
f 1782/1985/1966 1851/1755/1736 1852/2003/1984
f 1782/1985/1966 1852/2003/1984 1783/1822/1803
f 1783/1822/1803 1852/2003/1984 1853/1824/1805
f 1855/1826/1807 1786/1828/1809 1785/1986/1967
f 1855/1826/1807 1785/1986/1967 1854/1825/1806
f 1854/1825/1806 1785/1986/1967 1784/1823/1804
f 1720/1960/1941 1789/1987/1968 1790/1961/1942
f 1790/1961/1942 1789/1987/1968 1859/2004/1985
f 1790/1961/1942 1859/2004/1985 1860/1962/1943
f 1860/1962/1943 1859/2004/1985 1545/1659/1640
f 1859/2004/1985 1789/1987/1968 1858/1988/1969
f 1863/1846/1827 1794/1848/1829 1793/1989/1970
f 1863/1846/1827 1793/1989/1970 1862/1845/1826
f 1862/1845/1826 1793/1989/1970 1792/1843/1824
f 1728/1964/1945 1797/1990/1971 1798/1965/1946
f 1798/1965/1946 1797/1990/1971 1867/2005/1986
f 1798/1965/1946 1867/2005/1986 1868/1966/1947
f 1868/1966/1947 1867/2005/1986 1545/1659/1640
f 1867/2005/1986 1797/1990/1971 1866/1991/1972
f 1871/1866/1847 1802/1868/1849 1801/1992/1973
f 1871/1866/1847 1801/1992/1973 1870/1865/1846
f 1870/1865/1846 1801/1992/1973 1800/1863/1844
f 1736/1968/1949 1805/1993/1974 1806/1969/1950
f 1806/1969/1950 1805/1993/1974 1875/2006/1987
f 1806/1969/1950 1875/2006/1987 1876/1970/1951
f 1876/1970/1951 1875/2006/1987 1545/1659/1640
f 1875/2006/1987 1805/1993/1974 1874/1994/1975
f 1879/1657/1638 1809/1655/1636 1878/1885/1866
f 1878/1885/1866 1809/1655/1636 1808/1883/1864
f 1881/1660/1641 1812/1662/1643 1811/1995/1976
f 1881/1660/1641 1811/1995/1976 1880/1658/1639
f 1880/1658/1639 1811/1995/1976 1810/1656/1637
f 1746/1972/1953 1815/1996/1977 1816/1973/1954
f 1816/1973/1954 1815/1996/1977 1885/2007/1988
f 1816/1973/1954 1885/2007/1988 1886/1974/1955
f 1886/1974/1955 1885/2007/1988 1545/1659/1640
f 1885/2007/1988 1815/1996/1977 1884/1997/1978
f 1889/1680/1661 1820/1682/1663 1819/1998/1979
f 1889/1680/1661 1819/1998/1979 1888/1679/1660
f 1888/1679/1660 1819/1998/1979 1818/1677/1658
f 1754/1976/1957 1823/1999/1980 1824/1977/1958
f 1824/1977/1958 1823/1999/1980 1893/2008/1989
f 1824/1977/1958 1893/2008/1989 1894/1978/1959
f 1894/1978/1959 1893/2008/1989 1545/1659/1640
f 1893/2008/1989 1823/1999/1980 1892/2000/1981
f 1897/1700/1681 1828/1776/1757 1827/1790/1771
f 1897/1700/1681 1827/1790/1771 1896/1699/1680
f 1362/1715/1696 1840/2001/1982 1839/1981/1962
f 1362/1715/1696 1848/2002/1983 1847/1984/1965
f 1545/1659/1640 1853/1824/1805 1852/2003/1984
f 1852/2003/1984 1851/1755/1736 1545/1659/1640
f 1545/1659/1640 1859/2004/1985 1858/1988/1969
f 1545/1659/1640 1867/2005/1986 1866/1991/1972
f 1545/1659/1640 1875/2006/1987 1874/1994/1975
f 1545/1659/1640 1885/2007/1988 1884/1997/1978
f 1545/1659/1640 1893/2008/1989 1892/2000/1981
f 1898/2009/1990 1899/2010/1991 1907/2011/1992
f 1907/2011/1992 1899/2010/1991 1906/2012/1993
f 1906/2012/1993 1899/2010/1991 1545/2013/1994
f 1545/2013/1994 1899/2010/1991 1913/2014/1995
f 1545/2013/1994 1913/2014/1995 1914/2015/1996
f 1914/2015/1996 1913/2014/1995 1923/2016/1997
f 1914/2015/1996 1923/2016/1997 1924/2017/1998
f 1924/2017/1998 1923/2016/1997 1933/2018/1999
f 1924/2017/1998 1933/2018/1999 1934/2019/2000
f 1934/2019/2000 1933/2018/1999 1943/2020/2001
f 1934/2019/2000 1943/2020/2001 1549/2021/2002
f 1549/2021/2002 1943/2020/2001 1550/2022/2003
f 1550/2022/2003 1943/2020/2001 1551/2023/2004
f 1551/2023/2004 1943/2020/2001 1952/2024/2005
f 1551/2023/2004 1952/2024/2005 1552/2025/2006
f 1552/2025/2006 1952/2024/2005 1544/2026/1628
f 1544/2026/1628 1952/2024/2005 1951/2027/2007
f 1544/2026/1628 1951/2027/2007 1950/2028/2008
f 1950/2028/2008 1951/2027/2007 1941/2029/2009
f 1950/2028/2008 1941/2029/2009 1940/2030/2010
f 1940/2030/2010 1941/2029/2009 1931/2031/2011
f 1940/2030/2010 1931/2031/2011 1930/2032/2012
f 1930/2032/2012 1931/2031/2011 1921/2033/2013
f 1930/2032/2012 1921/2033/2013 1920/2034/2014
f 1920/2034/2014 1921/2033/2013 1911/2035/2015
f 1920/2034/2014 1911/2035/2015 1910/2036/2016
f 1910/2036/2016 1911/2035/2015 1899/2010/1991
f 1910/2036/2016 1899/2010/1991 1909/2037/2017
f 1909/2037/2017 1899/2010/1991 1908/2038/2018
f 1909/2037/2017 1908/2038/2018 1918/2039/2019
f 1918/2039/2019 1908/2038/2018 1917/2040/2020
f 1918/2039/2019 1917/2040/2020 1927/2041/2021
f 1927/2041/2021 1917/2040/2020 1926/2042/2022
f 1927/2041/2021 1926/2042/2022 1936/2043/2023
f 1936/2043/2023 1926/2042/2022 1935/2044/2024
f 1936/2043/2023 1935/2044/2024 1945/2045/2025
f 1945/2045/2025 1935/2044/2024 1944/2046/2026
f 1945/2045/2025 1944/2046/2026 1905/2047/2027
f 1905/2047/2027 1944/2046/2026 1904/2048/2028
f 1904/2048/2028 1944/2046/2026 1903/2049/2029
f 1903/2049/2029 1944/2046/2026 1935/2044/2024
f 1903/2049/2029 1935/2044/2024 1902/2050/2030
f 1902/2050/2030 1935/2044/2024 1926/2042/2022
f 1902/2050/2030 1926/2042/2022 1901/2051/2031
f 1901/2051/2031 1926/2042/2022 1917/2040/2020
f 1901/2051/2031 1917/2040/2020 1900/2052/2032
f 1900/2052/2032 1917/2040/2020 1908/2038/2018
f 1900/2052/2032 1908/2038/2018 1899/2010/1991
f 1544/2026/1628 1948/2053/2033 1905/2047/2027
f 1905/2047/2027 1948/2053/2033 1947/2054/2034
f 1905/2047/2027 1947/2054/2034 1946/2055/2035
f 1946/2055/2035 1947/2054/2034 1937/2056/2036
f 1946/2055/2035 1937/2056/2036 1936/2043/2023
f 1936/2043/2023 1937/2056/2036 1927/2041/2021
f 1549/2021/2002 1548/2057/2037 1934/2019/2000
f 1934/2019/2000 1548/2057/2037 1925/2058/2038
f 1934/2019/2000 1925/2058/2038 1924/2017/1998
f 1924/2017/1998 1925/2058/2038 1915/2059/2039
f 1924/2017/1998 1915/2059/2039 1914/2015/1996
f 1914/2015/1996 1915/2059/2039 1545/2013/1994
f 1548/2057/2037 1547/2060/2040 1925/2058/2038
f 1925/2058/2038 1547/2060/2040 1916/2061/2041
f 1925/2058/2038 1916/2061/2041 1915/2059/2039
f 1915/2059/2039 1916/2061/2041 1545/2013/1994
f 1547/2060/2040 1546/2062/2042 1916/2061/2041
f 1916/2061/2041 1546/2062/2042 1545/2013/1994
f 1910/2036/2016 1909/2037/2017 1919/2063/2043
f 1919/2063/2043 1909/2037/2017 1918/2039/2019
f 1919/2063/2043 1918/2039/2019 1928/2064/2044
f 1928/2064/2044 1918/2039/2019 1927/2041/2021
f 1928/2064/2044 1927/2041/2021 1937/2056/2036
f 1913/2014/1995 1899/2010/1991 1912/2065/2045
f 1912/2065/2045 1899/2010/1991 1911/2035/2015
f 1912/2065/2045 1911/2035/2015 1921/2033/2013
f 1913/2014/1995 1912/2065/2045 1922/2066/2046
f 1922/2066/2046 1912/2065/2045 1921/2033/2013
f 1922/2066/2046 1921/2033/2013 1931/2031/2011
f 1910/2036/2016 1919/2063/2043 1920/2034/2014
f 1920/2034/2014 1919/2063/2043 1929/2067/2047
f 1920/2034/2014 1929/2067/2047 1930/2032/2012
f 1930/2032/2012 1929/2067/2047 1939/2068/2048
f 1930/2032/2012 1939/2068/2048 1940/2030/2010
f 1940/2030/2010 1939/2068/2048 1949/2069/2049
f 1940/2030/2010 1949/2069/2049 1950/2028/2008
f 1950/2028/2008 1949/2069/2049 1544/2026/1628
f 1929/2067/2047 1919/2063/2043 1928/2064/2044
f 1913/2014/1995 1922/2066/2046 1923/2016/1997
f 1923/2016/1997 1922/2066/2046 1932/2070/2050
f 1923/2016/1997 1932/2070/2050 1933/2018/1999
f 1933/2018/1999 1932/2070/2050 1942/2071/2051
f 1933/2018/1999 1942/2071/2051 1943/2020/2001
f 1943/2020/2001 1942/2071/2051 1952/2024/2005
f 1932/2070/2050 1922/2066/2046 1931/2031/2011
f 1929/2067/2047 1928/2064/2044 1938/2072/2052
f 1938/2072/2052 1928/2064/2044 1937/2056/2036
f 1938/2072/2052 1937/2056/2036 1947/2054/2034
f 1942/2071/2051 1932/2070/2050 1941/2029/2009
f 1941/2029/2009 1932/2070/2050 1931/2031/2011
f 1946/2055/2035 1936/2043/2023 1945/2045/2025
f 1929/2067/2047 1938/2072/2052 1939/2068/2048
f 1939/2068/2048 1938/2072/2052 1948/2053/2033
f 1939/2068/2048 1948/2053/2033 1949/2069/2049
f 1949/2069/2049 1948/2053/2033 1544/2026/1628
f 1948/2053/2033 1938/2072/2052 1947/2054/2034
f 1952/2024/2005 1942/2071/2051 1951/2027/2007
f 1951/2027/2007 1942/2071/2051 1941/2029/2009
f 1905/2047/2027 1946/2055/2035 1945/2045/2025
f 1494/2073/2053 1493/2074/2054 1495/2075/2055
f 1495/2075/2055 1493/2074/2054 1492/2076/2056
f 1495/2075/2055 1492/2076/2056 1491/2077/2057
f 1495/2075/2055 1491/2077/2057 1955/2078/2058
f 1955/2078/2058 1491/2077/2057 1490/2079/2059
f 1955/2078/2058 1490/2079/2059 1489/2080/2060
f 1953/2081/2061 1954/2082/2062 1489/2080/2060
f 1489/2080/2060 1954/2082/2062 1955/2078/2058
f 1489/2083/1565 1001/2084/1072 1953/2085/2063
f 1953/2085/2063 1001/2084/1072 1976/2086/2064
f 1976/2086/2064 1001/2084/1072 1975/2087/2065
f 1975/2087/2065 1001/2084/1072 1974/2088/2066
f 1974/2088/2066 1001/2084/1072 1973/2089/2067
f 1973/2089/2067 1001/2084/1072 1000/2090/1169
f 1973/2089/2067 1000/2090/1169 1972/2091/2068
f 1972/2091/2068 1000/2090/1169 1971/2092/2069
f 1971/2092/2069 1000/2090/1169 1970/2093/2070
f 1970/2093/2070 1000/2090/1169 1969/2094/2071
f 1969/2094/2071 1000/2090/1169 1968/2095/2072
f 1968/2095/2072 1000/2090/1169 1967/2096/2073
f 1967/2096/2073 1000/2090/1169 1354/2097/1422
f 1967/2096/2073 1354/2097/1422 1966/2098/2074
f 1966/2098/2074 1354/2097/1422 1965/2099/2075
f 1965/2099/2075 1354/2097/1422 1964/2100/2076
f 1964/2100/2076 1354/2097/1422 1963/2101/2077
f 1963/2101/2077 1354/2097/1422 1962/2102/2078
f 1962/2102/2078 1354/2097/1422 1961/2103/2079
f 1961/2103/2079 1354/2097/1422 1960/2104/2080
f 1960/2104/2080 1354/2097/1422 1544/2105/1628
f 1960/2104/2080 1544/2105/1628 1959/2106/2081
f 1959/2106/2081 1544/2105/1628 1958/2107/2082
f 1958/2107/2082 1544/2105/1628 1957/2108/2083
f 1957/2108/2083 1544/2105/1628 1956/2109/2084
f 1956/2109/2084 1544/2105/1628 1905/2110/2027
f 1495/2111/1601 1955/2112/2085 1496/2113/1606
f 1496/2113/1606 1955/2112/2085 1979/2114/2086
f 1979/2114/2086 1955/2112/2085 1977/2115/2087
f 1979/2114/2086 1977/2115/2087 1978/2116/2088
f 1978/2116/2088 1977/2115/2087 1898/2117/1990
f 1898/2117/1990 1977/2115/2087 1899/2118/1991
f 1904/2119/2089 1977/2120/2090 1905/2121/2091
f 1905/2121/2091 1977/2120/2090 1980/2122/2092
f 1905/2121/2091 1980/2122/2092 1956/2123/2093
f 1904/2119/2089 1903/2124/2094 1977/2120/2090
f 1977/2120/2090 1903/2124/2094 1899/2125/2095
f 1899/2125/2095 1903/2124/2094 1902/2126/2096
f 1899/2125/2095 1902/2126/2096 1901/2127/2097
f 1901/2127/2097 1900/2128/2098 1899/2125/2095
f 1954/2129/2062 1953/2130/2061 2000/2131/2099
f 2000/2131/2099 1953/2130/2061 1976/2132/2100
f 2000/2131/2099 1976/2132/2100 1999/2133/2101
f 1999/2133/2101 1976/2132/2100 1975/2134/2102
f 1999/2133/2101 1975/2134/2102 1998/2135/2103
f 1998/2135/2103 1975/2134/2102 1974/2136/2104
f 1998/2135/2103 1974/2136/2104 1997/2137/2105
f 1997/2137/2105 1974/2136/2104 1973/2138/2106
f 1997/2137/2105 1973/2138/2106 1996/2139/2107
f 1996/2139/2107 1973/2138/2106 1972/2140/2108
f 1996/2139/2107 1972/2140/2108 1995/2141/2109
f 1995/2141/2109 1972/2140/2108 1971/2142/2110
f 1995/2141/2109 1971/2142/2110 1994/2143/2111
f 1994/2143/2111 1971/2142/2110 1970/2144/2112
f 1994/2143/2111 1970/2144/2112 1993/2145/2113
f 1993/2145/2113 1970/2144/2112 1969/2146/2114
f 1993/2145/2113 1969/2146/2114 1992/2147/2115
f 1992/2147/2115 1969/2146/2114 1968/2148/2116
f 1992/2147/2115 1968/2148/2116 1991/2149/2117
f 1991/2149/2117 1968/2148/2116 1967/2150/2118
f 1991/2149/2117 1967/2150/2118 1990/2151/2119
f 1990/2151/2119 1967/2150/2118 1966/2152/2120
f 1990/2151/2119 1966/2152/2120 1989/2153/2121
f 1989/2153/2121 1966/2152/2120 1965/2154/2122
f 1989/2153/2121 1965/2154/2122 1988/2155/2123
f 1988/2155/2123 1965/2154/2122 1964/2156/2124
f 1988/2155/2123 1964/2156/2124 1987/2157/2125
f 1987/2157/2125 1964/2156/2124 1963/2158/2126
f 1987/2157/2125 1963/2158/2126 1986/2159/2127
f 1986/2159/2127 1963/2158/2126 1962/2160/2128
f 1986/2159/2127 1962/2160/2128 1985/2161/2129
f 1985/2161/2129 1962/2160/2128 1961/2162/2130
f 1985/2161/2129 1961/2162/2130 1984/2163/2131
f 1984/2163/2131 1961/2162/2130 1960/2164/2132
f 1984/2163/2131 1960/2164/2132 1983/2165/2133
f 1983/2165/2133 1960/2164/2132 1959/2166/2134
f 1983/2165/2133 1959/2166/2134 1982/2167/2135
f 1982/2167/2135 1959/2166/2134 1958/2168/2136
f 1982/2167/2135 1958/2168/2136 1981/2169/2137
f 1981/2169/2137 1958/2168/2136 1957/2170/2138
f 1981/2169/2137 1957/2170/2138 1980/2171/2092
f 1980/2171/2092 1957/2170/2138 1956/2172/2093
f 2000/2173/2139 1981/2174/2140 1954/2175/2141
f 1954/2175/2141 1981/2174/2140 1980/2176/2142
f 1954/2175/2141 1980/2176/2142 1955/2177/2143
f 1955/2177/2143 1980/2176/2142 1977/2178/2144
f 1981/2174/2140 2000/2173/2139 1982/2179/2145
f 1982/2179/2145 2000/2173/2139 1999/2180/2146
f 1982/2179/2145 1999/2180/2146 1983/2181/2147
f 1983/2181/2147 1999/2180/2146 1998/2182/2148
f 1983/2181/2147 1998/2182/2148 1984/2183/2149
f 1984/2183/2149 1998/2182/2148 1997/2184/2150
f 1984/2183/2149 1997/2184/2150 1985/2185/2151
f 1985/2185/2151 1997/2184/2150 1996/2186/2152
f 1985/2185/2151 1996/2186/2152 1986/2187/2153
f 1986/2187/2153 1996/2186/2152 1995/2188/2154
f 1986/2187/2153 1995/2188/2154 1987/2189/2155
f 1987/2189/2155 1995/2188/2154 1994/2190/2156
f 1987/2189/2155 1994/2190/2156 1988/2191/2157
f 1988/2191/2157 1994/2190/2156 1993/2192/2158
f 1988/2191/2157 1993/2192/2158 1989/2193/2159
f 1989/2193/2159 1993/2192/2158 1992/2194/2160
f 1989/2193/2159 1992/2194/2160 1990/2195/2161
f 1990/2195/2161 1992/2194/2160 1991/2196/2162
f 1979/2197/2163 1978/2198/2164 2002/2199/2165
f 2002/2199/2165 1978/2198/2164 2001/2200/2166
f 1545/2201/1640 1361/2202/1737 1906/2203/2167
f 1906/2203/2167 1361/2202/1737 1360/2204/2168
f 1906/2203/2167 1360/2204/2168 1907/2205/2169
f 1907/2205/2169 1360/2204/2168 1359/2206/2170
f 1907/2205/2169 1359/2206/2170 1898/2207/2171
f 1898/2207/2171 1359/2206/2170 1358/2208/2172
f 1898/2207/2171 1358/2208/2172 2001/2209/2173
f 2001/2209/2173 1978/2210/2174 1898/2207/2171
f 1357/2211/1522 2002/2212/2175 1358/2213/1523
f 1358/2213/1523 2002/2212/2175 2001/2214/2176
f 991/2215/1059 1498/2216/2177 992/2217/1060
f 992/2217/1060 1498/2216/2177 1355/2218/2178
f 1355/2218/2178 1498/2216/2177 1497/2219/2179
f 1355/2218/2178 1497/2219/2179 1356/2220/2180
f 1356/2220/2180 1497/2219/2179 1496/2221/2181
f 1356/2220/2180 1496/2221/2181 1357/2222/2182
f 1357/2222/2182 1496/2221/2181 2002/2223/2183
f 2002/2223/2183 1496/2221/2181 1979/2224/2184
g Body1

v -7.794791 -16.770000 -3.300000
v -7.794791 -16.570000 -3.500000
v -7.444791 -16.570000 -3.500000
v -7.444791 -16.770000 -3.300000
v -7.444791 -16.440000 -3.500000
v -7.444791 -16.240000 -3.300000
v -7.444791 -16.240000 0.000000
v -7.444791 -16.005000 0.000000
v -7.444791 -15.805000 0.200000
v -7.444791 -15.805000 2.595509
v -7.444791 -17.205000 2.595509
v -7.444791 -17.205000 0.200000
v -7.444791 -17.005000 0.000000
v -7.444791 -16.770000 0.000000
v -7.794791 -16.440000 -3.500000
v -7.794791 -16.240000 -3.300000
v -7.794791 -17.205000 0.200000
v -7.794791 -17.005000 0.000000
v -7.794791 -17.205000 2.595509
v -7.794791 -16.005000 0.000000
v -7.794791 -15.805000 0.200000
v -7.794791 -16.240000 0.000000
v -7.344791 -15.805000 3.045509
v -7.344791 -17.205000 3.045509
v -5.339282 -17.205000 3.045509
v -5.339282 -15.805000 3.045509
v -7.344791 -15.805000 2.695509
v -7.370673 -15.805000 2.692101
v -7.394791 -15.805000 2.682111
v -7.415501 -15.805000 2.666220
v -7.431393 -15.805000 2.645509
v -7.441383 -15.805000 2.621391
v -7.794791 -15.805000 2.595509
v -7.779457 -15.805000 2.711977
v -7.734502 -15.805000 2.820509
v -7.662989 -15.805000 2.913707
v -7.569791 -15.805000 2.985220
v -7.461259 -15.805000 3.030175
v -7.344791 -17.205000 2.695509
v -7.370673 -17.205000 2.692101
v -7.394791 -17.205000 2.682111
v -7.415501 -17.205000 2.666220
v -7.431393 -17.205000 2.645509
v -7.441383 -17.205000 2.621391
v -7.370673 -16.738333 2.692101
v -7.370673 -16.271667 2.692101
v -7.394791 -16.738333 2.682111
v -7.394791 -16.271667 2.682111
v -7.415501 -16.738333 2.666220
v -7.415501 -16.271667 2.666220
v -7.431393 -16.738333 2.645509
v -7.431393 -16.271667 2.645509
v -7.441383 -16.738333 2.621391
v -7.441383 -16.271667 2.621391
v -5.339282 -17.205000 2.695509
v -5.339282 -15.805000 2.695509
v -7.779457 -17.205000 2.711977
v -7.734502 -17.205000 2.820509
v -7.662989 -17.205000 2.913707
v -7.569791 -17.205000 2.985220
v -7.461259 -17.205000 3.030175
v -7.794791 -16.770000 0.000000
vt 0.014142 0.017500 0.000000
vt -0.014142 0.017500 0.000000
vt 0.014142 -0.017500 0.000000
vt -0.014142 -0.017500 0.000000
vt 0.580000 -0.026500 0.000000
vt 0.600000 -0.006500 0.000000
vt 0.250000 -0.026500 0.000000
vt 0.600000 0.006500 0.000000
vt 0.250000 0.026500 0.000000
vt 0.580000 0.026500 0.000000
vt 0.250000 0.050000 0.000000
vt -0.009551 0.070000 0.000000
vt -0.009551 -0.070000 0.000000
vt 0.250000 -0.050000 0.000000
vt 0.230000 -0.070000 0.000000
vt 0.230000 0.070000 0.000000
vt 0.033000 0.017500 0.000000
vt 0.020000 0.017500 0.000000
vt 0.033000 -0.017500 0.000000
vt 0.020000 -0.017500 0.000000
vt 0.014142 0.017500 0.000000
vt -0.014142 0.017500 0.000000
vt 0.014142 -0.017500 0.000000
vt -0.014142 -0.017500 0.000000
vt 0.014142 0.017500 0.000000
vt -0.014142 0.017500 0.000000
vt 0.014142 -0.017500 0.000000
vt -0.014142 -0.017500 0.000000
vt 0.020000 -0.017500 0.000000
vt 0.259551 -0.017500 0.000000
vt 0.020000 0.017500 0.000000
vt 0.259551 0.017500 0.000000
vt 0.014142 0.017500 0.000000
vt -0.014142 0.017500 0.000000
vt 0.014142 -0.017500 0.000000
vt -0.014142 -0.017500 0.000000
vt 0.020000 -0.017500 0.000000
vt 0.043500 -0.017500 0.000000
vt 0.020000 0.017500 0.000000
vt 0.043500 0.017500 0.000000
vt 0.049449 -0.070000 0.000000
vt 0.250000 -0.070000 0.000000
vt 0.049449 0.070000 0.000000
vt 0.250000 0.070000 0.000000
vt 0.000000 0.000000 0.000000
vt 0.000341 0.002588 0.000000
vt -0.035000 -0.000000 0.000000
vt -0.033467 0.011647 0.000000
vt 0.001340 0.005000 0.000000
vt -0.028971 0.022500 0.000000
vt 0.002929 0.007071 0.000000
vt -0.021820 0.031820 0.000000
vt 0.005000 0.008660 0.000000
vt -0.012500 0.038971 0.000000
vt 0.007412 0.009659 0.000000
vt -0.001647 0.043467 0.000000
vt 0.010000 0.010000 0.000000
vt 0.010000 0.045000 0.000000
vt 0.070000 0.013090 0.000000
vt 0.070000 0.015708 0.000000
vt 0.023333 0.013090 0.000000
vt -0.070000 0.015708 0.000000
vt -0.023333 0.013090 0.000000
vt -0.070000 0.013090 0.000000
vt -0.023333 0.010472 0.000000
vt -0.070000 0.010472 0.000000
vt -0.023333 0.007854 0.000000
vt -0.070000 0.007854 0.000000
vt -0.023333 0.005236 0.000000
vt -0.070000 0.005236 0.000000
vt -0.023333 0.002618 0.000000
vt -0.070000 0.002618 0.000000
vt -0.070000 0.000000 0.000000
vt 0.070000 0.000000 0.000000
vt 0.023333 0.002618 0.000000
vt 0.023333 0.005236 0.000000
vt 0.023333 0.007854 0.000000
vt 0.023333 0.010472 0.000000
vt 0.070000 0.002618 0.000000
vt 0.070000 0.005236 0.000000
vt 0.070000 0.007854 0.000000
vt 0.070000 0.010472 0.000000
vt 0.299449 -0.017500 0.000000
vt 0.500000 -0.017500 0.000000
vt 0.299449 0.017500 0.000000
vt 0.500000 0.017500 0.000000
vt 0.200551 0.017500 0.000000
vt 0.000000 0.017500 0.000000
vt 0.200551 -0.017500 0.000000
vt 0.000000 -0.017500 0.000000
vt 0.070000 0.070686 0.000000
vt -0.070000 0.070686 0.000000
vt 0.070000 0.058905 0.000000
vt -0.070000 0.058905 0.000000
vt 0.070000 0.047124 0.000000
vt -0.070000 0.047124 0.000000
vt 0.070000 0.035343 0.000000
vt -0.070000 0.035343 0.000000
vt 0.070000 0.023562 0.000000
vt -0.070000 0.023562 0.000000
vt 0.070000 0.011781 0.000000
vt -0.070000 0.011781 0.000000
vt 0.070000 0.000000 0.000000
vt -0.070000 0.000000 0.000000
vt 0.020000 -0.017500 0.000000
vt 0.350000 -0.017500 0.000000
vt 0.020000 0.017500 0.000000
vt 0.350000 0.017500 0.000000
vt 0.330000 0.017500 0.000000
vt 0.000000 0.017500 0.000000
vt 0.330000 -0.017500 0.000000
vt 0.000000 -0.017500 0.000000
vt -0.049449 0.070000 0.000000
vt -0.250000 0.070000 0.000000
vt -0.049449 -0.070000 0.000000
vt -0.250000 -0.070000 0.000000
vt 0.140000 0.017500 0.000000
vt 0.000000 0.017500 0.000000
vt 0.140000 -0.017500 0.000000
vt 0.000000 -0.017500 0.000000
vt -0.035000 0.000000 0.000000
vt -0.000000 0.000000 0.000000
vt -0.035341 0.002588 0.000000
vt -0.001533 0.011647 0.000000
vt -0.036340 0.005000 0.000000
vt -0.006029 0.022500 0.000000
vt -0.037929 0.007071 0.000000
vt -0.013180 0.031820 0.000000
vt -0.040000 0.008660 0.000000
vt -0.022500 0.038971 0.000000
vt -0.042412 0.009659 0.000000
vt -0.033353 0.043467 0.000000
vt -0.045000 0.010000 0.000000
vt -0.045000 0.045000 0.000000
vt 0.120000 0.017500 0.000000
vt 0.096500 0.017500 0.000000
vt 0.120000 -0.017500 0.000000
vt 0.096500 -0.017500 0.000000
vt 0.480000 0.017500 0.000000
vt 0.240449 0.017500 0.000000
vt 0.480000 -0.017500 0.000000
vt 0.240449 -0.017500 0.000000
vt -0.580000 -0.026500 0.000000
vt -0.250000 -0.026500 0.000000
vt -0.600000 -0.006500 0.000000
vt -0.600000 0.006500 0.000000
vt -0.250000 0.026500 0.000000
vt -0.580000 0.026500 0.000000
vt 0.009551 -0.070000 0.000000
vt -0.250000 -0.050000 0.000000
vt -0.230000 -0.070000 0.000000
vt 0.009551 0.070000 0.000000
vt -0.250000 0.050000 0.000000
vt -0.230000 0.070000 0.000000
vn 0.000000 -0.070711 -0.070711
vn 0.000000 -0.070711 -0.070711
vn 0.000000 -0.070711 -0.070711
vn 0.000000 -0.070711 -0.070711
vn 0.100000 0.000000 0.000000
vn 0.100000 0.000000 0.000000
vn 0.100000 0.000000 0.000000
vn 0.100000 0.000000 0.000000
vn 0.100000 0.000000 0.000000
vn 0.100000 0.000000 0.000000
vn 0.100000 0.000000 0.000000
vn 0.100000 0.000000 0.000000
vn 0.100000 0.000000 0.000000
vn 0.100000 0.000000 0.000000
vn 0.100000 0.000000 0.000000
vn 0.100000 0.000000 0.000000
vn 0.000000 -0.000000 -0.100000
vn 0.000000 -0.000000 -0.100000
vn 0.000000 -0.000000 -0.100000
vn 0.000000 -0.000000 -0.100000
vn -0.000000 0.070711 -0.070711
vn -0.000000 0.070711 -0.070711
vn -0.000000 0.070711 -0.070711
vn -0.000000 0.070711 -0.070711
vn 0.000000 -0.070711 -0.070711
vn 0.000000 -0.070711 -0.070711
vn 0.000000 -0.070711 -0.070711
vn 0.000000 -0.070711 -0.070711
vn 0.000000 -0.100000 0.000000
vn 0.000000 -0.100000 0.000000
vn 0.000000 -0.100000 0.000000
vn 0.000000 -0.100000 0.000000
vn -0.000000 0.070711 -0.070711
vn -0.000000 0.070711 -0.070711
vn -0.000000 0.070711 -0.070711
vn -0.000000 0.070711 -0.070711
vn 0.000000 -0.000000 -0.100000
vn 0.000000 -0.000000 -0.100000
vn 0.000000 -0.000000 -0.100000
vn 0.000000 -0.000000 -0.100000
vn 0.000000 0.000000 0.100000
vn 0.000000 0.000000 0.100000
vn 0.000000 0.000000 0.100000
vn 0.000000 0.000000 0.100000
vn -0.000000 0.100000 -0.000000
vn -0.000000 0.100000 -0.000000
vn -0.000000 0.100000 -0.000000
vn -0.000000 0.100000 -0.000000
vn -0.000000 0.100000 -0.000000
vn -0.000000 0.100000 -0.000000
vn -0.000000 0.100000 -0.000000
vn -0.000000 0.100000 -0.000000
vn -0.000000 0.100000 -0.000000
vn -0.000000 0.100000 -0.000000
vn -0.000000 0.100000 -0.000000
vn -0.000000 0.100000 -0.000000
vn -0.000000 0.100000 -0.000000
vn -0.000000 0.100000 -0.000000
vn 0.025882 -0.000000 -0.096593
vn 0.000000 -0.000000 -0.100000
vn 0.025882 -0.000000 -0.096593
vn 0.000000 -0.000000 -0.100000
vn 0.025882 -0.000000 -0.096593
vn 0.025882 -0.000000 -0.096593
vn 0.050000 0.000000 -0.086603
vn 0.050000 0.000000 -0.086603
vn 0.070711 0.000000 -0.070711
vn 0.070711 0.000000 -0.070711
vn 0.086603 0.000000 -0.050000
vn 0.086603 0.000000 -0.050000
vn 0.096593 0.000000 -0.025882
vn 0.096593 0.000000 -0.025882
vn 0.096593 0.000000 -0.025882
vn 0.086603 0.000000 -0.050000
vn 0.070711 0.000000 -0.070711
vn 0.050000 0.000000 -0.086603
vn 0.096593 0.000000 -0.025882
vn 0.086603 0.000000 -0.050000
vn 0.070711 0.000000 -0.070711
vn 0.050000 0.000000 -0.086603
vn 0.000000 -0.100000 0.000000
vn 0.000000 -0.100000 0.000000
vn 0.000000 -0.100000 0.000000
vn 0.000000 -0.100000 0.000000
vn -0.000000 0.100000 -0.000000
vn -0.000000 0.100000 -0.000000
vn -0.025882 0.000000 0.096593
vn -0.025882 0.000000 0.096593
vn -0.050000 -0.000000 0.086603
vn -0.050000 -0.000000 0.086603
vn -0.070711 -0.000000 0.070711
vn -0.070711 -0.000000 0.070711
vn -0.086603 -0.000000 0.050000
vn -0.086603 -0.000000 0.050000
vn -0.096593 -0.000000 0.025882
vn -0.096593 -0.000000 0.025882
vn -0.100000 -0.000000 -0.000000
vn -0.100000 -0.000000 -0.000000
vn 0.000000 -0.100000 0.000000
vn 0.000000 -0.100000 0.000000
vn 0.000000 -0.100000 0.000000
vn 0.000000 -0.100000 0.000000
vn -0.000000 0.100000 -0.000000
vn -0.000000 0.100000 -0.000000
vn -0.000000 0.100000 -0.000000
vn -0.000000 0.100000 -0.000000
vn -0.000000 -0.000000 -0.100000
vn -0.000000 -0.000000 -0.100000
vn 0.100000 0.000000 -0.000000
vn 0.100000 0.000000 -0.000000
vn 0.100000 0.000000 -0.000000
vn 0.100000 0.000000 -0.000000
vn 0.000000 -0.100000 0.000000
vn 0.000000 -0.100000 0.000000
vn 0.000000 -0.100000 0.000000
vn 0.000000 -0.100000 0.000000
vn 0.000000 -0.100000 0.000000
vn 0.000000 -0.100000 0.000000
vn 0.000000 -0.100000 0.000000
vn 0.000000 -0.100000 0.000000
vn 0.000000 -0.100000 0.000000
vn 0.000000 -0.100000 0.000000
vn 0.000000 -0.000000 -0.100000
vn 0.000000 -0.000000 -0.100000
vn 0.000000 -0.000000 -0.100000
vn 0.000000 -0.000000 -0.100000
vn -0.000000 0.100000 -0.000000
vn -0.000000 0.100000 -0.000000
vn -0.100000 -0.000000 -0.000000
vn -0.100000 -0.000000 -0.000000
vn -0.100000 -0.000000 -0.000000
vn -0.100000 -0.000000 -0.000000
vn -0.100000 -0.000000 -0.000000
vn -0.100000 -0.000000 -0.000000
vn -0.100000 -0.000000 -0.000000
vn -0.100000 -0.000000 -0.000000
vn -0.100000 -0.000000 -0.000000
vn -0.100000 -0.000000 -0.000000
usemtl Aluminum_-_Satin
f 2003/2225/2185 2004/2226/2186 2006/2227/2187
f 2006/2227/2187 2004/2226/2186 2005/2228/2188
f 2006/2229/2189 2005/2230/2190 2016/2231/2191
f 2016/2231/2191 2005/2230/2190 2007/2232/2192
f 2016/2231/2191 2007/2232/2192 2009/2233/2193
f 2009/2233/2193 2007/2232/2192 2008/2234/2194
f 2010/2235/2195 2012/2236/2196 2009/2233/2193
f 2009/2233/2193 2012/2236/2196 2013/2237/2197
f 2009/2233/2193 2013/2237/2197 2016/2231/2191
f 2016/2231/2191 2013/2237/2197 2015/2238/2198
f 2015/2238/2198 2013/2237/2197 2014/2239/2199
f 2010/2235/2195 2011/2240/2200 2012/2236/2196
f 2004/2241/2201 2017/2242/2202 2005/2243/2203
f 2005/2243/2203 2017/2242/2202 2007/2244/2204
f 2017/2245/2205 2018/2246/2206 2007/2247/2207
f 2007/2247/2207 2018/2246/2206 2008/2248/2208
f 2019/2249/2209 2020/2250/2210 2014/2251/2211
f 2014/2251/2211 2020/2250/2210 2015/2252/2212
f 2014/2253/2213 2013/2254/2214 2019/2255/2215
f 2019/2255/2215 2013/2254/2214 2021/2256/2216
f 2022/2257/2217 2023/2258/2218 2010/2259/2219
f 2010/2259/2219 2023/2258/2218 2011/2260/2220
f 2010/2261/2221 2009/2262/2222 2022/2263/2223
f 2022/2263/2223 2009/2262/2222 2024/2264/2224
f 2026/2265/2225 2027/2266/2226 2025/2267/2227
f 2025/2267/2227 2027/2266/2226 2028/2268/2228
f 2029/2269/2229 2030/2270/2230 2025/2271/2231
f 2025/2271/2231 2030/2270/2230 2040/2272/2232
f 2040/2272/2232 2030/2270/2230 2031/2273/2233
f 2040/2272/2232 2031/2273/2233 2039/2274/2234
f 2039/2274/2234 2031/2273/2233 2032/2275/2235
f 2039/2274/2234 2032/2275/2235 2038/2276/2236
f 2038/2276/2236 2032/2275/2235 2033/2277/2237
f 2038/2276/2236 2033/2277/2237 2037/2278/2238
f 2037/2278/2238 2033/2277/2237 2034/2279/2239
f 2037/2278/2238 2034/2279/2239 2036/2280/2240
f 2036/2280/2240 2034/2279/2239 2012/2281/2241
f 2036/2280/2240 2012/2281/2241 2035/2282/2242
f 2030/2283/2243 2029/2284/2244 2048/2285/2245
f 2048/2285/2245 2029/2284/2244 2041/2286/2246
f 2048/2285/2245 2041/2286/2246 2047/2287/2247
f 2047/2287/2247 2041/2286/2246 2042/2288/2248
f 2047/2287/2247 2042/2288/2248 2049/2289/2249
f 2049/2289/2249 2042/2288/2248 2043/2290/2250
f 2049/2289/2249 2043/2290/2250 2051/2291/2251
f 2051/2291/2251 2043/2290/2250 2044/2292/2252
f 2051/2291/2251 2044/2292/2252 2053/2293/2253
f 2053/2293/2253 2044/2292/2252 2045/2294/2254
f 2053/2293/2253 2045/2294/2254 2055/2295/2255
f 2055/2295/2255 2045/2294/2254 2046/2296/2256
f 2055/2295/2255 2046/2296/2256 2013/2297/2197
f 2013/2297/2197 2012/2298/2196 2055/2295/2255
f 2055/2295/2255 2012/2298/2196 2056/2299/2257
f 2055/2295/2255 2056/2299/2257 2053/2293/2253
f 2053/2293/2253 2056/2299/2257 2054/2300/2258
f 2053/2293/2253 2054/2300/2258 2051/2291/2251
f 2051/2291/2251 2054/2300/2258 2052/2301/2259
f 2051/2291/2251 2052/2301/2259 2049/2289/2249
f 2049/2289/2249 2052/2301/2259 2050/2302/2260
f 2049/2289/2249 2050/2302/2260 2047/2287/2247
f 2047/2287/2247 2050/2302/2260 2048/2285/2245
f 2012/2298/2196 2034/2303/2261 2056/2299/2257
f 2056/2299/2257 2034/2303/2261 2054/2300/2258
f 2034/2303/2261 2033/2304/2262 2054/2300/2258
f 2054/2300/2258 2033/2304/2262 2052/2301/2259
f 2033/2304/2262 2032/2305/2263 2052/2301/2259
f 2052/2301/2259 2032/2305/2263 2050/2302/2260
f 2032/2305/2263 2031/2306/2264 2050/2302/2260
f 2050/2302/2260 2031/2306/2264 2048/2285/2245
f 2031/2306/2264 2030/2283/2243 2048/2285/2245
f 2041/2307/2265 2057/2308/2266 2026/2309/2267
f 2026/2309/2267 2057/2308/2266 2027/2310/2268
f 2025/2311/2231 2028/2312/2269 2029/2313/2229
f 2029/2313/2229 2028/2312/2269 2058/2314/2270
f 2026/2315/2225 2025/2316/2227 2063/2317/2271
f 2063/2317/2271 2025/2316/2227 2040/2318/2272
f 2063/2317/2271 2040/2318/2272 2062/2319/2273
f 2062/2319/2273 2040/2318/2272 2039/2320/2274
f 2062/2319/2273 2039/2320/2274 2061/2321/2275
f 2061/2321/2275 2039/2320/2274 2038/2322/2276
f 2061/2321/2275 2038/2322/2276 2060/2323/2277
f 2060/2323/2277 2038/2322/2276 2037/2324/2278
f 2060/2323/2277 2037/2324/2278 2059/2325/2279
f 2059/2325/2279 2037/2324/2278 2036/2326/2280
f 2059/2325/2279 2036/2326/2280 2021/2327/2281
f 2021/2327/2281 2036/2326/2280 2035/2328/2282
f 2006/2329/2283 2016/2330/2284 2003/2331/2285
f 2003/2331/2285 2016/2330/2284 2064/2332/2286
f 2018/2333/2287 2024/2334/2288 2008/2335/2289
f 2008/2335/2289 2024/2334/2288 2009/2336/2290
f 2029/2337/2244 2058/2338/2291 2041/2339/2246
f 2041/2339/2246 2058/2338/2291 2057/2340/2292
f 2028/2341/2293 2027/2342/2294 2058/2343/2295
f 2058/2343/2295 2027/2342/2294 2057/2344/2296
f 2041/2345/2265 2026/2346/2267 2042/2347/2297
f 2042/2347/2297 2026/2346/2267 2063/2348/2298
f 2042/2347/2297 2063/2348/2298 2043/2349/2299
f 2043/2349/2299 2063/2348/2298 2062/2350/2300
f 2043/2349/2299 2062/2350/2300 2044/2351/2301
f 2044/2351/2301 2062/2350/2300 2061/2352/2302
f 2044/2351/2301 2061/2352/2302 2045/2353/2303
f 2045/2353/2303 2061/2352/2302 2060/2354/2304
f 2045/2353/2303 2060/2354/2304 2046/2355/2305
f 2046/2355/2305 2060/2354/2304 2059/2356/2306
f 2046/2355/2305 2059/2356/2306 2013/2357/2214
f 2013/2357/2214 2059/2356/2306 2021/2358/2216
f 2020/2359/2307 2064/2360/2308 2015/2361/2309
f 2015/2361/2309 2064/2360/2308 2016/2362/2310
f 2023/2363/2311 2035/2364/2242 2011/2365/2312
f 2011/2365/2312 2035/2364/2242 2012/2366/2241
f 2003/2367/2313 2064/2368/2314 2004/2369/2315
f 2004/2369/2315 2064/2368/2314 2017/2370/2316
f 2017/2370/2316 2064/2368/2314 2024/2371/2317
f 2017/2370/2316 2024/2371/2317 2018/2372/2318
f 2024/2371/2317 2064/2368/2314 2021/2373/2281
f 2021/2373/2281 2064/2368/2314 2020/2374/2319
f 2021/2373/2281 2020/2374/2319 2019/2375/2320
f 2021/2373/2281 2035/2376/2282 2024/2371/2317
f 2024/2371/2317 2035/2376/2282 2022/2377/2321
f 2022/2377/2321 2035/2376/2282 2023/2378/2322
g Body2

v -7.794791 -14.230000 -3.300000
v -7.794791 -14.030000 -3.500000
v -7.444791 -14.030000 -3.500000
v -7.444791 -14.230000 -3.300000
v -7.444791 -13.900000 -3.500000
v -7.444791 -13.700000 -3.300000
v -7.444791 -13.700000 0.000000
v -7.444791 -13.465000 0.000000
v -7.444791 -13.265000 0.200000
v -7.444791 -13.265000 2.595509
v -7.444791 -14.665000 2.595509
v -7.444791 -14.665000 0.200000
v -7.444791 -14.465000 0.000000
v -7.444791 -14.230000 0.000000
v -7.794791 -13.900000 -3.500000
v -7.794791 -13.700000 -3.300000
v -7.794791 -14.665000 0.200000
v -7.794791 -14.465000 0.000000
v -7.794791 -14.665000 2.595509
v -7.794791 -13.465000 0.000000
v -7.794791 -13.265000 0.200000
v -7.794791 -13.700000 0.000000
v -7.344791 -13.265000 3.045509
v -7.344791 -14.665000 3.045509
v -5.339282 -14.665000 3.045509
v -5.339282 -13.265000 3.045509
v -7.344791 -13.265000 2.695509
v -7.370673 -13.265000 2.692101
v -7.394791 -13.265000 2.682111
v -7.415501 -13.265000 2.666220
v -7.431393 -13.265000 2.645509
v -7.441383 -13.265000 2.621391
v -7.794791 -13.265000 2.595509
v -7.779457 -13.265000 2.711977
v -7.734502 -13.265000 2.820509
v -7.662989 -13.265000 2.913707
v -7.569791 -13.265000 2.985220
v -7.461259 -13.265000 3.030175
v -7.344791 -14.665000 2.695509
v -7.370673 -14.665000 2.692101
v -7.394791 -14.665000 2.682111
v -7.415501 -14.665000 2.666220
v -7.431393 -14.665000 2.645509
v -7.441383 -14.665000 2.621391
v -7.370673 -14.198333 2.692101
v -7.370673 -13.731667 2.692101
v -7.394791 -14.198333 2.682111
v -7.394791 -13.731667 2.682111
v -7.415501 -14.198333 2.666220
v -7.415501 -13.731667 2.666220
v -7.431393 -14.198333 2.645509
v -7.431393 -13.731667 2.645509
v -7.441383 -14.198333 2.621391
v -7.441383 -13.731667 2.621391
v -5.339282 -14.665000 2.695509
v -5.339282 -13.265000 2.695509
v -7.779457 -14.665000 2.711977
v -7.734502 -14.665000 2.820509
v -7.662989 -14.665000 2.913707
v -7.569791 -14.665000 2.985220
v -7.461259 -14.665000 3.030175
v -7.794791 -14.230000 0.000000
vt 0.014142 0.017500 0.000000
vt -0.014142 0.017500 0.000000
vt 0.014142 -0.017500 0.000000
vt -0.014142 -0.017500 0.000000
vt 0.580000 -0.026500 0.000000
vt 0.600000 -0.006500 0.000000
vt 0.250000 -0.026500 0.000000
vt 0.600000 0.006500 0.000000
vt 0.250000 0.026500 0.000000
vt 0.580000 0.026500 0.000000
vt 0.250000 0.050000 0.000000
vt -0.009551 0.070000 0.000000
vt -0.009551 -0.070000 0.000000
vt 0.250000 -0.050000 0.000000
vt 0.230000 -0.070000 0.000000
vt 0.230000 0.070000 0.000000
vt 0.033000 0.017500 0.000000
vt 0.020000 0.017500 0.000000
vt 0.033000 -0.017500 0.000000
vt 0.020000 -0.017500 0.000000
vt 0.014142 0.017500 0.000000
vt -0.014142 0.017500 0.000000
vt 0.014142 -0.017500 0.000000
vt -0.014142 -0.017500 0.000000
vt 0.014142 0.017500 0.000000
vt -0.014142 0.017500 0.000000
vt 0.014142 -0.017500 0.000000
vt -0.014142 -0.017500 0.000000
vt 0.020000 -0.017500 0.000000
vt 0.259551 -0.017500 0.000000
vt 0.020000 0.017500 0.000000
vt 0.259551 0.017500 0.000000
vt 0.014142 0.017500 0.000000
vt -0.014142 0.017500 0.000000
vt 0.014142 -0.017500 0.000000
vt -0.014142 -0.017500 0.000000
vt 0.020000 -0.017500 0.000000
vt 0.043500 -0.017500 0.000000
vt 0.020000 0.017500 0.000000
vt 0.043500 0.017500 0.000000
vt 0.049449 -0.070000 0.000000
vt 0.250000 -0.070000 0.000000
vt 0.049449 0.070000 0.000000
vt 0.250000 0.070000 0.000000
vt 0.000000 0.000000 0.000000
vt 0.000341 0.002588 0.000000
vt -0.035000 -0.000000 0.000000
vt -0.033467 0.011647 0.000000
vt 0.001340 0.005000 0.000000
vt -0.028971 0.022500 0.000000
vt 0.002929 0.007071 0.000000
vt -0.021820 0.031820 0.000000
vt 0.005000 0.008660 0.000000
vt -0.012500 0.038971 0.000000
vt 0.007412 0.009659 0.000000
vt -0.001647 0.043467 0.000000
vt 0.010000 0.010000 0.000000
vt 0.010000 0.045000 0.000000
vt 0.070000 0.013090 0.000000
vt 0.070000 0.015708 0.000000
vt 0.023333 0.013090 0.000000
vt -0.070000 0.015708 0.000000
vt -0.023333 0.013090 0.000000
vt -0.070000 0.013090 0.000000
vt -0.023333 0.010472 0.000000
vt -0.070000 0.010472 0.000000
vt -0.023333 0.007854 0.000000
vt -0.070000 0.007854 0.000000
vt -0.023333 0.005236 0.000000
vt -0.070000 0.005236 0.000000
vt -0.023333 0.002618 0.000000
vt -0.070000 0.002618 0.000000
vt -0.070000 0.000000 0.000000
vt 0.070000 0.000000 0.000000
vt 0.023333 0.002618 0.000000
vt 0.023333 0.005236 0.000000
vt 0.023333 0.007854 0.000000
vt 0.023333 0.010472 0.000000
vt 0.070000 0.002618 0.000000
vt 0.070000 0.005236 0.000000
vt 0.070000 0.007854 0.000000
vt 0.070000 0.010472 0.000000
vt 0.299449 -0.017500 0.000000
vt 0.500000 -0.017500 0.000000
vt 0.299449 0.017500 0.000000
vt 0.500000 0.017500 0.000000
vt 0.200551 0.017500 0.000000
vt 0.000000 0.017500 0.000000
vt 0.200551 -0.017500 0.000000
vt 0.000000 -0.017500 0.000000
vt 0.070000 0.070686 0.000000
vt -0.070000 0.070686 0.000000
vt 0.070000 0.058905 0.000000
vt -0.070000 0.058905 0.000000
vt 0.070000 0.047124 0.000000
vt -0.070000 0.047124 0.000000
vt 0.070000 0.035343 0.000000
vt -0.070000 0.035343 0.000000
vt 0.070000 0.023562 0.000000
vt -0.070000 0.023562 0.000000
vt 0.070000 0.011781 0.000000
vt -0.070000 0.011781 0.000000
vt 0.070000 0.000000 0.000000
vt -0.070000 0.000000 0.000000
vt 0.020000 -0.017500 0.000000
vt 0.350000 -0.017500 0.000000
vt 0.020000 0.017500 0.000000
vt 0.350000 0.017500 0.000000
vt 0.330000 0.017500 0.000000
vt 0.000000 0.017500 0.000000
vt 0.330000 -0.017500 0.000000
vt 0.000000 -0.017500 0.000000
vt -0.049449 0.070000 0.000000
vt -0.250000 0.070000 0.000000
vt -0.049449 -0.070000 0.000000
vt -0.250000 -0.070000 0.000000
vt 0.140000 0.017500 0.000000
vt 0.000000 0.017500 0.000000
vt 0.140000 -0.017500 0.000000
vt 0.000000 -0.017500 0.000000
vt -0.035000 0.000000 0.000000
vt -0.000000 0.000000 0.000000
vt -0.035341 0.002588 0.000000
vt -0.001533 0.011647 0.000000
vt -0.036340 0.005000 0.000000
vt -0.006029 0.022500 0.000000
vt -0.037929 0.007071 0.000000
vt -0.013180 0.031820 0.000000
vt -0.040000 0.008660 0.000000
vt -0.022500 0.038971 0.000000
vt -0.042412 0.009659 0.000000
vt -0.033353 0.043467 0.000000
vt -0.045000 0.010000 0.000000
vt -0.045000 0.045000 0.000000
vt 0.120000 0.017500 0.000000
vt 0.096500 0.017500 0.000000
vt 0.120000 -0.017500 0.000000
vt 0.096500 -0.017500 0.000000
vt 0.480000 0.017500 0.000000
vt 0.240449 0.017500 0.000000
vt 0.480000 -0.017500 0.000000
vt 0.240449 -0.017500 0.000000
vt -0.580000 -0.026500 0.000000
vt -0.250000 -0.026500 0.000000
vt -0.600000 -0.006500 0.000000
vt -0.600000 0.006500 0.000000
vt -0.250000 0.026500 0.000000
vt -0.580000 0.026500 0.000000
vt 0.009551 -0.070000 0.000000
vt -0.250000 -0.050000 0.000000
vt -0.230000 -0.070000 0.000000
vt 0.009551 0.070000 0.000000
vt -0.250000 0.050000 0.000000
vt -0.230000 0.070000 0.000000
vn 0.000000 -0.070711 -0.070711
vn 0.000000 -0.070711 -0.070711
vn 0.000000 -0.070711 -0.070711
vn 0.000000 -0.070711 -0.070711
vn 0.100000 0.000000 0.000000
vn 0.100000 0.000000 0.000000
vn 0.100000 0.000000 0.000000
vn 0.100000 0.000000 0.000000
vn 0.100000 0.000000 0.000000
vn 0.100000 0.000000 0.000000
vn 0.100000 0.000000 0.000000
vn 0.100000 0.000000 0.000000
vn 0.100000 0.000000 0.000000
vn 0.100000 0.000000 0.000000
vn 0.100000 0.000000 0.000000
vn 0.100000 0.000000 0.000000
vn 0.000000 -0.000000 -0.100000
vn 0.000000 -0.000000 -0.100000
vn 0.000000 -0.000000 -0.100000
vn 0.000000 -0.000000 -0.100000
vn -0.000000 0.070711 -0.070711
vn -0.000000 0.070711 -0.070711
vn -0.000000 0.070711 -0.070711
vn -0.000000 0.070711 -0.070711
vn 0.000000 -0.070711 -0.070711
vn 0.000000 -0.070711 -0.070711
vn 0.000000 -0.070711 -0.070711
vn 0.000000 -0.070711 -0.070711
vn 0.000000 -0.100000 0.000000
vn 0.000000 -0.100000 0.000000
vn 0.000000 -0.100000 0.000000
vn 0.000000 -0.100000 0.000000
vn -0.000000 0.070711 -0.070711
vn -0.000000 0.070711 -0.070711
vn -0.000000 0.070711 -0.070711
vn -0.000000 0.070711 -0.070711
vn 0.000000 -0.000000 -0.100000
vn 0.000000 -0.000000 -0.100000
vn 0.000000 -0.000000 -0.100000
vn 0.000000 -0.000000 -0.100000
vn 0.000000 0.000000 0.100000
vn 0.000000 0.000000 0.100000
vn 0.000000 0.000000 0.100000
vn 0.000000 0.000000 0.100000
vn -0.000000 0.100000 -0.000000
vn -0.000000 0.100000 -0.000000
vn -0.000000 0.100000 -0.000000
vn -0.000000 0.100000 -0.000000
vn -0.000000 0.100000 -0.000000
vn -0.000000 0.100000 -0.000000
vn -0.000000 0.100000 -0.000000
vn -0.000000 0.100000 -0.000000
vn -0.000000 0.100000 -0.000000
vn -0.000000 0.100000 -0.000000
vn -0.000000 0.100000 -0.000000
vn -0.000000 0.100000 -0.000000
vn -0.000000 0.100000 -0.000000
vn -0.000000 0.100000 -0.000000
vn 0.025882 -0.000000 -0.096593
vn 0.000000 -0.000000 -0.100000
vn 0.025882 -0.000000 -0.096593
vn 0.000000 -0.000000 -0.100000
vn 0.025882 -0.000000 -0.096593
vn 0.025882 -0.000000 -0.096593
vn 0.050000 0.000000 -0.086603
vn 0.050000 0.000000 -0.086603
vn 0.070711 0.000000 -0.070711
vn 0.070711 0.000000 -0.070711
vn 0.086603 0.000000 -0.050000
vn 0.086603 0.000000 -0.050000
vn 0.096593 0.000000 -0.025882
vn 0.096593 0.000000 -0.025882
vn 0.096593 0.000000 -0.025882
vn 0.086603 0.000000 -0.050000
vn 0.070711 0.000000 -0.070711
vn 0.050000 0.000000 -0.086603
vn 0.096593 0.000000 -0.025882
vn 0.086603 0.000000 -0.050000
vn 0.070711 0.000000 -0.070711
vn 0.050000 0.000000 -0.086603
vn 0.000000 -0.100000 0.000000
vn 0.000000 -0.100000 0.000000
vn 0.000000 -0.100000 0.000000
vn 0.000000 -0.100000 0.000000
vn -0.000000 0.100000 -0.000000
vn -0.000000 0.100000 -0.000000
vn -0.025882 0.000000 0.096593
vn -0.025882 0.000000 0.096593
vn -0.050000 -0.000000 0.086603
vn -0.050000 -0.000000 0.086603
vn -0.070711 -0.000000 0.070711
vn -0.070711 -0.000000 0.070711
vn -0.086603 -0.000000 0.050000
vn -0.086603 -0.000000 0.050000
vn -0.096593 -0.000000 0.025882
vn -0.096593 -0.000000 0.025882
vn -0.100000 -0.000000 -0.000000
vn -0.100000 -0.000000 -0.000000
vn 0.000000 -0.100000 0.000000
vn 0.000000 -0.100000 0.000000
vn 0.000000 -0.100000 0.000000
vn 0.000000 -0.100000 0.000000
vn -0.000000 0.100000 -0.000000
vn -0.000000 0.100000 -0.000000
vn -0.000000 0.100000 -0.000000
vn -0.000000 0.100000 -0.000000
vn -0.000000 -0.000000 -0.100000
vn -0.000000 -0.000000 -0.100000
vn 0.100000 0.000000 -0.000000
vn 0.100000 0.000000 -0.000000
vn 0.100000 0.000000 -0.000000
vn 0.100000 0.000000 -0.000000
vn 0.000000 -0.100000 0.000000
vn 0.000000 -0.100000 0.000000
vn 0.000000 -0.100000 0.000000
vn 0.000000 -0.100000 0.000000
vn 0.000000 -0.100000 0.000000
vn 0.000000 -0.100000 0.000000
vn 0.000000 -0.100000 0.000000
vn 0.000000 -0.100000 0.000000
vn 0.000000 -0.100000 0.000000
vn 0.000000 -0.100000 0.000000
vn 0.000000 -0.000000 -0.100000
vn 0.000000 -0.000000 -0.100000
vn 0.000000 -0.000000 -0.100000
vn 0.000000 -0.000000 -0.100000
vn -0.000000 0.100000 -0.000000
vn -0.000000 0.100000 -0.000000
vn -0.100000 -0.000000 -0.000000
vn -0.100000 -0.000000 -0.000000
vn -0.100000 -0.000000 -0.000000
vn -0.100000 -0.000000 -0.000000
vn -0.100000 -0.000000 -0.000000
vn -0.100000 -0.000000 -0.000000
vn -0.100000 -0.000000 -0.000000
vn -0.100000 -0.000000 -0.000000
vn -0.100000 -0.000000 -0.000000
vn -0.100000 -0.000000 -0.000000
f 2065/2379/2323 2066/2380/2324 2068/2381/2325
f 2068/2381/2325 2066/2380/2324 2067/2382/2326
f 2068/2383/2327 2067/2384/2328 2078/2385/2329
f 2078/2385/2329 2067/2384/2328 2069/2386/2330
f 2078/2385/2329 2069/2386/2330 2071/2387/2331
f 2071/2387/2331 2069/2386/2330 2070/2388/2332
f 2072/2389/2333 2074/2390/2334 2071/2387/2331
f 2071/2387/2331 2074/2390/2334 2075/2391/2335
f 2071/2387/2331 2075/2391/2335 2078/2385/2329
f 2078/2385/2329 2075/2391/2335 2077/2392/2336
f 2077/2392/2336 2075/2391/2335 2076/2393/2337
f 2072/2389/2333 2073/2394/2338 2074/2390/2334
f 2066/2395/2339 2079/2396/2340 2067/2397/2341
f 2067/2397/2341 2079/2396/2340 2069/2398/2342
f 2079/2399/2343 2080/2400/2344 2069/2401/2345
f 2069/2401/2345 2080/2400/2344 2070/2402/2346
f 2081/2403/2347 2082/2404/2348 2076/2405/2349
f 2076/2405/2349 2082/2404/2348 2077/2406/2350
f 2076/2407/2351 2075/2408/2352 2081/2409/2353
f 2081/2409/2353 2075/2408/2352 2083/2410/2354
f 2084/2411/2355 2085/2412/2356 2072/2413/2357
f 2072/2413/2357 2085/2412/2356 2073/2414/2358
f 2072/2415/2359 2071/2416/2360 2084/2417/2361
f 2084/2417/2361 2071/2416/2360 2086/2418/2362
f 2088/2419/2363 2089/2420/2364 2087/2421/2365
f 2087/2421/2365 2089/2420/2364 2090/2422/2366
f 2091/2423/2367 2092/2424/2368 2087/2425/2369
f 2087/2425/2369 2092/2424/2368 2102/2426/2370
f 2102/2426/2370 2092/2424/2368 2093/2427/2371
f 2102/2426/2370 2093/2427/2371 2101/2428/2372
f 2101/2428/2372 2093/2427/2371 2094/2429/2373
f 2101/2428/2372 2094/2429/2373 2100/2430/2374
f 2100/2430/2374 2094/2429/2373 2095/2431/2375
f 2100/2430/2374 2095/2431/2375 2099/2432/2376
f 2099/2432/2376 2095/2431/2375 2096/2433/2377
f 2099/2432/2376 2096/2433/2377 2098/2434/2378
f 2098/2434/2378 2096/2433/2377 2074/2435/2379
f 2098/2434/2378 2074/2435/2379 2097/2436/2380
f 2092/2437/2381 2091/2438/2382 2110/2439/2383
f 2110/2439/2383 2091/2438/2382 2103/2440/2384
f 2110/2439/2383 2103/2440/2384 2109/2441/2385
f 2109/2441/2385 2103/2440/2384 2104/2442/2386
f 2109/2441/2385 2104/2442/2386 2111/2443/2387
f 2111/2443/2387 2104/2442/2386 2105/2444/2388
f 2111/2443/2387 2105/2444/2388 2113/2445/2389
f 2113/2445/2389 2105/2444/2388 2106/2446/2390
f 2113/2445/2389 2106/2446/2390 2115/2447/2391
f 2115/2447/2391 2106/2446/2390 2107/2448/2392
f 2115/2447/2391 2107/2448/2392 2117/2449/2393
f 2117/2449/2393 2107/2448/2392 2108/2450/2394
f 2117/2449/2393 2108/2450/2394 2075/2451/2335
f 2075/2451/2335 2074/2452/2334 2117/2449/2393
f 2117/2449/2393 2074/2452/2334 2118/2453/2395
f 2117/2449/2393 2118/2453/2395 2115/2447/2391
f 2115/2447/2391 2118/2453/2395 2116/2454/2396
f 2115/2447/2391 2116/2454/2396 2113/2445/2389
f 2113/2445/2389 2116/2454/2396 2114/2455/2397
f 2113/2445/2389 2114/2455/2397 2111/2443/2387
f 2111/2443/2387 2114/2455/2397 2112/2456/2398
f 2111/2443/2387 2112/2456/2398 2109/2441/2385
f 2109/2441/2385 2112/2456/2398 2110/2439/2383
f 2074/2452/2334 2096/2457/2399 2118/2453/2395
f 2118/2453/2395 2096/2457/2399 2116/2454/2396
f 2096/2457/2399 2095/2458/2400 2116/2454/2396
f 2116/2454/2396 2095/2458/2400 2114/2455/2397
f 2095/2458/2400 2094/2459/2401 2114/2455/2397
f 2114/2455/2397 2094/2459/2401 2112/2456/2398
f 2094/2459/2401 2093/2460/2402 2112/2456/2398
f 2112/2456/2398 2093/2460/2402 2110/2439/2383
f 2093/2460/2402 2092/2437/2381 2110/2439/2383
f 2103/2461/2403 2119/2462/2404 2088/2463/2405
f 2088/2463/2405 2119/2462/2404 2089/2464/2406
f 2087/2465/2369 2090/2466/2407 2091/2467/2367
f 2091/2467/2367 2090/2466/2407 2120/2468/2408
f 2088/2469/2363 2087/2470/2365 2125/2471/2409
f 2125/2471/2409 2087/2470/2365 2102/2472/2410
f 2125/2471/2409 2102/2472/2410 2124/2473/2411
f 2124/2473/2411 2102/2472/2410 2101/2474/2412
f 2124/2473/2411 2101/2474/2412 2123/2475/2413
f 2123/2475/2413 2101/2474/2412 2100/2476/2414
f 2123/2475/2413 2100/2476/2414 2122/2477/2415
f 2122/2477/2415 2100/2476/2414 2099/2478/2416
f 2122/2477/2415 2099/2478/2416 2121/2479/2417
f 2121/2479/2417 2099/2478/2416 2098/2480/2418
f 2121/2479/2417 2098/2480/2418 2083/2481/2419
f 2083/2481/2419 2098/2480/2418 2097/2482/2420
f 2068/2483/2421 2078/2484/2422 2065/2485/2423
f 2065/2485/2423 2078/2484/2422 2126/2486/2424
f 2080/2487/2425 2086/2488/2426 2070/2489/2427
f 2070/2489/2427 2086/2488/2426 2071/2490/2428
f 2091/2491/2382 2120/2492/2429 2103/2493/2384
f 2103/2493/2384 2120/2492/2429 2119/2494/2430
f 2090/2495/2431 2089/2496/2432 2120/2497/2433
f 2120/2497/2433 2089/2496/2432 2119/2498/2434
f 2103/2499/2403 2088/2500/2405 2104/2501/2435
f 2104/2501/2435 2088/2500/2405 2125/2502/2436
f 2104/2501/2435 2125/2502/2436 2105/2503/2437
f 2105/2503/2437 2125/2502/2436 2124/2504/2438
f 2105/2503/2437 2124/2504/2438 2106/2505/2439
f 2106/2505/2439 2124/2504/2438 2123/2506/2440
f 2106/2505/2439 2123/2506/2440 2107/2507/2441
f 2107/2507/2441 2123/2506/2440 2122/2508/2442
f 2107/2507/2441 2122/2508/2442 2108/2509/2443
f 2108/2509/2443 2122/2508/2442 2121/2510/2444
f 2108/2509/2443 2121/2510/2444 2075/2511/2352
f 2075/2511/2352 2121/2510/2444 2083/2512/2354
f 2082/2513/2445 2126/2514/2446 2077/2515/2447
f 2077/2515/2447 2126/2514/2446 2078/2516/2448
f 2085/2517/2449 2097/2518/2380 2073/2519/2450
f 2073/2519/2450 2097/2518/2380 2074/2520/2379
f 2065/2521/2451 2126/2522/2452 2066/2523/2453
f 2066/2523/2453 2126/2522/2452 2079/2524/2454
f 2079/2524/2454 2126/2522/2452 2086/2525/2455
f 2079/2524/2454 2086/2525/2455 2080/2526/2456
f 2086/2525/2455 2126/2522/2452 2083/2527/2419
f 2083/2527/2419 2126/2522/2452 2082/2528/2457
f 2083/2527/2419 2082/2528/2457 2081/2529/2458
f 2083/2527/2419 2097/2530/2420 2086/2525/2455
f 2086/2525/2455 2097/2530/2420 2084/2531/2459
f 2084/2531/2459 2097/2530/2420 2085/2532/2460
g Body3

v -7.794791 -11.690000 -3.300000
v -7.794791 -11.490000 -3.500000
v -7.444791 -11.490000 -3.500000
v -7.444791 -11.690000 -3.300000
v -7.444791 -11.360000 -3.500000
v -7.444791 -11.160000 -3.300000
v -7.444791 -11.160000 0.000000
v -7.444791 -10.925000 0.000000
v -7.444791 -10.725000 0.200000
v -7.444791 -10.725000 2.595509
v -7.444791 -12.125000 2.595509
v -7.444791 -12.125000 0.200000
v -7.444791 -11.925000 0.000000
v -7.444791 -11.690000 0.000000
v -7.794791 -11.360000 -3.500000
v -7.794791 -11.160000 -3.300000
v -7.794791 -12.125000 0.200000
v -7.794791 -11.925000 0.000000
v -7.794791 -12.125000 2.595509
v -7.794791 -10.925000 0.000000
v -7.794791 -10.725000 0.200000
v -7.794791 -11.160000 0.000000
v -7.344791 -10.725000 3.045509
v -7.344791 -12.125000 3.045509
v -5.339282 -12.125000 3.045509
v -5.339282 -10.725000 3.045509
v -7.344791 -10.725000 2.695509
v -7.370673 -10.725000 2.692101
v -7.394791 -10.725000 2.682111
v -7.415501 -10.725000 2.666220
v -7.431393 -10.725000 2.645509
v -7.441383 -10.725000 2.621391
v -7.794791 -10.725000 2.595509
v -7.779457 -10.725000 2.711977
v -7.734502 -10.725000 2.820509
v -7.662989 -10.725000 2.913707
v -7.569791 -10.725000 2.985220
v -7.461259 -10.725000 3.030175
v -7.344791 -12.125000 2.695509
v -7.370673 -12.125000 2.692101
v -7.394791 -12.125000 2.682111
v -7.415501 -12.125000 2.666220
v -7.431393 -12.125000 2.645509
v -7.441383 -12.125000 2.621391
v -7.370673 -11.658333 2.692101
v -7.370673 -11.191667 2.692101
v -7.394791 -11.658333 2.682111
v -7.394791 -11.191667 2.682111
v -7.415501 -11.658333 2.666220
v -7.415501 -11.191667 2.666220
v -7.431393 -11.658333 2.645509
v -7.431393 -11.191667 2.645509
v -7.441383 -11.658333 2.621391
v -7.441383 -11.191667 2.621391
v -5.339282 -12.125000 2.695509
v -5.339282 -10.725000 2.695509
v -7.779457 -12.125000 2.711977
v -7.734502 -12.125000 2.820509
v -7.662989 -12.125000 2.913707
v -7.569791 -12.125000 2.985220
v -7.461259 -12.125000 3.030175
v -7.794791 -11.690000 0.000000
vt 0.014142 0.017500 0.000000
vt -0.014142 0.017500 0.000000
vt 0.014142 -0.017500 0.000000
vt -0.014142 -0.017500 0.000000
vt 0.580000 -0.026500 0.000000
vt 0.600000 -0.006500 0.000000
vt 0.250000 -0.026500 0.000000
vt 0.600000 0.006500 0.000000
vt 0.250000 0.026500 0.000000
vt 0.580000 0.026500 0.000000
vt 0.250000 0.050000 0.000000
vt -0.009551 0.070000 0.000000
vt -0.009551 -0.070000 0.000000
vt 0.250000 -0.050000 0.000000
vt 0.230000 -0.070000 0.000000
vt 0.230000 0.070000 0.000000
vt 0.033000 0.017500 0.000000
vt 0.020000 0.017500 0.000000
vt 0.033000 -0.017500 0.000000
vt 0.020000 -0.017500 0.000000
vt 0.014142 0.017500 0.000000
vt -0.014142 0.017500 0.000000
vt 0.014142 -0.017500 0.000000
vt -0.014142 -0.017500 0.000000
vt 0.014142 0.017500 0.000000
vt -0.014142 0.017500 0.000000
vt 0.014142 -0.017500 0.000000
vt -0.014142 -0.017500 0.000000
vt 0.020000 -0.017500 0.000000
vt 0.259551 -0.017500 0.000000
vt 0.020000 0.017500 0.000000
vt 0.259551 0.017500 0.000000
vt 0.014142 0.017500 0.000000
vt -0.014142 0.017500 0.000000
vt 0.014142 -0.017500 0.000000
vt -0.014142 -0.017500 0.000000
vt 0.020000 -0.017500 0.000000
vt 0.043500 -0.017500 0.000000
vt 0.020000 0.017500 0.000000
vt 0.043500 0.017500 0.000000
vt 0.049449 -0.070000 0.000000
vt 0.250000 -0.070000 0.000000
vt 0.049449 0.070000 0.000000
vt 0.250000 0.070000 0.000000
vt 0.000000 0.000000 0.000000
vt 0.000341 0.002588 0.000000
vt -0.035000 -0.000000 0.000000
vt -0.033467 0.011647 0.000000
vt 0.001340 0.005000 0.000000
vt -0.028971 0.022500 0.000000
vt 0.002929 0.007071 0.000000
vt -0.021820 0.031820 0.000000
vt 0.005000 0.008660 0.000000
vt -0.012500 0.038971 0.000000
vt 0.007412 0.009659 0.000000
vt -0.001647 0.043467 0.000000
vt 0.010000 0.010000 0.000000
vt 0.010000 0.045000 0.000000
vt 0.070000 0.013090 0.000000
vt 0.070000 0.015708 0.000000
vt 0.023333 0.013090 0.000000
vt -0.070000 0.015708 0.000000
vt -0.023333 0.013090 0.000000
vt -0.070000 0.013090 0.000000
vt -0.023333 0.010472 0.000000
vt -0.070000 0.010472 0.000000
vt -0.023333 0.007854 0.000000
vt -0.070000 0.007854 0.000000
vt -0.023333 0.005236 0.000000
vt -0.070000 0.005236 0.000000
vt -0.023333 0.002618 0.000000
vt -0.070000 0.002618 0.000000
vt -0.070000 0.000000 0.000000
vt 0.070000 0.000000 0.000000
vt 0.023333 0.002618 0.000000
vt 0.023333 0.005236 0.000000
vt 0.023333 0.007854 0.000000
vt 0.023333 0.010472 0.000000
vt 0.070000 0.002618 0.000000
vt 0.070000 0.005236 0.000000
vt 0.070000 0.007854 0.000000
vt 0.070000 0.010472 0.000000
vt 0.299449 -0.017500 0.000000
vt 0.500000 -0.017500 0.000000
vt 0.299449 0.017500 0.000000
vt 0.500000 0.017500 0.000000
vt 0.200551 0.017500 0.000000
vt 0.000000 0.017500 0.000000
vt 0.200551 -0.017500 0.000000
vt 0.000000 -0.017500 0.000000
vt 0.070000 0.070686 0.000000
vt -0.070000 0.070686 0.000000
vt 0.070000 0.058905 0.000000
vt -0.070000 0.058905 0.000000
vt 0.070000 0.047124 0.000000
vt -0.070000 0.047124 0.000000
vt 0.070000 0.035343 0.000000
vt -0.070000 0.035343 0.000000
vt 0.070000 0.023562 0.000000
vt -0.070000 0.023562 0.000000
vt 0.070000 0.011781 0.000000
vt -0.070000 0.011781 0.000000
vt 0.070000 0.000000 0.000000
vt -0.070000 0.000000 0.000000
vt 0.020000 -0.017500 0.000000
vt 0.350000 -0.017500 0.000000
vt 0.020000 0.017500 0.000000
vt 0.350000 0.017500 0.000000
vt 0.330000 0.017500 0.000000
vt 0.000000 0.017500 0.000000
vt 0.330000 -0.017500 0.000000
vt 0.000000 -0.017500 0.000000
vt -0.049449 0.070000 0.000000
vt -0.250000 0.070000 0.000000
vt -0.049449 -0.070000 0.000000
vt -0.250000 -0.070000 0.000000
vt 0.140000 0.017500 0.000000
vt 0.000000 0.017500 0.000000
vt 0.140000 -0.017500 0.000000
vt 0.000000 -0.017500 0.000000
vt -0.035000 0.000000 0.000000
vt -0.000000 0.000000 0.000000
vt -0.035341 0.002588 0.000000
vt -0.001533 0.011647 0.000000
vt -0.036340 0.005000 0.000000
vt -0.006029 0.022500 0.000000
vt -0.037929 0.007071 0.000000
vt -0.013180 0.031820 0.000000
vt -0.040000 0.008660 0.000000
vt -0.022500 0.038971 0.000000
vt -0.042412 0.009659 0.000000
vt -0.033353 0.043467 0.000000
vt -0.045000 0.010000 0.000000
vt -0.045000 0.045000 0.000000
vt 0.120000 0.017500 0.000000
vt 0.096500 0.017500 0.000000
vt 0.120000 -0.017500 0.000000
vt 0.096500 -0.017500 0.000000
vt 0.480000 0.017500 0.000000
vt 0.240449 0.017500 0.000000
vt 0.480000 -0.017500 0.000000
vt 0.240449 -0.017500 0.000000
vt -0.580000 -0.026500 0.000000
vt -0.250000 -0.026500 0.000000
vt -0.600000 -0.006500 0.000000
vt -0.600000 0.006500 0.000000
vt -0.250000 0.026500 0.000000
vt -0.580000 0.026500 0.000000
vt 0.009551 -0.070000 0.000000
vt -0.250000 -0.050000 0.000000
vt -0.230000 -0.070000 0.000000
vt 0.009551 0.070000 0.000000
vt -0.250000 0.050000 0.000000
vt -0.230000 0.070000 0.000000
vn 0.000000 -0.070711 -0.070711
vn 0.000000 -0.070711 -0.070711
vn 0.000000 -0.070711 -0.070711
vn 0.000000 -0.070711 -0.070711
vn 0.100000 0.000000 0.000000
vn 0.100000 0.000000 0.000000
vn 0.100000 0.000000 0.000000
vn 0.100000 0.000000 0.000000
vn 0.100000 0.000000 0.000000
vn 0.100000 0.000000 0.000000
vn 0.100000 0.000000 0.000000
vn 0.100000 0.000000 0.000000
vn 0.100000 0.000000 0.000000
vn 0.100000 0.000000 0.000000
vn 0.100000 0.000000 0.000000
vn 0.100000 0.000000 0.000000
vn 0.000000 -0.000000 -0.100000
vn 0.000000 -0.000000 -0.100000
vn 0.000000 -0.000000 -0.100000
vn 0.000000 -0.000000 -0.100000
vn -0.000000 0.070711 -0.070711
vn -0.000000 0.070711 -0.070711
vn -0.000000 0.070711 -0.070711
vn -0.000000 0.070711 -0.070711
vn 0.000000 -0.070711 -0.070711
vn 0.000000 -0.070711 -0.070711
vn 0.000000 -0.070711 -0.070711
vn 0.000000 -0.070711 -0.070711
vn 0.000000 -0.100000 0.000000
vn 0.000000 -0.100000 0.000000
vn 0.000000 -0.100000 0.000000
vn 0.000000 -0.100000 0.000000
vn -0.000000 0.070711 -0.070711
vn -0.000000 0.070711 -0.070711
vn -0.000000 0.070711 -0.070711
vn -0.000000 0.070711 -0.070711
vn 0.000000 -0.000000 -0.100000
vn 0.000000 -0.000000 -0.100000
vn 0.000000 -0.000000 -0.100000
vn 0.000000 -0.000000 -0.100000
vn 0.000000 0.000000 0.100000
vn 0.000000 0.000000 0.100000
vn 0.000000 0.000000 0.100000
vn 0.000000 0.000000 0.100000
vn -0.000000 0.100000 -0.000000
vn -0.000000 0.100000 -0.000000
vn -0.000000 0.100000 -0.000000
vn -0.000000 0.100000 -0.000000
vn -0.000000 0.100000 -0.000000
vn -0.000000 0.100000 -0.000000
vn -0.000000 0.100000 -0.000000
vn -0.000000 0.100000 -0.000000
vn -0.000000 0.100000 -0.000000
vn -0.000000 0.100000 -0.000000
vn -0.000000 0.100000 -0.000000
vn -0.000000 0.100000 -0.000000
vn -0.000000 0.100000 -0.000000
vn -0.000000 0.100000 -0.000000
vn 0.025882 -0.000000 -0.096593
vn 0.000000 -0.000000 -0.100000
vn 0.025882 -0.000000 -0.096593
vn 0.000000 -0.000000 -0.100000
vn 0.025882 -0.000000 -0.096593
vn 0.025882 -0.000000 -0.096593
vn 0.050000 0.000000 -0.086603
vn 0.050000 0.000000 -0.086603
vn 0.070711 0.000000 -0.070711
vn 0.070711 0.000000 -0.070711
vn 0.086603 0.000000 -0.050000
vn 0.086603 0.000000 -0.050000
vn 0.096593 0.000000 -0.025882
vn 0.096593 0.000000 -0.025882
vn 0.096593 0.000000 -0.025882
vn 0.086603 0.000000 -0.050000
vn 0.070711 0.000000 -0.070711
vn 0.050000 0.000000 -0.086603
vn 0.096593 0.000000 -0.025882
vn 0.086603 0.000000 -0.050000
vn 0.070711 0.000000 -0.070711
vn 0.050000 0.000000 -0.086603
vn 0.000000 -0.100000 0.000000
vn 0.000000 -0.100000 0.000000
vn 0.000000 -0.100000 0.000000
vn 0.000000 -0.100000 0.000000
vn -0.000000 0.100000 -0.000000
vn -0.000000 0.100000 -0.000000
vn -0.025882 0.000000 0.096593
vn -0.025882 0.000000 0.096593
vn -0.050000 -0.000000 0.086603
vn -0.050000 -0.000000 0.086603
vn -0.070711 -0.000000 0.070711
vn -0.070711 -0.000000 0.070711
vn -0.086603 -0.000000 0.050000
vn -0.086603 -0.000000 0.050000
vn -0.096593 -0.000000 0.025882
vn -0.096593 -0.000000 0.025882
vn -0.100000 -0.000000 -0.000000
vn -0.100000 -0.000000 -0.000000
vn 0.000000 -0.100000 0.000000
vn 0.000000 -0.100000 0.000000
vn 0.000000 -0.100000 0.000000
vn 0.000000 -0.100000 0.000000
vn -0.000000 0.100000 -0.000000
vn -0.000000 0.100000 -0.000000
vn -0.000000 0.100000 -0.000000
vn -0.000000 0.100000 -0.000000
vn -0.000000 -0.000000 -0.100000
vn -0.000000 -0.000000 -0.100000
vn 0.100000 0.000000 -0.000000
vn 0.100000 0.000000 -0.000000
vn 0.100000 0.000000 -0.000000
vn 0.100000 0.000000 -0.000000
vn 0.000000 -0.100000 0.000000
vn 0.000000 -0.100000 0.000000
vn 0.000000 -0.100000 0.000000
vn 0.000000 -0.100000 0.000000
vn 0.000000 -0.100000 0.000000
vn 0.000000 -0.100000 0.000000
vn 0.000000 -0.100000 0.000000
vn 0.000000 -0.100000 0.000000
vn 0.000000 -0.100000 0.000000
vn 0.000000 -0.100000 0.000000
vn 0.000000 -0.000000 -0.100000
vn 0.000000 -0.000000 -0.100000
vn 0.000000 -0.000000 -0.100000
vn 0.000000 -0.000000 -0.100000
vn -0.000000 0.100000 -0.000000
vn -0.000000 0.100000 -0.000000
vn -0.100000 -0.000000 -0.000000
vn -0.100000 -0.000000 -0.000000
vn -0.100000 -0.000000 -0.000000
vn -0.100000 -0.000000 -0.000000
vn -0.100000 -0.000000 -0.000000
vn -0.100000 -0.000000 -0.000000
vn -0.100000 -0.000000 -0.000000
vn -0.100000 -0.000000 -0.000000
vn -0.100000 -0.000000 -0.000000
vn -0.100000 -0.000000 -0.000000
f 2127/2533/2461 2128/2534/2462 2130/2535/2463
f 2130/2535/2463 2128/2534/2462 2129/2536/2464
f 2130/2537/2465 2129/2538/2466 2140/2539/2467
f 2140/2539/2467 2129/2538/2466 2131/2540/2468
f 2140/2539/2467 2131/2540/2468 2133/2541/2469
f 2133/2541/2469 2131/2540/2468 2132/2542/2470
f 2134/2543/2471 2136/2544/2472 2133/2541/2469
f 2133/2541/2469 2136/2544/2472 2137/2545/2473
f 2133/2541/2469 2137/2545/2473 2140/2539/2467
f 2140/2539/2467 2137/2545/2473 2139/2546/2474
f 2139/2546/2474 2137/2545/2473 2138/2547/2475
f 2134/2543/2471 2135/2548/2476 2136/2544/2472
f 2128/2549/2477 2141/2550/2478 2129/2551/2479
f 2129/2551/2479 2141/2550/2478 2131/2552/2480
f 2141/2553/2481 2142/2554/2482 2131/2555/2483
f 2131/2555/2483 2142/2554/2482 2132/2556/2484
f 2143/2557/2485 2144/2558/2486 2138/2559/2487
f 2138/2559/2487 2144/2558/2486 2139/2560/2488
f 2138/2561/2489 2137/2562/2490 2143/2563/2491
f 2143/2563/2491 2137/2562/2490 2145/2564/2492
f 2146/2565/2493 2147/2566/2494 2134/2567/2495
f 2134/2567/2495 2147/2566/2494 2135/2568/2496
f 2134/2569/2497 2133/2570/2498 2146/2571/2499
f 2146/2571/2499 2133/2570/2498 2148/2572/2500
f 2150/2573/2501 2151/2574/2502 2149/2575/2503
f 2149/2575/2503 2151/2574/2502 2152/2576/2504
f 2153/2577/2505 2154/2578/2506 2149/2579/2507
f 2149/2579/2507 2154/2578/2506 2164/2580/2508
f 2164/2580/2508 2154/2578/2506 2155/2581/2509
f 2164/2580/2508 2155/2581/2509 2163/2582/2510
f 2163/2582/2510 2155/2581/2509 2156/2583/2511
f 2163/2582/2510 2156/2583/2511 2162/2584/2512
f 2162/2584/2512 2156/2583/2511 2157/2585/2513
f 2162/2584/2512 2157/2585/2513 2161/2586/2514
f 2161/2586/2514 2157/2585/2513 2158/2587/2515
f 2161/2586/2514 2158/2587/2515 2160/2588/2516
f 2160/2588/2516 2158/2587/2515 2136/2589/2517
f 2160/2588/2516 2136/2589/2517 2159/2590/2518
f 2154/2591/2519 2153/2592/2520 2172/2593/2521
f 2172/2593/2521 2153/2592/2520 2165/2594/2522
f 2172/2593/2521 2165/2594/2522 2171/2595/2523
f 2171/2595/2523 2165/2594/2522 2166/2596/2524
f 2171/2595/2523 2166/2596/2524 2173/2597/2525
f 2173/2597/2525 2166/2596/2524 2167/2598/2526
f 2173/2597/2525 2167/2598/2526 2175/2599/2527
f 2175/2599/2527 2167/2598/2526 2168/2600/2528
f 2175/2599/2527 2168/2600/2528 2177/2601/2529
f 2177/2601/2529 2168/2600/2528 2169/2602/2530
f 2177/2601/2529 2169/2602/2530 2179/2603/2531
f 2179/2603/2531 2169/2602/2530 2170/2604/2532
f 2179/2603/2531 2170/2604/2532 2137/2605/2473
f 2137/2605/2473 2136/2606/2472 2179/2603/2531
f 2179/2603/2531 2136/2606/2472 2180/2607/2533
f 2179/2603/2531 2180/2607/2533 2177/2601/2529
f 2177/2601/2529 2180/2607/2533 2178/2608/2534
f 2177/2601/2529 2178/2608/2534 2175/2599/2527
f 2175/2599/2527 2178/2608/2534 2176/2609/2535
f 2175/2599/2527 2176/2609/2535 2173/2597/2525
f 2173/2597/2525 2176/2609/2535 2174/2610/2536
f 2173/2597/2525 2174/2610/2536 2171/2595/2523
f 2171/2595/2523 2174/2610/2536 2172/2593/2521
f 2136/2606/2472 2158/2611/2537 2180/2607/2533
f 2180/2607/2533 2158/2611/2537 2178/2608/2534
f 2158/2611/2537 2157/2612/2538 2178/2608/2534
f 2178/2608/2534 2157/2612/2538 2176/2609/2535
f 2157/2612/2538 2156/2613/2539 2176/2609/2535
f 2176/2609/2535 2156/2613/2539 2174/2610/2536
f 2156/2613/2539 2155/2614/2540 2174/2610/2536
f 2174/2610/2536 2155/2614/2540 2172/2593/2521
f 2155/2614/2540 2154/2591/2519 2172/2593/2521
f 2165/2615/2541 2181/2616/2542 2150/2617/2543
f 2150/2617/2543 2181/2616/2542 2151/2618/2544
f 2149/2619/2507 2152/2620/2545 2153/2621/2505
f 2153/2621/2505 2152/2620/2545 2182/2622/2546
f 2150/2623/2501 2149/2624/2503 2187/2625/2547
f 2187/2625/2547 2149/2624/2503 2164/2626/2548
f 2187/2625/2547 2164/2626/2548 2186/2627/2549
f 2186/2627/2549 2164/2626/2548 2163/2628/2550
f 2186/2627/2549 2163/2628/2550 2185/2629/2551
f 2185/2629/2551 2163/2628/2550 2162/2630/2552
f 2185/2629/2551 2162/2630/2552 2184/2631/2553
f 2184/2631/2553 2162/2630/2552 2161/2632/2554
f 2184/2631/2553 2161/2632/2554 2183/2633/2555
f 2183/2633/2555 2161/2632/2554 2160/2634/2556
f 2183/2633/2555 2160/2634/2556 2145/2635/2557
f 2145/2635/2557 2160/2634/2556 2159/2636/2558
f 2130/2637/2559 2140/2638/2560 2127/2639/2561
f 2127/2639/2561 2140/2638/2560 2188/2640/2562
f 2142/2641/2563 2148/2642/2564 2132/2643/2565
f 2132/2643/2565 2148/2642/2564 2133/2644/2566
f 2153/2645/2520 2182/2646/2567 2165/2647/2522
f 2165/2647/2522 2182/2646/2567 2181/2648/2568
f 2152/2649/2569 2151/2650/2570 2182/2651/2571
f 2182/2651/2571 2151/2650/2570 2181/2652/2572
f 2165/2653/2541 2150/2654/2543 2166/2655/2573
f 2166/2655/2573 2150/2654/2543 2187/2656/2574
f 2166/2655/2573 2187/2656/2574 2167/2657/2575
f 2167/2657/2575 2187/2656/2574 2186/2658/2576
f 2167/2657/2575 2186/2658/2576 2168/2659/2577
f 2168/2659/2577 2186/2658/2576 2185/2660/2578
f 2168/2659/2577 2185/2660/2578 2169/2661/2579
f 2169/2661/2579 2185/2660/2578 2184/2662/2580
f 2169/2661/2579 2184/2662/2580 2170/2663/2581
f 2170/2663/2581 2184/2662/2580 2183/2664/2582
f 2170/2663/2581 2183/2664/2582 2137/2665/2490
f 2137/2665/2490 2183/2664/2582 2145/2666/2492
f 2144/2667/2583 2188/2668/2584 2139/2669/2585
f 2139/2669/2585 2188/2668/2584 2140/2670/2586
f 2147/2671/2587 2159/2672/2518 2135/2673/2588
f 2135/2673/2588 2159/2672/2518 2136/2674/2517
f 2127/2675/2589 2188/2676/2590 2128/2677/2591
f 2128/2677/2591 2188/2676/2590 2141/2678/2592
f 2141/2678/2592 2188/2676/2590 2148/2679/2593
f 2141/2678/2592 2148/2679/2593 2142/2680/2594
f 2148/2679/2593 2188/2676/2590 2145/2681/2557
f 2145/2681/2557 2188/2676/2590 2144/2682/2595
f 2145/2681/2557 2144/2682/2595 2143/2683/2596
f 2145/2681/2557 2159/2684/2558 2148/2679/2593
f 2148/2679/2593 2159/2684/2558 2146/2685/2597
f 2146/2685/2597 2159/2684/2558 2147/2686/2598
g Body4

v -7.794791 -9.150000 -3.300000
v -7.794791 -8.950000 -3.500000
v -7.444791 -8.950000 -3.500000
v -7.444791 -9.150000 -3.300000
v -7.444791 -8.820000 -3.500000
v -7.444791 -8.620000 -3.300000
v -7.444791 -8.620000 0.000000
v -7.444791 -8.385000 0.000000
v -7.444791 -8.185000 0.200000
v -7.444791 -8.185000 2.595509
v -7.444791 -9.585000 2.595509
v -7.444791 -9.585000 0.200000
v -7.444791 -9.385000 0.000000
v -7.444791 -9.150000 0.000000
v -7.794791 -8.820000 -3.500000
v -7.794791 -8.620000 -3.300000
v -7.794791 -9.585000 0.200000
v -7.794791 -9.385000 0.000000
v -7.794791 -9.585000 2.595509
v -7.794791 -8.385000 0.000000
v -7.794791 -8.185000 0.200000
v -7.794791 -8.620000 0.000000
v -7.344791 -8.185000 3.045509
v -7.344791 -9.585000 3.045509
v -5.339282 -9.585000 3.045509
v -5.339282 -8.185000 3.045509
v -7.344791 -8.185000 2.695509
v -7.370673 -8.185000 2.692101
v -7.394791 -8.185000 2.682111
v -7.415501 -8.185000 2.666220
v -7.431393 -8.185000 2.645509
v -7.441383 -8.185000 2.621391
v -7.794791 -8.185000 2.595509
v -7.779457 -8.185000 2.711977
v -7.734502 -8.185000 2.820509
v -7.662989 -8.185000 2.913707
v -7.569791 -8.185000 2.985220
v -7.461259 -8.185000 3.030175
v -7.344791 -9.585000 2.695509
v -7.370673 -9.585000 2.692101
v -7.394791 -9.585000 2.682111
v -7.415501 -9.585000 2.666220
v -7.431393 -9.585000 2.645509
v -7.441383 -9.585000 2.621391
v -7.370673 -9.118333 2.692101
v -7.370673 -8.651667 2.692101
v -7.394791 -9.118333 2.682111
v -7.394791 -8.651667 2.682111
v -7.415501 -9.118333 2.666220
v -7.415501 -8.651667 2.666220
v -7.431393 -9.118333 2.645509
v -7.431393 -8.651667 2.645509
v -7.441383 -9.118333 2.621391
v -7.441383 -8.651667 2.621391
v -5.339282 -9.585000 2.695509
v -5.339282 -8.185000 2.695509
v -7.779457 -9.585000 2.711977
v -7.734502 -9.585000 2.820509
v -7.662989 -9.585000 2.913707
v -7.569791 -9.585000 2.985220
v -7.461259 -9.585000 3.030175
v -7.794791 -9.150000 0.000000
vt 0.014142 0.017500 0.000000
vt -0.014142 0.017500 0.000000
vt 0.014142 -0.017500 0.000000
vt -0.014142 -0.017500 0.000000
vt 0.580000 -0.026500 0.000000
vt 0.600000 -0.006500 0.000000
vt 0.250000 -0.026500 0.000000
vt 0.600000 0.006500 0.000000
vt 0.250000 0.026500 0.000000
vt 0.580000 0.026500 0.000000
vt 0.250000 0.050000 0.000000
vt -0.009551 0.070000 0.000000
vt -0.009551 -0.070000 0.000000
vt 0.250000 -0.050000 0.000000
vt 0.230000 -0.070000 0.000000
vt 0.230000 0.070000 0.000000
vt 0.033000 0.017500 0.000000
vt 0.020000 0.017500 0.000000
vt 0.033000 -0.017500 0.000000
vt 0.020000 -0.017500 0.000000
vt 0.014142 0.017500 0.000000
vt -0.014142 0.017500 0.000000
vt 0.014142 -0.017500 0.000000
vt -0.014142 -0.017500 0.000000
vt 0.014142 0.017500 0.000000
vt -0.014142 0.017500 0.000000
vt 0.014142 -0.017500 0.000000
vt -0.014142 -0.017500 0.000000
vt 0.020000 -0.017500 0.000000
vt 0.259551 -0.017500 0.000000
vt 0.020000 0.017500 0.000000
vt 0.259551 0.017500 0.000000
vt 0.014142 0.017500 0.000000
vt -0.014142 0.017500 0.000000
vt 0.014142 -0.017500 0.000000
vt -0.014142 -0.017500 0.000000
vt 0.020000 -0.017500 0.000000
vt 0.043500 -0.017500 0.000000
vt 0.020000 0.017500 0.000000
vt 0.043500 0.017500 0.000000
vt 0.049449 -0.070000 0.000000
vt 0.250000 -0.070000 0.000000
vt 0.049449 0.070000 0.000000
vt 0.250000 0.070000 0.000000
vt 0.000000 0.000000 0.000000
vt 0.000341 0.002588 0.000000
vt -0.035000 -0.000000 0.000000
vt -0.033467 0.011647 0.000000
vt 0.001340 0.005000 0.000000
vt -0.028971 0.022500 0.000000
vt 0.002929 0.007071 0.000000
vt -0.021820 0.031820 0.000000
vt 0.005000 0.008660 0.000000
vt -0.012500 0.038971 0.000000
vt 0.007412 0.009659 0.000000
vt -0.001647 0.043467 0.000000
vt 0.010000 0.010000 0.000000
vt 0.010000 0.045000 0.000000
vt 0.070000 0.013090 0.000000
vt 0.070000 0.015708 0.000000
vt 0.023333 0.013090 0.000000
vt -0.070000 0.015708 0.000000
vt -0.023333 0.013090 0.000000
vt -0.070000 0.013090 0.000000
vt -0.023333 0.010472 0.000000
vt -0.070000 0.010472 0.000000
vt -0.023333 0.007854 0.000000
vt -0.070000 0.007854 0.000000
vt -0.023333 0.005236 0.000000
vt -0.070000 0.005236 0.000000
vt -0.023333 0.002618 0.000000
vt -0.070000 0.002618 0.000000
vt -0.070000 0.000000 0.000000
vt 0.070000 0.000000 0.000000
vt 0.023333 0.002618 0.000000
vt 0.023333 0.005236 0.000000
vt 0.023333 0.007854 0.000000
vt 0.023333 0.010472 0.000000
vt 0.070000 0.002618 0.000000
vt 0.070000 0.005236 0.000000
vt 0.070000 0.007854 0.000000
vt 0.070000 0.010472 0.000000
vt 0.299449 -0.017500 0.000000
vt 0.500000 -0.017500 0.000000
vt 0.299449 0.017500 0.000000
vt 0.500000 0.017500 0.000000
vt 0.200551 0.017500 0.000000
vt 0.000000 0.017500 0.000000
vt 0.200551 -0.017500 0.000000
vt 0.000000 -0.017500 0.000000
vt 0.070000 0.070686 0.000000
vt -0.070000 0.070686 0.000000
vt 0.070000 0.058905 0.000000
vt -0.070000 0.058905 0.000000
vt 0.070000 0.047124 0.000000
vt -0.070000 0.047124 0.000000
vt 0.070000 0.035343 0.000000
vt -0.070000 0.035343 0.000000
vt 0.070000 0.023562 0.000000
vt -0.070000 0.023562 0.000000
vt 0.070000 0.011781 0.000000
vt -0.070000 0.011781 0.000000
vt 0.070000 0.000000 0.000000
vt -0.070000 0.000000 0.000000
vt 0.020000 -0.017500 0.000000
vt 0.350000 -0.017500 0.000000
vt 0.020000 0.017500 0.000000
vt 0.350000 0.017500 0.000000
vt 0.330000 0.017500 0.000000
vt 0.000000 0.017500 0.000000
vt 0.330000 -0.017500 0.000000
vt 0.000000 -0.017500 0.000000
vt -0.049449 0.070000 0.000000
vt -0.250000 0.070000 0.000000
vt -0.049449 -0.070000 0.000000
vt -0.250000 -0.070000 0.000000
vt 0.140000 0.017500 0.000000
vt 0.000000 0.017500 0.000000
vt 0.140000 -0.017500 0.000000
vt 0.000000 -0.017500 0.000000
vt -0.035000 0.000000 0.000000
vt -0.000000 0.000000 0.000000
vt -0.035341 0.002588 0.000000
vt -0.001533 0.011647 0.000000
vt -0.036340 0.005000 0.000000
vt -0.006029 0.022500 0.000000
vt -0.037929 0.007071 0.000000
vt -0.013180 0.031820 0.000000
vt -0.040000 0.008660 0.000000
vt -0.022500 0.038971 0.000000
vt -0.042412 0.009659 0.000000
vt -0.033353 0.043467 0.000000
vt -0.045000 0.010000 0.000000
vt -0.045000 0.045000 0.000000
vt 0.120000 0.017500 0.000000
vt 0.096500 0.017500 0.000000
vt 0.120000 -0.017500 0.000000
vt 0.096500 -0.017500 0.000000
vt 0.480000 0.017500 0.000000
vt 0.240449 0.017500 0.000000
vt 0.480000 -0.017500 0.000000
vt 0.240449 -0.017500 0.000000
vt -0.580000 -0.026500 0.000000
vt -0.250000 -0.026500 0.000000
vt -0.600000 -0.006500 0.000000
vt -0.600000 0.006500 0.000000
vt -0.250000 0.026500 0.000000
vt -0.580000 0.026500 0.000000
vt 0.009551 -0.070000 0.000000
vt -0.250000 -0.050000 0.000000
vt -0.230000 -0.070000 0.000000
vt 0.009551 0.070000 0.000000
vt -0.250000 0.050000 0.000000
vt -0.230000 0.070000 0.000000
vn 0.000000 -0.070711 -0.070711
vn 0.000000 -0.070711 -0.070711
vn 0.000000 -0.070711 -0.070711
vn 0.000000 -0.070711 -0.070711
vn 0.100000 0.000000 0.000000
vn 0.100000 0.000000 0.000000
vn 0.100000 0.000000 0.000000
vn 0.100000 0.000000 0.000000
vn 0.100000 0.000000 0.000000
vn 0.100000 0.000000 0.000000
vn 0.100000 0.000000 0.000000
vn 0.100000 0.000000 0.000000
vn 0.100000 0.000000 0.000000
vn 0.100000 0.000000 0.000000
vn 0.100000 0.000000 0.000000
vn 0.100000 0.000000 0.000000
vn 0.000000 -0.000000 -0.100000
vn 0.000000 -0.000000 -0.100000
vn 0.000000 -0.000000 -0.100000
vn 0.000000 -0.000000 -0.100000
vn -0.000000 0.070711 -0.070711
vn -0.000000 0.070711 -0.070711
vn -0.000000 0.070711 -0.070711
vn -0.000000 0.070711 -0.070711
vn 0.000000 -0.070711 -0.070711
vn 0.000000 -0.070711 -0.070711
vn 0.000000 -0.070711 -0.070711
vn 0.000000 -0.070711 -0.070711
vn 0.000000 -0.100000 0.000000
vn 0.000000 -0.100000 0.000000
vn 0.000000 -0.100000 0.000000
vn 0.000000 -0.100000 0.000000
vn -0.000000 0.070711 -0.070711
vn -0.000000 0.070711 -0.070711
vn -0.000000 0.070711 -0.070711
vn -0.000000 0.070711 -0.070711
vn 0.000000 -0.000000 -0.100000
vn 0.000000 -0.000000 -0.100000
vn 0.000000 -0.000000 -0.100000
vn 0.000000 -0.000000 -0.100000
vn 0.000000 0.000000 0.100000
vn 0.000000 0.000000 0.100000
vn 0.000000 0.000000 0.100000
vn 0.000000 0.000000 0.100000
vn -0.000000 0.100000 -0.000000
vn -0.000000 0.100000 -0.000000
vn -0.000000 0.100000 -0.000000
vn -0.000000 0.100000 -0.000000
vn -0.000000 0.100000 -0.000000
vn -0.000000 0.100000 -0.000000
vn -0.000000 0.100000 -0.000000
vn -0.000000 0.100000 -0.000000
vn -0.000000 0.100000 -0.000000
vn -0.000000 0.100000 -0.000000
vn -0.000000 0.100000 -0.000000
vn -0.000000 0.100000 -0.000000
vn -0.000000 0.100000 -0.000000
vn -0.000000 0.100000 -0.000000
vn 0.025882 -0.000000 -0.096593
vn 0.000000 -0.000000 -0.100000
vn 0.025882 -0.000000 -0.096593
vn 0.000000 -0.000000 -0.100000
vn 0.025882 -0.000000 -0.096593
vn 0.025882 -0.000000 -0.096593
vn 0.050000 0.000000 -0.086603
vn 0.050000 0.000000 -0.086603
vn 0.070711 0.000000 -0.070711
vn 0.070711 0.000000 -0.070711
vn 0.086603 0.000000 -0.050000
vn 0.086603 0.000000 -0.050000
vn 0.096593 0.000000 -0.025882
vn 0.096593 0.000000 -0.025882
vn 0.096593 0.000000 -0.025882
vn 0.086603 0.000000 -0.050000
vn 0.070711 0.000000 -0.070711
vn 0.050000 0.000000 -0.086603
vn 0.096593 0.000000 -0.025882
vn 0.086603 0.000000 -0.050000
vn 0.070711 0.000000 -0.070711
vn 0.050000 0.000000 -0.086603
vn 0.000000 -0.100000 0.000000
vn 0.000000 -0.100000 0.000000
vn 0.000000 -0.100000 0.000000
vn 0.000000 -0.100000 0.000000
vn -0.000000 0.100000 -0.000000
vn -0.000000 0.100000 -0.000000
vn -0.025882 0.000000 0.096593
vn -0.025882 0.000000 0.096593
vn -0.050000 -0.000000 0.086603
vn -0.050000 -0.000000 0.086603
vn -0.070711 -0.000000 0.070711
vn -0.070711 -0.000000 0.070711
vn -0.086603 -0.000000 0.050000
vn -0.086603 -0.000000 0.050000
vn -0.096593 -0.000000 0.025882
vn -0.096593 -0.000000 0.025882
vn -0.100000 -0.000000 -0.000000
vn -0.100000 -0.000000 -0.000000
vn 0.000000 -0.100000 0.000000
vn 0.000000 -0.100000 0.000000
vn 0.000000 -0.100000 0.000000
vn 0.000000 -0.100000 0.000000
vn -0.000000 0.100000 -0.000000
vn -0.000000 0.100000 -0.000000
vn -0.000000 0.100000 -0.000000
vn -0.000000 0.100000 -0.000000
vn -0.000000 -0.000000 -0.100000
vn -0.000000 -0.000000 -0.100000
vn 0.100000 0.000000 -0.000000
vn 0.100000 0.000000 -0.000000
vn 0.100000 0.000000 -0.000000
vn 0.100000 0.000000 -0.000000
vn 0.000000 -0.100000 0.000000
vn 0.000000 -0.100000 0.000000
vn 0.000000 -0.100000 0.000000
vn 0.000000 -0.100000 0.000000
vn 0.000000 -0.100000 0.000000
vn 0.000000 -0.100000 0.000000
vn 0.000000 -0.100000 0.000000
vn 0.000000 -0.100000 0.000000
vn 0.000000 -0.100000 0.000000
vn 0.000000 -0.100000 0.000000
vn 0.000000 -0.000000 -0.100000
vn 0.000000 -0.000000 -0.100000
vn 0.000000 -0.000000 -0.100000
vn 0.000000 -0.000000 -0.100000
vn -0.000000 0.100000 -0.000000
vn -0.000000 0.100000 -0.000000
vn -0.100000 -0.000000 -0.000000
vn -0.100000 -0.000000 -0.000000
vn -0.100000 -0.000000 -0.000000
vn -0.100000 -0.000000 -0.000000
vn -0.100000 -0.000000 -0.000000
vn -0.100000 -0.000000 -0.000000
vn -0.100000 -0.000000 -0.000000
vn -0.100000 -0.000000 -0.000000
vn -0.100000 -0.000000 -0.000000
vn -0.100000 -0.000000 -0.000000
f 2189/2687/2599 2190/2688/2600 2192/2689/2601
f 2192/2689/2601 2190/2688/2600 2191/2690/2602
f 2192/2691/2603 2191/2692/2604 2202/2693/2605
f 2202/2693/2605 2191/2692/2604 2193/2694/2606
f 2202/2693/2605 2193/2694/2606 2195/2695/2607
f 2195/2695/2607 2193/2694/2606 2194/2696/2608
f 2196/2697/2609 2198/2698/2610 2195/2695/2607
f 2195/2695/2607 2198/2698/2610 2199/2699/2611
f 2195/2695/2607 2199/2699/2611 2202/2693/2605
f 2202/2693/2605 2199/2699/2611 2201/2700/2612
f 2201/2700/2612 2199/2699/2611 2200/2701/2613
f 2196/2697/2609 2197/2702/2614 2198/2698/2610
f 2190/2703/2615 2203/2704/2616 2191/2705/2617
f 2191/2705/2617 2203/2704/2616 2193/2706/2618
f 2203/2707/2619 2204/2708/2620 2193/2709/2621
f 2193/2709/2621 2204/2708/2620 2194/2710/2622
f 2205/2711/2623 2206/2712/2624 2200/2713/2625
f 2200/2713/2625 2206/2712/2624 2201/2714/2626
f 2200/2715/2627 2199/2716/2628 2205/2717/2629
f 2205/2717/2629 2199/2716/2628 2207/2718/2630
f 2208/2719/2631 2209/2720/2632 2196/2721/2633
f 2196/2721/2633 2209/2720/2632 2197/2722/2634
f 2196/2723/2635 2195/2724/2636 2208/2725/2637
f 2208/2725/2637 2195/2724/2636 2210/2726/2638
f 2212/2727/2639 2213/2728/2640 2211/2729/2641
f 2211/2729/2641 2213/2728/2640 2214/2730/2642
f 2215/2731/2643 2216/2732/2644 2211/2733/2645
f 2211/2733/2645 2216/2732/2644 2226/2734/2646
f 2226/2734/2646 2216/2732/2644 2217/2735/2647
f 2226/2734/2646 2217/2735/2647 2225/2736/2648
f 2225/2736/2648 2217/2735/2647 2218/2737/2649
f 2225/2736/2648 2218/2737/2649 2224/2738/2650
f 2224/2738/2650 2218/2737/2649 2219/2739/2651
f 2224/2738/2650 2219/2739/2651 2223/2740/2652
f 2223/2740/2652 2219/2739/2651 2220/2741/2653
f 2223/2740/2652 2220/2741/2653 2222/2742/2654
f 2222/2742/2654 2220/2741/2653 2198/2743/2655
f 2222/2742/2654 2198/2743/2655 2221/2744/2656
f 2216/2745/2657 2215/2746/2658 2234/2747/2659
f 2234/2747/2659 2215/2746/2658 2227/2748/2660
f 2234/2747/2659 2227/2748/2660 2233/2749/2661
f 2233/2749/2661 2227/2748/2660 2228/2750/2662
f 2233/2749/2661 2228/2750/2662 2235/2751/2663
f 2235/2751/2663 2228/2750/2662 2229/2752/2664
f 2235/2751/2663 2229/2752/2664 2237/2753/2665
f 2237/2753/2665 2229/2752/2664 2230/2754/2666
f 2237/2753/2665 2230/2754/2666 2239/2755/2667
f 2239/2755/2667 2230/2754/2666 2231/2756/2668
f 2239/2755/2667 2231/2756/2668 2241/2757/2669
f 2241/2757/2669 2231/2756/2668 2232/2758/2670
f 2241/2757/2669 2232/2758/2670 2199/2759/2611
f 2199/2759/2611 2198/2760/2610 2241/2757/2669
f 2241/2757/2669 2198/2760/2610 2242/2761/2671
f 2241/2757/2669 2242/2761/2671 2239/2755/2667
f 2239/2755/2667 2242/2761/2671 2240/2762/2672
f 2239/2755/2667 2240/2762/2672 2237/2753/2665
f 2237/2753/2665 2240/2762/2672 2238/2763/2673
f 2237/2753/2665 2238/2763/2673 2235/2751/2663
f 2235/2751/2663 2238/2763/2673 2236/2764/2674
f 2235/2751/2663 2236/2764/2674 2233/2749/2661
f 2233/2749/2661 2236/2764/2674 2234/2747/2659
f 2198/2760/2610 2220/2765/2675 2242/2761/2671
f 2242/2761/2671 2220/2765/2675 2240/2762/2672
f 2220/2765/2675 2219/2766/2676 2240/2762/2672
f 2240/2762/2672 2219/2766/2676 2238/2763/2673
f 2219/2766/2676 2218/2767/2677 2238/2763/2673
f 2238/2763/2673 2218/2767/2677 2236/2764/2674
f 2218/2767/2677 2217/2768/2678 2236/2764/2674
f 2236/2764/2674 2217/2768/2678 2234/2747/2659
f 2217/2768/2678 2216/2745/2657 2234/2747/2659
f 2227/2769/2679 2243/2770/2680 2212/2771/2681
f 2212/2771/2681 2243/2770/2680 2213/2772/2682
f 2211/2773/2645 2214/2774/2683 2215/2775/2643
f 2215/2775/2643 2214/2774/2683 2244/2776/2684
f 2212/2777/2639 2211/2778/2641 2249/2779/2685
f 2249/2779/2685 2211/2778/2641 2226/2780/2686
f 2249/2779/2685 2226/2780/2686 2248/2781/2687
f 2248/2781/2687 2226/2780/2686 2225/2782/2688
f 2248/2781/2687 2225/2782/2688 2247/2783/2689
f 2247/2783/2689 2225/2782/2688 2224/2784/2690
f 2247/2783/2689 2224/2784/2690 2246/2785/2691
f 2246/2785/2691 2224/2784/2690 2223/2786/2692
f 2246/2785/2691 2223/2786/2692 2245/2787/2693
f 2245/2787/2693 2223/2786/2692 2222/2788/2694
f 2245/2787/2693 2222/2788/2694 2207/2789/2695
f 2207/2789/2695 2222/2788/2694 2221/2790/2696
f 2192/2791/2697 2202/2792/2698 2189/2793/2699
f 2189/2793/2699 2202/2792/2698 2250/2794/2700
f 2204/2795/2701 2210/2796/2702 2194/2797/2703
f 2194/2797/2703 2210/2796/2702 2195/2798/2704
f 2215/2799/2658 2244/2800/2705 2227/2801/2660
f 2227/2801/2660 2244/2800/2705 2243/2802/2706
f 2214/2803/2707 2213/2804/2708 2244/2805/2709
f 2244/2805/2709 2213/2804/2708 2243/2806/2710
f 2227/2807/2679 2212/2808/2681 2228/2809/2711
f 2228/2809/2711 2212/2808/2681 2249/2810/2712
f 2228/2809/2711 2249/2810/2712 2229/2811/2713
f 2229/2811/2713 2249/2810/2712 2248/2812/2714
f 2229/2811/2713 2248/2812/2714 2230/2813/2715
f 2230/2813/2715 2248/2812/2714 2247/2814/2716
f 2230/2813/2715 2247/2814/2716 2231/2815/2717
f 2231/2815/2717 2247/2814/2716 2246/2816/2718
f 2231/2815/2717 2246/2816/2718 2232/2817/2719
f 2232/2817/2719 2246/2816/2718 2245/2818/2720
f 2232/2817/2719 2245/2818/2720 2199/2819/2628
f 2199/2819/2628 2245/2818/2720 2207/2820/2630
f 2206/2821/2721 2250/2822/2722 2201/2823/2723
f 2201/2823/2723 2250/2822/2722 2202/2824/2724
f 2209/2825/2725 2221/2826/2656 2197/2827/2726
f 2197/2827/2726 2221/2826/2656 2198/2828/2655
f 2189/2829/2727 2250/2830/2728 2190/2831/2729
f 2190/2831/2729 2250/2830/2728 2203/2832/2730
f 2203/2832/2730 2250/2830/2728 2210/2833/2731
f 2203/2832/2730 2210/2833/2731 2204/2834/2732
f 2210/2833/2731 2250/2830/2728 2207/2835/2695
f 2207/2835/2695 2250/2830/2728 2206/2836/2733
f 2207/2835/2695 2206/2836/2733 2205/2837/2734
f 2207/2835/2695 2221/2838/2696 2210/2833/2731
f 2210/2833/2731 2221/2838/2696 2208/2839/2735
f 2208/2839/2735 2221/2838/2696 2209/2840/2736
g Body5

v -7.794791 -6.610000 -3.300000
v -7.794791 -6.410000 -3.500000
v -7.444791 -6.410000 -3.500000
v -7.444791 -6.610000 -3.300000
v -7.444791 -6.280000 -3.500000
v -7.444791 -6.080000 -3.300000
v -7.444791 -6.080000 0.000000
v -7.444791 -5.845000 0.000000
v -7.444791 -5.645000 0.200000
v -7.444791 -5.645000 2.595509
v -7.444791 -7.045000 2.595509
v -7.444791 -7.045000 0.200000
v -7.444791 -6.845000 0.000000
v -7.444791 -6.610000 0.000000
v -7.794791 -6.280000 -3.500000
v -7.794791 -6.080000 -3.300000
v -7.794791 -7.045000 0.200000
v -7.794791 -6.845000 0.000000
v -7.794791 -7.045000 2.595509
v -7.794791 -5.845000 0.000000
v -7.794791 -5.645000 0.200000
v -7.794791 -6.080000 0.000000
v -7.344791 -5.645000 3.045509
v -7.344791 -7.045000 3.045509
v -5.339282 -7.045000 3.045509
v -5.339282 -5.645000 3.045509
v -7.344791 -5.645000 2.695509
v -7.370673 -5.645000 2.692101
v -7.394791 -5.645000 2.682111
v -7.415501 -5.645000 2.666220
v -7.431393 -5.645000 2.645509
v -7.441383 -5.645000 2.621391
v -7.794791 -5.645000 2.595509
v -7.779457 -5.645000 2.711977
v -7.734502 -5.645000 2.820509
v -7.662989 -5.645000 2.913707
v -7.569791 -5.645000 2.985220
v -7.461259 -5.645000 3.030175
v -7.344791 -7.045000 2.695509
v -7.370673 -7.045000 2.692101
v -7.394791 -7.045000 2.682111
v -7.415501 -7.045000 2.666220
v -7.431393 -7.045000 2.645509
v -7.441383 -7.045000 2.621391
v -7.370673 -6.578333 2.692101
v -7.370673 -6.111667 2.692101
v -7.394791 -6.578333 2.682111
v -7.394791 -6.111667 2.682111
v -7.415501 -6.578333 2.666220
v -7.415501 -6.111667 2.666220
v -7.431393 -6.578333 2.645509
v -7.431393 -6.111667 2.645509
v -7.441383 -6.578333 2.621391
v -7.441383 -6.111667 2.621391
v -5.339282 -7.045000 2.695509
v -5.339282 -5.645000 2.695509
v -7.779457 -7.045000 2.711977
v -7.734502 -7.045000 2.820509
v -7.662989 -7.045000 2.913707
v -7.569791 -7.045000 2.985220
v -7.461259 -7.045000 3.030175
v -7.794791 -6.610000 0.000000
vt 0.014142 0.017500 0.000000
vt -0.014142 0.017500 0.000000
vt 0.014142 -0.017500 0.000000
vt -0.014142 -0.017500 0.000000
vt 0.580000 -0.026500 0.000000
vt 0.600000 -0.006500 0.000000
vt 0.250000 -0.026500 0.000000
vt 0.600000 0.006500 0.000000
vt 0.250000 0.026500 0.000000
vt 0.580000 0.026500 0.000000
vt 0.250000 0.050000 0.000000
vt -0.009551 0.070000 0.000000
vt -0.009551 -0.070000 0.000000
vt 0.250000 -0.050000 0.000000
vt 0.230000 -0.070000 0.000000
vt 0.230000 0.070000 0.000000
vt 0.033000 0.017500 0.000000
vt 0.020000 0.017500 0.000000
vt 0.033000 -0.017500 0.000000
vt 0.020000 -0.017500 0.000000
vt 0.014142 0.017500 0.000000
vt -0.014142 0.017500 0.000000
vt 0.014142 -0.017500 0.000000
vt -0.014142 -0.017500 0.000000
vt 0.014142 0.017500 0.000000
vt -0.014142 0.017500 0.000000
vt 0.014142 -0.017500 0.000000
vt -0.014142 -0.017500 0.000000
vt 0.020000 -0.017500 0.000000
vt 0.259551 -0.017500 0.000000
vt 0.020000 0.017500 0.000000
vt 0.259551 0.017500 0.000000
vt 0.014142 0.017500 0.000000
vt -0.014142 0.017500 0.000000
vt 0.014142 -0.017500 0.000000
vt -0.014142 -0.017500 0.000000
vt 0.020000 -0.017500 0.000000
vt 0.043500 -0.017500 0.000000
vt 0.020000 0.017500 0.000000
vt 0.043500 0.017500 0.000000
vt 0.049449 -0.070000 0.000000
vt 0.250000 -0.070000 0.000000
vt 0.049449 0.070000 0.000000
vt 0.250000 0.070000 0.000000
vt 0.000000 0.000000 0.000000
vt 0.000341 0.002588 0.000000
vt -0.035000 -0.000000 0.000000
vt -0.033467 0.011647 0.000000
vt 0.001340 0.005000 0.000000
vt -0.028971 0.022500 0.000000
vt 0.002929 0.007071 0.000000
vt -0.021820 0.031820 0.000000
vt 0.005000 0.008660 0.000000
vt -0.012500 0.038971 0.000000
vt 0.007412 0.009659 0.000000
vt -0.001647 0.043467 0.000000
vt 0.010000 0.010000 0.000000
vt 0.010000 0.045000 0.000000
vt 0.070000 0.013090 0.000000
vt 0.070000 0.015708 0.000000
vt 0.023333 0.013090 0.000000
vt -0.070000 0.015708 0.000000
vt -0.023333 0.013090 0.000000
vt -0.070000 0.013090 0.000000
vt -0.023333 0.010472 0.000000
vt -0.070000 0.010472 0.000000
vt -0.023333 0.007854 0.000000
vt -0.070000 0.007854 0.000000
vt -0.023333 0.005236 0.000000
vt -0.070000 0.005236 0.000000
vt -0.023333 0.002618 0.000000
vt -0.070000 0.002618 0.000000
vt -0.070000 0.000000 0.000000
vt 0.070000 0.000000 0.000000
vt 0.023333 0.002618 0.000000
vt 0.023333 0.005236 0.000000
vt 0.023333 0.007854 0.000000
vt 0.023333 0.010472 0.000000
vt 0.070000 0.002618 0.000000
vt 0.070000 0.005236 0.000000
vt 0.070000 0.007854 0.000000
vt 0.070000 0.010472 0.000000
vt 0.299449 -0.017500 0.000000
vt 0.500000 -0.017500 0.000000
vt 0.299449 0.017500 0.000000
vt 0.500000 0.017500 0.000000
vt 0.200551 0.017500 0.000000
vt 0.000000 0.017500 0.000000
vt 0.200551 -0.017500 0.000000
vt 0.000000 -0.017500 0.000000
vt 0.070000 0.070686 0.000000
vt -0.070000 0.070686 0.000000
vt 0.070000 0.058905 0.000000
vt -0.070000 0.058905 0.000000
vt 0.070000 0.047124 0.000000
vt -0.070000 0.047124 0.000000
vt 0.070000 0.035343 0.000000
vt -0.070000 0.035343 0.000000
vt 0.070000 0.023562 0.000000
vt -0.070000 0.023562 0.000000
vt 0.070000 0.011781 0.000000
vt -0.070000 0.011781 0.000000
vt 0.070000 0.000000 0.000000
vt -0.070000 0.000000 0.000000
vt 0.020000 -0.017500 0.000000
vt 0.350000 -0.017500 0.000000
vt 0.020000 0.017500 0.000000
vt 0.350000 0.017500 0.000000
vt 0.330000 0.017500 0.000000
vt 0.000000 0.017500 0.000000
vt 0.330000 -0.017500 0.000000
vt 0.000000 -0.017500 0.000000
vt -0.049449 0.070000 0.000000
vt -0.250000 0.070000 0.000000
vt -0.049449 -0.070000 0.000000
vt -0.250000 -0.070000 0.000000
vt 0.140000 0.017500 0.000000
vt 0.000000 0.017500 0.000000
vt 0.140000 -0.017500 0.000000
vt 0.000000 -0.017500 0.000000
vt -0.035000 0.000000 0.000000
vt -0.000000 0.000000 0.000000
vt -0.035341 0.002588 0.000000
vt -0.001533 0.011647 0.000000
vt -0.036340 0.005000 0.000000
vt -0.006029 0.022500 0.000000
vt -0.037929 0.007071 0.000000
vt -0.013180 0.031820 0.000000
vt -0.040000 0.008660 0.000000
vt -0.022500 0.038971 0.000000
vt -0.042412 0.009659 0.000000
vt -0.033353 0.043467 0.000000
vt -0.045000 0.010000 0.000000
vt -0.045000 0.045000 0.000000
vt 0.120000 0.017500 0.000000
vt 0.096500 0.017500 0.000000
vt 0.120000 -0.017500 0.000000
vt 0.096500 -0.017500 0.000000
vt 0.480000 0.017500 0.000000
vt 0.240449 0.017500 0.000000
vt 0.480000 -0.017500 0.000000
vt 0.240449 -0.017500 0.000000
vt -0.580000 -0.026500 0.000000
vt -0.250000 -0.026500 0.000000
vt -0.600000 -0.006500 0.000000
vt -0.600000 0.006500 0.000000
vt -0.250000 0.026500 0.000000
vt -0.580000 0.026500 0.000000
vt 0.009551 -0.070000 0.000000
vt -0.250000 -0.050000 0.000000
vt -0.230000 -0.070000 0.000000
vt 0.009551 0.070000 0.000000
vt -0.250000 0.050000 0.000000
vt -0.230000 0.070000 0.000000
vn 0.000000 -0.070711 -0.070711
vn 0.000000 -0.070711 -0.070711
vn 0.000000 -0.070711 -0.070711
vn 0.000000 -0.070711 -0.070711
vn 0.100000 0.000000 0.000000
vn 0.100000 0.000000 0.000000
vn 0.100000 0.000000 0.000000
vn 0.100000 0.000000 0.000000
vn 0.100000 0.000000 0.000000
vn 0.100000 0.000000 0.000000
vn 0.100000 0.000000 0.000000
vn 0.100000 0.000000 0.000000
vn 0.100000 0.000000 0.000000
vn 0.100000 0.000000 0.000000
vn 0.100000 0.000000 0.000000
vn 0.100000 0.000000 0.000000
vn 0.000000 -0.000000 -0.100000
vn 0.000000 -0.000000 -0.100000
vn 0.000000 -0.000000 -0.100000
vn 0.000000 -0.000000 -0.100000
vn -0.000000 0.070711 -0.070711
vn -0.000000 0.070711 -0.070711
vn -0.000000 0.070711 -0.070711
vn -0.000000 0.070711 -0.070711
vn 0.000000 -0.070711 -0.070711
vn 0.000000 -0.070711 -0.070711
vn 0.000000 -0.070711 -0.070711
vn 0.000000 -0.070711 -0.070711
vn 0.000000 -0.100000 0.000000
vn 0.000000 -0.100000 0.000000
vn 0.000000 -0.100000 0.000000
vn 0.000000 -0.100000 0.000000
vn -0.000000 0.070711 -0.070711
vn -0.000000 0.070711 -0.070711
vn -0.000000 0.070711 -0.070711
vn -0.000000 0.070711 -0.070711
vn 0.000000 -0.000000 -0.100000
vn 0.000000 -0.000000 -0.100000
vn 0.000000 -0.000000 -0.100000
vn 0.000000 -0.000000 -0.100000
vn 0.000000 0.000000 0.100000
vn 0.000000 0.000000 0.100000
vn 0.000000 0.000000 0.100000
vn 0.000000 0.000000 0.100000
vn -0.000000 0.100000 -0.000000
vn -0.000000 0.100000 -0.000000
vn -0.000000 0.100000 -0.000000
vn -0.000000 0.100000 -0.000000
vn -0.000000 0.100000 -0.000000
vn -0.000000 0.100000 -0.000000
vn -0.000000 0.100000 -0.000000
vn -0.000000 0.100000 -0.000000
vn -0.000000 0.100000 -0.000000
vn -0.000000 0.100000 -0.000000
vn -0.000000 0.100000 -0.000000
vn -0.000000 0.100000 -0.000000
vn -0.000000 0.100000 -0.000000
vn -0.000000 0.100000 -0.000000
vn 0.025882 -0.000000 -0.096593
vn 0.000000 -0.000000 -0.100000
vn 0.025882 -0.000000 -0.096593
vn 0.000000 -0.000000 -0.100000
vn 0.025882 -0.000000 -0.096593
vn 0.025882 -0.000000 -0.096593
vn 0.050000 0.000000 -0.086603
vn 0.050000 0.000000 -0.086603
vn 0.070711 0.000000 -0.070711
vn 0.070711 0.000000 -0.070711
vn 0.086603 0.000000 -0.050000
vn 0.086603 0.000000 -0.050000
vn 0.096593 0.000000 -0.025882
vn 0.096593 0.000000 -0.025882
vn 0.096593 0.000000 -0.025882
vn 0.086603 0.000000 -0.050000
vn 0.070711 0.000000 -0.070711
vn 0.050000 0.000000 -0.086603
vn 0.096593 0.000000 -0.025882
vn 0.086603 0.000000 -0.050000
vn 0.070711 0.000000 -0.070711
vn 0.050000 0.000000 -0.086603
vn 0.000000 -0.100000 0.000000
vn 0.000000 -0.100000 0.000000
vn 0.000000 -0.100000 0.000000
vn 0.000000 -0.100000 0.000000
vn -0.000000 0.100000 -0.000000
vn -0.000000 0.100000 -0.000000
vn -0.025882 0.000000 0.096593
vn -0.025882 0.000000 0.096593
vn -0.050000 -0.000000 0.086603
vn -0.050000 -0.000000 0.086603
vn -0.070711 -0.000000 0.070711
vn -0.070711 -0.000000 0.070711
vn -0.086603 -0.000000 0.050000
vn -0.086603 -0.000000 0.050000
vn -0.096593 -0.000000 0.025882
vn -0.096593 -0.000000 0.025882
vn -0.100000 -0.000000 -0.000000
vn -0.100000 -0.000000 -0.000000
vn 0.000000 -0.100000 0.000000
vn 0.000000 -0.100000 0.000000
vn 0.000000 -0.100000 0.000000
vn 0.000000 -0.100000 0.000000
vn -0.000000 0.100000 -0.000000
vn -0.000000 0.100000 -0.000000
vn -0.000000 0.100000 -0.000000
vn -0.000000 0.100000 -0.000000
vn -0.000000 -0.000000 -0.100000
vn -0.000000 -0.000000 -0.100000
vn 0.100000 0.000000 -0.000000
vn 0.100000 0.000000 -0.000000
vn 0.100000 0.000000 -0.000000
vn 0.100000 0.000000 -0.000000
vn 0.000000 -0.100000 0.000000
vn 0.000000 -0.100000 0.000000
vn 0.000000 -0.100000 0.000000
vn 0.000000 -0.100000 0.000000
vn 0.000000 -0.100000 0.000000
vn 0.000000 -0.100000 0.000000
vn 0.000000 -0.100000 0.000000
vn 0.000000 -0.100000 0.000000
vn 0.000000 -0.100000 0.000000
vn 0.000000 -0.100000 0.000000
vn 0.000000 -0.000000 -0.100000
vn 0.000000 -0.000000 -0.100000
vn 0.000000 -0.000000 -0.100000
vn 0.000000 -0.000000 -0.100000
vn -0.000000 0.100000 -0.000000
vn -0.000000 0.100000 -0.000000
vn -0.100000 -0.000000 -0.000000
vn -0.100000 -0.000000 -0.000000
vn -0.100000 -0.000000 -0.000000
vn -0.100000 -0.000000 -0.000000
vn -0.100000 -0.000000 -0.000000
vn -0.100000 -0.000000 -0.000000
vn -0.100000 -0.000000 -0.000000
vn -0.100000 -0.000000 -0.000000
vn -0.100000 -0.000000 -0.000000
vn -0.100000 -0.000000 -0.000000
f 2251/2841/2737 2252/2842/2738 2254/2843/2739
f 2254/2843/2739 2252/2842/2738 2253/2844/2740
f 2254/2845/2741 2253/2846/2742 2264/2847/2743
f 2264/2847/2743 2253/2846/2742 2255/2848/2744
f 2264/2847/2743 2255/2848/2744 2257/2849/2745
f 2257/2849/2745 2255/2848/2744 2256/2850/2746
f 2258/2851/2747 2260/2852/2748 2257/2849/2745
f 2257/2849/2745 2260/2852/2748 2261/2853/2749
f 2257/2849/2745 2261/2853/2749 2264/2847/2743
f 2264/2847/2743 2261/2853/2749 2263/2854/2750
f 2263/2854/2750 2261/2853/2749 2262/2855/2751
f 2258/2851/2747 2259/2856/2752 2260/2852/2748
f 2252/2857/2753 2265/2858/2754 2253/2859/2755
f 2253/2859/2755 2265/2858/2754 2255/2860/2756
f 2265/2861/2757 2266/2862/2758 2255/2863/2759
f 2255/2863/2759 2266/2862/2758 2256/2864/2760
f 2267/2865/2761 2268/2866/2762 2262/2867/2763
f 2262/2867/2763 2268/2866/2762 2263/2868/2764
f 2262/2869/2765 2261/2870/2766 2267/2871/2767
f 2267/2871/2767 2261/2870/2766 2269/2872/2768
f 2270/2873/2769 2271/2874/2770 2258/2875/2771
f 2258/2875/2771 2271/2874/2770 2259/2876/2772
f 2258/2877/2773 2257/2878/2774 2270/2879/2775
f 2270/2879/2775 2257/2878/2774 2272/2880/2776
f 2274/2881/2777 2275/2882/2778 2273/2883/2779
f 2273/2883/2779 2275/2882/2778 2276/2884/2780
f 2277/2885/2781 2278/2886/2782 2273/2887/2783
f 2273/2887/2783 2278/2886/2782 2288/2888/2784
f 2288/2888/2784 2278/2886/2782 2279/2889/2785
f 2288/2888/2784 2279/2889/2785 2287/2890/2786
f 2287/2890/2786 2279/2889/2785 2280/2891/2787
f 2287/2890/2786 2280/2891/2787 2286/2892/2788
f 2286/2892/2788 2280/2891/2787 2281/2893/2789
f 2286/2892/2788 2281/2893/2789 2285/2894/2790
f 2285/2894/2790 2281/2893/2789 2282/2895/2791
f 2285/2894/2790 2282/2895/2791 2284/2896/2792
f 2284/2896/2792 2282/2895/2791 2260/2897/2793
f 2284/2896/2792 2260/2897/2793 2283/2898/2794
f 2278/2899/2795 2277/2900/2796 2296/2901/2797
f 2296/2901/2797 2277/2900/2796 2289/2902/2798
f 2296/2901/2797 2289/2902/2798 2295/2903/2799
f 2295/2903/2799 2289/2902/2798 2290/2904/2800
f 2295/2903/2799 2290/2904/2800 2297/2905/2801
f 2297/2905/2801 2290/2904/2800 2291/2906/2802
f 2297/2905/2801 2291/2906/2802 2299/2907/2803
f 2299/2907/2803 2291/2906/2802 2292/2908/2804
f 2299/2907/2803 2292/2908/2804 2301/2909/2805
f 2301/2909/2805 2292/2908/2804 2293/2910/2806
f 2301/2909/2805 2293/2910/2806 2303/2911/2807
f 2303/2911/2807 2293/2910/2806 2294/2912/2808
f 2303/2911/2807 2294/2912/2808 2261/2913/2749
f 2261/2913/2749 2260/2914/2748 2303/2911/2807
f 2303/2911/2807 2260/2914/2748 2304/2915/2809
f 2303/2911/2807 2304/2915/2809 2301/2909/2805
f 2301/2909/2805 2304/2915/2809 2302/2916/2810
f 2301/2909/2805 2302/2916/2810 2299/2907/2803
f 2299/2907/2803 2302/2916/2810 2300/2917/2811
f 2299/2907/2803 2300/2917/2811 2297/2905/2801
f 2297/2905/2801 2300/2917/2811 2298/2918/2812
f 2297/2905/2801 2298/2918/2812 2295/2903/2799
f 2295/2903/2799 2298/2918/2812 2296/2901/2797
f 2260/2914/2748 2282/2919/2813 2304/2915/2809
f 2304/2915/2809 2282/2919/2813 2302/2916/2810
f 2282/2919/2813 2281/2920/2814 2302/2916/2810
f 2302/2916/2810 2281/2920/2814 2300/2917/2811
f 2281/2920/2814 2280/2921/2815 2300/2917/2811
f 2300/2917/2811 2280/2921/2815 2298/2918/2812
f 2280/2921/2815 2279/2922/2816 2298/2918/2812
f 2298/2918/2812 2279/2922/2816 2296/2901/2797
f 2279/2922/2816 2278/2899/2795 2296/2901/2797
f 2289/2923/2817 2305/2924/2818 2274/2925/2819
f 2274/2925/2819 2305/2924/2818 2275/2926/2820
f 2273/2927/2783 2276/2928/2821 2277/2929/2781
f 2277/2929/2781 2276/2928/2821 2306/2930/2822
f 2274/2931/2777 2273/2932/2779 2311/2933/2823
f 2311/2933/2823 2273/2932/2779 2288/2934/2824
f 2311/2933/2823 2288/2934/2824 2310/2935/2825
f 2310/2935/2825 2288/2934/2824 2287/2936/2826
f 2310/2935/2825 2287/2936/2826 2309/2937/2827
f 2309/2937/2827 2287/2936/2826 2286/2938/2828
f 2309/2937/2827 2286/2938/2828 2308/2939/2829
f 2308/2939/2829 2286/2938/2828 2285/2940/2830
f 2308/2939/2829 2285/2940/2830 2307/2941/2831
f 2307/2941/2831 2285/2940/2830 2284/2942/2832
f 2307/2941/2831 2284/2942/2832 2269/2943/2833
f 2269/2943/2833 2284/2942/2832 2283/2944/2834
f 2254/2945/2835 2264/2946/2836 2251/2947/2837
f 2251/2947/2837 2264/2946/2836 2312/2948/2838
f 2266/2949/2839 2272/2950/2840 2256/2951/2841
f 2256/2951/2841 2272/2950/2840 2257/2952/2842
f 2277/2953/2796 2306/2954/2843 2289/2955/2798
f 2289/2955/2798 2306/2954/2843 2305/2956/2844
f 2276/2957/2845 2275/2958/2846 2306/2959/2847
f 2306/2959/2847 2275/2958/2846 2305/2960/2848
f 2289/2961/2817 2274/2962/2819 2290/2963/2849
f 2290/2963/2849 2274/2962/2819 2311/2964/2850
f 2290/2963/2849 2311/2964/2850 2291/2965/2851
f 2291/2965/2851 2311/2964/2850 2310/2966/2852
f 2291/2965/2851 2310/2966/2852 2292/2967/2853
f 2292/2967/2853 2310/2966/2852 2309/2968/2854
f 2292/2967/2853 2309/2968/2854 2293/2969/2855
f 2293/2969/2855 2309/2968/2854 2308/2970/2856
f 2293/2969/2855 2308/2970/2856 2294/2971/2857
f 2294/2971/2857 2308/2970/2856 2307/2972/2858
f 2294/2971/2857 2307/2972/2858 2261/2973/2766
f 2261/2973/2766 2307/2972/2858 2269/2974/2768
f 2268/2975/2859 2312/2976/2860 2263/2977/2861
f 2263/2977/2861 2312/2976/2860 2264/2978/2862
f 2271/2979/2863 2283/2980/2794 2259/2981/2864
f 2259/2981/2864 2283/2980/2794 2260/2982/2793
f 2251/2983/2865 2312/2984/2866 2252/2985/2867
f 2252/2985/2867 2312/2984/2866 2265/2986/2868
f 2265/2986/2868 2312/2984/2866 2272/2987/2869
f 2265/2986/2868 2272/2987/2869 2266/2988/2870
f 2272/2987/2869 2312/2984/2866 2269/2989/2833
f 2269/2989/2833 2312/2984/2866 2268/2990/2871
f 2269/2989/2833 2268/2990/2871 2267/2991/2872
f 2269/2989/2833 2283/2992/2834 2272/2987/2869
f 2272/2987/2869 2283/2992/2834 2270/2993/2873
f 2270/2993/2873 2283/2992/2834 2271/2994/2874
g Body6

v -7.794791 -4.070000 -3.300000
v -7.794791 -3.870000 -3.500000
v -7.444791 -3.870000 -3.500000
v -7.444791 -4.070000 -3.300000
v -7.444791 -3.740000 -3.500000
v -7.444791 -3.540000 -3.300000
v -7.444791 -3.540000 0.000000
v -7.444791 -3.305000 0.000000
v -7.444791 -3.105000 0.200000
v -7.444791 -3.105000 2.595509
v -7.444791 -4.505000 2.595509
v -7.444791 -4.505000 0.200000
v -7.444791 -4.305000 0.000000
v -7.444791 -4.070000 0.000000
v -7.794791 -3.740000 -3.500000
v -7.794791 -3.540000 -3.300000
v -7.794791 -4.505000 0.200000
v -7.794791 -4.305000 0.000000
v -7.794791 -4.505000 2.595509
v -7.794791 -3.305000 0.000000
v -7.794791 -3.105000 0.200000
v -7.794791 -3.540000 0.000000
v -7.344791 -3.105000 3.045509
v -7.344791 -4.505000 3.045509
v -5.339282 -4.505000 3.045509
v -5.339282 -3.105000 3.045509
v -7.344791 -3.105000 2.695509
v -7.370673 -3.105000 2.692101
v -7.394791 -3.105000 2.682111
v -7.415501 -3.105000 2.666220
v -7.431393 -3.105000 2.645509
v -7.441383 -3.105000 2.621391
v -7.794791 -3.105000 2.595509
v -7.779457 -3.105000 2.711977
v -7.734502 -3.105000 2.820509
v -7.662989 -3.105000 2.913707
v -7.569791 -3.105000 2.985220
v -7.461259 -3.105000 3.030175
v -7.344791 -4.505000 2.695509
v -7.370673 -4.505000 2.692101
v -7.394791 -4.505000 2.682111
v -7.415501 -4.505000 2.666220
v -7.431393 -4.505000 2.645509
v -7.441383 -4.505000 2.621391
v -7.370673 -4.038333 2.692101
v -7.370673 -3.571667 2.692101
v -7.394791 -4.038333 2.682111
v -7.394791 -3.571667 2.682111
v -7.415501 -4.038333 2.666220
v -7.415501 -3.571667 2.666220
v -7.431393 -4.038333 2.645509
v -7.431393 -3.571667 2.645509
v -7.441383 -4.038333 2.621391
v -7.441383 -3.571667 2.621391
v -5.339282 -4.505000 2.695509
v -5.339282 -3.105000 2.695509
v -7.779457 -4.505000 2.711977
v -7.734502 -4.505000 2.820509
v -7.662989 -4.505000 2.913707
v -7.569791 -4.505000 2.985220
v -7.461259 -4.505000 3.030175
v -7.794791 -4.070000 0.000000
vt 0.014142 0.017500 0.000000
vt -0.014142 0.017500 0.000000
vt 0.014142 -0.017500 0.000000
vt -0.014142 -0.017500 0.000000
vt 0.580000 -0.026500 0.000000
vt 0.600000 -0.006500 0.000000
vt 0.250000 -0.026500 0.000000
vt 0.600000 0.006500 0.000000
vt 0.250000 0.026500 0.000000
vt 0.580000 0.026500 0.000000
vt 0.250000 0.050000 0.000000
vt -0.009551 0.070000 0.000000
vt -0.009551 -0.070000 0.000000
vt 0.250000 -0.050000 0.000000
vt 0.230000 -0.070000 0.000000
vt 0.230000 0.070000 0.000000
vt 0.033000 0.017500 0.000000
vt 0.020000 0.017500 0.000000
vt 0.033000 -0.017500 0.000000
vt 0.020000 -0.017500 0.000000
vt 0.014142 0.017500 0.000000
vt -0.014142 0.017500 0.000000
vt 0.014142 -0.017500 0.000000
vt -0.014142 -0.017500 0.000000
vt 0.014142 0.017500 0.000000
vt -0.014142 0.017500 0.000000
vt 0.014142 -0.017500 0.000000
vt -0.014142 -0.017500 0.000000
vt 0.020000 -0.017500 0.000000
vt 0.259551 -0.017500 0.000000
vt 0.020000 0.017500 0.000000
vt 0.259551 0.017500 0.000000
vt 0.014142 0.017500 0.000000
vt -0.014142 0.017500 0.000000
vt 0.014142 -0.017500 0.000000
vt -0.014142 -0.017500 0.000000
vt 0.020000 -0.017500 0.000000
vt 0.043500 -0.017500 0.000000
vt 0.020000 0.017500 0.000000
vt 0.043500 0.017500 0.000000
vt 0.049449 -0.070000 0.000000
vt 0.250000 -0.070000 0.000000
vt 0.049449 0.070000 0.000000
vt 0.250000 0.070000 0.000000
vt 0.000000 0.000000 0.000000
vt 0.000341 0.002588 0.000000
vt -0.035000 -0.000000 0.000000
vt -0.033467 0.011647 0.000000
vt 0.001340 0.005000 0.000000
vt -0.028971 0.022500 0.000000
vt 0.002929 0.007071 0.000000
vt -0.021820 0.031820 0.000000
vt 0.005000 0.008660 0.000000
vt -0.012500 0.038971 0.000000
vt 0.007412 0.009659 0.000000
vt -0.001647 0.043467 0.000000
vt 0.010000 0.010000 0.000000
vt 0.010000 0.045000 0.000000
vt 0.070000 0.013090 0.000000
vt 0.070000 0.015708 0.000000
vt 0.023333 0.013090 0.000000
vt -0.070000 0.015708 0.000000
vt -0.023333 0.013090 0.000000
vt -0.070000 0.013090 0.000000
vt -0.023333 0.010472 0.000000
vt -0.070000 0.010472 0.000000
vt -0.023333 0.007854 0.000000
vt -0.070000 0.007854 0.000000
vt -0.023333 0.005236 0.000000
vt -0.070000 0.005236 0.000000
vt -0.023333 0.002618 0.000000
vt -0.070000 0.002618 0.000000
vt -0.070000 0.000000 0.000000
vt 0.070000 0.000000 0.000000
vt 0.023333 0.002618 0.000000
vt 0.023333 0.005236 0.000000
vt 0.023333 0.007854 0.000000
vt 0.023333 0.010472 0.000000
vt 0.070000 0.002618 0.000000
vt 0.070000 0.005236 0.000000
vt 0.070000 0.007854 0.000000
vt 0.070000 0.010472 0.000000
vt 0.299449 -0.017500 0.000000
vt 0.500000 -0.017500 0.000000
vt 0.299449 0.017500 0.000000
vt 0.500000 0.017500 0.000000
vt 0.200551 0.017500 0.000000
vt 0.000000 0.017500 0.000000
vt 0.200551 -0.017500 0.000000
vt 0.000000 -0.017500 0.000000
vt 0.070000 0.070686 0.000000
vt -0.070000 0.070686 0.000000
vt 0.070000 0.058905 0.000000
vt -0.070000 0.058905 0.000000
vt 0.070000 0.047124 0.000000
vt -0.070000 0.047124 0.000000
vt 0.070000 0.035343 0.000000
vt -0.070000 0.035343 0.000000
vt 0.070000 0.023562 0.000000
vt -0.070000 0.023562 0.000000
vt 0.070000 0.011781 0.000000
vt -0.070000 0.011781 0.000000
vt 0.070000 0.000000 0.000000
vt -0.070000 0.000000 0.000000
vt 0.020000 -0.017500 0.000000
vt 0.350000 -0.017500 0.000000
vt 0.020000 0.017500 0.000000
vt 0.350000 0.017500 0.000000
vt 0.330000 0.017500 0.000000
vt 0.000000 0.017500 0.000000
vt 0.330000 -0.017500 0.000000
vt 0.000000 -0.017500 0.000000
vt -0.049449 0.070000 0.000000
vt -0.250000 0.070000 0.000000
vt -0.049449 -0.070000 0.000000
vt -0.250000 -0.070000 0.000000
vt 0.140000 0.017500 0.000000
vt 0.000000 0.017500 0.000000
vt 0.140000 -0.017500 0.000000
vt 0.000000 -0.017500 0.000000
vt -0.035000 0.000000 0.000000
vt -0.000000 0.000000 0.000000
vt -0.035341 0.002588 0.000000
vt -0.001533 0.011647 0.000000
vt -0.036340 0.005000 0.000000
vt -0.006029 0.022500 0.000000
vt -0.037929 0.007071 0.000000
vt -0.013180 0.031820 0.000000
vt -0.040000 0.008660 0.000000
vt -0.022500 0.038971 0.000000
vt -0.042412 0.009659 0.000000
vt -0.033353 0.043467 0.000000
vt -0.045000 0.010000 0.000000
vt -0.045000 0.045000 0.000000
vt 0.120000 0.017500 0.000000
vt 0.096500 0.017500 0.000000
vt 0.120000 -0.017500 0.000000
vt 0.096500 -0.017500 0.000000
vt 0.480000 0.017500 0.000000
vt 0.240449 0.017500 0.000000
vt 0.480000 -0.017500 0.000000
vt 0.240449 -0.017500 0.000000
vt -0.580000 -0.026500 0.000000
vt -0.250000 -0.026500 0.000000
vt -0.600000 -0.006500 0.000000
vt -0.600000 0.006500 0.000000
vt -0.250000 0.026500 0.000000
vt -0.580000 0.026500 0.000000
vt 0.009551 -0.070000 0.000000
vt -0.250000 -0.050000 0.000000
vt -0.230000 -0.070000 0.000000
vt 0.009551 0.070000 0.000000
vt -0.250000 0.050000 0.000000
vt -0.230000 0.070000 0.000000
vn 0.000000 -0.070711 -0.070711
vn 0.000000 -0.070711 -0.070711
vn 0.000000 -0.070711 -0.070711
vn 0.000000 -0.070711 -0.070711
vn 0.100000 0.000000 0.000000
vn 0.100000 0.000000 0.000000
vn 0.100000 0.000000 0.000000
vn 0.100000 0.000000 0.000000
vn 0.100000 0.000000 0.000000
vn 0.100000 0.000000 0.000000
vn 0.100000 0.000000 0.000000
vn 0.100000 0.000000 0.000000
vn 0.100000 0.000000 0.000000
vn 0.100000 0.000000 0.000000
vn 0.100000 0.000000 0.000000
vn 0.100000 0.000000 0.000000
vn 0.000000 -0.000000 -0.100000
vn 0.000000 -0.000000 -0.100000
vn 0.000000 -0.000000 -0.100000
vn 0.000000 -0.000000 -0.100000
vn -0.000000 0.070711 -0.070711
vn -0.000000 0.070711 -0.070711
vn -0.000000 0.070711 -0.070711
vn -0.000000 0.070711 -0.070711
vn 0.000000 -0.070711 -0.070711
vn 0.000000 -0.070711 -0.070711
vn 0.000000 -0.070711 -0.070711
vn 0.000000 -0.070711 -0.070711
vn 0.000000 -0.100000 0.000000
vn 0.000000 -0.100000 0.000000
vn 0.000000 -0.100000 0.000000
vn 0.000000 -0.100000 0.000000
vn -0.000000 0.070711 -0.070711
vn -0.000000 0.070711 -0.070711
vn -0.000000 0.070711 -0.070711
vn -0.000000 0.070711 -0.070711
vn 0.000000 -0.000000 -0.100000
vn 0.000000 -0.000000 -0.100000
vn 0.000000 -0.000000 -0.100000
vn 0.000000 -0.000000 -0.100000
vn 0.000000 0.000000 0.100000
vn 0.000000 0.000000 0.100000
vn 0.000000 0.000000 0.100000
vn 0.000000 0.000000 0.100000
vn -0.000000 0.100000 -0.000000
vn -0.000000 0.100000 -0.000000
vn -0.000000 0.100000 -0.000000
vn -0.000000 0.100000 -0.000000
vn -0.000000 0.100000 -0.000000
vn -0.000000 0.100000 -0.000000
vn -0.000000 0.100000 -0.000000
vn -0.000000 0.100000 -0.000000
vn -0.000000 0.100000 -0.000000
vn -0.000000 0.100000 -0.000000
vn -0.000000 0.100000 -0.000000
vn -0.000000 0.100000 -0.000000
vn -0.000000 0.100000 -0.000000
vn -0.000000 0.100000 -0.000000
vn 0.025882 -0.000000 -0.096593
vn 0.000000 -0.000000 -0.100000
vn 0.025882 -0.000000 -0.096593
vn 0.000000 -0.000000 -0.100000
vn 0.025882 -0.000000 -0.096593
vn 0.025882 -0.000000 -0.096593
vn 0.050000 0.000000 -0.086603
vn 0.050000 0.000000 -0.086603
vn 0.070711 0.000000 -0.070711
vn 0.070711 0.000000 -0.070711
vn 0.086603 0.000000 -0.050000
vn 0.086603 0.000000 -0.050000
vn 0.096593 0.000000 -0.025882
vn 0.096593 0.000000 -0.025882
vn 0.096593 0.000000 -0.025882
vn 0.086603 0.000000 -0.050000
vn 0.070711 0.000000 -0.070711
vn 0.050000 0.000000 -0.086603
vn 0.096593 0.000000 -0.025882
vn 0.086603 0.000000 -0.050000
vn 0.070711 0.000000 -0.070711
vn 0.050000 0.000000 -0.086603
vn 0.000000 -0.100000 0.000000
vn 0.000000 -0.100000 0.000000
vn 0.000000 -0.100000 0.000000
vn 0.000000 -0.100000 0.000000
vn -0.000000 0.100000 -0.000000
vn -0.000000 0.100000 -0.000000
vn -0.025882 0.000000 0.096593
vn -0.025882 0.000000 0.096593
vn -0.050000 -0.000000 0.086603
vn -0.050000 -0.000000 0.086603
vn -0.070711 -0.000000 0.070711
vn -0.070711 -0.000000 0.070711
vn -0.086603 -0.000000 0.050000
vn -0.086603 -0.000000 0.050000
vn -0.096593 -0.000000 0.025882
vn -0.096593 -0.000000 0.025882
vn -0.100000 -0.000000 -0.000000
vn -0.100000 -0.000000 -0.000000
vn 0.000000 -0.100000 0.000000
vn 0.000000 -0.100000 0.000000
vn 0.000000 -0.100000 0.000000
vn 0.000000 -0.100000 0.000000
vn -0.000000 0.100000 -0.000000
vn -0.000000 0.100000 -0.000000
vn -0.000000 0.100000 -0.000000
vn -0.000000 0.100000 -0.000000
vn -0.000000 -0.000000 -0.100000
vn -0.000000 -0.000000 -0.100000
vn 0.100000 0.000000 -0.000000
vn 0.100000 0.000000 -0.000000
vn 0.100000 0.000000 -0.000000
vn 0.100000 0.000000 -0.000000
vn 0.000000 -0.100000 0.000000
vn 0.000000 -0.100000 0.000000
vn 0.000000 -0.100000 0.000000
vn 0.000000 -0.100000 0.000000
vn 0.000000 -0.100000 0.000000
vn 0.000000 -0.100000 0.000000
vn 0.000000 -0.100000 0.000000
vn 0.000000 -0.100000 0.000000
vn 0.000000 -0.100000 0.000000
vn 0.000000 -0.100000 0.000000
vn 0.000000 -0.000000 -0.100000
vn 0.000000 -0.000000 -0.100000
vn 0.000000 -0.000000 -0.100000
vn 0.000000 -0.000000 -0.100000
vn -0.000000 0.100000 -0.000000
vn -0.000000 0.100000 -0.000000
vn -0.100000 -0.000000 -0.000000
vn -0.100000 -0.000000 -0.000000
vn -0.100000 -0.000000 -0.000000
vn -0.100000 -0.000000 -0.000000
vn -0.100000 -0.000000 -0.000000
vn -0.100000 -0.000000 -0.000000
vn -0.100000 -0.000000 -0.000000
vn -0.100000 -0.000000 -0.000000
vn -0.100000 -0.000000 -0.000000
vn -0.100000 -0.000000 -0.000000
f 2313/2995/2875 2314/2996/2876 2316/2997/2877
f 2316/2997/2877 2314/2996/2876 2315/2998/2878
f 2316/2999/2879 2315/3000/2880 2326/3001/2881
f 2326/3001/2881 2315/3000/2880 2317/3002/2882
f 2326/3001/2881 2317/3002/2882 2319/3003/2883
f 2319/3003/2883 2317/3002/2882 2318/3004/2884
f 2320/3005/2885 2322/3006/2886 2319/3003/2883
f 2319/3003/2883 2322/3006/2886 2323/3007/2887
f 2319/3003/2883 2323/3007/2887 2326/3001/2881
f 2326/3001/2881 2323/3007/2887 2325/3008/2888
f 2325/3008/2888 2323/3007/2887 2324/3009/2889
f 2320/3005/2885 2321/3010/2890 2322/3006/2886
f 2314/3011/2891 2327/3012/2892 2315/3013/2893
f 2315/3013/2893 2327/3012/2892 2317/3014/2894
f 2327/3015/2895 2328/3016/2896 2317/3017/2897
f 2317/3017/2897 2328/3016/2896 2318/3018/2898
f 2329/3019/2899 2330/3020/2900 2324/3021/2901
f 2324/3021/2901 2330/3020/2900 2325/3022/2902
f 2324/3023/2903 2323/3024/2904 2329/3025/2905
f 2329/3025/2905 2323/3024/2904 2331/3026/2906
f 2332/3027/2907 2333/3028/2908 2320/3029/2909
f 2320/3029/2909 2333/3028/2908 2321/3030/2910
f 2320/3031/2911 2319/3032/2912 2332/3033/2913
f 2332/3033/2913 2319/3032/2912 2334/3034/2914
f 2336/3035/2915 2337/3036/2916 2335/3037/2917
f 2335/3037/2917 2337/3036/2916 2338/3038/2918
f 2339/3039/2919 2340/3040/2920 2335/3041/2921
f 2335/3041/2921 2340/3040/2920 2350/3042/2922
f 2350/3042/2922 2340/3040/2920 2341/3043/2923
f 2350/3042/2922 2341/3043/2923 2349/3044/2924
f 2349/3044/2924 2341/3043/2923 2342/3045/2925
f 2349/3044/2924 2342/3045/2925 2348/3046/2926
f 2348/3046/2926 2342/3045/2925 2343/3047/2927
f 2348/3046/2926 2343/3047/2927 2347/3048/2928
f 2347/3048/2928 2343/3047/2927 2344/3049/2929
f 2347/3048/2928 2344/3049/2929 2346/3050/2930
f 2346/3050/2930 2344/3049/2929 2322/3051/2931
f 2346/3050/2930 2322/3051/2931 2345/3052/2932
f 2340/3053/2933 2339/3054/2934 2358/3055/2935
f 2358/3055/2935 2339/3054/2934 2351/3056/2936
f 2358/3055/2935 2351/3056/2936 2357/3057/2937
f 2357/3057/2937 2351/3056/2936 2352/3058/2938
f 2357/3057/2937 2352/3058/2938 2359/3059/2939
f 2359/3059/2939 2352/3058/2938 2353/3060/2940
f 2359/3059/2939 2353/3060/2940 2361/3061/2941
f 2361/3061/2941 2353/3060/2940 2354/3062/2942
f 2361/3061/2941 2354/3062/2942 2363/3063/2943
f 2363/3063/2943 2354/3062/2942 2355/3064/2944
f 2363/3063/2943 2355/3064/2944 2365/3065/2945
f 2365/3065/2945 2355/3064/2944 2356/3066/2946
f 2365/3065/2945 2356/3066/2946 2323/3067/2887
f 2323/3067/2887 2322/3068/2886 2365/3065/2945
f 2365/3065/2945 2322/3068/2886 2366/3069/2947
f 2365/3065/2945 2366/3069/2947 2363/3063/2943
f 2363/3063/2943 2366/3069/2947 2364/3070/2948
f 2363/3063/2943 2364/3070/2948 2361/3061/2941
f 2361/3061/2941 2364/3070/2948 2362/3071/2949
f 2361/3061/2941 2362/3071/2949 2359/3059/2939
f 2359/3059/2939 2362/3071/2949 2360/3072/2950
f 2359/3059/2939 2360/3072/2950 2357/3057/2937
f 2357/3057/2937 2360/3072/2950 2358/3055/2935
f 2322/3068/2886 2344/3073/2951 2366/3069/2947
f 2366/3069/2947 2344/3073/2951 2364/3070/2948
f 2344/3073/2951 2343/3074/2952 2364/3070/2948
f 2364/3070/2948 2343/3074/2952 2362/3071/2949
f 2343/3074/2952 2342/3075/2953 2362/3071/2949
f 2362/3071/2949 2342/3075/2953 2360/3072/2950
f 2342/3075/2953 2341/3076/2954 2360/3072/2950
f 2360/3072/2950 2341/3076/2954 2358/3055/2935
f 2341/3076/2954 2340/3053/2933 2358/3055/2935
f 2351/3077/2955 2367/3078/2956 2336/3079/2957
f 2336/3079/2957 2367/3078/2956 2337/3080/2958
f 2335/3081/2921 2338/3082/2959 2339/3083/2919
f 2339/3083/2919 2338/3082/2959 2368/3084/2960
f 2336/3085/2915 2335/3086/2917 2373/3087/2961
f 2373/3087/2961 2335/3086/2917 2350/3088/2962
f 2373/3087/2961 2350/3088/2962 2372/3089/2963
f 2372/3089/2963 2350/3088/2962 2349/3090/2964
f 2372/3089/2963 2349/3090/2964 2371/3091/2965
f 2371/3091/2965 2349/3090/2964 2348/3092/2966
f 2371/3091/2965 2348/3092/2966 2370/3093/2967
f 2370/3093/2967 2348/3092/2966 2347/3094/2968
f 2370/3093/2967 2347/3094/2968 2369/3095/2969
f 2369/3095/2969 2347/3094/2968 2346/3096/2970
f 2369/3095/2969 2346/3096/2970 2331/3097/2971
f 2331/3097/2971 2346/3096/2970 2345/3098/2972
f 2316/3099/2973 2326/3100/2974 2313/3101/2975
f 2313/3101/2975 2326/3100/2974 2374/3102/2976
f 2328/3103/2977 2334/3104/2978 2318/3105/2979
f 2318/3105/2979 2334/3104/2978 2319/3106/2980
f 2339/3107/2934 2368/3108/2981 2351/3109/2936
f 2351/3109/2936 2368/3108/2981 2367/3110/2982
f 2338/3111/2983 2337/3112/2984 2368/3113/2985
f 2368/3113/2985 2337/3112/2984 2367/3114/2986
f 2351/3115/2955 2336/3116/2957 2352/3117/2987
f 2352/3117/2987 2336/3116/2957 2373/3118/2988
f 2352/3117/2987 2373/3118/2988 2353/3119/2989
f 2353/3119/2989 2373/3118/2988 2372/3120/2990
f 2353/3119/2989 2372/3120/2990 2354/3121/2991
f 2354/3121/2991 2372/3120/2990 2371/3122/2992
f 2354/3121/2991 2371/3122/2992 2355/3123/2993
f 2355/3123/2993 2371/3122/2992 2370/3124/2994
f 2355/3123/2993 2370/3124/2994 2356/3125/2995
f 2356/3125/2995 2370/3124/2994 2369/3126/2996
f 2356/3125/2995 2369/3126/2996 2323/3127/2904
f 2323/3127/2904 2369/3126/2996 2331/3128/2906
f 2330/3129/2997 2374/3130/2998 2325/3131/2999
f 2325/3131/2999 2374/3130/2998 2326/3132/3000
f 2333/3133/3001 2345/3134/2932 2321/3135/3002
f 2321/3135/3002 2345/3134/2932 2322/3136/2931
f 2313/3137/3003 2374/3138/3004 2314/3139/3005
f 2314/3139/3005 2374/3138/3004 2327/3140/3006
f 2327/3140/3006 2374/3138/3004 2334/3141/3007
f 2327/3140/3006 2334/3141/3007 2328/3142/3008
f 2334/3141/3007 2374/3138/3004 2331/3143/2971
f 2331/3143/2971 2374/3138/3004 2330/3144/3009
f 2331/3143/2971 2330/3144/3009 2329/3145/3010
f 2331/3143/2971 2345/3146/2972 2334/3141/3007
f 2334/3141/3007 2345/3146/2972 2332/3147/3011
f 2332/3147/3011 2345/3146/2972 2333/3148/3012
g Body7

v -7.794791 -1.530000 -3.300000
v -7.794791 -1.330000 -3.500000
v -7.444791 -1.330000 -3.500000
v -7.444791 -1.530000 -3.300000
v -7.444791 -1.200000 -3.500000
v -7.444791 -1.000000 -3.300000
v -7.444791 -1.000000 0.000000
v -7.444791 -0.765000 0.000000
v -7.444791 -0.565000 0.200000
v -7.444791 -0.565000 2.595509
v -7.444791 -1.965000 2.595509
v -7.444791 -1.965000 0.200000
v -7.444791 -1.765000 0.000000
v -7.444791 -1.530000 0.000000
v -7.794791 -1.200000 -3.500000
v -7.794791 -1.000000 -3.300000
v -7.794791 -1.965000 0.200000
v -7.794791 -1.765000 0.000000
v -7.794791 -1.965000 2.595509
v -7.794791 -0.765000 0.000000
v -7.794791 -0.565000 0.200000
v -7.794791 -1.000000 0.000000
v -7.344791 -0.565000 3.045509
v -7.344791 -1.965000 3.045509
v -5.339282 -1.965000 3.045509
v -5.339282 -0.565000 3.045509
v -7.344791 -0.565000 2.695509
v -7.370673 -0.565000 2.692101
v -7.394791 -0.565000 2.682111
v -7.415501 -0.565000 2.666220
v -7.431393 -0.565000 2.645509
v -7.441383 -0.565000 2.621391
v -7.794791 -0.565000 2.595509
v -7.779457 -0.565000 2.711977
v -7.734502 -0.565000 2.820509
v -7.662989 -0.565000 2.913707
v -7.569791 -0.565000 2.985220
v -7.461259 -0.565000 3.030175
v -7.344791 -1.965000 2.695509
v -7.370673 -1.965000 2.692101
v -7.394791 -1.965000 2.682111
v -7.415501 -1.965000 2.666220
v -7.431393 -1.965000 2.645509
v -7.441383 -1.965000 2.621391
v -7.370673 -1.498333 2.692101
v -7.370673 -1.031667 2.692101
v -7.394791 -1.498333 2.682111
v -7.394791 -1.031667 2.682111
v -7.415501 -1.498333 2.666220
v -7.415501 -1.031667 2.666220
v -7.431393 -1.498333 2.645509
v -7.431393 -1.031667 2.645509
v -7.441383 -1.498333 2.621391
v -7.441383 -1.031667 2.621391
v -5.339282 -1.965000 2.695509
v -5.339282 -0.565000 2.695509
v -7.779457 -1.965000 2.711977
v -7.734502 -1.965000 2.820509
v -7.662989 -1.965000 2.913707
v -7.569791 -1.965000 2.985220
v -7.461259 -1.965000 3.030175
v -7.794791 -1.530000 0.000000
vt 0.014142 0.017500 0.000000
vt -0.014142 0.017500 0.000000
vt 0.014142 -0.017500 0.000000
vt -0.014142 -0.017500 0.000000
vt 0.580000 -0.026500 0.000000
vt 0.600000 -0.006500 0.000000
vt 0.250000 -0.026500 0.000000
vt 0.600000 0.006500 0.000000
vt 0.250000 0.026500 0.000000
vt 0.580000 0.026500 0.000000
vt 0.250000 0.050000 0.000000
vt -0.009551 0.070000 0.000000
vt -0.009551 -0.070000 0.000000
vt 0.250000 -0.050000 0.000000
vt 0.230000 -0.070000 0.000000
vt 0.230000 0.070000 0.000000
vt 0.033000 0.017500 0.000000
vt 0.020000 0.017500 0.000000
vt 0.033000 -0.017500 0.000000
vt 0.020000 -0.017500 0.000000
vt 0.014142 0.017500 0.000000
vt -0.014142 0.017500 0.000000
vt 0.014142 -0.017500 0.000000
vt -0.014142 -0.017500 0.000000
vt 0.014142 0.017500 0.000000
vt -0.014142 0.017500 0.000000
vt 0.014142 -0.017500 0.000000
vt -0.014142 -0.017500 0.000000
vt 0.020000 -0.017500 0.000000
vt 0.259551 -0.017500 0.000000
vt 0.020000 0.017500 0.000000
vt 0.259551 0.017500 0.000000
vt 0.014142 0.017500 0.000000
vt -0.014142 0.017500 0.000000
vt 0.014142 -0.017500 0.000000
vt -0.014142 -0.017500 0.000000
vt 0.020000 -0.017500 0.000000
vt 0.043500 -0.017500 0.000000
vt 0.020000 0.017500 0.000000
vt 0.043500 0.017500 0.000000
vt 0.049449 -0.070000 0.000000
vt 0.250000 -0.070000 0.000000
vt 0.049449 0.070000 0.000000
vt 0.250000 0.070000 0.000000
vt 0.000000 0.000000 0.000000
vt 0.000341 0.002588 0.000000
vt -0.035000 -0.000000 0.000000
vt -0.033467 0.011647 0.000000
vt 0.001340 0.005000 0.000000
vt -0.028971 0.022500 0.000000
vt 0.002929 0.007071 0.000000
vt -0.021820 0.031820 0.000000
vt 0.005000 0.008660 0.000000
vt -0.012500 0.038971 0.000000
vt 0.007412 0.009659 0.000000
vt -0.001647 0.043467 0.000000
vt 0.010000 0.010000 0.000000
vt 0.010000 0.045000 0.000000
vt 0.070000 0.013090 0.000000
vt 0.070000 0.015708 0.000000
vt 0.023333 0.013090 0.000000
vt -0.070000 0.015708 0.000000
vt -0.023333 0.013090 0.000000
vt -0.070000 0.013090 0.000000
vt -0.023333 0.010472 0.000000
vt -0.070000 0.010472 0.000000
vt -0.023333 0.007854 0.000000
vt -0.070000 0.007854 0.000000
vt -0.023333 0.005236 0.000000
vt -0.070000 0.005236 0.000000
vt -0.023333 0.002618 0.000000
vt -0.070000 0.002618 0.000000
vt -0.070000 0.000000 0.000000
vt 0.070000 0.000000 0.000000
vt 0.023333 0.002618 0.000000
vt 0.023333 0.005236 0.000000
vt 0.023333 0.007854 0.000000
vt 0.023333 0.010472 0.000000
vt 0.070000 0.002618 0.000000
vt 0.070000 0.005236 0.000000
vt 0.070000 0.007854 0.000000
vt 0.070000 0.010472 0.000000
vt 0.299449 -0.017500 0.000000
vt 0.500000 -0.017500 0.000000
vt 0.299449 0.017500 0.000000
vt 0.500000 0.017500 0.000000
vt 0.200551 0.017500 0.000000
vt 0.000000 0.017500 0.000000
vt 0.200551 -0.017500 0.000000
vt 0.000000 -0.017500 0.000000
vt 0.070000 0.070686 0.000000
vt -0.070000 0.070686 0.000000
vt 0.070000 0.058905 0.000000
vt -0.070000 0.058905 0.000000
vt 0.070000 0.047124 0.000000
vt -0.070000 0.047124 0.000000
vt 0.070000 0.035343 0.000000
vt -0.070000 0.035343 0.000000
vt 0.070000 0.023562 0.000000
vt -0.070000 0.023562 0.000000
vt 0.070000 0.011781 0.000000
vt -0.070000 0.011781 0.000000
vt 0.070000 0.000000 0.000000
vt -0.070000 0.000000 0.000000
vt 0.020000 -0.017500 0.000000
vt 0.350000 -0.017500 0.000000
vt 0.020000 0.017500 0.000000
vt 0.350000 0.017500 0.000000
vt 0.330000 0.017500 0.000000
vt 0.000000 0.017500 0.000000
vt 0.330000 -0.017500 0.000000
vt 0.000000 -0.017500 0.000000
vt -0.049449 0.070000 0.000000
vt -0.250000 0.070000 0.000000
vt -0.049449 -0.070000 0.000000
vt -0.250000 -0.070000 0.000000
vt 0.140000 0.017500 0.000000
vt 0.000000 0.017500 0.000000
vt 0.140000 -0.017500 0.000000
vt 0.000000 -0.017500 0.000000
vt -0.035000 0.000000 0.000000
vt -0.000000 0.000000 0.000000
vt -0.035341 0.002588 0.000000
vt -0.001533 0.011647 0.000000
vt -0.036340 0.005000 0.000000
vt -0.006029 0.022500 0.000000
vt -0.037929 0.007071 0.000000
vt -0.013180 0.031820 0.000000
vt -0.040000 0.008660 0.000000
vt -0.022500 0.038971 0.000000
vt -0.042412 0.009659 0.000000
vt -0.033353 0.043467 0.000000
vt -0.045000 0.010000 0.000000
vt -0.045000 0.045000 0.000000
vt 0.120000 0.017500 0.000000
vt 0.096500 0.017500 0.000000
vt 0.120000 -0.017500 0.000000
vt 0.096500 -0.017500 0.000000
vt 0.480000 0.017500 0.000000
vt 0.240449 0.017500 0.000000
vt 0.480000 -0.017500 0.000000
vt 0.240449 -0.017500 0.000000
vt -0.580000 -0.026500 0.000000
vt -0.250000 -0.026500 0.000000
vt -0.600000 -0.006500 0.000000
vt -0.600000 0.006500 0.000000
vt -0.250000 0.026500 0.000000
vt -0.580000 0.026500 0.000000
vt 0.009551 -0.070000 0.000000
vt -0.250000 -0.050000 0.000000
vt -0.230000 -0.070000 0.000000
vt 0.009551 0.070000 0.000000
vt -0.250000 0.050000 0.000000
vt -0.230000 0.070000 0.000000
vn 0.000000 -0.070711 -0.070711
vn 0.000000 -0.070711 -0.070711
vn 0.000000 -0.070711 -0.070711
vn 0.000000 -0.070711 -0.070711
vn 0.100000 0.000000 0.000000
vn 0.100000 0.000000 0.000000
vn 0.100000 0.000000 0.000000
vn 0.100000 0.000000 0.000000
vn 0.100000 0.000000 0.000000
vn 0.100000 0.000000 0.000000
vn 0.100000 0.000000 0.000000
vn 0.100000 0.000000 0.000000
vn 0.100000 0.000000 0.000000
vn 0.100000 0.000000 0.000000
vn 0.100000 0.000000 0.000000
vn 0.100000 0.000000 0.000000
vn 0.000000 -0.000000 -0.100000
vn 0.000000 -0.000000 -0.100000
vn 0.000000 -0.000000 -0.100000
vn 0.000000 -0.000000 -0.100000
vn -0.000000 0.070711 -0.070711
vn -0.000000 0.070711 -0.070711
vn -0.000000 0.070711 -0.070711
vn -0.000000 0.070711 -0.070711
vn 0.000000 -0.070711 -0.070711
vn 0.000000 -0.070711 -0.070711
vn 0.000000 -0.070711 -0.070711
vn 0.000000 -0.070711 -0.070711
vn 0.000000 -0.100000 0.000000
vn 0.000000 -0.100000 0.000000
vn 0.000000 -0.100000 0.000000
vn 0.000000 -0.100000 0.000000
vn -0.000000 0.070711 -0.070711
vn -0.000000 0.070711 -0.070711
vn -0.000000 0.070711 -0.070711
vn -0.000000 0.070711 -0.070711
vn 0.000000 -0.000000 -0.100000
vn 0.000000 -0.000000 -0.100000
vn 0.000000 -0.000000 -0.100000
vn 0.000000 -0.000000 -0.100000
vn 0.000000 0.000000 0.100000
vn 0.000000 0.000000 0.100000
vn 0.000000 0.000000 0.100000
vn 0.000000 0.000000 0.100000
vn -0.000000 0.100000 -0.000000
vn -0.000000 0.100000 -0.000000
vn -0.000000 0.100000 -0.000000
vn -0.000000 0.100000 -0.000000
vn -0.000000 0.100000 -0.000000
vn -0.000000 0.100000 -0.000000
vn -0.000000 0.100000 -0.000000
vn -0.000000 0.100000 -0.000000
vn -0.000000 0.100000 -0.000000
vn -0.000000 0.100000 -0.000000
vn -0.000000 0.100000 -0.000000
vn -0.000000 0.100000 -0.000000
vn -0.000000 0.100000 -0.000000
vn -0.000000 0.100000 -0.000000
vn 0.025882 -0.000000 -0.096593
vn 0.000000 -0.000000 -0.100000
vn 0.025882 -0.000000 -0.096593
vn 0.000000 -0.000000 -0.100000
vn 0.025882 -0.000000 -0.096593
vn 0.025882 -0.000000 -0.096593
vn 0.050000 0.000000 -0.086603
vn 0.050000 0.000000 -0.086603
vn 0.070711 0.000000 -0.070711
vn 0.070711 0.000000 -0.070711
vn 0.086603 0.000000 -0.050000
vn 0.086603 0.000000 -0.050000
vn 0.096593 0.000000 -0.025882
vn 0.096593 0.000000 -0.025882
vn 0.096593 0.000000 -0.025882
vn 0.086603 0.000000 -0.050000
vn 0.070711 0.000000 -0.070711
vn 0.050000 0.000000 -0.086603
vn 0.096593 0.000000 -0.025882
vn 0.086603 0.000000 -0.050000
vn 0.070711 0.000000 -0.070711
vn 0.050000 0.000000 -0.086603
vn 0.000000 -0.100000 0.000000
vn 0.000000 -0.100000 0.000000
vn 0.000000 -0.100000 0.000000
vn 0.000000 -0.100000 0.000000
vn -0.000000 0.100000 -0.000000
vn -0.000000 0.100000 -0.000000
vn -0.025882 0.000000 0.096593
vn -0.025882 0.000000 0.096593
vn -0.050000 -0.000000 0.086603
vn -0.050000 -0.000000 0.086603
vn -0.070711 -0.000000 0.070711
vn -0.070711 -0.000000 0.070711
vn -0.086603 -0.000000 0.050000
vn -0.086603 -0.000000 0.050000
vn -0.096593 -0.000000 0.025882
vn -0.096593 -0.000000 0.025882
vn -0.100000 -0.000000 -0.000000
vn -0.100000 -0.000000 -0.000000
vn 0.000000 -0.100000 0.000000
vn 0.000000 -0.100000 0.000000
vn 0.000000 -0.100000 0.000000
vn 0.000000 -0.100000 0.000000
vn -0.000000 0.100000 -0.000000
vn -0.000000 0.100000 -0.000000
vn -0.000000 0.100000 -0.000000
vn -0.000000 0.100000 -0.000000
vn -0.000000 -0.000000 -0.100000
vn -0.000000 -0.000000 -0.100000
vn 0.100000 0.000000 -0.000000
vn 0.100000 0.000000 -0.000000
vn 0.100000 0.000000 -0.000000
vn 0.100000 0.000000 -0.000000
vn 0.000000 -0.100000 0.000000
vn 0.000000 -0.100000 0.000000
vn 0.000000 -0.100000 0.000000
vn 0.000000 -0.100000 0.000000
vn 0.000000 -0.100000 0.000000
vn 0.000000 -0.100000 0.000000
vn 0.000000 -0.100000 0.000000
vn 0.000000 -0.100000 0.000000
vn 0.000000 -0.100000 0.000000
vn 0.000000 -0.100000 0.000000
vn 0.000000 -0.000000 -0.100000
vn 0.000000 -0.000000 -0.100000
vn 0.000000 -0.000000 -0.100000
vn 0.000000 -0.000000 -0.100000
vn -0.000000 0.100000 -0.000000
vn -0.000000 0.100000 -0.000000
vn -0.100000 -0.000000 -0.000000
vn -0.100000 -0.000000 -0.000000
vn -0.100000 -0.000000 -0.000000
vn -0.100000 -0.000000 -0.000000
vn -0.100000 -0.000000 -0.000000
vn -0.100000 -0.000000 -0.000000
vn -0.100000 -0.000000 -0.000000
vn -0.100000 -0.000000 -0.000000
vn -0.100000 -0.000000 -0.000000
vn -0.100000 -0.000000 -0.000000
f 2375/3149/3013 2376/3150/3014 2378/3151/3015
f 2378/3151/3015 2376/3150/3014 2377/3152/3016
f 2378/3153/3017 2377/3154/3018 2388/3155/3019
f 2388/3155/3019 2377/3154/3018 2379/3156/3020
f 2388/3155/3019 2379/3156/3020 2381/3157/3021
f 2381/3157/3021 2379/3156/3020 2380/3158/3022
f 2382/3159/3023 2384/3160/3024 2381/3157/3021
f 2381/3157/3021 2384/3160/3024 2385/3161/3025
f 2381/3157/3021 2385/3161/3025 2388/3155/3019
f 2388/3155/3019 2385/3161/3025 2387/3162/3026
f 2387/3162/3026 2385/3161/3025 2386/3163/3027
f 2382/3159/3023 2383/3164/3028 2384/3160/3024
f 2376/3165/3029 2389/3166/3030 2377/3167/3031
f 2377/3167/3031 2389/3166/3030 2379/3168/3032
f 2389/3169/3033 2390/3170/3034 2379/3171/3035
f 2379/3171/3035 2390/3170/3034 2380/3172/3036
f 2391/3173/3037 2392/3174/3038 2386/3175/3039
f 2386/3175/3039 2392/3174/3038 2387/3176/3040
f 2386/3177/3041 2385/3178/3042 2391/3179/3043
f 2391/3179/3043 2385/3178/3042 2393/3180/3044
f 2394/3181/3045 2395/3182/3046 2382/3183/3047
f 2382/3183/3047 2395/3182/3046 2383/3184/3048
f 2382/3185/3049 2381/3186/3050 2394/3187/3051
f 2394/3187/3051 2381/3186/3050 2396/3188/3052
f 2398/3189/3053 2399/3190/3054 2397/3191/3055
f 2397/3191/3055 2399/3190/3054 2400/3192/3056
f 2401/3193/3057 2402/3194/3058 2397/3195/3059
f 2397/3195/3059 2402/3194/3058 2412/3196/3060
f 2412/3196/3060 2402/3194/3058 2403/3197/3061
f 2412/3196/3060 2403/3197/3061 2411/3198/3062
f 2411/3198/3062 2403/3197/3061 2404/3199/3063
f 2411/3198/3062 2404/3199/3063 2410/3200/3064
f 2410/3200/3064 2404/3199/3063 2405/3201/3065
f 2410/3200/3064 2405/3201/3065 2409/3202/3066
f 2409/3202/3066 2405/3201/3065 2406/3203/3067
f 2409/3202/3066 2406/3203/3067 2408/3204/3068
f 2408/3204/3068 2406/3203/3067 2384/3205/3069
f 2408/3204/3068 2384/3205/3069 2407/3206/3070
f 2402/3207/3071 2401/3208/3072 2420/3209/3073
f 2420/3209/3073 2401/3208/3072 2413/3210/3074
f 2420/3209/3073 2413/3210/3074 2419/3211/3075
f 2419/3211/3075 2413/3210/3074 2414/3212/3076
f 2419/3211/3075 2414/3212/3076 2421/3213/3077
f 2421/3213/3077 2414/3212/3076 2415/3214/3078
f 2421/3213/3077 2415/3214/3078 2423/3215/3079
f 2423/3215/3079 2415/3214/3078 2416/3216/3080
f 2423/3215/3079 2416/3216/3080 2425/3217/3081
f 2425/3217/3081 2416/3216/3080 2417/3218/3082
f 2425/3217/3081 2417/3218/3082 2427/3219/3083
f 2427/3219/3083 2417/3218/3082 2418/3220/3084
f 2427/3219/3083 2418/3220/3084 2385/3221/3025
f 2385/3221/3025 2384/3222/3024 2427/3219/3083
f 2427/3219/3083 2384/3222/3024 2428/3223/3085
f 2427/3219/3083 2428/3223/3085 2425/3217/3081
f 2425/3217/3081 2428/3223/3085 2426/3224/3086
f 2425/3217/3081 2426/3224/3086 2423/3215/3079
f 2423/3215/3079 2426/3224/3086 2424/3225/3087
f 2423/3215/3079 2424/3225/3087 2421/3213/3077
f 2421/3213/3077 2424/3225/3087 2422/3226/3088
f 2421/3213/3077 2422/3226/3088 2419/3211/3075
f 2419/3211/3075 2422/3226/3088 2420/3209/3073
f 2384/3222/3024 2406/3227/3089 2428/3223/3085
f 2428/3223/3085 2406/3227/3089 2426/3224/3086
f 2406/3227/3089 2405/3228/3090 2426/3224/3086
f 2426/3224/3086 2405/3228/3090 2424/3225/3087
f 2405/3228/3090 2404/3229/3091 2424/3225/3087
f 2424/3225/3087 2404/3229/3091 2422/3226/3088
f 2404/3229/3091 2403/3230/3092 2422/3226/3088
f 2422/3226/3088 2403/3230/3092 2420/3209/3073
f 2403/3230/3092 2402/3207/3071 2420/3209/3073
f 2413/3231/3093 2429/3232/3094 2398/3233/3095
f 2398/3233/3095 2429/3232/3094 2399/3234/3096
f 2397/3235/3059 2400/3236/3097 2401/3237/3057
f 2401/3237/3057 2400/3236/3097 2430/3238/3098
f 2398/3239/3053 2397/3240/3055 2435/3241/3099
f 2435/3241/3099 2397/3240/3055 2412/3242/3100
f 2435/3241/3099 2412/3242/3100 2434/3243/3101
f 2434/3243/3101 2412/3242/3100 2411/3244/3102
f 2434/3243/3101 2411/3244/3102 2433/3245/3103
f 2433/3245/3103 2411/3244/3102 2410/3246/3104
f 2433/3245/3103 2410/3246/3104 2432/3247/3105
f 2432/3247/3105 2410/3246/3104 2409/3248/3106
f 2432/3247/3105 2409/3248/3106 2431/3249/3107
f 2431/3249/3107 2409/3248/3106 2408/3250/3108
f 2431/3249/3107 2408/3250/3108 2393/3251/3109
f 2393/3251/3109 2408/3250/3108 2407/3252/3110
f 2378/3253/3111 2388/3254/3112 2375/3255/3113
f 2375/3255/3113 2388/3254/3112 2436/3256/3114
f 2390/3257/3115 2396/3258/3116 2380/3259/3117
f 2380/3259/3117 2396/3258/3116 2381/3260/3118
f 2401/3261/3072 2430/3262/3119 2413/3263/3074
f 2413/3263/3074 2430/3262/3119 2429/3264/3120
f 2400/3265/3121 2399/3266/3122 2430/3267/3123
f 2430/3267/3123 2399/3266/3122 2429/3268/3124
f 2413/3269/3093 2398/3270/3095 2414/3271/3125
f 2414/3271/3125 2398/3270/3095 2435/3272/3126
f 2414/3271/3125 2435/3272/3126 2415/3273/3127
f 2415/3273/3127 2435/3272/3126 2434/3274/3128
f 2415/3273/3127 2434/3274/3128 2416/3275/3129
f 2416/3275/3129 2434/3274/3128 2433/3276/3130
f 2416/3275/3129 2433/3276/3130 2417/3277/3131
f 2417/3277/3131 2433/3276/3130 2432/3278/3132
f 2417/3277/3131 2432/3278/3132 2418/3279/3133
f 2418/3279/3133 2432/3278/3132 2431/3280/3134
f 2418/3279/3133 2431/3280/3134 2385/3281/3042
f 2385/3281/3042 2431/3280/3134 2393/3282/3044
f 2392/3283/3135 2436/3284/3136 2387/3285/3137
f 2387/3285/3137 2436/3284/3136 2388/3286/3138
f 2395/3287/3139 2407/3288/3070 2383/3289/3140
f 2383/3289/3140 2407/3288/3070 2384/3290/3069
f 2375/3291/3141 2436/3292/3142 2376/3293/3143
f 2376/3293/3143 2436/3292/3142 2389/3294/3144
f 2389/3294/3144 2436/3292/3142 2396/3295/3145
f 2389/3294/3144 2396/3295/3145 2390/3296/3146
f 2396/3295/3145 2436/3292/3142 2393/3297/3109
f 2393/3297/3109 2436/3292/3142 2392/3298/3147
f 2393/3297/3109 2392/3298/3147 2391/3299/3148
f 2393/3297/3109 2407/3300/3110 2396/3295/3145
f 2396/3295/3145 2407/3300/3110 2394/3301/3149
f 2394/3301/3149 2407/3300/3110 2395/3302/3150
g Body8

v -7.794791 1.010000 -3.300000
v -7.794791 1.210000 -3.500000
v -7.444791 1.210000 -3.500000
v -7.444791 1.010000 -3.300000
v -7.444791 1.340000 -3.500000
v -7.444791 1.540000 -3.300000
v -7.444791 1.540000 0.000000
v -7.444791 1.775000 0.000000
v -7.444791 1.975000 0.200000
v -7.444791 1.975000 2.595509
v -7.444791 0.575000 2.595509
v -7.444791 0.575000 0.200000
v -7.444791 0.775000 0.000000
v -7.444791 1.010000 0.000000
v -7.794791 1.340000 -3.500000
v -7.794791 1.540000 -3.300000
v -7.794791 0.575000 0.200000
v -7.794791 0.775000 0.000000
v -7.794791 0.575000 2.595509
v -7.794791 1.775000 0.000000
v -7.794791 1.975000 0.200000
v -7.794791 1.540000 0.000000
v -7.344791 1.975000 3.045509
v -7.344791 0.575000 3.045509
v -5.339282 0.575000 3.045509
v -5.339282 1.975000 3.045509
v -7.344791 1.975000 2.695509
v -7.370673 1.975000 2.692101
v -7.394791 1.975000 2.682111
v -7.415501 1.975000 2.666220
v -7.431393 1.975000 2.645509
v -7.441383 1.975000 2.621391
v -7.794791 1.975000 2.595509
v -7.779457 1.975000 2.711977
v -7.734502 1.975000 2.820509
v -7.662989 1.975000 2.913707
v -7.569791 1.975000 2.985220
v -7.461259 1.975000 3.030175
v -7.344791 0.575000 2.695509
v -7.370673 0.575000 2.692101
v -7.394791 0.575000 2.682111
v -7.415501 0.575000 2.666220
v -7.431393 0.575000 2.645509
v -7.441383 0.575000 2.621391
v -7.370673 1.041667 2.692101
v -7.370673 1.508333 2.692101
v -7.394791 1.041667 2.682111
v -7.394791 1.508333 2.682111
v -7.415501 1.041667 2.666220
v -7.415501 1.508333 2.666220
v -7.431393 1.041667 2.645509
v -7.431393 1.508333 2.645509
v -7.441383 1.041667 2.621391
v -7.441383 1.508333 2.621391
v -5.339282 0.575000 2.695509
v -5.339282 1.975000 2.695509
v -7.779457 0.575000 2.711977
v -7.734502 0.575000 2.820509
v -7.662989 0.575000 2.913707
v -7.569791 0.575000 2.985220
v -7.461259 0.575000 3.030175
v -7.794791 1.010000 0.000000
vt 0.014142 0.017500 0.000000
vt -0.014142 0.017500 0.000000
vt 0.014142 -0.017500 0.000000
vt -0.014142 -0.017500 0.000000
vt 0.580000 -0.026500 0.000000
vt 0.600000 -0.006500 0.000000
vt 0.250000 -0.026500 0.000000
vt 0.600000 0.006500 0.000000
vt 0.250000 0.026500 0.000000
vt 0.580000 0.026500 0.000000
vt 0.250000 0.050000 0.000000
vt -0.009551 0.070000 0.000000
vt -0.009551 -0.070000 0.000000
vt 0.250000 -0.050000 0.000000
vt 0.230000 -0.070000 0.000000
vt 0.230000 0.070000 0.000000
vt 0.033000 0.017500 0.000000
vt 0.020000 0.017500 0.000000
vt 0.033000 -0.017500 0.000000
vt 0.020000 -0.017500 0.000000
vt 0.014142 0.017500 0.000000
vt -0.014142 0.017500 0.000000
vt 0.014142 -0.017500 0.000000
vt -0.014142 -0.017500 0.000000
vt 0.014142 0.017500 0.000000
vt -0.014142 0.017500 0.000000
vt 0.014142 -0.017500 0.000000
vt -0.014142 -0.017500 0.000000
vt 0.020000 -0.017500 0.000000
vt 0.259551 -0.017500 0.000000
vt 0.020000 0.017500 0.000000
vt 0.259551 0.017500 0.000000
vt 0.014142 0.017500 0.000000
vt -0.014142 0.017500 0.000000
vt 0.014142 -0.017500 0.000000
vt -0.014142 -0.017500 0.000000
vt 0.020000 -0.017500 0.000000
vt 0.043500 -0.017500 0.000000
vt 0.020000 0.017500 0.000000
vt 0.043500 0.017500 0.000000
vt 0.049449 -0.070000 0.000000
vt 0.250000 -0.070000 0.000000
vt 0.049449 0.070000 0.000000
vt 0.250000 0.070000 0.000000
vt 0.000000 0.000000 0.000000
vt 0.000341 0.002588 0.000000
vt -0.035000 -0.000000 0.000000
vt -0.033467 0.011647 0.000000
vt 0.001340 0.005000 0.000000
vt -0.028971 0.022500 0.000000
vt 0.002929 0.007071 0.000000
vt -0.021820 0.031820 0.000000
vt 0.005000 0.008660 0.000000
vt -0.012500 0.038971 0.000000
vt 0.007412 0.009659 0.000000
vt -0.001647 0.043467 0.000000
vt 0.010000 0.010000 0.000000
vt 0.010000 0.045000 0.000000
vt 0.070000 0.013090 0.000000
vt 0.070000 0.015708 0.000000
vt 0.023333 0.013090 0.000000
vt -0.070000 0.015708 0.000000
vt -0.023333 0.013090 0.000000
vt -0.070000 0.013090 0.000000
vt -0.023333 0.010472 0.000000
vt -0.070000 0.010472 0.000000
vt -0.023333 0.007854 0.000000
vt -0.070000 0.007854 0.000000
vt -0.023333 0.005236 0.000000
vt -0.070000 0.005236 0.000000
vt -0.023333 0.002618 0.000000
vt -0.070000 0.002618 0.000000
vt -0.070000 0.000000 0.000000
vt 0.070000 0.000000 0.000000
vt 0.023333 0.002618 0.000000
vt 0.023333 0.005236 0.000000
vt 0.023333 0.007854 0.000000
vt 0.023333 0.010472 0.000000
vt 0.070000 0.002618 0.000000
vt 0.070000 0.005236 0.000000
vt 0.070000 0.007854 0.000000
vt 0.070000 0.010472 0.000000
vt 0.299449 -0.017500 0.000000
vt 0.500000 -0.017500 0.000000
vt 0.299449 0.017500 0.000000
vt 0.500000 0.017500 0.000000
vt 0.200551 0.017500 0.000000
vt 0.000000 0.017500 0.000000
vt 0.200551 -0.017500 0.000000
vt 0.000000 -0.017500 0.000000
vt 0.070000 0.070686 0.000000
vt -0.070000 0.070686 0.000000
vt 0.070000 0.058905 0.000000
vt -0.070000 0.058905 0.000000
vt 0.070000 0.047124 0.000000
vt -0.070000 0.047124 0.000000
vt 0.070000 0.035343 0.000000
vt -0.070000 0.035343 0.000000
vt 0.070000 0.023562 0.000000
vt -0.070000 0.023562 0.000000
vt 0.070000 0.011781 0.000000
vt -0.070000 0.011781 0.000000
vt 0.070000 0.000000 0.000000
vt -0.070000 0.000000 0.000000
vt 0.020000 -0.017500 0.000000
vt 0.350000 -0.017500 0.000000
vt 0.020000 0.017500 0.000000
vt 0.350000 0.017500 0.000000
vt 0.330000 0.017500 0.000000
vt 0.000000 0.017500 0.000000
vt 0.330000 -0.017500 0.000000
vt 0.000000 -0.017500 0.000000
vt -0.049449 0.070000 0.000000
vt -0.250000 0.070000 0.000000
vt -0.049449 -0.070000 0.000000
vt -0.250000 -0.070000 0.000000
vt 0.140000 0.017500 0.000000
vt 0.000000 0.017500 0.000000
vt 0.140000 -0.017500 0.000000
vt 0.000000 -0.017500 0.000000
vt -0.035000 0.000000 0.000000
vt -0.000000 0.000000 0.000000
vt -0.035341 0.002588 0.000000
vt -0.001533 0.011647 0.000000
vt -0.036340 0.005000 0.000000
vt -0.006029 0.022500 0.000000
vt -0.037929 0.007071 0.000000
vt -0.013180 0.031820 0.000000
vt -0.040000 0.008660 0.000000
vt -0.022500 0.038971 0.000000
vt -0.042412 0.009659 0.000000
vt -0.033353 0.043467 0.000000
vt -0.045000 0.010000 0.000000
vt -0.045000 0.045000 0.000000
vt 0.120000 0.017500 0.000000
vt 0.096500 0.017500 0.000000
vt 0.120000 -0.017500 0.000000
vt 0.096500 -0.017500 0.000000
vt 0.480000 0.017500 0.000000
vt 0.240449 0.017500 0.000000
vt 0.480000 -0.017500 0.000000
vt 0.240449 -0.017500 0.000000
vt -0.580000 -0.026500 0.000000
vt -0.250000 -0.026500 0.000000
vt -0.600000 -0.006500 0.000000
vt -0.600000 0.006500 0.000000
vt -0.250000 0.026500 0.000000
vt -0.580000 0.026500 0.000000
vt 0.009551 -0.070000 0.000000
vt -0.250000 -0.050000 0.000000
vt -0.230000 -0.070000 0.000000
vt 0.009551 0.070000 0.000000
vt -0.250000 0.050000 0.000000
vt -0.230000 0.070000 0.000000
vn 0.000000 -0.070711 -0.070711
vn 0.000000 -0.070711 -0.070711
vn 0.000000 -0.070711 -0.070711
vn 0.000000 -0.070711 -0.070711
vn 0.100000 0.000000 0.000000
vn 0.100000 0.000000 0.000000
vn 0.100000 0.000000 0.000000
vn 0.100000 0.000000 0.000000
vn 0.100000 0.000000 0.000000
vn 0.100000 0.000000 0.000000
vn 0.100000 0.000000 0.000000
vn 0.100000 0.000000 0.000000
vn 0.100000 0.000000 0.000000
vn 0.100000 0.000000 0.000000
vn 0.100000 0.000000 0.000000
vn 0.100000 0.000000 0.000000
vn 0.000000 -0.000000 -0.100000
vn 0.000000 -0.000000 -0.100000
vn 0.000000 -0.000000 -0.100000
vn 0.000000 -0.000000 -0.100000
vn -0.000000 0.070711 -0.070711
vn -0.000000 0.070711 -0.070711
vn -0.000000 0.070711 -0.070711
vn -0.000000 0.070711 -0.070711
vn 0.000000 -0.070711 -0.070711
vn 0.000000 -0.070711 -0.070711
vn 0.000000 -0.070711 -0.070711
vn 0.000000 -0.070711 -0.070711
vn 0.000000 -0.100000 0.000000
vn 0.000000 -0.100000 0.000000
vn 0.000000 -0.100000 0.000000
vn 0.000000 -0.100000 0.000000
vn -0.000000 0.070711 -0.070711
vn -0.000000 0.070711 -0.070711
vn -0.000000 0.070711 -0.070711
vn -0.000000 0.070711 -0.070711
vn 0.000000 -0.000000 -0.100000
vn 0.000000 -0.000000 -0.100000
vn 0.000000 -0.000000 -0.100000
vn 0.000000 -0.000000 -0.100000
vn 0.000000 0.000000 0.100000
vn 0.000000 0.000000 0.100000
vn 0.000000 0.000000 0.100000
vn 0.000000 0.000000 0.100000
vn -0.000000 0.100000 -0.000000
vn -0.000000 0.100000 -0.000000
vn -0.000000 0.100000 -0.000000
vn -0.000000 0.100000 -0.000000
vn -0.000000 0.100000 -0.000000
vn -0.000000 0.100000 -0.000000
vn -0.000000 0.100000 -0.000000
vn -0.000000 0.100000 -0.000000
vn -0.000000 0.100000 -0.000000
vn -0.000000 0.100000 -0.000000
vn -0.000000 0.100000 -0.000000
vn -0.000000 0.100000 -0.000000
vn -0.000000 0.100000 -0.000000
vn -0.000000 0.100000 -0.000000
vn 0.025882 -0.000000 -0.096593
vn 0.000000 -0.000000 -0.100000
vn 0.025882 -0.000000 -0.096593
vn 0.000000 -0.000000 -0.100000
vn 0.025882 -0.000000 -0.096593
vn 0.025882 -0.000000 -0.096593
vn 0.050000 0.000000 -0.086603
vn 0.050000 0.000000 -0.086603
vn 0.070711 0.000000 -0.070711
vn 0.070711 0.000000 -0.070711
vn 0.086603 0.000000 -0.050000
vn 0.086603 0.000000 -0.050000
vn 0.096593 0.000000 -0.025882
vn 0.096593 0.000000 -0.025882
vn 0.096593 0.000000 -0.025882
vn 0.086603 0.000000 -0.050000
vn 0.070711 0.000000 -0.070711
vn 0.050000 0.000000 -0.086603
vn 0.096593 0.000000 -0.025882
vn 0.086603 0.000000 -0.050000
vn 0.070711 0.000000 -0.070711
vn 0.050000 0.000000 -0.086603
vn 0.000000 -0.100000 0.000000
vn 0.000000 -0.100000 0.000000
vn 0.000000 -0.100000 0.000000
vn 0.000000 -0.100000 0.000000
vn -0.000000 0.100000 -0.000000
vn -0.000000 0.100000 -0.000000
vn -0.025882 0.000000 0.096593
vn -0.025882 0.000000 0.096593
vn -0.050000 -0.000000 0.086603
vn -0.050000 -0.000000 0.086603
vn -0.070711 -0.000000 0.070711
vn -0.070711 -0.000000 0.070711
vn -0.086603 -0.000000 0.050000
vn -0.086603 -0.000000 0.050000
vn -0.096593 -0.000000 0.025882
vn -0.096593 -0.000000 0.025882
vn -0.100000 -0.000000 -0.000000
vn -0.100000 -0.000000 -0.000000
vn 0.000000 -0.100000 0.000000
vn 0.000000 -0.100000 0.000000
vn 0.000000 -0.100000 0.000000
vn 0.000000 -0.100000 0.000000
vn -0.000000 0.100000 -0.000000
vn -0.000000 0.100000 -0.000000
vn -0.000000 0.100000 -0.000000
vn -0.000000 0.100000 -0.000000
vn -0.000000 -0.000000 -0.100000
vn -0.000000 -0.000000 -0.100000
vn 0.100000 0.000000 -0.000000
vn 0.100000 0.000000 -0.000000
vn 0.100000 0.000000 -0.000000
vn 0.100000 0.000000 -0.000000
vn 0.000000 -0.100000 0.000000
vn 0.000000 -0.100000 0.000000
vn 0.000000 -0.100000 0.000000
vn 0.000000 -0.100000 0.000000
vn 0.000000 -0.100000 0.000000
vn 0.000000 -0.100000 0.000000
vn 0.000000 -0.100000 0.000000
vn 0.000000 -0.100000 0.000000
vn 0.000000 -0.100000 0.000000
vn 0.000000 -0.100000 0.000000
vn 0.000000 -0.000000 -0.100000
vn 0.000000 -0.000000 -0.100000
vn 0.000000 -0.000000 -0.100000
vn 0.000000 -0.000000 -0.100000
vn -0.000000 0.100000 -0.000000
vn -0.000000 0.100000 -0.000000
vn -0.100000 -0.000000 -0.000000
vn -0.100000 -0.000000 -0.000000
vn -0.100000 -0.000000 -0.000000
vn -0.100000 -0.000000 -0.000000
vn -0.100000 -0.000000 -0.000000
vn -0.100000 -0.000000 -0.000000
vn -0.100000 -0.000000 -0.000000
vn -0.100000 -0.000000 -0.000000
vn -0.100000 -0.000000 -0.000000
vn -0.100000 -0.000000 -0.000000
f 2437/3303/3151 2438/3304/3152 2440/3305/3153
f 2440/3305/3153 2438/3304/3152 2439/3306/3154
f 2440/3307/3155 2439/3308/3156 2450/3309/3157
f 2450/3309/3157 2439/3308/3156 2441/3310/3158
f 2450/3309/3157 2441/3310/3158 2443/3311/3159
f 2443/3311/3159 2441/3310/3158 2442/3312/3160
f 2444/3313/3161 2446/3314/3162 2443/3311/3159
f 2443/3311/3159 2446/3314/3162 2447/3315/3163
f 2443/3311/3159 2447/3315/3163 2450/3309/3157
f 2450/3309/3157 2447/3315/3163 2449/3316/3164
f 2449/3316/3164 2447/3315/3163 2448/3317/3165
f 2444/3313/3161 2445/3318/3166 2446/3314/3162
f 2438/3319/3167 2451/3320/3168 2439/3321/3169
f 2439/3321/3169 2451/3320/3168 2441/3322/3170
f 2451/3323/3171 2452/3324/3172 2441/3325/3173
f 2441/3325/3173 2452/3324/3172 2442/3326/3174
f 2453/3327/3175 2454/3328/3176 2448/3329/3177
f 2448/3329/3177 2454/3328/3176 2449/3330/3178
f 2448/3331/3179 2447/3332/3180 2453/3333/3181
f 2453/3333/3181 2447/3332/3180 2455/3334/3182
f 2456/3335/3183 2457/3336/3184 2444/3337/3185
f 2444/3337/3185 2457/3336/3184 2445/3338/3186
f 2444/3339/3187 2443/3340/3188 2456/3341/3189
f 2456/3341/3189 2443/3340/3188 2458/3342/3190
f 2460/3343/3191 2461/3344/3192 2459/3345/3193
f 2459/3345/3193 2461/3344/3192 2462/3346/3194
f 2463/3347/3195 2464/3348/3196 2459/3349/3197
f 2459/3349/3197 2464/3348/3196 2474/3350/3198
f 2474/3350/3198 2464/3348/3196 2465/3351/3199
f 2474/3350/3198 2465/3351/3199 2473/3352/3200
f 2473/3352/3200 2465/3351/3199 2466/3353/3201
f 2473/3352/3200 2466/3353/3201 2472/3354/3202
f 2472/3354/3202 2466/3353/3201 2467/3355/3203
f 2472/3354/3202 2467/3355/3203 2471/3356/3204
f 2471/3356/3204 2467/3355/3203 2468/3357/3205
f 2471/3356/3204 2468/3357/3205 2470/3358/3206
f 2470/3358/3206 2468/3357/3205 2446/3359/3207
f 2470/3358/3206 2446/3359/3207 2469/3360/3208
f 2464/3361/3209 2463/3362/3210 2482/3363/3211
f 2482/3363/3211 2463/3362/3210 2475/3364/3212
f 2482/3363/3211 2475/3364/3212 2481/3365/3213
f 2481/3365/3213 2475/3364/3212 2476/3366/3214
f 2481/3365/3213 2476/3366/3214 2483/3367/3215
f 2483/3367/3215 2476/3366/3214 2477/3368/3216
f 2483/3367/3215 2477/3368/3216 2485/3369/3217
f 2485/3369/3217 2477/3368/3216 2478/3370/3218
f 2485/3369/3217 2478/3370/3218 2487/3371/3219
f 2487/3371/3219 2478/3370/3218 2479/3372/3220
f 2487/3371/3219 2479/3372/3220 2489/3373/3221
f 2489/3373/3221 2479/3372/3220 2480/3374/3222
f 2489/3373/3221 2480/3374/3222 2447/3375/3163
f 2447/3375/3163 2446/3376/3162 2489/3373/3221
f 2489/3373/3221 2446/3376/3162 2490/3377/3223
f 2489/3373/3221 2490/3377/3223 2487/3371/3219
f 2487/3371/3219 2490/3377/3223 2488/3378/3224
f 2487/3371/3219 2488/3378/3224 2485/3369/3217
f 2485/3369/3217 2488/3378/3224 2486/3379/3225
f 2485/3369/3217 2486/3379/3225 2483/3367/3215
f 2483/3367/3215 2486/3379/3225 2484/3380/3226
f 2483/3367/3215 2484/3380/3226 2481/3365/3213
f 2481/3365/3213 2484/3380/3226 2482/3363/3211
f 2446/3376/3162 2468/3381/3227 2490/3377/3223
f 2490/3377/3223 2468/3381/3227 2488/3378/3224
f 2468/3381/3227 2467/3382/3228 2488/3378/3224
f 2488/3378/3224 2467/3382/3228 2486/3379/3225
f 2467/3382/3228 2466/3383/3229 2486/3379/3225
f 2486/3379/3225 2466/3383/3229 2484/3380/3226
f 2466/3383/3229 2465/3384/3230 2484/3380/3226
f 2484/3380/3226 2465/3384/3230 2482/3363/3211
f 2465/3384/3230 2464/3361/3209 2482/3363/3211
f 2475/3385/3231 2491/3386/3232 2460/3387/3233
f 2460/3387/3233 2491/3386/3232 2461/3388/3234
f 2459/3389/3197 2462/3390/3235 2463/3391/3195
f 2463/3391/3195 2462/3390/3235 2492/3392/3236
f 2460/3393/3191 2459/3394/3193 2497/3395/3237
f 2497/3395/3237 2459/3394/3193 2474/3396/3238
f 2497/3395/3237 2474/3396/3238 2496/3397/3239
f 2496/3397/3239 2474/3396/3238 2473/3398/3240
f 2496/3397/3239 2473/3398/3240 2495/3399/3241
f 2495/3399/3241 2473/3398/3240 2472/3400/3242
f 2495/3399/3241 2472/3400/3242 2494/3401/3243
f 2494/3401/3243 2472/3400/3242 2471/3402/3244
f 2494/3401/3243 2471/3402/3244 2493/3403/3245
f 2493/3403/3245 2471/3402/3244 2470/3404/3246
f 2493/3403/3245 2470/3404/3246 2455/3405/3247
f 2455/3405/3247 2470/3404/3246 2469/3406/3248
f 2440/3407/3249 2450/3408/3250 2437/3409/3251
f 2437/3409/3251 2450/3408/3250 2498/3410/3252
f 2452/3411/3253 2458/3412/3254 2442/3413/3255
f 2442/3413/3255 2458/3412/3254 2443/3414/3256
f 2463/3415/3210 2492/3416/3257 2475/3417/3212
f 2475/3417/3212 2492/3416/3257 2491/3418/3258
f 2462/3419/3259 2461/3420/3260 2492/3421/3261
f 2492/3421/3261 2461/3420/3260 2491/3422/3262
f 2475/3423/3231 2460/3424/3233 2476/3425/3263
f 2476/3425/3263 2460/3424/3233 2497/3426/3264
f 2476/3425/3263 2497/3426/3264 2477/3427/3265
f 2477/3427/3265 2497/3426/3264 2496/3428/3266
f 2477/3427/3265 2496/3428/3266 2478/3429/3267
f 2478/3429/3267 2496/3428/3266 2495/3430/3268
f 2478/3429/3267 2495/3430/3268 2479/3431/3269
f 2479/3431/3269 2495/3430/3268 2494/3432/3270
f 2479/3431/3269 2494/3432/3270 2480/3433/3271
f 2480/3433/3271 2494/3432/3270 2493/3434/3272
f 2480/3433/3271 2493/3434/3272 2447/3435/3180
f 2447/3435/3180 2493/3434/3272 2455/3436/3182
f 2454/3437/3273 2498/3438/3274 2449/3439/3275
f 2449/3439/3275 2498/3438/3274 2450/3440/3276
f 2457/3441/3277 2469/3442/3208 2445/3443/3278
f 2445/3443/3278 2469/3442/3208 2446/3444/3207
f 2437/3445/3279 2498/3446/3280 2438/3447/3281
f 2438/3447/3281 2498/3446/3280 2451/3448/3282
f 2451/3448/3282 2498/3446/3280 2458/3449/3283
f 2451/3448/3282 2458/3449/3283 2452/3450/3284
f 2458/3449/3283 2498/3446/3280 2455/3451/3247
f 2455/3451/3247 2498/3446/3280 2454/3452/3285
f 2455/3451/3247 2454/3452/3285 2453/3453/3286
f 2455/3451/3247 2469/3454/3248 2458/3449/3283
f 2458/3449/3283 2469/3454/3248 2456/3455/3287
f 2456/3455/3287 2469/3454/3248 2457/3456/3288
g Body9

v -7.794791 3.550000 -3.300000
v -7.794791 3.750000 -3.500000
v -7.444791 3.750000 -3.500000
v -7.444791 3.550000 -3.300000
v -7.444791 3.880000 -3.500000
v -7.444791 4.080000 -3.300000
v -7.444791 4.080000 0.000000
v -7.444791 4.315000 0.000000
v -7.444791 4.515000 0.200000
v -7.444791 4.515000 2.595509
v -7.444791 3.115000 2.595509
v -7.444791 3.115000 0.200000
v -7.444791 3.315000 0.000000
v -7.444791 3.550000 0.000000
v -7.794791 3.880000 -3.500000
v -7.794791 4.080000 -3.300000
v -7.794791 3.115000 0.200000
v -7.794791 3.315000 0.000000
v -7.794791 3.115000 2.595509
v -7.794791 4.315000 0.000000
v -7.794791 4.515000 0.200000
v -7.794791 4.080000 0.000000
v -7.344791 4.515000 3.045509
v -7.344791 3.115000 3.045509
v -5.339282 3.115000 3.045509
v -5.339282 4.515000 3.045509
v -7.344791 4.515000 2.695509
v -7.370673 4.515000 2.692101
v -7.394791 4.515000 2.682111
v -7.415501 4.515000 2.666220
v -7.431393 4.515000 2.645509
v -7.441383 4.515000 2.621391
v -7.794791 4.515000 2.595509
v -7.779457 4.515000 2.711977
v -7.734502 4.515000 2.820509
v -7.662989 4.515000 2.913707
v -7.569791 4.515000 2.985220
v -7.461259 4.515000 3.030175
v -7.344791 3.115000 2.695509
v -7.370673 3.115000 2.692101
v -7.394791 3.115000 2.682111
v -7.415501 3.115000 2.666220
v -7.431393 3.115000 2.645509
v -7.441383 3.115000 2.621391
v -7.370673 3.581667 2.692101
v -7.370673 4.048333 2.692101
v -7.394791 3.581667 2.682111
v -7.394791 4.048333 2.682111
v -7.415501 3.581667 2.666220
v -7.415501 4.048333 2.666220
v -7.431393 3.581667 2.645509
v -7.431393 4.048333 2.645509
v -7.441383 3.581667 2.621391
v -7.441383 4.048333 2.621391
v -5.339282 3.115000 2.695509
v -5.339282 4.515000 2.695509
v -7.779457 3.115000 2.711977
v -7.734502 3.115000 2.820509
v -7.662989 3.115000 2.913707
v -7.569791 3.115000 2.985220
v -7.461259 3.115000 3.030175
v -7.794791 3.550000 0.000000
vt 0.014142 0.017500 0.000000
vt -0.014142 0.017500 0.000000
vt 0.014142 -0.017500 0.000000
vt -0.014142 -0.017500 0.000000
vt 0.580000 -0.026500 0.000000
vt 0.600000 -0.006500 0.000000
vt 0.250000 -0.026500 0.000000
vt 0.600000 0.006500 0.000000
vt 0.250000 0.026500 0.000000
vt 0.580000 0.026500 0.000000
vt 0.250000 0.050000 0.000000
vt -0.009551 0.070000 0.000000
vt -0.009551 -0.070000 0.000000
vt 0.250000 -0.050000 0.000000
vt 0.230000 -0.070000 0.000000
vt 0.230000 0.070000 0.000000
vt 0.033000 0.017500 0.000000
vt 0.020000 0.017500 0.000000
vt 0.033000 -0.017500 0.000000
vt 0.020000 -0.017500 0.000000
vt 0.014142 0.017500 0.000000
vt -0.014142 0.017500 0.000000
vt 0.014142 -0.017500 0.000000
vt -0.014142 -0.017500 0.000000
vt 0.014142 0.017500 0.000000
vt -0.014142 0.017500 0.000000
vt 0.014142 -0.017500 0.000000
vt -0.014142 -0.017500 0.000000
vt 0.020000 -0.017500 0.000000
vt 0.259551 -0.017500 0.000000
vt 0.020000 0.017500 0.000000
vt 0.259551 0.017500 0.000000
vt 0.014142 0.017500 0.000000
vt -0.014142 0.017500 0.000000
vt 0.014142 -0.017500 0.000000
vt -0.014142 -0.017500 0.000000
vt 0.020000 -0.017500 0.000000
vt 0.043500 -0.017500 0.000000
vt 0.020000 0.017500 0.000000
vt 0.043500 0.017500 0.000000
vt 0.049449 -0.070000 0.000000
vt 0.250000 -0.070000 0.000000
vt 0.049449 0.070000 0.000000
vt 0.250000 0.070000 0.000000
vt 0.000000 0.000000 0.000000
vt 0.000341 0.002588 0.000000
vt -0.035000 -0.000000 0.000000
vt -0.033467 0.011647 0.000000
vt 0.001340 0.005000 0.000000
vt -0.028971 0.022500 0.000000
vt 0.002929 0.007071 0.000000
vt -0.021820 0.031820 0.000000
vt 0.005000 0.008660 0.000000
vt -0.012500 0.038971 0.000000
vt 0.007412 0.009659 0.000000
vt -0.001647 0.043467 0.000000
vt 0.010000 0.010000 0.000000
vt 0.010000 0.045000 0.000000
vt 0.070000 0.013090 0.000000
vt 0.070000 0.015708 0.000000
vt 0.023333 0.013090 0.000000
vt -0.070000 0.015708 0.000000
vt -0.023333 0.013090 0.000000
vt -0.070000 0.013090 0.000000
vt -0.023333 0.010472 0.000000
vt -0.070000 0.010472 0.000000
vt -0.023333 0.007854 0.000000
vt -0.070000 0.007854 0.000000
vt -0.023333 0.005236 0.000000
vt -0.070000 0.005236 0.000000
vt -0.023333 0.002618 0.000000
vt -0.070000 0.002618 0.000000
vt -0.070000 0.000000 0.000000
vt 0.070000 0.000000 0.000000
vt 0.023333 0.002618 0.000000
vt 0.023333 0.005236 0.000000
vt 0.023333 0.007854 0.000000
vt 0.023333 0.010472 0.000000
vt 0.070000 0.002618 0.000000
vt 0.070000 0.005236 0.000000
vt 0.070000 0.007854 0.000000
vt 0.070000 0.010472 0.000000
vt 0.299449 -0.017500 0.000000
vt 0.500000 -0.017500 0.000000
vt 0.299449 0.017500 0.000000
vt 0.500000 0.017500 0.000000
vt 0.200551 0.017500 0.000000
vt 0.000000 0.017500 0.000000
vt 0.200551 -0.017500 0.000000
vt 0.000000 -0.017500 0.000000
vt 0.070000 0.070686 0.000000
vt -0.070000 0.070686 0.000000
vt 0.070000 0.058905 0.000000
vt -0.070000 0.058905 0.000000
vt 0.070000 0.047124 0.000000
vt -0.070000 0.047124 0.000000
vt 0.070000 0.035343 0.000000
vt -0.070000 0.035343 0.000000
vt 0.070000 0.023562 0.000000
vt -0.070000 0.023562 0.000000
vt 0.070000 0.011781 0.000000
vt -0.070000 0.011781 0.000000
vt 0.070000 0.000000 0.000000
vt -0.070000 0.000000 0.000000
vt 0.020000 -0.017500 0.000000
vt 0.350000 -0.017500 0.000000
vt 0.020000 0.017500 0.000000
vt 0.350000 0.017500 0.000000
vt 0.330000 0.017500 0.000000
vt 0.000000 0.017500 0.000000
vt 0.330000 -0.017500 0.000000
vt 0.000000 -0.017500 0.000000
vt -0.049449 0.070000 0.000000
vt -0.250000 0.070000 0.000000
vt -0.049449 -0.070000 0.000000
vt -0.250000 -0.070000 0.000000
vt 0.140000 0.017500 0.000000
vt 0.000000 0.017500 0.000000
vt 0.140000 -0.017500 0.000000
vt 0.000000 -0.017500 0.000000
vt -0.035000 0.000000 0.000000
vt -0.000000 0.000000 0.000000
vt -0.035341 0.002588 0.000000
vt -0.001533 0.011647 0.000000
vt -0.036340 0.005000 0.000000
vt -0.006029 0.022500 0.000000
vt -0.037929 0.007071 0.000000
vt -0.013180 0.031820 0.000000
vt -0.040000 0.008660 0.000000
vt -0.022500 0.038971 0.000000
vt -0.042412 0.009659 0.000000
vt -0.033353 0.043467 0.000000
vt -0.045000 0.010000 0.000000
vt -0.045000 0.045000 0.000000
vt 0.120000 0.017500 0.000000
vt 0.096500 0.017500 0.000000
vt 0.120000 -0.017500 0.000000
vt 0.096500 -0.017500 0.000000
vt 0.480000 0.017500 0.000000
vt 0.240449 0.017500 0.000000
vt 0.480000 -0.017500 0.000000
vt 0.240449 -0.017500 0.000000
vt -0.580000 -0.026500 0.000000
vt -0.250000 -0.026500 0.000000
vt -0.600000 -0.006500 0.000000
vt -0.600000 0.006500 0.000000
vt -0.250000 0.026500 0.000000
vt -0.580000 0.026500 0.000000
vt 0.009551 -0.070000 0.000000
vt -0.250000 -0.050000 0.000000
vt -0.230000 -0.070000 0.000000
vt 0.009551 0.070000 0.000000
vt -0.250000 0.050000 0.000000
vt -0.230000 0.070000 0.000000
vn 0.000000 -0.070711 -0.070711
vn 0.000000 -0.070711 -0.070711
vn 0.000000 -0.070711 -0.070711
vn 0.000000 -0.070711 -0.070711
vn 0.100000 0.000000 0.000000
vn 0.100000 0.000000 0.000000
vn 0.100000 0.000000 0.000000
vn 0.100000 0.000000 0.000000
vn 0.100000 0.000000 0.000000
vn 0.100000 0.000000 0.000000
vn 0.100000 0.000000 0.000000
vn 0.100000 0.000000 0.000000
vn 0.100000 0.000000 0.000000
vn 0.100000 0.000000 0.000000
vn 0.100000 0.000000 0.000000
vn 0.100000 0.000000 0.000000
vn 0.000000 -0.000000 -0.100000
vn 0.000000 -0.000000 -0.100000
vn 0.000000 -0.000000 -0.100000
vn 0.000000 -0.000000 -0.100000
vn -0.000000 0.070711 -0.070711
vn -0.000000 0.070711 -0.070711
vn -0.000000 0.070711 -0.070711
vn -0.000000 0.070711 -0.070711
vn 0.000000 -0.070711 -0.070711
vn 0.000000 -0.070711 -0.070711
vn 0.000000 -0.070711 -0.070711
vn 0.000000 -0.070711 -0.070711
vn 0.000000 -0.100000 0.000000
vn 0.000000 -0.100000 0.000000
vn 0.000000 -0.100000 0.000000
vn 0.000000 -0.100000 0.000000
vn -0.000000 0.070711 -0.070711
vn -0.000000 0.070711 -0.070711
vn -0.000000 0.070711 -0.070711
vn -0.000000 0.070711 -0.070711
vn 0.000000 -0.000000 -0.100000
vn 0.000000 -0.000000 -0.100000
vn 0.000000 -0.000000 -0.100000
vn 0.000000 -0.000000 -0.100000
vn 0.000000 0.000000 0.100000
vn 0.000000 0.000000 0.100000
vn 0.000000 0.000000 0.100000
vn 0.000000 0.000000 0.100000
vn -0.000000 0.100000 -0.000000
vn -0.000000 0.100000 -0.000000
vn -0.000000 0.100000 -0.000000
vn -0.000000 0.100000 -0.000000
vn -0.000000 0.100000 -0.000000
vn -0.000000 0.100000 -0.000000
vn -0.000000 0.100000 -0.000000
vn -0.000000 0.100000 -0.000000
vn -0.000000 0.100000 -0.000000
vn -0.000000 0.100000 -0.000000
vn -0.000000 0.100000 -0.000000
vn -0.000000 0.100000 -0.000000
vn -0.000000 0.100000 -0.000000
vn -0.000000 0.100000 -0.000000
vn 0.025882 -0.000000 -0.096593
vn 0.000000 -0.000000 -0.100000
vn 0.025882 -0.000000 -0.096593
vn 0.000000 -0.000000 -0.100000
vn 0.025882 -0.000000 -0.096593
vn 0.025882 -0.000000 -0.096593
vn 0.050000 0.000000 -0.086603
vn 0.050000 0.000000 -0.086603
vn 0.070711 0.000000 -0.070711
vn 0.070711 0.000000 -0.070711
vn 0.086603 0.000000 -0.050000
vn 0.086603 0.000000 -0.050000
vn 0.096593 0.000000 -0.025882
vn 0.096593 0.000000 -0.025882
vn 0.096593 0.000000 -0.025882
vn 0.086603 0.000000 -0.050000
vn 0.070711 0.000000 -0.070711
vn 0.050000 0.000000 -0.086603
vn 0.096593 0.000000 -0.025882
vn 0.086603 0.000000 -0.050000
vn 0.070711 0.000000 -0.070711
vn 0.050000 0.000000 -0.086603
vn 0.000000 -0.100000 0.000000
vn 0.000000 -0.100000 0.000000
vn 0.000000 -0.100000 0.000000
vn 0.000000 -0.100000 0.000000
vn -0.000000 0.100000 -0.000000
vn -0.000000 0.100000 -0.000000
vn -0.025882 0.000000 0.096593
vn -0.025882 0.000000 0.096593
vn -0.050000 -0.000000 0.086603
vn -0.050000 -0.000000 0.086603
vn -0.070711 -0.000000 0.070711
vn -0.070711 -0.000000 0.070711
vn -0.086603 -0.000000 0.050000
vn -0.086603 -0.000000 0.050000
vn -0.096593 -0.000000 0.025882
vn -0.096593 -0.000000 0.025882
vn -0.100000 -0.000000 -0.000000
vn -0.100000 -0.000000 -0.000000
vn 0.000000 -0.100000 0.000000
vn 0.000000 -0.100000 0.000000
vn 0.000000 -0.100000 0.000000
vn 0.000000 -0.100000 0.000000
vn -0.000000 0.100000 -0.000000
vn -0.000000 0.100000 -0.000000
vn -0.000000 0.100000 -0.000000
vn -0.000000 0.100000 -0.000000
vn -0.000000 -0.000000 -0.100000
vn -0.000000 -0.000000 -0.100000
vn 0.100000 0.000000 -0.000000
vn 0.100000 0.000000 -0.000000
vn 0.100000 0.000000 -0.000000
vn 0.100000 0.000000 -0.000000
vn 0.000000 -0.100000 0.000000
vn 0.000000 -0.100000 0.000000
vn 0.000000 -0.100000 0.000000
vn 0.000000 -0.100000 0.000000
vn 0.000000 -0.100000 0.000000
vn 0.000000 -0.100000 0.000000
vn 0.000000 -0.100000 0.000000
vn 0.000000 -0.100000 0.000000
vn 0.000000 -0.100000 0.000000
vn 0.000000 -0.100000 0.000000
vn 0.000000 -0.000000 -0.100000
vn 0.000000 -0.000000 -0.100000
vn 0.000000 -0.000000 -0.100000
vn 0.000000 -0.000000 -0.100000
vn -0.000000 0.100000 -0.000000
vn -0.000000 0.100000 -0.000000
vn -0.100000 -0.000000 -0.000000
vn -0.100000 -0.000000 -0.000000
vn -0.100000 -0.000000 -0.000000
vn -0.100000 -0.000000 -0.000000
vn -0.100000 -0.000000 -0.000000
vn -0.100000 -0.000000 -0.000000
vn -0.100000 -0.000000 -0.000000
vn -0.100000 -0.000000 -0.000000
vn -0.100000 -0.000000 -0.000000
vn -0.100000 -0.000000 -0.000000
f 2499/3457/3289 2500/3458/3290 2502/3459/3291
f 2502/3459/3291 2500/3458/3290 2501/3460/3292
f 2502/3461/3293 2501/3462/3294 2512/3463/3295
f 2512/3463/3295 2501/3462/3294 2503/3464/3296
f 2512/3463/3295 2503/3464/3296 2505/3465/3297
f 2505/3465/3297 2503/3464/3296 2504/3466/3298
f 2506/3467/3299 2508/3468/3300 2505/3465/3297
f 2505/3465/3297 2508/3468/3300 2509/3469/3301
f 2505/3465/3297 2509/3469/3301 2512/3463/3295
f 2512/3463/3295 2509/3469/3301 2511/3470/3302
f 2511/3470/3302 2509/3469/3301 2510/3471/3303
f 2506/3467/3299 2507/3472/3304 2508/3468/3300
f 2500/3473/3305 2513/3474/3306 2501/3475/3307
f 2501/3475/3307 2513/3474/3306 2503/3476/3308
f 2513/3477/3309 2514/3478/3310 2503/3479/3311
f 2503/3479/3311 2514/3478/3310 2504/3480/3312
f 2515/3481/3313 2516/3482/3314 2510/3483/3315
f 2510/3483/3315 2516/3482/3314 2511/3484/3316
f 2510/3485/3317 2509/3486/3318 2515/3487/3319
f 2515/3487/3319 2509/3486/3318 2517/3488/3320
f 2518/3489/3321 2519/3490/3322 2506/3491/3323
f 2506/3491/3323 2519/3490/3322 2507/3492/3324
f 2506/3493/3325 2505/3494/3326 2518/3495/3327
f 2518/3495/3327 2505/3494/3326 2520/3496/3328
f 2522/3497/3329 2523/3498/3330 2521/3499/3331
f 2521/3499/3331 2523/3498/3330 2524/3500/3332
f 2525/3501/3333 2526/3502/3334 2521/3503/3335
f 2521/3503/3335 2526/3502/3334 2536/3504/3336
f 2536/3504/3336 2526/3502/3334 2527/3505/3337
f 2536/3504/3336 2527/3505/3337 2535/3506/3338
f 2535/3506/3338 2527/3505/3337 2528/3507/3339
f 2535/3506/3338 2528/3507/3339 2534/3508/3340
f 2534/3508/3340 2528/3507/3339 2529/3509/3341
f 2534/3508/3340 2529/3509/3341 2533/3510/3342
f 2533/3510/3342 2529/3509/3341 2530/3511/3343
f 2533/3510/3342 2530/3511/3343 2532/3512/3344
f 2532/3512/3344 2530/3511/3343 2508/3513/3345
f 2532/3512/3344 2508/3513/3345 2531/3514/3346
f 2526/3515/3347 2525/3516/3348 2544/3517/3349
f 2544/3517/3349 2525/3516/3348 2537/3518/3350
f 2544/3517/3349 2537/3518/3350 2543/3519/3351
f 2543/3519/3351 2537/3518/3350 2538/3520/3352
f 2543/3519/3351 2538/3520/3352 2545/3521/3353
f 2545/3521/3353 2538/3520/3352 2539/3522/3354
f 2545/3521/3353 2539/3522/3354 2547/3523/3355
f 2547/3523/3355 2539/3522/3354 2540/3524/3356
f 2547/3523/3355 2540/3524/3356 2549/3525/3357
f 2549/3525/3357 2540/3524/3356 2541/3526/3358
f 2549/3525/3357 2541/3526/3358 2551/3527/3359
f 2551/3527/3359 2541/3526/3358 2542/3528/3360
f 2551/3527/3359 2542/3528/3360 2509/3529/3301
f 2509/3529/3301 2508/3530/3300 2551/3527/3359
f 2551/3527/3359 2508/3530/3300 2552/3531/3361
f 2551/3527/3359 2552/3531/3361 2549/3525/3357
f 2549/3525/3357 2552/3531/3361 2550/3532/3362
f 2549/3525/3357 2550/3532/3362 2547/3523/3355
f 2547/3523/3355 2550/3532/3362 2548/3533/3363
f 2547/3523/3355 2548/3533/3363 2545/3521/3353
f 2545/3521/3353 2548/3533/3363 2546/3534/3364
f 2545/3521/3353 2546/3534/3364 2543/3519/3351
f 2543/3519/3351 2546/3534/3364 2544/3517/3349
f 2508/3530/3300 2530/3535/3365 2552/3531/3361
f 2552/3531/3361 2530/3535/3365 2550/3532/3362
f 2530/3535/3365 2529/3536/3366 2550/3532/3362
f 2550/3532/3362 2529/3536/3366 2548/3533/3363
f 2529/3536/3366 2528/3537/3367 2548/3533/3363
f 2548/3533/3363 2528/3537/3367 2546/3534/3364
f 2528/3537/3367 2527/3538/3368 2546/3534/3364
f 2546/3534/3364 2527/3538/3368 2544/3517/3349
f 2527/3538/3368 2526/3515/3347 2544/3517/3349
f 2537/3539/3369 2553/3540/3370 2522/3541/3371
f 2522/3541/3371 2553/3540/3370 2523/3542/3372
f 2521/3543/3335 2524/3544/3373 2525/3545/3333
f 2525/3545/3333 2524/3544/3373 2554/3546/3374
f 2522/3547/3329 2521/3548/3331 2559/3549/3375
f 2559/3549/3375 2521/3548/3331 2536/3550/3376
f 2559/3549/3375 2536/3550/3376 2558/3551/3377
f 2558/3551/3377 2536/3550/3376 2535/3552/3378
f 2558/3551/3377 2535/3552/3378 2557/3553/3379
f 2557/3553/3379 2535/3552/3378 2534/3554/3380
f 2557/3553/3379 2534/3554/3380 2556/3555/3381
f 2556/3555/3381 2534/3554/3380 2533/3556/3382
f 2556/3555/3381 2533/3556/3382 2555/3557/3383
f 2555/3557/3383 2533/3556/3382 2532/3558/3384
f 2555/3557/3383 2532/3558/3384 2517/3559/3385
f 2517/3559/3385 2532/3558/3384 2531/3560/3386
f 2502/3561/3387 2512/3562/3388 2499/3563/3389
f 2499/3563/3389 2512/3562/3388 2560/3564/3390
f 2514/3565/3391 2520/3566/3392 2504/3567/3393
f 2504/3567/3393 2520/3566/3392 2505/3568/3394
f 2525/3569/3348 2554/3570/3395 2537/3571/3350
f 2537/3571/3350 2554/3570/3395 2553/3572/3396
f 2524/3573/3397 2523/3574/3398 2554/3575/3399
f 2554/3575/3399 2523/3574/3398 2553/3576/3400
f 2537/3577/3369 2522/3578/3371 2538/3579/3401
f 2538/3579/3401 2522/3578/3371 2559/3580/3402
f 2538/3579/3401 2559/3580/3402 2539/3581/3403
f 2539/3581/3403 2559/3580/3402 2558/3582/3404
f 2539/3581/3403 2558/3582/3404 2540/3583/3405
f 2540/3583/3405 2558/3582/3404 2557/3584/3406
f 2540/3583/3405 2557/3584/3406 2541/3585/3407
f 2541/3585/3407 2557/3584/3406 2556/3586/3408
f 2541/3585/3407 2556/3586/3408 2542/3587/3409
f 2542/3587/3409 2556/3586/3408 2555/3588/3410
f 2542/3587/3409 2555/3588/3410 2509/3589/3318
f 2509/3589/3318 2555/3588/3410 2517/3590/3320
f 2516/3591/3411 2560/3592/3412 2511/3593/3413
f 2511/3593/3413 2560/3592/3412 2512/3594/3414
f 2519/3595/3415 2531/3596/3346 2507/3597/3416
f 2507/3597/3416 2531/3596/3346 2508/3598/3345
f 2499/3599/3417 2560/3600/3418 2500/3601/3419
f 2500/3601/3419 2560/3600/3418 2513/3602/3420
f 2513/3602/3420 2560/3600/3418 2520/3603/3421
f 2513/3602/3420 2520/3603/3421 2514/3604/3422
f 2520/3603/3421 2560/3600/3418 2517/3605/3385
f 2517/3605/3385 2560/3600/3418 2516/3606/3423
f 2517/3605/3385 2516/3606/3423 2515/3607/3424
f 2517/3605/3385 2531/3608/3386 2520/3603/3421
f 2520/3603/3421 2531/3608/3386 2518/3609/3425
f 2518/3609/3425 2531/3608/3386 2519/3610/3426
g Body10

v -7.794791 6.090000 -3.300000
v -7.794791 6.290000 -3.500000
v -7.444791 6.290000 -3.500000
v -7.444791 6.090000 -3.300000
v -7.444791 6.420000 -3.500000
v -7.444791 6.620000 -3.300000
v -7.444791 6.620000 0.000000
v -7.444791 6.855000 0.000000
v -7.444791 7.055000 0.200000
v -7.444791 7.055000 2.595509
v -7.444791 5.655000 2.595509
v -7.444791 5.655000 0.200000
v -7.444791 5.855000 0.000000
v -7.444791 6.090000 0.000000
v -7.794791 6.420000 -3.500000
v -7.794791 6.620000 -3.300000
v -7.794791 5.655000 0.200000
v -7.794791 5.855000 0.000000
v -7.794791 5.655000 2.595509
v -7.794791 6.855000 0.000000
v -7.794791 7.055000 0.200000
v -7.794791 6.620000 0.000000
v -7.344791 7.055000 3.045509
v -7.344791 5.655000 3.045509
v -5.339282 5.655000 3.045509
v -5.339282 7.055000 3.045509
v -7.344791 7.055000 2.695509
v -7.370673 7.055000 2.692101
v -7.394791 7.055000 2.682111
v -7.415501 7.055000 2.666220
v -7.431393 7.055000 2.645509
v -7.441383 7.055000 2.621391
v -7.794791 7.055000 2.595509
v -7.779457 7.055000 2.711977
v -7.734502 7.055000 2.820509
v -7.662989 7.055000 2.913707
v -7.569791 7.055000 2.985220
v -7.461259 7.055000 3.030175
v -7.344791 5.655000 2.695509
v -7.370673 5.655000 2.692101
v -7.394791 5.655000 2.682111
v -7.415501 5.655000 2.666220
v -7.431393 5.655000 2.645509
v -7.441383 5.655000 2.621391
v -7.370673 6.121667 2.692101
v -7.370673 6.588333 2.692101
v -7.394791 6.121667 2.682111
v -7.394791 6.588333 2.682111
v -7.415501 6.121667 2.666220
v -7.415501 6.588333 2.666220
v -7.431393 6.121667 2.645509
v -7.431393 6.588333 2.645509
v -7.441383 6.121667 2.621391
v -7.441383 6.588333 2.621391
v -5.339282 5.655000 2.695509
v -5.339282 7.055000 2.695509
v -7.779457 5.655000 2.711977
v -7.734502 5.655000 2.820509
v -7.662989 5.655000 2.913707
v -7.569791 5.655000 2.985220
v -7.461259 5.655000 3.030175
v -7.794791 6.090000 0.000000
vt 0.014142 0.017500 0.000000
vt -0.014142 0.017500 0.000000
vt 0.014142 -0.017500 0.000000
vt -0.014142 -0.017500 0.000000
vt 0.580000 -0.026500 0.000000
vt 0.600000 -0.006500 0.000000
vt 0.250000 -0.026500 0.000000
vt 0.600000 0.006500 0.000000
vt 0.250000 0.026500 0.000000
vt 0.580000 0.026500 0.000000
vt 0.250000 0.050000 0.000000
vt -0.009551 0.070000 0.000000
vt -0.009551 -0.070000 0.000000
vt 0.250000 -0.050000 0.000000
vt 0.230000 -0.070000 0.000000
vt 0.230000 0.070000 0.000000
vt 0.033000 0.017500 0.000000
vt 0.020000 0.017500 0.000000
vt 0.033000 -0.017500 0.000000
vt 0.020000 -0.017500 0.000000
vt 0.014142 0.017500 0.000000
vt -0.014142 0.017500 0.000000
vt 0.014142 -0.017500 0.000000
vt -0.014142 -0.017500 0.000000
vt 0.014142 0.017500 0.000000
vt -0.014142 0.017500 0.000000
vt 0.014142 -0.017500 0.000000
vt -0.014142 -0.017500 0.000000
vt 0.020000 -0.017500 0.000000
vt 0.259551 -0.017500 0.000000
vt 0.020000 0.017500 0.000000
vt 0.259551 0.017500 0.000000
vt 0.014142 0.017500 0.000000
vt -0.014142 0.017500 0.000000
vt 0.014142 -0.017500 0.000000
vt -0.014142 -0.017500 0.000000
vt 0.020000 -0.017500 0.000000
vt 0.043500 -0.017500 0.000000
vt 0.020000 0.017500 0.000000
vt 0.043500 0.017500 0.000000
vt 0.049449 -0.070000 0.000000
vt 0.250000 -0.070000 0.000000
vt 0.049449 0.070000 0.000000
vt 0.250000 0.070000 0.000000
vt 0.000000 0.000000 0.000000
vt 0.000341 0.002588 0.000000
vt -0.035000 -0.000000 0.000000
vt -0.033467 0.011647 0.000000
vt 0.001340 0.005000 0.000000
vt -0.028971 0.022500 0.000000
vt 0.002929 0.007071 0.000000
vt -0.021820 0.031820 0.000000
vt 0.005000 0.008660 0.000000
vt -0.012500 0.038971 0.000000
vt 0.007412 0.009659 0.000000
vt -0.001647 0.043467 0.000000
vt 0.010000 0.010000 0.000000
vt 0.010000 0.045000 0.000000
vt 0.070000 0.013090 0.000000
vt 0.070000 0.015708 0.000000
vt 0.023333 0.013090 0.000000
vt -0.070000 0.015708 0.000000
vt -0.023333 0.013090 0.000000
vt -0.070000 0.013090 0.000000
vt -0.023333 0.010472 0.000000
vt -0.070000 0.010472 0.000000
vt -0.023333 0.007854 0.000000
vt -0.070000 0.007854 0.000000
vt -0.023333 0.005236 0.000000
vt -0.070000 0.005236 0.000000
vt -0.023333 0.002618 0.000000
vt -0.070000 0.002618 0.000000
vt -0.070000 0.000000 0.000000
vt 0.070000 0.000000 0.000000
vt 0.023333 0.002618 0.000000
vt 0.023333 0.005236 0.000000
vt 0.023333 0.007854 0.000000
vt 0.023333 0.010472 0.000000
vt 0.070000 0.002618 0.000000
vt 0.070000 0.005236 0.000000
vt 0.070000 0.007854 0.000000
vt 0.070000 0.010472 0.000000
vt 0.299449 -0.017500 0.000000
vt 0.500000 -0.017500 0.000000
vt 0.299449 0.017500 0.000000
vt 0.500000 0.017500 0.000000
vt 0.200551 0.017500 0.000000
vt 0.000000 0.017500 0.000000
vt 0.200551 -0.017500 0.000000
vt 0.000000 -0.017500 0.000000
vt 0.070000 0.070686 0.000000
vt -0.070000 0.070686 0.000000
vt 0.070000 0.058905 0.000000
vt -0.070000 0.058905 0.000000
vt 0.070000 0.047124 0.000000
vt -0.070000 0.047124 0.000000
vt 0.070000 0.035343 0.000000
vt -0.070000 0.035343 0.000000
vt 0.070000 0.023562 0.000000
vt -0.070000 0.023562 0.000000
vt 0.070000 0.011781 0.000000
vt -0.070000 0.011781 0.000000
vt 0.070000 0.000000 0.000000
vt -0.070000 0.000000 0.000000
vt 0.020000 -0.017500 0.000000
vt 0.350000 -0.017500 0.000000
vt 0.020000 0.017500 0.000000
vt 0.350000 0.017500 0.000000
vt 0.330000 0.017500 0.000000
vt 0.000000 0.017500 0.000000
vt 0.330000 -0.017500 0.000000
vt 0.000000 -0.017500 0.000000
vt -0.049449 0.070000 0.000000
vt -0.250000 0.070000 0.000000
vt -0.049449 -0.070000 0.000000
vt -0.250000 -0.070000 0.000000
vt 0.140000 0.017500 0.000000
vt 0.000000 0.017500 0.000000
vt 0.140000 -0.017500 0.000000
vt 0.000000 -0.017500 0.000000
vt -0.035000 0.000000 0.000000
vt -0.000000 0.000000 0.000000
vt -0.035341 0.002588 0.000000
vt -0.001533 0.011647 0.000000
vt -0.036340 0.005000 0.000000
vt -0.006029 0.022500 0.000000
vt -0.037929 0.007071 0.000000
vt -0.013180 0.031820 0.000000
vt -0.040000 0.008660 0.000000
vt -0.022500 0.038971 0.000000
vt -0.042412 0.009659 0.000000
vt -0.033353 0.043467 0.000000
vt -0.045000 0.010000 0.000000
vt -0.045000 0.045000 0.000000
vt 0.120000 0.017500 0.000000
vt 0.096500 0.017500 0.000000
vt 0.120000 -0.017500 0.000000
vt 0.096500 -0.017500 0.000000
vt 0.480000 0.017500 0.000000
vt 0.240449 0.017500 0.000000
vt 0.480000 -0.017500 0.000000
vt 0.240449 -0.017500 0.000000
vt -0.580000 -0.026500 0.000000
vt -0.250000 -0.026500 0.000000
vt -0.600000 -0.006500 0.000000
vt -0.600000 0.006500 0.000000
vt -0.250000 0.026500 0.000000
vt -0.580000 0.026500 0.000000
vt 0.009551 -0.070000 0.000000
vt -0.250000 -0.050000 0.000000
vt -0.230000 -0.070000 0.000000
vt 0.009551 0.070000 0.000000
vt -0.250000 0.050000 0.000000
vt -0.230000 0.070000 0.000000
vn 0.000000 -0.070711 -0.070711
vn 0.000000 -0.070711 -0.070711
vn 0.000000 -0.070711 -0.070711
vn 0.000000 -0.070711 -0.070711
vn 0.100000 0.000000 0.000000
vn 0.100000 0.000000 0.000000
vn 0.100000 0.000000 0.000000
vn 0.100000 0.000000 0.000000
vn 0.100000 0.000000 0.000000
vn 0.100000 0.000000 0.000000
vn 0.100000 0.000000 0.000000
vn 0.100000 0.000000 0.000000
vn 0.100000 0.000000 0.000000
vn 0.100000 0.000000 0.000000
vn 0.100000 0.000000 0.000000
vn 0.100000 0.000000 0.000000
vn 0.000000 -0.000000 -0.100000
vn 0.000000 -0.000000 -0.100000
vn 0.000000 -0.000000 -0.100000
vn 0.000000 -0.000000 -0.100000
vn -0.000000 0.070711 -0.070711
vn -0.000000 0.070711 -0.070711
vn -0.000000 0.070711 -0.070711
vn -0.000000 0.070711 -0.070711
vn 0.000000 -0.070711 -0.070711
vn 0.000000 -0.070711 -0.070711
vn 0.000000 -0.070711 -0.070711
vn 0.000000 -0.070711 -0.070711
vn 0.000000 -0.100000 0.000000
vn 0.000000 -0.100000 0.000000
vn 0.000000 -0.100000 0.000000
vn 0.000000 -0.100000 0.000000
vn -0.000000 0.070711 -0.070711
vn -0.000000 0.070711 -0.070711
vn -0.000000 0.070711 -0.070711
vn -0.000000 0.070711 -0.070711
vn 0.000000 -0.000000 -0.100000
vn 0.000000 -0.000000 -0.100000
vn 0.000000 -0.000000 -0.100000
vn 0.000000 -0.000000 -0.100000
vn 0.000000 0.000000 0.100000
vn 0.000000 0.000000 0.100000
vn 0.000000 0.000000 0.100000
vn 0.000000 0.000000 0.100000
vn -0.000000 0.100000 -0.000000
vn -0.000000 0.100000 -0.000000
vn -0.000000 0.100000 -0.000000
vn -0.000000 0.100000 -0.000000
vn -0.000000 0.100000 -0.000000
vn -0.000000 0.100000 -0.000000
vn -0.000000 0.100000 -0.000000
vn -0.000000 0.100000 -0.000000
vn -0.000000 0.100000 -0.000000
vn -0.000000 0.100000 -0.000000
vn -0.000000 0.100000 -0.000000
vn -0.000000 0.100000 -0.000000
vn -0.000000 0.100000 -0.000000
vn -0.000000 0.100000 -0.000000
vn 0.025882 -0.000000 -0.096593
vn 0.000000 -0.000000 -0.100000
vn 0.025882 -0.000000 -0.096593
vn 0.000000 -0.000000 -0.100000
vn 0.025882 -0.000000 -0.096593
vn 0.025882 -0.000000 -0.096593
vn 0.050000 0.000000 -0.086603
vn 0.050000 0.000000 -0.086603
vn 0.070711 0.000000 -0.070711
vn 0.070711 0.000000 -0.070711
vn 0.086603 0.000000 -0.050000
vn 0.086603 0.000000 -0.050000
vn 0.096593 0.000000 -0.025882
vn 0.096593 0.000000 -0.025882
vn 0.096593 0.000000 -0.025882
vn 0.086603 0.000000 -0.050000
vn 0.070711 0.000000 -0.070711
vn 0.050000 0.000000 -0.086603
vn 0.096593 0.000000 -0.025882
vn 0.086603 0.000000 -0.050000
vn 0.070711 0.000000 -0.070711
vn 0.050000 0.000000 -0.086603
vn 0.000000 -0.100000 0.000000
vn 0.000000 -0.100000 0.000000
vn 0.000000 -0.100000 0.000000
vn 0.000000 -0.100000 0.000000
vn -0.000000 0.100000 -0.000000
vn -0.000000 0.100000 -0.000000
vn -0.025882 0.000000 0.096593
vn -0.025882 0.000000 0.096593
vn -0.050000 -0.000000 0.086603
vn -0.050000 -0.000000 0.086603
vn -0.070711 -0.000000 0.070711
vn -0.070711 -0.000000 0.070711
vn -0.086603 -0.000000 0.050000
vn -0.086603 -0.000000 0.050000
vn -0.096593 -0.000000 0.025882
vn -0.096593 -0.000000 0.025882
vn -0.100000 -0.000000 -0.000000
vn -0.100000 -0.000000 -0.000000
vn 0.000000 -0.100000 0.000000
vn 0.000000 -0.100000 0.000000
vn 0.000000 -0.100000 0.000000
vn 0.000000 -0.100000 0.000000
vn -0.000000 0.100000 -0.000000
vn -0.000000 0.100000 -0.000000
vn -0.000000 0.100000 -0.000000
vn -0.000000 0.100000 -0.000000
vn -0.000000 -0.000000 -0.100000
vn -0.000000 -0.000000 -0.100000
vn 0.100000 0.000000 -0.000000
vn 0.100000 0.000000 -0.000000
vn 0.100000 0.000000 -0.000000
vn 0.100000 0.000000 -0.000000
vn 0.000000 -0.100000 0.000000
vn 0.000000 -0.100000 0.000000
vn 0.000000 -0.100000 0.000000
vn 0.000000 -0.100000 0.000000
vn 0.000000 -0.100000 0.000000
vn 0.000000 -0.100000 0.000000
vn 0.000000 -0.100000 0.000000
vn 0.000000 -0.100000 0.000000
vn 0.000000 -0.100000 0.000000
vn 0.000000 -0.100000 0.000000
vn 0.000000 -0.000000 -0.100000
vn 0.000000 -0.000000 -0.100000
vn 0.000000 -0.000000 -0.100000
vn 0.000000 -0.000000 -0.100000
vn -0.000000 0.100000 -0.000000
vn -0.000000 0.100000 -0.000000
vn -0.100000 -0.000000 -0.000000
vn -0.100000 -0.000000 -0.000000
vn -0.100000 -0.000000 -0.000000
vn -0.100000 -0.000000 -0.000000
vn -0.100000 -0.000000 -0.000000
vn -0.100000 -0.000000 -0.000000
vn -0.100000 -0.000000 -0.000000
vn -0.100000 -0.000000 -0.000000
vn -0.100000 -0.000000 -0.000000
vn -0.100000 -0.000000 -0.000000
f 2561/3611/3427 2562/3612/3428 2564/3613/3429
f 2564/3613/3429 2562/3612/3428 2563/3614/3430
f 2564/3615/3431 2563/3616/3432 2574/3617/3433
f 2574/3617/3433 2563/3616/3432 2565/3618/3434
f 2574/3617/3433 2565/3618/3434 2567/3619/3435
f 2567/3619/3435 2565/3618/3434 2566/3620/3436
f 2568/3621/3437 2570/3622/3438 2567/3619/3435
f 2567/3619/3435 2570/3622/3438 2571/3623/3439
f 2567/3619/3435 2571/3623/3439 2574/3617/3433
f 2574/3617/3433 2571/3623/3439 2573/3624/3440
f 2573/3624/3440 2571/3623/3439 2572/3625/3441
f 2568/3621/3437 2569/3626/3442 2570/3622/3438
f 2562/3627/3443 2575/3628/3444 2563/3629/3445
f 2563/3629/3445 2575/3628/3444 2565/3630/3446
f 2575/3631/3447 2576/3632/3448 2565/3633/3449
f 2565/3633/3449 2576/3632/3448 2566/3634/3450
f 2577/3635/3451 2578/3636/3452 2572/3637/3453
f 2572/3637/3453 2578/3636/3452 2573/3638/3454
f 2572/3639/3455 2571/3640/3456 2577/3641/3457
f 2577/3641/3457 2571/3640/3456 2579/3642/3458
f 2580/3643/3459 2581/3644/3460 2568/3645/3461
f 2568/3645/3461 2581/3644/3460 2569/3646/3462
f 2568/3647/3463 2567/3648/3464 2580/3649/3465
f 2580/3649/3465 2567/3648/3464 2582/3650/3466
f 2584/3651/3467 2585/3652/3468 2583/3653/3469
f 2583/3653/3469 2585/3652/3468 2586/3654/3470
f 2587/3655/3471 2588/3656/3472 2583/3657/3473
f 2583/3657/3473 2588/3656/3472 2598/3658/3474
f 2598/3658/3474 2588/3656/3472 2589/3659/3475
f 2598/3658/3474 2589/3659/3475 2597/3660/3476
f 2597/3660/3476 2589/3659/3475 2590/3661/3477
f 2597/3660/3476 2590/3661/3477 2596/3662/3478
f 2596/3662/3478 2590/3661/3477 2591/3663/3479
f 2596/3662/3478 2591/3663/3479 2595/3664/3480
f 2595/3664/3480 2591/3663/3479 2592/3665/3481
f 2595/3664/3480 2592/3665/3481 2594/3666/3482
f 2594/3666/3482 2592/3665/3481 2570/3667/3483
f 2594/3666/3482 2570/3667/3483 2593/3668/3484
f 2588/3669/3485 2587/3670/3486 2606/3671/3487
f 2606/3671/3487 2587/3670/3486 2599/3672/3488
f 2606/3671/3487 2599/3672/3488 2605/3673/3489
f 2605/3673/3489 2599/3672/3488 2600/3674/3490
f 2605/3673/3489 2600/3674/3490 2607/3675/3491
f 2607/3675/3491 2600/3674/3490 2601/3676/3492
f 2607/3675/3491 2601/3676/3492 2609/3677/3493
f 2609/3677/3493 2601/3676/3492 2602/3678/3494
f 2609/3677/3493 2602/3678/3494 2611/3679/3495
f 2611/3679/3495 2602/3678/3494 2603/3680/3496
f 2611/3679/3495 2603/3680/3496 2613/3681/3497
f 2613/3681/3497 2603/3680/3496 2604/3682/3498
f 2613/3681/3497 2604/3682/3498 2571/3683/3439
f 2571/3683/3439 2570/3684/3438 2613/3681/3497
f 2613/3681/3497 2570/3684/3438 2614/3685/3499
f 2613/3681/3497 2614/3685/3499 2611/3679/3495
f 2611/3679/3495 2614/3685/3499 2612/3686/3500
f 2611/3679/3495 2612/3686/3500 2609/3677/3493
f 2609/3677/3493 2612/3686/3500 2610/3687/3501
f 2609/3677/3493 2610/3687/3501 2607/3675/3491
f 2607/3675/3491 2610/3687/3501 2608/3688/3502
f 2607/3675/3491 2608/3688/3502 2605/3673/3489
f 2605/3673/3489 2608/3688/3502 2606/3671/3487
f 2570/3684/3438 2592/3689/3503 2614/3685/3499
f 2614/3685/3499 2592/3689/3503 2612/3686/3500
f 2592/3689/3503 2591/3690/3504 2612/3686/3500
f 2612/3686/3500 2591/3690/3504 2610/3687/3501
f 2591/3690/3504 2590/3691/3505 2610/3687/3501
f 2610/3687/3501 2590/3691/3505 2608/3688/3502
f 2590/3691/3505 2589/3692/3506 2608/3688/3502
f 2608/3688/3502 2589/3692/3506 2606/3671/3487
f 2589/3692/3506 2588/3669/3485 2606/3671/3487
f 2599/3693/3507 2615/3694/3508 2584/3695/3509
f 2584/3695/3509 2615/3694/3508 2585/3696/3510
f 2583/3697/3473 2586/3698/3511 2587/3699/3471
f 2587/3699/3471 2586/3698/3511 2616/3700/3512
f 2584/3701/3467 2583/3702/3469 2621/3703/3513
f 2621/3703/3513 2583/3702/3469 2598/3704/3514
f 2621/3703/3513 2598/3704/3514 2620/3705/3515
f 2620/3705/3515 2598/3704/3514 2597/3706/3516
f 2620/3705/3515 2597/3706/3516 2619/3707/3517
f 2619/3707/3517 2597/3706/3516 2596/3708/3518
f 2619/3707/3517 2596/3708/3518 2618/3709/3519
f 2618/3709/3519 2596/3708/3518 2595/3710/3520
f 2618/3709/3519 2595/3710/3520 2617/3711/3521
f 2617/3711/3521 2595/3710/3520 2594/3712/3522
f 2617/3711/3521 2594/3712/3522 2579/3713/3523
f 2579/3713/3523 2594/3712/3522 2593/3714/3524
f 2564/3715/3525 2574/3716/3526 2561/3717/3527
f 2561/3717/3527 2574/3716/3526 2622/3718/3528
f 2576/3719/3529 2582/3720/3530 2566/3721/3531
f 2566/3721/3531 2582/3720/3530 2567/3722/3532
f 2587/3723/3486 2616/3724/3533 2599/3725/3488
f 2599/3725/3488 2616/3724/3533 2615/3726/3534
f 2586/3727/3535 2585/3728/3536 2616/3729/3537
f 2616/3729/3537 2585/3728/3536 2615/3730/3538
f 2599/3731/3507 2584/3732/3509 2600/3733/3539
f 2600/3733/3539 2584/3732/3509 2621/3734/3540
f 2600/3733/3539 2621/3734/3540 2601/3735/3541
f 2601/3735/3541 2621/3734/3540 2620/3736/3542
f 2601/3735/3541 2620/3736/3542 2602/3737/3543
f 2602/3737/3543 2620/3736/3542 2619/3738/3544
f 2602/3737/3543 2619/3738/3544 2603/3739/3545
f 2603/3739/3545 2619/3738/3544 2618/3740/3546
f 2603/3739/3545 2618/3740/3546 2604/3741/3547
f 2604/3741/3547 2618/3740/3546 2617/3742/3548
f 2604/3741/3547 2617/3742/3548 2571/3743/3456
f 2571/3743/3456 2617/3742/3548 2579/3744/3458
f 2578/3745/3549 2622/3746/3550 2573/3747/3551
f 2573/3747/3551 2622/3746/3550 2574/3748/3552
f 2581/3749/3553 2593/3750/3484 2569/3751/3554
f 2569/3751/3554 2593/3750/3484 2570/3752/3483
f 2561/3753/3555 2622/3754/3556 2562/3755/3557
f 2562/3755/3557 2622/3754/3556 2575/3756/3558
f 2575/3756/3558 2622/3754/3556 2582/3757/3559
f 2575/3756/3558 2582/3757/3559 2576/3758/3560
f 2582/3757/3559 2622/3754/3556 2579/3759/3523
f 2579/3759/3523 2622/3754/3556 2578/3760/3561
f 2579/3759/3523 2578/3760/3561 2577/3761/3562
f 2579/3759/3523 2593/3762/3524 2582/3757/3559
f 2582/3757/3559 2593/3762/3524 2580/3763/3563
f 2580/3763/3563 2593/3762/3524 2581/3764/3564
g Body11

v -7.794791 8.630000 -3.300000
v -7.794791 8.830000 -3.500000
v -7.444791 8.830000 -3.500000
v -7.444791 8.630000 -3.300000
v -7.444791 8.960000 -3.500000
v -7.444791 9.160000 -3.300000
v -7.444791 9.160000 0.000000
v -7.444791 9.395000 0.000000
v -7.444791 9.595000 0.200000
v -7.444791 9.595000 2.595509
v -7.444791 8.195000 2.595509
v -7.444791 8.195000 0.200000
v -7.444791 8.395000 0.000000
v -7.444791 8.630000 0.000000
v -7.794791 8.960000 -3.500000
v -7.794791 9.160000 -3.300000
v -7.794791 8.195000 0.200000
v -7.794791 8.395000 0.000000
v -7.794791 8.195000 2.595509
v -7.794791 9.395000 0.000000
v -7.794791 9.595000 0.200000
v -7.794791 9.160000 0.000000
v -7.344791 9.595000 3.045509
v -7.344791 8.195000 3.045509
v -5.339282 8.195000 3.045509
v -5.339282 9.595000 3.045509
v -7.344791 9.595000 2.695509
v -7.370673 9.595000 2.692101
v -7.394791 9.595000 2.682111
v -7.415501 9.595000 2.666220
v -7.431393 9.595000 2.645509
v -7.441383 9.595000 2.621391
v -7.794791 9.595000 2.595509
v -7.779457 9.595000 2.711977
v -7.734502 9.595000 2.820509
v -7.662989 9.595000 2.913707
v -7.569791 9.595000 2.985220
v -7.461259 9.595000 3.030175
v -7.344791 8.195000 2.695509
v -7.370673 8.195000 2.692101
v -7.394791 8.195000 2.682111
v -7.415501 8.195000 2.666220
v -7.431393 8.195000 2.645509
v -7.441383 8.195000 2.621391
v -7.370673 8.661667 2.692101
v -7.370673 9.128333 2.692101
v -7.394791 8.661667 2.682111
v -7.394791 9.128333 2.682111
v -7.415501 8.661667 2.666220
v -7.415501 9.128333 2.666220
v -7.431393 8.661667 2.645509
v -7.431393 9.128333 2.645509
v -7.441383 8.661667 2.621391
v -7.441383 9.128333 2.621391
v -5.339282 8.195000 2.695509
v -5.339282 9.595000 2.695509
v -7.779457 8.195000 2.711977
v -7.734502 8.195000 2.820509
v -7.662989 8.195000 2.913707
v -7.569791 8.195000 2.985220
v -7.461259 8.195000 3.030175
v -7.794791 8.630000 0.000000
vt 0.014142 0.017500 0.000000
vt -0.014142 0.017500 0.000000
vt 0.014142 -0.017500 0.000000
vt -0.014142 -0.017500 0.000000
vt 0.580000 -0.026500 0.000000
vt 0.600000 -0.006500 0.000000
vt 0.250000 -0.026500 0.000000
vt 0.600000 0.006500 0.000000
vt 0.250000 0.026500 0.000000
vt 0.580000 0.026500 0.000000
vt 0.250000 0.050000 0.000000
vt -0.009551 0.070000 0.000000
vt -0.009551 -0.070000 0.000000
vt 0.250000 -0.050000 0.000000
vt 0.230000 -0.070000 0.000000
vt 0.230000 0.070000 0.000000
vt 0.033000 0.017500 0.000000
vt 0.020000 0.017500 0.000000
vt 0.033000 -0.017500 0.000000
vt 0.020000 -0.017500 0.000000
vt 0.014142 0.017500 0.000000
vt -0.014142 0.017500 0.000000
vt 0.014142 -0.017500 0.000000
vt -0.014142 -0.017500 0.000000
vt 0.014142 0.017500 0.000000
vt -0.014142 0.017500 0.000000
vt 0.014142 -0.017500 0.000000
vt -0.014142 -0.017500 0.000000
vt 0.020000 -0.017500 0.000000
vt 0.259551 -0.017500 0.000000
vt 0.020000 0.017500 0.000000
vt 0.259551 0.017500 0.000000
vt 0.014142 0.017500 0.000000
vt -0.014142 0.017500 0.000000
vt 0.014142 -0.017500 0.000000
vt -0.014142 -0.017500 0.000000
vt 0.020000 -0.017500 0.000000
vt 0.043500 -0.017500 0.000000
vt 0.020000 0.017500 0.000000
vt 0.043500 0.017500 0.000000
vt 0.049449 -0.070000 0.000000
vt 0.250000 -0.070000 0.000000
vt 0.049449 0.070000 0.000000
vt 0.250000 0.070000 0.000000
vt 0.000000 0.000000 0.000000
vt 0.000341 0.002588 0.000000
vt -0.035000 -0.000000 0.000000
vt -0.033467 0.011647 0.000000
vt 0.001340 0.005000 0.000000
vt -0.028971 0.022500 0.000000
vt 0.002929 0.007071 0.000000
vt -0.021820 0.031820 0.000000
vt 0.005000 0.008660 0.000000
vt -0.012500 0.038971 0.000000
vt 0.007412 0.009659 0.000000
vt -0.001647 0.043467 0.000000
vt 0.010000 0.010000 0.000000
vt 0.010000 0.045000 0.000000
vt 0.070000 0.013090 0.000000
vt 0.070000 0.015708 0.000000
vt 0.023333 0.013090 0.000000
vt -0.070000 0.015708 0.000000
vt -0.023333 0.013090 0.000000
vt -0.070000 0.013090 0.000000
vt -0.023333 0.010472 0.000000
vt -0.070000 0.010472 0.000000
vt -0.023333 0.007854 0.000000
vt -0.070000 0.007854 0.000000
vt -0.023333 0.005236 0.000000
vt -0.070000 0.005236 0.000000
vt -0.023333 0.002618 0.000000
vt -0.070000 0.002618 0.000000
vt -0.070000 0.000000 0.000000
vt 0.070000 0.000000 0.000000
vt 0.023333 0.002618 0.000000
vt 0.023333 0.005236 0.000000
vt 0.023333 0.007854 0.000000
vt 0.023333 0.010472 0.000000
vt 0.070000 0.002618 0.000000
vt 0.070000 0.005236 0.000000
vt 0.070000 0.007854 0.000000
vt 0.070000 0.010472 0.000000
vt 0.299449 -0.017500 0.000000
vt 0.500000 -0.017500 0.000000
vt 0.299449 0.017500 0.000000
vt 0.500000 0.017500 0.000000
vt 0.200551 0.017500 0.000000
vt 0.000000 0.017500 0.000000
vt 0.200551 -0.017500 0.000000
vt 0.000000 -0.017500 0.000000
vt 0.070000 0.070686 0.000000
vt -0.070000 0.070686 0.000000
vt 0.070000 0.058905 0.000000
vt -0.070000 0.058905 0.000000
vt 0.070000 0.047124 0.000000
vt -0.070000 0.047124 0.000000
vt 0.070000 0.035343 0.000000
vt -0.070000 0.035343 0.000000
vt 0.070000 0.023562 0.000000
vt -0.070000 0.023562 0.000000
vt 0.070000 0.011781 0.000000
vt -0.070000 0.011781 0.000000
vt 0.070000 0.000000 0.000000
vt -0.070000 0.000000 0.000000
vt 0.020000 -0.017500 0.000000
vt 0.350000 -0.017500 0.000000
vt 0.020000 0.017500 0.000000
vt 0.350000 0.017500 0.000000
vt 0.330000 0.017500 0.000000
vt 0.000000 0.017500 0.000000
vt 0.330000 -0.017500 0.000000
vt 0.000000 -0.017500 0.000000
vt -0.049449 0.070000 0.000000
vt -0.250000 0.070000 0.000000
vt -0.049449 -0.070000 0.000000
vt -0.250000 -0.070000 0.000000
vt 0.140000 0.017500 0.000000
vt 0.000000 0.017500 0.000000
vt 0.140000 -0.017500 0.000000
vt 0.000000 -0.017500 0.000000
vt -0.035000 0.000000 0.000000
vt -0.000000 0.000000 0.000000
vt -0.035341 0.002588 0.000000
vt -0.001533 0.011647 0.000000
vt -0.036340 0.005000 0.000000
vt -0.006029 0.022500 0.000000
vt -0.037929 0.007071 0.000000
vt -0.013180 0.031820 0.000000
vt -0.040000 0.008660 0.000000
vt -0.022500 0.038971 0.000000
vt -0.042412 0.009659 0.000000
vt -0.033353 0.043467 0.000000
vt -0.045000 0.010000 0.000000
vt -0.045000 0.045000 0.000000
vt 0.120000 0.017500 0.000000
vt 0.096500 0.017500 0.000000
vt 0.120000 -0.017500 0.000000
vt 0.096500 -0.017500 0.000000
vt 0.480000 0.017500 0.000000
vt 0.240449 0.017500 0.000000
vt 0.480000 -0.017500 0.000000
vt 0.240449 -0.017500 0.000000
vt -0.580000 -0.026500 0.000000
vt -0.250000 -0.026500 0.000000
vt -0.600000 -0.006500 0.000000
vt -0.600000 0.006500 0.000000
vt -0.250000 0.026500 0.000000
vt -0.580000 0.026500 0.000000
vt 0.009551 -0.070000 0.000000
vt -0.250000 -0.050000 0.000000
vt -0.230000 -0.070000 0.000000
vt 0.009551 0.070000 0.000000
vt -0.250000 0.050000 0.000000
vt -0.230000 0.070000 0.000000
vn 0.000000 -0.070711 -0.070711
vn 0.000000 -0.070711 -0.070711
vn 0.000000 -0.070711 -0.070711
vn 0.000000 -0.070711 -0.070711
vn 0.100000 0.000000 0.000000
vn 0.100000 0.000000 0.000000
vn 0.100000 0.000000 0.000000
vn 0.100000 0.000000 0.000000
vn 0.100000 0.000000 0.000000
vn 0.100000 0.000000 0.000000
vn 0.100000 0.000000 0.000000
vn 0.100000 0.000000 0.000000
vn 0.100000 0.000000 0.000000
vn 0.100000 0.000000 0.000000
vn 0.100000 0.000000 0.000000
vn 0.100000 0.000000 0.000000
vn 0.000000 -0.000000 -0.100000
vn 0.000000 -0.000000 -0.100000
vn 0.000000 -0.000000 -0.100000
vn 0.000000 -0.000000 -0.100000
vn -0.000000 0.070711 -0.070711
vn -0.000000 0.070711 -0.070711
vn -0.000000 0.070711 -0.070711
vn -0.000000 0.070711 -0.070711
vn 0.000000 -0.070711 -0.070711
vn 0.000000 -0.070711 -0.070711
vn 0.000000 -0.070711 -0.070711
vn 0.000000 -0.070711 -0.070711
vn 0.000000 -0.100000 0.000000
vn 0.000000 -0.100000 0.000000
vn 0.000000 -0.100000 0.000000
vn 0.000000 -0.100000 0.000000
vn -0.000000 0.070711 -0.070711
vn -0.000000 0.070711 -0.070711
vn -0.000000 0.070711 -0.070711
vn -0.000000 0.070711 -0.070711
vn 0.000000 -0.000000 -0.100000
vn 0.000000 -0.000000 -0.100000
vn 0.000000 -0.000000 -0.100000
vn 0.000000 -0.000000 -0.100000
vn 0.000000 0.000000 0.100000
vn 0.000000 0.000000 0.100000
vn 0.000000 0.000000 0.100000
vn 0.000000 0.000000 0.100000
vn -0.000000 0.100000 -0.000000
vn -0.000000 0.100000 -0.000000
vn -0.000000 0.100000 -0.000000
vn -0.000000 0.100000 -0.000000
vn -0.000000 0.100000 -0.000000
vn -0.000000 0.100000 -0.000000
vn -0.000000 0.100000 -0.000000
vn -0.000000 0.100000 -0.000000
vn -0.000000 0.100000 -0.000000
vn -0.000000 0.100000 -0.000000
vn -0.000000 0.100000 -0.000000
vn -0.000000 0.100000 -0.000000
vn -0.000000 0.100000 -0.000000
vn -0.000000 0.100000 -0.000000
vn 0.025882 -0.000000 -0.096593
vn 0.000000 -0.000000 -0.100000
vn 0.025882 -0.000000 -0.096593
vn 0.000000 -0.000000 -0.100000
vn 0.025882 -0.000000 -0.096593
vn 0.025882 -0.000000 -0.096593
vn 0.050000 0.000000 -0.086603
vn 0.050000 0.000000 -0.086603
vn 0.070711 0.000000 -0.070711
vn 0.070711 0.000000 -0.070711
vn 0.086603 0.000000 -0.050000
vn 0.086603 0.000000 -0.050000
vn 0.096593 0.000000 -0.025882
vn 0.096593 0.000000 -0.025882
vn 0.096593 0.000000 -0.025882
vn 0.086603 0.000000 -0.050000
vn 0.070711 0.000000 -0.070711
vn 0.050000 0.000000 -0.086603
vn 0.096593 0.000000 -0.025882
vn 0.086603 0.000000 -0.050000
vn 0.070711 0.000000 -0.070711
vn 0.050000 0.000000 -0.086603
vn 0.000000 -0.100000 0.000000
vn 0.000000 -0.100000 0.000000
vn 0.000000 -0.100000 0.000000
vn 0.000000 -0.100000 0.000000
vn -0.000000 0.100000 -0.000000
vn -0.000000 0.100000 -0.000000
vn -0.025882 0.000000 0.096593
vn -0.025882 0.000000 0.096593
vn -0.050000 -0.000000 0.086603
vn -0.050000 -0.000000 0.086603
vn -0.070711 -0.000000 0.070711
vn -0.070711 -0.000000 0.070711
vn -0.086603 -0.000000 0.050000
vn -0.086603 -0.000000 0.050000
vn -0.096593 -0.000000 0.025882
vn -0.096593 -0.000000 0.025882
vn -0.100000 -0.000000 -0.000000
vn -0.100000 -0.000000 -0.000000
vn 0.000000 -0.100000 0.000000
vn 0.000000 -0.100000 0.000000
vn 0.000000 -0.100000 0.000000
vn 0.000000 -0.100000 0.000000
vn -0.000000 0.100000 -0.000000
vn -0.000000 0.100000 -0.000000
vn -0.000000 0.100000 -0.000000
vn -0.000000 0.100000 -0.000000
vn -0.000000 -0.000000 -0.100000
vn -0.000000 -0.000000 -0.100000
vn 0.100000 0.000000 -0.000000
vn 0.100000 0.000000 -0.000000
vn 0.100000 0.000000 -0.000000
vn 0.100000 0.000000 -0.000000
vn 0.000000 -0.100000 0.000000
vn 0.000000 -0.100000 0.000000
vn 0.000000 -0.100000 0.000000
vn 0.000000 -0.100000 0.000000
vn 0.000000 -0.100000 0.000000
vn 0.000000 -0.100000 0.000000
vn 0.000000 -0.100000 0.000000
vn 0.000000 -0.100000 0.000000
vn 0.000000 -0.100000 0.000000
vn 0.000000 -0.100000 0.000000
vn 0.000000 -0.000000 -0.100000
vn 0.000000 -0.000000 -0.100000
vn 0.000000 -0.000000 -0.100000
vn 0.000000 -0.000000 -0.100000
vn -0.000000 0.100000 -0.000000
vn -0.000000 0.100000 -0.000000
vn -0.100000 -0.000000 -0.000000
vn -0.100000 -0.000000 -0.000000
vn -0.100000 -0.000000 -0.000000
vn -0.100000 -0.000000 -0.000000
vn -0.100000 -0.000000 -0.000000
vn -0.100000 -0.000000 -0.000000
vn -0.100000 -0.000000 -0.000000
vn -0.100000 -0.000000 -0.000000
vn -0.100000 -0.000000 -0.000000
vn -0.100000 -0.000000 -0.000000
f 2623/3765/3565 2624/3766/3566 2626/3767/3567
f 2626/3767/3567 2624/3766/3566 2625/3768/3568
f 2626/3769/3569 2625/3770/3570 2636/3771/3571
f 2636/3771/3571 2625/3770/3570 2627/3772/3572
f 2636/3771/3571 2627/3772/3572 2629/3773/3573
f 2629/3773/3573 2627/3772/3572 2628/3774/3574
f 2630/3775/3575 2632/3776/3576 2629/3773/3573
f 2629/3773/3573 2632/3776/3576 2633/3777/3577
f 2629/3773/3573 2633/3777/3577 2636/3771/3571
f 2636/3771/3571 2633/3777/3577 2635/3778/3578
f 2635/3778/3578 2633/3777/3577 2634/3779/3579
f 2630/3775/3575 2631/3780/3580 2632/3776/3576
f 2624/3781/3581 2637/3782/3582 2625/3783/3583
f 2625/3783/3583 2637/3782/3582 2627/3784/3584
f 2637/3785/3585 2638/3786/3586 2627/3787/3587
f 2627/3787/3587 2638/3786/3586 2628/3788/3588
f 2639/3789/3589 2640/3790/3590 2634/3791/3591
f 2634/3791/3591 2640/3790/3590 2635/3792/3592
f 2634/3793/3593 2633/3794/3594 2639/3795/3595
f 2639/3795/3595 2633/3794/3594 2641/3796/3596
f 2642/3797/3597 2643/3798/3598 2630/3799/3599
f 2630/3799/3599 2643/3798/3598 2631/3800/3600
f 2630/3801/3601 2629/3802/3602 2642/3803/3603
f 2642/3803/3603 2629/3802/3602 2644/3804/3604
f 2646/3805/3605 2647/3806/3606 2645/3807/3607
f 2645/3807/3607 2647/3806/3606 2648/3808/3608
f 2649/3809/3609 2650/3810/3610 2645/3811/3611
f 2645/3811/3611 2650/3810/3610 2660/3812/3612
f 2660/3812/3612 2650/3810/3610 2651/3813/3613
f 2660/3812/3612 2651/3813/3613 2659/3814/3614
f 2659/3814/3614 2651/3813/3613 2652/3815/3615
f 2659/3814/3614 2652/3815/3615 2658/3816/3616
f 2658/3816/3616 2652/3815/3615 2653/3817/3617
f 2658/3816/3616 2653/3817/3617 2657/3818/3618
f 2657/3818/3618 2653/3817/3617 2654/3819/3619
f 2657/3818/3618 2654/3819/3619 2656/3820/3620
f 2656/3820/3620 2654/3819/3619 2632/3821/3621
f 2656/3820/3620 2632/3821/3621 2655/3822/3622
f 2650/3823/3623 2649/3824/3624 2668/3825/3625
f 2668/3825/3625 2649/3824/3624 2661/3826/3626
f 2668/3825/3625 2661/3826/3626 2667/3827/3627
f 2667/3827/3627 2661/3826/3626 2662/3828/3628
f 2667/3827/3627 2662/3828/3628 2669/3829/3629
f 2669/3829/3629 2662/3828/3628 2663/3830/3630
f 2669/3829/3629 2663/3830/3630 2671/3831/3631
f 2671/3831/3631 2663/3830/3630 2664/3832/3632
f 2671/3831/3631 2664/3832/3632 2673/3833/3633
f 2673/3833/3633 2664/3832/3632 2665/3834/3634
f 2673/3833/3633 2665/3834/3634 2675/3835/3635
f 2675/3835/3635 2665/3834/3634 2666/3836/3636
f 2675/3835/3635 2666/3836/3636 2633/3837/3577
f 2633/3837/3577 2632/3838/3576 2675/3835/3635
f 2675/3835/3635 2632/3838/3576 2676/3839/3637
f 2675/3835/3635 2676/3839/3637 2673/3833/3633
f 2673/3833/3633 2676/3839/3637 2674/3840/3638
f 2673/3833/3633 2674/3840/3638 2671/3831/3631
f 2671/3831/3631 2674/3840/3638 2672/3841/3639
f 2671/3831/3631 2672/3841/3639 2669/3829/3629
f 2669/3829/3629 2672/3841/3639 2670/3842/3640
f 2669/3829/3629 2670/3842/3640 2667/3827/3627
f 2667/3827/3627 2670/3842/3640 2668/3825/3625
f 2632/3838/3576 2654/3843/3641 2676/3839/3637
f 2676/3839/3637 2654/3843/3641 2674/3840/3638
f 2654/3843/3641 2653/3844/3642 2674/3840/3638
f 2674/3840/3638 2653/3844/3642 2672/3841/3639
f 2653/3844/3642 2652/3845/3643 2672/3841/3639
f 2672/3841/3639 2652/3845/3643 2670/3842/3640
f 2652/3845/3643 2651/3846/3644 2670/3842/3640
f 2670/3842/3640 2651/3846/3644 2668/3825/3625
f 2651/3846/3644 2650/3823/3623 2668/3825/3625
f 2661/3847/3645 2677/3848/3646 2646/3849/3647
f 2646/3849/3647 2677/3848/3646 2647/3850/3648
f 2645/3851/3611 2648/3852/3649 2649/3853/3609
f 2649/3853/3609 2648/3852/3649 2678/3854/3650
f 2646/3855/3605 2645/3856/3607 2683/3857/3651
f 2683/3857/3651 2645/3856/3607 2660/3858/3652
f 2683/3857/3651 2660/3858/3652 2682/3859/3653
f 2682/3859/3653 2660/3858/3652 2659/3860/3654
f 2682/3859/3653 2659/3860/3654 2681/3861/3655
f 2681/3861/3655 2659/3860/3654 2658/3862/3656
f 2681/3861/3655 2658/3862/3656 2680/3863/3657
f 2680/3863/3657 2658/3862/3656 2657/3864/3658
f 2680/3863/3657 2657/3864/3658 2679/3865/3659
f 2679/3865/3659 2657/3864/3658 2656/3866/3660
f 2679/3865/3659 2656/3866/3660 2641/3867/3661
f 2641/3867/3661 2656/3866/3660 2655/3868/3662
f 2626/3869/3663 2636/3870/3664 2623/3871/3665
f 2623/3871/3665 2636/3870/3664 2684/3872/3666
f 2638/3873/3667 2644/3874/3668 2628/3875/3669
f 2628/3875/3669 2644/3874/3668 2629/3876/3670
f 2649/3877/3624 2678/3878/3671 2661/3879/3626
f 2661/3879/3626 2678/3878/3671 2677/3880/3672
f 2648/3881/3673 2647/3882/3674 2678/3883/3675
f 2678/3883/3675 2647/3882/3674 2677/3884/3676
f 2661/3885/3645 2646/3886/3647 2662/3887/3677
f 2662/3887/3677 2646/3886/3647 2683/3888/3678
f 2662/3887/3677 2683/3888/3678 2663/3889/3679
f 2663/3889/3679 2683/3888/3678 2682/3890/3680
f 2663/3889/3679 2682/3890/3680 2664/3891/3681
f 2664/3891/3681 2682/3890/3680 2681/3892/3682
f 2664/3891/3681 2681/3892/3682 2665/3893/3683
f 2665/3893/3683 2681/3892/3682 2680/3894/3684
f 2665/3893/3683 2680/3894/3684 2666/3895/3685
f 2666/3895/3685 2680/3894/3684 2679/3896/3686
f 2666/3895/3685 2679/3896/3686 2633/3897/3594
f 2633/3897/3594 2679/3896/3686 2641/3898/3596
f 2640/3899/3687 2684/3900/3688 2635/3901/3689
f 2635/3901/3689 2684/3900/3688 2636/3902/3690
f 2643/3903/3691 2655/3904/3622 2631/3905/3692
f 2631/3905/3692 2655/3904/3622 2632/3906/3621
f 2623/3907/3693 2684/3908/3694 2624/3909/3695
f 2624/3909/3695 2684/3908/3694 2637/3910/3696
f 2637/3910/3696 2684/3908/3694 2644/3911/3697
f 2637/3910/3696 2644/3911/3697 2638/3912/3698
f 2644/3911/3697 2684/3908/3694 2641/3913/3661
f 2641/3913/3661 2684/3908/3694 2640/3914/3699
f 2641/3913/3661 2640/3914/3699 2639/3915/3700
f 2641/3913/3661 2655/3916/3662 2644/3911/3697
f 2644/3911/3697 2655/3916/3662 2642/3917/3701
f 2642/3917/3701 2655/3916/3662 2643/3918/3702
g Body12

v -7.794791 11.170000 -3.300000
v -7.794791 11.370000 -3.500000
v -7.444791 11.370000 -3.500000
v -7.444791 11.170000 -3.300000
v -7.444791 11.500000 -3.500000
v -7.444791 11.700000 -3.300000
v -7.444791 11.700000 0.000000
v -7.444791 11.935000 0.000000
v -7.444791 12.135000 0.200000
v -7.444791 12.135000 2.595509
v -7.444791 10.735000 2.595509
v -7.444791 10.735000 0.200000
v -7.444791 10.935000 0.000000
v -7.444791 11.170000 0.000000
v -7.794791 11.500000 -3.500000
v -7.794791 11.700000 -3.300000
v -7.794791 10.735000 0.200000
v -7.794791 10.935000 0.000000
v -7.794791 10.735000 2.595509
v -7.794791 11.935000 0.000000
v -7.794791 12.135000 0.200000
v -7.794791 11.700000 0.000000
v -7.344791 12.135000 3.045509
v -7.344791 10.735000 3.045509
v -5.339282 10.735000 3.045509
v -5.339282 12.135000 3.045509
v -7.344791 12.135000 2.695509
v -7.370673 12.135000 2.692101
v -7.394791 12.135000 2.682111
v -7.415501 12.135000 2.666220
v -7.431393 12.135000 2.645509
v -7.441383 12.135000 2.621391
v -7.794791 12.135000 2.595509
v -7.779457 12.135000 2.711977
v -7.734502 12.135000 2.820509
v -7.662989 12.135000 2.913707
v -7.569791 12.135000 2.985220
v -7.461259 12.135000 3.030175
v -7.344791 10.735000 2.695509
v -7.370673 10.735000 2.692101
v -7.394791 10.735000 2.682111
v -7.415501 10.735000 2.666220
v -7.431393 10.735000 2.645509
v -7.441383 10.735000 2.621391
v -7.370673 11.201667 2.692101
v -7.370673 11.668333 2.692101
v -7.394791 11.201667 2.682111
v -7.394791 11.668333 2.682111
v -7.415501 11.201667 2.666220
v -7.415501 11.668333 2.666220
v -7.431393 11.201667 2.645509
v -7.431393 11.668333 2.645509
v -7.441383 11.201667 2.621391
v -7.441383 11.668333 2.621391
v -5.339282 10.735000 2.695509
v -5.339282 12.135000 2.695509
v -7.779457 10.735000 2.711977
v -7.734502 10.735000 2.820509
v -7.662989 10.735000 2.913707
v -7.569791 10.735000 2.985220
v -7.461259 10.735000 3.030175
v -7.794791 11.170000 0.000000
vt 0.014142 0.017500 0.000000
vt -0.014142 0.017500 0.000000
vt 0.014142 -0.017500 0.000000
vt -0.014142 -0.017500 0.000000
vt 0.580000 -0.026500 0.000000
vt 0.600000 -0.006500 0.000000
vt 0.250000 -0.026500 0.000000
vt 0.600000 0.006500 0.000000
vt 0.250000 0.026500 0.000000
vt 0.580000 0.026500 0.000000
vt 0.250000 0.050000 0.000000
vt -0.009551 0.070000 0.000000
vt -0.009551 -0.070000 0.000000
vt 0.250000 -0.050000 0.000000
vt 0.230000 -0.070000 0.000000
vt 0.230000 0.070000 0.000000
vt 0.033000 0.017500 0.000000
vt 0.020000 0.017500 0.000000
vt 0.033000 -0.017500 0.000000
vt 0.020000 -0.017500 0.000000
vt 0.014142 0.017500 0.000000
vt -0.014142 0.017500 0.000000
vt 0.014142 -0.017500 0.000000
vt -0.014142 -0.017500 0.000000
vt 0.014142 0.017500 0.000000
vt -0.014142 0.017500 0.000000
vt 0.014142 -0.017500 0.000000
vt -0.014142 -0.017500 0.000000
vt 0.020000 -0.017500 0.000000
vt 0.259551 -0.017500 0.000000
vt 0.020000 0.017500 0.000000
vt 0.259551 0.017500 0.000000
vt 0.014142 0.017500 0.000000
vt -0.014142 0.017500 0.000000
vt 0.014142 -0.017500 0.000000
vt -0.014142 -0.017500 0.000000
vt 0.020000 -0.017500 0.000000
vt 0.043500 -0.017500 0.000000
vt 0.020000 0.017500 0.000000
vt 0.043500 0.017500 0.000000
vt 0.049449 -0.070000 0.000000
vt 0.250000 -0.070000 0.000000
vt 0.049449 0.070000 0.000000
vt 0.250000 0.070000 0.000000
vt 0.000000 0.000000 0.000000
vt 0.000341 0.002588 0.000000
vt -0.035000 -0.000000 0.000000
vt -0.033467 0.011647 0.000000
vt 0.001340 0.005000 0.000000
vt -0.028971 0.022500 0.000000
vt 0.002929 0.007071 0.000000
vt -0.021820 0.031820 0.000000
vt 0.005000 0.008660 0.000000
vt -0.012500 0.038971 0.000000
vt 0.007412 0.009659 0.000000
vt -0.001647 0.043467 0.000000
vt 0.010000 0.010000 0.000000
vt 0.010000 0.045000 0.000000
vt 0.070000 0.013090 0.000000
vt 0.070000 0.015708 0.000000
vt 0.023333 0.013090 0.000000
vt -0.070000 0.015708 0.000000
vt -0.023333 0.013090 0.000000
vt -0.070000 0.013090 0.000000
vt -0.023333 0.010472 0.000000
vt -0.070000 0.010472 0.000000
vt -0.023333 0.007854 0.000000
vt -0.070000 0.007854 0.000000
vt -0.023333 0.005236 0.000000
vt -0.070000 0.005236 0.000000
vt -0.023333 0.002618 0.000000
vt -0.070000 0.002618 0.000000
vt -0.070000 0.000000 0.000000
vt 0.070000 0.000000 0.000000
vt 0.023333 0.002618 0.000000
vt 0.023333 0.005236 0.000000
vt 0.023333 0.007854 0.000000
vt 0.023333 0.010472 0.000000
vt 0.070000 0.002618 0.000000
vt 0.070000 0.005236 0.000000
vt 0.070000 0.007854 0.000000
vt 0.070000 0.010472 0.000000
vt 0.299449 -0.017500 0.000000
vt 0.500000 -0.017500 0.000000
vt 0.299449 0.017500 0.000000
vt 0.500000 0.017500 0.000000
vt 0.200551 0.017500 0.000000
vt 0.000000 0.017500 0.000000
vt 0.200551 -0.017500 0.000000
vt 0.000000 -0.017500 0.000000
vt 0.070000 0.070686 0.000000
vt -0.070000 0.070686 0.000000
vt 0.070000 0.058905 0.000000
vt -0.070000 0.058905 0.000000
vt 0.070000 0.047124 0.000000
vt -0.070000 0.047124 0.000000
vt 0.070000 0.035343 0.000000
vt -0.070000 0.035343 0.000000
vt 0.070000 0.023562 0.000000
vt -0.070000 0.023562 0.000000
vt 0.070000 0.011781 0.000000
vt -0.070000 0.011781 0.000000
vt 0.070000 0.000000 0.000000
vt -0.070000 0.000000 0.000000
vt 0.020000 -0.017500 0.000000
vt 0.350000 -0.017500 0.000000
vt 0.020000 0.017500 0.000000
vt 0.350000 0.017500 0.000000
vt 0.330000 0.017500 0.000000
vt 0.000000 0.017500 0.000000
vt 0.330000 -0.017500 0.000000
vt 0.000000 -0.017500 0.000000
vt -0.049449 0.070000 0.000000
vt -0.250000 0.070000 0.000000
vt -0.049449 -0.070000 0.000000
vt -0.250000 -0.070000 0.000000
vt 0.140000 0.017500 0.000000
vt 0.000000 0.017500 0.000000
vt 0.140000 -0.017500 0.000000
vt 0.000000 -0.017500 0.000000
vt -0.035000 0.000000 0.000000
vt -0.000000 0.000000 0.000000
vt -0.035341 0.002588 0.000000
vt -0.001533 0.011647 0.000000
vt -0.036340 0.005000 0.000000
vt -0.006029 0.022500 0.000000
vt -0.037929 0.007071 0.000000
vt -0.013180 0.031820 0.000000
vt -0.040000 0.008660 0.000000
vt -0.022500 0.038971 0.000000
vt -0.042412 0.009659 0.000000
vt -0.033353 0.043467 0.000000
vt -0.045000 0.010000 0.000000
vt -0.045000 0.045000 0.000000
vt 0.120000 0.017500 0.000000
vt 0.096500 0.017500 0.000000
vt 0.120000 -0.017500 0.000000
vt 0.096500 -0.017500 0.000000
vt 0.480000 0.017500 0.000000
vt 0.240449 0.017500 0.000000
vt 0.480000 -0.017500 0.000000
vt 0.240449 -0.017500 0.000000
vt -0.580000 -0.026500 0.000000
vt -0.250000 -0.026500 0.000000
vt -0.600000 -0.006500 0.000000
vt -0.600000 0.006500 0.000000
vt -0.250000 0.026500 0.000000
vt -0.580000 0.026500 0.000000
vt 0.009551 -0.070000 0.000000
vt -0.250000 -0.050000 0.000000
vt -0.230000 -0.070000 0.000000
vt 0.009551 0.070000 0.000000
vt -0.250000 0.050000 0.000000
vt -0.230000 0.070000 0.000000
vn 0.000000 -0.070711 -0.070711
vn 0.000000 -0.070711 -0.070711
vn 0.000000 -0.070711 -0.070711
vn 0.000000 -0.070711 -0.070711
vn 0.100000 0.000000 0.000000
vn 0.100000 0.000000 0.000000
vn 0.100000 0.000000 0.000000
vn 0.100000 0.000000 0.000000
vn 0.100000 0.000000 0.000000
vn 0.100000 0.000000 0.000000
vn 0.100000 0.000000 0.000000
vn 0.100000 0.000000 0.000000
vn 0.100000 0.000000 0.000000
vn 0.100000 0.000000 0.000000
vn 0.100000 0.000000 0.000000
vn 0.100000 0.000000 0.000000
vn 0.000000 -0.000000 -0.100000
vn 0.000000 -0.000000 -0.100000
vn 0.000000 -0.000000 -0.100000
vn 0.000000 -0.000000 -0.100000
vn -0.000000 0.070711 -0.070711
vn -0.000000 0.070711 -0.070711
vn -0.000000 0.070711 -0.070711
vn -0.000000 0.070711 -0.070711
vn 0.000000 -0.070711 -0.070711
vn 0.000000 -0.070711 -0.070711
vn 0.000000 -0.070711 -0.070711
vn 0.000000 -0.070711 -0.070711
vn 0.000000 -0.100000 0.000000
vn 0.000000 -0.100000 0.000000
vn 0.000000 -0.100000 0.000000
vn 0.000000 -0.100000 0.000000
vn -0.000000 0.070711 -0.070711
vn -0.000000 0.070711 -0.070711
vn -0.000000 0.070711 -0.070711
vn -0.000000 0.070711 -0.070711
vn 0.000000 -0.000000 -0.100000
vn 0.000000 -0.000000 -0.100000
vn 0.000000 -0.000000 -0.100000
vn 0.000000 -0.000000 -0.100000
vn 0.000000 0.000000 0.100000
vn 0.000000 0.000000 0.100000
vn 0.000000 0.000000 0.100000
vn 0.000000 0.000000 0.100000
vn -0.000000 0.100000 -0.000000
vn -0.000000 0.100000 -0.000000
vn -0.000000 0.100000 -0.000000
vn -0.000000 0.100000 -0.000000
vn -0.000000 0.100000 -0.000000
vn -0.000000 0.100000 -0.000000
vn -0.000000 0.100000 -0.000000
vn -0.000000 0.100000 -0.000000
vn -0.000000 0.100000 -0.000000
vn -0.000000 0.100000 -0.000000
vn -0.000000 0.100000 -0.000000
vn -0.000000 0.100000 -0.000000
vn -0.000000 0.100000 -0.000000
vn -0.000000 0.100000 -0.000000
vn 0.025882 -0.000000 -0.096593
vn 0.000000 -0.000000 -0.100000
vn 0.025882 -0.000000 -0.096593
vn 0.000000 -0.000000 -0.100000
vn 0.025882 -0.000000 -0.096593
vn 0.025882 -0.000000 -0.096593
vn 0.050000 0.000000 -0.086603
vn 0.050000 0.000000 -0.086603
vn 0.070711 0.000000 -0.070711
vn 0.070711 0.000000 -0.070711
vn 0.086603 0.000000 -0.050000
vn 0.086603 0.000000 -0.050000
vn 0.096593 0.000000 -0.025882
vn 0.096593 0.000000 -0.025882
vn 0.096593 0.000000 -0.025882
vn 0.086603 0.000000 -0.050000
vn 0.070711 0.000000 -0.070711
vn 0.050000 0.000000 -0.086603
vn 0.096593 0.000000 -0.025882
vn 0.086603 0.000000 -0.050000
vn 0.070711 0.000000 -0.070711
vn 0.050000 0.000000 -0.086603
vn 0.000000 -0.100000 0.000000
vn 0.000000 -0.100000 0.000000
vn 0.000000 -0.100000 0.000000
vn 0.000000 -0.100000 0.000000
vn -0.000000 0.100000 -0.000000
vn -0.000000 0.100000 -0.000000
vn -0.025882 0.000000 0.096593
vn -0.025882 0.000000 0.096593
vn -0.050000 -0.000000 0.086603
vn -0.050000 -0.000000 0.086603
vn -0.070711 -0.000000 0.070711
vn -0.070711 -0.000000 0.070711
vn -0.086603 -0.000000 0.050000
vn -0.086603 -0.000000 0.050000
vn -0.096593 -0.000000 0.025882
vn -0.096593 -0.000000 0.025882
vn -0.100000 -0.000000 -0.000000
vn -0.100000 -0.000000 -0.000000
vn 0.000000 -0.100000 0.000000
vn 0.000000 -0.100000 0.000000
vn 0.000000 -0.100000 0.000000
vn 0.000000 -0.100000 0.000000
vn -0.000000 0.100000 -0.000000
vn -0.000000 0.100000 -0.000000
vn -0.000000 0.100000 -0.000000
vn -0.000000 0.100000 -0.000000
vn -0.000000 -0.000000 -0.100000
vn -0.000000 -0.000000 -0.100000
vn 0.100000 0.000000 -0.000000
vn 0.100000 0.000000 -0.000000
vn 0.100000 0.000000 -0.000000
vn 0.100000 0.000000 -0.000000
vn 0.000000 -0.100000 0.000000
vn 0.000000 -0.100000 0.000000
vn 0.000000 -0.100000 0.000000
vn 0.000000 -0.100000 0.000000
vn 0.000000 -0.100000 0.000000
vn 0.000000 -0.100000 0.000000
vn 0.000000 -0.100000 0.000000
vn 0.000000 -0.100000 0.000000
vn 0.000000 -0.100000 0.000000
vn 0.000000 -0.100000 0.000000
vn 0.000000 -0.000000 -0.100000
vn 0.000000 -0.000000 -0.100000
vn 0.000000 -0.000000 -0.100000
vn 0.000000 -0.000000 -0.100000
vn -0.000000 0.100000 -0.000000
vn -0.000000 0.100000 -0.000000
vn -0.100000 -0.000000 -0.000000
vn -0.100000 -0.000000 -0.000000
vn -0.100000 -0.000000 -0.000000
vn -0.100000 -0.000000 -0.000000
vn -0.100000 -0.000000 -0.000000
vn -0.100000 -0.000000 -0.000000
vn -0.100000 -0.000000 -0.000000
vn -0.100000 -0.000000 -0.000000
vn -0.100000 -0.000000 -0.000000
vn -0.100000 -0.000000 -0.000000
f 2685/3919/3703 2686/3920/3704 2688/3921/3705
f 2688/3921/3705 2686/3920/3704 2687/3922/3706
f 2688/3923/3707 2687/3924/3708 2698/3925/3709
f 2698/3925/3709 2687/3924/3708 2689/3926/3710
f 2698/3925/3709 2689/3926/3710 2691/3927/3711
f 2691/3927/3711 2689/3926/3710 2690/3928/3712
f 2692/3929/3713 2694/3930/3714 2691/3927/3711
f 2691/3927/3711 2694/3930/3714 2695/3931/3715
f 2691/3927/3711 2695/3931/3715 2698/3925/3709
f 2698/3925/3709 2695/3931/3715 2697/3932/3716
f 2697/3932/3716 2695/3931/3715 2696/3933/3717
f 2692/3929/3713 2693/3934/3718 2694/3930/3714
f 2686/3935/3719 2699/3936/3720 2687/3937/3721
f 2687/3937/3721 2699/3936/3720 2689/3938/3722
f 2699/3939/3723 2700/3940/3724 2689/3941/3725
f 2689/3941/3725 2700/3940/3724 2690/3942/3726
f 2701/3943/3727 2702/3944/3728 2696/3945/3729
f 2696/3945/3729 2702/3944/3728 2697/3946/3730
f 2696/3947/3731 2695/3948/3732 2701/3949/3733
f 2701/3949/3733 2695/3948/3732 2703/3950/3734
f 2704/3951/3735 2705/3952/3736 2692/3953/3737
f 2692/3953/3737 2705/3952/3736 2693/3954/3738
f 2692/3955/3739 2691/3956/3740 2704/3957/3741
f 2704/3957/3741 2691/3956/3740 2706/3958/3742
f 2708/3959/3743 2709/3960/3744 2707/3961/3745
f 2707/3961/3745 2709/3960/3744 2710/3962/3746
f 2711/3963/3747 2712/3964/3748 2707/3965/3749
f 2707/3965/3749 2712/3964/3748 2722/3966/3750
f 2722/3966/3750 2712/3964/3748 2713/3967/3751
f 2722/3966/3750 2713/3967/3751 2721/3968/3752
f 2721/3968/3752 2713/3967/3751 2714/3969/3753
f 2721/3968/3752 2714/3969/3753 2720/3970/3754
f 2720/3970/3754 2714/3969/3753 2715/3971/3755
f 2720/3970/3754 2715/3971/3755 2719/3972/3756
f 2719/3972/3756 2715/3971/3755 2716/3973/3757
f 2719/3972/3756 2716/3973/3757 2718/3974/3758
f 2718/3974/3758 2716/3973/3757 2694/3975/3759
f 2718/3974/3758 2694/3975/3759 2717/3976/3760
f 2712/3977/3761 2711/3978/3762 2730/3979/3763
f 2730/3979/3763 2711/3978/3762 2723/3980/3764
f 2730/3979/3763 2723/3980/3764 2729/3981/3765
f 2729/3981/3765 2723/3980/3764 2724/3982/3766
f 2729/3981/3765 2724/3982/3766 2731/3983/3767
f 2731/3983/3767 2724/3982/3766 2725/3984/3768
f 2731/3983/3767 2725/3984/3768 2733/3985/3769
f 2733/3985/3769 2725/3984/3768 2726/3986/3770
f 2733/3985/3769 2726/3986/3770 2735/3987/3771
f 2735/3987/3771 2726/3986/3770 2727/3988/3772
f 2735/3987/3771 2727/3988/3772 2737/3989/3773
f 2737/3989/3773 2727/3988/3772 2728/3990/3774
f 2737/3989/3773 2728/3990/3774 2695/3991/3715
f 2695/3991/3715 2694/3992/3714 2737/3989/3773
f 2737/3989/3773 2694/3992/3714 2738/3993/3775
f 2737/3989/3773 2738/3993/3775 2735/3987/3771
f 2735/3987/3771 2738/3993/3775 2736/3994/3776
f 2735/3987/3771 2736/3994/3776 2733/3985/3769
f 2733/3985/3769 2736/3994/3776 2734/3995/3777
f 2733/3985/3769 2734/3995/3777 2731/3983/3767
f 2731/3983/3767 2734/3995/3777 2732/3996/3778
f 2731/3983/3767 2732/3996/3778 2729/3981/3765
f 2729/3981/3765 2732/3996/3778 2730/3979/3763
f 2694/3992/3714 2716/3997/3779 2738/3993/3775
f 2738/3993/3775 2716/3997/3779 2736/3994/3776
f 2716/3997/3779 2715/3998/3780 2736/3994/3776
f 2736/3994/3776 2715/3998/3780 2734/3995/3777
f 2715/3998/3780 2714/3999/3781 2734/3995/3777
f 2734/3995/3777 2714/3999/3781 2732/3996/3778
f 2714/3999/3781 2713/4000/3782 2732/3996/3778
f 2732/3996/3778 2713/4000/3782 2730/3979/3763
f 2713/4000/3782 2712/3977/3761 2730/3979/3763
f 2723/4001/3783 2739/4002/3784 2708/4003/3785
f 2708/4003/3785 2739/4002/3784 2709/4004/3786
f 2707/4005/3749 2710/4006/3787 2711/4007/3747
f 2711/4007/3747 2710/4006/3787 2740/4008/3788
f 2708/4009/3743 2707/4010/3745 2745/4011/3789
f 2745/4011/3789 2707/4010/3745 2722/4012/3790
f 2745/4011/3789 2722/4012/3790 2744/4013/3791
f 2744/4013/3791 2722/4012/3790 2721/4014/3792
f 2744/4013/3791 2721/4014/3792 2743/4015/3793
f 2743/4015/3793 2721/4014/3792 2720/4016/3794
f 2743/4015/3793 2720/4016/3794 2742/4017/3795
f 2742/4017/3795 2720/4016/3794 2719/4018/3796
f 2742/4017/3795 2719/4018/3796 2741/4019/3797
f 2741/4019/3797 2719/4018/3796 2718/4020/3798
f 2741/4019/3797 2718/4020/3798 2703/4021/3799
f 2703/4021/3799 2718/4020/3798 2717/4022/3800
f 2688/4023/3801 2698/4024/3802 2685/4025/3803
f 2685/4025/3803 2698/4024/3802 2746/4026/3804
f 2700/4027/3805 2706/4028/3806 2690/4029/3807
f 2690/4029/3807 2706/4028/3806 2691/4030/3808
f 2711/4031/3762 2740/4032/3809 2723/4033/3764
f 2723/4033/3764 2740/4032/3809 2739/4034/3810
f 2710/4035/3811 2709/4036/3812 2740/4037/3813
f 2740/4037/3813 2709/4036/3812 2739/4038/3814
f 2723/4039/3783 2708/4040/3785 2724/4041/3815
f 2724/4041/3815 2708/4040/3785 2745/4042/3816
f 2724/4041/3815 2745/4042/3816 2725/4043/3817
f 2725/4043/3817 2745/4042/3816 2744/4044/3818
f 2725/4043/3817 2744/4044/3818 2726/4045/3819
f 2726/4045/3819 2744/4044/3818 2743/4046/3820
f 2726/4045/3819 2743/4046/3820 2727/4047/3821
f 2727/4047/3821 2743/4046/3820 2742/4048/3822
f 2727/4047/3821 2742/4048/3822 2728/4049/3823
f 2728/4049/3823 2742/4048/3822 2741/4050/3824
f 2728/4049/3823 2741/4050/3824 2695/4051/3732
f 2695/4051/3732 2741/4050/3824 2703/4052/3734
f 2702/4053/3825 2746/4054/3826 2697/4055/3827
f 2697/4055/3827 2746/4054/3826 2698/4056/3828
f 2705/4057/3829 2717/4058/3760 2693/4059/3830
f 2693/4059/3830 2717/4058/3760 2694/4060/3759
f 2685/4061/3831 2746/4062/3832 2686/4063/3833
f 2686/4063/3833 2746/4062/3832 2699/4064/3834
f 2699/4064/3834 2746/4062/3832 2706/4065/3835
f 2699/4064/3834 2706/4065/3835 2700/4066/3836
f 2706/4065/3835 2746/4062/3832 2703/4067/3799
f 2703/4067/3799 2746/4062/3832 2702/4068/3837
f 2703/4067/3799 2702/4068/3837 2701/4069/3838
f 2703/4067/3799 2717/4070/3800 2706/4065/3835
f 2706/4065/3835 2717/4070/3800 2704/4071/3839
f 2704/4071/3839 2717/4070/3800 2705/4072/3840
g Body13

v -7.794791 13.710000 -3.300000
v -7.794791 13.910000 -3.500000
v -7.444791 13.910000 -3.500000
v -7.444791 13.710000 -3.300000
v -7.444791 14.040000 -3.500000
v -7.444791 14.240000 -3.300000
v -7.444791 14.240000 0.000000
v -7.444791 14.475000 0.000000
v -7.444791 14.675000 0.200000
v -7.444791 14.675000 2.595509
v -7.444791 13.275000 2.595509
v -7.444791 13.275000 0.200000
v -7.444791 13.475000 0.000000
v -7.444791 13.710000 0.000000
v -7.794791 14.040000 -3.500000
v -7.794791 14.240000 -3.300000
v -7.794791 13.275000 0.200000
v -7.794791 13.475000 0.000000
v -7.794791 13.275000 2.595509
v -7.794791 14.475000 0.000000
v -7.794791 14.675000 0.200000
v -7.794791 14.240000 0.000000
v -7.344791 14.675000 3.045509
v -7.344791 13.275000 3.045509
v -5.339282 13.275000 3.045509
v -5.339282 14.675000 3.045509
v -7.344791 14.675000 2.695509
v -7.370673 14.675000 2.692101
v -7.394791 14.675000 2.682111
v -7.415501 14.675000 2.666220
v -7.431393 14.675000 2.645509
v -7.441383 14.675000 2.621391
v -7.794791 14.675000 2.595509
v -7.779457 14.675000 2.711977
v -7.734502 14.675000 2.820509
v -7.662989 14.675000 2.913707
v -7.569791 14.675000 2.985220
v -7.461259 14.675000 3.030175
v -7.344791 13.275000 2.695509
v -7.370673 13.275000 2.692101
v -7.394791 13.275000 2.682111
v -7.415501 13.275000 2.666220
v -7.431393 13.275000 2.645509
v -7.441383 13.275000 2.621391
v -7.370673 13.741667 2.692101
v -7.370673 14.208333 2.692101
v -7.394791 13.741667 2.682111
v -7.394791 14.208333 2.682111
v -7.415501 13.741667 2.666220
v -7.415501 14.208333 2.666220
v -7.431393 13.741667 2.645509
v -7.431393 14.208333 2.645509
v -7.441383 13.741667 2.621391
v -7.441383 14.208333 2.621391
v -5.339282 13.275000 2.695509
v -5.339282 14.675000 2.695509
v -7.779457 13.275000 2.711977
v -7.734502 13.275000 2.820509
v -7.662989 13.275000 2.913707
v -7.569791 13.275000 2.985220
v -7.461259 13.275000 3.030175
v -7.794791 13.710000 0.000000
vt 0.014142 0.017500 0.000000
vt -0.014142 0.017500 0.000000
vt 0.014142 -0.017500 0.000000
vt -0.014142 -0.017500 0.000000
vt 0.580000 -0.026500 0.000000
vt 0.600000 -0.006500 0.000000
vt 0.250000 -0.026500 0.000000
vt 0.600000 0.006500 0.000000
vt 0.250000 0.026500 0.000000
vt 0.580000 0.026500 0.000000
vt 0.250000 0.050000 0.000000
vt -0.009551 0.070000 0.000000
vt -0.009551 -0.070000 0.000000
vt 0.250000 -0.050000 0.000000
vt 0.230000 -0.070000 0.000000
vt 0.230000 0.070000 0.000000
vt 0.033000 0.017500 0.000000
vt 0.020000 0.017500 0.000000
vt 0.033000 -0.017500 0.000000
vt 0.020000 -0.017500 0.000000
vt 0.014142 0.017500 0.000000
vt -0.014142 0.017500 0.000000
vt 0.014142 -0.017500 0.000000
vt -0.014142 -0.017500 0.000000
vt 0.014142 0.017500 0.000000
vt -0.014142 0.017500 0.000000
vt 0.014142 -0.017500 0.000000
vt -0.014142 -0.017500 0.000000
vt 0.020000 -0.017500 0.000000
vt 0.259551 -0.017500 0.000000
vt 0.020000 0.017500 0.000000
vt 0.259551 0.017500 0.000000
vt 0.014142 0.017500 0.000000
vt -0.014142 0.017500 0.000000
vt 0.014142 -0.017500 0.000000
vt -0.014142 -0.017500 0.000000
vt 0.020000 -0.017500 0.000000
vt 0.043500 -0.017500 0.000000
vt 0.020000 0.017500 0.000000
vt 0.043500 0.017500 0.000000
vt 0.049449 -0.070000 0.000000
vt 0.250000 -0.070000 0.000000
vt 0.049449 0.070000 0.000000
vt 0.250000 0.070000 0.000000
vt 0.000000 0.000000 0.000000
vt 0.000341 0.002588 0.000000
vt -0.035000 -0.000000 0.000000
vt -0.033467 0.011647 0.000000
vt 0.001340 0.005000 0.000000
vt -0.028971 0.022500 0.000000
vt 0.002929 0.007071 0.000000
vt -0.021820 0.031820 0.000000
vt 0.005000 0.008660 0.000000
vt -0.012500 0.038971 0.000000
vt 0.007412 0.009659 0.000000
vt -0.001647 0.043467 0.000000
vt 0.010000 0.010000 0.000000
vt 0.010000 0.045000 0.000000
vt 0.070000 0.013090 0.000000
vt 0.070000 0.015708 0.000000
vt 0.023333 0.013090 0.000000
vt -0.070000 0.015708 0.000000
vt -0.023333 0.013090 0.000000
vt -0.070000 0.013090 0.000000
vt -0.023333 0.010472 0.000000
vt -0.070000 0.010472 0.000000
vt -0.023333 0.007854 0.000000
vt -0.070000 0.007854 0.000000
vt -0.023333 0.005236 0.000000
vt -0.070000 0.005236 0.000000
vt -0.023333 0.002618 0.000000
vt -0.070000 0.002618 0.000000
vt -0.070000 0.000000 0.000000
vt 0.070000 0.000000 0.000000
vt 0.023333 0.002618 0.000000
vt 0.023333 0.005236 0.000000
vt 0.023333 0.007854 0.000000
vt 0.023333 0.010472 0.000000
vt 0.070000 0.002618 0.000000
vt 0.070000 0.005236 0.000000
vt 0.070000 0.007854 0.000000
vt 0.070000 0.010472 0.000000
vt 0.299449 -0.017500 0.000000
vt 0.500000 -0.017500 0.000000
vt 0.299449 0.017500 0.000000
vt 0.500000 0.017500 0.000000
vt 0.200551 0.017500 0.000000
vt 0.000000 0.017500 0.000000
vt 0.200551 -0.017500 0.000000
vt 0.000000 -0.017500 0.000000
vt 0.070000 0.070686 0.000000
vt -0.070000 0.070686 0.000000
vt 0.070000 0.058905 0.000000
vt -0.070000 0.058905 0.000000
vt 0.070000 0.047124 0.000000
vt -0.070000 0.047124 0.000000
vt 0.070000 0.035343 0.000000
vt -0.070000 0.035343 0.000000
vt 0.070000 0.023562 0.000000
vt -0.070000 0.023562 0.000000
vt 0.070000 0.011781 0.000000
vt -0.070000 0.011781 0.000000
vt 0.070000 0.000000 0.000000
vt -0.070000 0.000000 0.000000
vt 0.020000 -0.017500 0.000000
vt 0.350000 -0.017500 0.000000
vt 0.020000 0.017500 0.000000
vt 0.350000 0.017500 0.000000
vt 0.330000 0.017500 0.000000
vt 0.000000 0.017500 0.000000
vt 0.330000 -0.017500 0.000000
vt 0.000000 -0.017500 0.000000
vt -0.049449 0.070000 0.000000
vt -0.250000 0.070000 0.000000
vt -0.049449 -0.070000 0.000000
vt -0.250000 -0.070000 0.000000
vt 0.140000 0.017500 0.000000
vt 0.000000 0.017500 0.000000
vt 0.140000 -0.017500 0.000000
vt 0.000000 -0.017500 0.000000
vt -0.035000 0.000000 0.000000
vt -0.000000 0.000000 0.000000
vt -0.035341 0.002588 0.000000
vt -0.001533 0.011647 0.000000
vt -0.036340 0.005000 0.000000
vt -0.006029 0.022500 0.000000
vt -0.037929 0.007071 0.000000
vt -0.013180 0.031820 0.000000
vt -0.040000 0.008660 0.000000
vt -0.022500 0.038971 0.000000
vt -0.042412 0.009659 0.000000
vt -0.033353 0.043467 0.000000
vt -0.045000 0.010000 0.000000
vt -0.045000 0.045000 0.000000
vt 0.120000 0.017500 0.000000
vt 0.096500 0.017500 0.000000
vt 0.120000 -0.017500 0.000000
vt 0.096500 -0.017500 0.000000
vt 0.480000 0.017500 0.000000
vt 0.240449 0.017500 0.000000
vt 0.480000 -0.017500 0.000000
vt 0.240449 -0.017500 0.000000
vt -0.580000 -0.026500 0.000000
vt -0.250000 -0.026500 0.000000
vt -0.600000 -0.006500 0.000000
vt -0.600000 0.006500 0.000000
vt -0.250000 0.026500 0.000000
vt -0.580000 0.026500 0.000000
vt 0.009551 -0.070000 0.000000
vt -0.250000 -0.050000 0.000000
vt -0.230000 -0.070000 0.000000
vt 0.009551 0.070000 0.000000
vt -0.250000 0.050000 0.000000
vt -0.230000 0.070000 0.000000
vn 0.000000 -0.070711 -0.070711
vn 0.000000 -0.070711 -0.070711
vn 0.000000 -0.070711 -0.070711
vn 0.000000 -0.070711 -0.070711
vn 0.100000 0.000000 0.000000
vn 0.100000 0.000000 0.000000
vn 0.100000 0.000000 0.000000
vn 0.100000 0.000000 0.000000
vn 0.100000 0.000000 0.000000
vn 0.100000 0.000000 0.000000
vn 0.100000 0.000000 0.000000
vn 0.100000 0.000000 0.000000
vn 0.100000 0.000000 0.000000
vn 0.100000 0.000000 0.000000
vn 0.100000 0.000000 0.000000
vn 0.100000 0.000000 0.000000
vn 0.000000 -0.000000 -0.100000
vn 0.000000 -0.000000 -0.100000
vn 0.000000 -0.000000 -0.100000
vn 0.000000 -0.000000 -0.100000
vn -0.000000 0.070711 -0.070711
vn -0.000000 0.070711 -0.070711
vn -0.000000 0.070711 -0.070711
vn -0.000000 0.070711 -0.070711
vn 0.000000 -0.070711 -0.070711
vn 0.000000 -0.070711 -0.070711
vn 0.000000 -0.070711 -0.070711
vn 0.000000 -0.070711 -0.070711
vn 0.000000 -0.100000 0.000000
vn 0.000000 -0.100000 0.000000
vn 0.000000 -0.100000 0.000000
vn 0.000000 -0.100000 0.000000
vn -0.000000 0.070711 -0.070711
vn -0.000000 0.070711 -0.070711
vn -0.000000 0.070711 -0.070711
vn -0.000000 0.070711 -0.070711
vn 0.000000 -0.000000 -0.100000
vn 0.000000 -0.000000 -0.100000
vn 0.000000 -0.000000 -0.100000
vn 0.000000 -0.000000 -0.100000
vn 0.000000 0.000000 0.100000
vn 0.000000 0.000000 0.100000
vn 0.000000 0.000000 0.100000
vn 0.000000 0.000000 0.100000
vn -0.000000 0.100000 -0.000000
vn -0.000000 0.100000 -0.000000
vn -0.000000 0.100000 -0.000000
vn -0.000000 0.100000 -0.000000
vn -0.000000 0.100000 -0.000000
vn -0.000000 0.100000 -0.000000
vn -0.000000 0.100000 -0.000000
vn -0.000000 0.100000 -0.000000
vn -0.000000 0.100000 -0.000000
vn -0.000000 0.100000 -0.000000
vn -0.000000 0.100000 -0.000000
vn -0.000000 0.100000 -0.000000
vn -0.000000 0.100000 -0.000000
vn -0.000000 0.100000 -0.000000
vn 0.025882 -0.000000 -0.096593
vn 0.000000 -0.000000 -0.100000
vn 0.025882 -0.000000 -0.096593
vn 0.000000 -0.000000 -0.100000
vn 0.025882 -0.000000 -0.096593
vn 0.025882 -0.000000 -0.096593
vn 0.050000 0.000000 -0.086603
vn 0.050000 0.000000 -0.086603
vn 0.070711 0.000000 -0.070711
vn 0.070711 0.000000 -0.070711
vn 0.086603 0.000000 -0.050000
vn 0.086603 0.000000 -0.050000
vn 0.096593 0.000000 -0.025882
vn 0.096593 0.000000 -0.025882
vn 0.096593 0.000000 -0.025882
vn 0.086603 0.000000 -0.050000
vn 0.070711 0.000000 -0.070711
vn 0.050000 0.000000 -0.086603
vn 0.096593 0.000000 -0.025882
vn 0.086603 0.000000 -0.050000
vn 0.070711 0.000000 -0.070711
vn 0.050000 0.000000 -0.086603
vn 0.000000 -0.100000 0.000000
vn 0.000000 -0.100000 0.000000
vn 0.000000 -0.100000 0.000000
vn 0.000000 -0.100000 0.000000
vn -0.000000 0.100000 -0.000000
vn -0.000000 0.100000 -0.000000
vn -0.025882 0.000000 0.096593
vn -0.025882 0.000000 0.096593
vn -0.050000 -0.000000 0.086603
vn -0.050000 -0.000000 0.086603
vn -0.070711 -0.000000 0.070711
vn -0.070711 -0.000000 0.070711
vn -0.086603 -0.000000 0.050000
vn -0.086603 -0.000000 0.050000
vn -0.096593 -0.000000 0.025882
vn -0.096593 -0.000000 0.025882
vn -0.100000 -0.000000 -0.000000
vn -0.100000 -0.000000 -0.000000
vn 0.000000 -0.100000 0.000000
vn 0.000000 -0.100000 0.000000
vn 0.000000 -0.100000 0.000000
vn 0.000000 -0.100000 0.000000
vn -0.000000 0.100000 -0.000000
vn -0.000000 0.100000 -0.000000
vn -0.000000 0.100000 -0.000000
vn -0.000000 0.100000 -0.000000
vn -0.000000 -0.000000 -0.100000
vn -0.000000 -0.000000 -0.100000
vn 0.100000 0.000000 -0.000000
vn 0.100000 0.000000 -0.000000
vn 0.100000 0.000000 -0.000000
vn 0.100000 0.000000 -0.000000
vn 0.000000 -0.100000 0.000000
vn 0.000000 -0.100000 0.000000
vn 0.000000 -0.100000 0.000000
vn 0.000000 -0.100000 0.000000
vn 0.000000 -0.100000 0.000000
vn 0.000000 -0.100000 0.000000
vn 0.000000 -0.100000 0.000000
vn 0.000000 -0.100000 0.000000
vn 0.000000 -0.100000 0.000000
vn 0.000000 -0.100000 0.000000
vn 0.000000 -0.000000 -0.100000
vn 0.000000 -0.000000 -0.100000
vn 0.000000 -0.000000 -0.100000
vn 0.000000 -0.000000 -0.100000
vn -0.000000 0.100000 -0.000000
vn -0.000000 0.100000 -0.000000
vn -0.100000 -0.000000 -0.000000
vn -0.100000 -0.000000 -0.000000
vn -0.100000 -0.000000 -0.000000
vn -0.100000 -0.000000 -0.000000
vn -0.100000 -0.000000 -0.000000
vn -0.100000 -0.000000 -0.000000
vn -0.100000 -0.000000 -0.000000
vn -0.100000 -0.000000 -0.000000
vn -0.100000 -0.000000 -0.000000
vn -0.100000 -0.000000 -0.000000
f 2747/4073/3841 2748/4074/3842 2750/4075/3843
f 2750/4075/3843 2748/4074/3842 2749/4076/3844
f 2750/4077/3845 2749/4078/3846 2760/4079/3847
f 2760/4079/3847 2749/4078/3846 2751/4080/3848
f 2760/4079/3847 2751/4080/3848 2753/4081/3849
f 2753/4081/3849 2751/4080/3848 2752/4082/3850
f 2754/4083/3851 2756/4084/3852 2753/4081/3849
f 2753/4081/3849 2756/4084/3852 2757/4085/3853
f 2753/4081/3849 2757/4085/3853 2760/4079/3847
f 2760/4079/3847 2757/4085/3853 2759/4086/3854
f 2759/4086/3854 2757/4085/3853 2758/4087/3855
f 2754/4083/3851 2755/4088/3856 2756/4084/3852
f 2748/4089/3857 2761/4090/3858 2749/4091/3859
f 2749/4091/3859 2761/4090/3858 2751/4092/3860
f 2761/4093/3861 2762/4094/3862 2751/4095/3863
f 2751/4095/3863 2762/4094/3862 2752/4096/3864
f 2763/4097/3865 2764/4098/3866 2758/4099/3867
f 2758/4099/3867 2764/4098/3866 2759/4100/3868
f 2758/4101/3869 2757/4102/3870 2763/4103/3871
f 2763/4103/3871 2757/4102/3870 2765/4104/3872
f 2766/4105/3873 2767/4106/3874 2754/4107/3875
f 2754/4107/3875 2767/4106/3874 2755/4108/3876
f 2754/4109/3877 2753/4110/3878 2766/4111/3879
f 2766/4111/3879 2753/4110/3878 2768/4112/3880
f 2770/4113/3881 2771/4114/3882 2769/4115/3883
f 2769/4115/3883 2771/4114/3882 2772/4116/3884
f 2773/4117/3885 2774/4118/3886 2769/4119/3887
f 2769/4119/3887 2774/4118/3886 2784/4120/3888
f 2784/4120/3888 2774/4118/3886 2775/4121/3889
f 2784/4120/3888 2775/4121/3889 2783/4122/3890
f 2783/4122/3890 2775/4121/3889 2776/4123/3891
f 2783/4122/3890 2776/4123/3891 2782/4124/3892
f 2782/4124/3892 2776/4123/3891 2777/4125/3893
f 2782/4124/3892 2777/4125/3893 2781/4126/3894
f 2781/4126/3894 2777/4125/3893 2778/4127/3895
f 2781/4126/3894 2778/4127/3895 2780/4128/3896
f 2780/4128/3896 2778/4127/3895 2756/4129/3897
f 2780/4128/3896 2756/4129/3897 2779/4130/3898
f 2774/4131/3899 2773/4132/3900 2792/4133/3901
f 2792/4133/3901 2773/4132/3900 2785/4134/3902
f 2792/4133/3901 2785/4134/3902 2791/4135/3903
f 2791/4135/3903 2785/4134/3902 2786/4136/3904
f 2791/4135/3903 2786/4136/3904 2793/4137/3905
f 2793/4137/3905 2786/4136/3904 2787/4138/3906
f 2793/4137/3905 2787/4138/3906 2795/4139/3907
f 2795/4139/3907 2787/4138/3906 2788/4140/3908
f 2795/4139/3907 2788/4140/3908 2797/4141/3909
f 2797/4141/3909 2788/4140/3908 2789/4142/3910
f 2797/4141/3909 2789/4142/3910 2799/4143/3911
f 2799/4143/3911 2789/4142/3910 2790/4144/3912
f 2799/4143/3911 2790/4144/3912 2757/4145/3853
f 2757/4145/3853 2756/4146/3852 2799/4143/3911
f 2799/4143/3911 2756/4146/3852 2800/4147/3913
f 2799/4143/3911 2800/4147/3913 2797/4141/3909
f 2797/4141/3909 2800/4147/3913 2798/4148/3914
f 2797/4141/3909 2798/4148/3914 2795/4139/3907
f 2795/4139/3907 2798/4148/3914 2796/4149/3915
f 2795/4139/3907 2796/4149/3915 2793/4137/3905
f 2793/4137/3905 2796/4149/3915 2794/4150/3916
f 2793/4137/3905 2794/4150/3916 2791/4135/3903
f 2791/4135/3903 2794/4150/3916 2792/4133/3901
f 2756/4146/3852 2778/4151/3917 2800/4147/3913
f 2800/4147/3913 2778/4151/3917 2798/4148/3914
f 2778/4151/3917 2777/4152/3918 2798/4148/3914
f 2798/4148/3914 2777/4152/3918 2796/4149/3915
f 2777/4152/3918 2776/4153/3919 2796/4149/3915
f 2796/4149/3915 2776/4153/3919 2794/4150/3916
f 2776/4153/3919 2775/4154/3920 2794/4150/3916
f 2794/4150/3916 2775/4154/3920 2792/4133/3901
f 2775/4154/3920 2774/4131/3899 2792/4133/3901
f 2785/4155/3921 2801/4156/3922 2770/4157/3923
f 2770/4157/3923 2801/4156/3922 2771/4158/3924
f 2769/4159/3887 2772/4160/3925 2773/4161/3885
f 2773/4161/3885 2772/4160/3925 2802/4162/3926
f 2770/4163/3881 2769/4164/3883 2807/4165/3927
f 2807/4165/3927 2769/4164/3883 2784/4166/3928
f 2807/4165/3927 2784/4166/3928 2806/4167/3929
f 2806/4167/3929 2784/4166/3928 2783/4168/3930
f 2806/4167/3929 2783/4168/3930 2805/4169/3931
f 2805/4169/3931 2783/4168/3930 2782/4170/3932
f 2805/4169/3931 2782/4170/3932 2804/4171/3933
f 2804/4171/3933 2782/4170/3932 2781/4172/3934
f 2804/4171/3933 2781/4172/3934 2803/4173/3935
f 2803/4173/3935 2781/4172/3934 2780/4174/3936
f 2803/4173/3935 2780/4174/3936 2765/4175/3937
f 2765/4175/3937 2780/4174/3936 2779/4176/3938
f 2750/4177/3939 2760/4178/3940 2747/4179/3941
f 2747/4179/3941 2760/4178/3940 2808/4180/3942
f 2762/4181/3943 2768/4182/3944 2752/4183/3945
f 2752/4183/3945 2768/4182/3944 2753/4184/3946
f 2773/4185/3900 2802/4186/3947 2785/4187/3902
f 2785/4187/3902 2802/4186/3947 2801/4188/3948
f 2772/4189/3949 2771/4190/3950 2802/4191/3951
f 2802/4191/3951 2771/4190/3950 2801/4192/3952
f 2785/4193/3921 2770/4194/3923 2786/4195/3953
f 2786/4195/3953 2770/4194/3923 2807/4196/3954
f 2786/4195/3953 2807/4196/3954 2787/4197/3955
f 2787/4197/3955 2807/4196/3954 2806/4198/3956
f 2787/4197/3955 2806/4198/3956 2788/4199/3957
f 2788/4199/3957 2806/4198/3956 2805/4200/3958
f 2788/4199/3957 2805/4200/3958 2789/4201/3959
f 2789/4201/3959 2805/4200/3958 2804/4202/3960
f 2789/4201/3959 2804/4202/3960 2790/4203/3961
f 2790/4203/3961 2804/4202/3960 2803/4204/3962
f 2790/4203/3961 2803/4204/3962 2757/4205/3870
f 2757/4205/3870 2803/4204/3962 2765/4206/3872
f 2764/4207/3963 2808/4208/3964 2759/4209/3965
f 2759/4209/3965 2808/4208/3964 2760/4210/3966
f 2767/4211/3967 2779/4212/3898 2755/4213/3968
f 2755/4213/3968 2779/4212/3898 2756/4214/3897
f 2747/4215/3969 2808/4216/3970 2748/4217/3971
f 2748/4217/3971 2808/4216/3970 2761/4218/3972
f 2761/4218/3972 2808/4216/3970 2768/4219/3973
f 2761/4218/3972 2768/4219/3973 2762/4220/3974
f 2768/4219/3973 2808/4216/3970 2765/4221/3937
f 2765/4221/3937 2808/4216/3970 2764/4222/3975
f 2765/4221/3937 2764/4222/3975 2763/4223/3976
f 2765/4221/3937 2779/4224/3938 2768/4219/3973
f 2768/4219/3973 2779/4224/3938 2766/4225/3977
f 2766/4225/3977 2779/4224/3938 2767/4226/3978
g Body14

v -7.794791 16.250000 -3.300000
v -7.794791 16.450000 -3.500000
v -7.444791 16.450000 -3.500000
v -7.444791 16.250000 -3.300000
v -7.444791 16.580000 -3.500000
v -7.444791 16.780000 -3.300000
v -7.444791 16.780000 0.000000
v -7.444791 17.015000 0.000000
v -7.444791 17.215000 0.200000
v -7.444791 17.215000 2.595509
v -7.444791 15.815000 2.595509
v -7.444791 15.815000 0.200000
v -7.444791 16.015000 0.000000
v -7.444791 16.250000 0.000000
v -7.794791 16.580000 -3.500000
v -7.794791 16.780000 -3.300000
v -7.794791 15.815000 0.200000
v -7.794791 16.015000 0.000000
v -7.794791 15.815000 2.595509
v -7.794791 17.015000 0.000000
v -7.794791 17.215000 0.200000
v -7.794791 16.780000 0.000000
v -7.344791 17.215000 3.045509
v -7.344791 15.815000 3.045509
v -5.339282 15.815000 3.045509
v -5.339282 17.215000 3.045509
v -7.344791 17.215000 2.695509
v -7.370673 17.215000 2.692101
v -7.394791 17.215000 2.682111
v -7.415501 17.215000 2.666220
v -7.431393 17.215000 2.645509
v -7.441383 17.215000 2.621391
v -7.794791 17.215000 2.595509
v -7.779457 17.215000 2.711977
v -7.734502 17.215000 2.820509
v -7.662989 17.215000 2.913707
v -7.569791 17.215000 2.985220
v -7.461259 17.215000 3.030175
v -7.344791 15.815000 2.695509
v -7.370673 15.815000 2.692101
v -7.394791 15.815000 2.682111
v -7.415501 15.815000 2.666220
v -7.431393 15.815000 2.645509
v -7.441383 15.815000 2.621391
v -7.370673 16.281667 2.692101
v -7.370673 16.748333 2.692101
v -7.394791 16.281667 2.682111
v -7.394791 16.748333 2.682111
v -7.415501 16.281667 2.666220
v -7.415501 16.748333 2.666220
v -7.431393 16.281667 2.645509
v -7.431393 16.748333 2.645509
v -7.441383 16.281667 2.621391
v -7.441383 16.748333 2.621391
v -5.339282 15.815000 2.695509
v -5.339282 17.215000 2.695509
v -7.779457 15.815000 2.711977
v -7.734502 15.815000 2.820509
v -7.662989 15.815000 2.913707
v -7.569791 15.815000 2.985220
v -7.461259 15.815000 3.030175
v -7.794791 16.250000 0.000000
vt 0.014142 0.017500 0.000000
vt -0.014142 0.017500 0.000000
vt 0.014142 -0.017500 0.000000
vt -0.014142 -0.017500 0.000000
vt 0.580000 -0.026500 0.000000
vt 0.600000 -0.006500 0.000000
vt 0.250000 -0.026500 0.000000
vt 0.600000 0.006500 0.000000
vt 0.250000 0.026500 0.000000
vt 0.580000 0.026500 0.000000
vt 0.250000 0.050000 0.000000
vt -0.009551 0.070000 0.000000
vt -0.009551 -0.070000 0.000000
vt 0.250000 -0.050000 0.000000
vt 0.230000 -0.070000 0.000000
vt 0.230000 0.070000 0.000000
vt 0.033000 0.017500 0.000000
vt 0.020000 0.017500 0.000000
vt 0.033000 -0.017500 0.000000
vt 0.020000 -0.017500 0.000000
vt 0.014142 0.017500 0.000000
vt -0.014142 0.017500 0.000000
vt 0.014142 -0.017500 0.000000
vt -0.014142 -0.017500 0.000000
vt 0.014142 0.017500 0.000000
vt -0.014142 0.017500 0.000000
vt 0.014142 -0.017500 0.000000
vt -0.014142 -0.017500 0.000000
vt 0.020000 -0.017500 0.000000
vt 0.259551 -0.017500 0.000000
vt 0.020000 0.017500 0.000000
vt 0.259551 0.017500 0.000000
vt 0.014142 0.017500 0.000000
vt -0.014142 0.017500 0.000000
vt 0.014142 -0.017500 0.000000
vt -0.014142 -0.017500 0.000000
vt 0.020000 -0.017500 0.000000
vt 0.043500 -0.017500 0.000000
vt 0.020000 0.017500 0.000000
vt 0.043500 0.017500 0.000000
vt 0.049449 -0.070000 0.000000
vt 0.250000 -0.070000 0.000000
vt 0.049449 0.070000 0.000000
vt 0.250000 0.070000 0.000000
vt 0.000000 0.000000 0.000000
vt 0.000341 0.002588 0.000000
vt -0.035000 -0.000000 0.000000
vt -0.033467 0.011647 0.000000
vt 0.001340 0.005000 0.000000
vt -0.028971 0.022500 0.000000
vt 0.002929 0.007071 0.000000
vt -0.021820 0.031820 0.000000
vt 0.005000 0.008660 0.000000
vt -0.012500 0.038971 0.000000
vt 0.007412 0.009659 0.000000
vt -0.001647 0.043467 0.000000
vt 0.010000 0.010000 0.000000
vt 0.010000 0.045000 0.000000
vt 0.070000 0.013090 0.000000
vt 0.070000 0.015708 0.000000
vt 0.023333 0.013090 0.000000
vt -0.070000 0.015708 0.000000
vt -0.023333 0.013090 0.000000
vt -0.070000 0.013090 0.000000
vt -0.023333 0.010472 0.000000
vt -0.070000 0.010472 0.000000
vt -0.023333 0.007854 0.000000
vt -0.070000 0.007854 0.000000
vt -0.023333 0.005236 0.000000
vt -0.070000 0.005236 0.000000
vt -0.023333 0.002618 0.000000
vt -0.070000 0.002618 0.000000
vt -0.070000 0.000000 0.000000
vt 0.070000 0.000000 0.000000
vt 0.023333 0.002618 0.000000
vt 0.023333 0.005236 0.000000
vt 0.023333 0.007854 0.000000
vt 0.023333 0.010472 0.000000
vt 0.070000 0.002618 0.000000
vt 0.070000 0.005236 0.000000
vt 0.070000 0.007854 0.000000
vt 0.070000 0.010472 0.000000
vt 0.299449 -0.017500 0.000000
vt 0.500000 -0.017500 0.000000
vt 0.299449 0.017500 0.000000
vt 0.500000 0.017500 0.000000
vt 0.200551 0.017500 0.000000
vt 0.000000 0.017500 0.000000
vt 0.200551 -0.017500 0.000000
vt 0.000000 -0.017500 0.000000
vt 0.070000 0.070686 0.000000
vt -0.070000 0.070686 0.000000
vt 0.070000 0.058905 0.000000
vt -0.070000 0.058905 0.000000
vt 0.070000 0.047124 0.000000
vt -0.070000 0.047124 0.000000
vt 0.070000 0.035343 0.000000
vt -0.070000 0.035343 0.000000
vt 0.070000 0.023562 0.000000
vt -0.070000 0.023562 0.000000
vt 0.070000 0.011781 0.000000
vt -0.070000 0.011781 0.000000
vt 0.070000 0.000000 0.000000
vt -0.070000 0.000000 0.000000
vt 0.020000 -0.017500 0.000000
vt 0.350000 -0.017500 0.000000
vt 0.020000 0.017500 0.000000
vt 0.350000 0.017500 0.000000
vt 0.330000 0.017500 0.000000
vt 0.000000 0.017500 0.000000
vt 0.330000 -0.017500 0.000000
vt 0.000000 -0.017500 0.000000
vt -0.049449 0.070000 0.000000
vt -0.250000 0.070000 0.000000
vt -0.049449 -0.070000 0.000000
vt -0.250000 -0.070000 0.000000
vt 0.140000 0.017500 0.000000
vt 0.000000 0.017500 0.000000
vt 0.140000 -0.017500 0.000000
vt 0.000000 -0.017500 0.000000
vt -0.035000 0.000000 0.000000
vt -0.000000 0.000000 0.000000
vt -0.035341 0.002588 0.000000
vt -0.001533 0.011647 0.000000
vt -0.036340 0.005000 0.000000
vt -0.006029 0.022500 0.000000
vt -0.037929 0.007071 0.000000
vt -0.013180 0.031820 0.000000
vt -0.040000 0.008660 0.000000
vt -0.022500 0.038971 0.000000
vt -0.042412 0.009659 0.000000
vt -0.033353 0.043467 0.000000
vt -0.045000 0.010000 0.000000
vt -0.045000 0.045000 0.000000
vt 0.120000 0.017500 0.000000
vt 0.096500 0.017500 0.000000
vt 0.120000 -0.017500 0.000000
vt 0.096500 -0.017500 0.000000
vt 0.480000 0.017500 0.000000
vt 0.240449 0.017500 0.000000
vt 0.480000 -0.017500 0.000000
vt 0.240449 -0.017500 0.000000
vt -0.580000 -0.026500 0.000000
vt -0.250000 -0.026500 0.000000
vt -0.600000 -0.006500 0.000000
vt -0.600000 0.006500 0.000000
vt -0.250000 0.026500 0.000000
vt -0.580000 0.026500 0.000000
vt 0.009551 -0.070000 0.000000
vt -0.250000 -0.050000 0.000000
vt -0.230000 -0.070000 0.000000
vt 0.009551 0.070000 0.000000
vt -0.250000 0.050000 0.000000
vt -0.230000 0.070000 0.000000
vn 0.000000 -0.070711 -0.070711
vn 0.000000 -0.070711 -0.070711
vn 0.000000 -0.070711 -0.070711
vn 0.000000 -0.070711 -0.070711
vn 0.100000 0.000000 0.000000
vn 0.100000 0.000000 0.000000
vn 0.100000 0.000000 0.000000
vn 0.100000 0.000000 0.000000
vn 0.100000 0.000000 0.000000
vn 0.100000 0.000000 0.000000
vn 0.100000 0.000000 0.000000
vn 0.100000 0.000000 0.000000
vn 0.100000 0.000000 0.000000
vn 0.100000 0.000000 0.000000
vn 0.100000 0.000000 0.000000
vn 0.100000 0.000000 0.000000
vn 0.000000 -0.000000 -0.100000
vn 0.000000 -0.000000 -0.100000
vn 0.000000 -0.000000 -0.100000
vn 0.000000 -0.000000 -0.100000
vn -0.000000 0.070711 -0.070711
vn -0.000000 0.070711 -0.070711
vn -0.000000 0.070711 -0.070711
vn -0.000000 0.070711 -0.070711
vn 0.000000 -0.070711 -0.070711
vn 0.000000 -0.070711 -0.070711
vn 0.000000 -0.070711 -0.070711
vn 0.000000 -0.070711 -0.070711
vn 0.000000 -0.100000 0.000000
vn 0.000000 -0.100000 0.000000
vn 0.000000 -0.100000 0.000000
vn 0.000000 -0.100000 0.000000
vn -0.000000 0.070711 -0.070711
vn -0.000000 0.070711 -0.070711
vn -0.000000 0.070711 -0.070711
vn -0.000000 0.070711 -0.070711
vn 0.000000 -0.000000 -0.100000
vn 0.000000 -0.000000 -0.100000
vn 0.000000 -0.000000 -0.100000
vn 0.000000 -0.000000 -0.100000
vn 0.000000 0.000000 0.100000
vn 0.000000 0.000000 0.100000
vn 0.000000 0.000000 0.100000
vn 0.000000 0.000000 0.100000
vn -0.000000 0.100000 -0.000000
vn -0.000000 0.100000 -0.000000
vn -0.000000 0.100000 -0.000000
vn -0.000000 0.100000 -0.000000
vn -0.000000 0.100000 -0.000000
vn -0.000000 0.100000 -0.000000
vn -0.000000 0.100000 -0.000000
vn -0.000000 0.100000 -0.000000
vn -0.000000 0.100000 -0.000000
vn -0.000000 0.100000 -0.000000
vn -0.000000 0.100000 -0.000000
vn -0.000000 0.100000 -0.000000
vn -0.000000 0.100000 -0.000000
vn -0.000000 0.100000 -0.000000
vn 0.025882 -0.000000 -0.096593
vn 0.000000 -0.000000 -0.100000
vn 0.025882 -0.000000 -0.096593
vn 0.000000 -0.000000 -0.100000
vn 0.025882 -0.000000 -0.096593
vn 0.025882 -0.000000 -0.096593
vn 0.050000 0.000000 -0.086603
vn 0.050000 0.000000 -0.086603
vn 0.070711 0.000000 -0.070711
vn 0.070711 0.000000 -0.070711
vn 0.086603 0.000000 -0.050000
vn 0.086603 0.000000 -0.050000
vn 0.096593 0.000000 -0.025882
vn 0.096593 0.000000 -0.025882
vn 0.096593 0.000000 -0.025882
vn 0.086603 0.000000 -0.050000
vn 0.070711 0.000000 -0.070711
vn 0.050000 0.000000 -0.086603
vn 0.096593 0.000000 -0.025882
vn 0.086603 0.000000 -0.050000
vn 0.070711 0.000000 -0.070711
vn 0.050000 0.000000 -0.086603
vn 0.000000 -0.100000 0.000000
vn 0.000000 -0.100000 0.000000
vn 0.000000 -0.100000 0.000000
vn 0.000000 -0.100000 0.000000
vn -0.000000 0.100000 -0.000000
vn -0.000000 0.100000 -0.000000
vn -0.025882 0.000000 0.096593
vn -0.025882 0.000000 0.096593
vn -0.050000 -0.000000 0.086603
vn -0.050000 -0.000000 0.086603
vn -0.070711 -0.000000 0.070711
vn -0.070711 -0.000000 0.070711
vn -0.086603 -0.000000 0.050000
vn -0.086603 -0.000000 0.050000
vn -0.096593 -0.000000 0.025882
vn -0.096593 -0.000000 0.025882
vn -0.100000 -0.000000 -0.000000
vn -0.100000 -0.000000 -0.000000
vn 0.000000 -0.100000 0.000000
vn 0.000000 -0.100000 0.000000
vn 0.000000 -0.100000 0.000000
vn 0.000000 -0.100000 0.000000
vn -0.000000 0.100000 -0.000000
vn -0.000000 0.100000 -0.000000
vn -0.000000 0.100000 -0.000000
vn -0.000000 0.100000 -0.000000
vn -0.000000 -0.000000 -0.100000
vn -0.000000 -0.000000 -0.100000
vn 0.100000 0.000000 -0.000000
vn 0.100000 0.000000 -0.000000
vn 0.100000 0.000000 -0.000000
vn 0.100000 0.000000 -0.000000
vn 0.000000 -0.100000 0.000000
vn 0.000000 -0.100000 0.000000
vn 0.000000 -0.100000 0.000000
vn 0.000000 -0.100000 0.000000
vn 0.000000 -0.100000 0.000000
vn 0.000000 -0.100000 0.000000
vn 0.000000 -0.100000 0.000000
vn 0.000000 -0.100000 0.000000
vn 0.000000 -0.100000 0.000000
vn 0.000000 -0.100000 0.000000
vn 0.000000 -0.000000 -0.100000
vn 0.000000 -0.000000 -0.100000
vn 0.000000 -0.000000 -0.100000
vn 0.000000 -0.000000 -0.100000
vn -0.000000 0.100000 -0.000000
vn -0.000000 0.100000 -0.000000
vn -0.100000 -0.000000 -0.000000
vn -0.100000 -0.000000 -0.000000
vn -0.100000 -0.000000 -0.000000
vn -0.100000 -0.000000 -0.000000
vn -0.100000 -0.000000 -0.000000
vn -0.100000 -0.000000 -0.000000
vn -0.100000 -0.000000 -0.000000
vn -0.100000 -0.000000 -0.000000
vn -0.100000 -0.000000 -0.000000
vn -0.100000 -0.000000 -0.000000
f 2809/4227/3979 2810/4228/3980 2812/4229/3981
f 2812/4229/3981 2810/4228/3980 2811/4230/3982
f 2812/4231/3983 2811/4232/3984 2822/4233/3985
f 2822/4233/3985 2811/4232/3984 2813/4234/3986
f 2822/4233/3985 2813/4234/3986 2815/4235/3987
f 2815/4235/3987 2813/4234/3986 2814/4236/3988
f 2816/4237/3989 2818/4238/3990 2815/4235/3987
f 2815/4235/3987 2818/4238/3990 2819/4239/3991
f 2815/4235/3987 2819/4239/3991 2822/4233/3985
f 2822/4233/3985 2819/4239/3991 2821/4240/3992
f 2821/4240/3992 2819/4239/3991 2820/4241/3993
f 2816/4237/3989 2817/4242/3994 2818/4238/3990
f 2810/4243/3995 2823/4244/3996 2811/4245/3997
f 2811/4245/3997 2823/4244/3996 2813/4246/3998
f 2823/4247/3999 2824/4248/4000 2813/4249/4001
f 2813/4249/4001 2824/4248/4000 2814/4250/4002
f 2825/4251/4003 2826/4252/4004 2820/4253/4005
f 2820/4253/4005 2826/4252/4004 2821/4254/4006
f 2820/4255/4007 2819/4256/4008 2825/4257/4009
f 2825/4257/4009 2819/4256/4008 2827/4258/4010
f 2828/4259/4011 2829/4260/4012 2816/4261/4013
f 2816/4261/4013 2829/4260/4012 2817/4262/4014
f 2816/4263/4015 2815/4264/4016 2828/4265/4017
f 2828/4265/4017 2815/4264/4016 2830/4266/4018
f 2832/4267/4019 2833/4268/4020 2831/4269/4021
f 2831/4269/4021 2833/4268/4020 2834/4270/4022
f 2835/4271/4023 2836/4272/4024 2831/4273/4025
f 2831/4273/4025 2836/4272/4024 2846/4274/4026
f 2846/4274/4026 2836/4272/4024 2837/4275/4027
f 2846/4274/4026 2837/4275/4027 2845/4276/4028
f 2845/4276/4028 2837/4275/4027 2838/4277/4029
f 2845/4276/4028 2838/4277/4029 2844/4278/4030
f 2844/4278/4030 2838/4277/4029 2839/4279/4031
f 2844/4278/4030 2839/4279/4031 2843/4280/4032
f 2843/4280/4032 2839/4279/4031 2840/4281/4033
f 2843/4280/4032 2840/4281/4033 2842/4282/4034
f 2842/4282/4034 2840/4281/4033 2818/4283/4035
f 2842/4282/4034 2818/4283/4035 2841/4284/4036
f 2836/4285/4037 2835/4286/4038 2854/4287/4039
f 2854/4287/4039 2835/4286/4038 2847/4288/4040
f 2854/4287/4039 2847/4288/4040 2853/4289/4041
f 2853/4289/4041 2847/4288/4040 2848/4290/4042
f 2853/4289/4041 2848/4290/4042 2855/4291/4043
f 2855/4291/4043 2848/4290/4042 2849/4292/4044
f 2855/4291/4043 2849/4292/4044 2857/4293/4045
f 2857/4293/4045 2849/4292/4044 2850/4294/4046
f 2857/4293/4045 2850/4294/4046 2859/4295/4047
f 2859/4295/4047 2850/4294/4046 2851/4296/4048
f 2859/4295/4047 2851/4296/4048 2861/4297/4049
f 2861/4297/4049 2851/4296/4048 2852/4298/4050
f 2861/4297/4049 2852/4298/4050 2819/4299/3991
f 2819/4299/3991 2818/4300/3990 2861/4297/4049
f 2861/4297/4049 2818/4300/3990 2862/4301/4051
f 2861/4297/4049 2862/4301/4051 2859/4295/4047
f 2859/4295/4047 2862/4301/4051 2860/4302/4052
f 2859/4295/4047 2860/4302/4052 2857/4293/4045
f 2857/4293/4045 2860/4302/4052 2858/4303/4053
f 2857/4293/4045 2858/4303/4053 2855/4291/4043
f 2855/4291/4043 2858/4303/4053 2856/4304/4054
f 2855/4291/4043 2856/4304/4054 2853/4289/4041
f 2853/4289/4041 2856/4304/4054 2854/4287/4039
f 2818/4300/3990 2840/4305/4055 2862/4301/4051
f 2862/4301/4051 2840/4305/4055 2860/4302/4052
f 2840/4305/4055 2839/4306/4056 2860/4302/4052
f 2860/4302/4052 2839/4306/4056 2858/4303/4053
f 2839/4306/4056 2838/4307/4057 2858/4303/4053
f 2858/4303/4053 2838/4307/4057 2856/4304/4054
f 2838/4307/4057 2837/4308/4058 2856/4304/4054
f 2856/4304/4054 2837/4308/4058 2854/4287/4039
f 2837/4308/4058 2836/4285/4037 2854/4287/4039
f 2847/4309/4059 2863/4310/4060 2832/4311/4061
f 2832/4311/4061 2863/4310/4060 2833/4312/4062
f 2831/4313/4025 2834/4314/4063 2835/4315/4023
f 2835/4315/4023 2834/4314/4063 2864/4316/4064
f 2832/4317/4019 2831/4318/4021 2869/4319/4065
f 2869/4319/4065 2831/4318/4021 2846/4320/4066
f 2869/4319/4065 2846/4320/4066 2868/4321/4067
f 2868/4321/4067 2846/4320/4066 2845/4322/4068
f 2868/4321/4067 2845/4322/4068 2867/4323/4069
f 2867/4323/4069 2845/4322/4068 2844/4324/4070
f 2867/4323/4069 2844/4324/4070 2866/4325/4071
f 2866/4325/4071 2844/4324/4070 2843/4326/4072
f 2866/4325/4071 2843/4326/4072 2865/4327/4073
f 2865/4327/4073 2843/4326/4072 2842/4328/4074
f 2865/4327/4073 2842/4328/4074 2827/4329/4075
f 2827/4329/4075 2842/4328/4074 2841/4330/4076
f 2812/4331/4077 2822/4332/4078 2809/4333/4079
f 2809/4333/4079 2822/4332/4078 2870/4334/4080
f 2824/4335/4081 2830/4336/4082 2814/4337/4083
f 2814/4337/4083 2830/4336/4082 2815/4338/4084
f 2835/4339/4038 2864/4340/4085 2847/4341/4040
f 2847/4341/4040 2864/4340/4085 2863/4342/4086
f 2834/4343/4087 2833/4344/4088 2864/4345/4089
f 2864/4345/4089 2833/4344/4088 2863/4346/4090
f 2847/4347/4059 2832/4348/4061 2848/4349/4091
f 2848/4349/4091 2832/4348/4061 2869/4350/4092
f 2848/4349/4091 2869/4350/4092 2849/4351/4093
f 2849/4351/4093 2869/4350/4092 2868/4352/4094
f 2849/4351/4093 2868/4352/4094 2850/4353/4095
f 2850/4353/4095 2868/4352/4094 2867/4354/4096
f 2850/4353/4095 2867/4354/4096 2851/4355/4097
f 2851/4355/4097 2867/4354/4096 2866/4356/4098
f 2851/4355/4097 2866/4356/4098 2852/4357/4099
f 2852/4357/4099 2866/4356/4098 2865/4358/4100
f 2852/4357/4099 2865/4358/4100 2819/4359/4008
f 2819/4359/4008 2865/4358/4100 2827/4360/4010
f 2826/4361/4101 2870/4362/4102 2821/4363/4103
f 2821/4363/4103 2870/4362/4102 2822/4364/4104
f 2829/4365/4105 2841/4366/4036 2817/4367/4106
f 2817/4367/4106 2841/4366/4036 2818/4368/4035
f 2809/4369/4107 2870/4370/4108 2810/4371/4109
f 2810/4371/4109 2870/4370/4108 2823/4372/4110
f 2823/4372/4110 2870/4370/4108 2830/4373/4111
f 2823/4372/4110 2830/4373/4111 2824/4374/4112
f 2830/4373/4111 2870/4370/4108 2827/4375/4075
f 2827/4375/4075 2870/4370/4108 2826/4376/4113
f 2827/4375/4075 2826/4376/4113 2825/4377/4114
f 2827/4375/4075 2841/4378/4076 2830/4373/4111
f 2830/4373/4111 2841/4378/4076 2828/4379/4115
f 2828/4379/4115 2841/4378/4076 2829/4380/4116
g Body1:1

v 7.794791 -16.570000 -3.500000
v 7.794791 -16.770000 -3.300000
v 7.444791 -16.770000 -3.300000
v 7.444791 -16.570000 -3.500000
v 7.444791 -16.770000 0.000000
v 7.444791 -17.005000 0.000000
v 7.444791 -17.205000 0.200000
v 7.444791 -17.205000 2.595509
v 7.444791 -15.805000 2.595509
v 7.444791 -15.805000 0.200000
v 7.444791 -16.005000 0.000000
v 7.444791 -16.240000 0.000000
v 7.444791 -16.240000 -3.300000
v 7.444791 -16.440000 -3.500000
v 7.794791 -16.440000 -3.500000
v 7.794791 -16.240000 -3.300000
v 7.794791 -17.005000 0.000000
v 7.794791 -17.205000 0.200000
v 7.794791 -17.205000 2.595509
v 7.794791 -15.805000 0.200000
v 7.794791 -16.005000 0.000000
v 7.794791 -16.240000 0.000000
v 7.344791 -17.205000 3.045509
v 7.344791 -15.805000 3.045509
v 5.339282 -15.805000 3.045509
v 5.339282 -17.205000 3.045509
v 7.344791 -15.805000 2.695509
v 7.461259 -15.805000 3.030175
v 7.569791 -15.805000 2.985220
v 7.662989 -15.805000 2.913707
v 7.734502 -15.805000 2.820509
v 7.779457 -15.805000 2.711977
v 7.794791 -15.805000 2.595509
v 7.441383 -15.805000 2.621391
v 7.431393 -15.805000 2.645509
v 7.415501 -15.805000 2.666220
v 7.394791 -15.805000 2.682111
v 7.370673 -15.805000 2.692101
v 7.344791 -17.205000 2.695509
v 7.441383 -17.205000 2.621391
v 7.431393 -17.205000 2.645509
v 7.415501 -17.205000 2.666220
v 7.394791 -17.205000 2.682111
v 7.370673 -17.205000 2.692101
v 7.370673 -16.271667 2.692101
v 7.370673 -16.738333 2.692101
v 7.394791 -16.271667 2.682111
v 7.394791 -16.738333 2.682111
v 7.415501 -16.271667 2.666220
v 7.415501 -16.738333 2.666220
v 7.431393 -16.271667 2.645509
v 7.431393 -16.738333 2.645509
v 7.441383 -16.271667 2.621391
v 7.441383 -16.738333 2.621391
v 5.339282 -17.205000 2.695509
v 5.339282 -15.805000 2.695509
v 7.461259 -17.205000 3.030175
v 7.569791 -17.205000 2.985220
v 7.662989 -17.205000 2.913707
v 7.734502 -17.205000 2.820509
v 7.779457 -17.205000 2.711977
v 7.794791 -16.770000 0.000000
vt 0.014142 0.017500 0.000000
vt -0.014142 0.017500 0.000000
vt 0.014142 -0.017500 0.000000
vt -0.014142 -0.017500 0.000000
vt -0.580000 -0.026500 0.000000
vt -0.250000 -0.026500 0.000000
vt -0.600000 -0.006500 0.000000
vt -0.600000 0.006500 0.000000
vt -0.250000 0.026500 0.000000
vt -0.580000 0.026500 0.000000
vt 0.009551 -0.070000 0.000000
vt -0.250000 -0.050000 0.000000
vt -0.230000 -0.070000 0.000000
vt 0.009551 0.070000 0.000000
vt -0.250000 0.050000 0.000000
vt -0.230000 0.070000 0.000000
vt -0.033000 -0.017500 0.000000
vt -0.020000 -0.017500 0.000000
vt -0.033000 0.017500 0.000000
vt -0.020000 0.017500 0.000000
vt 0.014142 0.017500 0.000000
vt -0.014142 0.017500 0.000000
vt 0.014142 -0.017500 0.000000
vt -0.014142 -0.017500 0.000000
vt 0.014142 0.017500 0.000000
vt -0.014142 0.017500 0.000000
vt 0.014142 -0.017500 0.000000
vt -0.014142 -0.017500 0.000000
vt -0.020000 0.017500 0.000000
vt -0.259551 0.017500 0.000000
vt -0.020000 -0.017500 0.000000
vt -0.259551 -0.017500 0.000000
vt 0.014142 0.017500 0.000000
vt -0.014142 0.017500 0.000000
vt 0.014142 -0.017500 0.000000
vt -0.014142 -0.017500 0.000000
vt -0.020000 0.017500 0.000000
vt -0.043500 0.017500 0.000000
vt -0.020000 -0.017500 0.000000
vt -0.043500 -0.017500 0.000000
vt -0.049449 0.070000 0.000000
vt -0.250000 0.070000 0.000000
vt -0.049449 -0.070000 0.000000
vt -0.250000 -0.070000 0.000000
vt -0.000000 0.000000 0.000000
vt 0.035000 -0.000000 0.000000
vt -0.000341 0.002588 0.000000
vt 0.033467 0.011647 0.000000
vt -0.001340 0.005000 0.000000
vt 0.028971 0.022500 0.000000
vt -0.002929 0.007071 0.000000
vt 0.021820 0.031820 0.000000
vt -0.005000 0.008660 0.000000
vt 0.012500 0.038971 0.000000
vt -0.007412 0.009659 0.000000
vt 0.001647 0.043467 0.000000
vt -0.010000 0.010000 0.000000
vt -0.010000 0.045000 0.000000
vt 0.070000 0.013090 0.000000
vt 0.070000 0.015708 0.000000
vt 0.023333 0.013090 0.000000
vt -0.070000 0.015708 0.000000
vt -0.023333 0.013090 0.000000
vt -0.070000 0.013090 0.000000
vt -0.023333 0.010472 0.000000
vt -0.070000 0.010472 0.000000
vt -0.023333 0.007854 0.000000
vt -0.070000 0.007854 0.000000
vt -0.023333 0.005236 0.000000
vt -0.070000 0.005236 0.000000
vt -0.023333 0.002618 0.000000
vt -0.070000 0.002618 0.000000
vt -0.070000 0.000000 0.000000
vt 0.070000 0.000000 0.000000
vt 0.023333 0.002618 0.000000
vt 0.023333 0.005236 0.000000
vt 0.023333 0.007854 0.000000
vt 0.023333 0.010472 0.000000
vt 0.070000 0.002618 0.000000
vt 0.070000 0.005236 0.000000
vt 0.070000 0.007854 0.000000
vt 0.070000 0.010472 0.000000
vt -0.299449 0.017500 0.000000
vt -0.500000 0.017500 0.000000
vt -0.299449 -0.017500 0.000000
vt -0.500000 -0.017500 0.000000
vt -0.200551 -0.017500 0.000000
vt -0.000000 -0.017500 0.000000
vt -0.200551 0.017500 0.000000
vt -0.000000 0.017500 0.000000
vt 0.070000 0.070686 0.000000
vt -0.070000 0.070686 0.000000
vt 0.070000 0.058905 0.000000
vt -0.070000 0.058905 0.000000
vt 0.070000 0.047124 0.000000
vt -0.070000 0.047124 0.000000
vt 0.070000 0.035343 0.000000
vt -0.070000 0.035343 0.000000
vt 0.070000 0.023562 0.000000
vt -0.070000 0.023562 0.000000
vt 0.070000 0.011781 0.000000
vt -0.070000 0.011781 0.000000
vt 0.070000 0.000000 0.000000
vt -0.070000 0.000000 0.000000
vt -0.020000 0.017500 0.000000
vt -0.350000 0.017500 0.000000
vt -0.020000 -0.017500 0.000000
vt -0.350000 -0.017500 0.000000
vt -0.330000 -0.017500 0.000000
vt -0.000000 -0.017500 0.000000
vt -0.330000 0.017500 0.000000
vt -0.000000 0.017500 0.000000
vt 0.049449 -0.070000 0.000000
vt 0.250000 -0.070000 0.000000
vt 0.049449 0.070000 0.000000
vt 0.250000 0.070000 0.000000
vt -0.140000 -0.017500 0.000000
vt -0.000000 -0.017500 0.000000
vt -0.140000 0.017500 0.000000
vt -0.000000 0.017500 0.000000
vt 0.035000 0.000000 0.000000
vt 0.035341 0.002588 0.000000
vt 0.000000 0.000000 0.000000
vt 0.001533 0.011647 0.000000
vt 0.036340 0.005000 0.000000
vt 0.006029 0.022500 0.000000
vt 0.037929 0.007071 0.000000
vt 0.013180 0.031820 0.000000
vt 0.040000 0.008660 0.000000
vt 0.022500 0.038971 0.000000
vt 0.042412 0.009659 0.000000
vt 0.033353 0.043467 0.000000
vt 0.045000 0.010000 0.000000
vt 0.045000 0.045000 0.000000
vt -0.120000 -0.017500 0.000000
vt -0.096500 -0.017500 0.000000
vt -0.120000 0.017500 0.000000
vt -0.096500 0.017500 0.000000
vt -0.480000 -0.017500 0.000000
vt -0.240449 -0.017500 0.000000
vt -0.480000 0.017500 0.000000
vt -0.240449 0.017500 0.000000
vt 0.580000 -0.026500 0.000000
vt 0.600000 -0.006500 0.000000
vt 0.250000 -0.026500 0.000000
vt 0.600000 0.006500 0.000000
vt 0.250000 0.026500 0.000000
vt 0.580000 0.026500 0.000000
vt 0.250000 0.050000 0.000000
vt -0.009551 0.070000 0.000000
vt -0.009551 -0.070000 0.000000
vt 0.250000 -0.050000 0.000000
vt 0.230000 -0.070000 0.000000
vt 0.230000 0.070000 0.000000
vn -0.000000 -0.070711 -0.070711
vn -0.000000 -0.070711 -0.070711
vn -0.000000 -0.070711 -0.070711
vn -0.000000 -0.070711 -0.070711
vn -0.100000 0.000000 0.000000
vn -0.100000 0.000000 0.000000
vn -0.100000 0.000000 0.000000
vn -0.100000 0.000000 0.000000
vn -0.100000 0.000000 0.000000
vn -0.100000 0.000000 0.000000
vn -0.100000 0.000000 0.000000
vn -0.100000 0.000000 0.000000
vn -0.100000 0.000000 0.000000
vn -0.100000 0.000000 0.000000
vn -0.100000 0.000000 0.000000
vn -0.100000 0.000000 0.000000
vn -0.000000 -0.000000 -0.100000
vn -0.000000 -0.000000 -0.100000
vn -0.000000 -0.000000 -0.100000
vn -0.000000 -0.000000 -0.100000
vn 0.000000 0.070711 -0.070711
vn 0.000000 0.070711 -0.070711
vn 0.000000 0.070711 -0.070711
vn 0.000000 0.070711 -0.070711
vn -0.000000 -0.070711 -0.070711
vn -0.000000 -0.070711 -0.070711
vn -0.000000 -0.070711 -0.070711
vn -0.000000 -0.070711 -0.070711
vn -0.000000 -0.100000 0.000000
vn -0.000000 -0.100000 0.000000
vn -0.000000 -0.100000 0.000000
vn -0.000000 -0.100000 0.000000
vn 0.000000 0.070711 -0.070711
vn 0.000000 0.070711 -0.070711
vn 0.000000 0.070711 -0.070711
vn 0.000000 0.070711 -0.070711
vn -0.000000 -0.000000 -0.100000
vn -0.000000 -0.000000 -0.100000
vn -0.000000 -0.000000 -0.100000
vn -0.000000 -0.000000 -0.100000
vn -0.000000 0.000000 0.100000
vn -0.000000 0.000000 0.100000
vn -0.000000 0.000000 0.100000
vn -0.000000 0.000000 0.100000
vn 0.000000 0.100000 -0.000000
vn 0.000000 0.100000 -0.000000
vn 0.000000 0.100000 -0.000000
vn 0.000000 0.100000 -0.000000
vn 0.000000 0.100000 -0.000000
vn 0.000000 0.100000 -0.000000
vn 0.000000 0.100000 -0.000000
vn 0.000000 0.100000 -0.000000
vn 0.000000 0.100000 -0.000000
vn 0.000000 0.100000 -0.000000
vn 0.000000 0.100000 -0.000000
vn 0.000000 0.100000 -0.000000
vn 0.000000 0.100000 -0.000000
vn 0.000000 0.100000 -0.000000
vn -0.025882 0.000000 -0.096593
vn -0.000000 -0.000000 -0.100000
vn -0.025882 0.000000 -0.096593
vn -0.000000 -0.000000 -0.100000
vn -0.025882 0.000000 -0.096593
vn -0.025882 0.000000 -0.096593
vn -0.050000 0.000000 -0.086603
vn -0.050000 0.000000 -0.086603
vn -0.070711 0.000000 -0.070711
vn -0.070711 0.000000 -0.070711
vn -0.086603 0.000000 -0.050000
vn -0.086603 0.000000 -0.050000
vn -0.096593 0.000000 -0.025882
vn -0.096593 0.000000 -0.025882
vn -0.096593 0.000000 -0.025882
vn -0.086603 0.000000 -0.050000
vn -0.070711 0.000000 -0.070711
vn -0.050000 0.000000 -0.086603
vn -0.096593 0.000000 -0.025882
vn -0.086603 0.000000 -0.050000
vn -0.070711 0.000000 -0.070711
vn -0.050000 0.000000 -0.086603
vn -0.000000 -0.100000 0.000000
vn -0.000000 -0.100000 0.000000
vn -0.000000 -0.100000 0.000000
vn -0.000000 -0.100000 0.000000
vn 0.000000 0.100000 -0.000000
vn 0.000000 0.100000 -0.000000
vn 0.025882 -0.000000 0.096593
vn 0.025882 -0.000000 0.096593
vn 0.050000 -0.000000 0.086603
vn 0.050000 -0.000000 0.086603
vn 0.070711 -0.000000 0.070711
vn 0.070711 -0.000000 0.070711
vn 0.086603 -0.000000 0.050000
vn 0.086603 -0.000000 0.050000
vn 0.096593 -0.000000 0.025882
vn 0.096593 -0.000000 0.025882
vn 0.100000 -0.000000 -0.000000
vn 0.100000 -0.000000 -0.000000
vn -0.000000 -0.100000 0.000000
vn -0.000000 -0.100000 0.000000
vn -0.000000 -0.100000 0.000000
vn -0.000000 -0.100000 0.000000
vn 0.000000 0.100000 -0.000000
vn 0.000000 0.100000 -0.000000
vn 0.000000 0.100000 -0.000000
vn 0.000000 0.100000 -0.000000
vn 0.000000 -0.000000 -0.100000
vn 0.000000 -0.000000 -0.100000
vn -0.100000 0.000000 -0.000000
vn -0.100000 0.000000 -0.000000
vn -0.100000 0.000000 -0.000000
vn -0.100000 0.000000 -0.000000
vn -0.000000 -0.100000 0.000000
vn -0.000000 -0.100000 0.000000
vn -0.000000 -0.100000 0.000000
vn -0.000000 -0.100000 0.000000
vn -0.000000 -0.100000 0.000000
vn -0.000000 -0.100000 0.000000
vn -0.000000 -0.100000 0.000000
vn -0.000000 -0.100000 0.000000
vn -0.000000 -0.100000 0.000000
vn -0.000000 -0.100000 0.000000
vn -0.000000 -0.000000 -0.100000
vn -0.000000 -0.000000 -0.100000
vn -0.000000 -0.000000 -0.100000
vn -0.000000 -0.000000 -0.100000
vn 0.000000 0.100000 -0.000000
vn 0.000000 0.100000 -0.000000
vn 0.100000 -0.000000 -0.000000
vn 0.100000 -0.000000 -0.000000
vn 0.100000 -0.000000 -0.000000
vn 0.100000 -0.000000 -0.000000
vn 0.100000 -0.000000 -0.000000
vn 0.100000 -0.000000 -0.000000
vn 0.100000 -0.000000 -0.000000
vn 0.100000 -0.000000 -0.000000
vn 0.100000 -0.000000 -0.000000
vn 0.100000 -0.000000 -0.000000
f 2871/4381/4117 2872/4382/4118 2874/4383/4119
f 2874/4383/4119 2872/4382/4118 2873/4384/4120
f 2873/4385/4121 2875/4386/4122 2874/4387/4123
f 2874/4387/4123 2875/4386/4122 2884/4388/4124
f 2884/4388/4124 2875/4386/4122 2882/4389/4125
f 2884/4388/4124 2882/4389/4125 2883/4390/4126
f 2882/4389/4125 2875/4386/4122 2878/4391/4127
f 2878/4391/4127 2875/4386/4122 2876/4392/4128
f 2878/4391/4127 2876/4392/4128 2877/4393/4129
f 2878/4391/4127 2879/4394/4130 2882/4389/4125
f 2882/4389/4125 2879/4394/4130 2881/4395/4131
f 2881/4395/4131 2879/4394/4130 2880/4396/4132
f 2874/4397/4133 2884/4398/4134 2871/4399/4135
f 2871/4399/4135 2884/4398/4134 2885/4400/4136
f 2886/4401/4137 2885/4402/4138 2883/4403/4139
f 2883/4403/4139 2885/4402/4138 2884/4404/4140
f 2887/4405/4141 2888/4406/4142 2876/4407/4143
f 2876/4407/4143 2888/4406/4142 2877/4408/4144
f 2888/4409/4145 2889/4410/4146 2877/4411/4147
f 2877/4411/4147 2889/4410/4146 2878/4412/4148
f 2890/4413/4149 2891/4414/4150 2880/4415/4151
f 2880/4415/4151 2891/4414/4150 2881/4416/4152
f 2891/4417/4153 2892/4418/4154 2881/4419/4155
f 2881/4419/4155 2892/4418/4154 2882/4420/4156
f 2894/4421/4157 2895/4422/4158 2893/4423/4159
f 2893/4423/4159 2895/4422/4158 2896/4424/4160
f 2897/4425/4161 2894/4426/4162 2908/4427/4163
f 2908/4427/4163 2894/4426/4162 2898/4428/4164
f 2908/4427/4163 2898/4428/4164 2907/4429/4165
f 2907/4429/4165 2898/4428/4164 2899/4430/4166
f 2907/4429/4165 2899/4430/4166 2906/4431/4167
f 2906/4431/4167 2899/4430/4166 2900/4432/4168
f 2906/4431/4167 2900/4432/4168 2905/4433/4169
f 2905/4433/4169 2900/4432/4168 2901/4434/4170
f 2905/4433/4169 2901/4434/4170 2904/4435/4171
f 2904/4435/4171 2901/4434/4170 2902/4436/4172
f 2904/4435/4171 2902/4436/4172 2879/4437/4173
f 2879/4437/4173 2902/4436/4172 2903/4438/4174
f 2914/4439/4175 2909/4440/4176 2916/4441/4177
f 2916/4441/4177 2909/4440/4176 2897/4442/4178
f 2916/4441/4177 2897/4442/4178 2915/4443/4179
f 2915/4443/4179 2897/4442/4178 2908/4444/4180
f 2915/4443/4179 2908/4444/4180 2917/4445/4181
f 2917/4445/4181 2908/4444/4180 2907/4446/4182
f 2917/4445/4181 2907/4446/4182 2919/4447/4183
f 2919/4447/4183 2907/4446/4182 2906/4448/4184
f 2919/4447/4183 2906/4448/4184 2921/4449/4185
f 2921/4449/4185 2906/4448/4184 2905/4450/4186
f 2921/4449/4185 2905/4450/4186 2923/4451/4187
f 2923/4451/4187 2905/4450/4186 2904/4452/4188
f 2923/4451/4187 2904/4452/4188 2879/4453/4130
f 2879/4453/4130 2878/4454/4127 2923/4451/4187
f 2923/4451/4187 2878/4454/4127 2924/4455/4189
f 2923/4451/4187 2924/4455/4189 2921/4449/4185
f 2921/4449/4185 2924/4455/4189 2922/4456/4190
f 2921/4449/4185 2922/4456/4190 2919/4447/4183
f 2919/4447/4183 2922/4456/4190 2920/4457/4191
f 2919/4447/4183 2920/4457/4191 2917/4445/4181
f 2917/4445/4181 2920/4457/4191 2918/4458/4192
f 2917/4445/4181 2918/4458/4192 2915/4443/4179
f 2915/4443/4179 2918/4458/4192 2916/4441/4177
f 2878/4454/4127 2910/4459/4193 2924/4455/4189
f 2924/4455/4189 2910/4459/4193 2922/4456/4190
f 2910/4459/4193 2911/4460/4194 2922/4456/4190
f 2922/4456/4190 2911/4460/4194 2920/4457/4191
f 2911/4460/4194 2912/4461/4195 2920/4457/4191
f 2920/4457/4191 2912/4461/4195 2918/4458/4192
f 2912/4461/4195 2913/4462/4196 2918/4458/4192
f 2918/4458/4192 2913/4462/4196 2916/4441/4177
f 2913/4462/4196 2914/4439/4175 2916/4441/4177
f 2893/4463/4197 2896/4464/4198 2909/4465/4199
f 2909/4465/4199 2896/4464/4198 2925/4466/4200
f 2897/4467/4161 2926/4468/4201 2894/4469/4162
f 2894/4469/4162 2926/4468/4201 2895/4470/4202
f 2894/4471/4157 2893/4472/4159 2898/4473/4203
f 2898/4473/4203 2893/4472/4159 2927/4474/4204
f 2898/4473/4203 2927/4474/4204 2899/4475/4205
f 2899/4475/4205 2927/4474/4204 2928/4476/4206
f 2899/4475/4205 2928/4476/4206 2900/4477/4207
f 2900/4477/4207 2928/4476/4206 2929/4478/4208
f 2900/4477/4207 2929/4478/4208 2901/4479/4209
f 2901/4479/4209 2929/4478/4208 2930/4480/4210
f 2901/4479/4209 2930/4480/4210 2902/4481/4211
f 2902/4481/4211 2930/4480/4210 2931/4482/4212
f 2902/4481/4211 2931/4482/4212 2903/4483/4213
f 2903/4483/4213 2931/4482/4212 2889/4484/4214
f 2872/4485/4215 2932/4486/4216 2873/4487/4217
f 2873/4487/4217 2932/4486/4216 2875/4488/4218
f 2883/4489/4219 2882/4490/4220 2886/4491/4221
f 2886/4491/4221 2882/4490/4220 2892/4492/4222
f 2909/4493/4176 2925/4494/4223 2897/4495/4178
f 2897/4495/4178 2925/4494/4223 2926/4496/4224
f 2926/4497/4225 2925/4498/4226 2895/4499/4227
f 2895/4499/4227 2925/4498/4226 2896/4500/4228
f 2909/4501/4199 2914/4502/4229 2893/4503/4197
f 2893/4503/4197 2914/4502/4229 2927/4504/4230
f 2927/4504/4230 2914/4502/4229 2913/4505/4231
f 2927/4504/4230 2913/4505/4231 2928/4506/4232
f 2928/4506/4232 2913/4505/4231 2912/4507/4233
f 2928/4506/4232 2912/4507/4233 2929/4508/4234
f 2929/4508/4234 2912/4507/4233 2911/4509/4235
f 2929/4508/4234 2911/4509/4235 2930/4510/4236
f 2930/4510/4236 2911/4509/4235 2910/4511/4237
f 2930/4510/4236 2910/4511/4237 2931/4512/4238
f 2931/4512/4238 2910/4511/4237 2878/4513/4148
f 2931/4512/4238 2878/4513/4148 2889/4514/4146
f 2876/4515/4239 2875/4516/4240 2887/4517/4241
f 2887/4517/4241 2875/4516/4240 2932/4518/4242
f 2880/4519/4243 2879/4520/4173 2890/4521/4244
f 2890/4521/4244 2879/4520/4173 2903/4522/4174
f 2872/4523/4245 2871/4524/4246 2932/4525/4247
f 2932/4525/4247 2871/4524/4246 2885/4526/4248
f 2932/4525/4247 2885/4526/4248 2892/4527/4249
f 2892/4527/4249 2885/4526/4248 2886/4528/4250
f 2891/4529/4251 2903/4530/4213 2892/4527/4249
f 2892/4527/4249 2903/4530/4213 2889/4531/4214
f 2892/4527/4249 2889/4531/4214 2932/4525/4247
f 2932/4525/4247 2889/4531/4214 2887/4532/4252
f 2887/4532/4252 2889/4531/4214 2888/4533/4253
f 2891/4529/4251 2890/4534/4254 2903/4530/4213
g Body2:1

v 7.794791 -14.030000 -3.500000
v 7.794791 -14.230000 -3.300000
v 7.444791 -14.230000 -3.300000
v 7.444791 -14.030000 -3.500000
v 7.444791 -14.230000 0.000000
v 7.444791 -14.465000 0.000000
v 7.444791 -14.665000 0.200000
v 7.444791 -14.665000 2.595509
v 7.444791 -13.265000 2.595509
v 7.444791 -13.265000 0.200000
v 7.444791 -13.465000 0.000000
v 7.444791 -13.700000 0.000000
v 7.444791 -13.700000 -3.300000
v 7.444791 -13.900000 -3.500000
v 7.794791 -13.900000 -3.500000
v 7.794791 -13.700000 -3.300000
v 7.794791 -14.465000 0.000000
v 7.794791 -14.665000 0.200000
v 7.794791 -14.665000 2.595509
v 7.794791 -13.265000 0.200000
v 7.794791 -13.465000 0.000000
v 7.794791 -13.700000 0.000000
v 7.344791 -14.665000 3.045509
v 7.344791 -13.265000 3.045509
v 5.339282 -13.265000 3.045509
v 5.339282 -14.665000 3.045509
v 7.344791 -13.265000 2.695509
v 7.461259 -13.265000 3.030175
v 7.569791 -13.265000 2.985220
v 7.662989 -13.265000 2.913707
v 7.734502 -13.265000 2.820509
v 7.779457 -13.265000 2.711977
v 7.794791 -13.265000 2.595509
v 7.441383 -13.265000 2.621391
v 7.431393 -13.265000 2.645509
v 7.415501 -13.265000 2.666220
v 7.394791 -13.265000 2.682111
v 7.370673 -13.265000 2.692101
v 7.344791 -14.665000 2.695509
v 7.441383 -14.665000 2.621391
v 7.431393 -14.665000 2.645509
v 7.415501 -14.665000 2.666220
v 7.394791 -14.665000 2.682111
v 7.370673 -14.665000 2.692101
v 7.370673 -13.731667 2.692101
v 7.370673 -14.198333 2.692101
v 7.394791 -13.731667 2.682111
v 7.394791 -14.198333 2.682111
v 7.415501 -13.731667 2.666220
v 7.415501 -14.198333 2.666220
v 7.431393 -13.731667 2.645509
v 7.431393 -14.198333 2.645509
v 7.441383 -13.731667 2.621391
v 7.441383 -14.198333 2.621391
v 5.339282 -14.665000 2.695509
v 5.339282 -13.265000 2.695509
v 7.461259 -14.665000 3.030175
v 7.569791 -14.665000 2.985220
v 7.662989 -14.665000 2.913707
v 7.734502 -14.665000 2.820509
v 7.779457 -14.665000 2.711977
v 7.794791 -14.230000 0.000000
vt 0.014142 0.017500 0.000000
vt -0.014142 0.017500 0.000000
vt 0.014142 -0.017500 0.000000
vt -0.014142 -0.017500 0.000000
vt -0.580000 -0.026500 0.000000
vt -0.250000 -0.026500 0.000000
vt -0.600000 -0.006500 0.000000
vt -0.600000 0.006500 0.000000
vt -0.250000 0.026500 0.000000
vt -0.580000 0.026500 0.000000
vt 0.009551 -0.070000 0.000000
vt -0.250000 -0.050000 0.000000
vt -0.230000 -0.070000 0.000000
vt 0.009551 0.070000 0.000000
vt -0.250000 0.050000 0.000000
vt -0.230000 0.070000 0.000000
vt -0.033000 -0.017500 0.000000
vt -0.020000 -0.017500 0.000000
vt -0.033000 0.017500 0.000000
vt -0.020000 0.017500 0.000000
vt 0.014142 0.017500 0.000000
vt -0.014142 0.017500 0.000000
vt 0.014142 -0.017500 0.000000
vt -0.014142 -0.017500 0.000000
vt 0.014142 0.017500 0.000000
vt -0.014142 0.017500 0.000000
vt 0.014142 -0.017500 0.000000
vt -0.014142 -0.017500 0.000000
vt -0.020000 0.017500 0.000000
vt -0.259551 0.017500 0.000000
vt -0.020000 -0.017500 0.000000
vt -0.259551 -0.017500 0.000000
vt 0.014142 0.017500 0.000000
vt -0.014142 0.017500 0.000000
vt 0.014142 -0.017500 0.000000
vt -0.014142 -0.017500 0.000000
vt -0.020000 0.017500 0.000000
vt -0.043500 0.017500 0.000000
vt -0.020000 -0.017500 0.000000
vt -0.043500 -0.017500 0.000000
vt -0.049449 0.070000 0.000000
vt -0.250000 0.070000 0.000000
vt -0.049449 -0.070000 0.000000
vt -0.250000 -0.070000 0.000000
vt -0.000000 0.000000 0.000000
vt 0.035000 -0.000000 0.000000
vt -0.000341 0.002588 0.000000
vt 0.033467 0.011647 0.000000
vt -0.001340 0.005000 0.000000
vt 0.028971 0.022500 0.000000
vt -0.002929 0.007071 0.000000
vt 0.021820 0.031820 0.000000
vt -0.005000 0.008660 0.000000
vt 0.012500 0.038971 0.000000
vt -0.007412 0.009659 0.000000
vt 0.001647 0.043467 0.000000
vt -0.010000 0.010000 0.000000
vt -0.010000 0.045000 0.000000
vt 0.070000 0.013090 0.000000
vt 0.070000 0.015708 0.000000
vt 0.023333 0.013090 0.000000
vt -0.070000 0.015708 0.000000
vt -0.023333 0.013090 0.000000
vt -0.070000 0.013090 0.000000
vt -0.023333 0.010472 0.000000
vt -0.070000 0.010472 0.000000
vt -0.023333 0.007854 0.000000
vt -0.070000 0.007854 0.000000
vt -0.023333 0.005236 0.000000
vt -0.070000 0.005236 0.000000
vt -0.023333 0.002618 0.000000
vt -0.070000 0.002618 0.000000
vt -0.070000 0.000000 0.000000
vt 0.070000 0.000000 0.000000
vt 0.023333 0.002618 0.000000
vt 0.023333 0.005236 0.000000
vt 0.023333 0.007854 0.000000
vt 0.023333 0.010472 0.000000
vt 0.070000 0.002618 0.000000
vt 0.070000 0.005236 0.000000
vt 0.070000 0.007854 0.000000
vt 0.070000 0.010472 0.000000
vt -0.299449 0.017500 0.000000
vt -0.500000 0.017500 0.000000
vt -0.299449 -0.017500 0.000000
vt -0.500000 -0.017500 0.000000
vt -0.200551 -0.017500 0.000000
vt -0.000000 -0.017500 0.000000
vt -0.200551 0.017500 0.000000
vt -0.000000 0.017500 0.000000
vt 0.070000 0.070686 0.000000
vt -0.070000 0.070686 0.000000
vt 0.070000 0.058905 0.000000
vt -0.070000 0.058905 0.000000
vt 0.070000 0.047124 0.000000
vt -0.070000 0.047124 0.000000
vt 0.070000 0.035343 0.000000
vt -0.070000 0.035343 0.000000
vt 0.070000 0.023562 0.000000
vt -0.070000 0.023562 0.000000
vt 0.070000 0.011781 0.000000
vt -0.070000 0.011781 0.000000
vt 0.070000 0.000000 0.000000
vt -0.070000 0.000000 0.000000
vt -0.020000 0.017500 0.000000
vt -0.350000 0.017500 0.000000
vt -0.020000 -0.017500 0.000000
vt -0.350000 -0.017500 0.000000
vt -0.330000 -0.017500 0.000000
vt -0.000000 -0.017500 0.000000
vt -0.330000 0.017500 0.000000
vt -0.000000 0.017500 0.000000
vt 0.049449 -0.070000 0.000000
vt 0.250000 -0.070000 0.000000
vt 0.049449 0.070000 0.000000
vt 0.250000 0.070000 0.000000
vt -0.140000 -0.017500 0.000000
vt -0.000000 -0.017500 0.000000
vt -0.140000 0.017500 0.000000
vt -0.000000 0.017500 0.000000
vt 0.035000 0.000000 0.000000
vt 0.035341 0.002588 0.000000
vt 0.000000 0.000000 0.000000
vt 0.001533 0.011647 0.000000
vt 0.036340 0.005000 0.000000
vt 0.006029 0.022500 0.000000
vt 0.037929 0.007071 0.000000
vt 0.013180 0.031820 0.000000
vt 0.040000 0.008660 0.000000
vt 0.022500 0.038971 0.000000
vt 0.042412 0.009659 0.000000
vt 0.033353 0.043467 0.000000
vt 0.045000 0.010000 0.000000
vt 0.045000 0.045000 0.000000
vt -0.120000 -0.017500 0.000000
vt -0.096500 -0.017500 0.000000
vt -0.120000 0.017500 0.000000
vt -0.096500 0.017500 0.000000
vt -0.480000 -0.017500 0.000000
vt -0.240449 -0.017500 0.000000
vt -0.480000 0.017500 0.000000
vt -0.240449 0.017500 0.000000
vt 0.580000 -0.026500 0.000000
vt 0.600000 -0.006500 0.000000
vt 0.250000 -0.026500 0.000000
vt 0.600000 0.006500 0.000000
vt 0.250000 0.026500 0.000000
vt 0.580000 0.026500 0.000000
vt 0.250000 0.050000 0.000000
vt -0.009551 0.070000 0.000000
vt -0.009551 -0.070000 0.000000
vt 0.250000 -0.050000 0.000000
vt 0.230000 -0.070000 0.000000
vt 0.230000 0.070000 0.000000
vn -0.000000 -0.070711 -0.070711
vn -0.000000 -0.070711 -0.070711
vn -0.000000 -0.070711 -0.070711
vn -0.000000 -0.070711 -0.070711
vn -0.100000 0.000000 0.000000
vn -0.100000 0.000000 0.000000
vn -0.100000 0.000000 0.000000
vn -0.100000 0.000000 0.000000
vn -0.100000 0.000000 0.000000
vn -0.100000 0.000000 0.000000
vn -0.100000 0.000000 0.000000
vn -0.100000 0.000000 0.000000
vn -0.100000 0.000000 0.000000
vn -0.100000 0.000000 0.000000
vn -0.100000 0.000000 0.000000
vn -0.100000 0.000000 0.000000
vn -0.000000 -0.000000 -0.100000
vn -0.000000 -0.000000 -0.100000
vn -0.000000 -0.000000 -0.100000
vn -0.000000 -0.000000 -0.100000
vn 0.000000 0.070711 -0.070711
vn 0.000000 0.070711 -0.070711
vn 0.000000 0.070711 -0.070711
vn 0.000000 0.070711 -0.070711
vn -0.000000 -0.070711 -0.070711
vn -0.000000 -0.070711 -0.070711
vn -0.000000 -0.070711 -0.070711
vn -0.000000 -0.070711 -0.070711
vn -0.000000 -0.100000 0.000000
vn -0.000000 -0.100000 0.000000
vn -0.000000 -0.100000 0.000000
vn -0.000000 -0.100000 0.000000
vn 0.000000 0.070711 -0.070711
vn 0.000000 0.070711 -0.070711
vn 0.000000 0.070711 -0.070711
vn 0.000000 0.070711 -0.070711
vn -0.000000 -0.000000 -0.100000
vn -0.000000 -0.000000 -0.100000
vn -0.000000 -0.000000 -0.100000
vn -0.000000 -0.000000 -0.100000
vn -0.000000 0.000000 0.100000
vn -0.000000 0.000000 0.100000
vn -0.000000 0.000000 0.100000
vn -0.000000 0.000000 0.100000
vn 0.000000 0.100000 -0.000000
vn 0.000000 0.100000 -0.000000
vn 0.000000 0.100000 -0.000000
vn 0.000000 0.100000 -0.000000
vn 0.000000 0.100000 -0.000000
vn 0.000000 0.100000 -0.000000
vn 0.000000 0.100000 -0.000000
vn 0.000000 0.100000 -0.000000
vn 0.000000 0.100000 -0.000000
vn 0.000000 0.100000 -0.000000
vn 0.000000 0.100000 -0.000000
vn 0.000000 0.100000 -0.000000
vn 0.000000 0.100000 -0.000000
vn 0.000000 0.100000 -0.000000
vn -0.025882 0.000000 -0.096593
vn -0.000000 -0.000000 -0.100000
vn -0.025882 0.000000 -0.096593
vn -0.000000 -0.000000 -0.100000
vn -0.025882 0.000000 -0.096593
vn -0.025882 0.000000 -0.096593
vn -0.050000 0.000000 -0.086603
vn -0.050000 0.000000 -0.086603
vn -0.070711 0.000000 -0.070711
vn -0.070711 0.000000 -0.070711
vn -0.086603 0.000000 -0.050000
vn -0.086603 0.000000 -0.050000
vn -0.096593 0.000000 -0.025882
vn -0.096593 0.000000 -0.025882
vn -0.096593 0.000000 -0.025882
vn -0.086603 0.000000 -0.050000
vn -0.070711 0.000000 -0.070711
vn -0.050000 0.000000 -0.086603
vn -0.096593 0.000000 -0.025882
vn -0.086603 0.000000 -0.050000
vn -0.070711 0.000000 -0.070711
vn -0.050000 0.000000 -0.086603
vn -0.000000 -0.100000 0.000000
vn -0.000000 -0.100000 0.000000
vn -0.000000 -0.100000 0.000000
vn -0.000000 -0.100000 0.000000
vn 0.000000 0.100000 -0.000000
vn 0.000000 0.100000 -0.000000
vn 0.025882 -0.000000 0.096593
vn 0.025882 -0.000000 0.096593
vn 0.050000 -0.000000 0.086603
vn 0.050000 -0.000000 0.086603
vn 0.070711 -0.000000 0.070711
vn 0.070711 -0.000000 0.070711
vn 0.086603 -0.000000 0.050000
vn 0.086603 -0.000000 0.050000
vn 0.096593 -0.000000 0.025882
vn 0.096593 -0.000000 0.025882
vn 0.100000 -0.000000 -0.000000
vn 0.100000 -0.000000 -0.000000
vn -0.000000 -0.100000 0.000000
vn -0.000000 -0.100000 0.000000
vn -0.000000 -0.100000 0.000000
vn -0.000000 -0.100000 0.000000
vn 0.000000 0.100000 -0.000000
vn 0.000000 0.100000 -0.000000
vn 0.000000 0.100000 -0.000000
vn 0.000000 0.100000 -0.000000
vn 0.000000 -0.000000 -0.100000
vn 0.000000 -0.000000 -0.100000
vn -0.100000 0.000000 -0.000000
vn -0.100000 0.000000 -0.000000
vn -0.100000 0.000000 -0.000000
vn -0.100000 0.000000 -0.000000
vn -0.000000 -0.100000 0.000000
vn -0.000000 -0.100000 0.000000
vn -0.000000 -0.100000 0.000000
vn -0.000000 -0.100000 0.000000
vn -0.000000 -0.100000 0.000000
vn -0.000000 -0.100000 0.000000
vn -0.000000 -0.100000 0.000000
vn -0.000000 -0.100000 0.000000
vn -0.000000 -0.100000 0.000000
vn -0.000000 -0.100000 0.000000
vn -0.000000 -0.000000 -0.100000
vn -0.000000 -0.000000 -0.100000
vn -0.000000 -0.000000 -0.100000
vn -0.000000 -0.000000 -0.100000
vn 0.000000 0.100000 -0.000000
vn 0.000000 0.100000 -0.000000
vn 0.100000 -0.000000 -0.000000
vn 0.100000 -0.000000 -0.000000
vn 0.100000 -0.000000 -0.000000
vn 0.100000 -0.000000 -0.000000
vn 0.100000 -0.000000 -0.000000
vn 0.100000 -0.000000 -0.000000
vn 0.100000 -0.000000 -0.000000
vn 0.100000 -0.000000 -0.000000
vn 0.100000 -0.000000 -0.000000
vn 0.100000 -0.000000 -0.000000
f 2933/4535/4255 2934/4536/4256 2936/4537/4257
f 2936/4537/4257 2934/4536/4256 2935/4538/4258
f 2935/4539/4259 2937/4540/4260 2936/4541/4261
f 2936/4541/4261 2937/4540/4260 2946/4542/4262
f 2946/4542/4262 2937/4540/4260 2944/4543/4263
f 2946/4542/4262 2944/4543/4263 2945/4544/4264
f 2944/4543/4263 2937/4540/4260 2940/4545/4265
f 2940/4545/4265 2937/4540/4260 2938/4546/4266
f 2940/4545/4265 2938/4546/4266 2939/4547/4267
f 2940/4545/4265 2941/4548/4268 2944/4543/4263
f 2944/4543/4263 2941/4548/4268 2943/4549/4269
f 2943/4549/4269 2941/4548/4268 2942/4550/4270
f 2936/4551/4271 2946/4552/4272 2933/4553/4273
f 2933/4553/4273 2946/4552/4272 2947/4554/4274
f 2948/4555/4275 2947/4556/4276 2945/4557/4277
f 2945/4557/4277 2947/4556/4276 2946/4558/4278
f 2949/4559/4279 2950/4560/4280 2938/4561/4281
f 2938/4561/4281 2950/4560/4280 2939/4562/4282
f 2950/4563/4283 2951/4564/4284 2939/4565/4285
f 2939/4565/4285 2951/4564/4284 2940/4566/4286
f 2952/4567/4287 2953/4568/4288 2942/4569/4289
f 2942/4569/4289 2953/4568/4288 2943/4570/4290
f 2953/4571/4291 2954/4572/4292 2943/4573/4293
f 2943/4573/4293 2954/4572/4292 2944/4574/4294
f 2956/4575/4295 2957/4576/4296 2955/4577/4297
f 2955/4577/4297 2957/4576/4296 2958/4578/4298
f 2959/4579/4299 2956/4580/4300 2970/4581/4301
f 2970/4581/4301 2956/4580/4300 2960/4582/4302
f 2970/4581/4301 2960/4582/4302 2969/4583/4303
f 2969/4583/4303 2960/4582/4302 2961/4584/4304
f 2969/4583/4303 2961/4584/4304 2968/4585/4305
f 2968/4585/4305 2961/4584/4304 2962/4586/4306
f 2968/4585/4305 2962/4586/4306 2967/4587/4307
f 2967/4587/4307 2962/4586/4306 2963/4588/4308
f 2967/4587/4307 2963/4588/4308 2966/4589/4309
f 2966/4589/4309 2963/4588/4308 2964/4590/4310
f 2966/4589/4309 2964/4590/4310 2941/4591/4311
f 2941/4591/4311 2964/4590/4310 2965/4592/4312
f 2976/4593/4313 2971/4594/4314 2978/4595/4315
f 2978/4595/4315 2971/4594/4314 2959/4596/4316
f 2978/4595/4315 2959/4596/4316 2977/4597/4317
f 2977/4597/4317 2959/4596/4316 2970/4598/4318
f 2977/4597/4317 2970/4598/4318 2979/4599/4319
f 2979/4599/4319 2970/4598/4318 2969/4600/4320
f 2979/4599/4319 2969/4600/4320 2981/4601/4321
f 2981/4601/4321 2969/4600/4320 2968/4602/4322
f 2981/4601/4321 2968/4602/4322 2983/4603/4323
f 2983/4603/4323 2968/4602/4322 2967/4604/4324
f 2983/4603/4323 2967/4604/4324 2985/4605/4325
f 2985/4605/4325 2967/4604/4324 2966/4606/4326
f 2985/4605/4325 2966/4606/4326 2941/4607/4268
f 2941/4607/4268 2940/4608/4265 2985/4605/4325
f 2985/4605/4325 2940/4608/4265 2986/4609/4327
f 2985/4605/4325 2986/4609/4327 2983/4603/4323
f 2983/4603/4323 2986/4609/4327 2984/4610/4328
f 2983/4603/4323 2984/4610/4328 2981/4601/4321
f 2981/4601/4321 2984/4610/4328 2982/4611/4329
f 2981/4601/4321 2982/4611/4329 2979/4599/4319
f 2979/4599/4319 2982/4611/4329 2980/4612/4330
f 2979/4599/4319 2980/4612/4330 2977/4597/4317
f 2977/4597/4317 2980/4612/4330 2978/4595/4315
f 2940/4608/4265 2972/4613/4331 2986/4609/4327
f 2986/4609/4327 2972/4613/4331 2984/4610/4328
f 2972/4613/4331 2973/4614/4332 2984/4610/4328
f 2984/4610/4328 2973/4614/4332 2982/4611/4329
f 2973/4614/4332 2974/4615/4333 2982/4611/4329
f 2982/4611/4329 2974/4615/4333 2980/4612/4330
f 2974/4615/4333 2975/4616/4334 2980/4612/4330
f 2980/4612/4330 2975/4616/4334 2978/4595/4315
f 2975/4616/4334 2976/4593/4313 2978/4595/4315
f 2955/4617/4335 2958/4618/4336 2971/4619/4337
f 2971/4619/4337 2958/4618/4336 2987/4620/4338
f 2959/4621/4299 2988/4622/4339 2956/4623/4300
f 2956/4623/4300 2988/4622/4339 2957/4624/4340
f 2956/4625/4295 2955/4626/4297 2960/4627/4341
f 2960/4627/4341 2955/4626/4297 2989/4628/4342
f 2960/4627/4341 2989/4628/4342 2961/4629/4343
f 2961/4629/4343 2989/4628/4342 2990/4630/4344
f 2961/4629/4343 2990/4630/4344 2962/4631/4345
f 2962/4631/4345 2990/4630/4344 2991/4632/4346
f 2962/4631/4345 2991/4632/4346 2963/4633/4347
f 2963/4633/4347 2991/4632/4346 2992/4634/4348
f 2963/4633/4347 2992/4634/4348 2964/4635/4349
f 2964/4635/4349 2992/4634/4348 2993/4636/4350
f 2964/4635/4349 2993/4636/4350 2965/4637/4351
f 2965/4637/4351 2993/4636/4350 2951/4638/4352
f 2934/4639/4353 2994/4640/4354 2935/4641/4355
f 2935/4641/4355 2994/4640/4354 2937/4642/4356
f 2945/4643/4357 2944/4644/4358 2948/4645/4359
f 2948/4645/4359 2944/4644/4358 2954/4646/4360
f 2971/4647/4314 2987/4648/4361 2959/4649/4316
f 2959/4649/4316 2987/4648/4361 2988/4650/4362
f 2988/4651/4363 2987/4652/4364 2957/4653/4365
f 2957/4653/4365 2987/4652/4364 2958/4654/4366
f 2971/4655/4337 2976/4656/4367 2955/4657/4335
f 2955/4657/4335 2976/4656/4367 2989/4658/4368
f 2989/4658/4368 2976/4656/4367 2975/4659/4369
f 2989/4658/4368 2975/4659/4369 2990/4660/4370
f 2990/4660/4370 2975/4659/4369 2974/4661/4371
f 2990/4660/4370 2974/4661/4371 2991/4662/4372
f 2991/4662/4372 2974/4661/4371 2973/4663/4373
f 2991/4662/4372 2973/4663/4373 2992/4664/4374
f 2992/4664/4374 2973/4663/4373 2972/4665/4375
f 2992/4664/4374 2972/4665/4375 2993/4666/4376
f 2993/4666/4376 2972/4665/4375 2940/4667/4286
f 2993/4666/4376 2940/4667/4286 2951/4668/4284
f 2938/4669/4377 2937/4670/4378 2949/4671/4379
f 2949/4671/4379 2937/4670/4378 2994/4672/4380
f 2942/4673/4381 2941/4674/4311 2952/4675/4382
f 2952/4675/4382 2941/4674/4311 2965/4676/4312
f 2934/4677/4383 2933/4678/4384 2994/4679/4385
f 2994/4679/4385 2933/4678/4384 2947/4680/4386
f 2994/4679/4385 2947/4680/4386 2954/4681/4387
f 2954/4681/4387 2947/4680/4386 2948/4682/4388
f 2953/4683/4389 2965/4684/4351 2954/4681/4387
f 2954/4681/4387 2965/4684/4351 2951/4685/4352
f 2954/4681/4387 2951/4685/4352 2994/4679/4385
f 2994/4679/4385 2951/4685/4352 2949/4686/4390
f 2949/4686/4390 2951/4685/4352 2950/4687/4391
f 2953/4683/4389 2952/4688/4392 2965/4684/4351
g Body3:1

v 7.794791 -11.490000 -3.500000
v 7.794791 -11.690000 -3.300000
v 7.444791 -11.690000 -3.300000
v 7.444791 -11.490000 -3.500000
v 7.444791 -11.690000 0.000000
v 7.444791 -11.925000 0.000000
v 7.444791 -12.125000 0.200000
v 7.444791 -12.125000 2.595509
v 7.444791 -10.725000 2.595509
v 7.444791 -10.725000 0.200000
v 7.444791 -10.925000 0.000000
v 7.444791 -11.160000 0.000000
v 7.444791 -11.160000 -3.300000
v 7.444791 -11.360000 -3.500000
v 7.794791 -11.360000 -3.500000
v 7.794791 -11.160000 -3.300000
v 7.794791 -11.925000 0.000000
v 7.794791 -12.125000 0.200000
v 7.794791 -12.125000 2.595509
v 7.794791 -10.725000 0.200000
v 7.794791 -10.925000 0.000000
v 7.794791 -11.160000 0.000000
v 7.344791 -12.125000 3.045509
v 7.344791 -10.725000 3.045509
v 5.339282 -10.725000 3.045509
v 5.339282 -12.125000 3.045509
v 7.344791 -10.725000 2.695509
v 7.461259 -10.725000 3.030175
v 7.569791 -10.725000 2.985220
v 7.662989 -10.725000 2.913707
v 7.734502 -10.725000 2.820509
v 7.779457 -10.725000 2.711977
v 7.794791 -10.725000 2.595509
v 7.441383 -10.725000 2.621391
v 7.431393 -10.725000 2.645509
v 7.415501 -10.725000 2.666220
v 7.394791 -10.725000 2.682111
v 7.370673 -10.725000 2.692101
v 7.344791 -12.125000 2.695509
v 7.441383 -12.125000 2.621391
v 7.431393 -12.125000 2.645509
v 7.415501 -12.125000 2.666220
v 7.394791 -12.125000 2.682111
v 7.370673 -12.125000 2.692101
v 7.370673 -11.191667 2.692101
v 7.370673 -11.658333 2.692101
v 7.394791 -11.191667 2.682111
v 7.394791 -11.658333 2.682111
v 7.415501 -11.191667 2.666220
v 7.415501 -11.658333 2.666220
v 7.431393 -11.191667 2.645509
v 7.431393 -11.658333 2.645509
v 7.441383 -11.191667 2.621391
v 7.441383 -11.658333 2.621391
v 5.339282 -12.125000 2.695509
v 5.339282 -10.725000 2.695509
v 7.461259 -12.125000 3.030175
v 7.569791 -12.125000 2.985220
v 7.662989 -12.125000 2.913707
v 7.734502 -12.125000 2.820509
v 7.779457 -12.125000 2.711977
v 7.794791 -11.690000 0.000000
vt 0.014142 0.017500 0.000000
vt -0.014142 0.017500 0.000000
vt 0.014142 -0.017500 0.000000
vt -0.014142 -0.017500 0.000000
vt -0.580000 -0.026500 0.000000
vt -0.250000 -0.026500 0.000000
vt -0.600000 -0.006500 0.000000
vt -0.600000 0.006500 0.000000
vt -0.250000 0.026500 0.000000
vt -0.580000 0.026500 0.000000
vt 0.009551 -0.070000 0.000000
vt -0.250000 -0.050000 0.000000
vt -0.230000 -0.070000 0.000000
vt 0.009551 0.070000 0.000000
vt -0.250000 0.050000 0.000000
vt -0.230000 0.070000 0.000000
vt -0.033000 -0.017500 0.000000
vt -0.020000 -0.017500 0.000000
vt -0.033000 0.017500 0.000000
vt -0.020000 0.017500 0.000000
vt 0.014142 0.017500 0.000000
vt -0.014142 0.017500 0.000000
vt 0.014142 -0.017500 0.000000
vt -0.014142 -0.017500 0.000000
vt 0.014142 0.017500 0.000000
vt -0.014142 0.017500 0.000000
vt 0.014142 -0.017500 0.000000
vt -0.014142 -0.017500 0.000000
vt -0.020000 0.017500 0.000000
vt -0.259551 0.017500 0.000000
vt -0.020000 -0.017500 0.000000
vt -0.259551 -0.017500 0.000000
vt 0.014142 0.017500 0.000000
vt -0.014142 0.017500 0.000000
vt 0.014142 -0.017500 0.000000
vt -0.014142 -0.017500 0.000000
vt -0.020000 0.017500 0.000000
vt -0.043500 0.017500 0.000000
vt -0.020000 -0.017500 0.000000
vt -0.043500 -0.017500 0.000000
vt -0.049449 0.070000 0.000000
vt -0.250000 0.070000 0.000000
vt -0.049449 -0.070000 0.000000
vt -0.250000 -0.070000 0.000000
vt -0.000000 0.000000 0.000000
vt 0.035000 -0.000000 0.000000
vt -0.000341 0.002588 0.000000
vt 0.033467 0.011647 0.000000
vt -0.001340 0.005000 0.000000
vt 0.028971 0.022500 0.000000
vt -0.002929 0.007071 0.000000
vt 0.021820 0.031820 0.000000
vt -0.005000 0.008660 0.000000
vt 0.012500 0.038971 0.000000
vt -0.007412 0.009659 0.000000
vt 0.001647 0.043467 0.000000
vt -0.010000 0.010000 0.000000
vt -0.010000 0.045000 0.000000
vt 0.070000 0.013090 0.000000
vt 0.070000 0.015708 0.000000
vt 0.023333 0.013090 0.000000
vt -0.070000 0.015708 0.000000
vt -0.023333 0.013090 0.000000
vt -0.070000 0.013090 0.000000
vt -0.023333 0.010472 0.000000
vt -0.070000 0.010472 0.000000
vt -0.023333 0.007854 0.000000
vt -0.070000 0.007854 0.000000
vt -0.023333 0.005236 0.000000
vt -0.070000 0.005236 0.000000
vt -0.023333 0.002618 0.000000
vt -0.070000 0.002618 0.000000
vt -0.070000 0.000000 0.000000
vt 0.070000 0.000000 0.000000
vt 0.023333 0.002618 0.000000
vt 0.023333 0.005236 0.000000
vt 0.023333 0.007854 0.000000
vt 0.023333 0.010472 0.000000
vt 0.070000 0.002618 0.000000
vt 0.070000 0.005236 0.000000
vt 0.070000 0.007854 0.000000
vt 0.070000 0.010472 0.000000
vt -0.299449 0.017500 0.000000
vt -0.500000 0.017500 0.000000
vt -0.299449 -0.017500 0.000000
vt -0.500000 -0.017500 0.000000
vt -0.200551 -0.017500 0.000000
vt -0.000000 -0.017500 0.000000
vt -0.200551 0.017500 0.000000
vt -0.000000 0.017500 0.000000
vt 0.070000 0.070686 0.000000
vt -0.070000 0.070686 0.000000
vt 0.070000 0.058905 0.000000
vt -0.070000 0.058905 0.000000
vt 0.070000 0.047124 0.000000
vt -0.070000 0.047124 0.000000
vt 0.070000 0.035343 0.000000
vt -0.070000 0.035343 0.000000
vt 0.070000 0.023562 0.000000
vt -0.070000 0.023562 0.000000
vt 0.070000 0.011781 0.000000
vt -0.070000 0.011781 0.000000
vt 0.070000 0.000000 0.000000
vt -0.070000 0.000000 0.000000
vt -0.020000 0.017500 0.000000
vt -0.350000 0.017500 0.000000
vt -0.020000 -0.017500 0.000000
vt -0.350000 -0.017500 0.000000
vt -0.330000 -0.017500 0.000000
vt -0.000000 -0.017500 0.000000
vt -0.330000 0.017500 0.000000
vt -0.000000 0.017500 0.000000
vt 0.049449 -0.070000 0.000000
vt 0.250000 -0.070000 0.000000
vt 0.049449 0.070000 0.000000
vt 0.250000 0.070000 0.000000
vt -0.140000 -0.017500 0.000000
vt -0.000000 -0.017500 0.000000
vt -0.140000 0.017500 0.000000
vt -0.000000 0.017500 0.000000
vt 0.035000 0.000000 0.000000
vt 0.035341 0.002588 0.000000
vt 0.000000 0.000000 0.000000
vt 0.001533 0.011647 0.000000
vt 0.036340 0.005000 0.000000
vt 0.006029 0.022500 0.000000
vt 0.037929 0.007071 0.000000
vt 0.013180 0.031820 0.000000
vt 0.040000 0.008660 0.000000
vt 0.022500 0.038971 0.000000
vt 0.042412 0.009659 0.000000
vt 0.033353 0.043467 0.000000
vt 0.045000 0.010000 0.000000
vt 0.045000 0.045000 0.000000
vt -0.120000 -0.017500 0.000000
vt -0.096500 -0.017500 0.000000
vt -0.120000 0.017500 0.000000
vt -0.096500 0.017500 0.000000
vt -0.480000 -0.017500 0.000000
vt -0.240449 -0.017500 0.000000
vt -0.480000 0.017500 0.000000
vt -0.240449 0.017500 0.000000
vt 0.580000 -0.026500 0.000000
vt 0.600000 -0.006500 0.000000
vt 0.250000 -0.026500 0.000000
vt 0.600000 0.006500 0.000000
vt 0.250000 0.026500 0.000000
vt 0.580000 0.026500 0.000000
vt 0.250000 0.050000 0.000000
vt -0.009551 0.070000 0.000000
vt -0.009551 -0.070000 0.000000
vt 0.250000 -0.050000 0.000000
vt 0.230000 -0.070000 0.000000
vt 0.230000 0.070000 0.000000
vn -0.000000 -0.070711 -0.070711
vn -0.000000 -0.070711 -0.070711
vn -0.000000 -0.070711 -0.070711
vn -0.000000 -0.070711 -0.070711
vn -0.100000 0.000000 0.000000
vn -0.100000 0.000000 0.000000
vn -0.100000 0.000000 0.000000
vn -0.100000 0.000000 0.000000
vn -0.100000 0.000000 0.000000
vn -0.100000 0.000000 0.000000
vn -0.100000 0.000000 0.000000
vn -0.100000 0.000000 0.000000
vn -0.100000 0.000000 0.000000
vn -0.100000 0.000000 0.000000
vn -0.100000 0.000000 0.000000
vn -0.100000 0.000000 0.000000
vn -0.000000 -0.000000 -0.100000
vn -0.000000 -0.000000 -0.100000
vn -0.000000 -0.000000 -0.100000
vn -0.000000 -0.000000 -0.100000
vn 0.000000 0.070711 -0.070711
vn 0.000000 0.070711 -0.070711
vn 0.000000 0.070711 -0.070711
vn 0.000000 0.070711 -0.070711
vn -0.000000 -0.070711 -0.070711
vn -0.000000 -0.070711 -0.070711
vn -0.000000 -0.070711 -0.070711
vn -0.000000 -0.070711 -0.070711
vn -0.000000 -0.100000 0.000000
vn -0.000000 -0.100000 0.000000
vn -0.000000 -0.100000 0.000000
vn -0.000000 -0.100000 0.000000
vn 0.000000 0.070711 -0.070711
vn 0.000000 0.070711 -0.070711
vn 0.000000 0.070711 -0.070711
vn 0.000000 0.070711 -0.070711
vn -0.000000 -0.000000 -0.100000
vn -0.000000 -0.000000 -0.100000
vn -0.000000 -0.000000 -0.100000
vn -0.000000 -0.000000 -0.100000
vn -0.000000 0.000000 0.100000
vn -0.000000 0.000000 0.100000
vn -0.000000 0.000000 0.100000
vn -0.000000 0.000000 0.100000
vn 0.000000 0.100000 -0.000000
vn 0.000000 0.100000 -0.000000
vn 0.000000 0.100000 -0.000000
vn 0.000000 0.100000 -0.000000
vn 0.000000 0.100000 -0.000000
vn 0.000000 0.100000 -0.000000
vn 0.000000 0.100000 -0.000000
vn 0.000000 0.100000 -0.000000
vn 0.000000 0.100000 -0.000000
vn 0.000000 0.100000 -0.000000
vn 0.000000 0.100000 -0.000000
vn 0.000000 0.100000 -0.000000
vn 0.000000 0.100000 -0.000000
vn 0.000000 0.100000 -0.000000
vn -0.025882 0.000000 -0.096593
vn -0.000000 -0.000000 -0.100000
vn -0.025882 0.000000 -0.096593
vn -0.000000 -0.000000 -0.100000
vn -0.025882 0.000000 -0.096593
vn -0.025882 0.000000 -0.096593
vn -0.050000 0.000000 -0.086603
vn -0.050000 0.000000 -0.086603
vn -0.070711 0.000000 -0.070711
vn -0.070711 0.000000 -0.070711
vn -0.086603 0.000000 -0.050000
vn -0.086603 0.000000 -0.050000
vn -0.096593 0.000000 -0.025882
vn -0.096593 0.000000 -0.025882
vn -0.096593 0.000000 -0.025882
vn -0.086603 0.000000 -0.050000
vn -0.070711 0.000000 -0.070711
vn -0.050000 0.000000 -0.086603
vn -0.096593 0.000000 -0.025882
vn -0.086603 0.000000 -0.050000
vn -0.070711 0.000000 -0.070711
vn -0.050000 0.000000 -0.086603
vn -0.000000 -0.100000 0.000000
vn -0.000000 -0.100000 0.000000
vn -0.000000 -0.100000 0.000000
vn -0.000000 -0.100000 0.000000
vn 0.000000 0.100000 -0.000000
vn 0.000000 0.100000 -0.000000
vn 0.025882 -0.000000 0.096593
vn 0.025882 -0.000000 0.096593
vn 0.050000 -0.000000 0.086603
vn 0.050000 -0.000000 0.086603
vn 0.070711 -0.000000 0.070711
vn 0.070711 -0.000000 0.070711
vn 0.086603 -0.000000 0.050000
vn 0.086603 -0.000000 0.050000
vn 0.096593 -0.000000 0.025882
vn 0.096593 -0.000000 0.025882
vn 0.100000 -0.000000 -0.000000
vn 0.100000 -0.000000 -0.000000
vn -0.000000 -0.100000 0.000000
vn -0.000000 -0.100000 0.000000
vn -0.000000 -0.100000 0.000000
vn -0.000000 -0.100000 0.000000
vn 0.000000 0.100000 -0.000000
vn 0.000000 0.100000 -0.000000
vn 0.000000 0.100000 -0.000000
vn 0.000000 0.100000 -0.000000
vn 0.000000 -0.000000 -0.100000
vn 0.000000 -0.000000 -0.100000
vn -0.100000 0.000000 -0.000000
vn -0.100000 0.000000 -0.000000
vn -0.100000 0.000000 -0.000000
vn -0.100000 0.000000 -0.000000
vn -0.000000 -0.100000 0.000000
vn -0.000000 -0.100000 0.000000
vn -0.000000 -0.100000 0.000000
vn -0.000000 -0.100000 0.000000
vn -0.000000 -0.100000 0.000000
vn -0.000000 -0.100000 0.000000
vn -0.000000 -0.100000 0.000000
vn -0.000000 -0.100000 0.000000
vn -0.000000 -0.100000 0.000000
vn -0.000000 -0.100000 0.000000
vn -0.000000 -0.000000 -0.100000
vn -0.000000 -0.000000 -0.100000
vn -0.000000 -0.000000 -0.100000
vn -0.000000 -0.000000 -0.100000
vn 0.000000 0.100000 -0.000000
vn 0.000000 0.100000 -0.000000
vn 0.100000 -0.000000 -0.000000
vn 0.100000 -0.000000 -0.000000
vn 0.100000 -0.000000 -0.000000
vn 0.100000 -0.000000 -0.000000
vn 0.100000 -0.000000 -0.000000
vn 0.100000 -0.000000 -0.000000
vn 0.100000 -0.000000 -0.000000
vn 0.100000 -0.000000 -0.000000
vn 0.100000 -0.000000 -0.000000
vn 0.100000 -0.000000 -0.000000
f 2995/4689/4393 2996/4690/4394 2998/4691/4395
f 2998/4691/4395 2996/4690/4394 2997/4692/4396
f 2997/4693/4397 2999/4694/4398 2998/4695/4399
f 2998/4695/4399 2999/4694/4398 3008/4696/4400
f 3008/4696/4400 2999/4694/4398 3006/4697/4401
f 3008/4696/4400 3006/4697/4401 3007/4698/4402
f 3006/4697/4401 2999/4694/4398 3002/4699/4403
f 3002/4699/4403 2999/4694/4398 3000/4700/4404
f 3002/4699/4403 3000/4700/4404 3001/4701/4405
f 3002/4699/4403 3003/4702/4406 3006/4697/4401
f 3006/4697/4401 3003/4702/4406 3005/4703/4407
f 3005/4703/4407 3003/4702/4406 3004/4704/4408
f 2998/4705/4409 3008/4706/4410 2995/4707/4411
f 2995/4707/4411 3008/4706/4410 3009/4708/4412
f 3010/4709/4413 3009/4710/4414 3007/4711/4415
f 3007/4711/4415 3009/4710/4414 3008/4712/4416
f 3011/4713/4417 3012/4714/4418 3000/4715/4419
f 3000/4715/4419 3012/4714/4418 3001/4716/4420
f 3012/4717/4421 3013/4718/4422 3001/4719/4423
f 3001/4719/4423 3013/4718/4422 3002/4720/4424
f 3014/4721/4425 3015/4722/4426 3004/4723/4427
f 3004/4723/4427 3015/4722/4426 3005/4724/4428
f 3015/4725/4429 3016/4726/4430 3005/4727/4431
f 3005/4727/4431 3016/4726/4430 3006/4728/4432
f 3018/4729/4433 3019/4730/4434 3017/4731/4435
f 3017/4731/4435 3019/4730/4434 3020/4732/4436
f 3021/4733/4437 3018/4734/4438 3032/4735/4439
f 3032/4735/4439 3018/4734/4438 3022/4736/4440
f 3032/4735/4439 3022/4736/4440 3031/4737/4441
f 3031/4737/4441 3022/4736/4440 3023/4738/4442
f 3031/4737/4441 3023/4738/4442 3030/4739/4443
f 3030/4739/4443 3023/4738/4442 3024/4740/4444
f 3030/4739/4443 3024/4740/4444 3029/4741/4445
f 3029/4741/4445 3024/4740/4444 3025/4742/4446
f 3029/4741/4445 3025/4742/4446 3028/4743/4447
f 3028/4743/4447 3025/4742/4446 3026/4744/4448
f 3028/4743/4447 3026/4744/4448 3003/4745/4449
f 3003/4745/4449 3026/4744/4448 3027/4746/4450
f 3038/4747/4451 3033/4748/4452 3040/4749/4453
f 3040/4749/4453 3033/4748/4452 3021/4750/4454
f 3040/4749/4453 3021/4750/4454 3039/4751/4455
f 3039/4751/4455 3021/4750/4454 3032/4752/4456
f 3039/4751/4455 3032/4752/4456 3041/4753/4457
f 3041/4753/4457 3032/4752/4456 3031/4754/4458
f 3041/4753/4457 3031/4754/4458 3043/4755/4459
f 3043/4755/4459 3031/4754/4458 3030/4756/4460
f 3043/4755/4459 3030/4756/4460 3045/4757/4461
f 3045/4757/4461 3030/4756/4460 3029/4758/4462
f 3045/4757/4461 3029/4758/4462 3047/4759/4463
f 3047/4759/4463 3029/4758/4462 3028/4760/4464
f 3047/4759/4463 3028/4760/4464 3003/4761/4406
f 3003/4761/4406 3002/4762/4403 3047/4759/4463
f 3047/4759/4463 3002/4762/4403 3048/4763/4465
f 3047/4759/4463 3048/4763/4465 3045/4757/4461
f 3045/4757/4461 3048/4763/4465 3046/4764/4466
f 3045/4757/4461 3046/4764/4466 3043/4755/4459
f 3043/4755/4459 3046/4764/4466 3044/4765/4467
f 3043/4755/4459 3044/4765/4467 3041/4753/4457
f 3041/4753/4457 3044/4765/4467 3042/4766/4468
f 3041/4753/4457 3042/4766/4468 3039/4751/4455
f 3039/4751/4455 3042/4766/4468 3040/4749/4453
f 3002/4762/4403 3034/4767/4469 3048/4763/4465
f 3048/4763/4465 3034/4767/4469 3046/4764/4466
f 3034/4767/4469 3035/4768/4470 3046/4764/4466
f 3046/4764/4466 3035/4768/4470 3044/4765/4467
f 3035/4768/4470 3036/4769/4471 3044/4765/4467
f 3044/4765/4467 3036/4769/4471 3042/4766/4468
f 3036/4769/4471 3037/4770/4472 3042/4766/4468
f 3042/4766/4468 3037/4770/4472 3040/4749/4453
f 3037/4770/4472 3038/4747/4451 3040/4749/4453
f 3017/4771/4473 3020/4772/4474 3033/4773/4475
f 3033/4773/4475 3020/4772/4474 3049/4774/4476
f 3021/4775/4437 3050/4776/4477 3018/4777/4438
f 3018/4777/4438 3050/4776/4477 3019/4778/4478
f 3018/4779/4433 3017/4780/4435 3022/4781/4479
f 3022/4781/4479 3017/4780/4435 3051/4782/4480
f 3022/4781/4479 3051/4782/4480 3023/4783/4481
f 3023/4783/4481 3051/4782/4480 3052/4784/4482
f 3023/4783/4481 3052/4784/4482 3024/4785/4483
f 3024/4785/4483 3052/4784/4482 3053/4786/4484
f 3024/4785/4483 3053/4786/4484 3025/4787/4485
f 3025/4787/4485 3053/4786/4484 3054/4788/4486
f 3025/4787/4485 3054/4788/4486 3026/4789/4487
f 3026/4789/4487 3054/4788/4486 3055/4790/4488
f 3026/4789/4487 3055/4790/4488 3027/4791/4489
f 3027/4791/4489 3055/4790/4488 3013/4792/4490
f 2996/4793/4491 3056/4794/4492 2997/4795/4493
f 2997/4795/4493 3056/4794/4492 2999/4796/4494
f 3007/4797/4495 3006/4798/4496 3010/4799/4497
f 3010/4799/4497 3006/4798/4496 3016/4800/4498
f 3033/4801/4452 3049/4802/4499 3021/4803/4454
f 3021/4803/4454 3049/4802/4499 3050/4804/4500
f 3050/4805/4501 3049/4806/4502 3019/4807/4503
f 3019/4807/4503 3049/4806/4502 3020/4808/4504
f 3033/4809/4475 3038/4810/4505 3017/4811/4473
f 3017/4811/4473 3038/4810/4505 3051/4812/4506
f 3051/4812/4506 3038/4810/4505 3037/4813/4507
f 3051/4812/4506 3037/4813/4507 3052/4814/4508
f 3052/4814/4508 3037/4813/4507 3036/4815/4509
f 3052/4814/4508 3036/4815/4509 3053/4816/4510
f 3053/4816/4510 3036/4815/4509 3035/4817/4511
f 3053/4816/4510 3035/4817/4511 3054/4818/4512
f 3054/4818/4512 3035/4817/4511 3034/4819/4513
f 3054/4818/4512 3034/4819/4513 3055/4820/4514
f 3055/4820/4514 3034/4819/4513 3002/4821/4424
f 3055/4820/4514 3002/4821/4424 3013/4822/4422
f 3000/4823/4515 2999/4824/4516 3011/4825/4517
f 3011/4825/4517 2999/4824/4516 3056/4826/4518
f 3004/4827/4519 3003/4828/4449 3014/4829/4520
f 3014/4829/4520 3003/4828/4449 3027/4830/4450
f 2996/4831/4521 2995/4832/4522 3056/4833/4523
f 3056/4833/4523 2995/4832/4522 3009/4834/4524
f 3056/4833/4523 3009/4834/4524 3016/4835/4525
f 3016/4835/4525 3009/4834/4524 3010/4836/4526
f 3015/4837/4527 3027/4838/4489 3016/4835/4525
f 3016/4835/4525 3027/4838/4489 3013/4839/4490
f 3016/4835/4525 3013/4839/4490 3056/4833/4523
f 3056/4833/4523 3013/4839/4490 3011/4840/4528
f 3011/4840/4528 3013/4839/4490 3012/4841/4529
f 3015/4837/4527 3014/4842/4530 3027/4838/4489
g Body4:1

v 7.794791 -8.950000 -3.500000
v 7.794791 -9.150000 -3.300000
v 7.444791 -9.150000 -3.300000
v 7.444791 -8.950000 -3.500000
v 7.444791 -9.150000 0.000000
v 7.444791 -9.385000 0.000000
v 7.444791 -9.585000 0.200000
v 7.444791 -9.585000 2.595509
v 7.444791 -8.185000 2.595509
v 7.444791 -8.185000 0.200000
v 7.444791 -8.385000 0.000000
v 7.444791 -8.620000 0.000000
v 7.444791 -8.620000 -3.300000
v 7.444791 -8.820000 -3.500000
v 7.794791 -8.820000 -3.500000
v 7.794791 -8.620000 -3.300000
v 7.794791 -9.385000 0.000000
v 7.794791 -9.585000 0.200000
v 7.794791 -9.585000 2.595509
v 7.794791 -8.185000 0.200000
v 7.794791 -8.385000 0.000000
v 7.794791 -8.620000 0.000000
v 7.344791 -9.585000 3.045509
v 7.344791 -8.185000 3.045509
v 5.339282 -8.185000 3.045509
v 5.339282 -9.585000 3.045509
v 7.344791 -8.185000 2.695509
v 7.461259 -8.185000 3.030175
v 7.569791 -8.185000 2.985220
v 7.662989 -8.185000 2.913707
v 7.734502 -8.185000 2.820509
v 7.779457 -8.185000 2.711977
v 7.794791 -8.185000 2.595509
v 7.441383 -8.185000 2.621391
v 7.431393 -8.185000 2.645509
v 7.415501 -8.185000 2.666220
v 7.394791 -8.185000 2.682111
v 7.370673 -8.185000 2.692101
v 7.344791 -9.585000 2.695509
v 7.441383 -9.585000 2.621391
v 7.431393 -9.585000 2.645509
v 7.415501 -9.585000 2.666220
v 7.394791 -9.585000 2.682111
v 7.370673 -9.585000 2.692101
v 7.370673 -8.651667 2.692101
v 7.370673 -9.118333 2.692101
v 7.394791 -8.651667 2.682111
v 7.394791 -9.118333 2.682111
v 7.415501 -8.651667 2.666220
v 7.415501 -9.118333 2.666220
v 7.431393 -8.651667 2.645509
v 7.431393 -9.118333 2.645509
v 7.441383 -8.651667 2.621391
v 7.441383 -9.118333 2.621391
v 5.339282 -9.585000 2.695509
v 5.339282 -8.185000 2.695509
v 7.461259 -9.585000 3.030175
v 7.569791 -9.585000 2.985220
v 7.662989 -9.585000 2.913707
v 7.734502 -9.585000 2.820509
v 7.779457 -9.585000 2.711977
v 7.794791 -9.150000 0.000000
vt 0.014142 0.017500 0.000000
vt -0.014142 0.017500 0.000000
vt 0.014142 -0.017500 0.000000
vt -0.014142 -0.017500 0.000000
vt -0.580000 -0.026500 0.000000
vt -0.250000 -0.026500 0.000000
vt -0.600000 -0.006500 0.000000
vt -0.600000 0.006500 0.000000
vt -0.250000 0.026500 0.000000
vt -0.580000 0.026500 0.000000
vt 0.009551 -0.070000 0.000000
vt -0.250000 -0.050000 0.000000
vt -0.230000 -0.070000 0.000000
vt 0.009551 0.070000 0.000000
vt -0.250000 0.050000 0.000000
vt -0.230000 0.070000 0.000000
vt -0.033000 -0.017500 0.000000
vt -0.020000 -0.017500 0.000000
vt -0.033000 0.017500 0.000000
vt -0.020000 0.017500 0.000000
vt 0.014142 0.017500 0.000000
vt -0.014142 0.017500 0.000000
vt 0.014142 -0.017500 0.000000
vt -0.014142 -0.017500 0.000000
vt 0.014142 0.017500 0.000000
vt -0.014142 0.017500 0.000000
vt 0.014142 -0.017500 0.000000
vt -0.014142 -0.017500 0.000000
vt -0.020000 0.017500 0.000000
vt -0.259551 0.017500 0.000000
vt -0.020000 -0.017500 0.000000
vt -0.259551 -0.017500 0.000000
vt 0.014142 0.017500 0.000000
vt -0.014142 0.017500 0.000000
vt 0.014142 -0.017500 0.000000
vt -0.014142 -0.017500 0.000000
vt -0.020000 0.017500 0.000000
vt -0.043500 0.017500 0.000000
vt -0.020000 -0.017500 0.000000
vt -0.043500 -0.017500 0.000000
vt -0.049449 0.070000 0.000000
vt -0.250000 0.070000 0.000000
vt -0.049449 -0.070000 0.000000
vt -0.250000 -0.070000 0.000000
vt -0.000000 0.000000 0.000000
vt 0.035000 -0.000000 0.000000
vt -0.000341 0.002588 0.000000
vt 0.033467 0.011647 0.000000
vt -0.001340 0.005000 0.000000
vt 0.028971 0.022500 0.000000
vt -0.002929 0.007071 0.000000
vt 0.021820 0.031820 0.000000
vt -0.005000 0.008660 0.000000
vt 0.012500 0.038971 0.000000
vt -0.007412 0.009659 0.000000
vt 0.001647 0.043467 0.000000
vt -0.010000 0.010000 0.000000
vt -0.010000 0.045000 0.000000
vt 0.070000 0.013090 0.000000
vt 0.070000 0.015708 0.000000
vt 0.023333 0.013090 0.000000
vt -0.070000 0.015708 0.000000
vt -0.023333 0.013090 0.000000
vt -0.070000 0.013090 0.000000
vt -0.023333 0.010472 0.000000
vt -0.070000 0.010472 0.000000
vt -0.023333 0.007854 0.000000
vt -0.070000 0.007854 0.000000
vt -0.023333 0.005236 0.000000
vt -0.070000 0.005236 0.000000
vt -0.023333 0.002618 0.000000
vt -0.070000 0.002618 0.000000
vt -0.070000 0.000000 0.000000
vt 0.070000 0.000000 0.000000
vt 0.023333 0.002618 0.000000
vt 0.023333 0.005236 0.000000
vt 0.023333 0.007854 0.000000
vt 0.023333 0.010472 0.000000
vt 0.070000 0.002618 0.000000
vt 0.070000 0.005236 0.000000
vt 0.070000 0.007854 0.000000
vt 0.070000 0.010472 0.000000
vt -0.299449 0.017500 0.000000
vt -0.500000 0.017500 0.000000
vt -0.299449 -0.017500 0.000000
vt -0.500000 -0.017500 0.000000
vt -0.200551 -0.017500 0.000000
vt -0.000000 -0.017500 0.000000
vt -0.200551 0.017500 0.000000
vt -0.000000 0.017500 0.000000
vt 0.070000 0.070686 0.000000
vt -0.070000 0.070686 0.000000
vt 0.070000 0.058905 0.000000
vt -0.070000 0.058905 0.000000
vt 0.070000 0.047124 0.000000
vt -0.070000 0.047124 0.000000
vt 0.070000 0.035343 0.000000
vt -0.070000 0.035343 0.000000
vt 0.070000 0.023562 0.000000
vt -0.070000 0.023562 0.000000
vt 0.070000 0.011781 0.000000
vt -0.070000 0.011781 0.000000
vt 0.070000 0.000000 0.000000
vt -0.070000 0.000000 0.000000
vt -0.020000 0.017500 0.000000
vt -0.350000 0.017500 0.000000
vt -0.020000 -0.017500 0.000000
vt -0.350000 -0.017500 0.000000
vt -0.330000 -0.017500 0.000000
vt -0.000000 -0.017500 0.000000
vt -0.330000 0.017500 0.000000
vt -0.000000 0.017500 0.000000
vt 0.049449 -0.070000 0.000000
vt 0.250000 -0.070000 0.000000
vt 0.049449 0.070000 0.000000
vt 0.250000 0.070000 0.000000
vt -0.140000 -0.017500 0.000000
vt -0.000000 -0.017500 0.000000
vt -0.140000 0.017500 0.000000
vt -0.000000 0.017500 0.000000
vt 0.035000 0.000000 0.000000
vt 0.035341 0.002588 0.000000
vt 0.000000 0.000000 0.000000
vt 0.001533 0.011647 0.000000
vt 0.036340 0.005000 0.000000
vt 0.006029 0.022500 0.000000
vt 0.037929 0.007071 0.000000
vt 0.013180 0.031820 0.000000
vt 0.040000 0.008660 0.000000
vt 0.022500 0.038971 0.000000
vt 0.042412 0.009659 0.000000
vt 0.033353 0.043467 0.000000
vt 0.045000 0.010000 0.000000
vt 0.045000 0.045000 0.000000
vt -0.120000 -0.017500 0.000000
vt -0.096500 -0.017500 0.000000
vt -0.120000 0.017500 0.000000
vt -0.096500 0.017500 0.000000
vt -0.480000 -0.017500 0.000000
vt -0.240449 -0.017500 0.000000
vt -0.480000 0.017500 0.000000
vt -0.240449 0.017500 0.000000
vt 0.580000 -0.026500 0.000000
vt 0.600000 -0.006500 0.000000
vt 0.250000 -0.026500 0.000000
vt 0.600000 0.006500 0.000000
vt 0.250000 0.026500 0.000000
vt 0.580000 0.026500 0.000000
vt 0.250000 0.050000 0.000000
vt -0.009551 0.070000 0.000000
vt -0.009551 -0.070000 0.000000
vt 0.250000 -0.050000 0.000000
vt 0.230000 -0.070000 0.000000
vt 0.230000 0.070000 0.000000
vn -0.000000 -0.070711 -0.070711
vn -0.000000 -0.070711 -0.070711
vn -0.000000 -0.070711 -0.070711
vn -0.000000 -0.070711 -0.070711
vn -0.100000 0.000000 0.000000
vn -0.100000 0.000000 0.000000
vn -0.100000 0.000000 0.000000
vn -0.100000 0.000000 0.000000
vn -0.100000 0.000000 0.000000
vn -0.100000 0.000000 0.000000
vn -0.100000 0.000000 0.000000
vn -0.100000 0.000000 0.000000
vn -0.100000 0.000000 0.000000
vn -0.100000 0.000000 0.000000
vn -0.100000 0.000000 0.000000
vn -0.100000 0.000000 0.000000
vn -0.000000 -0.000000 -0.100000
vn -0.000000 -0.000000 -0.100000
vn -0.000000 -0.000000 -0.100000
vn -0.000000 -0.000000 -0.100000
vn 0.000000 0.070711 -0.070711
vn 0.000000 0.070711 -0.070711
vn 0.000000 0.070711 -0.070711
vn 0.000000 0.070711 -0.070711
vn -0.000000 -0.070711 -0.070711
vn -0.000000 -0.070711 -0.070711
vn -0.000000 -0.070711 -0.070711
vn -0.000000 -0.070711 -0.070711
vn -0.000000 -0.100000 0.000000
vn -0.000000 -0.100000 0.000000
vn -0.000000 -0.100000 0.000000
vn -0.000000 -0.100000 0.000000
vn 0.000000 0.070711 -0.070711
vn 0.000000 0.070711 -0.070711
vn 0.000000 0.070711 -0.070711
vn 0.000000 0.070711 -0.070711
vn -0.000000 -0.000000 -0.100000
vn -0.000000 -0.000000 -0.100000
vn -0.000000 -0.000000 -0.100000
vn -0.000000 -0.000000 -0.100000
vn -0.000000 0.000000 0.100000
vn -0.000000 0.000000 0.100000
vn -0.000000 0.000000 0.100000
vn -0.000000 0.000000 0.100000
vn 0.000000 0.100000 -0.000000
vn 0.000000 0.100000 -0.000000
vn 0.000000 0.100000 -0.000000
vn 0.000000 0.100000 -0.000000
vn 0.000000 0.100000 -0.000000
vn 0.000000 0.100000 -0.000000
vn 0.000000 0.100000 -0.000000
vn 0.000000 0.100000 -0.000000
vn 0.000000 0.100000 -0.000000
vn 0.000000 0.100000 -0.000000
vn 0.000000 0.100000 -0.000000
vn 0.000000 0.100000 -0.000000
vn 0.000000 0.100000 -0.000000
vn 0.000000 0.100000 -0.000000
vn -0.025882 0.000000 -0.096593
vn -0.000000 -0.000000 -0.100000
vn -0.025882 0.000000 -0.096593
vn -0.000000 -0.000000 -0.100000
vn -0.025882 0.000000 -0.096593
vn -0.025882 0.000000 -0.096593
vn -0.050000 0.000000 -0.086603
vn -0.050000 0.000000 -0.086603
vn -0.070711 0.000000 -0.070711
vn -0.070711 0.000000 -0.070711
vn -0.086603 0.000000 -0.050000
vn -0.086603 0.000000 -0.050000
vn -0.096593 0.000000 -0.025882
vn -0.096593 0.000000 -0.025882
vn -0.096593 0.000000 -0.025882
vn -0.086603 0.000000 -0.050000
vn -0.070711 0.000000 -0.070711
vn -0.050000 0.000000 -0.086603
vn -0.096593 0.000000 -0.025882
vn -0.086603 0.000000 -0.050000
vn -0.070711 0.000000 -0.070711
vn -0.050000 0.000000 -0.086603
vn -0.000000 -0.100000 0.000000
vn -0.000000 -0.100000 0.000000
vn -0.000000 -0.100000 0.000000
vn -0.000000 -0.100000 0.000000
vn 0.000000 0.100000 -0.000000
vn 0.000000 0.100000 -0.000000
vn 0.025882 -0.000000 0.096593
vn 0.025882 -0.000000 0.096593
vn 0.050000 -0.000000 0.086603
vn 0.050000 -0.000000 0.086603
vn 0.070711 -0.000000 0.070711
vn 0.070711 -0.000000 0.070711
vn 0.086603 -0.000000 0.050000
vn 0.086603 -0.000000 0.050000
vn 0.096593 -0.000000 0.025882
vn 0.096593 -0.000000 0.025882
vn 0.100000 -0.000000 -0.000000
vn 0.100000 -0.000000 -0.000000
vn -0.000000 -0.100000 0.000000
vn -0.000000 -0.100000 0.000000
vn -0.000000 -0.100000 0.000000
vn -0.000000 -0.100000 0.000000
vn 0.000000 0.100000 -0.000000
vn 0.000000 0.100000 -0.000000
vn 0.000000 0.100000 -0.000000
vn 0.000000 0.100000 -0.000000
vn 0.000000 -0.000000 -0.100000
vn 0.000000 -0.000000 -0.100000
vn -0.100000 0.000000 -0.000000
vn -0.100000 0.000000 -0.000000
vn -0.100000 0.000000 -0.000000
vn -0.100000 0.000000 -0.000000
vn -0.000000 -0.100000 0.000000
vn -0.000000 -0.100000 0.000000
vn -0.000000 -0.100000 0.000000
vn -0.000000 -0.100000 0.000000
vn -0.000000 -0.100000 0.000000
vn -0.000000 -0.100000 0.000000
vn -0.000000 -0.100000 0.000000
vn -0.000000 -0.100000 0.000000
vn -0.000000 -0.100000 0.000000
vn -0.000000 -0.100000 0.000000
vn -0.000000 -0.000000 -0.100000
vn -0.000000 -0.000000 -0.100000
vn -0.000000 -0.000000 -0.100000
vn -0.000000 -0.000000 -0.100000
vn 0.000000 0.100000 -0.000000
vn 0.000000 0.100000 -0.000000
vn 0.100000 -0.000000 -0.000000
vn 0.100000 -0.000000 -0.000000
vn 0.100000 -0.000000 -0.000000
vn 0.100000 -0.000000 -0.000000
vn 0.100000 -0.000000 -0.000000
vn 0.100000 -0.000000 -0.000000
vn 0.100000 -0.000000 -0.000000
vn 0.100000 -0.000000 -0.000000
vn 0.100000 -0.000000 -0.000000
vn 0.100000 -0.000000 -0.000000
f 3057/4843/4531 3058/4844/4532 3060/4845/4533
f 3060/4845/4533 3058/4844/4532 3059/4846/4534
f 3059/4847/4535 3061/4848/4536 3060/4849/4537
f 3060/4849/4537 3061/4848/4536 3070/4850/4538
f 3070/4850/4538 3061/4848/4536 3068/4851/4539
f 3070/4850/4538 3068/4851/4539 3069/4852/4540
f 3068/4851/4539 3061/4848/4536 3064/4853/4541
f 3064/4853/4541 3061/4848/4536 3062/4854/4542
f 3064/4853/4541 3062/4854/4542 3063/4855/4543
f 3064/4853/4541 3065/4856/4544 3068/4851/4539
f 3068/4851/4539 3065/4856/4544 3067/4857/4545
f 3067/4857/4545 3065/4856/4544 3066/4858/4546
f 3060/4859/4547 3070/4860/4548 3057/4861/4549
f 3057/4861/4549 3070/4860/4548 3071/4862/4550
f 3072/4863/4551 3071/4864/4552 3069/4865/4553
f 3069/4865/4553 3071/4864/4552 3070/4866/4554
f 3073/4867/4555 3074/4868/4556 3062/4869/4557
f 3062/4869/4557 3074/4868/4556 3063/4870/4558
f 3074/4871/4559 3075/4872/4560 3063/4873/4561
f 3063/4873/4561 3075/4872/4560 3064/4874/4562
f 3076/4875/4563 3077/4876/4564 3066/4877/4565
f 3066/4877/4565 3077/4876/4564 3067/4878/4566
f 3077/4879/4567 3078/4880/4568 3067/4881/4569
f 3067/4881/4569 3078/4880/4568 3068/4882/4570
f 3080/4883/4571 3081/4884/4572 3079/4885/4573
f 3079/4885/4573 3081/4884/4572 3082/4886/4574
f 3083/4887/4575 3080/4888/4576 3094/4889/4577
f 3094/4889/4577 3080/4888/4576 3084/4890/4578
f 3094/4889/4577 3084/4890/4578 3093/4891/4579
f 3093/4891/4579 3084/4890/4578 3085/4892/4580
f 3093/4891/4579 3085/4892/4580 3092/4893/4581
f 3092/4893/4581 3085/4892/4580 3086/4894/4582
f 3092/4893/4581 3086/4894/4582 3091/4895/4583
f 3091/4895/4583 3086/4894/4582 3087/4896/4584
f 3091/4895/4583 3087/4896/4584 3090/4897/4585
f 3090/4897/4585 3087/4896/4584 3088/4898/4586
f 3090/4897/4585 3088/4898/4586 3065/4899/4587
f 3065/4899/4587 3088/4898/4586 3089/4900/4588
f 3100/4901/4589 3095/4902/4590 3102/4903/4591
f 3102/4903/4591 3095/4902/4590 3083/4904/4592
f 3102/4903/4591 3083/4904/4592 3101/4905/4593
f 3101/4905/4593 3083/4904/4592 3094/4906/4594
f 3101/4905/4593 3094/4906/4594 3103/4907/4595
f 3103/4907/4595 3094/4906/4594 3093/4908/4596
f 3103/4907/4595 3093/4908/4596 3105/4909/4597
f 3105/4909/4597 3093/4908/4596 3092/4910/4598
f 3105/4909/4597 3092/4910/4598 3107/4911/4599
f 3107/4911/4599 3092/4910/4598 3091/4912/4600
f 3107/4911/4599 3091/4912/4600 3109/4913/4601
f 3109/4913/4601 3091/4912/4600 3090/4914/4602
f 3109/4913/4601 3090/4914/4602 3065/4915/4544
f 3065/4915/4544 3064/4916/4541 3109/4913/4601
f 3109/4913/4601 3064/4916/4541 3110/4917/4603
f 3109/4913/4601 3110/4917/4603 3107/4911/4599
f 3107/4911/4599 3110/4917/4603 3108/4918/4604
f 3107/4911/4599 3108/4918/4604 3105/4909/4597
f 3105/4909/4597 3108/4918/4604 3106/4919/4605
f 3105/4909/4597 3106/4919/4605 3103/4907/4595
f 3103/4907/4595 3106/4919/4605 3104/4920/4606
f 3103/4907/4595 3104/4920/4606 3101/4905/4593
f 3101/4905/4593 3104/4920/4606 3102/4903/4591
f 3064/4916/4541 3096/4921/4607 3110/4917/4603
f 3110/4917/4603 3096/4921/4607 3108/4918/4604
f 3096/4921/4607 3097/4922/4608 3108/4918/4604
f 3108/4918/4604 3097/4922/4608 3106/4919/4605
f 3097/4922/4608 3098/4923/4609 3106/4919/4605
f 3106/4919/4605 3098/4923/4609 3104/4920/4606
f 3098/4923/4609 3099/4924/4610 3104/4920/4606
f 3104/4920/4606 3099/4924/4610 3102/4903/4591
f 3099/4924/4610 3100/4901/4589 3102/4903/4591
f 3079/4925/4611 3082/4926/4612 3095/4927/4613
f 3095/4927/4613 3082/4926/4612 3111/4928/4614
f 3083/4929/4575 3112/4930/4615 3080/4931/4576
f 3080/4931/4576 3112/4930/4615 3081/4932/4616
f 3080/4933/4571 3079/4934/4573 3084/4935/4617
f 3084/4935/4617 3079/4934/4573 3113/4936/4618
f 3084/4935/4617 3113/4936/4618 3085/4937/4619
f 3085/4937/4619 3113/4936/4618 3114/4938/4620
f 3085/4937/4619 3114/4938/4620 3086/4939/4621
f 3086/4939/4621 3114/4938/4620 3115/4940/4622
f 3086/4939/4621 3115/4940/4622 3087/4941/4623
f 3087/4941/4623 3115/4940/4622 3116/4942/4624
f 3087/4941/4623 3116/4942/4624 3088/4943/4625
f 3088/4943/4625 3116/4942/4624 3117/4944/4626
f 3088/4943/4625 3117/4944/4626 3089/4945/4627
f 3089/4945/4627 3117/4944/4626 3075/4946/4628
f 3058/4947/4629 3118/4948/4630 3059/4949/4631
f 3059/4949/4631 3118/4948/4630 3061/4950/4632
f 3069/4951/4633 3068/4952/4634 3072/4953/4635
f 3072/4953/4635 3068/4952/4634 3078/4954/4636
f 3095/4955/4590 3111/4956/4637 3083/4957/4592
f 3083/4957/4592 3111/4956/4637 3112/4958/4638
f 3112/4959/4639 3111/4960/4640 3081/4961/4641
f 3081/4961/4641 3111/4960/4640 3082/4962/4642
f 3095/4963/4613 3100/4964/4643 3079/4965/4611
f 3079/4965/4611 3100/4964/4643 3113/4966/4644
f 3113/4966/4644 3100/4964/4643 3099/4967/4645
f 3113/4966/4644 3099/4967/4645 3114/4968/4646
f 3114/4968/4646 3099/4967/4645 3098/4969/4647
f 3114/4968/4646 3098/4969/4647 3115/4970/4648
f 3115/4970/4648 3098/4969/4647 3097/4971/4649
f 3115/4970/4648 3097/4971/4649 3116/4972/4650
f 3116/4972/4650 3097/4971/4649 3096/4973/4651
f 3116/4972/4650 3096/4973/4651 3117/4974/4652
f 3117/4974/4652 3096/4973/4651 3064/4975/4562
f 3117/4974/4652 3064/4975/4562 3075/4976/4560
f 3062/4977/4653 3061/4978/4654 3073/4979/4655
f 3073/4979/4655 3061/4978/4654 3118/4980/4656
f 3066/4981/4657 3065/4982/4587 3076/4983/4658
f 3076/4983/4658 3065/4982/4587 3089/4984/4588
f 3058/4985/4659 3057/4986/4660 3118/4987/4661
f 3118/4987/4661 3057/4986/4660 3071/4988/4662
f 3118/4987/4661 3071/4988/4662 3078/4989/4663
f 3078/4989/4663 3071/4988/4662 3072/4990/4664
f 3077/4991/4665 3089/4992/4627 3078/4989/4663
f 3078/4989/4663 3089/4992/4627 3075/4993/4628
f 3078/4989/4663 3075/4993/4628 3118/4987/4661
f 3118/4987/4661 3075/4993/4628 3073/4994/4666
f 3073/4994/4666 3075/4993/4628 3074/4995/4667
f 3077/4991/4665 3076/4996/4668 3089/4992/4627
g Body5:1

v 7.794791 -6.410000 -3.500000
v 7.794791 -6.610000 -3.300000
v 7.444791 -6.610000 -3.300000
v 7.444791 -6.410000 -3.500000
v 7.444791 -6.610000 0.000000
v 7.444791 -6.845000 0.000000
v 7.444791 -7.045000 0.200000
v 7.444791 -7.045000 2.595509
v 7.444791 -5.645000 2.595509
v 7.444791 -5.645000 0.200000
v 7.444791 -5.845000 0.000000
v 7.444791 -6.080000 0.000000
v 7.444791 -6.080000 -3.300000
v 7.444791 -6.280000 -3.500000
v 7.794791 -6.280000 -3.500000
v 7.794791 -6.080000 -3.300000
v 7.794791 -6.845000 0.000000
v 7.794791 -7.045000 0.200000
v 7.794791 -7.045000 2.595509
v 7.794791 -5.645000 0.200000
v 7.794791 -5.845000 0.000000
v 7.794791 -6.080000 0.000000
v 7.344791 -7.045000 3.045509
v 7.344791 -5.645000 3.045509
v 5.339282 -5.645000 3.045509
v 5.339282 -7.045000 3.045509
v 7.344791 -5.645000 2.695509
v 7.461259 -5.645000 3.030175
v 7.569791 -5.645000 2.985220
v 7.662989 -5.645000 2.913707
v 7.734502 -5.645000 2.820509
v 7.779457 -5.645000 2.711977
v 7.794791 -5.645000 2.595509
v 7.441383 -5.645000 2.621391
v 7.431393 -5.645000 2.645509
v 7.415501 -5.645000 2.666220
v 7.394791 -5.645000 2.682111
v 7.370673 -5.645000 2.692101
v 7.344791 -7.045000 2.695509
v 7.441383 -7.045000 2.621391
v 7.431393 -7.045000 2.645509
v 7.415501 -7.045000 2.666220
v 7.394791 -7.045000 2.682111
v 7.370673 -7.045000 2.692101
v 7.370673 -6.111667 2.692101
v 7.370673 -6.578333 2.692101
v 7.394791 -6.111667 2.682111
v 7.394791 -6.578333 2.682111
v 7.415501 -6.111667 2.666220
v 7.415501 -6.578333 2.666220
v 7.431393 -6.111667 2.645509
v 7.431393 -6.578333 2.645509
v 7.441383 -6.111667 2.621391
v 7.441383 -6.578333 2.621391
v 5.339282 -7.045000 2.695509
v 5.339282 -5.645000 2.695509
v 7.461259 -7.045000 3.030175
v 7.569791 -7.045000 2.985220
v 7.662989 -7.045000 2.913707
v 7.734502 -7.045000 2.820509
v 7.779457 -7.045000 2.711977
v 7.794791 -6.610000 0.000000
vt 0.014142 0.017500 0.000000
vt -0.014142 0.017500 0.000000
vt 0.014142 -0.017500 0.000000
vt -0.014142 -0.017500 0.000000
vt -0.580000 -0.026500 0.000000
vt -0.250000 -0.026500 0.000000
vt -0.600000 -0.006500 0.000000
vt -0.600000 0.006500 0.000000
vt -0.250000 0.026500 0.000000
vt -0.580000 0.026500 0.000000
vt 0.009551 -0.070000 0.000000
vt -0.250000 -0.050000 0.000000
vt -0.230000 -0.070000 0.000000
vt 0.009551 0.070000 0.000000
vt -0.250000 0.050000 0.000000
vt -0.230000 0.070000 0.000000
vt -0.033000 -0.017500 0.000000
vt -0.020000 -0.017500 0.000000
vt -0.033000 0.017500 0.000000
vt -0.020000 0.017500 0.000000
vt 0.014142 0.017500 0.000000
vt -0.014142 0.017500 0.000000
vt 0.014142 -0.017500 0.000000
vt -0.014142 -0.017500 0.000000
vt 0.014142 0.017500 0.000000
vt -0.014142 0.017500 0.000000
vt 0.014142 -0.017500 0.000000
vt -0.014142 -0.017500 0.000000
vt -0.020000 0.017500 0.000000
vt -0.259551 0.017500 0.000000
vt -0.020000 -0.017500 0.000000
vt -0.259551 -0.017500 0.000000
vt 0.014142 0.017500 0.000000
vt -0.014142 0.017500 0.000000
vt 0.014142 -0.017500 0.000000
vt -0.014142 -0.017500 0.000000
vt -0.020000 0.017500 0.000000
vt -0.043500 0.017500 0.000000
vt -0.020000 -0.017500 0.000000
vt -0.043500 -0.017500 0.000000
vt -0.049449 0.070000 0.000000
vt -0.250000 0.070000 0.000000
vt -0.049449 -0.070000 0.000000
vt -0.250000 -0.070000 0.000000
vt -0.000000 0.000000 0.000000
vt 0.035000 -0.000000 0.000000
vt -0.000341 0.002588 0.000000
vt 0.033467 0.011647 0.000000
vt -0.001340 0.005000 0.000000
vt 0.028971 0.022500 0.000000
vt -0.002929 0.007071 0.000000
vt 0.021820 0.031820 0.000000
vt -0.005000 0.008660 0.000000
vt 0.012500 0.038971 0.000000
vt -0.007412 0.009659 0.000000
vt 0.001647 0.043467 0.000000
vt -0.010000 0.010000 0.000000
vt -0.010000 0.045000 0.000000
vt 0.070000 0.013090 0.000000
vt 0.070000 0.015708 0.000000
vt 0.023333 0.013090 0.000000
vt -0.070000 0.015708 0.000000
vt -0.023333 0.013090 0.000000
vt -0.070000 0.013090 0.000000
vt -0.023333 0.010472 0.000000
vt -0.070000 0.010472 0.000000
vt -0.023333 0.007854 0.000000
vt -0.070000 0.007854 0.000000
vt -0.023333 0.005236 0.000000
vt -0.070000 0.005236 0.000000
vt -0.023333 0.002618 0.000000
vt -0.070000 0.002618 0.000000
vt -0.070000 0.000000 0.000000
vt 0.070000 0.000000 0.000000
vt 0.023333 0.002618 0.000000
vt 0.023333 0.005236 0.000000
vt 0.023333 0.007854 0.000000
vt 0.023333 0.010472 0.000000
vt 0.070000 0.002618 0.000000
vt 0.070000 0.005236 0.000000
vt 0.070000 0.007854 0.000000
vt 0.070000 0.010472 0.000000
vt -0.299449 0.017500 0.000000
vt -0.500000 0.017500 0.000000
vt -0.299449 -0.017500 0.000000
vt -0.500000 -0.017500 0.000000
vt -0.200551 -0.017500 0.000000
vt -0.000000 -0.017500 0.000000
vt -0.200551 0.017500 0.000000
vt -0.000000 0.017500 0.000000
vt 0.070000 0.070686 0.000000
vt -0.070000 0.070686 0.000000
vt 0.070000 0.058905 0.000000
vt -0.070000 0.058905 0.000000
vt 0.070000 0.047124 0.000000
vt -0.070000 0.047124 0.000000
vt 0.070000 0.035343 0.000000
vt -0.070000 0.035343 0.000000
vt 0.070000 0.023562 0.000000
vt -0.070000 0.023562 0.000000
vt 0.070000 0.011781 0.000000
vt -0.070000 0.011781 0.000000
vt 0.070000 0.000000 0.000000
vt -0.070000 0.000000 0.000000
vt -0.020000 0.017500 0.000000
vt -0.350000 0.017500 0.000000
vt -0.020000 -0.017500 0.000000
vt -0.350000 -0.017500 0.000000
vt -0.330000 -0.017500 0.000000
vt -0.000000 -0.017500 0.000000
vt -0.330000 0.017500 0.000000
vt -0.000000 0.017500 0.000000
vt 0.049449 -0.070000 0.000000
vt 0.250000 -0.070000 0.000000
vt 0.049449 0.070000 0.000000
vt 0.250000 0.070000 0.000000
vt -0.140000 -0.017500 0.000000
vt -0.000000 -0.017500 0.000000
vt -0.140000 0.017500 0.000000
vt -0.000000 0.017500 0.000000
vt 0.035000 0.000000 0.000000
vt 0.035341 0.002588 0.000000
vt 0.000000 0.000000 0.000000
vt 0.001533 0.011647 0.000000
vt 0.036340 0.005000 0.000000
vt 0.006029 0.022500 0.000000
vt 0.037929 0.007071 0.000000
vt 0.013180 0.031820 0.000000
vt 0.040000 0.008660 0.000000
vt 0.022500 0.038971 0.000000
vt 0.042412 0.009659 0.000000
vt 0.033353 0.043467 0.000000
vt 0.045000 0.010000 0.000000
vt 0.045000 0.045000 0.000000
vt -0.120000 -0.017500 0.000000
vt -0.096500 -0.017500 0.000000
vt -0.120000 0.017500 0.000000
vt -0.096500 0.017500 0.000000
vt -0.480000 -0.017500 0.000000
vt -0.240449 -0.017500 0.000000
vt -0.480000 0.017500 0.000000
vt -0.240449 0.017500 0.000000
vt 0.580000 -0.026500 0.000000
vt 0.600000 -0.006500 0.000000
vt 0.250000 -0.026500 0.000000
vt 0.600000 0.006500 0.000000
vt 0.250000 0.026500 0.000000
vt 0.580000 0.026500 0.000000
vt 0.250000 0.050000 0.000000
vt -0.009551 0.070000 0.000000
vt -0.009551 -0.070000 0.000000
vt 0.250000 -0.050000 0.000000
vt 0.230000 -0.070000 0.000000
vt 0.230000 0.070000 0.000000
vn -0.000000 -0.070711 -0.070711
vn -0.000000 -0.070711 -0.070711
vn -0.000000 -0.070711 -0.070711
vn -0.000000 -0.070711 -0.070711
vn -0.100000 0.000000 0.000000
vn -0.100000 0.000000 0.000000
vn -0.100000 0.000000 0.000000
vn -0.100000 0.000000 0.000000
vn -0.100000 0.000000 0.000000
vn -0.100000 0.000000 0.000000
vn -0.100000 0.000000 0.000000
vn -0.100000 0.000000 0.000000
vn -0.100000 0.000000 0.000000
vn -0.100000 0.000000 0.000000
vn -0.100000 0.000000 0.000000
vn -0.100000 0.000000 0.000000
vn -0.000000 -0.000000 -0.100000
vn -0.000000 -0.000000 -0.100000
vn -0.000000 -0.000000 -0.100000
vn -0.000000 -0.000000 -0.100000
vn 0.000000 0.070711 -0.070711
vn 0.000000 0.070711 -0.070711
vn 0.000000 0.070711 -0.070711
vn 0.000000 0.070711 -0.070711
vn -0.000000 -0.070711 -0.070711
vn -0.000000 -0.070711 -0.070711
vn -0.000000 -0.070711 -0.070711
vn -0.000000 -0.070711 -0.070711
vn -0.000000 -0.100000 0.000000
vn -0.000000 -0.100000 0.000000
vn -0.000000 -0.100000 0.000000
vn -0.000000 -0.100000 0.000000
vn 0.000000 0.070711 -0.070711
vn 0.000000 0.070711 -0.070711
vn 0.000000 0.070711 -0.070711
vn 0.000000 0.070711 -0.070711
vn -0.000000 -0.000000 -0.100000
vn -0.000000 -0.000000 -0.100000
vn -0.000000 -0.000000 -0.100000
vn -0.000000 -0.000000 -0.100000
vn -0.000000 0.000000 0.100000
vn -0.000000 0.000000 0.100000
vn -0.000000 0.000000 0.100000
vn -0.000000 0.000000 0.100000
vn 0.000000 0.100000 -0.000000
vn 0.000000 0.100000 -0.000000
vn 0.000000 0.100000 -0.000000
vn 0.000000 0.100000 -0.000000
vn 0.000000 0.100000 -0.000000
vn 0.000000 0.100000 -0.000000
vn 0.000000 0.100000 -0.000000
vn 0.000000 0.100000 -0.000000
vn 0.000000 0.100000 -0.000000
vn 0.000000 0.100000 -0.000000
vn 0.000000 0.100000 -0.000000
vn 0.000000 0.100000 -0.000000
vn 0.000000 0.100000 -0.000000
vn 0.000000 0.100000 -0.000000
vn -0.025882 0.000000 -0.096593
vn -0.000000 -0.000000 -0.100000
vn -0.025882 0.000000 -0.096593
vn -0.000000 -0.000000 -0.100000
vn -0.025882 0.000000 -0.096593
vn -0.025882 0.000000 -0.096593
vn -0.050000 0.000000 -0.086603
vn -0.050000 0.000000 -0.086603
vn -0.070711 0.000000 -0.070711
vn -0.070711 0.000000 -0.070711
vn -0.086603 0.000000 -0.050000
vn -0.086603 0.000000 -0.050000
vn -0.096593 0.000000 -0.025882
vn -0.096593 0.000000 -0.025882
vn -0.096593 0.000000 -0.025882
vn -0.086603 0.000000 -0.050000
vn -0.070711 0.000000 -0.070711
vn -0.050000 0.000000 -0.086603
vn -0.096593 0.000000 -0.025882
vn -0.086603 0.000000 -0.050000
vn -0.070711 0.000000 -0.070711
vn -0.050000 0.000000 -0.086603
vn -0.000000 -0.100000 0.000000
vn -0.000000 -0.100000 0.000000
vn -0.000000 -0.100000 0.000000
vn -0.000000 -0.100000 0.000000
vn 0.000000 0.100000 -0.000000
vn 0.000000 0.100000 -0.000000
vn 0.025882 -0.000000 0.096593
vn 0.025882 -0.000000 0.096593
vn 0.050000 -0.000000 0.086603
vn 0.050000 -0.000000 0.086603
vn 0.070711 -0.000000 0.070711
vn 0.070711 -0.000000 0.070711
vn 0.086603 -0.000000 0.050000
vn 0.086603 -0.000000 0.050000
vn 0.096593 -0.000000 0.025882
vn 0.096593 -0.000000 0.025882
vn 0.100000 -0.000000 -0.000000
vn 0.100000 -0.000000 -0.000000
vn -0.000000 -0.100000 0.000000
vn -0.000000 -0.100000 0.000000
vn -0.000000 -0.100000 0.000000
vn -0.000000 -0.100000 0.000000
vn 0.000000 0.100000 -0.000000
vn 0.000000 0.100000 -0.000000
vn 0.000000 0.100000 -0.000000
vn 0.000000 0.100000 -0.000000
vn 0.000000 -0.000000 -0.100000
vn 0.000000 -0.000000 -0.100000
vn -0.100000 0.000000 -0.000000
vn -0.100000 0.000000 -0.000000
vn -0.100000 0.000000 -0.000000
vn -0.100000 0.000000 -0.000000
vn -0.000000 -0.100000 0.000000
vn -0.000000 -0.100000 0.000000
vn -0.000000 -0.100000 0.000000
vn -0.000000 -0.100000 0.000000
vn -0.000000 -0.100000 0.000000
vn -0.000000 -0.100000 0.000000
vn -0.000000 -0.100000 0.000000
vn -0.000000 -0.100000 0.000000
vn -0.000000 -0.100000 0.000000
vn -0.000000 -0.100000 0.000000
vn -0.000000 -0.000000 -0.100000
vn -0.000000 -0.000000 -0.100000
vn -0.000000 -0.000000 -0.100000
vn -0.000000 -0.000000 -0.100000
vn 0.000000 0.100000 -0.000000
vn 0.000000 0.100000 -0.000000
vn 0.100000 -0.000000 -0.000000
vn 0.100000 -0.000000 -0.000000
vn 0.100000 -0.000000 -0.000000
vn 0.100000 -0.000000 -0.000000
vn 0.100000 -0.000000 -0.000000
vn 0.100000 -0.000000 -0.000000
vn 0.100000 -0.000000 -0.000000
vn 0.100000 -0.000000 -0.000000
vn 0.100000 -0.000000 -0.000000
vn 0.100000 -0.000000 -0.000000
f 3119/4997/4669 3120/4998/4670 3122/4999/4671
f 3122/4999/4671 3120/4998/4670 3121/5000/4672
f 3121/5001/4673 3123/5002/4674 3122/5003/4675
f 3122/5003/4675 3123/5002/4674 3132/5004/4676
f 3132/5004/4676 3123/5002/4674 3130/5005/4677
f 3132/5004/4676 3130/5005/4677 3131/5006/4678
f 3130/5005/4677 3123/5002/4674 3126/5007/4679
f 3126/5007/4679 3123/5002/4674 3124/5008/4680
f 3126/5007/4679 3124/5008/4680 3125/5009/4681
f 3126/5007/4679 3127/5010/4682 3130/5005/4677
f 3130/5005/4677 3127/5010/4682 3129/5011/4683
f 3129/5011/4683 3127/5010/4682 3128/5012/4684
f 3122/5013/4685 3132/5014/4686 3119/5015/4687
f 3119/5015/4687 3132/5014/4686 3133/5016/4688
f 3134/5017/4689 3133/5018/4690 3131/5019/4691
f 3131/5019/4691 3133/5018/4690 3132/5020/4692
f 3135/5021/4693 3136/5022/4694 3124/5023/4695
f 3124/5023/4695 3136/5022/4694 3125/5024/4696
f 3136/5025/4697 3137/5026/4698 3125/5027/4699
f 3125/5027/4699 3137/5026/4698 3126/5028/4700
f 3138/5029/4701 3139/5030/4702 3128/5031/4703
f 3128/5031/4703 3139/5030/4702 3129/5032/4704
f 3139/5033/4705 3140/5034/4706 3129/5035/4707
f 3129/5035/4707 3140/5034/4706 3130/5036/4708
f 3142/5037/4709 3143/5038/4710 3141/5039/4711
f 3141/5039/4711 3143/5038/4710 3144/5040/4712
f 3145/5041/4713 3142/5042/4714 3156/5043/4715
f 3156/5043/4715 3142/5042/4714 3146/5044/4716
f 3156/5043/4715 3146/5044/4716 3155/5045/4717
f 3155/5045/4717 3146/5044/4716 3147/5046/4718
f 3155/5045/4717 3147/5046/4718 3154/5047/4719
f 3154/5047/4719 3147/5046/4718 3148/5048/4720
f 3154/5047/4719 3148/5048/4720 3153/5049/4721
f 3153/5049/4721 3148/5048/4720 3149/5050/4722
f 3153/5049/4721 3149/5050/4722 3152/5051/4723
f 3152/5051/4723 3149/5050/4722 3150/5052/4724
f 3152/5051/4723 3150/5052/4724 3127/5053/4725
f 3127/5053/4725 3150/5052/4724 3151/5054/4726
f 3162/5055/4727 3157/5056/4728 3164/5057/4729
f 3164/5057/4729 3157/5056/4728 3145/5058/4730
f 3164/5057/4729 3145/5058/4730 3163/5059/4731
f 3163/5059/4731 3145/5058/4730 3156/5060/4732
f 3163/5059/4731 3156/5060/4732 3165/5061/4733
f 3165/5061/4733 3156/5060/4732 3155/5062/4734
f 3165/5061/4733 3155/5062/4734 3167/5063/4735
f 3167/5063/4735 3155/5062/4734 3154/5064/4736
f 3167/5063/4735 3154/5064/4736 3169/5065/4737
f 3169/5065/4737 3154/5064/4736 3153/5066/4738
f 3169/5065/4737 3153/5066/4738 3171/5067/4739
f 3171/5067/4739 3153/5066/4738 3152/5068/4740
f 3171/5067/4739 3152/5068/4740 3127/5069/4682
f 3127/5069/4682 3126/5070/4679 3171/5067/4739
f 3171/5067/4739 3126/5070/4679 3172/5071/4741
f 3171/5067/4739 3172/5071/4741 3169/5065/4737
f 3169/5065/4737 3172/5071/4741 3170/5072/4742
f 3169/5065/4737 3170/5072/4742 3167/5063/4735
f 3167/5063/4735 3170/5072/4742 3168/5073/4743
f 3167/5063/4735 3168/5073/4743 3165/5061/4733
f 3165/5061/4733 3168/5073/4743 3166/5074/4744
f 3165/5061/4733 3166/5074/4744 3163/5059/4731
f 3163/5059/4731 3166/5074/4744 3164/5057/4729
f 3126/5070/4679 3158/5075/4745 3172/5071/4741
f 3172/5071/4741 3158/5075/4745 3170/5072/4742
f 3158/5075/4745 3159/5076/4746 3170/5072/4742
f 3170/5072/4742 3159/5076/4746 3168/5073/4743
f 3159/5076/4746 3160/5077/4747 3168/5073/4743
f 3168/5073/4743 3160/5077/4747 3166/5074/4744
f 3160/5077/4747 3161/5078/4748 3166/5074/4744
f 3166/5074/4744 3161/5078/4748 3164/5057/4729
f 3161/5078/4748 3162/5055/4727 3164/5057/4729
f 3141/5079/4749 3144/5080/4750 3157/5081/4751
f 3157/5081/4751 3144/5080/4750 3173/5082/4752
f 3145/5083/4713 3174/5084/4753 3142/5085/4714
f 3142/5085/4714 3174/5084/4753 3143/5086/4754
f 3142/5087/4709 3141/5088/4711 3146/5089/4755
f 3146/5089/4755 3141/5088/4711 3175/5090/4756
f 3146/5089/4755 3175/5090/4756 3147/5091/4757
f 3147/5091/4757 3175/5090/4756 3176/5092/4758
f 3147/5091/4757 3176/5092/4758 3148/5093/4759
f 3148/5093/4759 3176/5092/4758 3177/5094/4760
f 3148/5093/4759 3177/5094/4760 3149/5095/4761
f 3149/5095/4761 3177/5094/4760 3178/5096/4762
f 3149/5095/4761 3178/5096/4762 3150/5097/4763
f 3150/5097/4763 3178/5096/4762 3179/5098/4764
f 3150/5097/4763 3179/5098/4764 3151/5099/4765
f 3151/5099/4765 3179/5098/4764 3137/5100/4766
f 3120/5101/4767 3180/5102/4768 3121/5103/4769
f 3121/5103/4769 3180/5102/4768 3123/5104/4770
f 3131/5105/4771 3130/5106/4772 3134/5107/4773
f 3134/5107/4773 3130/5106/4772 3140/5108/4774
f 3157/5109/4728 3173/5110/4775 3145/5111/4730
f 3145/5111/4730 3173/5110/4775 3174/5112/4776
f 3174/5113/4777 3173/5114/4778 3143/5115/4779
f 3143/5115/4779 3173/5114/4778 3144/5116/4780
f 3157/5117/4751 3162/5118/4781 3141/5119/4749
f 3141/5119/4749 3162/5118/4781 3175/5120/4782
f 3175/5120/4782 3162/5118/4781 3161/5121/4783
f 3175/5120/4782 3161/5121/4783 3176/5122/4784
f 3176/5122/4784 3161/5121/4783 3160/5123/4785
f 3176/5122/4784 3160/5123/4785 3177/5124/4786
f 3177/5124/4786 3160/5123/4785 3159/5125/4787
f 3177/5124/4786 3159/5125/4787 3178/5126/4788
f 3178/5126/4788 3159/5125/4787 3158/5127/4789
f 3178/5126/4788 3158/5127/4789 3179/5128/4790
f 3179/5128/4790 3158/5127/4789 3126/5129/4700
f 3179/5128/4790 3126/5129/4700 3137/5130/4698
f 3124/5131/4791 3123/5132/4792 3135/5133/4793
f 3135/5133/4793 3123/5132/4792 3180/5134/4794
f 3128/5135/4795 3127/5136/4725 3138/5137/4796
f 3138/5137/4796 3127/5136/4725 3151/5138/4726
f 3120/5139/4797 3119/5140/4798 3180/5141/4799
f 3180/5141/4799 3119/5140/4798 3133/5142/4800
f 3180/5141/4799 3133/5142/4800 3140/5143/4801
f 3140/5143/4801 3133/5142/4800 3134/5144/4802
f 3139/5145/4803 3151/5146/4765 3140/5143/4801
f 3140/5143/4801 3151/5146/4765 3137/5147/4766
f 3140/5143/4801 3137/5147/4766 3180/5141/4799
f 3180/5141/4799 3137/5147/4766 3135/5148/4804
f 3135/5148/4804 3137/5147/4766 3136/5149/4805
f 3139/5145/4803 3138/5150/4806 3151/5146/4765
g Body6:1

v 7.794791 -3.870000 -3.500000
v 7.794791 -4.070000 -3.300000
v 7.444791 -4.070000 -3.300000
v 7.444791 -3.870000 -3.500000
v 7.444791 -4.070000 0.000000
v 7.444791 -4.305000 0.000000
v 7.444791 -4.505000 0.200000
v 7.444791 -4.505000 2.595509
v 7.444791 -3.105000 2.595509
v 7.444791 -3.105000 0.200000
v 7.444791 -3.305000 0.000000
v 7.444791 -3.540000 0.000000
v 7.444791 -3.540000 -3.300000
v 7.444791 -3.740000 -3.500000
v 7.794791 -3.740000 -3.500000
v 7.794791 -3.540000 -3.300000
v 7.794791 -4.305000 0.000000
v 7.794791 -4.505000 0.200000
v 7.794791 -4.505000 2.595509
v 7.794791 -3.105000 0.200000
v 7.794791 -3.305000 0.000000
v 7.794791 -3.540000 0.000000
v 7.344791 -4.505000 3.045509
v 7.344791 -3.105000 3.045509
v 5.339282 -3.105000 3.045509
v 5.339282 -4.505000 3.045509
v 7.344791 -3.105000 2.695509
v 7.461259 -3.105000 3.030175
v 7.569791 -3.105000 2.985220
v 7.662989 -3.105000 2.913707
v 7.734502 -3.105000 2.820509
v 7.779457 -3.105000 2.711977
v 7.794791 -3.105000 2.595509
v 7.441383 -3.105000 2.621391
v 7.431393 -3.105000 2.645509
v 7.415501 -3.105000 2.666220
v 7.394791 -3.105000 2.682111
v 7.370673 -3.105000 2.692101
v 7.344791 -4.505000 2.695509
v 7.441383 -4.505000 2.621391
v 7.431393 -4.505000 2.645509
v 7.415501 -4.505000 2.666220
v 7.394791 -4.505000 2.682111
v 7.370673 -4.505000 2.692101
v 7.370673 -3.571667 2.692101
v 7.370673 -4.038333 2.692101
v 7.394791 -3.571667 2.682111
v 7.394791 -4.038333 2.682111
v 7.415501 -3.571667 2.666220
v 7.415501 -4.038333 2.666220
v 7.431393 -3.571667 2.645509
v 7.431393 -4.038333 2.645509
v 7.441383 -3.571667 2.621391
v 7.441383 -4.038333 2.621391
v 5.339282 -4.505000 2.695509
v 5.339282 -3.105000 2.695509
v 7.461259 -4.505000 3.030175
v 7.569791 -4.505000 2.985220
v 7.662989 -4.505000 2.913707
v 7.734502 -4.505000 2.820509
v 7.779457 -4.505000 2.711977
v 7.794791 -4.070000 0.000000
vt 0.014142 0.017500 0.000000
vt -0.014142 0.017500 0.000000
vt 0.014142 -0.017500 0.000000
vt -0.014142 -0.017500 0.000000
vt -0.580000 -0.026500 0.000000
vt -0.250000 -0.026500 0.000000
vt -0.600000 -0.006500 0.000000
vt -0.600000 0.006500 0.000000
vt -0.250000 0.026500 0.000000
vt -0.580000 0.026500 0.000000
vt 0.009551 -0.070000 0.000000
vt -0.250000 -0.050000 0.000000
vt -0.230000 -0.070000 0.000000
vt 0.009551 0.070000 0.000000
vt -0.250000 0.050000 0.000000
vt -0.230000 0.070000 0.000000
vt -0.033000 -0.017500 0.000000
vt -0.020000 -0.017500 0.000000
vt -0.033000 0.017500 0.000000
vt -0.020000 0.017500 0.000000
vt 0.014142 0.017500 0.000000
vt -0.014142 0.017500 0.000000
vt 0.014142 -0.017500 0.000000
vt -0.014142 -0.017500 0.000000
vt 0.014142 0.017500 0.000000
vt -0.014142 0.017500 0.000000
vt 0.014142 -0.017500 0.000000
vt -0.014142 -0.017500 0.000000
vt -0.020000 0.017500 0.000000
vt -0.259551 0.017500 0.000000
vt -0.020000 -0.017500 0.000000
vt -0.259551 -0.017500 0.000000
vt 0.014142 0.017500 0.000000
vt -0.014142 0.017500 0.000000
vt 0.014142 -0.017500 0.000000
vt -0.014142 -0.017500 0.000000
vt -0.020000 0.017500 0.000000
vt -0.043500 0.017500 0.000000
vt -0.020000 -0.017500 0.000000
vt -0.043500 -0.017500 0.000000
vt -0.049449 0.070000 0.000000
vt -0.250000 0.070000 0.000000
vt -0.049449 -0.070000 0.000000
vt -0.250000 -0.070000 0.000000
vt -0.000000 0.000000 0.000000
vt 0.035000 -0.000000 0.000000
vt -0.000341 0.002588 0.000000
vt 0.033467 0.011647 0.000000
vt -0.001340 0.005000 0.000000
vt 0.028971 0.022500 0.000000
vt -0.002929 0.007071 0.000000
vt 0.021820 0.031820 0.000000
vt -0.005000 0.008660 0.000000
vt 0.012500 0.038971 0.000000
vt -0.007412 0.009659 0.000000
vt 0.001647 0.043467 0.000000
vt -0.010000 0.010000 0.000000
vt -0.010000 0.045000 0.000000
vt 0.070000 0.013090 0.000000
vt 0.070000 0.015708 0.000000
vt 0.023333 0.013090 0.000000
vt -0.070000 0.015708 0.000000
vt -0.023333 0.013090 0.000000
vt -0.070000 0.013090 0.000000
vt -0.023333 0.010472 0.000000
vt -0.070000 0.010472 0.000000
vt -0.023333 0.007854 0.000000
vt -0.070000 0.007854 0.000000
vt -0.023333 0.005236 0.000000
vt -0.070000 0.005236 0.000000
vt -0.023333 0.002618 0.000000
vt -0.070000 0.002618 0.000000
vt -0.070000 0.000000 0.000000
vt 0.070000 0.000000 0.000000
vt 0.023333 0.002618 0.000000
vt 0.023333 0.005236 0.000000
vt 0.023333 0.007854 0.000000
vt 0.023333 0.010472 0.000000
vt 0.070000 0.002618 0.000000
vt 0.070000 0.005236 0.000000
vt 0.070000 0.007854 0.000000
vt 0.070000 0.010472 0.000000
vt -0.299449 0.017500 0.000000
vt -0.500000 0.017500 0.000000
vt -0.299449 -0.017500 0.000000
vt -0.500000 -0.017500 0.000000
vt -0.200551 -0.017500 0.000000
vt -0.000000 -0.017500 0.000000
vt -0.200551 0.017500 0.000000
vt -0.000000 0.017500 0.000000
vt 0.070000 0.070686 0.000000
vt -0.070000 0.070686 0.000000
vt 0.070000 0.058905 0.000000
vt -0.070000 0.058905 0.000000
vt 0.070000 0.047124 0.000000
vt -0.070000 0.047124 0.000000
vt 0.070000 0.035343 0.000000
vt -0.070000 0.035343 0.000000
vt 0.070000 0.023562 0.000000
vt -0.070000 0.023562 0.000000
vt 0.070000 0.011781 0.000000
vt -0.070000 0.011781 0.000000
vt 0.070000 0.000000 0.000000
vt -0.070000 0.000000 0.000000
vt -0.020000 0.017500 0.000000
vt -0.350000 0.017500 0.000000
vt -0.020000 -0.017500 0.000000
vt -0.350000 -0.017500 0.000000
vt -0.330000 -0.017500 0.000000
vt -0.000000 -0.017500 0.000000
vt -0.330000 0.017500 0.000000
vt -0.000000 0.017500 0.000000
vt 0.049449 -0.070000 0.000000
vt 0.250000 -0.070000 0.000000
vt 0.049449 0.070000 0.000000
vt 0.250000 0.070000 0.000000
vt -0.140000 -0.017500 0.000000
vt -0.000000 -0.017500 0.000000
vt -0.140000 0.017500 0.000000
vt -0.000000 0.017500 0.000000
vt 0.035000 0.000000 0.000000
vt 0.035341 0.002588 0.000000
vt 0.000000 0.000000 0.000000
vt 0.001533 0.011647 0.000000
vt 0.036340 0.005000 0.000000
vt 0.006029 0.022500 0.000000
vt 0.037929 0.007071 0.000000
vt 0.013180 0.031820 0.000000
vt 0.040000 0.008660 0.000000
vt 0.022500 0.038971 0.000000
vt 0.042412 0.009659 0.000000
vt 0.033353 0.043467 0.000000
vt 0.045000 0.010000 0.000000
vt 0.045000 0.045000 0.000000
vt -0.120000 -0.017500 0.000000
vt -0.096500 -0.017500 0.000000
vt -0.120000 0.017500 0.000000
vt -0.096500 0.017500 0.000000
vt -0.480000 -0.017500 0.000000
vt -0.240449 -0.017500 0.000000
vt -0.480000 0.017500 0.000000
vt -0.240449 0.017500 0.000000
vt 0.580000 -0.026500 0.000000
vt 0.600000 -0.006500 0.000000
vt 0.250000 -0.026500 0.000000
vt 0.600000 0.006500 0.000000
vt 0.250000 0.026500 0.000000
vt 0.580000 0.026500 0.000000
vt 0.250000 0.050000 0.000000
vt -0.009551 0.070000 0.000000
vt -0.009551 -0.070000 0.000000
vt 0.250000 -0.050000 0.000000
vt 0.230000 -0.070000 0.000000
vt 0.230000 0.070000 0.000000
vn -0.000000 -0.070711 -0.070711
vn -0.000000 -0.070711 -0.070711
vn -0.000000 -0.070711 -0.070711
vn -0.000000 -0.070711 -0.070711
vn -0.100000 0.000000 0.000000
vn -0.100000 0.000000 0.000000
vn -0.100000 0.000000 0.000000
vn -0.100000 0.000000 0.000000
vn -0.100000 0.000000 0.000000
vn -0.100000 0.000000 0.000000
vn -0.100000 0.000000 0.000000
vn -0.100000 0.000000 0.000000
vn -0.100000 0.000000 0.000000
vn -0.100000 0.000000 0.000000
vn -0.100000 0.000000 0.000000
vn -0.100000 0.000000 0.000000
vn -0.000000 -0.000000 -0.100000
vn -0.000000 -0.000000 -0.100000
vn -0.000000 -0.000000 -0.100000
vn -0.000000 -0.000000 -0.100000
vn 0.000000 0.070711 -0.070711
vn 0.000000 0.070711 -0.070711
vn 0.000000 0.070711 -0.070711
vn 0.000000 0.070711 -0.070711
vn -0.000000 -0.070711 -0.070711
vn -0.000000 -0.070711 -0.070711
vn -0.000000 -0.070711 -0.070711
vn -0.000000 -0.070711 -0.070711
vn -0.000000 -0.100000 0.000000
vn -0.000000 -0.100000 0.000000
vn -0.000000 -0.100000 0.000000
vn -0.000000 -0.100000 0.000000
vn 0.000000 0.070711 -0.070711
vn 0.000000 0.070711 -0.070711
vn 0.000000 0.070711 -0.070711
vn 0.000000 0.070711 -0.070711
vn -0.000000 -0.000000 -0.100000
vn -0.000000 -0.000000 -0.100000
vn -0.000000 -0.000000 -0.100000
vn -0.000000 -0.000000 -0.100000
vn -0.000000 0.000000 0.100000
vn -0.000000 0.000000 0.100000
vn -0.000000 0.000000 0.100000
vn -0.000000 0.000000 0.100000
vn 0.000000 0.100000 -0.000000
vn 0.000000 0.100000 -0.000000
vn 0.000000 0.100000 -0.000000
vn 0.000000 0.100000 -0.000000
vn 0.000000 0.100000 -0.000000
vn 0.000000 0.100000 -0.000000
vn 0.000000 0.100000 -0.000000
vn 0.000000 0.100000 -0.000000
vn 0.000000 0.100000 -0.000000
vn 0.000000 0.100000 -0.000000
vn 0.000000 0.100000 -0.000000
vn 0.000000 0.100000 -0.000000
vn 0.000000 0.100000 -0.000000
vn 0.000000 0.100000 -0.000000
vn -0.025882 0.000000 -0.096593
vn -0.000000 -0.000000 -0.100000
vn -0.025882 0.000000 -0.096593
vn -0.000000 -0.000000 -0.100000
vn -0.025882 0.000000 -0.096593
vn -0.025882 0.000000 -0.096593
vn -0.050000 0.000000 -0.086603
vn -0.050000 0.000000 -0.086603
vn -0.070711 0.000000 -0.070711
vn -0.070711 0.000000 -0.070711
vn -0.086603 0.000000 -0.050000
vn -0.086603 0.000000 -0.050000
vn -0.096593 0.000000 -0.025882
vn -0.096593 0.000000 -0.025882
vn -0.096593 0.000000 -0.025882
vn -0.086603 0.000000 -0.050000
vn -0.070711 0.000000 -0.070711
vn -0.050000 0.000000 -0.086603
vn -0.096593 0.000000 -0.025882
vn -0.086603 0.000000 -0.050000
vn -0.070711 0.000000 -0.070711
vn -0.050000 0.000000 -0.086603
vn -0.000000 -0.100000 0.000000
vn -0.000000 -0.100000 0.000000
vn -0.000000 -0.100000 0.000000
vn -0.000000 -0.100000 0.000000
vn 0.000000 0.100000 -0.000000
vn 0.000000 0.100000 -0.000000
vn 0.025882 -0.000000 0.096593
vn 0.025882 -0.000000 0.096593
vn 0.050000 -0.000000 0.086603
vn 0.050000 -0.000000 0.086603
vn 0.070711 -0.000000 0.070711
vn 0.070711 -0.000000 0.070711
vn 0.086603 -0.000000 0.050000
vn 0.086603 -0.000000 0.050000
vn 0.096593 -0.000000 0.025882
vn 0.096593 -0.000000 0.025882
vn 0.100000 -0.000000 -0.000000
vn 0.100000 -0.000000 -0.000000
vn -0.000000 -0.100000 0.000000
vn -0.000000 -0.100000 0.000000
vn -0.000000 -0.100000 0.000000
vn -0.000000 -0.100000 0.000000
vn 0.000000 0.100000 -0.000000
vn 0.000000 0.100000 -0.000000
vn 0.000000 0.100000 -0.000000
vn 0.000000 0.100000 -0.000000
vn 0.000000 -0.000000 -0.100000
vn 0.000000 -0.000000 -0.100000
vn -0.100000 0.000000 -0.000000
vn -0.100000 0.000000 -0.000000
vn -0.100000 0.000000 -0.000000
vn -0.100000 0.000000 -0.000000
vn -0.000000 -0.100000 0.000000
vn -0.000000 -0.100000 0.000000
vn -0.000000 -0.100000 0.000000
vn -0.000000 -0.100000 0.000000
vn -0.000000 -0.100000 0.000000
vn -0.000000 -0.100000 0.000000
vn -0.000000 -0.100000 0.000000
vn -0.000000 -0.100000 0.000000
vn -0.000000 -0.100000 0.000000
vn -0.000000 -0.100000 0.000000
vn -0.000000 -0.000000 -0.100000
vn -0.000000 -0.000000 -0.100000
vn -0.000000 -0.000000 -0.100000
vn -0.000000 -0.000000 -0.100000
vn 0.000000 0.100000 -0.000000
vn 0.000000 0.100000 -0.000000
vn 0.100000 -0.000000 -0.000000
vn 0.100000 -0.000000 -0.000000
vn 0.100000 -0.000000 -0.000000
vn 0.100000 -0.000000 -0.000000
vn 0.100000 -0.000000 -0.000000
vn 0.100000 -0.000000 -0.000000
vn 0.100000 -0.000000 -0.000000
vn 0.100000 -0.000000 -0.000000
vn 0.100000 -0.000000 -0.000000
vn 0.100000 -0.000000 -0.000000
f 3181/5151/4807 3182/5152/4808 3184/5153/4809
f 3184/5153/4809 3182/5152/4808 3183/5154/4810
f 3183/5155/4811 3185/5156/4812 3184/5157/4813
f 3184/5157/4813 3185/5156/4812 3194/5158/4814
f 3194/5158/4814 3185/5156/4812 3192/5159/4815
f 3194/5158/4814 3192/5159/4815 3193/5160/4816
f 3192/5159/4815 3185/5156/4812 3188/5161/4817
f 3188/5161/4817 3185/5156/4812 3186/5162/4818
f 3188/5161/4817 3186/5162/4818 3187/5163/4819
f 3188/5161/4817 3189/5164/4820 3192/5159/4815
f 3192/5159/4815 3189/5164/4820 3191/5165/4821
f 3191/5165/4821 3189/5164/4820 3190/5166/4822
f 3184/5167/4823 3194/5168/4824 3181/5169/4825
f 3181/5169/4825 3194/5168/4824 3195/5170/4826
f 3196/5171/4827 3195/5172/4828 3193/5173/4829
f 3193/5173/4829 3195/5172/4828 3194/5174/4830
f 3197/5175/4831 3198/5176/4832 3186/5177/4833
f 3186/5177/4833 3198/5176/4832 3187/5178/4834
f 3198/5179/4835 3199/5180/4836 3187/5181/4837
f 3187/5181/4837 3199/5180/4836 3188/5182/4838
f 3200/5183/4839 3201/5184/4840 3190/5185/4841
f 3190/5185/4841 3201/5184/4840 3191/5186/4842
f 3201/5187/4843 3202/5188/4844 3191/5189/4845
f 3191/5189/4845 3202/5188/4844 3192/5190/4846
f 3204/5191/4847 3205/5192/4848 3203/5193/4849
f 3203/5193/4849 3205/5192/4848 3206/5194/4850
f 3207/5195/4851 3204/5196/4852 3218/5197/4853
f 3218/5197/4853 3204/5196/4852 3208/5198/4854
f 3218/5197/4853 3208/5198/4854 3217/5199/4855
f 3217/5199/4855 3208/5198/4854 3209/5200/4856
f 3217/5199/4855 3209/5200/4856 3216/5201/4857
f 3216/5201/4857 3209/5200/4856 3210/5202/4858
f 3216/5201/4857 3210/5202/4858 3215/5203/4859
f 3215/5203/4859 3210/5202/4858 3211/5204/4860
f 3215/5203/4859 3211/5204/4860 3214/5205/4861
f 3214/5205/4861 3211/5204/4860 3212/5206/4862
f 3214/5205/4861 3212/5206/4862 3189/5207/4863
f 3189/5207/4863 3212/5206/4862 3213/5208/4864
f 3224/5209/4865 3219/5210/4866 3226/5211/4867
f 3226/5211/4867 3219/5210/4866 3207/5212/4868
f 3226/5211/4867 3207/5212/4868 3225/5213/4869
f 3225/5213/4869 3207/5212/4868 3218/5214/4870
f 3225/5213/4869 3218/5214/4870 3227/5215/4871
f 3227/5215/4871 3218/5214/4870 3217/5216/4872
f 3227/5215/4871 3217/5216/4872 3229/5217/4873
f 3229/5217/4873 3217/5216/4872 3216/5218/4874
f 3229/5217/4873 3216/5218/4874 3231/5219/4875
f 3231/5219/4875 3216/5218/4874 3215/5220/4876
f 3231/5219/4875 3215/5220/4876 3233/5221/4877
f 3233/5221/4877 3215/5220/4876 3214/5222/4878
f 3233/5221/4877 3214/5222/4878 3189/5223/4820
f 3189/5223/4820 3188/5224/4817 3233/5221/4877
f 3233/5221/4877 3188/5224/4817 3234/5225/4879
f 3233/5221/4877 3234/5225/4879 3231/5219/4875
f 3231/5219/4875 3234/5225/4879 3232/5226/4880
f 3231/5219/4875 3232/5226/4880 3229/5217/4873
f 3229/5217/4873 3232/5226/4880 3230/5227/4881
f 3229/5217/4873 3230/5227/4881 3227/5215/4871
f 3227/5215/4871 3230/5227/4881 3228/5228/4882
f 3227/5215/4871 3228/5228/4882 3225/5213/4869
f 3225/5213/4869 3228/5228/4882 3226/5211/4867
f 3188/5224/4817 3220/5229/4883 3234/5225/4879
f 3234/5225/4879 3220/5229/4883 3232/5226/4880
f 3220/5229/4883 3221/5230/4884 3232/5226/4880
f 3232/5226/4880 3221/5230/4884 3230/5227/4881
f 3221/5230/4884 3222/5231/4885 3230/5227/4881
f 3230/5227/4881 3222/5231/4885 3228/5228/4882
f 3222/5231/4885 3223/5232/4886 3228/5228/4882
f 3228/5228/4882 3223/5232/4886 3226/5211/4867
f 3223/5232/4886 3224/5209/4865 3226/5211/4867
f 3203/5233/4887 3206/5234/4888 3219/5235/4889
f 3219/5235/4889 3206/5234/4888 3235/5236/4890
f 3207/5237/4851 3236/5238/4891 3204/5239/4852
f 3204/5239/4852 3236/5238/4891 3205/5240/4892
f 3204/5241/4847 3203/5242/4849 3208/5243/4893
f 3208/5243/4893 3203/5242/4849 3237/5244/4894
f 3208/5243/4893 3237/5244/4894 3209/5245/4895
f 3209/5245/4895 3237/5244/4894 3238/5246/4896
f 3209/5245/4895 3238/5246/4896 3210/5247/4897
f 3210/5247/4897 3238/5246/4896 3239/5248/4898
f 3210/5247/4897 3239/5248/4898 3211/5249/4899
f 3211/5249/4899 3239/5248/4898 3240/5250/4900
f 3211/5249/4899 3240/5250/4900 3212/5251/4901
f 3212/5251/4901 3240/5250/4900 3241/5252/4902
f 3212/5251/4901 3241/5252/4902 3213/5253/4903
f 3213/5253/4903 3241/5252/4902 3199/5254/4904
f 3182/5255/4905 3242/5256/4906 3183/5257/4907
f 3183/5257/4907 3242/5256/4906 3185/5258/4908
f 3193/5259/4909 3192/5260/4910 3196/5261/4911
f 3196/5261/4911 3192/5260/4910 3202/5262/4912
f 3219/5263/4866 3235/5264/4913 3207/5265/4868
f 3207/5265/4868 3235/5264/4913 3236/5266/4914
f 3236/5267/4915 3235/5268/4916 3205/5269/4917
f 3205/5269/4917 3235/5268/4916 3206/5270/4918
f 3219/5271/4889 3224/5272/4919 3203/5273/4887
f 3203/5273/4887 3224/5272/4919 3237/5274/4920
f 3237/5274/4920 3224/5272/4919 3223/5275/4921
f 3237/5274/4920 3223/5275/4921 3238/5276/4922
f 3238/5276/4922 3223/5275/4921 3222/5277/4923
f 3238/5276/4922 3222/5277/4923 3239/5278/4924
f 3239/5278/4924 3222/5277/4923 3221/5279/4925
f 3239/5278/4924 3221/5279/4925 3240/5280/4926
f 3240/5280/4926 3221/5279/4925 3220/5281/4927
f 3240/5280/4926 3220/5281/4927 3241/5282/4928
f 3241/5282/4928 3220/5281/4927 3188/5283/4838
f 3241/5282/4928 3188/5283/4838 3199/5284/4836
f 3186/5285/4929 3185/5286/4930 3197/5287/4931
f 3197/5287/4931 3185/5286/4930 3242/5288/4932
f 3190/5289/4933 3189/5290/4863 3200/5291/4934
f 3200/5291/4934 3189/5290/4863 3213/5292/4864
f 3182/5293/4935 3181/5294/4936 3242/5295/4937
f 3242/5295/4937 3181/5294/4936 3195/5296/4938
f 3242/5295/4937 3195/5296/4938 3202/5297/4939
f 3202/5297/4939 3195/5296/4938 3196/5298/4940
f 3201/5299/4941 3213/5300/4903 3202/5297/4939
f 3202/5297/4939 3213/5300/4903 3199/5301/4904
f 3202/5297/4939 3199/5301/4904 3242/5295/4937
f 3242/5295/4937 3199/5301/4904 3197/5302/4942
f 3197/5302/4942 3199/5301/4904 3198/5303/4943
f 3201/5299/4941 3200/5304/4944 3213/5300/4903
g Body7:1

v 7.794791 -1.330000 -3.500000
v 7.794791 -1.530000 -3.300000
v 7.444791 -1.530000 -3.300000
v 7.444791 -1.330000 -3.500000
v 7.444791 -1.530000 0.000000
v 7.444791 -1.765000 0.000000
v 7.444791 -1.965000 0.200000
v 7.444791 -1.965000 2.595509
v 7.444791 -0.565000 2.595509
v 7.444791 -0.565000 0.200000
v 7.444791 -0.765000 0.000000
v 7.444791 -1.000000 0.000000
v 7.444791 -1.000000 -3.300000
v 7.444791 -1.200000 -3.500000
v 7.794791 -1.200000 -3.500000
v 7.794791 -1.000000 -3.300000
v 7.794791 -1.765000 0.000000
v 7.794791 -1.965000 0.200000
v 7.794791 -1.965000 2.595509
v 7.794791 -0.565000 0.200000
v 7.794791 -0.765000 0.000000
v 7.794791 -1.000000 0.000000
v 7.344791 -1.965000 3.045509
v 7.344791 -0.565000 3.045509
v 5.339282 -0.565000 3.045509
v 5.339282 -1.965000 3.045509
v 7.344791 -0.565000 2.695509
v 7.461259 -0.565000 3.030175
v 7.569791 -0.565000 2.985220
v 7.662989 -0.565000 2.913707
v 7.734502 -0.565000 2.820509
v 7.779457 -0.565000 2.711977
v 7.794791 -0.565000 2.595509
v 7.441383 -0.565000 2.621391
v 7.431393 -0.565000 2.645509
v 7.415501 -0.565000 2.666220
v 7.394791 -0.565000 2.682111
v 7.370673 -0.565000 2.692101
v 7.344791 -1.965000 2.695509
v 7.441383 -1.965000 2.621391
v 7.431393 -1.965000 2.645509
v 7.415501 -1.965000 2.666220
v 7.394791 -1.965000 2.682111
v 7.370673 -1.965000 2.692101
v 7.370673 -1.031667 2.692101
v 7.370673 -1.498333 2.692101
v 7.394791 -1.031667 2.682111
v 7.394791 -1.498333 2.682111
v 7.415501 -1.031667 2.666220
v 7.415501 -1.498333 2.666220
v 7.431393 -1.031667 2.645509
v 7.431393 -1.498333 2.645509
v 7.441383 -1.031667 2.621391
v 7.441383 -1.498333 2.621391
v 5.339282 -1.965000 2.695509
v 5.339282 -0.565000 2.695509
v 7.461259 -1.965000 3.030175
v 7.569791 -1.965000 2.985220
v 7.662989 -1.965000 2.913707
v 7.734502 -1.965000 2.820509
v 7.779457 -1.965000 2.711977
v 7.794791 -1.530000 0.000000
vt 0.014142 0.017500 0.000000
vt -0.014142 0.017500 0.000000
vt 0.014142 -0.017500 0.000000
vt -0.014142 -0.017500 0.000000
vt -0.580000 -0.026500 0.000000
vt -0.250000 -0.026500 0.000000
vt -0.600000 -0.006500 0.000000
vt -0.600000 0.006500 0.000000
vt -0.250000 0.026500 0.000000
vt -0.580000 0.026500 0.000000
vt 0.009551 -0.070000 0.000000
vt -0.250000 -0.050000 0.000000
vt -0.230000 -0.070000 0.000000
vt 0.009551 0.070000 0.000000
vt -0.250000 0.050000 0.000000
vt -0.230000 0.070000 0.000000
vt -0.033000 -0.017500 0.000000
vt -0.020000 -0.017500 0.000000
vt -0.033000 0.017500 0.000000
vt -0.020000 0.017500 0.000000
vt 0.014142 0.017500 0.000000
vt -0.014142 0.017500 0.000000
vt 0.014142 -0.017500 0.000000
vt -0.014142 -0.017500 0.000000
vt 0.014142 0.017500 0.000000
vt -0.014142 0.017500 0.000000
vt 0.014142 -0.017500 0.000000
vt -0.014142 -0.017500 0.000000
vt -0.020000 0.017500 0.000000
vt -0.259551 0.017500 0.000000
vt -0.020000 -0.017500 0.000000
vt -0.259551 -0.017500 0.000000
vt 0.014142 0.017500 0.000000
vt -0.014142 0.017500 0.000000
vt 0.014142 -0.017500 0.000000
vt -0.014142 -0.017500 0.000000
vt -0.020000 0.017500 0.000000
vt -0.043500 0.017500 0.000000
vt -0.020000 -0.017500 0.000000
vt -0.043500 -0.017500 0.000000
vt -0.049449 0.070000 0.000000
vt -0.250000 0.070000 0.000000
vt -0.049449 -0.070000 0.000000
vt -0.250000 -0.070000 0.000000
vt -0.000000 0.000000 0.000000
vt 0.035000 -0.000000 0.000000
vt -0.000341 0.002588 0.000000
vt 0.033467 0.011647 0.000000
vt -0.001340 0.005000 0.000000
vt 0.028971 0.022500 0.000000
vt -0.002929 0.007071 0.000000
vt 0.021820 0.031820 0.000000
vt -0.005000 0.008660 0.000000
vt 0.012500 0.038971 0.000000
vt -0.007412 0.009659 0.000000
vt 0.001647 0.043467 0.000000
vt -0.010000 0.010000 0.000000
vt -0.010000 0.045000 0.000000
vt 0.070000 0.013090 0.000000
vt 0.070000 0.015708 0.000000
vt 0.023333 0.013090 0.000000
vt -0.070000 0.015708 0.000000
vt -0.023333 0.013090 0.000000
vt -0.070000 0.013090 0.000000
vt -0.023333 0.010472 0.000000
vt -0.070000 0.010472 0.000000
vt -0.023333 0.007854 0.000000
vt -0.070000 0.007854 0.000000
vt -0.023333 0.005236 0.000000
vt -0.070000 0.005236 0.000000
vt -0.023333 0.002618 0.000000
vt -0.070000 0.002618 0.000000
vt -0.070000 0.000000 0.000000
vt 0.070000 0.000000 0.000000
vt 0.023333 0.002618 0.000000
vt 0.023333 0.005236 0.000000
vt 0.023333 0.007854 0.000000
vt 0.023333 0.010472 0.000000
vt 0.070000 0.002618 0.000000
vt 0.070000 0.005236 0.000000
vt 0.070000 0.007854 0.000000
vt 0.070000 0.010472 0.000000
vt -0.299449 0.017500 0.000000
vt -0.500000 0.017500 0.000000
vt -0.299449 -0.017500 0.000000
vt -0.500000 -0.017500 0.000000
vt -0.200551 -0.017500 0.000000
vt -0.000000 -0.017500 0.000000
vt -0.200551 0.017500 0.000000
vt -0.000000 0.017500 0.000000
vt 0.070000 0.070686 0.000000
vt -0.070000 0.070686 0.000000
vt 0.070000 0.058905 0.000000
vt -0.070000 0.058905 0.000000
vt 0.070000 0.047124 0.000000
vt -0.070000 0.047124 0.000000
vt 0.070000 0.035343 0.000000
vt -0.070000 0.035343 0.000000
vt 0.070000 0.023562 0.000000
vt -0.070000 0.023562 0.000000
vt 0.070000 0.011781 0.000000
vt -0.070000 0.011781 0.000000
vt 0.070000 0.000000 0.000000
vt -0.070000 0.000000 0.000000
vt -0.020000 0.017500 0.000000
vt -0.350000 0.017500 0.000000
vt -0.020000 -0.017500 0.000000
vt -0.350000 -0.017500 0.000000
vt -0.330000 -0.017500 0.000000
vt -0.000000 -0.017500 0.000000
vt -0.330000 0.017500 0.000000
vt -0.000000 0.017500 0.000000
vt 0.049449 -0.070000 0.000000
vt 0.250000 -0.070000 0.000000
vt 0.049449 0.070000 0.000000
vt 0.250000 0.070000 0.000000
vt -0.140000 -0.017500 0.000000
vt -0.000000 -0.017500 0.000000
vt -0.140000 0.017500 0.000000
vt -0.000000 0.017500 0.000000
vt 0.035000 0.000000 0.000000
vt 0.035341 0.002588 0.000000
vt 0.000000 0.000000 0.000000
vt 0.001533 0.011647 0.000000
vt 0.036340 0.005000 0.000000
vt 0.006029 0.022500 0.000000
vt 0.037929 0.007071 0.000000
vt 0.013180 0.031820 0.000000
vt 0.040000 0.008660 0.000000
vt 0.022500 0.038971 0.000000
vt 0.042412 0.009659 0.000000
vt 0.033353 0.043467 0.000000
vt 0.045000 0.010000 0.000000
vt 0.045000 0.045000 0.000000
vt -0.120000 -0.017500 0.000000
vt -0.096500 -0.017500 0.000000
vt -0.120000 0.017500 0.000000
vt -0.096500 0.017500 0.000000
vt -0.480000 -0.017500 0.000000
vt -0.240449 -0.017500 0.000000
vt -0.480000 0.017500 0.000000
vt -0.240449 0.017500 0.000000
vt 0.580000 -0.026500 0.000000
vt 0.600000 -0.006500 0.000000
vt 0.250000 -0.026500 0.000000
vt 0.600000 0.006500 0.000000
vt 0.250000 0.026500 0.000000
vt 0.580000 0.026500 0.000000
vt 0.250000 0.050000 0.000000
vt -0.009551 0.070000 0.000000
vt -0.009551 -0.070000 0.000000
vt 0.250000 -0.050000 0.000000
vt 0.230000 -0.070000 0.000000
vt 0.230000 0.070000 0.000000
vn -0.000000 -0.070711 -0.070711
vn -0.000000 -0.070711 -0.070711
vn -0.000000 -0.070711 -0.070711
vn -0.000000 -0.070711 -0.070711
vn -0.100000 0.000000 0.000000
vn -0.100000 0.000000 0.000000
vn -0.100000 0.000000 0.000000
vn -0.100000 0.000000 0.000000
vn -0.100000 0.000000 0.000000
vn -0.100000 0.000000 0.000000
vn -0.100000 0.000000 0.000000
vn -0.100000 0.000000 0.000000
vn -0.100000 0.000000 0.000000
vn -0.100000 0.000000 0.000000
vn -0.100000 0.000000 0.000000
vn -0.100000 0.000000 0.000000
vn -0.000000 -0.000000 -0.100000
vn -0.000000 -0.000000 -0.100000
vn -0.000000 -0.000000 -0.100000
vn -0.000000 -0.000000 -0.100000
vn 0.000000 0.070711 -0.070711
vn 0.000000 0.070711 -0.070711
vn 0.000000 0.070711 -0.070711
vn 0.000000 0.070711 -0.070711
vn -0.000000 -0.070711 -0.070711
vn -0.000000 -0.070711 -0.070711
vn -0.000000 -0.070711 -0.070711
vn -0.000000 -0.070711 -0.070711
vn -0.000000 -0.100000 0.000000
vn -0.000000 -0.100000 0.000000
vn -0.000000 -0.100000 0.000000
vn -0.000000 -0.100000 0.000000
vn 0.000000 0.070711 -0.070711
vn 0.000000 0.070711 -0.070711
vn 0.000000 0.070711 -0.070711
vn 0.000000 0.070711 -0.070711
vn -0.000000 -0.000000 -0.100000
vn -0.000000 -0.000000 -0.100000
vn -0.000000 -0.000000 -0.100000
vn -0.000000 -0.000000 -0.100000
vn -0.000000 0.000000 0.100000
vn -0.000000 0.000000 0.100000
vn -0.000000 0.000000 0.100000
vn -0.000000 0.000000 0.100000
vn 0.000000 0.100000 -0.000000
vn 0.000000 0.100000 -0.000000
vn 0.000000 0.100000 -0.000000
vn 0.000000 0.100000 -0.000000
vn 0.000000 0.100000 -0.000000
vn 0.000000 0.100000 -0.000000
vn 0.000000 0.100000 -0.000000
vn 0.000000 0.100000 -0.000000
vn 0.000000 0.100000 -0.000000
vn 0.000000 0.100000 -0.000000
vn 0.000000 0.100000 -0.000000
vn 0.000000 0.100000 -0.000000
vn 0.000000 0.100000 -0.000000
vn 0.000000 0.100000 -0.000000
vn -0.025882 0.000000 -0.096593
vn -0.000000 -0.000000 -0.100000
vn -0.025882 0.000000 -0.096593
vn -0.000000 -0.000000 -0.100000
vn -0.025882 0.000000 -0.096593
vn -0.025882 0.000000 -0.096593
vn -0.050000 0.000000 -0.086603
vn -0.050000 0.000000 -0.086603
vn -0.070711 0.000000 -0.070711
vn -0.070711 0.000000 -0.070711
vn -0.086603 0.000000 -0.050000
vn -0.086603 0.000000 -0.050000
vn -0.096593 0.000000 -0.025882
vn -0.096593 0.000000 -0.025882
vn -0.096593 0.000000 -0.025882
vn -0.086603 0.000000 -0.050000
vn -0.070711 0.000000 -0.070711
vn -0.050000 0.000000 -0.086603
vn -0.096593 0.000000 -0.025882
vn -0.086603 0.000000 -0.050000
vn -0.070711 0.000000 -0.070711
vn -0.050000 0.000000 -0.086603
vn -0.000000 -0.100000 0.000000
vn -0.000000 -0.100000 0.000000
vn -0.000000 -0.100000 0.000000
vn -0.000000 -0.100000 0.000000
vn 0.000000 0.100000 -0.000000
vn 0.000000 0.100000 -0.000000
vn 0.025882 -0.000000 0.096593
vn 0.025882 -0.000000 0.096593
vn 0.050000 -0.000000 0.086603
vn 0.050000 -0.000000 0.086603
vn 0.070711 -0.000000 0.070711
vn 0.070711 -0.000000 0.070711
vn 0.086603 -0.000000 0.050000
vn 0.086603 -0.000000 0.050000
vn 0.096593 -0.000000 0.025882
vn 0.096593 -0.000000 0.025882
vn 0.100000 -0.000000 -0.000000
vn 0.100000 -0.000000 -0.000000
vn -0.000000 -0.100000 0.000000
vn -0.000000 -0.100000 0.000000
vn -0.000000 -0.100000 0.000000
vn -0.000000 -0.100000 0.000000
vn 0.000000 0.100000 -0.000000
vn 0.000000 0.100000 -0.000000
vn 0.000000 0.100000 -0.000000
vn 0.000000 0.100000 -0.000000
vn 0.000000 -0.000000 -0.100000
vn 0.000000 -0.000000 -0.100000
vn -0.100000 0.000000 -0.000000
vn -0.100000 0.000000 -0.000000
vn -0.100000 0.000000 -0.000000
vn -0.100000 0.000000 -0.000000
vn -0.000000 -0.100000 0.000000
vn -0.000000 -0.100000 0.000000
vn -0.000000 -0.100000 0.000000
vn -0.000000 -0.100000 0.000000
vn -0.000000 -0.100000 0.000000
vn -0.000000 -0.100000 0.000000
vn -0.000000 -0.100000 0.000000
vn -0.000000 -0.100000 0.000000
vn -0.000000 -0.100000 0.000000
vn -0.000000 -0.100000 0.000000
vn -0.000000 -0.000000 -0.100000
vn -0.000000 -0.000000 -0.100000
vn -0.000000 -0.000000 -0.100000
vn -0.000000 -0.000000 -0.100000
vn 0.000000 0.100000 -0.000000
vn 0.000000 0.100000 -0.000000
vn 0.100000 -0.000000 -0.000000
vn 0.100000 -0.000000 -0.000000
vn 0.100000 -0.000000 -0.000000
vn 0.100000 -0.000000 -0.000000
vn 0.100000 -0.000000 -0.000000
vn 0.100000 -0.000000 -0.000000
vn 0.100000 -0.000000 -0.000000
vn 0.100000 -0.000000 -0.000000
vn 0.100000 -0.000000 -0.000000
vn 0.100000 -0.000000 -0.000000
f 3243/5305/4945 3244/5306/4946 3246/5307/4947
f 3246/5307/4947 3244/5306/4946 3245/5308/4948
f 3245/5309/4949 3247/5310/4950 3246/5311/4951
f 3246/5311/4951 3247/5310/4950 3256/5312/4952
f 3256/5312/4952 3247/5310/4950 3254/5313/4953
f 3256/5312/4952 3254/5313/4953 3255/5314/4954
f 3254/5313/4953 3247/5310/4950 3250/5315/4955
f 3250/5315/4955 3247/5310/4950 3248/5316/4956
f 3250/5315/4955 3248/5316/4956 3249/5317/4957
f 3250/5315/4955 3251/5318/4958 3254/5313/4953
f 3254/5313/4953 3251/5318/4958 3253/5319/4959
f 3253/5319/4959 3251/5318/4958 3252/5320/4960
f 3246/5321/4961 3256/5322/4962 3243/5323/4963
f 3243/5323/4963 3256/5322/4962 3257/5324/4964
f 3258/5325/4965 3257/5326/4966 3255/5327/4967
f 3255/5327/4967 3257/5326/4966 3256/5328/4968
f 3259/5329/4969 3260/5330/4970 3248/5331/4971
f 3248/5331/4971 3260/5330/4970 3249/5332/4972
f 3260/5333/4973 3261/5334/4974 3249/5335/4975
f 3249/5335/4975 3261/5334/4974 3250/5336/4976
f 3262/5337/4977 3263/5338/4978 3252/5339/4979
f 3252/5339/4979 3263/5338/4978 3253/5340/4980
f 3263/5341/4981 3264/5342/4982 3253/5343/4983
f 3253/5343/4983 3264/5342/4982 3254/5344/4984
f 3266/5345/4985 3267/5346/4986 3265/5347/4987
f 3265/5347/4987 3267/5346/4986 3268/5348/4988
f 3269/5349/4989 3266/5350/4990 3280/5351/4991
f 3280/5351/4991 3266/5350/4990 3270/5352/4992
f 3280/5351/4991 3270/5352/4992 3279/5353/4993
f 3279/5353/4993 3270/5352/4992 3271/5354/4994
f 3279/5353/4993 3271/5354/4994 3278/5355/4995
f 3278/5355/4995 3271/5354/4994 3272/5356/4996
f 3278/5355/4995 3272/5356/4996 3277/5357/4997
f 3277/5357/4997 3272/5356/4996 3273/5358/4998
f 3277/5357/4997 3273/5358/4998 3276/5359/4999
f 3276/5359/4999 3273/5358/4998 3274/5360/5000
f 3276/5359/4999 3274/5360/5000 3251/5361/5001
f 3251/5361/5001 3274/5360/5000 3275/5362/5002
f 3286/5363/5003 3281/5364/5004 3288/5365/5005
f 3288/5365/5005 3281/5364/5004 3269/5366/5006
f 3288/5365/5005 3269/5366/5006 3287/5367/5007
f 3287/5367/5007 3269/5366/5006 3280/5368/5008
f 3287/5367/5007 3280/5368/5008 3289/5369/5009
f 3289/5369/5009 3280/5368/5008 3279/5370/5010
f 3289/5369/5009 3279/5370/5010 3291/5371/5011
f 3291/5371/5011 3279/5370/5010 3278/5372/5012
f 3291/5371/5011 3278/5372/5012 3293/5373/5013
f 3293/5373/5013 3278/5372/5012 3277/5374/5014
f 3293/5373/5013 3277/5374/5014 3295/5375/5015
f 3295/5375/5015 3277/5374/5014 3276/5376/5016
f 3295/5375/5015 3276/5376/5016 3251/5377/4958
f 3251/5377/4958 3250/5378/4955 3295/5375/5015
f 3295/5375/5015 3250/5378/4955 3296/5379/5017
f 3295/5375/5015 3296/5379/5017 3293/5373/5013
f 3293/5373/5013 3296/5379/5017 3294/5380/5018
f 3293/5373/5013 3294/5380/5018 3291/5371/5011
f 3291/5371/5011 3294/5380/5018 3292/5381/5019
f 3291/5371/5011 3292/5381/5019 3289/5369/5009
f 3289/5369/5009 3292/5381/5019 3290/5382/5020
f 3289/5369/5009 3290/5382/5020 3287/5367/5007
f 3287/5367/5007 3290/5382/5020 3288/5365/5005
f 3250/5378/4955 3282/5383/5021 3296/5379/5017
f 3296/5379/5017 3282/5383/5021 3294/5380/5018
f 3282/5383/5021 3283/5384/5022 3294/5380/5018
f 3294/5380/5018 3283/5384/5022 3292/5381/5019
f 3283/5384/5022 3284/5385/5023 3292/5381/5019
f 3292/5381/5019 3284/5385/5023 3290/5382/5020
f 3284/5385/5023 3285/5386/5024 3290/5382/5020
f 3290/5382/5020 3285/5386/5024 3288/5365/5005
f 3285/5386/5024 3286/5363/5003 3288/5365/5005
f 3265/5387/5025 3268/5388/5026 3281/5389/5027
f 3281/5389/5027 3268/5388/5026 3297/5390/5028
f 3269/5391/4989 3298/5392/5029 3266/5393/4990
f 3266/5393/4990 3298/5392/5029 3267/5394/5030
f 3266/5395/4985 3265/5396/4987 3270/5397/5031
f 3270/5397/5031 3265/5396/4987 3299/5398/5032
f 3270/5397/5031 3299/5398/5032 3271/5399/5033
f 3271/5399/5033 3299/5398/5032 3300/5400/5034
f 3271/5399/5033 3300/5400/5034 3272/5401/5035
f 3272/5401/5035 3300/5400/5034 3301/5402/5036
f 3272/5401/5035 3301/5402/5036 3273/5403/5037
f 3273/5403/5037 3301/5402/5036 3302/5404/5038
f 3273/5403/5037 3302/5404/5038 3274/5405/5039
f 3274/5405/5039 3302/5404/5038 3303/5406/5040
f 3274/5405/5039 3303/5406/5040 3275/5407/5041
f 3275/5407/5041 3303/5406/5040 3261/5408/5042
f 3244/5409/5043 3304/5410/5044 3245/5411/5045
f 3245/5411/5045 3304/5410/5044 3247/5412/5046
f 3255/5413/5047 3254/5414/5048 3258/5415/5049
f 3258/5415/5049 3254/5414/5048 3264/5416/5050
f 3281/5417/5004 3297/5418/5051 3269/5419/5006
f 3269/5419/5006 3297/5418/5051 3298/5420/5052
f 3298/5421/5053 3297/5422/5054 3267/5423/5055
f 3267/5423/5055 3297/5422/5054 3268/5424/5056
f 3281/5425/5027 3286/5426/5057 3265/5427/5025
f 3265/5427/5025 3286/5426/5057 3299/5428/5058
f 3299/5428/5058 3286/5426/5057 3285/5429/5059
f 3299/5428/5058 3285/5429/5059 3300/5430/5060
f 3300/5430/5060 3285/5429/5059 3284/5431/5061
f 3300/5430/5060 3284/5431/5061 3301/5432/5062
f 3301/5432/5062 3284/5431/5061 3283/5433/5063
f 3301/5432/5062 3283/5433/5063 3302/5434/5064
f 3302/5434/5064 3283/5433/5063 3282/5435/5065
f 3302/5434/5064 3282/5435/5065 3303/5436/5066
f 3303/5436/5066 3282/5435/5065 3250/5437/4976
f 3303/5436/5066 3250/5437/4976 3261/5438/4974
f 3248/5439/5067 3247/5440/5068 3259/5441/5069
f 3259/5441/5069 3247/5440/5068 3304/5442/5070
f 3252/5443/5071 3251/5444/5001 3262/5445/5072
f 3262/5445/5072 3251/5444/5001 3275/5446/5002
f 3244/5447/5073 3243/5448/5074 3304/5449/5075
f 3304/5449/5075 3243/5448/5074 3257/5450/5076
f 3304/5449/5075 3257/5450/5076 3264/5451/5077
f 3264/5451/5077 3257/5450/5076 3258/5452/5078
f 3263/5453/5079 3275/5454/5041 3264/5451/5077
f 3264/5451/5077 3275/5454/5041 3261/5455/5042
f 3264/5451/5077 3261/5455/5042 3304/5449/5075
f 3304/5449/5075 3261/5455/5042 3259/5456/5080
f 3259/5456/5080 3261/5455/5042 3260/5457/5081
f 3263/5453/5079 3262/5458/5082 3275/5454/5041
g Body8:1

v 7.794791 1.210000 -3.500000
v 7.794791 1.010000 -3.300000
v 7.444791 1.010000 -3.300000
v 7.444791 1.210000 -3.500000
v 7.444791 1.010000 0.000000
v 7.444791 0.775000 0.000000
v 7.444791 0.575000 0.200000
v 7.444791 0.575000 2.595509
v 7.444791 1.975000 2.595509
v 7.444791 1.975000 0.200000
v 7.444791 1.775000 0.000000
v 7.444791 1.540000 0.000000
v 7.444791 1.540000 -3.300000
v 7.444791 1.340000 -3.500000
v 7.794791 1.340000 -3.500000
v 7.794791 1.540000 -3.300000
v 7.794791 0.775000 0.000000
v 7.794791 0.575000 0.200000
v 7.794791 0.575000 2.595509
v 7.794791 1.975000 0.200000
v 7.794791 1.775000 0.000000
v 7.794791 1.540000 0.000000
v 7.344791 0.575000 3.045509
v 7.344791 1.975000 3.045509
v 5.339282 1.975000 3.045509
v 5.339282 0.575000 3.045509
v 7.344791 1.975000 2.695509
v 7.461259 1.975000 3.030175
v 7.569791 1.975000 2.985220
v 7.662989 1.975000 2.913707
v 7.734502 1.975000 2.820509
v 7.779457 1.975000 2.711977
v 7.794791 1.975000 2.595509
v 7.441383 1.975000 2.621391
v 7.431393 1.975000 2.645509
v 7.415501 1.975000 2.666220
v 7.394791 1.975000 2.682111
v 7.370673 1.975000 2.692101
v 7.344791 0.575000 2.695509
v 7.441383 0.575000 2.621391
v 7.431393 0.575000 2.645509
v 7.415501 0.575000 2.666220
v 7.394791 0.575000 2.682111
v 7.370673 0.575000 2.692101
v 7.370673 1.508333 2.692101
v 7.370673 1.041667 2.692101
v 7.394791 1.508333 2.682111
v 7.394791 1.041667 2.682111
v 7.415501 1.508333 2.666220
v 7.415501 1.041667 2.666220
v 7.431393 1.508333 2.645509
v 7.431393 1.041667 2.645509
v 7.441383 1.508333 2.621391
v 7.441383 1.041667 2.621391
v 5.339282 0.575000 2.695509
v 5.339282 1.975000 2.695509
v 7.461259 0.575000 3.030175
v 7.569791 0.575000 2.985220
v 7.662989 0.575000 2.913707
v 7.734502 0.575000 2.820509
v 7.779457 0.575000 2.711977
v 7.794791 1.010000 0.000000
vt 0.014142 0.017500 0.000000
vt -0.014142 0.017500 0.000000
vt 0.014142 -0.017500 0.000000
vt -0.014142 -0.017500 0.000000
vt -0.580000 -0.026500 0.000000
vt -0.250000 -0.026500 0.000000
vt -0.600000 -0.006500 0.000000
vt -0.600000 0.006500 0.000000
vt -0.250000 0.026500 0.000000
vt -0.580000 0.026500 0.000000
vt 0.009551 -0.070000 0.000000
vt -0.250000 -0.050000 0.000000
vt -0.230000 -0.070000 0.000000
vt 0.009551 0.070000 0.000000
vt -0.250000 0.050000 0.000000
vt -0.230000 0.070000 0.000000
vt -0.033000 -0.017500 0.000000
vt -0.020000 -0.017500 0.000000
vt -0.033000 0.017500 0.000000
vt -0.020000 0.017500 0.000000
vt 0.014142 0.017500 0.000000
vt -0.014142 0.017500 0.000000
vt 0.014142 -0.017500 0.000000
vt -0.014142 -0.017500 0.000000
vt 0.014142 0.017500 0.000000
vt -0.014142 0.017500 0.000000
vt 0.014142 -0.017500 0.000000
vt -0.014142 -0.017500 0.000000
vt -0.020000 0.017500 0.000000
vt -0.259551 0.017500 0.000000
vt -0.020000 -0.017500 0.000000
vt -0.259551 -0.017500 0.000000
vt 0.014142 0.017500 0.000000
vt -0.014142 0.017500 0.000000
vt 0.014142 -0.017500 0.000000
vt -0.014142 -0.017500 0.000000
vt -0.020000 0.017500 0.000000
vt -0.043500 0.017500 0.000000
vt -0.020000 -0.017500 0.000000
vt -0.043500 -0.017500 0.000000
vt -0.049449 0.070000 0.000000
vt -0.250000 0.070000 0.000000
vt -0.049449 -0.070000 0.000000
vt -0.250000 -0.070000 0.000000
vt -0.000000 0.000000 0.000000
vt 0.035000 -0.000000 0.000000
vt -0.000341 0.002588 0.000000
vt 0.033467 0.011647 0.000000
vt -0.001340 0.005000 0.000000
vt 0.028971 0.022500 0.000000
vt -0.002929 0.007071 0.000000
vt 0.021820 0.031820 0.000000
vt -0.005000 0.008660 0.000000
vt 0.012500 0.038971 0.000000
vt -0.007412 0.009659 0.000000
vt 0.001647 0.043467 0.000000
vt -0.010000 0.010000 0.000000
vt -0.010000 0.045000 0.000000
vt 0.070000 0.013090 0.000000
vt 0.070000 0.015708 0.000000
vt 0.023333 0.013090 0.000000
vt -0.070000 0.015708 0.000000
vt -0.023333 0.013090 0.000000
vt -0.070000 0.013090 0.000000
vt -0.023333 0.010472 0.000000
vt -0.070000 0.010472 0.000000
vt -0.023333 0.007854 0.000000
vt -0.070000 0.007854 0.000000
vt -0.023333 0.005236 0.000000
vt -0.070000 0.005236 0.000000
vt -0.023333 0.002618 0.000000
vt -0.070000 0.002618 0.000000
vt -0.070000 0.000000 0.000000
vt 0.070000 0.000000 0.000000
vt 0.023333 0.002618 0.000000
vt 0.023333 0.005236 0.000000
vt 0.023333 0.007854 0.000000
vt 0.023333 0.010472 0.000000
vt 0.070000 0.002618 0.000000
vt 0.070000 0.005236 0.000000
vt 0.070000 0.007854 0.000000
vt 0.070000 0.010472 0.000000
vt -0.299449 0.017500 0.000000
vt -0.500000 0.017500 0.000000
vt -0.299449 -0.017500 0.000000
vt -0.500000 -0.017500 0.000000
vt -0.200551 -0.017500 0.000000
vt -0.000000 -0.017500 0.000000
vt -0.200551 0.017500 0.000000
vt -0.000000 0.017500 0.000000
vt 0.070000 0.070686 0.000000
vt -0.070000 0.070686 0.000000
vt 0.070000 0.058905 0.000000
vt -0.070000 0.058905 0.000000
vt 0.070000 0.047124 0.000000
vt -0.070000 0.047124 0.000000
vt 0.070000 0.035343 0.000000
vt -0.070000 0.035343 0.000000
vt 0.070000 0.023562 0.000000
vt -0.070000 0.023562 0.000000
vt 0.070000 0.011781 0.000000
vt -0.070000 0.011781 0.000000
vt 0.070000 0.000000 0.000000
vt -0.070000 0.000000 0.000000
vt -0.020000 0.017500 0.000000
vt -0.350000 0.017500 0.000000
vt -0.020000 -0.017500 0.000000
vt -0.350000 -0.017500 0.000000
vt -0.330000 -0.017500 0.000000
vt -0.000000 -0.017500 0.000000
vt -0.330000 0.017500 0.000000
vt -0.000000 0.017500 0.000000
vt 0.049449 -0.070000 0.000000
vt 0.250000 -0.070000 0.000000
vt 0.049449 0.070000 0.000000
vt 0.250000 0.070000 0.000000
vt -0.140000 -0.017500 0.000000
vt -0.000000 -0.017500 0.000000
vt -0.140000 0.017500 0.000000
vt -0.000000 0.017500 0.000000
vt 0.035000 0.000000 0.000000
vt 0.035341 0.002588 0.000000
vt 0.000000 0.000000 0.000000
vt 0.001533 0.011647 0.000000
vt 0.036340 0.005000 0.000000
vt 0.006029 0.022500 0.000000
vt 0.037929 0.007071 0.000000
vt 0.013180 0.031820 0.000000
vt 0.040000 0.008660 0.000000
vt 0.022500 0.038971 0.000000
vt 0.042412 0.009659 0.000000
vt 0.033353 0.043467 0.000000
vt 0.045000 0.010000 0.000000
vt 0.045000 0.045000 0.000000
vt -0.120000 -0.017500 0.000000
vt -0.096500 -0.017500 0.000000
vt -0.120000 0.017500 0.000000
vt -0.096500 0.017500 0.000000
vt -0.480000 -0.017500 0.000000
vt -0.240449 -0.017500 0.000000
vt -0.480000 0.017500 0.000000
vt -0.240449 0.017500 0.000000
vt 0.580000 -0.026500 0.000000
vt 0.600000 -0.006500 0.000000
vt 0.250000 -0.026500 0.000000
vt 0.600000 0.006500 0.000000
vt 0.250000 0.026500 0.000000
vt 0.580000 0.026500 0.000000
vt 0.250000 0.050000 0.000000
vt -0.009551 0.070000 0.000000
vt -0.009551 -0.070000 0.000000
vt 0.250000 -0.050000 0.000000
vt 0.230000 -0.070000 0.000000
vt 0.230000 0.070000 0.000000
vn -0.000000 -0.070711 -0.070711
vn -0.000000 -0.070711 -0.070711
vn -0.000000 -0.070711 -0.070711
vn -0.000000 -0.070711 -0.070711
vn -0.100000 0.000000 0.000000
vn -0.100000 0.000000 0.000000
vn -0.100000 0.000000 0.000000
vn -0.100000 0.000000 0.000000
vn -0.100000 0.000000 0.000000
vn -0.100000 0.000000 0.000000
vn -0.100000 0.000000 0.000000
vn -0.100000 0.000000 0.000000
vn -0.100000 0.000000 0.000000
vn -0.100000 0.000000 0.000000
vn -0.100000 0.000000 0.000000
vn -0.100000 0.000000 0.000000
vn -0.000000 -0.000000 -0.100000
vn -0.000000 -0.000000 -0.100000
vn -0.000000 -0.000000 -0.100000
vn -0.000000 -0.000000 -0.100000
vn 0.000000 0.070711 -0.070711
vn 0.000000 0.070711 -0.070711
vn 0.000000 0.070711 -0.070711
vn 0.000000 0.070711 -0.070711
vn -0.000000 -0.070711 -0.070711
vn -0.000000 -0.070711 -0.070711
vn -0.000000 -0.070711 -0.070711
vn -0.000000 -0.070711 -0.070711
vn -0.000000 -0.100000 0.000000
vn -0.000000 -0.100000 0.000000
vn -0.000000 -0.100000 0.000000
vn -0.000000 -0.100000 0.000000
vn 0.000000 0.070711 -0.070711
vn 0.000000 0.070711 -0.070711
vn 0.000000 0.070711 -0.070711
vn 0.000000 0.070711 -0.070711
vn -0.000000 -0.000000 -0.100000
vn -0.000000 -0.000000 -0.100000
vn -0.000000 -0.000000 -0.100000
vn -0.000000 -0.000000 -0.100000
vn -0.000000 0.000000 0.100000
vn -0.000000 0.000000 0.100000
vn -0.000000 0.000000 0.100000
vn -0.000000 0.000000 0.100000
vn 0.000000 0.100000 -0.000000
vn 0.000000 0.100000 -0.000000
vn 0.000000 0.100000 -0.000000
vn 0.000000 0.100000 -0.000000
vn 0.000000 0.100000 -0.000000
vn 0.000000 0.100000 -0.000000
vn 0.000000 0.100000 -0.000000
vn 0.000000 0.100000 -0.000000
vn 0.000000 0.100000 -0.000000
vn 0.000000 0.100000 -0.000000
vn 0.000000 0.100000 -0.000000
vn 0.000000 0.100000 -0.000000
vn 0.000000 0.100000 -0.000000
vn 0.000000 0.100000 -0.000000
vn -0.025882 0.000000 -0.096593
vn -0.000000 -0.000000 -0.100000
vn -0.025882 0.000000 -0.096593
vn -0.000000 -0.000000 -0.100000
vn -0.025882 0.000000 -0.096593
vn -0.025882 0.000000 -0.096593
vn -0.050000 0.000000 -0.086603
vn -0.050000 0.000000 -0.086603
vn -0.070711 0.000000 -0.070711
vn -0.070711 0.000000 -0.070711
vn -0.086603 0.000000 -0.050000
vn -0.086603 0.000000 -0.050000
vn -0.096593 0.000000 -0.025882
vn -0.096593 0.000000 -0.025882
vn -0.096593 0.000000 -0.025882
vn -0.086603 0.000000 -0.050000
vn -0.070711 0.000000 -0.070711
vn -0.050000 0.000000 -0.086603
vn -0.096593 0.000000 -0.025882
vn -0.086603 0.000000 -0.050000
vn -0.070711 0.000000 -0.070711
vn -0.050000 0.000000 -0.086603
vn -0.000000 -0.100000 0.000000
vn -0.000000 -0.100000 0.000000
vn -0.000000 -0.100000 0.000000
vn -0.000000 -0.100000 0.000000
vn 0.000000 0.100000 -0.000000
vn 0.000000 0.100000 -0.000000
vn 0.025882 -0.000000 0.096593
vn 0.025882 -0.000000 0.096593
vn 0.050000 -0.000000 0.086603
vn 0.050000 -0.000000 0.086603
vn 0.070711 -0.000000 0.070711
vn 0.070711 -0.000000 0.070711
vn 0.086603 -0.000000 0.050000
vn 0.086603 -0.000000 0.050000
vn 0.096593 -0.000000 0.025882
vn 0.096593 -0.000000 0.025882
vn 0.100000 -0.000000 -0.000000
vn 0.100000 -0.000000 -0.000000
vn -0.000000 -0.100000 0.000000
vn -0.000000 -0.100000 0.000000
vn -0.000000 -0.100000 0.000000
vn -0.000000 -0.100000 0.000000
vn 0.000000 0.100000 -0.000000
vn 0.000000 0.100000 -0.000000
vn 0.000000 0.100000 -0.000000
vn 0.000000 0.100000 -0.000000
vn 0.000000 -0.000000 -0.100000
vn 0.000000 -0.000000 -0.100000
vn -0.100000 0.000000 -0.000000
vn -0.100000 0.000000 -0.000000
vn -0.100000 0.000000 -0.000000
vn -0.100000 0.000000 -0.000000
vn -0.000000 -0.100000 0.000000
vn -0.000000 -0.100000 0.000000
vn -0.000000 -0.100000 0.000000
vn -0.000000 -0.100000 0.000000
vn -0.000000 -0.100000 0.000000
vn -0.000000 -0.100000 0.000000
vn -0.000000 -0.100000 0.000000
vn -0.000000 -0.100000 0.000000
vn -0.000000 -0.100000 0.000000
vn -0.000000 -0.100000 0.000000
vn -0.000000 -0.000000 -0.100000
vn -0.000000 -0.000000 -0.100000
vn -0.000000 -0.000000 -0.100000
vn -0.000000 -0.000000 -0.100000
vn 0.000000 0.100000 -0.000000
vn 0.000000 0.100000 -0.000000
vn 0.100000 -0.000000 -0.000000
vn 0.100000 -0.000000 -0.000000
vn 0.100000 -0.000000 -0.000000
vn 0.100000 -0.000000 -0.000000
vn 0.100000 -0.000000 -0.000000
vn 0.100000 -0.000000 -0.000000
vn 0.100000 -0.000000 -0.000000
vn 0.100000 -0.000000 -0.000000
vn 0.100000 -0.000000 -0.000000
vn 0.100000 -0.000000 -0.000000
f 3305/5459/5083 3306/5460/5084 3308/5461/5085
f 3308/5461/5085 3306/5460/5084 3307/5462/5086
f 3307/5463/5087 3309/5464/5088 3308/5465/5089
f 3308/5465/5089 3309/5464/5088 3318/5466/5090
f 3318/5466/5090 3309/5464/5088 3316/5467/5091
f 3318/5466/5090 3316/5467/5091 3317/5468/5092
f 3316/5467/5091 3309/5464/5088 3312/5469/5093
f 3312/5469/5093 3309/5464/5088 3310/5470/5094
f 3312/5469/5093 3310/5470/5094 3311/5471/5095
f 3312/5469/5093 3313/5472/5096 3316/5467/5091
f 3316/5467/5091 3313/5472/5096 3315/5473/5097
f 3315/5473/5097 3313/5472/5096 3314/5474/5098
f 3308/5475/5099 3318/5476/5100 3305/5477/5101
f 3305/5477/5101 3318/5476/5100 3319/5478/5102
f 3320/5479/5103 3319/5480/5104 3317/5481/5105
f 3317/5481/5105 3319/5480/5104 3318/5482/5106
f 3321/5483/5107 3322/5484/5108 3310/5485/5109
f 3310/5485/5109 3322/5484/5108 3311/5486/5110
f 3322/5487/5111 3323/5488/5112 3311/5489/5113
f 3311/5489/5113 3323/5488/5112 3312/5490/5114
f 3324/5491/5115 3325/5492/5116 3314/5493/5117
f 3314/5493/5117 3325/5492/5116 3315/5494/5118
f 3325/5495/5119 3326/5496/5120 3315/5497/5121
f 3315/5497/5121 3326/5496/5120 3316/5498/5122
f 3328/5499/5123 3329/5500/5124 3327/5501/5125
f 3327/5501/5125 3329/5500/5124 3330/5502/5126
f 3331/5503/5127 3328/5504/5128 3342/5505/5129
f 3342/5505/5129 3328/5504/5128 3332/5506/5130
f 3342/5505/5129 3332/5506/5130 3341/5507/5131
f 3341/5507/5131 3332/5506/5130 3333/5508/5132
f 3341/5507/5131 3333/5508/5132 3340/5509/5133
f 3340/5509/5133 3333/5508/5132 3334/5510/5134
f 3340/5509/5133 3334/5510/5134 3339/5511/5135
f 3339/5511/5135 3334/5510/5134 3335/5512/5136
f 3339/5511/5135 3335/5512/5136 3338/5513/5137
f 3338/5513/5137 3335/5512/5136 3336/5514/5138
f 3338/5513/5137 3336/5514/5138 3313/5515/5139
f 3313/5515/5139 3336/5514/5138 3337/5516/5140
f 3348/5517/5141 3343/5518/5142 3350/5519/5143
f 3350/5519/5143 3343/5518/5142 3331/5520/5144
f 3350/5519/5143 3331/5520/5144 3349/5521/5145
f 3349/5521/5145 3331/5520/5144 3342/5522/5146
f 3349/5521/5145 3342/5522/5146 3351/5523/5147
f 3351/5523/5147 3342/5522/5146 3341/5524/5148
f 3351/5523/5147 3341/5524/5148 3353/5525/5149
f 3353/5525/5149 3341/5524/5148 3340/5526/5150
f 3353/5525/5149 3340/5526/5150 3355/5527/5151
f 3355/5527/5151 3340/5526/5150 3339/5528/5152
f 3355/5527/5151 3339/5528/5152 3357/5529/5153
f 3357/5529/5153 3339/5528/5152 3338/5530/5154
f 3357/5529/5153 3338/5530/5154 3313/5531/5096
f 3313/5531/5096 3312/5532/5093 3357/5529/5153
f 3357/5529/5153 3312/5532/5093 3358/5533/5155
f 3357/5529/5153 3358/5533/5155 3355/5527/5151
f 3355/5527/5151 3358/5533/5155 3356/5534/5156
f 3355/5527/5151 3356/5534/5156 3353/5525/5149
f 3353/5525/5149 3356/5534/5156 3354/5535/5157
f 3353/5525/5149 3354/5535/5157 3351/5523/5147
f 3351/5523/5147 3354/5535/5157 3352/5536/5158
f 3351/5523/5147 3352/5536/5158 3349/5521/5145
f 3349/5521/5145 3352/5536/5158 3350/5519/5143
f 3312/5532/5093 3344/5537/5159 3358/5533/5155
f 3358/5533/5155 3344/5537/5159 3356/5534/5156
f 3344/5537/5159 3345/5538/5160 3356/5534/5156
f 3356/5534/5156 3345/5538/5160 3354/5535/5157
f 3345/5538/5160 3346/5539/5161 3354/5535/5157
f 3354/5535/5157 3346/5539/5161 3352/5536/5158
f 3346/5539/5161 3347/5540/5162 3352/5536/5158
f 3352/5536/5158 3347/5540/5162 3350/5519/5143
f 3347/5540/5162 3348/5517/5141 3350/5519/5143
f 3327/5541/5163 3330/5542/5164 3343/5543/5165
f 3343/5543/5165 3330/5542/5164 3359/5544/5166
f 3331/5545/5127 3360/5546/5167 3328/5547/5128
f 3328/5547/5128 3360/5546/5167 3329/5548/5168
f 3328/5549/5123 3327/5550/5125 3332/5551/5169
f 3332/5551/5169 3327/5550/5125 3361/5552/5170
f 3332/5551/5169 3361/5552/5170 3333/5553/5171
f 3333/5553/5171 3361/5552/5170 3362/5554/5172
f 3333/5553/5171 3362/5554/5172 3334/5555/5173
f 3334/5555/5173 3362/5554/5172 3363/5556/5174
f 3334/5555/5173 3363/5556/5174 3335/5557/5175
f 3335/5557/5175 3363/5556/5174 3364/5558/5176
f 3335/5557/5175 3364/5558/5176 3336/5559/5177
f 3336/5559/5177 3364/5558/5176 3365/5560/5178
f 3336/5559/5177 3365/5560/5178 3337/5561/5179
f 3337/5561/5179 3365/5560/5178 3323/5562/5180
f 3306/5563/5181 3366/5564/5182 3307/5565/5183
f 3307/5565/5183 3366/5564/5182 3309/5566/5184
f 3317/5567/5185 3316/5568/5186 3320/5569/5187
f 3320/5569/5187 3316/5568/5186 3326/5570/5188
f 3343/5571/5142 3359/5572/5189 3331/5573/5144
f 3331/5573/5144 3359/5572/5189 3360/5574/5190
f 3360/5575/5191 3359/5576/5192 3329/5577/5193
f 3329/5577/5193 3359/5576/5192 3330/5578/5194
f 3343/5579/5165 3348/5580/5195 3327/5581/5163
f 3327/5581/5163 3348/5580/5195 3361/5582/5196
f 3361/5582/5196 3348/5580/5195 3347/5583/5197
f 3361/5582/5196 3347/5583/5197 3362/5584/5198
f 3362/5584/5198 3347/5583/5197 3346/5585/5199
f 3362/5584/5198 3346/5585/5199 3363/5586/5200
f 3363/5586/5200 3346/5585/5199 3345/5587/5201
f 3363/5586/5200 3345/5587/5201 3364/5588/5202
f 3364/5588/5202 3345/5587/5201 3344/5589/5203
f 3364/5588/5202 3344/5589/5203 3365/5590/5204
f 3365/5590/5204 3344/5589/5203 3312/5591/5114
f 3365/5590/5204 3312/5591/5114 3323/5592/5112
f 3310/5593/5205 3309/5594/5206 3321/5595/5207
f 3321/5595/5207 3309/5594/5206 3366/5596/5208
f 3314/5597/5209 3313/5598/5139 3324/5599/5210
f 3324/5599/5210 3313/5598/5139 3337/5600/5140
f 3306/5601/5211 3305/5602/5212 3366/5603/5213
f 3366/5603/5213 3305/5602/5212 3319/5604/5214
f 3366/5603/5213 3319/5604/5214 3326/5605/5215
f 3326/5605/5215 3319/5604/5214 3320/5606/5216
f 3325/5607/5217 3337/5608/5179 3326/5605/5215
f 3326/5605/5215 3337/5608/5179 3323/5609/5180
f 3326/5605/5215 3323/5609/5180 3366/5603/5213
f 3366/5603/5213 3323/5609/5180 3321/5610/5218
f 3321/5610/5218 3323/5609/5180 3322/5611/5219
f 3325/5607/5217 3324/5612/5220 3337/5608/5179
g Body9:1

v 7.794791 3.750000 -3.500000
v 7.794791 3.550000 -3.300000
v 7.444791 3.550000 -3.300000
v 7.444791 3.750000 -3.500000
v 7.444791 3.550000 0.000000
v 7.444791 3.315000 0.000000
v 7.444791 3.115000 0.200000
v 7.444791 3.115000 2.595509
v 7.444791 4.515000 2.595509
v 7.444791 4.515000 0.200000
v 7.444791 4.315000 0.000000
v 7.444791 4.080000 0.000000
v 7.444791 4.080000 -3.300000
v 7.444791 3.880000 -3.500000
v 7.794791 3.880000 -3.500000
v 7.794791 4.080000 -3.300000
v 7.794791 3.315000 0.000000
v 7.794791 3.115000 0.200000
v 7.794791 3.115000 2.595509
v 7.794791 4.515000 0.200000
v 7.794791 4.315000 0.000000
v 7.794791 4.080000 0.000000
v 7.344791 3.115000 3.045509
v 7.344791 4.515000 3.045509
v 5.339282 4.515000 3.045509
v 5.339282 3.115000 3.045509
v 7.344791 4.515000 2.695509
v 7.461259 4.515000 3.030175
v 7.569791 4.515000 2.985220
v 7.662989 4.515000 2.913707
v 7.734502 4.515000 2.820509
v 7.779457 4.515000 2.711977
v 7.794791 4.515000 2.595509
v 7.441383 4.515000 2.621391
v 7.431393 4.515000 2.645509
v 7.415501 4.515000 2.666220
v 7.394791 4.515000 2.682111
v 7.370673 4.515000 2.692101
v 7.344791 3.115000 2.695509
v 7.441383 3.115000 2.621391
v 7.431393 3.115000 2.645509
v 7.415501 3.115000 2.666220
v 7.394791 3.115000 2.682111
v 7.370673 3.115000 2.692101
v 7.370673 4.048333 2.692101
v 7.370673 3.581667 2.692101
v 7.394791 4.048333 2.682111
v 7.394791 3.581667 2.682111
v 7.415501 4.048333 2.666220
v 7.415501 3.581667 2.666220
v 7.431393 4.048333 2.645509
v 7.431393 3.581667 2.645509
v 7.441383 4.048333 2.621391
v 7.441383 3.581667 2.621391
v 5.339282 3.115000 2.695509
v 5.339282 4.515000 2.695509
v 7.461259 3.115000 3.030175
v 7.569791 3.115000 2.985220
v 7.662989 3.115000 2.913707
v 7.734502 3.115000 2.820509
v 7.779457 3.115000 2.711977
v 7.794791 3.550000 0.000000
vt 0.014142 0.017500 0.000000
vt -0.014142 0.017500 0.000000
vt 0.014142 -0.017500 0.000000
vt -0.014142 -0.017500 0.000000
vt -0.580000 -0.026500 0.000000
vt -0.250000 -0.026500 0.000000
vt -0.600000 -0.006500 0.000000
vt -0.600000 0.006500 0.000000
vt -0.250000 0.026500 0.000000
vt -0.580000 0.026500 0.000000
vt 0.009551 -0.070000 0.000000
vt -0.250000 -0.050000 0.000000
vt -0.230000 -0.070000 0.000000
vt 0.009551 0.070000 0.000000
vt -0.250000 0.050000 0.000000
vt -0.230000 0.070000 0.000000
vt -0.033000 -0.017500 0.000000
vt -0.020000 -0.017500 0.000000
vt -0.033000 0.017500 0.000000
vt -0.020000 0.017500 0.000000
vt 0.014142 0.017500 0.000000
vt -0.014142 0.017500 0.000000
vt 0.014142 -0.017500 0.000000
vt -0.014142 -0.017500 0.000000
vt 0.014142 0.017500 0.000000
vt -0.014142 0.017500 0.000000
vt 0.014142 -0.017500 0.000000
vt -0.014142 -0.017500 0.000000
vt -0.020000 0.017500 0.000000
vt -0.259551 0.017500 0.000000
vt -0.020000 -0.017500 0.000000
vt -0.259551 -0.017500 0.000000
vt 0.014142 0.017500 0.000000
vt -0.014142 0.017500 0.000000
vt 0.014142 -0.017500 0.000000
vt -0.014142 -0.017500 0.000000
vt -0.020000 0.017500 0.000000
vt -0.043500 0.017500 0.000000
vt -0.020000 -0.017500 0.000000
vt -0.043500 -0.017500 0.000000
vt -0.049449 0.070000 0.000000
vt -0.250000 0.070000 0.000000
vt -0.049449 -0.070000 0.000000
vt -0.250000 -0.070000 0.000000
vt -0.000000 0.000000 0.000000
vt 0.035000 -0.000000 0.000000
vt -0.000341 0.002588 0.000000
vt 0.033467 0.011647 0.000000
vt -0.001340 0.005000 0.000000
vt 0.028971 0.022500 0.000000
vt -0.002929 0.007071 0.000000
vt 0.021820 0.031820 0.000000
vt -0.005000 0.008660 0.000000
vt 0.012500 0.038971 0.000000
vt -0.007412 0.009659 0.000000
vt 0.001647 0.043467 0.000000
vt -0.010000 0.010000 0.000000
vt -0.010000 0.045000 0.000000
vt 0.070000 0.013090 0.000000
vt 0.070000 0.015708 0.000000
vt 0.023333 0.013090 0.000000
vt -0.070000 0.015708 0.000000
vt -0.023333 0.013090 0.000000
vt -0.070000 0.013090 0.000000
vt -0.023333 0.010472 0.000000
vt -0.070000 0.010472 0.000000
vt -0.023333 0.007854 0.000000
vt -0.070000 0.007854 0.000000
vt -0.023333 0.005236 0.000000
vt -0.070000 0.005236 0.000000
vt -0.023333 0.002618 0.000000
vt -0.070000 0.002618 0.000000
vt -0.070000 0.000000 0.000000
vt 0.070000 0.000000 0.000000
vt 0.023333 0.002618 0.000000
vt 0.023333 0.005236 0.000000
vt 0.023333 0.007854 0.000000
vt 0.023333 0.010472 0.000000
vt 0.070000 0.002618 0.000000
vt 0.070000 0.005236 0.000000
vt 0.070000 0.007854 0.000000
vt 0.070000 0.010472 0.000000
vt -0.299449 0.017500 0.000000
vt -0.500000 0.017500 0.000000
vt -0.299449 -0.017500 0.000000
vt -0.500000 -0.017500 0.000000
vt -0.200551 -0.017500 0.000000
vt -0.000000 -0.017500 0.000000
vt -0.200551 0.017500 0.000000
vt -0.000000 0.017500 0.000000
vt 0.070000 0.070686 0.000000
vt -0.070000 0.070686 0.000000
vt 0.070000 0.058905 0.000000
vt -0.070000 0.058905 0.000000
vt 0.070000 0.047124 0.000000
vt -0.070000 0.047124 0.000000
vt 0.070000 0.035343 0.000000
vt -0.070000 0.035343 0.000000
vt 0.070000 0.023562 0.000000
vt -0.070000 0.023562 0.000000
vt 0.070000 0.011781 0.000000
vt -0.070000 0.011781 0.000000
vt 0.070000 0.000000 0.000000
vt -0.070000 0.000000 0.000000
vt -0.020000 0.017500 0.000000
vt -0.350000 0.017500 0.000000
vt -0.020000 -0.017500 0.000000
vt -0.350000 -0.017500 0.000000
vt -0.330000 -0.017500 0.000000
vt -0.000000 -0.017500 0.000000
vt -0.330000 0.017500 0.000000
vt -0.000000 0.017500 0.000000
vt 0.049449 -0.070000 0.000000
vt 0.250000 -0.070000 0.000000
vt 0.049449 0.070000 0.000000
vt 0.250000 0.070000 0.000000
vt -0.140000 -0.017500 0.000000
vt -0.000000 -0.017500 0.000000
vt -0.140000 0.017500 0.000000
vt -0.000000 0.017500 0.000000
vt 0.035000 0.000000 0.000000
vt 0.035341 0.002588 0.000000
vt 0.000000 0.000000 0.000000
vt 0.001533 0.011647 0.000000
vt 0.036340 0.005000 0.000000
vt 0.006029 0.022500 0.000000
vt 0.037929 0.007071 0.000000
vt 0.013180 0.031820 0.000000
vt 0.040000 0.008660 0.000000
vt 0.022500 0.038971 0.000000
vt 0.042412 0.009659 0.000000
vt 0.033353 0.043467 0.000000
vt 0.045000 0.010000 0.000000
vt 0.045000 0.045000 0.000000
vt -0.120000 -0.017500 0.000000
vt -0.096500 -0.017500 0.000000
vt -0.120000 0.017500 0.000000
vt -0.096500 0.017500 0.000000
vt -0.480000 -0.017500 0.000000
vt -0.240449 -0.017500 0.000000
vt -0.480000 0.017500 0.000000
vt -0.240449 0.017500 0.000000
vt 0.580000 -0.026500 0.000000
vt 0.600000 -0.006500 0.000000
vt 0.250000 -0.026500 0.000000
vt 0.600000 0.006500 0.000000
vt 0.250000 0.026500 0.000000
vt 0.580000 0.026500 0.000000
vt 0.250000 0.050000 0.000000
vt -0.009551 0.070000 0.000000
vt -0.009551 -0.070000 0.000000
vt 0.250000 -0.050000 0.000000
vt 0.230000 -0.070000 0.000000
vt 0.230000 0.070000 0.000000
vn -0.000000 -0.070711 -0.070711
vn -0.000000 -0.070711 -0.070711
vn -0.000000 -0.070711 -0.070711
vn -0.000000 -0.070711 -0.070711
vn -0.100000 0.000000 0.000000
vn -0.100000 0.000000 0.000000
vn -0.100000 0.000000 0.000000
vn -0.100000 0.000000 0.000000
vn -0.100000 0.000000 0.000000
vn -0.100000 0.000000 0.000000
vn -0.100000 0.000000 0.000000
vn -0.100000 0.000000 0.000000
vn -0.100000 0.000000 0.000000
vn -0.100000 0.000000 0.000000
vn -0.100000 0.000000 0.000000
vn -0.100000 0.000000 0.000000
vn -0.000000 -0.000000 -0.100000
vn -0.000000 -0.000000 -0.100000
vn -0.000000 -0.000000 -0.100000
vn -0.000000 -0.000000 -0.100000
vn 0.000000 0.070711 -0.070711
vn 0.000000 0.070711 -0.070711
vn 0.000000 0.070711 -0.070711
vn 0.000000 0.070711 -0.070711
vn -0.000000 -0.070711 -0.070711
vn -0.000000 -0.070711 -0.070711
vn -0.000000 -0.070711 -0.070711
vn -0.000000 -0.070711 -0.070711
vn -0.000000 -0.100000 0.000000
vn -0.000000 -0.100000 0.000000
vn -0.000000 -0.100000 0.000000
vn -0.000000 -0.100000 0.000000
vn 0.000000 0.070711 -0.070711
vn 0.000000 0.070711 -0.070711
vn 0.000000 0.070711 -0.070711
vn 0.000000 0.070711 -0.070711
vn -0.000000 -0.000000 -0.100000
vn -0.000000 -0.000000 -0.100000
vn -0.000000 -0.000000 -0.100000
vn -0.000000 -0.000000 -0.100000
vn -0.000000 0.000000 0.100000
vn -0.000000 0.000000 0.100000
vn -0.000000 0.000000 0.100000
vn -0.000000 0.000000 0.100000
vn 0.000000 0.100000 -0.000000
vn 0.000000 0.100000 -0.000000
vn 0.000000 0.100000 -0.000000
vn 0.000000 0.100000 -0.000000
vn 0.000000 0.100000 -0.000000
vn 0.000000 0.100000 -0.000000
vn 0.000000 0.100000 -0.000000
vn 0.000000 0.100000 -0.000000
vn 0.000000 0.100000 -0.000000
vn 0.000000 0.100000 -0.000000
vn 0.000000 0.100000 -0.000000
vn 0.000000 0.100000 -0.000000
vn 0.000000 0.100000 -0.000000
vn 0.000000 0.100000 -0.000000
vn -0.025882 0.000000 -0.096593
vn -0.000000 -0.000000 -0.100000
vn -0.025882 0.000000 -0.096593
vn -0.000000 -0.000000 -0.100000
vn -0.025882 0.000000 -0.096593
vn -0.025882 0.000000 -0.096593
vn -0.050000 0.000000 -0.086603
vn -0.050000 0.000000 -0.086603
vn -0.070711 0.000000 -0.070711
vn -0.070711 0.000000 -0.070711
vn -0.086603 0.000000 -0.050000
vn -0.086603 0.000000 -0.050000
vn -0.096593 0.000000 -0.025882
vn -0.096593 0.000000 -0.025882
vn -0.096593 0.000000 -0.025882
vn -0.086603 0.000000 -0.050000
vn -0.070711 0.000000 -0.070711
vn -0.050000 0.000000 -0.086603
vn -0.096593 0.000000 -0.025882
vn -0.086603 0.000000 -0.050000
vn -0.070711 0.000000 -0.070711
vn -0.050000 0.000000 -0.086603
vn -0.000000 -0.100000 0.000000
vn -0.000000 -0.100000 0.000000
vn -0.000000 -0.100000 0.000000
vn -0.000000 -0.100000 0.000000
vn 0.000000 0.100000 -0.000000
vn 0.000000 0.100000 -0.000000
vn 0.025882 -0.000000 0.096593
vn 0.025882 -0.000000 0.096593
vn 0.050000 -0.000000 0.086603
vn 0.050000 -0.000000 0.086603
vn 0.070711 -0.000000 0.070711
vn 0.070711 -0.000000 0.070711
vn 0.086603 -0.000000 0.050000
vn 0.086603 -0.000000 0.050000
vn 0.096593 -0.000000 0.025882
vn 0.096593 -0.000000 0.025882
vn 0.100000 -0.000000 -0.000000
vn 0.100000 -0.000000 -0.000000
vn -0.000000 -0.100000 0.000000
vn -0.000000 -0.100000 0.000000
vn -0.000000 -0.100000 0.000000
vn -0.000000 -0.100000 0.000000
vn 0.000000 0.100000 -0.000000
vn 0.000000 0.100000 -0.000000
vn 0.000000 0.100000 -0.000000
vn 0.000000 0.100000 -0.000000
vn 0.000000 -0.000000 -0.100000
vn 0.000000 -0.000000 -0.100000
vn -0.100000 0.000000 -0.000000
vn -0.100000 0.000000 -0.000000
vn -0.100000 0.000000 -0.000000
vn -0.100000 0.000000 -0.000000
vn -0.000000 -0.100000 0.000000
vn -0.000000 -0.100000 0.000000
vn -0.000000 -0.100000 0.000000
vn -0.000000 -0.100000 0.000000
vn -0.000000 -0.100000 0.000000
vn -0.000000 -0.100000 0.000000
vn -0.000000 -0.100000 0.000000
vn -0.000000 -0.100000 0.000000
vn -0.000000 -0.100000 0.000000
vn -0.000000 -0.100000 0.000000
vn -0.000000 -0.000000 -0.100000
vn -0.000000 -0.000000 -0.100000
vn -0.000000 -0.000000 -0.100000
vn -0.000000 -0.000000 -0.100000
vn 0.000000 0.100000 -0.000000
vn 0.000000 0.100000 -0.000000
vn 0.100000 -0.000000 -0.000000
vn 0.100000 -0.000000 -0.000000
vn 0.100000 -0.000000 -0.000000
vn 0.100000 -0.000000 -0.000000
vn 0.100000 -0.000000 -0.000000
vn 0.100000 -0.000000 -0.000000
vn 0.100000 -0.000000 -0.000000
vn 0.100000 -0.000000 -0.000000
vn 0.100000 -0.000000 -0.000000
vn 0.100000 -0.000000 -0.000000
f 3367/5613/5221 3368/5614/5222 3370/5615/5223
f 3370/5615/5223 3368/5614/5222 3369/5616/5224
f 3369/5617/5225 3371/5618/5226 3370/5619/5227
f 3370/5619/5227 3371/5618/5226 3380/5620/5228
f 3380/5620/5228 3371/5618/5226 3378/5621/5229
f 3380/5620/5228 3378/5621/5229 3379/5622/5230
f 3378/5621/5229 3371/5618/5226 3374/5623/5231
f 3374/5623/5231 3371/5618/5226 3372/5624/5232
f 3374/5623/5231 3372/5624/5232 3373/5625/5233
f 3374/5623/5231 3375/5626/5234 3378/5621/5229
f 3378/5621/5229 3375/5626/5234 3377/5627/5235
f 3377/5627/5235 3375/5626/5234 3376/5628/5236
f 3370/5629/5237 3380/5630/5238 3367/5631/5239
f 3367/5631/5239 3380/5630/5238 3381/5632/5240
f 3382/5633/5241 3381/5634/5242 3379/5635/5243
f 3379/5635/5243 3381/5634/5242 3380/5636/5244
f 3383/5637/5245 3384/5638/5246 3372/5639/5247
f 3372/5639/5247 3384/5638/5246 3373/5640/5248
f 3384/5641/5249 3385/5642/5250 3373/5643/5251
f 3373/5643/5251 3385/5642/5250 3374/5644/5252
f 3386/5645/5253 3387/5646/5254 3376/5647/5255
f 3376/5647/5255 3387/5646/5254 3377/5648/5256
f 3387/5649/5257 3388/5650/5258 3377/5651/5259
f 3377/5651/5259 3388/5650/5258 3378/5652/5260
f 3390/5653/5261 3391/5654/5262 3389/5655/5263
f 3389/5655/5263 3391/5654/5262 3392/5656/5264
f 3393/5657/5265 3390/5658/5266 3404/5659/5267
f 3404/5659/5267 3390/5658/5266 3394/5660/5268
f 3404/5659/5267 3394/5660/5268 3403/5661/5269
f 3403/5661/5269 3394/5660/5268 3395/5662/5270
f 3403/5661/5269 3395/5662/5270 3402/5663/5271
f 3402/5663/5271 3395/5662/5270 3396/5664/5272
f 3402/5663/5271 3396/5664/5272 3401/5665/5273
f 3401/5665/5273 3396/5664/5272 3397/5666/5274
f 3401/5665/5273 3397/5666/5274 3400/5667/5275
f 3400/5667/5275 3397/5666/5274 3398/5668/5276
f 3400/5667/5275 3398/5668/5276 3375/5669/5277
f 3375/5669/5277 3398/5668/5276 3399/5670/5278
f 3410/5671/5279 3405/5672/5280 3412/5673/5281
f 3412/5673/5281 3405/5672/5280 3393/5674/5282
f 3412/5673/5281 3393/5674/5282 3411/5675/5283
f 3411/5675/5283 3393/5674/5282 3404/5676/5284
f 3411/5675/5283 3404/5676/5284 3413/5677/5285
f 3413/5677/5285 3404/5676/5284 3403/5678/5286
f 3413/5677/5285 3403/5678/5286 3415/5679/5287
f 3415/5679/5287 3403/5678/5286 3402/5680/5288
f 3415/5679/5287 3402/5680/5288 3417/5681/5289
f 3417/5681/5289 3402/5680/5288 3401/5682/5290
f 3417/5681/5289 3401/5682/5290 3419/5683/5291
f 3419/5683/5291 3401/5682/5290 3400/5684/5292
f 3419/5683/5291 3400/5684/5292 3375/5685/5234
f 3375/5685/5234 3374/5686/5231 3419/5683/5291
f 3419/5683/5291 3374/5686/5231 3420/5687/5293
f 3419/5683/5291 3420/5687/5293 3417/5681/5289
f 3417/5681/5289 3420/5687/5293 3418/5688/5294
f 3417/5681/5289 3418/5688/5294 3415/5679/5287
f 3415/5679/5287 3418/5688/5294 3416/5689/5295
f 3415/5679/5287 3416/5689/5295 3413/5677/5285
f 3413/5677/5285 3416/5689/5295 3414/5690/5296
f 3413/5677/5285 3414/5690/5296 3411/5675/5283
f 3411/5675/5283 3414/5690/5296 3412/5673/5281
f 3374/5686/5231 3406/5691/5297 3420/5687/5293
f 3420/5687/5293 3406/5691/5297 3418/5688/5294
f 3406/5691/5297 3407/5692/5298 3418/5688/5294
f 3418/5688/5294 3407/5692/5298 3416/5689/5295
f 3407/5692/5298 3408/5693/5299 3416/5689/5295
f 3416/5689/5295 3408/5693/5299 3414/5690/5296
f 3408/5693/5299 3409/5694/5300 3414/5690/5296
f 3414/5690/5296 3409/5694/5300 3412/5673/5281
f 3409/5694/5300 3410/5671/5279 3412/5673/5281
f 3389/5695/5301 3392/5696/5302 3405/5697/5303
f 3405/5697/5303 3392/5696/5302 3421/5698/5304
f 3393/5699/5265 3422/5700/5305 3390/5701/5266
f 3390/5701/5266 3422/5700/5305 3391/5702/5306
f 3390/5703/5261 3389/5704/5263 3394/5705/5307
f 3394/5705/5307 3389/5704/5263 3423/5706/5308
f 3394/5705/5307 3423/5706/5308 3395/5707/5309
f 3395/5707/5309 3423/5706/5308 3424/5708/5310
f 3395/5707/5309 3424/5708/5310 3396/5709/5311
f 3396/5709/5311 3424/5708/5310 3425/5710/5312
f 3396/5709/5311 3425/5710/5312 3397/5711/5313
f 3397/5711/5313 3425/5710/5312 3426/5712/5314
f 3397/5711/5313 3426/5712/5314 3398/5713/5315
f 3398/5713/5315 3426/5712/5314 3427/5714/5316
f 3398/5713/5315 3427/5714/5316 3399/5715/5317
f 3399/5715/5317 3427/5714/5316 3385/5716/5318
f 3368/5717/5319 3428/5718/5320 3369/5719/5321
f 3369/5719/5321 3428/5718/5320 3371/5720/5322
f 3379/5721/5323 3378/5722/5324 3382/5723/5325
f 3382/5723/5325 3378/5722/5324 3388/5724/5326
f 3405/5725/5280 3421/5726/5327 3393/5727/5282
f 3393/5727/5282 3421/5726/5327 3422/5728/5328
f 3422/5729/5329 3421/5730/5330 3391/5731/5331
f 3391/5731/5331 3421/5730/5330 3392/5732/5332
f 3405/5733/5303 3410/5734/5333 3389/5735/5301
f 3389/5735/5301 3410/5734/5333 3423/5736/5334
f 3423/5736/5334 3410/5734/5333 3409/5737/5335
f 3423/5736/5334 3409/5737/5335 3424/5738/5336
f 3424/5738/5336 3409/5737/5335 3408/5739/5337
f 3424/5738/5336 3408/5739/5337 3425/5740/5338
f 3425/5740/5338 3408/5739/5337 3407/5741/5339
f 3425/5740/5338 3407/5741/5339 3426/5742/5340
f 3426/5742/5340 3407/5741/5339 3406/5743/5341
f 3426/5742/5340 3406/5743/5341 3427/5744/5342
f 3427/5744/5342 3406/5743/5341 3374/5745/5252
f 3427/5744/5342 3374/5745/5252 3385/5746/5250
f 3372/5747/5343 3371/5748/5344 3383/5749/5345
f 3383/5749/5345 3371/5748/5344 3428/5750/5346
f 3376/5751/5347 3375/5752/5277 3386/5753/5348
f 3386/5753/5348 3375/5752/5277 3399/5754/5278
f 3368/5755/5349 3367/5756/5350 3428/5757/5351
f 3428/5757/5351 3367/5756/5350 3381/5758/5352
f 3428/5757/5351 3381/5758/5352 3388/5759/5353
f 3388/5759/5353 3381/5758/5352 3382/5760/5354
f 3387/5761/5355 3399/5762/5317 3388/5759/5353
f 3388/5759/5353 3399/5762/5317 3385/5763/5318
f 3388/5759/5353 3385/5763/5318 3428/5757/5351
f 3428/5757/5351 3385/5763/5318 3383/5764/5356
f 3383/5764/5356 3385/5763/5318 3384/5765/5357
f 3387/5761/5355 3386/5766/5358 3399/5762/5317
g Body10:1

v 7.794791 6.290000 -3.500000
v 7.794791 6.090000 -3.300000
v 7.444791 6.090000 -3.300000
v 7.444791 6.290000 -3.500000
v 7.444791 6.090000 0.000000
v 7.444791 5.855000 0.000000
v 7.444791 5.655000 0.200000
v 7.444791 5.655000 2.595509
v 7.444791 7.055000 2.595509
v 7.444791 7.055000 0.200000
v 7.444791 6.855000 0.000000
v 7.444791 6.620000 0.000000
v 7.444791 6.620000 -3.300000
v 7.444791 6.420000 -3.500000
v 7.794791 6.420000 -3.500000
v 7.794791 6.620000 -3.300000
v 7.794791 5.855000 0.000000
v 7.794791 5.655000 0.200000
v 7.794791 5.655000 2.595509
v 7.794791 7.055000 0.200000
v 7.794791 6.855000 0.000000
v 7.794791 6.620000 0.000000
v 7.344791 5.655000 3.045509
v 7.344791 7.055000 3.045509
v 5.339282 7.055000 3.045509
v 5.339282 5.655000 3.045509
v 7.344791 7.055000 2.695509
v 7.461259 7.055000 3.030175
v 7.569791 7.055000 2.985220
v 7.662989 7.055000 2.913707
v 7.734502 7.055000 2.820509
v 7.779457 7.055000 2.711977
v 7.794791 7.055000 2.595509
v 7.441383 7.055000 2.621391
v 7.431393 7.055000 2.645509
v 7.415501 7.055000 2.666220
v 7.394791 7.055000 2.682111
v 7.370673 7.055000 2.692101
v 7.344791 5.655000 2.695509
v 7.441383 5.655000 2.621391
v 7.431393 5.655000 2.645509
v 7.415501 5.655000 2.666220
v 7.394791 5.655000 2.682111
v 7.370673 5.655000 2.692101
v 7.370673 6.588333 2.692101
v 7.370673 6.121667 2.692101
v 7.394791 6.588333 2.682111
v 7.394791 6.121667 2.682111
v 7.415501 6.588333 2.666220
v 7.415501 6.121667 2.666220
v 7.431393 6.588333 2.645509
v 7.431393 6.121667 2.645509
v 7.441383 6.588333 2.621391
v 7.441383 6.121667 2.621391
v 5.339282 5.655000 2.695509
v 5.339282 7.055000 2.695509
v 7.461259 5.655000 3.030175
v 7.569791 5.655000 2.985220
v 7.662989 5.655000 2.913707
v 7.734502 5.655000 2.820509
v 7.779457 5.655000 2.711977
v 7.794791 6.090000 0.000000
vt 0.014142 0.017500 0.000000
vt -0.014142 0.017500 0.000000
vt 0.014142 -0.017500 0.000000
vt -0.014142 -0.017500 0.000000
vt -0.580000 -0.026500 0.000000
vt -0.250000 -0.026500 0.000000
vt -0.600000 -0.006500 0.000000
vt -0.600000 0.006500 0.000000
vt -0.250000 0.026500 0.000000
vt -0.580000 0.026500 0.000000
vt 0.009551 -0.070000 0.000000
vt -0.250000 -0.050000 0.000000
vt -0.230000 -0.070000 0.000000
vt 0.009551 0.070000 0.000000
vt -0.250000 0.050000 0.000000
vt -0.230000 0.070000 0.000000
vt -0.033000 -0.017500 0.000000
vt -0.020000 -0.017500 0.000000
vt -0.033000 0.017500 0.000000
vt -0.020000 0.017500 0.000000
vt 0.014142 0.017500 0.000000
vt -0.014142 0.017500 0.000000
vt 0.014142 -0.017500 0.000000
vt -0.014142 -0.017500 0.000000
vt 0.014142 0.017500 0.000000
vt -0.014142 0.017500 0.000000
vt 0.014142 -0.017500 0.000000
vt -0.014142 -0.017500 0.000000
vt -0.020000 0.017500 0.000000
vt -0.259551 0.017500 0.000000
vt -0.020000 -0.017500 0.000000
vt -0.259551 -0.017500 0.000000
vt 0.014142 0.017500 0.000000
vt -0.014142 0.017500 0.000000
vt 0.014142 -0.017500 0.000000
vt -0.014142 -0.017500 0.000000
vt -0.020000 0.017500 0.000000
vt -0.043500 0.017500 0.000000
vt -0.020000 -0.017500 0.000000
vt -0.043500 -0.017500 0.000000
vt -0.049449 0.070000 0.000000
vt -0.250000 0.070000 0.000000
vt -0.049449 -0.070000 0.000000
vt -0.250000 -0.070000 0.000000
vt -0.000000 0.000000 0.000000
vt 0.035000 -0.000000 0.000000
vt -0.000341 0.002588 0.000000
vt 0.033467 0.011647 0.000000
vt -0.001340 0.005000 0.000000
vt 0.028971 0.022500 0.000000
vt -0.002929 0.007071 0.000000
vt 0.021820 0.031820 0.000000
vt -0.005000 0.008660 0.000000
vt 0.012500 0.038971 0.000000
vt -0.007412 0.009659 0.000000
vt 0.001647 0.043467 0.000000
vt -0.010000 0.010000 0.000000
vt -0.010000 0.045000 0.000000
vt 0.070000 0.013090 0.000000
vt 0.070000 0.015708 0.000000
vt 0.023333 0.013090 0.000000
vt -0.070000 0.015708 0.000000
vt -0.023333 0.013090 0.000000
vt -0.070000 0.013090 0.000000
vt -0.023333 0.010472 0.000000
vt -0.070000 0.010472 0.000000
vt -0.023333 0.007854 0.000000
vt -0.070000 0.007854 0.000000
vt -0.023333 0.005236 0.000000
vt -0.070000 0.005236 0.000000
vt -0.023333 0.002618 0.000000
vt -0.070000 0.002618 0.000000
vt -0.070000 0.000000 0.000000
vt 0.070000 0.000000 0.000000
vt 0.023333 0.002618 0.000000
vt 0.023333 0.005236 0.000000
vt 0.023333 0.007854 0.000000
vt 0.023333 0.010472 0.000000
vt 0.070000 0.002618 0.000000
vt 0.070000 0.005236 0.000000
vt 0.070000 0.007854 0.000000
vt 0.070000 0.010472 0.000000
vt -0.299449 0.017500 0.000000
vt -0.500000 0.017500 0.000000
vt -0.299449 -0.017500 0.000000
vt -0.500000 -0.017500 0.000000
vt -0.200551 -0.017500 0.000000
vt -0.000000 -0.017500 0.000000
vt -0.200551 0.017500 0.000000
vt -0.000000 0.017500 0.000000
vt 0.070000 0.070686 0.000000
vt -0.070000 0.070686 0.000000
vt 0.070000 0.058905 0.000000
vt -0.070000 0.058905 0.000000
vt 0.070000 0.047124 0.000000
vt -0.070000 0.047124 0.000000
vt 0.070000 0.035343 0.000000
vt -0.070000 0.035343 0.000000
vt 0.070000 0.023562 0.000000
vt -0.070000 0.023562 0.000000
vt 0.070000 0.011781 0.000000
vt -0.070000 0.011781 0.000000
vt 0.070000 0.000000 0.000000
vt -0.070000 0.000000 0.000000
vt -0.020000 0.017500 0.000000
vt -0.350000 0.017500 0.000000
vt -0.020000 -0.017500 0.000000
vt -0.350000 -0.017500 0.000000
vt -0.330000 -0.017500 0.000000
vt -0.000000 -0.017500 0.000000
vt -0.330000 0.017500 0.000000
vt -0.000000 0.017500 0.000000
vt 0.049449 -0.070000 0.000000
vt 0.250000 -0.070000 0.000000
vt 0.049449 0.070000 0.000000
vt 0.250000 0.070000 0.000000
vt -0.140000 -0.017500 0.000000
vt -0.000000 -0.017500 0.000000
vt -0.140000 0.017500 0.000000
vt -0.000000 0.017500 0.000000
vt 0.035000 0.000000 0.000000
vt 0.035341 0.002588 0.000000
vt 0.000000 0.000000 0.000000
vt 0.001533 0.011647 0.000000
vt 0.036340 0.005000 0.000000
vt 0.006029 0.022500 0.000000
vt 0.037929 0.007071 0.000000
vt 0.013180 0.031820 0.000000
vt 0.040000 0.008660 0.000000
vt 0.022500 0.038971 0.000000
vt 0.042412 0.009659 0.000000
vt 0.033353 0.043467 0.000000
vt 0.045000 0.010000 0.000000
vt 0.045000 0.045000 0.000000
vt -0.120000 -0.017500 0.000000
vt -0.096500 -0.017500 0.000000
vt -0.120000 0.017500 0.000000
vt -0.096500 0.017500 0.000000
vt -0.480000 -0.017500 0.000000
vt -0.240449 -0.017500 0.000000
vt -0.480000 0.017500 0.000000
vt -0.240449 0.017500 0.000000
vt 0.580000 -0.026500 0.000000
vt 0.600000 -0.006500 0.000000
vt 0.250000 -0.026500 0.000000
vt 0.600000 0.006500 0.000000
vt 0.250000 0.026500 0.000000
vt 0.580000 0.026500 0.000000
vt 0.250000 0.050000 0.000000
vt -0.009551 0.070000 0.000000
vt -0.009551 -0.070000 0.000000
vt 0.250000 -0.050000 0.000000
vt 0.230000 -0.070000 0.000000
vt 0.230000 0.070000 0.000000
vn -0.000000 -0.070711 -0.070711
vn -0.000000 -0.070711 -0.070711
vn -0.000000 -0.070711 -0.070711
vn -0.000000 -0.070711 -0.070711
vn -0.100000 0.000000 0.000000
vn -0.100000 0.000000 0.000000
vn -0.100000 0.000000 0.000000
vn -0.100000 0.000000 0.000000
vn -0.100000 0.000000 0.000000
vn -0.100000 0.000000 0.000000
vn -0.100000 0.000000 0.000000
vn -0.100000 0.000000 0.000000
vn -0.100000 0.000000 0.000000
vn -0.100000 0.000000 0.000000
vn -0.100000 0.000000 0.000000
vn -0.100000 0.000000 0.000000
vn -0.000000 -0.000000 -0.100000
vn -0.000000 -0.000000 -0.100000
vn -0.000000 -0.000000 -0.100000
vn -0.000000 -0.000000 -0.100000
vn 0.000000 0.070711 -0.070711
vn 0.000000 0.070711 -0.070711
vn 0.000000 0.070711 -0.070711
vn 0.000000 0.070711 -0.070711
vn -0.000000 -0.070711 -0.070711
vn -0.000000 -0.070711 -0.070711
vn -0.000000 -0.070711 -0.070711
vn -0.000000 -0.070711 -0.070711
vn -0.000000 -0.100000 0.000000
vn -0.000000 -0.100000 0.000000
vn -0.000000 -0.100000 0.000000
vn -0.000000 -0.100000 0.000000
vn 0.000000 0.070711 -0.070711
vn 0.000000 0.070711 -0.070711
vn 0.000000 0.070711 -0.070711
vn 0.000000 0.070711 -0.070711
vn -0.000000 -0.000000 -0.100000
vn -0.000000 -0.000000 -0.100000
vn -0.000000 -0.000000 -0.100000
vn -0.000000 -0.000000 -0.100000
vn -0.000000 0.000000 0.100000
vn -0.000000 0.000000 0.100000
vn -0.000000 0.000000 0.100000
vn -0.000000 0.000000 0.100000
vn 0.000000 0.100000 -0.000000
vn 0.000000 0.100000 -0.000000
vn 0.000000 0.100000 -0.000000
vn 0.000000 0.100000 -0.000000
vn 0.000000 0.100000 -0.000000
vn 0.000000 0.100000 -0.000000
vn 0.000000 0.100000 -0.000000
vn 0.000000 0.100000 -0.000000
vn 0.000000 0.100000 -0.000000
vn 0.000000 0.100000 -0.000000
vn 0.000000 0.100000 -0.000000
vn 0.000000 0.100000 -0.000000
vn 0.000000 0.100000 -0.000000
vn 0.000000 0.100000 -0.000000
vn -0.025882 0.000000 -0.096593
vn -0.000000 -0.000000 -0.100000
vn -0.025882 0.000000 -0.096593
vn -0.000000 -0.000000 -0.100000
vn -0.025882 0.000000 -0.096593
vn -0.025882 0.000000 -0.096593
vn -0.050000 0.000000 -0.086603
vn -0.050000 0.000000 -0.086603
vn -0.070711 0.000000 -0.070711
vn -0.070711 0.000000 -0.070711
vn -0.086603 0.000000 -0.050000
vn -0.086603 0.000000 -0.050000
vn -0.096593 0.000000 -0.025882
vn -0.096593 0.000000 -0.025882
vn -0.096593 0.000000 -0.025882
vn -0.086603 0.000000 -0.050000
vn -0.070711 0.000000 -0.070711
vn -0.050000 0.000000 -0.086603
vn -0.096593 0.000000 -0.025882
vn -0.086603 0.000000 -0.050000
vn -0.070711 0.000000 -0.070711
vn -0.050000 0.000000 -0.086603
vn -0.000000 -0.100000 0.000000
vn -0.000000 -0.100000 0.000000
vn -0.000000 -0.100000 0.000000
vn -0.000000 -0.100000 0.000000
vn 0.000000 0.100000 -0.000000
vn 0.000000 0.100000 -0.000000
vn 0.025882 -0.000000 0.096593
vn 0.025882 -0.000000 0.096593
vn 0.050000 -0.000000 0.086603
vn 0.050000 -0.000000 0.086603
vn 0.070711 -0.000000 0.070711
vn 0.070711 -0.000000 0.070711
vn 0.086603 -0.000000 0.050000
vn 0.086603 -0.000000 0.050000
vn 0.096593 -0.000000 0.025882
vn 0.096593 -0.000000 0.025882
vn 0.100000 -0.000000 -0.000000
vn 0.100000 -0.000000 -0.000000
vn -0.000000 -0.100000 0.000000
vn -0.000000 -0.100000 0.000000
vn -0.000000 -0.100000 0.000000
vn -0.000000 -0.100000 0.000000
vn 0.000000 0.100000 -0.000000
vn 0.000000 0.100000 -0.000000
vn 0.000000 0.100000 -0.000000
vn 0.000000 0.100000 -0.000000
vn 0.000000 -0.000000 -0.100000
vn 0.000000 -0.000000 -0.100000
vn -0.100000 0.000000 -0.000000
vn -0.100000 0.000000 -0.000000
vn -0.100000 0.000000 -0.000000
vn -0.100000 0.000000 -0.000000
vn -0.000000 -0.100000 0.000000
vn -0.000000 -0.100000 0.000000
vn -0.000000 -0.100000 0.000000
vn -0.000000 -0.100000 0.000000
vn -0.000000 -0.100000 0.000000
vn -0.000000 -0.100000 0.000000
vn -0.000000 -0.100000 0.000000
vn -0.000000 -0.100000 0.000000
vn -0.000000 -0.100000 0.000000
vn -0.000000 -0.100000 0.000000
vn -0.000000 -0.000000 -0.100000
vn -0.000000 -0.000000 -0.100000
vn -0.000000 -0.000000 -0.100000
vn -0.000000 -0.000000 -0.100000
vn 0.000000 0.100000 -0.000000
vn 0.000000 0.100000 -0.000000
vn 0.100000 -0.000000 -0.000000
vn 0.100000 -0.000000 -0.000000
vn 0.100000 -0.000000 -0.000000
vn 0.100000 -0.000000 -0.000000
vn 0.100000 -0.000000 -0.000000
vn 0.100000 -0.000000 -0.000000
vn 0.100000 -0.000000 -0.000000
vn 0.100000 -0.000000 -0.000000
vn 0.100000 -0.000000 -0.000000
vn 0.100000 -0.000000 -0.000000
f 3429/5767/5359 3430/5768/5360 3432/5769/5361
f 3432/5769/5361 3430/5768/5360 3431/5770/5362
f 3431/5771/5363 3433/5772/5364 3432/5773/5365
f 3432/5773/5365 3433/5772/5364 3442/5774/5366
f 3442/5774/5366 3433/5772/5364 3440/5775/5367
f 3442/5774/5366 3440/5775/5367 3441/5776/5368
f 3440/5775/5367 3433/5772/5364 3436/5777/5369
f 3436/5777/5369 3433/5772/5364 3434/5778/5370
f 3436/5777/5369 3434/5778/5370 3435/5779/5371
f 3436/5777/5369 3437/5780/5372 3440/5775/5367
f 3440/5775/5367 3437/5780/5372 3439/5781/5373
f 3439/5781/5373 3437/5780/5372 3438/5782/5374
f 3432/5783/5375 3442/5784/5376 3429/5785/5377
f 3429/5785/5377 3442/5784/5376 3443/5786/5378
f 3444/5787/5379 3443/5788/5380 3441/5789/5381
f 3441/5789/5381 3443/5788/5380 3442/5790/5382
f 3445/5791/5383 3446/5792/5384 3434/5793/5385
f 3434/5793/5385 3446/5792/5384 3435/5794/5386
f 3446/5795/5387 3447/5796/5388 3435/5797/5389
f 3435/5797/5389 3447/5796/5388 3436/5798/5390
f 3448/5799/5391 3449/5800/5392 3438/5801/5393
f 3438/5801/5393 3449/5800/5392 3439/5802/5394
f 3449/5803/5395 3450/5804/5396 3439/5805/5397
f 3439/5805/5397 3450/5804/5396 3440/5806/5398
f 3452/5807/5399 3453/5808/5400 3451/5809/5401
f 3451/5809/5401 3453/5808/5400 3454/5810/5402
f 3455/5811/5403 3452/5812/5404 3466/5813/5405
f 3466/5813/5405 3452/5812/5404 3456/5814/5406
f 3466/5813/5405 3456/5814/5406 3465/5815/5407
f 3465/5815/5407 3456/5814/5406 3457/5816/5408
f 3465/5815/5407 3457/5816/5408 3464/5817/5409
f 3464/5817/5409 3457/5816/5408 3458/5818/5410
f 3464/5817/5409 3458/5818/5410 3463/5819/5411
f 3463/5819/5411 3458/5818/5410 3459/5820/5412
f 3463/5819/5411 3459/5820/5412 3462/5821/5413
f 3462/5821/5413 3459/5820/5412 3460/5822/5414
f 3462/5821/5413 3460/5822/5414 3437/5823/5415
f 3437/5823/5415 3460/5822/5414 3461/5824/5416
f 3472/5825/5417 3467/5826/5418 3474/5827/5419
f 3474/5827/5419 3467/5826/5418 3455/5828/5420
f 3474/5827/5419 3455/5828/5420 3473/5829/5421
f 3473/5829/5421 3455/5828/5420 3466/5830/5422
f 3473/5829/5421 3466/5830/5422 3475/5831/5423
f 3475/5831/5423 3466/5830/5422 3465/5832/5424
f 3475/5831/5423 3465/5832/5424 3477/5833/5425
f 3477/5833/5425 3465/5832/5424 3464/5834/5426
f 3477/5833/5425 3464/5834/5426 3479/5835/5427
f 3479/5835/5427 3464/5834/5426 3463/5836/5428
f 3479/5835/5427 3463/5836/5428 3481/5837/5429
f 3481/5837/5429 3463/5836/5428 3462/5838/5430
f 3481/5837/5429 3462/5838/5430 3437/5839/5372
f 3437/5839/5372 3436/5840/5369 3481/5837/5429
f 3481/5837/5429 3436/5840/5369 3482/5841/5431
f 3481/5837/5429 3482/5841/5431 3479/5835/5427
f 3479/5835/5427 3482/5841/5431 3480/5842/5432
f 3479/5835/5427 3480/5842/5432 3477/5833/5425
f 3477/5833/5425 3480/5842/5432 3478/5843/5433
f 3477/5833/5425 3478/5843/5433 3475/5831/5423
f 3475/5831/5423 3478/5843/5433 3476/5844/5434
f 3475/5831/5423 3476/5844/5434 3473/5829/5421
f 3473/5829/5421 3476/5844/5434 3474/5827/5419
f 3436/5840/5369 3468/5845/5435 3482/5841/5431
f 3482/5841/5431 3468/5845/5435 3480/5842/5432
f 3468/5845/5435 3469/5846/5436 3480/5842/5432
f 3480/5842/5432 3469/5846/5436 3478/5843/5433
f 3469/5846/5436 3470/5847/5437 3478/5843/5433
f 3478/5843/5433 3470/5847/5437 3476/5844/5434
f 3470/5847/5437 3471/5848/5438 3476/5844/5434
f 3476/5844/5434 3471/5848/5438 3474/5827/5419
f 3471/5848/5438 3472/5825/5417 3474/5827/5419
f 3451/5849/5439 3454/5850/5440 3467/5851/5441
f 3467/5851/5441 3454/5850/5440 3483/5852/5442
f 3455/5853/5403 3484/5854/5443 3452/5855/5404
f 3452/5855/5404 3484/5854/5443 3453/5856/5444
f 3452/5857/5399 3451/5858/5401 3456/5859/5445
f 3456/5859/5445 3451/5858/5401 3485/5860/5446
f 3456/5859/5445 3485/5860/5446 3457/5861/5447
f 3457/5861/5447 3485/5860/5446 3486/5862/5448
f 3457/5861/5447 3486/5862/5448 3458/5863/5449
f 3458/5863/5449 3486/5862/5448 3487/5864/5450
f 3458/5863/5449 3487/5864/5450 3459/5865/5451
f 3459/5865/5451 3487/5864/5450 3488/5866/5452
f 3459/5865/5451 3488/5866/5452 3460/5867/5453
f 3460/5867/5453 3488/5866/5452 3489/5868/5454
f 3460/5867/5453 3489/5868/5454 3461/5869/5455
f 3461/5869/5455 3489/5868/5454 3447/5870/5456
f 3430/5871/5457 3490/5872/5458 3431/5873/5459
f 3431/5873/5459 3490/5872/5458 3433/5874/5460
f 3441/5875/5461 3440/5876/5462 3444/5877/5463
f 3444/5877/5463 3440/5876/5462 3450/5878/5464
f 3467/5879/5418 3483/5880/5465 3455/5881/5420
f 3455/5881/5420 3483/5880/5465 3484/5882/5466
f 3484/5883/5467 3483/5884/5468 3453/5885/5469
f 3453/5885/5469 3483/5884/5468 3454/5886/5470
f 3467/5887/5441 3472/5888/5471 3451/5889/5439
f 3451/5889/5439 3472/5888/5471 3485/5890/5472
f 3485/5890/5472 3472/5888/5471 3471/5891/5473
f 3485/5890/5472 3471/5891/5473 3486/5892/5474
f 3486/5892/5474 3471/5891/5473 3470/5893/5475
f 3486/5892/5474 3470/5893/5475 3487/5894/5476
f 3487/5894/5476 3470/5893/5475 3469/5895/5477
f 3487/5894/5476 3469/5895/5477 3488/5896/5478
f 3488/5896/5478 3469/5895/5477 3468/5897/5479
f 3488/5896/5478 3468/5897/5479 3489/5898/5480
f 3489/5898/5480 3468/5897/5479 3436/5899/5390
f 3489/5898/5480 3436/5899/5390 3447/5900/5388
f 3434/5901/5481 3433/5902/5482 3445/5903/5483
f 3445/5903/5483 3433/5902/5482 3490/5904/5484
f 3438/5905/5485 3437/5906/5415 3448/5907/5486
f 3448/5907/5486 3437/5906/5415 3461/5908/5416
f 3430/5909/5487 3429/5910/5488 3490/5911/5489
f 3490/5911/5489 3429/5910/5488 3443/5912/5490
f 3490/5911/5489 3443/5912/5490 3450/5913/5491
f 3450/5913/5491 3443/5912/5490 3444/5914/5492
f 3449/5915/5493 3461/5916/5455 3450/5913/5491
f 3450/5913/5491 3461/5916/5455 3447/5917/5456
f 3450/5913/5491 3447/5917/5456 3490/5911/5489
f 3490/5911/5489 3447/5917/5456 3445/5918/5494
f 3445/5918/5494 3447/5917/5456 3446/5919/5495
f 3449/5915/5493 3448/5920/5496 3461/5916/5455
g Body11:1

v 7.794791 8.830000 -3.500000
v 7.794791 8.630000 -3.300000
v 7.444791 8.630000 -3.300000
v 7.444791 8.830000 -3.500000
v 7.444791 8.630000 0.000000
v 7.444791 8.395000 0.000000
v 7.444791 8.195000 0.200000
v 7.444791 8.195000 2.595509
v 7.444791 9.595000 2.595509
v 7.444791 9.595000 0.200000
v 7.444791 9.395000 0.000000
v 7.444791 9.160000 0.000000
v 7.444791 9.160000 -3.300000
v 7.444791 8.960000 -3.500000
v 7.794791 8.960000 -3.500000
v 7.794791 9.160000 -3.300000
v 7.794791 8.395000 0.000000
v 7.794791 8.195000 0.200000
v 7.794791 8.195000 2.595509
v 7.794791 9.595000 0.200000
v 7.794791 9.395000 0.000000
v 7.794791 9.160000 0.000000
v 7.344791 8.195000 3.045509
v 7.344791 9.595000 3.045509
v 5.339282 9.595000 3.045509
v 5.339282 8.195000 3.045509
v 7.344791 9.595000 2.695509
v 7.461259 9.595000 3.030175
v 7.569791 9.595000 2.985220
v 7.662989 9.595000 2.913707
v 7.734502 9.595000 2.820509
v 7.779457 9.595000 2.711977
v 7.794791 9.595000 2.595509
v 7.441383 9.595000 2.621391
v 7.431393 9.595000 2.645509
v 7.415501 9.595000 2.666220
v 7.394791 9.595000 2.682111
v 7.370673 9.595000 2.692101
v 7.344791 8.195000 2.695509
v 7.441383 8.195000 2.621391
v 7.431393 8.195000 2.645509
v 7.415501 8.195000 2.666220
v 7.394791 8.195000 2.682111
v 7.370673 8.195000 2.692101
v 7.370673 9.128333 2.692101
v 7.370673 8.661667 2.692101
v 7.394791 9.128333 2.682111
v 7.394791 8.661667 2.682111
v 7.415501 9.128333 2.666220
v 7.415501 8.661667 2.666220
v 7.431393 9.128333 2.645509
v 7.431393 8.661667 2.645509
v 7.441383 9.128333 2.621391
v 7.441383 8.661667 2.621391
v 5.339282 8.195000 2.695509
v 5.339282 9.595000 2.695509
v 7.461259 8.195000 3.030175
v 7.569791 8.195000 2.985220
v 7.662989 8.195000 2.913707
v 7.734502 8.195000 2.820509
v 7.779457 8.195000 2.711977
v 7.794791 8.630000 0.000000
vt 0.014142 0.017500 0.000000
vt -0.014142 0.017500 0.000000
vt 0.014142 -0.017500 0.000000
vt -0.014142 -0.017500 0.000000
vt -0.580000 -0.026500 0.000000
vt -0.250000 -0.026500 0.000000
vt -0.600000 -0.006500 0.000000
vt -0.600000 0.006500 0.000000
vt -0.250000 0.026500 0.000000
vt -0.580000 0.026500 0.000000
vt 0.009551 -0.070000 0.000000
vt -0.250000 -0.050000 0.000000
vt -0.230000 -0.070000 0.000000
vt 0.009551 0.070000 0.000000
vt -0.250000 0.050000 0.000000
vt -0.230000 0.070000 0.000000
vt -0.033000 -0.017500 0.000000
vt -0.020000 -0.017500 0.000000
vt -0.033000 0.017500 0.000000
vt -0.020000 0.017500 0.000000
vt 0.014142 0.017500 0.000000
vt -0.014142 0.017500 0.000000
vt 0.014142 -0.017500 0.000000
vt -0.014142 -0.017500 0.000000
vt 0.014142 0.017500 0.000000
vt -0.014142 0.017500 0.000000
vt 0.014142 -0.017500 0.000000
vt -0.014142 -0.017500 0.000000
vt -0.020000 0.017500 0.000000
vt -0.259551 0.017500 0.000000
vt -0.020000 -0.017500 0.000000
vt -0.259551 -0.017500 0.000000
vt 0.014142 0.017500 0.000000
vt -0.014142 0.017500 0.000000
vt 0.014142 -0.017500 0.000000
vt -0.014142 -0.017500 0.000000
vt -0.020000 0.017500 0.000000
vt -0.043500 0.017500 0.000000
vt -0.020000 -0.017500 0.000000
vt -0.043500 -0.017500 0.000000
vt -0.049449 0.070000 0.000000
vt -0.250000 0.070000 0.000000
vt -0.049449 -0.070000 0.000000
vt -0.250000 -0.070000 0.000000
vt -0.000000 0.000000 0.000000
vt 0.035000 -0.000000 0.000000
vt -0.000341 0.002588 0.000000
vt 0.033467 0.011647 0.000000
vt -0.001340 0.005000 0.000000
vt 0.028971 0.022500 0.000000
vt -0.002929 0.007071 0.000000
vt 0.021820 0.031820 0.000000
vt -0.005000 0.008660 0.000000
vt 0.012500 0.038971 0.000000
vt -0.007412 0.009659 0.000000
vt 0.001647 0.043467 0.000000
vt -0.010000 0.010000 0.000000
vt -0.010000 0.045000 0.000000
vt 0.070000 0.013090 0.000000
vt 0.070000 0.015708 0.000000
vt 0.023333 0.013090 0.000000
vt -0.070000 0.015708 0.000000
vt -0.023333 0.013090 0.000000
vt -0.070000 0.013090 0.000000
vt -0.023333 0.010472 0.000000
vt -0.070000 0.010472 0.000000
vt -0.023333 0.007854 0.000000
vt -0.070000 0.007854 0.000000
vt -0.023333 0.005236 0.000000
vt -0.070000 0.005236 0.000000
vt -0.023333 0.002618 0.000000
vt -0.070000 0.002618 0.000000
vt -0.070000 0.000000 0.000000
vt 0.070000 0.000000 0.000000
vt 0.023333 0.002618 0.000000
vt 0.023333 0.005236 0.000000
vt 0.023333 0.007854 0.000000
vt 0.023333 0.010472 0.000000
vt 0.070000 0.002618 0.000000
vt 0.070000 0.005236 0.000000
vt 0.070000 0.007854 0.000000
vt 0.070000 0.010472 0.000000
vt -0.299449 0.017500 0.000000
vt -0.500000 0.017500 0.000000
vt -0.299449 -0.017500 0.000000
vt -0.500000 -0.017500 0.000000
vt -0.200551 -0.017500 0.000000
vt -0.000000 -0.017500 0.000000
vt -0.200551 0.017500 0.000000
vt -0.000000 0.017500 0.000000
vt 0.070000 0.070686 0.000000
vt -0.070000 0.070686 0.000000
vt 0.070000 0.058905 0.000000
vt -0.070000 0.058905 0.000000
vt 0.070000 0.047124 0.000000
vt -0.070000 0.047124 0.000000
vt 0.070000 0.035343 0.000000
vt -0.070000 0.035343 0.000000
vt 0.070000 0.023562 0.000000
vt -0.070000 0.023562 0.000000
vt 0.070000 0.011781 0.000000
vt -0.070000 0.011781 0.000000
vt 0.070000 0.000000 0.000000
vt -0.070000 0.000000 0.000000
vt -0.020000 0.017500 0.000000
vt -0.350000 0.017500 0.000000
vt -0.020000 -0.017500 0.000000
vt -0.350000 -0.017500 0.000000
vt -0.330000 -0.017500 0.000000
vt -0.000000 -0.017500 0.000000
vt -0.330000 0.017500 0.000000
vt -0.000000 0.017500 0.000000
vt 0.049449 -0.070000 0.000000
vt 0.250000 -0.070000 0.000000
vt 0.049449 0.070000 0.000000
vt 0.250000 0.070000 0.000000
vt -0.140000 -0.017500 0.000000
vt -0.000000 -0.017500 0.000000
vt -0.140000 0.017500 0.000000
vt -0.000000 0.017500 0.000000
vt 0.035000 0.000000 0.000000
vt 0.035341 0.002588 0.000000
vt 0.000000 0.000000 0.000000
vt 0.001533 0.011647 0.000000
vt 0.036340 0.005000 0.000000
vt 0.006029 0.022500 0.000000
vt 0.037929 0.007071 0.000000
vt 0.013180 0.031820 0.000000
vt 0.040000 0.008660 0.000000
vt 0.022500 0.038971 0.000000
vt 0.042412 0.009659 0.000000
vt 0.033353 0.043467 0.000000
vt 0.045000 0.010000 0.000000
vt 0.045000 0.045000 0.000000
vt -0.120000 -0.017500 0.000000
vt -0.096500 -0.017500 0.000000
vt -0.120000 0.017500 0.000000
vt -0.096500 0.017500 0.000000
vt -0.480000 -0.017500 0.000000
vt -0.240449 -0.017500 0.000000
vt -0.480000 0.017500 0.000000
vt -0.240449 0.017500 0.000000
vt 0.580000 -0.026500 0.000000
vt 0.600000 -0.006500 0.000000
vt 0.250000 -0.026500 0.000000
vt 0.600000 0.006500 0.000000
vt 0.250000 0.026500 0.000000
vt 0.580000 0.026500 0.000000
vt 0.250000 0.050000 0.000000
vt -0.009551 0.070000 0.000000
vt -0.009551 -0.070000 0.000000
vt 0.250000 -0.050000 0.000000
vt 0.230000 -0.070000 0.000000
vt 0.230000 0.070000 0.000000
vn -0.000000 -0.070711 -0.070711
vn -0.000000 -0.070711 -0.070711
vn -0.000000 -0.070711 -0.070711
vn -0.000000 -0.070711 -0.070711
vn -0.100000 0.000000 0.000000
vn -0.100000 0.000000 0.000000
vn -0.100000 0.000000 0.000000
vn -0.100000 0.000000 0.000000
vn -0.100000 0.000000 0.000000
vn -0.100000 0.000000 0.000000
vn -0.100000 0.000000 0.000000
vn -0.100000 0.000000 0.000000
vn -0.100000 0.000000 0.000000
vn -0.100000 0.000000 0.000000
vn -0.100000 0.000000 0.000000
vn -0.100000 0.000000 0.000000
vn -0.000000 -0.000000 -0.100000
vn -0.000000 -0.000000 -0.100000
vn -0.000000 -0.000000 -0.100000
vn -0.000000 -0.000000 -0.100000
vn 0.000000 0.070711 -0.070711
vn 0.000000 0.070711 -0.070711
vn 0.000000 0.070711 -0.070711
vn 0.000000 0.070711 -0.070711
vn -0.000000 -0.070711 -0.070711
vn -0.000000 -0.070711 -0.070711
vn -0.000000 -0.070711 -0.070711
vn -0.000000 -0.070711 -0.070711
vn -0.000000 -0.100000 0.000000
vn -0.000000 -0.100000 0.000000
vn -0.000000 -0.100000 0.000000
vn -0.000000 -0.100000 0.000000
vn 0.000000 0.070711 -0.070711
vn 0.000000 0.070711 -0.070711
vn 0.000000 0.070711 -0.070711
vn 0.000000 0.070711 -0.070711
vn -0.000000 -0.000000 -0.100000
vn -0.000000 -0.000000 -0.100000
vn -0.000000 -0.000000 -0.100000
vn -0.000000 -0.000000 -0.100000
vn -0.000000 0.000000 0.100000
vn -0.000000 0.000000 0.100000
vn -0.000000 0.000000 0.100000
vn -0.000000 0.000000 0.100000
vn 0.000000 0.100000 -0.000000
vn 0.000000 0.100000 -0.000000
vn 0.000000 0.100000 -0.000000
vn 0.000000 0.100000 -0.000000
vn 0.000000 0.100000 -0.000000
vn 0.000000 0.100000 -0.000000
vn 0.000000 0.100000 -0.000000
vn 0.000000 0.100000 -0.000000
vn 0.000000 0.100000 -0.000000
vn 0.000000 0.100000 -0.000000
vn 0.000000 0.100000 -0.000000
vn 0.000000 0.100000 -0.000000
vn 0.000000 0.100000 -0.000000
vn 0.000000 0.100000 -0.000000
vn -0.025882 0.000000 -0.096593
vn -0.000000 -0.000000 -0.100000
vn -0.025882 0.000000 -0.096593
vn -0.000000 -0.000000 -0.100000
vn -0.025882 0.000000 -0.096593
vn -0.025882 0.000000 -0.096593
vn -0.050000 0.000000 -0.086603
vn -0.050000 0.000000 -0.086603
vn -0.070711 0.000000 -0.070711
vn -0.070711 0.000000 -0.070711
vn -0.086603 0.000000 -0.050000
vn -0.086603 0.000000 -0.050000
vn -0.096593 0.000000 -0.025882
vn -0.096593 0.000000 -0.025882
vn -0.096593 0.000000 -0.025882
vn -0.086603 0.000000 -0.050000
vn -0.070711 0.000000 -0.070711
vn -0.050000 0.000000 -0.086603
vn -0.096593 0.000000 -0.025882
vn -0.086603 0.000000 -0.050000
vn -0.070711 0.000000 -0.070711
vn -0.050000 0.000000 -0.086603
vn -0.000000 -0.100000 0.000000
vn -0.000000 -0.100000 0.000000
vn -0.000000 -0.100000 0.000000
vn -0.000000 -0.100000 0.000000
vn 0.000000 0.100000 -0.000000
vn 0.000000 0.100000 -0.000000
vn 0.025882 -0.000000 0.096593
vn 0.025882 -0.000000 0.096593
vn 0.050000 -0.000000 0.086603
vn 0.050000 -0.000000 0.086603
vn 0.070711 -0.000000 0.070711
vn 0.070711 -0.000000 0.070711
vn 0.086603 -0.000000 0.050000
vn 0.086603 -0.000000 0.050000
vn 0.096593 -0.000000 0.025882
vn 0.096593 -0.000000 0.025882
vn 0.100000 -0.000000 -0.000000
vn 0.100000 -0.000000 -0.000000
vn -0.000000 -0.100000 0.000000
vn -0.000000 -0.100000 0.000000
vn -0.000000 -0.100000 0.000000
vn -0.000000 -0.100000 0.000000
vn 0.000000 0.100000 -0.000000
vn 0.000000 0.100000 -0.000000
vn 0.000000 0.100000 -0.000000
vn 0.000000 0.100000 -0.000000
vn 0.000000 -0.000000 -0.100000
vn 0.000000 -0.000000 -0.100000
vn -0.100000 0.000000 -0.000000
vn -0.100000 0.000000 -0.000000
vn -0.100000 0.000000 -0.000000
vn -0.100000 0.000000 -0.000000
vn -0.000000 -0.100000 0.000000
vn -0.000000 -0.100000 0.000000
vn -0.000000 -0.100000 0.000000
vn -0.000000 -0.100000 0.000000
vn -0.000000 -0.100000 0.000000
vn -0.000000 -0.100000 0.000000
vn -0.000000 -0.100000 0.000000
vn -0.000000 -0.100000 0.000000
vn -0.000000 -0.100000 0.000000
vn -0.000000 -0.100000 0.000000
vn -0.000000 -0.000000 -0.100000
vn -0.000000 -0.000000 -0.100000
vn -0.000000 -0.000000 -0.100000
vn -0.000000 -0.000000 -0.100000
vn 0.000000 0.100000 -0.000000
vn 0.000000 0.100000 -0.000000
vn 0.100000 -0.000000 -0.000000
vn 0.100000 -0.000000 -0.000000
vn 0.100000 -0.000000 -0.000000
vn 0.100000 -0.000000 -0.000000
vn 0.100000 -0.000000 -0.000000
vn 0.100000 -0.000000 -0.000000
vn 0.100000 -0.000000 -0.000000
vn 0.100000 -0.000000 -0.000000
vn 0.100000 -0.000000 -0.000000
vn 0.100000 -0.000000 -0.000000
f 3491/5921/5497 3492/5922/5498 3494/5923/5499
f 3494/5923/5499 3492/5922/5498 3493/5924/5500
f 3493/5925/5501 3495/5926/5502 3494/5927/5503
f 3494/5927/5503 3495/5926/5502 3504/5928/5504
f 3504/5928/5504 3495/5926/5502 3502/5929/5505
f 3504/5928/5504 3502/5929/5505 3503/5930/5506
f 3502/5929/5505 3495/5926/5502 3498/5931/5507
f 3498/5931/5507 3495/5926/5502 3496/5932/5508
f 3498/5931/5507 3496/5932/5508 3497/5933/5509
f 3498/5931/5507 3499/5934/5510 3502/5929/5505
f 3502/5929/5505 3499/5934/5510 3501/5935/5511
f 3501/5935/5511 3499/5934/5510 3500/5936/5512
f 3494/5937/5513 3504/5938/5514 3491/5939/5515
f 3491/5939/5515 3504/5938/5514 3505/5940/5516
f 3506/5941/5517 3505/5942/5518 3503/5943/5519
f 3503/5943/5519 3505/5942/5518 3504/5944/5520
f 3507/5945/5521 3508/5946/5522 3496/5947/5523
f 3496/5947/5523 3508/5946/5522 3497/5948/5524
f 3508/5949/5525 3509/5950/5526 3497/5951/5527
f 3497/5951/5527 3509/5950/5526 3498/5952/5528
f 3510/5953/5529 3511/5954/5530 3500/5955/5531
f 3500/5955/5531 3511/5954/5530 3501/5956/5532
f 3511/5957/5533 3512/5958/5534 3501/5959/5535
f 3501/5959/5535 3512/5958/5534 3502/5960/5536
f 3514/5961/5537 3515/5962/5538 3513/5963/5539
f 3513/5963/5539 3515/5962/5538 3516/5964/5540
f 3517/5965/5541 3514/5966/5542 3528/5967/5543
f 3528/5967/5543 3514/5966/5542 3518/5968/5544
f 3528/5967/5543 3518/5968/5544 3527/5969/5545
f 3527/5969/5545 3518/5968/5544 3519/5970/5546
f 3527/5969/5545 3519/5970/5546 3526/5971/5547
f 3526/5971/5547 3519/5970/5546 3520/5972/5548
f 3526/5971/5547 3520/5972/5548 3525/5973/5549
f 3525/5973/5549 3520/5972/5548 3521/5974/5550
f 3525/5973/5549 3521/5974/5550 3524/5975/5551
f 3524/5975/5551 3521/5974/5550 3522/5976/5552
f 3524/5975/5551 3522/5976/5552 3499/5977/5553
f 3499/5977/5553 3522/5976/5552 3523/5978/5554
f 3534/5979/5555 3529/5980/5556 3536/5981/5557
f 3536/5981/5557 3529/5980/5556 3517/5982/5558
f 3536/5981/5557 3517/5982/5558 3535/5983/5559
f 3535/5983/5559 3517/5982/5558 3528/5984/5560
f 3535/5983/5559 3528/5984/5560 3537/5985/5561
f 3537/5985/5561 3528/5984/5560 3527/5986/5562
f 3537/5985/5561 3527/5986/5562 3539/5987/5563
f 3539/5987/5563 3527/5986/5562 3526/5988/5564
f 3539/5987/5563 3526/5988/5564 3541/5989/5565
f 3541/5989/5565 3526/5988/5564 3525/5990/5566
f 3541/5989/5565 3525/5990/5566 3543/5991/5567
f 3543/5991/5567 3525/5990/5566 3524/5992/5568
f 3543/5991/5567 3524/5992/5568 3499/5993/5510
f 3499/5993/5510 3498/5994/5507 3543/5991/5567
f 3543/5991/5567 3498/5994/5507 3544/5995/5569
f 3543/5991/5567 3544/5995/5569 3541/5989/5565
f 3541/5989/5565 3544/5995/5569 3542/5996/5570
f 3541/5989/5565 3542/5996/5570 3539/5987/5563
f 3539/5987/5563 3542/5996/5570 3540/5997/5571
f 3539/5987/5563 3540/5997/5571 3537/5985/5561
f 3537/5985/5561 3540/5997/5571 3538/5998/5572
f 3537/5985/5561 3538/5998/5572 3535/5983/5559
f 3535/5983/5559 3538/5998/5572 3536/5981/5557
f 3498/5994/5507 3530/5999/5573 3544/5995/5569
f 3544/5995/5569 3530/5999/5573 3542/5996/5570
f 3530/5999/5573 3531/6000/5574 3542/5996/5570
f 3542/5996/5570 3531/6000/5574 3540/5997/5571
f 3531/6000/5574 3532/6001/5575 3540/5997/5571
f 3540/5997/5571 3532/6001/5575 3538/5998/5572
f 3532/6001/5575 3533/6002/5576 3538/5998/5572
f 3538/5998/5572 3533/6002/5576 3536/5981/5557
f 3533/6002/5576 3534/5979/5555 3536/5981/5557
f 3513/6003/5577 3516/6004/5578 3529/6005/5579
f 3529/6005/5579 3516/6004/5578 3545/6006/5580
f 3517/6007/5541 3546/6008/5581 3514/6009/5542
f 3514/6009/5542 3546/6008/5581 3515/6010/5582
f 3514/6011/5537 3513/6012/5539 3518/6013/5583
f 3518/6013/5583 3513/6012/5539 3547/6014/5584
f 3518/6013/5583 3547/6014/5584 3519/6015/5585
f 3519/6015/5585 3547/6014/5584 3548/6016/5586
f 3519/6015/5585 3548/6016/5586 3520/6017/5587
f 3520/6017/5587 3548/6016/5586 3549/6018/5588
f 3520/6017/5587 3549/6018/5588 3521/6019/5589
f 3521/6019/5589 3549/6018/5588 3550/6020/5590
f 3521/6019/5589 3550/6020/5590 3522/6021/5591
f 3522/6021/5591 3550/6020/5590 3551/6022/5592
f 3522/6021/5591 3551/6022/5592 3523/6023/5593
f 3523/6023/5593 3551/6022/5592 3509/6024/5594
f 3492/6025/5595 3552/6026/5596 3493/6027/5597
f 3493/6027/5597 3552/6026/5596 3495/6028/5598
f 3503/6029/5599 3502/6030/5600 3506/6031/5601
f 3506/6031/5601 3502/6030/5600 3512/6032/5602
f 3529/6033/5556 3545/6034/5603 3517/6035/5558
f 3517/6035/5558 3545/6034/5603 3546/6036/5604
f 3546/6037/5605 3545/6038/5606 3515/6039/5607
f 3515/6039/5607 3545/6038/5606 3516/6040/5608
f 3529/6041/5579 3534/6042/5609 3513/6043/5577
f 3513/6043/5577 3534/6042/5609 3547/6044/5610
f 3547/6044/5610 3534/6042/5609 3533/6045/5611
f 3547/6044/5610 3533/6045/5611 3548/6046/5612
f 3548/6046/5612 3533/6045/5611 3532/6047/5613
f 3548/6046/5612 3532/6047/5613 3549/6048/5614
f 3549/6048/5614 3532/6047/5613 3531/6049/5615
f 3549/6048/5614 3531/6049/5615 3550/6050/5616
f 3550/6050/5616 3531/6049/5615 3530/6051/5617
f 3550/6050/5616 3530/6051/5617 3551/6052/5618
f 3551/6052/5618 3530/6051/5617 3498/6053/5528
f 3551/6052/5618 3498/6053/5528 3509/6054/5526
f 3496/6055/5619 3495/6056/5620 3507/6057/5621
f 3507/6057/5621 3495/6056/5620 3552/6058/5622
f 3500/6059/5623 3499/6060/5553 3510/6061/5624
f 3510/6061/5624 3499/6060/5553 3523/6062/5554
f 3492/6063/5625 3491/6064/5626 3552/6065/5627
f 3552/6065/5627 3491/6064/5626 3505/6066/5628
f 3552/6065/5627 3505/6066/5628 3512/6067/5629
f 3512/6067/5629 3505/6066/5628 3506/6068/5630
f 3511/6069/5631 3523/6070/5593 3512/6067/5629
f 3512/6067/5629 3523/6070/5593 3509/6071/5594
f 3512/6067/5629 3509/6071/5594 3552/6065/5627
f 3552/6065/5627 3509/6071/5594 3507/6072/5632
f 3507/6072/5632 3509/6071/5594 3508/6073/5633
f 3511/6069/5631 3510/6074/5634 3523/6070/5593
g Body12:1

v 7.794791 11.370000 -3.500000
v 7.794791 11.170000 -3.300000
v 7.444791 11.170000 -3.300000
v 7.444791 11.370000 -3.500000
v 7.444791 11.170000 0.000000
v 7.444791 10.935000 0.000000
v 7.444791 10.735000 0.200000
v 7.444791 10.735000 2.595509
v 7.444791 12.135000 2.595509
v 7.444791 12.135000 0.200000
v 7.444791 11.935000 0.000000
v 7.444791 11.700000 0.000000
v 7.444791 11.700000 -3.300000
v 7.444791 11.500000 -3.500000
v 7.794791 11.500000 -3.500000
v 7.794791 11.700000 -3.300000
v 7.794791 10.935000 0.000000
v 7.794791 10.735000 0.200000
v 7.794791 10.735000 2.595509
v 7.794791 12.135000 0.200000
v 7.794791 11.935000 0.000000
v 7.794791 11.700000 0.000000
v 7.344791 10.735000 3.045509
v 7.344791 12.135000 3.045509
v 5.339282 12.135000 3.045509
v 5.339282 10.735000 3.045509
v 7.344791 12.135000 2.695509
v 7.461259 12.135000 3.030175
v 7.569791 12.135000 2.985220
v 7.662989 12.135000 2.913707
v 7.734502 12.135000 2.820509
v 7.779457 12.135000 2.711977
v 7.794791 12.135000 2.595509
v 7.441383 12.135000 2.621391
v 7.431393 12.135000 2.645509
v 7.415501 12.135000 2.666220
v 7.394791 12.135000 2.682111
v 7.370673 12.135000 2.692101
v 7.344791 10.735000 2.695509
v 7.441383 10.735000 2.621391
v 7.431393 10.735000 2.645509
v 7.415501 10.735000 2.666220
v 7.394791 10.735000 2.682111
v 7.370673 10.735000 2.692101
v 7.370673 11.668333 2.692101
v 7.370673 11.201667 2.692101
v 7.394791 11.668333 2.682111
v 7.394791 11.201667 2.682111
v 7.415501 11.668333 2.666220
v 7.415501 11.201667 2.666220
v 7.431393 11.668333 2.645509
v 7.431393 11.201667 2.645509
v 7.441383 11.668333 2.621391
v 7.441383 11.201667 2.621391
v 5.339282 10.735000 2.695509
v 5.339282 12.135000 2.695509
v 7.461259 10.735000 3.030175
v 7.569791 10.735000 2.985220
v 7.662989 10.735000 2.913707
v 7.734502 10.735000 2.820509
v 7.779457 10.735000 2.711977
v 7.794791 11.170000 0.000000
vt 0.014142 0.017500 0.000000
vt -0.014142 0.017500 0.000000
vt 0.014142 -0.017500 0.000000
vt -0.014142 -0.017500 0.000000
vt -0.580000 -0.026500 0.000000
vt -0.250000 -0.026500 0.000000
vt -0.600000 -0.006500 0.000000
vt -0.600000 0.006500 0.000000
vt -0.250000 0.026500 0.000000
vt -0.580000 0.026500 0.000000
vt 0.009551 -0.070000 0.000000
vt -0.250000 -0.050000 0.000000
vt -0.230000 -0.070000 0.000000
vt 0.009551 0.070000 0.000000
vt -0.250000 0.050000 0.000000
vt -0.230000 0.070000 0.000000
vt -0.033000 -0.017500 0.000000
vt -0.020000 -0.017500 0.000000
vt -0.033000 0.017500 0.000000
vt -0.020000 0.017500 0.000000
vt 0.014142 0.017500 0.000000
vt -0.014142 0.017500 0.000000
vt 0.014142 -0.017500 0.000000
vt -0.014142 -0.017500 0.000000
vt 0.014142 0.017500 0.000000
vt -0.014142 0.017500 0.000000
vt 0.014142 -0.017500 0.000000
vt -0.014142 -0.017500 0.000000
vt -0.020000 0.017500 0.000000
vt -0.259551 0.017500 0.000000
vt -0.020000 -0.017500 0.000000
vt -0.259551 -0.017500 0.000000
vt 0.014142 0.017500 0.000000
vt -0.014142 0.017500 0.000000
vt 0.014142 -0.017500 0.000000
vt -0.014142 -0.017500 0.000000
vt -0.020000 0.017500 0.000000
vt -0.043500 0.017500 0.000000
vt -0.020000 -0.017500 0.000000
vt -0.043500 -0.017500 0.000000
vt -0.049449 0.070000 0.000000
vt -0.250000 0.070000 0.000000
vt -0.049449 -0.070000 0.000000
vt -0.250000 -0.070000 0.000000
vt -0.000000 0.000000 0.000000
vt 0.035000 -0.000000 0.000000
vt -0.000341 0.002588 0.000000
vt 0.033467 0.011647 0.000000
vt -0.001340 0.005000 0.000000
vt 0.028971 0.022500 0.000000
vt -0.002929 0.007071 0.000000
vt 0.021820 0.031820 0.000000
vt -0.005000 0.008660 0.000000
vt 0.012500 0.038971 0.000000
vt -0.007412 0.009659 0.000000
vt 0.001647 0.043467 0.000000
vt -0.010000 0.010000 0.000000
vt -0.010000 0.045000 0.000000
vt 0.070000 0.013090 0.000000
vt 0.070000 0.015708 0.000000
vt 0.023333 0.013090 0.000000
vt -0.070000 0.015708 0.000000
vt -0.023333 0.013090 0.000000
vt -0.070000 0.013090 0.000000
vt -0.023333 0.010472 0.000000
vt -0.070000 0.010472 0.000000
vt -0.023333 0.007854 0.000000
vt -0.070000 0.007854 0.000000
vt -0.023333 0.005236 0.000000
vt -0.070000 0.005236 0.000000
vt -0.023333 0.002618 0.000000
vt -0.070000 0.002618 0.000000
vt -0.070000 0.000000 0.000000
vt 0.070000 0.000000 0.000000
vt 0.023333 0.002618 0.000000
vt 0.023333 0.005236 0.000000
vt 0.023333 0.007854 0.000000
vt 0.023333 0.010472 0.000000
vt 0.070000 0.002618 0.000000
vt 0.070000 0.005236 0.000000
vt 0.070000 0.007854 0.000000
vt 0.070000 0.010472 0.000000
vt -0.299449 0.017500 0.000000
vt -0.500000 0.017500 0.000000
vt -0.299449 -0.017500 0.000000
vt -0.500000 -0.017500 0.000000
vt -0.200551 -0.017500 0.000000
vt -0.000000 -0.017500 0.000000
vt -0.200551 0.017500 0.000000
vt -0.000000 0.017500 0.000000
vt 0.070000 0.070686 0.000000
vt -0.070000 0.070686 0.000000
vt 0.070000 0.058905 0.000000
vt -0.070000 0.058905 0.000000
vt 0.070000 0.047124 0.000000
vt -0.070000 0.047124 0.000000
vt 0.070000 0.035343 0.000000
vt -0.070000 0.035343 0.000000
vt 0.070000 0.023562 0.000000
vt -0.070000 0.023562 0.000000
vt 0.070000 0.011781 0.000000
vt -0.070000 0.011781 0.000000
vt 0.070000 0.000000 0.000000
vt -0.070000 0.000000 0.000000
vt -0.020000 0.017500 0.000000
vt -0.350000 0.017500 0.000000
vt -0.020000 -0.017500 0.000000
vt -0.350000 -0.017500 0.000000
vt -0.330000 -0.017500 0.000000
vt -0.000000 -0.017500 0.000000
vt -0.330000 0.017500 0.000000
vt -0.000000 0.017500 0.000000
vt 0.049449 -0.070000 0.000000
vt 0.250000 -0.070000 0.000000
vt 0.049449 0.070000 0.000000
vt 0.250000 0.070000 0.000000
vt -0.140000 -0.017500 0.000000
vt -0.000000 -0.017500 0.000000
vt -0.140000 0.017500 0.000000
vt -0.000000 0.017500 0.000000
vt 0.035000 0.000000 0.000000
vt 0.035341 0.002588 0.000000
vt 0.000000 0.000000 0.000000
vt 0.001533 0.011647 0.000000
vt 0.036340 0.005000 0.000000
vt 0.006029 0.022500 0.000000
vt 0.037929 0.007071 0.000000
vt 0.013180 0.031820 0.000000
vt 0.040000 0.008660 0.000000
vt 0.022500 0.038971 0.000000
vt 0.042412 0.009659 0.000000
vt 0.033353 0.043467 0.000000
vt 0.045000 0.010000 0.000000
vt 0.045000 0.045000 0.000000
vt -0.120000 -0.017500 0.000000
vt -0.096500 -0.017500 0.000000
vt -0.120000 0.017500 0.000000
vt -0.096500 0.017500 0.000000
vt -0.480000 -0.017500 0.000000
vt -0.240449 -0.017500 0.000000
vt -0.480000 0.017500 0.000000
vt -0.240449 0.017500 0.000000
vt 0.580000 -0.026500 0.000000
vt 0.600000 -0.006500 0.000000
vt 0.250000 -0.026500 0.000000
vt 0.600000 0.006500 0.000000
vt 0.250000 0.026500 0.000000
vt 0.580000 0.026500 0.000000
vt 0.250000 0.050000 0.000000
vt -0.009551 0.070000 0.000000
vt -0.009551 -0.070000 0.000000
vt 0.250000 -0.050000 0.000000
vt 0.230000 -0.070000 0.000000
vt 0.230000 0.070000 0.000000
vn -0.000000 -0.070711 -0.070711
vn -0.000000 -0.070711 -0.070711
vn -0.000000 -0.070711 -0.070711
vn -0.000000 -0.070711 -0.070711
vn -0.100000 0.000000 0.000000
vn -0.100000 0.000000 0.000000
vn -0.100000 0.000000 0.000000
vn -0.100000 0.000000 0.000000
vn -0.100000 0.000000 0.000000
vn -0.100000 0.000000 0.000000
vn -0.100000 0.000000 0.000000
vn -0.100000 0.000000 0.000000
vn -0.100000 0.000000 0.000000
vn -0.100000 0.000000 0.000000
vn -0.100000 0.000000 0.000000
vn -0.100000 0.000000 0.000000
vn -0.000000 -0.000000 -0.100000
vn -0.000000 -0.000000 -0.100000
vn -0.000000 -0.000000 -0.100000
vn -0.000000 -0.000000 -0.100000
vn 0.000000 0.070711 -0.070711
vn 0.000000 0.070711 -0.070711
vn 0.000000 0.070711 -0.070711
vn 0.000000 0.070711 -0.070711
vn -0.000000 -0.070711 -0.070711
vn -0.000000 -0.070711 -0.070711
vn -0.000000 -0.070711 -0.070711
vn -0.000000 -0.070711 -0.070711
vn -0.000000 -0.100000 0.000000
vn -0.000000 -0.100000 0.000000
vn -0.000000 -0.100000 0.000000
vn -0.000000 -0.100000 0.000000
vn 0.000000 0.070711 -0.070711
vn 0.000000 0.070711 -0.070711
vn 0.000000 0.070711 -0.070711
vn 0.000000 0.070711 -0.070711
vn -0.000000 -0.000000 -0.100000
vn -0.000000 -0.000000 -0.100000
vn -0.000000 -0.000000 -0.100000
vn -0.000000 -0.000000 -0.100000
vn -0.000000 0.000000 0.100000
vn -0.000000 0.000000 0.100000
vn -0.000000 0.000000 0.100000
vn -0.000000 0.000000 0.100000
vn 0.000000 0.100000 -0.000000
vn 0.000000 0.100000 -0.000000
vn 0.000000 0.100000 -0.000000
vn 0.000000 0.100000 -0.000000
vn 0.000000 0.100000 -0.000000
vn 0.000000 0.100000 -0.000000
vn 0.000000 0.100000 -0.000000
vn 0.000000 0.100000 -0.000000
vn 0.000000 0.100000 -0.000000
vn 0.000000 0.100000 -0.000000
vn 0.000000 0.100000 -0.000000
vn 0.000000 0.100000 -0.000000
vn 0.000000 0.100000 -0.000000
vn 0.000000 0.100000 -0.000000
vn -0.025882 0.000000 -0.096593
vn -0.000000 -0.000000 -0.100000
vn -0.025882 0.000000 -0.096593
vn -0.000000 -0.000000 -0.100000
vn -0.025882 0.000000 -0.096593
vn -0.025882 0.000000 -0.096593
vn -0.050000 0.000000 -0.086603
vn -0.050000 0.000000 -0.086603
vn -0.070711 0.000000 -0.070711
vn -0.070711 0.000000 -0.070711
vn -0.086603 0.000000 -0.050000
vn -0.086603 0.000000 -0.050000
vn -0.096593 0.000000 -0.025882
vn -0.096593 0.000000 -0.025882
vn -0.096593 0.000000 -0.025882
vn -0.086603 0.000000 -0.050000
vn -0.070711 0.000000 -0.070711
vn -0.050000 0.000000 -0.086603
vn -0.096593 0.000000 -0.025882
vn -0.086603 0.000000 -0.050000
vn -0.070711 0.000000 -0.070711
vn -0.050000 0.000000 -0.086603
vn -0.000000 -0.100000 0.000000
vn -0.000000 -0.100000 0.000000
vn -0.000000 -0.100000 0.000000
vn -0.000000 -0.100000 0.000000
vn 0.000000 0.100000 -0.000000
vn 0.000000 0.100000 -0.000000
vn 0.025882 -0.000000 0.096593
vn 0.025882 -0.000000 0.096593
vn 0.050000 -0.000000 0.086603
vn 0.050000 -0.000000 0.086603
vn 0.070711 -0.000000 0.070711
vn 0.070711 -0.000000 0.070711
vn 0.086603 -0.000000 0.050000
vn 0.086603 -0.000000 0.050000
vn 0.096593 -0.000000 0.025882
vn 0.096593 -0.000000 0.025882
vn 0.100000 -0.000000 -0.000000
vn 0.100000 -0.000000 -0.000000
vn -0.000000 -0.100000 0.000000
vn -0.000000 -0.100000 0.000000
vn -0.000000 -0.100000 0.000000
vn -0.000000 -0.100000 0.000000
vn 0.000000 0.100000 -0.000000
vn 0.000000 0.100000 -0.000000
vn 0.000000 0.100000 -0.000000
vn 0.000000 0.100000 -0.000000
vn 0.000000 -0.000000 -0.100000
vn 0.000000 -0.000000 -0.100000
vn -0.100000 0.000000 -0.000000
vn -0.100000 0.000000 -0.000000
vn -0.100000 0.000000 -0.000000
vn -0.100000 0.000000 -0.000000
vn -0.000000 -0.100000 0.000000
vn -0.000000 -0.100000 0.000000
vn -0.000000 -0.100000 0.000000
vn -0.000000 -0.100000 0.000000
vn -0.000000 -0.100000 0.000000
vn -0.000000 -0.100000 0.000000
vn -0.000000 -0.100000 0.000000
vn -0.000000 -0.100000 0.000000
vn -0.000000 -0.100000 0.000000
vn -0.000000 -0.100000 0.000000
vn -0.000000 -0.000000 -0.100000
vn -0.000000 -0.000000 -0.100000
vn -0.000000 -0.000000 -0.100000
vn -0.000000 -0.000000 -0.100000
vn 0.000000 0.100000 -0.000000
vn 0.000000 0.100000 -0.000000
vn 0.100000 -0.000000 -0.000000
vn 0.100000 -0.000000 -0.000000
vn 0.100000 -0.000000 -0.000000
vn 0.100000 -0.000000 -0.000000
vn 0.100000 -0.000000 -0.000000
vn 0.100000 -0.000000 -0.000000
vn 0.100000 -0.000000 -0.000000
vn 0.100000 -0.000000 -0.000000
vn 0.100000 -0.000000 -0.000000
vn 0.100000 -0.000000 -0.000000
f 3553/6075/5635 3554/6076/5636 3556/6077/5637
f 3556/6077/5637 3554/6076/5636 3555/6078/5638
f 3555/6079/5639 3557/6080/5640 3556/6081/5641
f 3556/6081/5641 3557/6080/5640 3566/6082/5642
f 3566/6082/5642 3557/6080/5640 3564/6083/5643
f 3566/6082/5642 3564/6083/5643 3565/6084/5644
f 3564/6083/5643 3557/6080/5640 3560/6085/5645
f 3560/6085/5645 3557/6080/5640 3558/6086/5646
f 3560/6085/5645 3558/6086/5646 3559/6087/5647
f 3560/6085/5645 3561/6088/5648 3564/6083/5643
f 3564/6083/5643 3561/6088/5648 3563/6089/5649
f 3563/6089/5649 3561/6088/5648 3562/6090/5650
f 3556/6091/5651 3566/6092/5652 3553/6093/5653
f 3553/6093/5653 3566/6092/5652 3567/6094/5654
f 3568/6095/5655 3567/6096/5656 3565/6097/5657
f 3565/6097/5657 3567/6096/5656 3566/6098/5658
f 3569/6099/5659 3570/6100/5660 3558/6101/5661
f 3558/6101/5661 3570/6100/5660 3559/6102/5662
f 3570/6103/5663 3571/6104/5664 3559/6105/5665
f 3559/6105/5665 3571/6104/5664 3560/6106/5666
f 3572/6107/5667 3573/6108/5668 3562/6109/5669
f 3562/6109/5669 3573/6108/5668 3563/6110/5670
f 3573/6111/5671 3574/6112/5672 3563/6113/5673
f 3563/6113/5673 3574/6112/5672 3564/6114/5674
f 3576/6115/5675 3577/6116/5676 3575/6117/5677
f 3575/6117/5677 3577/6116/5676 3578/6118/5678
f 3579/6119/5679 3576/6120/5680 3590/6121/5681
f 3590/6121/5681 3576/6120/5680 3580/6122/5682
f 3590/6121/5681 3580/6122/5682 3589/6123/5683
f 3589/6123/5683 3580/6122/5682 3581/6124/5684
f 3589/6123/5683 3581/6124/5684 3588/6125/5685
f 3588/6125/5685 3581/6124/5684 3582/6126/5686
f 3588/6125/5685 3582/6126/5686 3587/6127/5687
f 3587/6127/5687 3582/6126/5686 3583/6128/5688
f 3587/6127/5687 3583/6128/5688 3586/6129/5689
f 3586/6129/5689 3583/6128/5688 3584/6130/5690
f 3586/6129/5689 3584/6130/5690 3561/6131/5691
f 3561/6131/5691 3584/6130/5690 3585/6132/5692
f 3596/6133/5693 3591/6134/5694 3598/6135/5695
f 3598/6135/5695 3591/6134/5694 3579/6136/5696
f 3598/6135/5695 3579/6136/5696 3597/6137/5697
f 3597/6137/5697 3579/6136/5696 3590/6138/5698
f 3597/6137/5697 3590/6138/5698 3599/6139/5699
f 3599/6139/5699 3590/6138/5698 3589/6140/5700
f 3599/6139/5699 3589/6140/5700 3601/6141/5701
f 3601/6141/5701 3589/6140/5700 3588/6142/5702
f 3601/6141/5701 3588/6142/5702 3603/6143/5703
f 3603/6143/5703 3588/6142/5702 3587/6144/5704
f 3603/6143/5703 3587/6144/5704 3605/6145/5705
f 3605/6145/5705 3587/6144/5704 3586/6146/5706
f 3605/6145/5705 3586/6146/5706 3561/6147/5648
f 3561/6147/5648 3560/6148/5645 3605/6145/5705
f 3605/6145/5705 3560/6148/5645 3606/6149/5707
f 3605/6145/5705 3606/6149/5707 3603/6143/5703
f 3603/6143/5703 3606/6149/5707 3604/6150/5708
f 3603/6143/5703 3604/6150/5708 3601/6141/5701
f 3601/6141/5701 3604/6150/5708 3602/6151/5709
f 3601/6141/5701 3602/6151/5709 3599/6139/5699
f 3599/6139/5699 3602/6151/5709 3600/6152/5710
f 3599/6139/5699 3600/6152/5710 3597/6137/5697
f 3597/6137/5697 3600/6152/5710 3598/6135/5695
f 3560/6148/5645 3592/6153/5711 3606/6149/5707
f 3606/6149/5707 3592/6153/5711 3604/6150/5708
f 3592/6153/5711 3593/6154/5712 3604/6150/5708
f 3604/6150/5708 3593/6154/5712 3602/6151/5709
f 3593/6154/5712 3594/6155/5713 3602/6151/5709
f 3602/6151/5709 3594/6155/5713 3600/6152/5710
f 3594/6155/5713 3595/6156/5714 3600/6152/5710
f 3600/6152/5710 3595/6156/5714 3598/6135/5695
f 3595/6156/5714 3596/6133/5693 3598/6135/5695
f 3575/6157/5715 3578/6158/5716 3591/6159/5717
f 3591/6159/5717 3578/6158/5716 3607/6160/5718
f 3579/6161/5679 3608/6162/5719 3576/6163/5680
f 3576/6163/5680 3608/6162/5719 3577/6164/5720
f 3576/6165/5675 3575/6166/5677 3580/6167/5721
f 3580/6167/5721 3575/6166/5677 3609/6168/5722
f 3580/6167/5721 3609/6168/5722 3581/6169/5723
f 3581/6169/5723 3609/6168/5722 3610/6170/5724
f 3581/6169/5723 3610/6170/5724 3582/6171/5725
f 3582/6171/5725 3610/6170/5724 3611/6172/5726
f 3582/6171/5725 3611/6172/5726 3583/6173/5727
f 3583/6173/5727 3611/6172/5726 3612/6174/5728
f 3583/6173/5727 3612/6174/5728 3584/6175/5729
f 3584/6175/5729 3612/6174/5728 3613/6176/5730
f 3584/6175/5729 3613/6176/5730 3585/6177/5731
f 3585/6177/5731 3613/6176/5730 3571/6178/5732
f 3554/6179/5733 3614/6180/5734 3555/6181/5735
f 3555/6181/5735 3614/6180/5734 3557/6182/5736
f 3565/6183/5737 3564/6184/5738 3568/6185/5739
f 3568/6185/5739 3564/6184/5738 3574/6186/5740
f 3591/6187/5694 3607/6188/5741 3579/6189/5696
f 3579/6189/5696 3607/6188/5741 3608/6190/5742
f 3608/6191/5743 3607/6192/5744 3577/6193/5745
f 3577/6193/5745 3607/6192/5744 3578/6194/5746
f 3591/6195/5717 3596/6196/5747 3575/6197/5715
f 3575/6197/5715 3596/6196/5747 3609/6198/5748
f 3609/6198/5748 3596/6196/5747 3595/6199/5749
f 3609/6198/5748 3595/6199/5749 3610/6200/5750
f 3610/6200/5750 3595/6199/5749 3594/6201/5751
f 3610/6200/5750 3594/6201/5751 3611/6202/5752
f 3611/6202/5752 3594/6201/5751 3593/6203/5753
f 3611/6202/5752 3593/6203/5753 3612/6204/5754
f 3612/6204/5754 3593/6203/5753 3592/6205/5755
f 3612/6204/5754 3592/6205/5755 3613/6206/5756
f 3613/6206/5756 3592/6205/5755 3560/6207/5666
f 3613/6206/5756 3560/6207/5666 3571/6208/5664
f 3558/6209/5757 3557/6210/5758 3569/6211/5759
f 3569/6211/5759 3557/6210/5758 3614/6212/5760
f 3562/6213/5761 3561/6214/5691 3572/6215/5762
f 3572/6215/5762 3561/6214/5691 3585/6216/5692
f 3554/6217/5763 3553/6218/5764 3614/6219/5765
f 3614/6219/5765 3553/6218/5764 3567/6220/5766
f 3614/6219/5765 3567/6220/5766 3574/6221/5767
f 3574/6221/5767 3567/6220/5766 3568/6222/5768
f 3573/6223/5769 3585/6224/5731 3574/6221/5767
f 3574/6221/5767 3585/6224/5731 3571/6225/5732
f 3574/6221/5767 3571/6225/5732 3614/6219/5765
f 3614/6219/5765 3571/6225/5732 3569/6226/5770
f 3569/6226/5770 3571/6225/5732 3570/6227/5771
f 3573/6223/5769 3572/6228/5772 3585/6224/5731
g Body13:1

v 7.794791 13.910000 -3.500000
v 7.794791 13.710000 -3.300000
v 7.444791 13.710000 -3.300000
v 7.444791 13.910000 -3.500000
v 7.444791 13.710000 0.000000
v 7.444791 13.475000 0.000000
v 7.444791 13.275000 0.200000
v 7.444791 13.275000 2.595509
v 7.444791 14.675000 2.595509
v 7.444791 14.675000 0.200000
v 7.444791 14.475000 0.000000
v 7.444791 14.240000 0.000000
v 7.444791 14.240000 -3.300000
v 7.444791 14.040000 -3.500000
v 7.794791 14.040000 -3.500000
v 7.794791 14.240000 -3.300000
v 7.794791 13.475000 0.000000
v 7.794791 13.275000 0.200000
v 7.794791 13.275000 2.595509
v 7.794791 14.675000 0.200000
v 7.794791 14.475000 0.000000
v 7.794791 14.240000 0.000000
v 7.344791 13.275000 3.045509
v 7.344791 14.675000 3.045509
v 5.339282 14.675000 3.045509
v 5.339282 13.275000 3.045509
v 7.344791 14.675000 2.695509
v 7.461259 14.675000 3.030175
v 7.569791 14.675000 2.985220
v 7.662989 14.675000 2.913707
v 7.734502 14.675000 2.820509
v 7.779457 14.675000 2.711977
v 7.794791 14.675000 2.595509
v 7.441383 14.675000 2.621391
v 7.431393 14.675000 2.645509
v 7.415501 14.675000 2.666220
v 7.394791 14.675000 2.682111
v 7.370673 14.675000 2.692101
v 7.344791 13.275000 2.695509
v 7.441383 13.275000 2.621391
v 7.431393 13.275000 2.645509
v 7.415501 13.275000 2.666220
v 7.394791 13.275000 2.682111
v 7.370673 13.275000 2.692101
v 7.370673 14.208333 2.692101
v 7.370673 13.741667 2.692101
v 7.394791 14.208333 2.682111
v 7.394791 13.741667 2.682111
v 7.415501 14.208333 2.666220
v 7.415501 13.741667 2.666220
v 7.431393 14.208333 2.645509
v 7.431393 13.741667 2.645509
v 7.441383 14.208333 2.621391
v 7.441383 13.741667 2.621391
v 5.339282 13.275000 2.695509
v 5.339282 14.675000 2.695509
v 7.461259 13.275000 3.030175
v 7.569791 13.275000 2.985220
v 7.662989 13.275000 2.913707
v 7.734502 13.275000 2.820509
v 7.779457 13.275000 2.711977
v 7.794791 13.710000 0.000000
vt 0.014142 0.017500 0.000000
vt -0.014142 0.017500 0.000000
vt 0.014142 -0.017500 0.000000
vt -0.014142 -0.017500 0.000000
vt -0.580000 -0.026500 0.000000
vt -0.250000 -0.026500 0.000000
vt -0.600000 -0.006500 0.000000
vt -0.600000 0.006500 0.000000
vt -0.250000 0.026500 0.000000
vt -0.580000 0.026500 0.000000
vt 0.009551 -0.070000 0.000000
vt -0.250000 -0.050000 0.000000
vt -0.230000 -0.070000 0.000000
vt 0.009551 0.070000 0.000000
vt -0.250000 0.050000 0.000000
vt -0.230000 0.070000 0.000000
vt -0.033000 -0.017500 0.000000
vt -0.020000 -0.017500 0.000000
vt -0.033000 0.017500 0.000000
vt -0.020000 0.017500 0.000000
vt 0.014142 0.017500 0.000000
vt -0.014142 0.017500 0.000000
vt 0.014142 -0.017500 0.000000
vt -0.014142 -0.017500 0.000000
vt 0.014142 0.017500 0.000000
vt -0.014142 0.017500 0.000000
vt 0.014142 -0.017500 0.000000
vt -0.014142 -0.017500 0.000000
vt -0.020000 0.017500 0.000000
vt -0.259551 0.017500 0.000000
vt -0.020000 -0.017500 0.000000
vt -0.259551 -0.017500 0.000000
vt 0.014142 0.017500 0.000000
vt -0.014142 0.017500 0.000000
vt 0.014142 -0.017500 0.000000
vt -0.014142 -0.017500 0.000000
vt -0.020000 0.017500 0.000000
vt -0.043500 0.017500 0.000000
vt -0.020000 -0.017500 0.000000
vt -0.043500 -0.017500 0.000000
vt -0.049449 0.070000 0.000000
vt -0.250000 0.070000 0.000000
vt -0.049449 -0.070000 0.000000
vt -0.250000 -0.070000 0.000000
vt -0.000000 0.000000 0.000000
vt 0.035000 -0.000000 0.000000
vt -0.000341 0.002588 0.000000
vt 0.033467 0.011647 0.000000
vt -0.001340 0.005000 0.000000
vt 0.028971 0.022500 0.000000
vt -0.002929 0.007071 0.000000
vt 0.021820 0.031820 0.000000
vt -0.005000 0.008660 0.000000
vt 0.012500 0.038971 0.000000
vt -0.007412 0.009659 0.000000
vt 0.001647 0.043467 0.000000
vt -0.010000 0.010000 0.000000
vt -0.010000 0.045000 0.000000
vt 0.070000 0.013090 0.000000
vt 0.070000 0.015708 0.000000
vt 0.023333 0.013090 0.000000
vt -0.070000 0.015708 0.000000
vt -0.023333 0.013090 0.000000
vt -0.070000 0.013090 0.000000
vt -0.023333 0.010472 0.000000
vt -0.070000 0.010472 0.000000
vt -0.023333 0.007854 0.000000
vt -0.070000 0.007854 0.000000
vt -0.023333 0.005236 0.000000
vt -0.070000 0.005236 0.000000
vt -0.023333 0.002618 0.000000
vt -0.070000 0.002618 0.000000
vt -0.070000 0.000000 0.000000
vt 0.070000 0.000000 0.000000
vt 0.023333 0.002618 0.000000
vt 0.023333 0.005236 0.000000
vt 0.023333 0.007854 0.000000
vt 0.023333 0.010472 0.000000
vt 0.070000 0.002618 0.000000
vt 0.070000 0.005236 0.000000
vt 0.070000 0.007854 0.000000
vt 0.070000 0.010472 0.000000
vt -0.299449 0.017500 0.000000
vt -0.500000 0.017500 0.000000
vt -0.299449 -0.017500 0.000000
vt -0.500000 -0.017500 0.000000
vt -0.200551 -0.017500 0.000000
vt -0.000000 -0.017500 0.000000
vt -0.200551 0.017500 0.000000
vt -0.000000 0.017500 0.000000
vt 0.070000 0.070686 0.000000
vt -0.070000 0.070686 0.000000
vt 0.070000 0.058905 0.000000
vt -0.070000 0.058905 0.000000
vt 0.070000 0.047124 0.000000
vt -0.070000 0.047124 0.000000
vt 0.070000 0.035343 0.000000
vt -0.070000 0.035343 0.000000
vt 0.070000 0.023562 0.000000
vt -0.070000 0.023562 0.000000
vt 0.070000 0.011781 0.000000
vt -0.070000 0.011781 0.000000
vt 0.070000 0.000000 0.000000
vt -0.070000 0.000000 0.000000
vt -0.020000 0.017500 0.000000
vt -0.350000 0.017500 0.000000
vt -0.020000 -0.017500 0.000000
vt -0.350000 -0.017500 0.000000
vt -0.330000 -0.017500 0.000000
vt -0.000000 -0.017500 0.000000
vt -0.330000 0.017500 0.000000
vt -0.000000 0.017500 0.000000
vt 0.049449 -0.070000 0.000000
vt 0.250000 -0.070000 0.000000
vt 0.049449 0.070000 0.000000
vt 0.250000 0.070000 0.000000
vt -0.140000 -0.017500 0.000000
vt -0.000000 -0.017500 0.000000
vt -0.140000 0.017500 0.000000
vt -0.000000 0.017500 0.000000
vt 0.035000 0.000000 0.000000
vt 0.035341 0.002588 0.000000
vt 0.000000 0.000000 0.000000
vt 0.001533 0.011647 0.000000
vt 0.036340 0.005000 0.000000
vt 0.006029 0.022500 0.000000
vt 0.037929 0.007071 0.000000
vt 0.013180 0.031820 0.000000
vt 0.040000 0.008660 0.000000
vt 0.022500 0.038971 0.000000
vt 0.042412 0.009659 0.000000
vt 0.033353 0.043467 0.000000
vt 0.045000 0.010000 0.000000
vt 0.045000 0.045000 0.000000
vt -0.120000 -0.017500 0.000000
vt -0.096500 -0.017500 0.000000
vt -0.120000 0.017500 0.000000
vt -0.096500 0.017500 0.000000
vt -0.480000 -0.017500 0.000000
vt -0.240449 -0.017500 0.000000
vt -0.480000 0.017500 0.000000
vt -0.240449 0.017500 0.000000
vt 0.580000 -0.026500 0.000000
vt 0.600000 -0.006500 0.000000
vt 0.250000 -0.026500 0.000000
vt 0.600000 0.006500 0.000000
vt 0.250000 0.026500 0.000000
vt 0.580000 0.026500 0.000000
vt 0.250000 0.050000 0.000000
vt -0.009551 0.070000 0.000000
vt -0.009551 -0.070000 0.000000
vt 0.250000 -0.050000 0.000000
vt 0.230000 -0.070000 0.000000
vt 0.230000 0.070000 0.000000
vn -0.000000 -0.070711 -0.070711
vn -0.000000 -0.070711 -0.070711
vn -0.000000 -0.070711 -0.070711
vn -0.000000 -0.070711 -0.070711
vn -0.100000 0.000000 0.000000
vn -0.100000 0.000000 0.000000
vn -0.100000 0.000000 0.000000
vn -0.100000 0.000000 0.000000
vn -0.100000 0.000000 0.000000
vn -0.100000 0.000000 0.000000
vn -0.100000 0.000000 0.000000
vn -0.100000 0.000000 0.000000
vn -0.100000 0.000000 0.000000
vn -0.100000 0.000000 0.000000
vn -0.100000 0.000000 0.000000
vn -0.100000 0.000000 0.000000
vn -0.000000 -0.000000 -0.100000
vn -0.000000 -0.000000 -0.100000
vn -0.000000 -0.000000 -0.100000
vn -0.000000 -0.000000 -0.100000
vn 0.000000 0.070711 -0.070711
vn 0.000000 0.070711 -0.070711
vn 0.000000 0.070711 -0.070711
vn 0.000000 0.070711 -0.070711
vn -0.000000 -0.070711 -0.070711
vn -0.000000 -0.070711 -0.070711
vn -0.000000 -0.070711 -0.070711
vn -0.000000 -0.070711 -0.070711
vn -0.000000 -0.100000 0.000000
vn -0.000000 -0.100000 0.000000
vn -0.000000 -0.100000 0.000000
vn -0.000000 -0.100000 0.000000
vn 0.000000 0.070711 -0.070711
vn 0.000000 0.070711 -0.070711
vn 0.000000 0.070711 -0.070711
vn 0.000000 0.070711 -0.070711
vn -0.000000 -0.000000 -0.100000
vn -0.000000 -0.000000 -0.100000
vn -0.000000 -0.000000 -0.100000
vn -0.000000 -0.000000 -0.100000
vn -0.000000 0.000000 0.100000
vn -0.000000 0.000000 0.100000
vn -0.000000 0.000000 0.100000
vn -0.000000 0.000000 0.100000
vn 0.000000 0.100000 -0.000000
vn 0.000000 0.100000 -0.000000
vn 0.000000 0.100000 -0.000000
vn 0.000000 0.100000 -0.000000
vn 0.000000 0.100000 -0.000000
vn 0.000000 0.100000 -0.000000
vn 0.000000 0.100000 -0.000000
vn 0.000000 0.100000 -0.000000
vn 0.000000 0.100000 -0.000000
vn 0.000000 0.100000 -0.000000
vn 0.000000 0.100000 -0.000000
vn 0.000000 0.100000 -0.000000
vn 0.000000 0.100000 -0.000000
vn 0.000000 0.100000 -0.000000
vn -0.025882 0.000000 -0.096593
vn -0.000000 -0.000000 -0.100000
vn -0.025882 0.000000 -0.096593
vn -0.000000 -0.000000 -0.100000
vn -0.025882 0.000000 -0.096593
vn -0.025882 0.000000 -0.096593
vn -0.050000 0.000000 -0.086603
vn -0.050000 0.000000 -0.086603
vn -0.070711 0.000000 -0.070711
vn -0.070711 0.000000 -0.070711
vn -0.086603 0.000000 -0.050000
vn -0.086603 0.000000 -0.050000
vn -0.096593 0.000000 -0.025882
vn -0.096593 0.000000 -0.025882
vn -0.096593 0.000000 -0.025882
vn -0.086603 0.000000 -0.050000
vn -0.070711 0.000000 -0.070711
vn -0.050000 0.000000 -0.086603
vn -0.096593 0.000000 -0.025882
vn -0.086603 0.000000 -0.050000
vn -0.070711 0.000000 -0.070711
vn -0.050000 0.000000 -0.086603
vn -0.000000 -0.100000 0.000000
vn -0.000000 -0.100000 0.000000
vn -0.000000 -0.100000 0.000000
vn -0.000000 -0.100000 0.000000
vn 0.000000 0.100000 -0.000000
vn 0.000000 0.100000 -0.000000
vn 0.025882 -0.000000 0.096593
vn 0.025882 -0.000000 0.096593
vn 0.050000 -0.000000 0.086603
vn 0.050000 -0.000000 0.086603
vn 0.070711 -0.000000 0.070711
vn 0.070711 -0.000000 0.070711
vn 0.086603 -0.000000 0.050000
vn 0.086603 -0.000000 0.050000
vn 0.096593 -0.000000 0.025882
vn 0.096593 -0.000000 0.025882
vn 0.100000 -0.000000 -0.000000
vn 0.100000 -0.000000 -0.000000
vn -0.000000 -0.100000 0.000000
vn -0.000000 -0.100000 0.000000
vn -0.000000 -0.100000 0.000000
vn -0.000000 -0.100000 0.000000
vn 0.000000 0.100000 -0.000000
vn 0.000000 0.100000 -0.000000
vn 0.000000 0.100000 -0.000000
vn 0.000000 0.100000 -0.000000
vn 0.000000 -0.000000 -0.100000
vn 0.000000 -0.000000 -0.100000
vn -0.100000 0.000000 -0.000000
vn -0.100000 0.000000 -0.000000
vn -0.100000 0.000000 -0.000000
vn -0.100000 0.000000 -0.000000
vn -0.000000 -0.100000 0.000000
vn -0.000000 -0.100000 0.000000
vn -0.000000 -0.100000 0.000000
vn -0.000000 -0.100000 0.000000
vn -0.000000 -0.100000 0.000000
vn -0.000000 -0.100000 0.000000
vn -0.000000 -0.100000 0.000000
vn -0.000000 -0.100000 0.000000
vn -0.000000 -0.100000 0.000000
vn -0.000000 -0.100000 0.000000
vn -0.000000 -0.000000 -0.100000
vn -0.000000 -0.000000 -0.100000
vn -0.000000 -0.000000 -0.100000
vn -0.000000 -0.000000 -0.100000
vn 0.000000 0.100000 -0.000000
vn 0.000000 0.100000 -0.000000
vn 0.100000 -0.000000 -0.000000
vn 0.100000 -0.000000 -0.000000
vn 0.100000 -0.000000 -0.000000
vn 0.100000 -0.000000 -0.000000
vn 0.100000 -0.000000 -0.000000
vn 0.100000 -0.000000 -0.000000
vn 0.100000 -0.000000 -0.000000
vn 0.100000 -0.000000 -0.000000
vn 0.100000 -0.000000 -0.000000
vn 0.100000 -0.000000 -0.000000
f 3615/6229/5773 3616/6230/5774 3618/6231/5775
f 3618/6231/5775 3616/6230/5774 3617/6232/5776
f 3617/6233/5777 3619/6234/5778 3618/6235/5779
f 3618/6235/5779 3619/6234/5778 3628/6236/5780
f 3628/6236/5780 3619/6234/5778 3626/6237/5781
f 3628/6236/5780 3626/6237/5781 3627/6238/5782
f 3626/6237/5781 3619/6234/5778 3622/6239/5783
f 3622/6239/5783 3619/6234/5778 3620/6240/5784
f 3622/6239/5783 3620/6240/5784 3621/6241/5785
f 3622/6239/5783 3623/6242/5786 3626/6237/5781
f 3626/6237/5781 3623/6242/5786 3625/6243/5787
f 3625/6243/5787 3623/6242/5786 3624/6244/5788
f 3618/6245/5789 3628/6246/5790 3615/6247/5791
f 3615/6247/5791 3628/6246/5790 3629/6248/5792
f 3630/6249/5793 3629/6250/5794 3627/6251/5795
f 3627/6251/5795 3629/6250/5794 3628/6252/5796
f 3631/6253/5797 3632/6254/5798 3620/6255/5799
f 3620/6255/5799 3632/6254/5798 3621/6256/5800
f 3632/6257/5801 3633/6258/5802 3621/6259/5803
f 3621/6259/5803 3633/6258/5802 3622/6260/5804
f 3634/6261/5805 3635/6262/5806 3624/6263/5807
f 3624/6263/5807 3635/6262/5806 3625/6264/5808
f 3635/6265/5809 3636/6266/5810 3625/6267/5811
f 3625/6267/5811 3636/6266/5810 3626/6268/5812
f 3638/6269/5813 3639/6270/5814 3637/6271/5815
f 3637/6271/5815 3639/6270/5814 3640/6272/5816
f 3641/6273/5817 3638/6274/5818 3652/6275/5819
f 3652/6275/5819 3638/6274/5818 3642/6276/5820
f 3652/6275/5819 3642/6276/5820 3651/6277/5821
f 3651/6277/5821 3642/6276/5820 3643/6278/5822
f 3651/6277/5821 3643/6278/5822 3650/6279/5823
f 3650/6279/5823 3643/6278/5822 3644/6280/5824
f 3650/6279/5823 3644/6280/5824 3649/6281/5825
f 3649/6281/5825 3644/6280/5824 3645/6282/5826
f 3649/6281/5825 3645/6282/5826 3648/6283/5827
f 3648/6283/5827 3645/6282/5826 3646/6284/5828
f 3648/6283/5827 3646/6284/5828 3623/6285/5829
f 3623/6285/5829 3646/6284/5828 3647/6286/5830
f 3658/6287/5831 3653/6288/5832 3660/6289/5833
f 3660/6289/5833 3653/6288/5832 3641/6290/5834
f 3660/6289/5833 3641/6290/5834 3659/6291/5835
f 3659/6291/5835 3641/6290/5834 3652/6292/5836
f 3659/6291/5835 3652/6292/5836 3661/6293/5837
f 3661/6293/5837 3652/6292/5836 3651/6294/5838
f 3661/6293/5837 3651/6294/5838 3663/6295/5839
f 3663/6295/5839 3651/6294/5838 3650/6296/5840
f 3663/6295/5839 3650/6296/5840 3665/6297/5841
f 3665/6297/5841 3650/6296/5840 3649/6298/5842
f 3665/6297/5841 3649/6298/5842 3667/6299/5843
f 3667/6299/5843 3649/6298/5842 3648/6300/5844
f 3667/6299/5843 3648/6300/5844 3623/6301/5786
f 3623/6301/5786 3622/6302/5783 3667/6299/5843
f 3667/6299/5843 3622/6302/5783 3668/6303/5845
f 3667/6299/5843 3668/6303/5845 3665/6297/5841
f 3665/6297/5841 3668/6303/5845 3666/6304/5846
f 3665/6297/5841 3666/6304/5846 3663/6295/5839
f 3663/6295/5839 3666/6304/5846 3664/6305/5847
f 3663/6295/5839 3664/6305/5847 3661/6293/5837
f 3661/6293/5837 3664/6305/5847 3662/6306/5848
f 3661/6293/5837 3662/6306/5848 3659/6291/5835
f 3659/6291/5835 3662/6306/5848 3660/6289/5833
f 3622/6302/5783 3654/6307/5849 3668/6303/5845
f 3668/6303/5845 3654/6307/5849 3666/6304/5846
f 3654/6307/5849 3655/6308/5850 3666/6304/5846
f 3666/6304/5846 3655/6308/5850 3664/6305/5847
f 3655/6308/5850 3656/6309/5851 3664/6305/5847
f 3664/6305/5847 3656/6309/5851 3662/6306/5848
f 3656/6309/5851 3657/6310/5852 3662/6306/5848
f 3662/6306/5848 3657/6310/5852 3660/6289/5833
f 3657/6310/5852 3658/6287/5831 3660/6289/5833
f 3637/6311/5853 3640/6312/5854 3653/6313/5855
f 3653/6313/5855 3640/6312/5854 3669/6314/5856
f 3641/6315/5817 3670/6316/5857 3638/6317/5818
f 3638/6317/5818 3670/6316/5857 3639/6318/5858
f 3638/6319/5813 3637/6320/5815 3642/6321/5859
f 3642/6321/5859 3637/6320/5815 3671/6322/5860
f 3642/6321/5859 3671/6322/5860 3643/6323/5861
f 3643/6323/5861 3671/6322/5860 3672/6324/5862
f 3643/6323/5861 3672/6324/5862 3644/6325/5863
f 3644/6325/5863 3672/6324/5862 3673/6326/5864
f 3644/6325/5863 3673/6326/5864 3645/6327/5865
f 3645/6327/5865 3673/6326/5864 3674/6328/5866
f 3645/6327/5865 3674/6328/5866 3646/6329/5867
f 3646/6329/5867 3674/6328/5866 3675/6330/5868
f 3646/6329/5867 3675/6330/5868 3647/6331/5869
f 3647/6331/5869 3675/6330/5868 3633/6332/5870
f 3616/6333/5871 3676/6334/5872 3617/6335/5873
f 3617/6335/5873 3676/6334/5872 3619/6336/5874
f 3627/6337/5875 3626/6338/5876 3630/6339/5877
f 3630/6339/5877 3626/6338/5876 3636/6340/5878
f 3653/6341/5832 3669/6342/5879 3641/6343/5834
f 3641/6343/5834 3669/6342/5879 3670/6344/5880
f 3670/6345/5881 3669/6346/5882 3639/6347/5883
f 3639/6347/5883 3669/6346/5882 3640/6348/5884
f 3653/6349/5855 3658/6350/5885 3637/6351/5853
f 3637/6351/5853 3658/6350/5885 3671/6352/5886
f 3671/6352/5886 3658/6350/5885 3657/6353/5887
f 3671/6352/5886 3657/6353/5887 3672/6354/5888
f 3672/6354/5888 3657/6353/5887 3656/6355/5889
f 3672/6354/5888 3656/6355/5889 3673/6356/5890
f 3673/6356/5890 3656/6355/5889 3655/6357/5891
f 3673/6356/5890 3655/6357/5891 3674/6358/5892
f 3674/6358/5892 3655/6357/5891 3654/6359/5893
f 3674/6358/5892 3654/6359/5893 3675/6360/5894
f 3675/6360/5894 3654/6359/5893 3622/6361/5804
f 3675/6360/5894 3622/6361/5804 3633/6362/5802
f 3620/6363/5895 3619/6364/5896 3631/6365/5897
f 3631/6365/5897 3619/6364/5896 3676/6366/5898
f 3624/6367/5899 3623/6368/5829 3634/6369/5900
f 3634/6369/5900 3623/6368/5829 3647/6370/5830
f 3616/6371/5901 3615/6372/5902 3676/6373/5903
f 3676/6373/5903 3615/6372/5902 3629/6374/5904
f 3676/6373/5903 3629/6374/5904 3636/6375/5905
f 3636/6375/5905 3629/6374/5904 3630/6376/5906
f 3635/6377/5907 3647/6378/5869 3636/6375/5905
f 3636/6375/5905 3647/6378/5869 3633/6379/5870
f 3636/6375/5905 3633/6379/5870 3676/6373/5903
f 3676/6373/5903 3633/6379/5870 3631/6380/5908
f 3631/6380/5908 3633/6379/5870 3632/6381/5909
f 3635/6377/5907 3634/6382/5910 3647/6378/5869
g Body14:1

v 7.794791 16.450000 -3.500000
v 7.794791 16.250000 -3.300000
v 7.444791 16.250000 -3.300000
v 7.444791 16.450000 -3.500000
v 7.444791 16.250000 0.000000
v 7.444791 16.015000 0.000000
v 7.444791 15.815000 0.200000
v 7.444791 15.815000 2.595509
v 7.444791 17.215000 2.595509
v 7.444791 17.215000 0.200000
v 7.444791 17.015000 0.000000
v 7.444791 16.780000 0.000000
v 7.444791 16.780000 -3.300000
v 7.444791 16.580000 -3.500000
v 7.794791 16.580000 -3.500000
v 7.794791 16.780000 -3.300000
v 7.794791 16.015000 0.000000
v 7.794791 15.815000 0.200000
v 7.794791 15.815000 2.595509
v 7.794791 17.215000 0.200000
v 7.794791 17.015000 0.000000
v 7.794791 16.780000 0.000000
v 7.344791 15.815000 3.045509
v 7.344791 17.215000 3.045509
v 5.339282 17.215000 3.045509
v 5.339282 15.815000 3.045509
v 7.344791 17.215000 2.695509
v 7.461259 17.215000 3.030175
v 7.569791 17.215000 2.985220
v 7.662989 17.215000 2.913707
v 7.734502 17.215000 2.820509
v 7.779457 17.215000 2.711977
v 7.794791 17.215000 2.595509
v 7.441383 17.215000 2.621391
v 7.431393 17.215000 2.645509
v 7.415501 17.215000 2.666220
v 7.394791 17.215000 2.682111
v 7.370673 17.215000 2.692101
v 7.344791 15.815000 2.695509
v 7.441383 15.815000 2.621391
v 7.431393 15.815000 2.645509
v 7.415501 15.815000 2.666220
v 7.394791 15.815000 2.682111
v 7.370673 15.815000 2.692101
v 7.370673 16.748333 2.692101
v 7.370673 16.281667 2.692101
v 7.394791 16.748333 2.682111
v 7.394791 16.281667 2.682111
v 7.415501 16.748333 2.666220
v 7.415501 16.281667 2.666220
v 7.431393 16.748333 2.645509
v 7.431393 16.281667 2.645509
v 7.441383 16.748333 2.621391
v 7.441383 16.281667 2.621391
v 5.339282 15.815000 2.695509
v 5.339282 17.215000 2.695509
v 7.461259 15.815000 3.030175
v 7.569791 15.815000 2.985220
v 7.662989 15.815000 2.913707
v 7.734502 15.815000 2.820509
v 7.779457 15.815000 2.711977
v 7.794791 16.250000 0.000000
vt 0.014142 0.017500 0.000000
vt -0.014142 0.017500 0.000000
vt 0.014142 -0.017500 0.000000
vt -0.014142 -0.017500 0.000000
vt -0.580000 -0.026500 0.000000
vt -0.250000 -0.026500 0.000000
vt -0.600000 -0.006500 0.000000
vt -0.600000 0.006500 0.000000
vt -0.250000 0.026500 0.000000
vt -0.580000 0.026500 0.000000
vt 0.009551 -0.070000 0.000000
vt -0.250000 -0.050000 0.000000
vt -0.230000 -0.070000 0.000000
vt 0.009551 0.070000 0.000000
vt -0.250000 0.050000 0.000000
vt -0.230000 0.070000 0.000000
vt -0.033000 -0.017500 0.000000
vt -0.020000 -0.017500 0.000000
vt -0.033000 0.017500 0.000000
vt -0.020000 0.017500 0.000000
vt 0.014142 0.017500 0.000000
vt -0.014142 0.017500 0.000000
vt 0.014142 -0.017500 0.000000
vt -0.014142 -0.017500 0.000000
vt 0.014142 0.017500 0.000000
vt -0.014142 0.017500 0.000000
vt 0.014142 -0.017500 0.000000
vt -0.014142 -0.017500 0.000000
vt -0.020000 0.017500 0.000000
vt -0.259551 0.017500 0.000000
vt -0.020000 -0.017500 0.000000
vt -0.259551 -0.017500 0.000000
vt 0.014142 0.017500 0.000000
vt -0.014142 0.017500 0.000000
vt 0.014142 -0.017500 0.000000
vt -0.014142 -0.017500 0.000000
vt -0.020000 0.017500 0.000000
vt -0.043500 0.017500 0.000000
vt -0.020000 -0.017500 0.000000
vt -0.043500 -0.017500 0.000000
vt -0.049449 0.070000 0.000000
vt -0.250000 0.070000 0.000000
vt -0.049449 -0.070000 0.000000
vt -0.250000 -0.070000 0.000000
vt -0.000000 0.000000 0.000000
vt 0.035000 -0.000000 0.000000
vt -0.000341 0.002588 0.000000
vt 0.033467 0.011647 0.000000
vt -0.001340 0.005000 0.000000
vt 0.028971 0.022500 0.000000
vt -0.002929 0.007071 0.000000
vt 0.021820 0.031820 0.000000
vt -0.005000 0.008660 0.000000
vt 0.012500 0.038971 0.000000
vt -0.007412 0.009659 0.000000
vt 0.001647 0.043467 0.000000
vt -0.010000 0.010000 0.000000
vt -0.010000 0.045000 0.000000
vt 0.070000 0.013090 0.000000
vt 0.070000 0.015708 0.000000
vt 0.023333 0.013090 0.000000
vt -0.070000 0.015708 0.000000
vt -0.023333 0.013090 0.000000
vt -0.070000 0.013090 0.000000
vt -0.023333 0.010472 0.000000
vt -0.070000 0.010472 0.000000
vt -0.023333 0.007854 0.000000
vt -0.070000 0.007854 0.000000
vt -0.023333 0.005236 0.000000
vt -0.070000 0.005236 0.000000
vt -0.023333 0.002618 0.000000
vt -0.070000 0.002618 0.000000
vt -0.070000 0.000000 0.000000
vt 0.070000 0.000000 0.000000
vt 0.023333 0.002618 0.000000
vt 0.023333 0.005236 0.000000
vt 0.023333 0.007854 0.000000
vt 0.023333 0.010472 0.000000
vt 0.070000 0.002618 0.000000
vt 0.070000 0.005236 0.000000
vt 0.070000 0.007854 0.000000
vt 0.070000 0.010472 0.000000
vt -0.299449 0.017500 0.000000
vt -0.500000 0.017500 0.000000
vt -0.299449 -0.017500 0.000000
vt -0.500000 -0.017500 0.000000
vt -0.200551 -0.017500 0.000000
vt -0.000000 -0.017500 0.000000
vt -0.200551 0.017500 0.000000
vt -0.000000 0.017500 0.000000
vt 0.070000 0.070686 0.000000
vt -0.070000 0.070686 0.000000
vt 0.070000 0.058905 0.000000
vt -0.070000 0.058905 0.000000
vt 0.070000 0.047124 0.000000
vt -0.070000 0.047124 0.000000
vt 0.070000 0.035343 0.000000
vt -0.070000 0.035343 0.000000
vt 0.070000 0.023562 0.000000
vt -0.070000 0.023562 0.000000
vt 0.070000 0.011781 0.000000
vt -0.070000 0.011781 0.000000
vt 0.070000 0.000000 0.000000
vt -0.070000 0.000000 0.000000
vt -0.020000 0.017500 0.000000
vt -0.350000 0.017500 0.000000
vt -0.020000 -0.017500 0.000000
vt -0.350000 -0.017500 0.000000
vt -0.330000 -0.017500 0.000000
vt -0.000000 -0.017500 0.000000
vt -0.330000 0.017500 0.000000
vt -0.000000 0.017500 0.000000
vt 0.049449 -0.070000 0.000000
vt 0.250000 -0.070000 0.000000
vt 0.049449 0.070000 0.000000
vt 0.250000 0.070000 0.000000
vt -0.140000 -0.017500 0.000000
vt -0.000000 -0.017500 0.000000
vt -0.140000 0.017500 0.000000
vt -0.000000 0.017500 0.000000
vt 0.035000 0.000000 0.000000
vt 0.035341 0.002588 0.000000
vt 0.000000 0.000000 0.000000
vt 0.001533 0.011647 0.000000
vt 0.036340 0.005000 0.000000
vt 0.006029 0.022500 0.000000
vt 0.037929 0.007071 0.000000
vt 0.013180 0.031820 0.000000
vt 0.040000 0.008660 0.000000
vt 0.022500 0.038971 0.000000
vt 0.042412 0.009659 0.000000
vt 0.033353 0.043467 0.000000
vt 0.045000 0.010000 0.000000
vt 0.045000 0.045000 0.000000
vt -0.120000 -0.017500 0.000000
vt -0.096500 -0.017500 0.000000
vt -0.120000 0.017500 0.000000
vt -0.096500 0.017500 0.000000
vt -0.480000 -0.017500 0.000000
vt -0.240449 -0.017500 0.000000
vt -0.480000 0.017500 0.000000
vt -0.240449 0.017500 0.000000
vt 0.580000 -0.026500 0.000000
vt 0.600000 -0.006500 0.000000
vt 0.250000 -0.026500 0.000000
vt 0.600000 0.006500 0.000000
vt 0.250000 0.026500 0.000000
vt 0.580000 0.026500 0.000000
vt 0.250000 0.050000 0.000000
vt -0.009551 0.070000 0.000000
vt -0.009551 -0.070000 0.000000
vt 0.250000 -0.050000 0.000000
vt 0.230000 -0.070000 0.000000
vt 0.230000 0.070000 0.000000
vn -0.000000 -0.070711 -0.070711
vn -0.000000 -0.070711 -0.070711
vn -0.000000 -0.070711 -0.070711
vn -0.000000 -0.070711 -0.070711
vn -0.100000 0.000000 0.000000
vn -0.100000 0.000000 0.000000
vn -0.100000 0.000000 0.000000
vn -0.100000 0.000000 0.000000
vn -0.100000 0.000000 0.000000
vn -0.100000 0.000000 0.000000
vn -0.100000 0.000000 0.000000
vn -0.100000 0.000000 0.000000
vn -0.100000 0.000000 0.000000
vn -0.100000 0.000000 0.000000
vn -0.100000 0.000000 0.000000
vn -0.100000 0.000000 0.000000
vn -0.000000 -0.000000 -0.100000
vn -0.000000 -0.000000 -0.100000
vn -0.000000 -0.000000 -0.100000
vn -0.000000 -0.000000 -0.100000
vn 0.000000 0.070711 -0.070711
vn 0.000000 0.070711 -0.070711
vn 0.000000 0.070711 -0.070711
vn 0.000000 0.070711 -0.070711
vn -0.000000 -0.070711 -0.070711
vn -0.000000 -0.070711 -0.070711
vn -0.000000 -0.070711 -0.070711
vn -0.000000 -0.070711 -0.070711
vn -0.000000 -0.100000 0.000000
vn -0.000000 -0.100000 0.000000
vn -0.000000 -0.100000 0.000000
vn -0.000000 -0.100000 0.000000
vn 0.000000 0.070711 -0.070711
vn 0.000000 0.070711 -0.070711
vn 0.000000 0.070711 -0.070711
vn 0.000000 0.070711 -0.070711
vn -0.000000 -0.000000 -0.100000
vn -0.000000 -0.000000 -0.100000
vn -0.000000 -0.000000 -0.100000
vn -0.000000 -0.000000 -0.100000
vn -0.000000 0.000000 0.100000
vn -0.000000 0.000000 0.100000
vn -0.000000 0.000000 0.100000
vn -0.000000 0.000000 0.100000
vn 0.000000 0.100000 -0.000000
vn 0.000000 0.100000 -0.000000
vn 0.000000 0.100000 -0.000000
vn 0.000000 0.100000 -0.000000
vn 0.000000 0.100000 -0.000000
vn 0.000000 0.100000 -0.000000
vn 0.000000 0.100000 -0.000000
vn 0.000000 0.100000 -0.000000
vn 0.000000 0.100000 -0.000000
vn 0.000000 0.100000 -0.000000
vn 0.000000 0.100000 -0.000000
vn 0.000000 0.100000 -0.000000
vn 0.000000 0.100000 -0.000000
vn 0.000000 0.100000 -0.000000
vn -0.025882 0.000000 -0.096593
vn -0.000000 -0.000000 -0.100000
vn -0.025882 0.000000 -0.096593
vn -0.000000 -0.000000 -0.100000
vn -0.025882 0.000000 -0.096593
vn -0.025882 0.000000 -0.096593
vn -0.050000 0.000000 -0.086603
vn -0.050000 0.000000 -0.086603
vn -0.070711 0.000000 -0.070711
vn -0.070711 0.000000 -0.070711
vn -0.086603 0.000000 -0.050000
vn -0.086603 0.000000 -0.050000
vn -0.096593 0.000000 -0.025882
vn -0.096593 0.000000 -0.025882
vn -0.096593 0.000000 -0.025882
vn -0.086603 0.000000 -0.050000
vn -0.070711 0.000000 -0.070711
vn -0.050000 0.000000 -0.086603
vn -0.096593 0.000000 -0.025882
vn -0.086603 0.000000 -0.050000
vn -0.070711 0.000000 -0.070711
vn -0.050000 0.000000 -0.086603
vn -0.000000 -0.100000 0.000000
vn -0.000000 -0.100000 0.000000
vn -0.000000 -0.100000 0.000000
vn -0.000000 -0.100000 0.000000
vn 0.000000 0.100000 -0.000000
vn 0.000000 0.100000 -0.000000
vn 0.025882 -0.000000 0.096593
vn 0.025882 -0.000000 0.096593
vn 0.050000 -0.000000 0.086603
vn 0.050000 -0.000000 0.086603
vn 0.070711 -0.000000 0.070711
vn 0.070711 -0.000000 0.070711
vn 0.086603 -0.000000 0.050000
vn 0.086603 -0.000000 0.050000
vn 0.096593 -0.000000 0.025882
vn 0.096593 -0.000000 0.025882
vn 0.100000 -0.000000 -0.000000
vn 0.100000 -0.000000 -0.000000
vn -0.000000 -0.100000 0.000000
vn -0.000000 -0.100000 0.000000
vn -0.000000 -0.100000 0.000000
vn -0.000000 -0.100000 0.000000
vn 0.000000 0.100000 -0.000000
vn 0.000000 0.100000 -0.000000
vn 0.000000 0.100000 -0.000000
vn 0.000000 0.100000 -0.000000
vn 0.000000 -0.000000 -0.100000
vn 0.000000 -0.000000 -0.100000
vn -0.100000 0.000000 -0.000000
vn -0.100000 0.000000 -0.000000
vn -0.100000 0.000000 -0.000000
vn -0.100000 0.000000 -0.000000
vn -0.000000 -0.100000 0.000000
vn -0.000000 -0.100000 0.000000
vn -0.000000 -0.100000 0.000000
vn -0.000000 -0.100000 0.000000
vn -0.000000 -0.100000 0.000000
vn -0.000000 -0.100000 0.000000
vn -0.000000 -0.100000 0.000000
vn -0.000000 -0.100000 0.000000
vn -0.000000 -0.100000 0.000000
vn -0.000000 -0.100000 0.000000
vn -0.000000 -0.000000 -0.100000
vn -0.000000 -0.000000 -0.100000
vn -0.000000 -0.000000 -0.100000
vn -0.000000 -0.000000 -0.100000
vn 0.000000 0.100000 -0.000000
vn 0.000000 0.100000 -0.000000
vn 0.100000 -0.000000 -0.000000
vn 0.100000 -0.000000 -0.000000
vn 0.100000 -0.000000 -0.000000
vn 0.100000 -0.000000 -0.000000
vn 0.100000 -0.000000 -0.000000
vn 0.100000 -0.000000 -0.000000
vn 0.100000 -0.000000 -0.000000
vn 0.100000 -0.000000 -0.000000
vn 0.100000 -0.000000 -0.000000
vn 0.100000 -0.000000 -0.000000
f 3677/6383/5911 3678/6384/5912 3680/6385/5913
f 3680/6385/5913 3678/6384/5912 3679/6386/5914
f 3679/6387/5915 3681/6388/5916 3680/6389/5917
f 3680/6389/5917 3681/6388/5916 3690/6390/5918
f 3690/6390/5918 3681/6388/5916 3688/6391/5919
f 3690/6390/5918 3688/6391/5919 3689/6392/5920
f 3688/6391/5919 3681/6388/5916 3684/6393/5921
f 3684/6393/5921 3681/6388/5916 3682/6394/5922
f 3684/6393/5921 3682/6394/5922 3683/6395/5923
f 3684/6393/5921 3685/6396/5924 3688/6391/5919
f 3688/6391/5919 3685/6396/5924 3687/6397/5925
f 3687/6397/5925 3685/6396/5924 3686/6398/5926
f 3680/6399/5927 3690/6400/5928 3677/6401/5929
f 3677/6401/5929 3690/6400/5928 3691/6402/5930
f 3692/6403/5931 3691/6404/5932 3689/6405/5933
f 3689/6405/5933 3691/6404/5932 3690/6406/5934
f 3693/6407/5935 3694/6408/5936 3682/6409/5937
f 3682/6409/5937 3694/6408/5936 3683/6410/5938
f 3694/6411/5939 3695/6412/5940 3683/6413/5941
f 3683/6413/5941 3695/6412/5940 3684/6414/5942
f 3696/6415/5943 3697/6416/5944 3686/6417/5945
f 3686/6417/5945 3697/6416/5944 3687/6418/5946
f 3697/6419/5947 3698/6420/5948 3687/6421/5949
f 3687/6421/5949 3698/6420/5948 3688/6422/5950
f 3700/6423/5951 3701/6424/5952 3699/6425/5953
f 3699/6425/5953 3701/6424/5952 3702/6426/5954
f 3703/6427/5955 3700/6428/5956 3714/6429/5957
f 3714/6429/5957 3700/6428/5956 3704/6430/5958
f 3714/6429/5957 3704/6430/5958 3713/6431/5959
f 3713/6431/5959 3704/6430/5958 3705/6432/5960
f 3713/6431/5959 3705/6432/5960 3712/6433/5961
f 3712/6433/5961 3705/6432/5960 3706/6434/5962
f 3712/6433/5961 3706/6434/5962 3711/6435/5963
f 3711/6435/5963 3706/6434/5962 3707/6436/5964
f 3711/6435/5963 3707/6436/5964 3710/6437/5965
f 3710/6437/5965 3707/6436/5964 3708/6438/5966
f 3710/6437/5965 3708/6438/5966 3685/6439/5967
f 3685/6439/5967 3708/6438/5966 3709/6440/5968
f 3720/6441/5969 3715/6442/5970 3722/6443/5971
f 3722/6443/5971 3715/6442/5970 3703/6444/5972
f 3722/6443/5971 3703/6444/5972 3721/6445/5973
f 3721/6445/5973 3703/6444/5972 3714/6446/5974
f 3721/6445/5973 3714/6446/5974 3723/6447/5975
f 3723/6447/5975 3714/6446/5974 3713/6448/5976
f 3723/6447/5975 3713/6448/5976 3725/6449/5977
f 3725/6449/5977 3713/6448/5976 3712/6450/5978
f 3725/6449/5977 3712/6450/5978 3727/6451/5979
f 3727/6451/5979 3712/6450/5978 3711/6452/5980
f 3727/6451/5979 3711/6452/5980 3729/6453/5981
f 3729/6453/5981 3711/6452/5980 3710/6454/5982
f 3729/6453/5981 3710/6454/5982 3685/6455/5924
f 3685/6455/5924 3684/6456/5921 3729/6453/5981
f 3729/6453/5981 3684/6456/5921 3730/6457/5983
f 3729/6453/5981 3730/6457/5983 3727/6451/5979
f 3727/6451/5979 3730/6457/5983 3728/6458/5984
f 3727/6451/5979 3728/6458/5984 3725/6449/5977
f 3725/6449/5977 3728/6458/5984 3726/6459/5985
f 3725/6449/5977 3726/6459/5985 3723/6447/5975
f 3723/6447/5975 3726/6459/5985 3724/6460/5986
f 3723/6447/5975 3724/6460/5986 3721/6445/5973
f 3721/6445/5973 3724/6460/5986 3722/6443/5971
f 3684/6456/5921 3716/6461/5987 3730/6457/5983
f 3730/6457/5983 3716/6461/5987 3728/6458/5984
f 3716/6461/5987 3717/6462/5988 3728/6458/5984
f 3728/6458/5984 3717/6462/5988 3726/6459/5985
f 3717/6462/5988 3718/6463/5989 3726/6459/5985
f 3726/6459/5985 3718/6463/5989 3724/6460/5986
f 3718/6463/5989 3719/6464/5990 3724/6460/5986
f 3724/6460/5986 3719/6464/5990 3722/6443/5971
f 3719/6464/5990 3720/6441/5969 3722/6443/5971
f 3699/6465/5991 3702/6466/5992 3715/6467/5993
f 3715/6467/5993 3702/6466/5992 3731/6468/5994
f 3703/6469/5955 3732/6470/5995 3700/6471/5956
f 3700/6471/5956 3732/6470/5995 3701/6472/5996
f 3700/6473/5951 3699/6474/5953 3704/6475/5997
f 3704/6475/5997 3699/6474/5953 3733/6476/5998
f 3704/6475/5997 3733/6476/5998 3705/6477/5999
f 3705/6477/5999 3733/6476/5998 3734/6478/6000
f 3705/6477/5999 3734/6478/6000 3706/6479/6001
f 3706/6479/6001 3734/6478/6000 3735/6480/6002
f 3706/6479/6001 3735/6480/6002 3707/6481/6003
f 3707/6481/6003 3735/6480/6002 3736/6482/6004
f 3707/6481/6003 3736/6482/6004 3708/6483/6005
f 3708/6483/6005 3736/6482/6004 3737/6484/6006
f 3708/6483/6005 3737/6484/6006 3709/6485/6007
f 3709/6485/6007 3737/6484/6006 3695/6486/6008
f 3678/6487/6009 3738/6488/6010 3679/6489/6011
f 3679/6489/6011 3738/6488/6010 3681/6490/6012
f 3689/6491/6013 3688/6492/6014 3692/6493/6015
f 3692/6493/6015 3688/6492/6014 3698/6494/6016
f 3715/6495/5970 3731/6496/6017 3703/6497/5972
f 3703/6497/5972 3731/6496/6017 3732/6498/6018
f 3732/6499/6019 3731/6500/6020 3701/6501/6021
f 3701/6501/6021 3731/6500/6020 3702/6502/6022
f 3715/6503/5993 3720/6504/6023 3699/6505/5991
f 3699/6505/5991 3720/6504/6023 3733/6506/6024
f 3733/6506/6024 3720/6504/6023 3719/6507/6025
f 3733/6506/6024 3719/6507/6025 3734/6508/6026
f 3734/6508/6026 3719/6507/6025 3718/6509/6027
f 3734/6508/6026 3718/6509/6027 3735/6510/6028
f 3735/6510/6028 3718/6509/6027 3717/6511/6029
f 3735/6510/6028 3717/6511/6029 3736/6512/6030
f 3736/6512/6030 3717/6511/6029 3716/6513/6031
f 3736/6512/6030 3716/6513/6031 3737/6514/6032
f 3737/6514/6032 3716/6513/6031 3684/6515/5942
f 3737/6514/6032 3684/6515/5942 3695/6516/5940
f 3682/6517/6033 3681/6518/6034 3693/6519/6035
f 3693/6519/6035 3681/6518/6034 3738/6520/6036
f 3686/6521/6037 3685/6522/5967 3696/6523/6038
f 3696/6523/6038 3685/6522/5967 3709/6524/5968
f 3678/6525/6039 3677/6526/6040 3738/6527/6041
f 3738/6527/6041 3677/6526/6040 3691/6528/6042
f 3738/6527/6041 3691/6528/6042 3698/6529/6043
f 3698/6529/6043 3691/6528/6042 3692/6530/6044
f 3697/6531/6045 3709/6532/6007 3698/6529/6043
f 3698/6529/6043 3709/6532/6007 3695/6533/6008
f 3698/6529/6043 3695/6533/6008 3738/6527/6041
f 3738/6527/6041 3695/6533/6008 3693/6534/6046
f 3693/6534/6046 3695/6533/6008 3694/6535/6047
f 3697/6531/6045 3696/6536/6048 3709/6532/6007
# 3738 vertices
# 6536 texture params
# 6048 normals
# 7352 facets

# 31 groups
