# WaveFront *.obj file (generated by Autodesk ATF)

mtllib DIP16-6.40x19.25-RS7.62-P2.54.mtl

g Bottom

v 3.011571 9.624123 0.646784
v 3.011571 -9.624123 0.646784
v 3.007610 -9.620162 0.629272
v 3.000582 -9.613134 0.612751
v 2.990713 -9.603264 0.597753
v 2.978321 -9.590872 0.584762
v 2.963805 -9.576357 0.574195
v 2.947635 -9.560186 0.566395
v 2.912448 -9.525000 0.560000
v 2.912448 9.525000 0.560000
v 2.947635 9.560186 0.566395
v 2.963805 9.576357 0.574195
v 2.978321 9.590872 0.584762
v 2.990713 9.603264 0.597753
v 3.000582 9.613134 0.612751
v 3.007610 9.620162 0.629272
v 3.005599 -9.117590 0.623628
v 3.005599 -8.611057 0.623628
v 3.005599 -8.104524 0.623628
v 3.005599 -7.597992 0.623628
v 3.005599 -7.091459 0.623628
v 3.005599 -6.584926 0.623628
v 3.005599 -6.078393 0.623628
v 3.005599 -5.571861 0.623628
v 3.005599 -5.065328 0.623628
v 3.005599 -4.558795 0.623628
v 3.005599 -4.052262 0.623628
v 3.005599 -3.545729 0.623628
v 3.005599 -3.039197 0.623628
v 3.005599 -2.532664 0.623628
v 3.005599 -2.026131 0.623628
v 3.005599 -1.519598 0.623628
v 3.005599 -1.013066 0.623628
v 3.005599 -0.506533 0.623628
v 3.005599 0.000000 0.623628
v 3.005599 0.506533 0.623628
v 3.005599 1.013066 0.623628
v 3.005599 1.519598 0.623628
v 3.005599 2.026131 0.623628
v 3.005599 2.532664 0.623628
v 3.005599 3.039197 0.623628
v 3.005599 3.545729 0.623628
v 3.005599 4.052262 0.623628
v 3.005599 4.558795 0.623628
v 3.005599 5.065328 0.623628
v 3.005599 5.571861 0.623628
v 3.005599 6.078393 0.623628
v 3.005599 6.584926 0.623628
v 3.005599 7.091459 0.623628
v 3.005599 7.597992 0.623628
v 3.005599 8.104524 0.623628
v 3.005599 8.611057 0.623628
v 3.005599 9.117590 0.623628
v 2.994300 -9.117590 0.602552
v 2.994300 -8.611057 0.602552
v 2.994300 -8.104524 0.602552
v 2.994300 -7.597992 0.602552
v 2.994300 -7.091459 0.602552
v 2.994300 -6.584926 0.602552
v 2.994300 -6.078393 0.602552
v 2.994300 -5.571861 0.602552
v 2.994300 -5.065328 0.602552
v 2.994300 -4.558795 0.602552
v 2.994300 -4.052262 0.602552
v 2.994300 -3.545729 0.602552
v 2.994300 -3.039197 0.602552
v 2.994300 -2.532664 0.602552
v 2.994300 -2.026131 0.602552
v 2.994300 -1.519598 0.602552
v 2.994300 -1.013066 0.602552
v 2.994300 -0.506533 0.602552
v 2.994300 0.000000 0.602552
v 2.994300 0.506533 0.602552
v 2.994300 1.013066 0.602552
v 2.994300 1.519598 0.602552
v 2.994300 2.026131 0.602552
v 2.994300 2.532664 0.602552
v 2.994300 3.039197 0.602552
v 2.994300 3.545729 0.602552
v 2.994300 4.052262 0.602552
v 2.994300 4.558795 0.602552
v 2.994300 5.065328 0.602552
v 2.994300 5.571861 0.602552
v 2.994300 6.078393 0.602552
v 2.994300 6.584926 0.602552
v 2.994300 7.091459 0.602552
v 2.994300 7.597992 0.602552
v 2.994300 8.104524 0.602552
v 2.994300 8.611057 0.602552
v 2.994300 9.117590 0.602552
v 2.978321 -9.117590 0.584762
v 2.978321 -8.611057 0.584762
v 2.978321 -8.104524 0.584762
v 2.978321 -7.597992 0.584762
v 2.978321 -7.091459 0.584762
v 2.978321 -6.584926 0.584762
v 2.978321 -6.078393 0.584762
v 2.978321 -5.571861 0.584762
v 2.978321 -5.065328 0.584762
v 2.978321 -4.558795 0.584762
v 2.978321 -4.052262 0.584762
v 2.978321 -3.545729 0.584762
v 2.978321 -3.039197 0.584762
v 2.978321 -2.532664 0.584762
v 2.978321 -2.026131 0.584762
v 2.978321 -1.519598 0.584762
v 2.978321 -1.013066 0.584762
v 2.978321 -0.506533 0.584762
v 2.978321 0.000000 0.584762
v 2.978321 0.506533 0.584762
v 2.978321 1.013066 0.584762
v 2.978321 1.519598 0.584762
v 2.978321 2.026131 0.584762
v 2.978321 2.532664 0.584762
v 2.978321 3.039197 0.584762
v 2.978321 3.545729 0.584762
v 2.978321 4.052262 0.584762
v 2.978321 4.558795 0.584762
v 2.978321 5.065328 0.584762
v 2.978321 5.571861 0.584762
v 2.978321 6.078393 0.584762
v 2.978321 6.584926 0.584762
v 2.978321 7.091459 0.584762
v 2.978321 7.597992 0.584762
v 2.978321 8.104524 0.584762
v 2.978321 8.611057 0.584762
v 2.978321 9.117590 0.584762
v 2.958574 -9.117590 0.571274
v 2.958574 -8.611057 0.571274
v 2.958574 -8.104524 0.571274
v 2.958574 -7.597992 0.571274
v 2.958574 -7.091459 0.571274
v 2.958574 -6.584926 0.571274
v 2.958574 -6.078393 0.571274
v 2.958574 -5.571861 0.571274
v 2.958574 -5.065328 0.571274
v 2.958574 -4.558795 0.571274
v 2.958574 -4.052262 0.571274
v 2.958574 -3.545729 0.571274
v 2.958574 -3.039197 0.571274
v 2.958574 -2.532664 0.571274
v 2.958574 -2.026131 0.571274
v 2.958574 -1.519598 0.571274
v 2.958574 -1.013066 0.571274
v 2.958574 -0.506533 0.571274
v 2.958574 0.000000 0.571274
v 2.958574 0.506533 0.571274
v 2.958574 1.013066 0.571274
v 2.958574 1.519598 0.571274
v 2.958574 2.026131 0.571274
v 2.958574 2.532664 0.571274
v 2.958574 3.039197 0.571274
v 2.958574 3.545729 0.571274
v 2.958574 4.052262 0.571274
v 2.958574 4.558795 0.571274
v 2.958574 5.065328 0.571274
v 2.958574 5.571861 0.571274
v 2.958574 6.078393 0.571274
v 2.958574 6.584926 0.571274
v 2.958574 7.091459 0.571274
v 2.958574 7.597992 0.571274
v 2.958574 8.104524 0.571274
v 2.958574 8.611057 0.571274
v 2.958574 9.117590 0.571274
v 2.936190 -9.117590 0.562859
v 2.936190 -8.611057 0.562859
v 2.936190 -8.104524 0.562859
v 2.936190 -7.597992 0.562859
v 2.936190 -7.091459 0.562859
v 2.936190 -6.584926 0.562859
v 2.936190 -6.078393 0.562859
v 2.936190 -5.571861 0.562859
v 2.936190 -5.065328 0.562859
v 2.936190 -4.558795 0.562859
v 2.936190 -4.052262 0.562859
v 2.936190 -3.545729 0.562859
v 2.936190 -3.039197 0.562859
v 2.936190 -2.532664 0.562859
v 2.936190 -2.026131 0.562859
v 2.936190 -1.519598 0.562859
v 2.936190 -1.013066 0.562859
v 2.936190 -0.506533 0.562859
v 2.936190 0.000000 0.562859
v 2.936190 0.506533 0.562859
v 2.936190 1.013066 0.562859
v 2.936190 1.519598 0.562859
v 2.936190 2.026131 0.562859
v 2.936190 2.532664 0.562859
v 2.936190 3.039197 0.562859
v 2.936190 3.545729 0.562859
v 2.936190 4.052262 0.562859
v 2.936190 4.558795 0.562859
v 2.936190 5.065328 0.562859
v 2.936190 5.571861 0.562859
v 2.936190 6.078393 0.562859
v 2.936190 6.584926 0.562859
v 2.936190 7.091459 0.562859
v 2.936190 7.597992 0.562859
v 2.936190 8.104524 0.562859
v 2.936190 8.611057 0.562859
v 2.936190 9.117590 0.562859
v -3.011571 -9.624123 0.646784
v -3.011571 9.624123 0.646784
v -3.007610 9.620162 0.629272
v -3.000582 9.613134 0.612751
v -2.990713 9.603264 0.597753
v -2.978321 9.590872 0.584762
v -2.963805 9.576357 0.574195
v -2.947635 9.560186 0.566395
v -2.912448 9.525000 0.560000
v -2.912448 -9.525000 0.560000
v -2.947635 -9.560186 0.566395
v -2.963805 -9.576357 0.574195
v -2.978321 -9.590872 0.584762
v -2.990713 -9.603264 0.597753
v -3.000582 -9.613134 0.612751
v -3.007610 -9.620162 0.629272
v -3.005599 9.117590 0.623628
v -3.005599 8.611057 0.623628
v -3.005599 8.104524 0.623628
v -3.005599 7.597992 0.623628
v -3.005599 7.091459 0.623628
v -3.005599 6.584926 0.623628
v -3.005599 6.078393 0.623628
v -3.005599 5.571861 0.623628
v -3.005599 5.065328 0.623628
v -3.005599 4.558795 0.623628
v -3.005599 4.052262 0.623628
v -3.005599 3.545729 0.623628
v -3.005599 3.039197 0.623628
v -3.005599 2.532664 0.623628
v -3.005599 2.026131 0.623628
v -3.005599 1.519598 0.623628
v -3.005599 1.013066 0.623628
v -3.005599 0.506533 0.623628
v -3.005599 0.000000 0.623628
v -3.005599 -0.506533 0.623628
v -3.005599 -1.013066 0.623628
v -3.005599 -1.519598 0.623628
v -3.005599 -2.026131 0.623628
v -3.005599 -2.532664 0.623628
v -3.005599 -3.039197 0.623628
v -3.005599 -3.545729 0.623628
v -3.005599 -4.052262 0.623628
v -3.005599 -4.558795 0.623628
v -3.005599 -5.065328 0.623628
v -3.005599 -5.571861 0.623628
v -3.005599 -6.078393 0.623628
v -3.005599 -6.584926 0.623628
v -3.005599 -7.091459 0.623628
v -3.005599 -7.597992 0.623628
v -3.005599 -8.104524 0.623628
v -3.005599 -8.611057 0.623628
v -3.005599 -9.117590 0.623628
v -2.994300 9.117590 0.602552
v -2.994300 8.611057 0.602552
v -2.994300 8.104524 0.602552
v -2.994300 7.597992 0.602552
v -2.994300 7.091459 0.602552
v -2.994300 6.584926 0.602552
v -2.994300 6.078393 0.602552
v -2.994300 5.571861 0.602552
v -2.994300 5.065328 0.602552
v -2.994300 4.558795 0.602552
v -2.994300 4.052262 0.602552
v -2.994300 3.545729 0.602552
v -2.994300 3.039197 0.602552
v -2.994300 2.532664 0.602552
v -2.994300 2.026131 0.602552
v -2.994300 1.519598 0.602552
v -2.994300 1.013066 0.602552
v -2.994300 0.506533 0.602552
v -2.994300 0.000000 0.602552
v -2.994300 -0.506533 0.602552
v -2.994300 -1.013066 0.602552
v -2.994300 -1.519598 0.602552
v -2.994300 -2.026131 0.602552
v -2.994300 -2.532664 0.602552
v -2.994300 -3.039197 0.602552
v -2.994300 -3.545729 0.602552
v -2.994300 -4.052262 0.602552
v -2.994300 -4.558795 0.602552
v -2.994300 -5.065328 0.602552
v -2.994300 -5.571861 0.602552
v -2.994300 -6.078393 0.602552
v -2.994300 -6.584926 0.602552
v -2.994300 -7.091459 0.602552
v -2.994300 -7.597992 0.602552
v -2.994300 -8.104524 0.602552
v -2.994300 -8.611057 0.602552
v -2.994300 -9.117590 0.602552
v -2.978321 9.117590 0.584762
v -2.978321 8.611057 0.584762
v -2.978321 8.104524 0.584762
v -2.978321 7.597992 0.584762
v -2.978321 7.091459 0.584762
v -2.978321 6.584926 0.584762
v -2.978321 6.078393 0.584762
v -2.978321 5.571861 0.584762
v -2.978321 5.065328 0.584762
v -2.978321 4.558795 0.584762
v -2.978321 4.052262 0.584762
v -2.978321 3.545729 0.584762
v -2.978321 3.039197 0.584762
v -2.978321 2.532664 0.584762
v -2.978321 2.026131 0.584762
v -2.978321 1.519598 0.584762
v -2.978321 1.013066 0.584762
v -2.978321 0.506533 0.584762
v -2.978321 0.000000 0.584762
v -2.978321 -0.506533 0.584762
v -2.978321 -1.013066 0.584762
v -2.978321 -1.519598 0.584762
v -2.978321 -2.026131 0.584762
v -2.978321 -2.532664 0.584762
v -2.978321 -3.039197 0.584762
v -2.978321 -3.545729 0.584762
v -2.978321 -4.052262 0.584762
v -2.978321 -4.558795 0.584762
v -2.978321 -5.065328 0.584762
v -2.978321 -5.571861 0.584762
v -2.978321 -6.078393 0.584762
v -2.978321 -6.584926 0.584762
v -2.978321 -7.091459 0.584762
v -2.978321 -7.597992 0.584762
v -2.978321 -8.104524 0.584762
v -2.978321 -8.611057 0.584762
v -2.978321 -9.117590 0.584762
v -2.958574 9.117590 0.571274
v -2.958574 8.611057 0.571274
v -2.958574 8.104524 0.571274
v -2.958574 7.597992 0.571274
v -2.958574 7.091459 0.571274
v -2.958574 6.584926 0.571274
v -2.958574 6.078393 0.571274
v -2.958574 5.571861 0.571274
v -2.958574 5.065328 0.571274
v -2.958574 4.558795 0.571274
v -2.958574 4.052262 0.571274
v -2.958574 3.545729 0.571274
v -2.958574 3.039197 0.571274
v -2.958574 2.532664 0.571274
v -2.958574 2.026131 0.571274
v -2.958574 1.519598 0.571274
v -2.958574 1.013066 0.571274
v -2.958574 0.506533 0.571274
v -2.958574 0.000000 0.571274
v -2.958574 -0.506533 0.571274
v -2.958574 -1.013066 0.571274
v -2.958574 -1.519598 0.571274
v -2.958574 -2.026131 0.571274
v -2.958574 -2.532664 0.571274
v -2.958574 -3.039197 0.571274
v -2.958574 -3.545729 0.571274
v -2.958574 -4.052262 0.571274
v -2.958574 -4.558795 0.571274
v -2.958574 -5.065328 0.571274
v -2.958574 -5.571861 0.571274
v -2.958574 -6.078393 0.571274
v -2.958574 -6.584926 0.571274
v -2.958574 -7.091459 0.571274
v -2.958574 -7.597992 0.571274
v -2.958574 -8.104524 0.571274
v -2.958574 -8.611057 0.571274
v -2.958574 -9.117590 0.571274
v -2.936190 9.117590 0.562859
v -2.936190 8.611057 0.562859
v -2.936190 8.104524 0.562859
v -2.936190 7.597992 0.562859
v -2.936190 7.091459 0.562859
v -2.936190 6.584926 0.562859
v -2.936190 6.078393 0.562859
v -2.936190 5.571861 0.562859
v -2.936190 5.065328 0.562859
v -2.936190 4.558795 0.562859
v -2.936190 4.052262 0.562859
v -2.936190 3.545729 0.562859
v -2.936190 3.039197 0.562859
v -2.936190 2.532664 0.562859
v -2.936190 2.026131 0.562859
v -2.936190 1.519598 0.562859
v -2.936190 1.013066 0.562859
v -2.936190 0.506533 0.562859
v -2.936190 0.000000 0.562859
v -2.936190 -0.506533 0.562859
v -2.936190 -1.013066 0.562859
v -2.936190 -1.519598 0.562859
v -2.936190 -2.026131 0.562859
v -2.936190 -2.532664 0.562859
v -2.936190 -3.039197 0.562859
v -2.936190 -3.545729 0.562859
v -2.936190 -4.052262 0.562859
v -2.936190 -4.558795 0.562859
v -2.936190 -5.065328 0.562859
v -2.936190 -5.571861 0.562859
v -2.936190 -6.078393 0.562859
v -2.936190 -6.584926 0.562859
v -2.936190 -7.091459 0.562859
v -2.936190 -7.597992 0.562859
v -2.936190 -8.104524 0.562859
v -2.936190 -8.611057 0.562859
v -2.936190 -9.117590 0.562859
v -3.012157 9.624610 0.651175
v -3.012744 9.624902 0.655583
v -3.013333 9.625000 0.660000
v 3.013333 9.625000 0.660000
v 3.012744 9.624902 0.655583
v 3.012157 9.624610 0.651175
v -2.465455 9.550882 0.563407
v -1.917576 9.550882 0.563407
v -1.369697 9.550882 0.563407
v -0.821818 9.550882 0.563407
v -0.273939 9.550882 0.563407
v 0.273939 9.550882 0.563407
v 0.821818 9.550882 0.563407
v 1.369697 9.550882 0.563407
v 1.917576 9.550882 0.563407
v 2.465455 9.550882 0.563407
v -2.465455 9.575000 0.573397
v -1.917576 9.575000 0.573397
v -1.369697 9.575000 0.573397
v -0.821818 9.575000 0.573397
v -0.273939 9.575000 0.573397
v 0.273939 9.575000 0.573397
v 0.821818 9.575000 0.573397
v 1.369697 9.575000 0.573397
v 1.917576 9.575000 0.573397
v 2.465455 9.575000 0.573397
v -2.465455 9.595711 0.589289
v -1.917576 9.595711 0.589289
v -1.369697 9.595711 0.589289
v -0.821818 9.595711 0.589289
v -0.273939 9.595711 0.589289
v 0.273939 9.595711 0.589289
v 0.821818 9.595711 0.589289
v 1.369697 9.595711 0.589289
v 1.917576 9.595711 0.589289
v 2.465455 9.595711 0.589289
v -2.465455 9.611603 0.610000
v -1.917576 9.611603 0.610000
v -1.369697 9.611603 0.610000
v -0.821818 9.611603 0.610000
v -0.273939 9.611603 0.610000
v 0.273939 9.611603 0.610000
v 0.821818 9.611603 0.610000
v 1.369697 9.611603 0.610000
v 1.917576 9.611603 0.610000
v 2.465455 9.611603 0.610000
v -2.465455 9.621593 0.634118
v -1.917576 9.621593 0.634118
v -1.369697 9.621593 0.634118
v -0.821818 9.621593 0.634118
v -0.273939 9.621593 0.634118
v 0.273939 9.621593 0.634118
v 0.821818 9.621593 0.634118
v 1.369697 9.621593 0.634118
v 1.917576 9.621593 0.634118
v 2.465455 9.621593 0.634118
v 3.013333 -9.625000 0.660000
v -3.013333 -9.625000 0.660000
v -3.012744 -9.624902 0.655583
v -3.012157 -9.624610 0.651175
v 3.012157 -9.624610 0.651175
v 3.012744 -9.624902 0.655583
v -2.465455 -9.621593 0.634118
v -1.917576 -9.621593 0.634118
v -1.369697 -9.621593 0.634118
v -0.821818 -9.621593 0.634118
v -0.273939 -9.621593 0.634118
v 0.273939 -9.621593 0.634118
v 0.821818 -9.621593 0.634118
v 1.369697 -9.621593 0.634118
v 1.917576 -9.621593 0.634118
v 2.465455 -9.621593 0.634118
v -2.465455 -9.611603 0.610000
v -1.917576 -9.611603 0.610000
v -1.369697 -9.611603 0.610000
v -0.821818 -9.611603 0.610000
v -0.273939 -9.611603 0.610000
v 0.273939 -9.611603 0.610000
v 0.821818 -9.611603 0.610000
v 1.369697 -9.611603 0.610000
v 1.917576 -9.611603 0.610000
v 2.465455 -9.611603 0.610000
v -2.465455 -9.595711 0.589289
v -1.917576 -9.595711 0.589289
v -1.369697 -9.595711 0.589289
v -0.821818 -9.595711 0.589289
v -0.273939 -9.595711 0.589289
v 0.273939 -9.595711 0.589289
v 0.821818 -9.595711 0.589289
v 1.369697 -9.595711 0.589289
v 1.917576 -9.595711 0.589289
v 2.465455 -9.595711 0.589289
v -2.465455 -9.575000 0.573397
v -1.917576 -9.575000 0.573397
v -1.369697 -9.575000 0.573397
v -0.821818 -9.575000 0.573397
v -0.273939 -9.575000 0.573397
v 0.273939 -9.575000 0.573397
v 0.821818 -9.575000 0.573397
v 1.369697 -9.575000 0.573397
v 1.917576 -9.575000 0.573397
v 2.465455 -9.575000 0.573397
v -2.465455 -9.550882 0.563407
v -1.917576 -9.550882 0.563407
v -1.369697 -9.550882 0.563407
v -0.821818 -9.550882 0.563407
v -0.273939 -9.550882 0.563407
v 0.273939 -9.550882 0.563407
v 0.821818 -9.550882 0.563407
v 1.369697 -9.550882 0.563407
v 1.917576 -9.550882 0.563407
v 2.465455 -9.550882 0.563407
v -3.200000 -9.625000 2.060000
v -3.200000 9.625000 2.060000
v 3.200000 -9.625000 2.060000
v 3.200000 9.625000 2.060000
vt -1.443662 -0.007191 0.000000
vt 0.481162 -0.007191 0.000000
vt -1.443266 -0.005393 0.000000
vt -0.785170 -0.004794 0.000000
vt -0.835823 -0.004794 0.000000
vt -0.835823 -0.002397 0.000000
vt -0.886476 -0.002397 0.000000
vt -0.886476 -0.000000 0.000000
vt -0.937130 -0.000000 0.000000
vt -0.937130 0.002397 0.000000
vt -0.987783 0.002397 0.000000
vt -0.987783 0.004794 0.000000
vt -1.038436 0.004794 0.000000
vt -1.433750 0.007191 0.000000
vt -1.089089 0.004794 0.000000
vt -1.139743 0.004794 0.000000
vt -1.089089 0.002397 0.000000
vt -1.139743 0.002397 0.000000
vt -1.089089 0.000000 0.000000
vt -1.139743 0.000000 0.000000
vt -1.089089 -0.002397 0.000000
vt -1.139743 -0.002397 0.000000
vt -1.089089 -0.004794 0.000000
vt -1.139743 -0.004794 0.000000
vt -1.190396 -0.004794 0.000000
vt -1.241049 -0.004794 0.000000
vt -1.241049 -0.002397 0.000000
vt -1.291702 -0.002397 0.000000
vt -1.291702 0.000000 0.000000
vt -1.342356 0.000000 0.000000
vt -1.342356 0.002397 0.000000
vt -1.393009 0.002397 0.000000
vt -1.393009 0.004794 0.000000
vt -1.437269 0.003596 0.000000
vt -1.342356 0.004794 0.000000
vt -1.291702 0.004794 0.000000
vt -1.291702 0.002397 0.000000
vt -1.241049 0.002397 0.000000
vt -1.241049 0.000000 0.000000
vt -1.190396 0.000000 0.000000
vt -1.190396 -0.002397 0.000000
vt 0.480766 -0.005393 0.000000
vt 0.430509 -0.004794 0.000000
vt 0.379856 -0.004794 0.000000
vt 0.329202 -0.004794 0.000000
vt 0.329202 -0.002397 0.000000
vt 0.278549 -0.002397 0.000000
vt 0.278549 -0.000000 0.000000
vt 0.227896 -0.000000 0.000000
vt 0.227896 0.002397 0.000000
vt 0.177243 0.002397 0.000000
vt 0.177243 0.004794 0.000000
vt 0.126589 0.004794 0.000000
vt 0.471250 0.007191 0.000000
vt 0.075936 0.004794 0.000000
vt 0.025283 0.004794 0.000000
vt 0.075936 0.002397 0.000000
vt 0.025283 0.002397 0.000000
vt 0.075936 -0.000000 0.000000
vt 0.025283 -0.000000 0.000000
vt 0.075936 -0.002397 0.000000
vt 0.025283 -0.002397 0.000000
vt 0.075936 -0.004794 0.000000
vt 0.025283 -0.004794 0.000000
vt -0.025370 -0.004794 0.000000
vt -0.076024 -0.004794 0.000000
vt -0.076024 -0.002397 0.000000
vt -0.126677 -0.002397 0.000000
vt -0.126677 -0.000000 0.000000
vt -0.177330 -0.000000 0.000000
vt -0.177330 0.002397 0.000000
vt -0.227984 0.002397 0.000000
vt -0.227984 0.004794 0.000000
vt -0.278637 0.004794 0.000000
vt -0.329290 0.004794 0.000000
vt -0.379943 0.004794 0.000000
vt -0.329290 0.002397 0.000000
vt -0.379943 0.002397 0.000000
vt -0.329290 -0.000000 0.000000
vt -0.379943 -0.000000 0.000000
vt -0.329290 -0.002397 0.000000
vt -0.379943 -0.002397 0.000000
vt -0.329290 -0.004794 0.000000
vt -0.379943 -0.004794 0.000000
vt -0.430597 -0.004794 0.000000
vt -0.481250 -0.004794 0.000000
vt -0.481250 -0.002397 0.000000
vt -0.531903 -0.002397 0.000000
vt -0.531903 -0.000000 0.000000
vt -0.582557 -0.000000 0.000000
vt -0.582557 0.002397 0.000000
vt -0.633210 0.002397 0.000000
vt -0.633210 0.004794 0.000000
vt -0.683863 0.004794 0.000000
vt -0.734516 0.004794 0.000000
vt -0.785170 0.004794 0.000000
vt -0.734516 0.002397 0.000000
vt -0.785170 0.002397 0.000000
vt -0.734516 -0.000000 0.000000
vt -0.785170 -0.000000 0.000000
vt -0.734516 -0.002397 0.000000
vt -0.785170 -0.002397 0.000000
vt -0.734516 -0.004794 0.000000
vt 0.480063 -0.003596 0.000000
vt 0.430509 -0.002397 0.000000
vt 0.379856 -0.002397 0.000000
vt 0.379856 -0.000000 0.000000
vt 0.329202 -0.000000 0.000000
vt 0.329202 0.002397 0.000000
vt 0.278549 0.002397 0.000000
vt 0.278549 0.004794 0.000000
vt 0.227896 0.004794 0.000000
vt 0.479076 -0.001798 0.000000
vt 0.430509 -0.000000 0.000000
vt 0.379856 0.002397 0.000000
vt 0.329202 0.004794 0.000000
vt 0.477837 -0.000000 0.000000
vt 0.476386 0.001798 0.000000
vt 0.430509 0.002397 0.000000
vt 0.474769 0.003596 0.000000
vt 0.430509 0.004794 0.000000
vt 0.379856 0.004794 0.000000
vt -0.481250 0.004794 0.000000
vt -0.430597 0.004794 0.000000
vt -1.438886 0.001798 0.000000
vt -1.393009 0.000000 0.000000
vt -1.342356 -0.002397 0.000000
vt -1.291702 -0.004794 0.000000
vt -1.440337 0.000000 0.000000
vt -1.441576 -0.001798 0.000000
vt -1.393009 -0.002397 0.000000
vt -1.442563 -0.003596 0.000000
vt -1.393009 -0.004794 0.000000
vt -1.342356 -0.004794 0.000000
vt 0.278549 -0.004794 0.000000
vt 0.227896 -0.004794 0.000000
vt 0.177243 -0.004794 0.000000
vt 0.177243 -0.002397 0.000000
vt 0.126589 -0.002397 0.000000
vt 0.126589 -0.000000 0.000000
vt 0.227896 -0.002397 0.000000
vt 0.126589 -0.004794 0.000000
vt -0.025370 -0.002397 0.000000
vt -0.025370 -0.000000 0.000000
vt -0.025370 0.002397 0.000000
vt -0.025370 0.004794 0.000000
vt -0.126677 -0.004794 0.000000
vt -0.177330 -0.004794 0.000000
vt -0.227984 -0.004794 0.000000
vt -0.227984 -0.002397 0.000000
vt -0.278637 -0.002397 0.000000
vt -0.278637 -0.000000 0.000000
vt -0.177330 -0.002397 0.000000
vt -0.278637 -0.004794 0.000000
vt -0.430597 -0.002397 0.000000
vt -0.430597 -0.000000 0.000000
vt -0.430597 0.002397 0.000000
vt -0.531903 -0.004794 0.000000
vt -0.582557 -0.004794 0.000000
vt -0.633210 -0.004794 0.000000
vt -0.633210 -0.002397 0.000000
vt -0.683863 -0.002397 0.000000
vt -0.683863 -0.000000 0.000000
vt -0.582557 -0.002397 0.000000
vt -0.683863 -0.004794 0.000000
vt -0.886476 -0.004794 0.000000
vt -0.937130 -0.004794 0.000000
vt -0.987783 -0.004794 0.000000
vt -0.987783 -0.002397 0.000000
vt -1.038436 -0.002397 0.000000
vt -1.038436 0.000000 0.000000
vt -0.937130 -0.002397 0.000000
vt -1.038436 -0.004794 0.000000
vt 0.177243 -0.000000 0.000000
vt -0.076024 -0.000000 0.000000
vt -0.126677 0.002397 0.000000
vt -0.177330 0.004794 0.000000
vt -0.227984 -0.000000 0.000000
vt -0.481250 -0.000000 0.000000
vt -0.531903 0.002397 0.000000
vt -0.582557 0.004794 0.000000
vt -0.633210 -0.000000 0.000000
vt -0.835823 -0.000000 0.000000
vt -0.835823 0.002397 0.000000
vt -0.835823 0.004794 0.000000
vt -0.987783 0.000000 0.000000
vt 0.126589 0.002397 0.000000
vt -0.076024 0.002397 0.000000
vt -0.076024 0.004794 0.000000
vt -0.278637 0.002397 0.000000
vt -0.481250 0.002397 0.000000
vt -0.683863 0.002397 0.000000
vt -0.886476 0.002397 0.000000
vt -0.937130 0.004794 0.000000
vt -1.038436 0.002397 0.000000
vt -1.190396 0.002397 0.000000
vt -1.190396 0.004794 0.000000
vt -0.126677 0.004794 0.000000
vt -0.531903 0.004794 0.000000
vt -0.886476 0.004794 0.000000
vt -1.241049 0.004794 0.000000
vt -1.443662 -0.007191 0.000000
vt 0.481162 -0.007191 0.000000
vt -1.443266 -0.005393 0.000000
vt -0.785170 -0.004794 0.000000
vt -0.835823 -0.004794 0.000000
vt -0.835823 -0.002397 0.000000
vt -0.886476 -0.002397 0.000000
vt -0.886476 -0.000000 0.000000
vt -0.937130 -0.000000 0.000000
vt -0.937130 0.002397 0.000000
vt -0.987783 0.002397 0.000000
vt -0.987783 0.004794 0.000000
vt -1.038436 0.004794 0.000000
vt -1.433750 0.007191 0.000000
vt -1.089089 0.004794 0.000000
vt -1.139743 0.004794 0.000000
vt -1.089089 0.002397 0.000000
vt -1.139743 0.002397 0.000000
vt -1.089089 -0.000000 0.000000
vt -1.139743 -0.000000 0.000000
vt -1.089089 -0.002397 0.000000
vt -1.139743 -0.002397 0.000000
vt -1.089089 -0.004794 0.000000
vt -1.139743 -0.004794 0.000000
vt -1.190396 -0.004794 0.000000
vt -1.241049 -0.004794 0.000000
vt -1.241049 -0.002397 0.000000
vt -1.291702 -0.002397 0.000000
vt -1.291702 -0.000000 0.000000
vt -1.342356 -0.000000 0.000000
vt -1.342356 0.002397 0.000000
vt -1.393009 0.002397 0.000000
vt -1.393009 0.004794 0.000000
vt -1.437269 0.003596 0.000000
vt -1.342356 0.004794 0.000000
vt -1.291702 0.004794 0.000000
vt -1.291702 0.002397 0.000000
vt -1.241049 0.002397 0.000000
vt -1.241049 -0.000000 0.000000
vt -1.190396 -0.000000 0.000000
vt -1.190396 -0.002397 0.000000
vt 0.480766 -0.005393 0.000000
vt 0.430509 -0.004794 0.000000
vt 0.379856 -0.004794 0.000000
vt 0.329202 -0.004794 0.000000
vt 0.329202 -0.002397 0.000000
vt 0.278549 -0.002397 0.000000
vt 0.278549 -0.000000 0.000000
vt 0.227896 -0.000000 0.000000
vt 0.227896 0.002397 0.000000
vt 0.177243 0.002397 0.000000
vt 0.177243 0.004794 0.000000
vt 0.126589 0.004794 0.000000
vt 0.471250 0.007191 0.000000
vt 0.075936 0.004794 0.000000
vt 0.025283 0.004794 0.000000
vt 0.075936 0.002397 0.000000
vt 0.025283 0.002397 0.000000
vt 0.075936 -0.000000 0.000000
vt 0.025283 -0.000000 0.000000
vt 0.075936 -0.002397 0.000000
vt 0.025283 -0.002397 0.000000
vt 0.075936 -0.004794 0.000000
vt 0.025283 -0.004794 0.000000
vt -0.025370 -0.004794 0.000000
vt -0.076024 -0.004794 0.000000
vt -0.076024 -0.002397 0.000000
vt -0.126677 -0.002397 0.000000
vt -0.126677 -0.000000 0.000000
vt -0.177330 -0.000000 0.000000
vt -0.177330 0.002397 0.000000
vt -0.227984 0.002397 0.000000
vt -0.227984 0.004794 0.000000
vt -0.278637 0.004794 0.000000
vt -0.329290 0.004794 0.000000
vt -0.379943 0.004794 0.000000
vt -0.329290 0.002397 0.000000
vt -0.379943 0.002397 0.000000
vt -0.329290 -0.000000 0.000000
vt -0.379943 -0.000000 0.000000
vt -0.329290 -0.002397 0.000000
vt -0.379943 -0.002397 0.000000
vt -0.329290 -0.004794 0.000000
vt -0.379943 -0.004794 0.000000
vt -0.430597 -0.004794 0.000000
vt -0.481250 -0.004794 0.000000
vt -0.481250 -0.002397 0.000000
vt -0.531903 -0.002397 0.000000
vt -0.531903 -0.000000 0.000000
vt -0.582557 -0.000000 0.000000
vt -0.582557 0.002397 0.000000
vt -0.633210 0.002397 0.000000
vt -0.633210 0.004794 0.000000
vt -0.683863 0.004794 0.000000
vt -0.734516 0.004794 0.000000
vt -0.785170 0.004794 0.000000
vt -0.734516 0.002397 0.000000
vt -0.785170 0.002397 0.000000
vt -0.734516 -0.000000 0.000000
vt -0.785170 -0.000000 0.000000
vt -0.734516 -0.002397 0.000000
vt -0.785170 -0.002397 0.000000
vt -0.734516 -0.004794 0.000000
vt 0.480063 -0.003596 0.000000
vt 0.430509 -0.002397 0.000000
vt 0.379856 -0.002397 0.000000
vt 0.379856 -0.000000 0.000000
vt 0.329202 -0.000000 0.000000
vt 0.329202 0.002397 0.000000
vt 0.278549 0.002397 0.000000
vt 0.278549 0.004794 0.000000
vt 0.227896 0.004794 0.000000
vt 0.479076 -0.001798 0.000000
vt 0.430509 -0.000000 0.000000
vt 0.379856 0.002397 0.000000
vt 0.329202 0.004794 0.000000
vt 0.477837 -0.000000 0.000000
vt 0.476386 0.001798 0.000000
vt 0.430509 0.002397 0.000000
vt 0.474769 0.003596 0.000000
vt 0.430509 0.004794 0.000000
vt 0.379856 0.004794 0.000000
vt -0.481250 0.004794 0.000000
vt -0.430597 0.004794 0.000000
vt -1.438886 0.001798 0.000000
vt -1.393009 -0.000000 0.000000
vt -1.342356 -0.002397 0.000000
vt -1.291702 -0.004794 0.000000
vt -1.440337 -0.000000 0.000000
vt -1.441576 -0.001798 0.000000
vt -1.393009 -0.002397 0.000000
vt -1.442563 -0.003596 0.000000
vt -1.393009 -0.004794 0.000000
vt -1.342356 -0.004794 0.000000
vt 0.278549 -0.004794 0.000000
vt 0.227896 -0.004794 0.000000
vt 0.177243 -0.004794 0.000000
vt 0.177243 -0.002397 0.000000
vt 0.126589 -0.002397 0.000000
vt 0.126589 -0.000000 0.000000
vt 0.227896 -0.002397 0.000000
vt 0.126589 -0.004794 0.000000
vt -0.025370 -0.002397 0.000000
vt -0.025370 -0.000000 0.000000
vt -0.025370 0.002397 0.000000
vt -0.025370 0.004794 0.000000
vt -0.126677 -0.004794 0.000000
vt -0.177330 -0.004794 0.000000
vt -0.227984 -0.004794 0.000000
vt -0.227984 -0.002397 0.000000
vt -0.278637 -0.002397 0.000000
vt -0.278637 -0.000000 0.000000
vt -0.177330 -0.002397 0.000000
vt -0.278637 -0.004794 0.000000
vt -0.430597 -0.002397 0.000000
vt -0.430597 -0.000000 0.000000
vt -0.430597 0.002397 0.000000
vt -0.531903 -0.004794 0.000000
vt -0.582557 -0.004794 0.000000
vt -0.633210 -0.004794 0.000000
vt -0.633210 -0.002397 0.000000
vt -0.683863 -0.002397 0.000000
vt -0.683863 -0.000000 0.000000
vt -0.582557 -0.002397 0.000000
vt -0.683863 -0.004794 0.000000
vt -0.886476 -0.004794 0.000000
vt -0.937130 -0.004794 0.000000
vt -0.987783 -0.004794 0.000000
vt -0.987783 -0.002397 0.000000
vt -1.038436 -0.002397 0.000000
vt -1.038436 -0.000000 0.000000
vt -0.937130 -0.002397 0.000000
vt -1.038436 -0.004794 0.000000
vt 0.177243 -0.000000 0.000000
vt -0.076024 -0.000000 0.000000
vt -0.126677 0.002397 0.000000
vt -0.177330 0.004794 0.000000
vt -0.227984 -0.000000 0.000000
vt -0.481250 -0.000000 0.000000
vt -0.531903 0.002397 0.000000
vt -0.582557 0.004794 0.000000
vt -0.633210 -0.000000 0.000000
vt -0.835823 -0.000000 0.000000
vt -0.835823 0.002397 0.000000
vt -0.835823 0.004794 0.000000
vt -0.987783 -0.000000 0.000000
vt 0.126589 0.002397 0.000000
vt -0.076024 0.002397 0.000000
vt -0.076024 0.004794 0.000000
vt -0.278637 0.002397 0.000000
vt -0.481250 0.002397 0.000000
vt -0.683863 0.002397 0.000000
vt -0.886476 0.002397 0.000000
vt -0.937130 0.004794 0.000000
vt -1.038436 0.002397 0.000000
vt -1.190396 0.002397 0.000000
vt -1.190396 0.004794 0.000000
vt -0.126677 0.004794 0.000000
vt -0.531903 0.004794 0.000000
vt -0.886476 0.004794 0.000000
vt -1.241049 0.004794 0.000000
vt -0.441245 0.007854 0.000000
vt -0.122606 0.005236 0.000000
vt 0.141245 0.007854 0.000000
vt -0.067818 0.005236 0.000000
vt -0.013030 0.005236 0.000000
vt -0.013030 0.002618 0.000000
vt 0.041758 0.002618 0.000000
vt 0.041758 0.000000 0.000000
vt 0.096545 0.000000 0.000000
vt 0.096545 -0.002618 0.000000
vt 0.149071 -0.001135 0.000000
vt 0.150058 -0.002933 0.000000
vt 0.150761 -0.004731 0.000000
vt 0.096545 -0.005236 0.000000
vt 0.151157 -0.006528 0.000000
vt 0.151216 -0.006970 0.000000
vt 0.041758 -0.005236 0.000000
vt -0.013030 -0.005236 0.000000
vt -0.013030 -0.002618 0.000000
vt -0.067818 -0.002618 0.000000
vt -0.067818 0.000000 0.000000
vt -0.122606 0.000000 0.000000
vt -0.122606 0.002618 0.000000
vt -0.177394 0.002618 0.000000
vt -0.177394 0.005236 0.000000
vt -0.232182 0.005236 0.000000
vt -0.286970 0.005236 0.000000
vt -0.341758 0.005236 0.000000
vt -0.286970 0.002618 0.000000
vt -0.341758 0.002618 0.000000
vt -0.286970 0.000000 0.000000
vt -0.341758 0.000000 0.000000
vt -0.286970 -0.002618 0.000000
vt -0.341758 -0.002618 0.000000
vt -0.286970 -0.005236 0.000000
vt -0.341758 -0.005236 0.000000
vt -0.451157 -0.006528 0.000000
vt -0.396545 -0.005236 0.000000
vt -0.450761 -0.004731 0.000000
vt -0.396545 -0.002618 0.000000
vt -0.450058 -0.002933 0.000000
vt -0.449071 -0.001135 0.000000
vt -0.396545 0.000000 0.000000
vt -0.447832 0.000663 0.000000
vt -0.396545 0.002618 0.000000
vt -0.446381 0.002461 0.000000
vt -0.444763 0.004258 0.000000
vt -0.396545 0.005236 0.000000
vt -0.451216 -0.006970 0.000000
vt -0.177394 -0.005236 0.000000
vt -0.232182 -0.005236 0.000000
vt -0.232182 -0.002618 0.000000
vt -0.451274 -0.007412 0.000000
vt 0.151274 -0.007412 0.000000
vt -0.451333 -0.007854 0.000000
vt 0.151333 -0.007854 0.000000
vt 0.147832 0.000663 0.000000
vt 0.096545 0.002618 0.000000
vt 0.041758 0.005236 0.000000
vt 0.146381 0.002461 0.000000
vt 0.144763 0.004258 0.000000
vt 0.096545 0.005236 0.000000
vt -0.232182 0.002618 0.000000
vt -0.232182 0.000000 0.000000
vt -0.067818 0.002618 0.000000
vt -0.177394 0.000000 0.000000
vt -0.122606 -0.002618 0.000000
vt -0.067818 -0.005236 0.000000
vt -0.013030 0.000000 0.000000
vt -0.177394 -0.002618 0.000000
vt 0.041758 -0.002618 0.000000
vt -0.122606 -0.005236 0.000000
vt 0.151333 -0.007854 0.000000
vt 0.151274 -0.007412 0.000000
vt -0.451333 -0.007854 0.000000
vt -0.451274 -0.007412 0.000000
vt 0.151216 -0.006970 0.000000
vt -0.451216 -0.006970 0.000000
vt -0.451157 -0.006528 0.000000
vt -0.177394 -0.005236 0.000000
vt -0.232182 -0.005236 0.000000
vt -0.232182 -0.002618 0.000000
vt -0.286970 -0.002618 0.000000
vt -0.286970 0.000000 0.000000
vt -0.341758 0.000000 0.000000
vt -0.341758 0.002618 0.000000
vt -0.396545 0.002618 0.000000
vt -0.396545 0.005236 0.000000
vt -0.444763 0.004258 0.000000
vt -0.441245 0.007854 0.000000
vt -0.341758 0.005236 0.000000
vt -0.286970 0.005236 0.000000
vt -0.286970 0.002618 0.000000
vt -0.232182 0.002618 0.000000
vt -0.232182 0.000000 0.000000
vt -0.177394 0.000000 0.000000
vt -0.177394 -0.002618 0.000000
vt -0.122606 -0.002618 0.000000
vt -0.122606 -0.005236 0.000000
vt -0.067818 -0.005236 0.000000
vt -0.013030 -0.005236 0.000000
vt 0.041758 -0.005236 0.000000
vt -0.013030 -0.002618 0.000000
vt 0.041758 -0.002618 0.000000
vt -0.013030 0.000000 0.000000
vt 0.041758 0.000000 0.000000
vt -0.013030 0.002618 0.000000
vt 0.041758 0.002618 0.000000
vt -0.013030 0.005236 0.000000
vt 0.041758 0.005236 0.000000
vt 0.141245 0.007854 0.000000
vt 0.096545 0.005236 0.000000
vt 0.144763 0.004258 0.000000
vt 0.096545 0.002618 0.000000
vt 0.146381 0.002461 0.000000
vt 0.147832 0.000663 0.000000
vt 0.096545 0.000000 0.000000
vt 0.149071 -0.001135 0.000000
vt 0.096545 -0.002618 0.000000
vt 0.150058 -0.002933 0.000000
vt 0.150761 -0.004731 0.000000
vt 0.096545 -0.005236 0.000000
vt 0.151157 -0.006528 0.000000
vt -0.122606 0.005236 0.000000
vt -0.067818 0.005236 0.000000
vt -0.446381 0.002461 0.000000
vt -0.447832 0.000663 0.000000
vt -0.396545 0.000000 0.000000
vt -0.449071 -0.001135 0.000000
vt -0.396545 -0.002618 0.000000
vt -0.450058 -0.002933 0.000000
vt -0.450761 -0.004731 0.000000
vt -0.396545 -0.005236 0.000000
vt -0.341758 -0.005236 0.000000
vt -0.286970 -0.005236 0.000000
vt -0.341758 -0.002618 0.000000
vt -0.067818 -0.002618 0.000000
vt -0.067818 0.000000 0.000000
vt -0.067818 0.002618 0.000000
vt -0.122606 0.000000 0.000000
vt -0.177394 0.002618 0.000000
vt -0.232182 0.005236 0.000000
vt -0.122606 0.002618 0.000000
vt -0.177394 0.005236 0.000000
vt 0.009643 -0.000010 0.000000
vt 0.009643 -1.924990 0.000000
vt 0.010088 -0.000000 0.000000
vt 0.010088 -1.925000 0.000000
vt 0.151327 -1.925000 0.000000
vt 0.009198 -1.924961 0.000000
vt 0.009198 -0.000039 0.000000
vt 0.008755 -1.924912 0.000000
vt 0.008755 -0.000088 0.000000
vt 0.151327 0.000000 0.000000
vt -0.010000 -0.001333 0.000000
vt -0.010000 0.601333 0.000000
vt -0.150000 -0.020000 0.000000
vt -0.150000 0.620000 0.000000
vt 0.291245 0.952500 0.000000
vt -0.291245 0.952500 0.000000
vt 0.291245 -0.952500 0.000000
vt -0.291245 -0.952500 0.000000
vt -0.320000 -0.962500 0.000000
vt 0.320000 -0.962500 0.000000
vt -0.320000 0.962500 0.000000
vt 0.320000 0.962500 0.000000
vt -0.008755 1.924912 0.000000
vt -0.009198 1.924961 0.000000
vt -0.008755 0.000088 0.000000
vt -0.009198 0.000039 0.000000
vt -0.009643 1.924990 0.000000
vt -0.009643 0.000010 0.000000
vt -0.010088 1.925000 0.000000
vt -0.010088 0.000000 0.000000
vt -0.151327 0.000000 0.000000
vt -0.151327 1.925000 0.000000
vt 0.010000 -0.601333 0.000000
vt 0.150000 -0.620000 0.000000
vt 0.010000 0.001333 0.000000
vt 0.150000 0.020000 0.000000
vn 0.099123 0.000000 -0.013216
vn 0.099123 0.000000 -0.013216
vn 0.095162 0.000000 -0.030728
vn 0.093151 0.000000 -0.036372
vn 0.093151 0.000000 -0.036372
vn 0.081852 0.000000 -0.057448
vn 0.081852 0.000000 -0.057448
vn 0.065872 0.000000 -0.075238
vn 0.065872 0.000000 -0.075238
vn 0.046126 0.000000 -0.088726
vn 0.046126 0.000000 -0.088726
vn 0.023742 0.000000 -0.097141
vn 0.023742 0.000000 -0.097141
vn -0.000000 -0.000000 -0.100000
vn 0.023742 0.000000 -0.097141
vn 0.023742 0.000000 -0.097141
vn 0.046126 0.000000 -0.088726
vn 0.046126 0.000000 -0.088726
vn 0.065872 0.000000 -0.075238
vn 0.065872 0.000000 -0.075238
vn 0.081852 0.000000 -0.057448
vn 0.081852 0.000000 -0.057448
vn 0.093151 0.000000 -0.036372
vn 0.093151 0.000000 -0.036372
vn 0.093151 0.000000 -0.036372
vn 0.093151 0.000000 -0.036372
vn 0.081852 0.000000 -0.057448
vn 0.081852 0.000000 -0.057448
vn 0.065872 0.000000 -0.075238
vn 0.065872 0.000000 -0.075238
vn 0.046126 0.000000 -0.088726
vn 0.046126 0.000000 -0.088726
vn 0.023742 0.000000 -0.097141
vn 0.035186 0.000000 -0.093605
vn 0.023742 0.000000 -0.097141
vn 0.023742 0.000000 -0.097141
vn 0.046126 0.000000 -0.088726
vn 0.046126 0.000000 -0.088726
vn 0.065872 0.000000 -0.075238
vn 0.065872 0.000000 -0.075238
vn 0.081852 0.000000 -0.057448
vn 0.095162 0.000000 -0.030728
vn 0.093151 0.000000 -0.036372
vn 0.093151 0.000000 -0.036372
vn 0.093151 0.000000 -0.036372
vn 0.081852 0.000000 -0.057448
vn 0.081852 0.000000 -0.057448
vn 0.065872 0.000000 -0.075238
vn 0.065872 0.000000 -0.075238
vn 0.046126 0.000000 -0.088726
vn 0.046126 0.000000 -0.088726
vn 0.023742 0.000000 -0.097141
vn 0.023742 0.000000 -0.097141
vn -0.000000 -0.000000 -0.100000
vn 0.023742 0.000000 -0.097141
vn 0.023742 0.000000 -0.097141
vn 0.046126 0.000000 -0.088726
vn 0.046126 0.000000 -0.088726
vn 0.065872 0.000000 -0.075238
vn 0.065872 0.000000 -0.075238
vn 0.081852 0.000000 -0.057448
vn 0.081852 0.000000 -0.057448
vn 0.093151 0.000000 -0.036372
vn 0.093151 0.000000 -0.036372
vn 0.093151 0.000000 -0.036372
vn 0.093151 0.000000 -0.036372
vn 0.081852 0.000000 -0.057448
vn 0.081852 0.000000 -0.057448
vn 0.065872 0.000000 -0.075238
vn 0.065872 0.000000 -0.075238
vn 0.046126 0.000000 -0.088726
vn 0.046126 0.000000 -0.088726
vn 0.023742 0.000000 -0.097141
vn 0.023742 0.000000 -0.097141
vn 0.023742 0.000000 -0.097141
vn 0.023742 0.000000 -0.097141
vn 0.046126 0.000000 -0.088726
vn 0.046126 0.000000 -0.088726
vn 0.065872 0.000000 -0.075238
vn 0.065872 0.000000 -0.075238
vn 0.081852 0.000000 -0.057448
vn 0.081852 0.000000 -0.057448
vn 0.093151 0.000000 -0.036372
vn 0.093151 0.000000 -0.036372
vn 0.093151 0.000000 -0.036372
vn 0.093151 0.000000 -0.036372
vn 0.081852 0.000000 -0.057448
vn 0.081852 0.000000 -0.057448
vn 0.065872 0.000000 -0.075238
vn 0.065872 0.000000 -0.075238
vn 0.046126 0.000000 -0.088726
vn 0.046126 0.000000 -0.088726
vn 0.023742 0.000000 -0.097141
vn 0.023742 0.000000 -0.097141
vn 0.023742 0.000000 -0.097141
vn 0.023742 0.000000 -0.097141
vn 0.046126 0.000000 -0.088726
vn 0.046126 0.000000 -0.088726
vn 0.065872 0.000000 -0.075238
vn 0.065872 0.000000 -0.075238
vn 0.081852 0.000000 -0.057448
vn 0.081852 0.000000 -0.057448
vn 0.093151 0.000000 -0.036372
vn 0.088134 0.000000 -0.047249
vn 0.081852 0.000000 -0.057448
vn 0.081852 0.000000 -0.057448
vn 0.065872 0.000000 -0.075238
vn 0.065872 0.000000 -0.075238
vn 0.046126 0.000000 -0.088726
vn 0.046126 0.000000 -0.088726
vn 0.023742 0.000000 -0.097141
vn 0.023742 0.000000 -0.097141
vn 0.078264 0.000000 -0.062247
vn 0.065872 0.000000 -0.075238
vn 0.046126 0.000000 -0.088726
vn 0.023742 0.000000 -0.097141
vn 0.065872 0.000000 -0.075238
vn 0.051357 0.000000 -0.085805
vn 0.046126 0.000000 -0.088726
vn 0.035186 0.000000 -0.093605
vn 0.023742 0.000000 -0.097141
vn 0.023742 0.000000 -0.097141
vn 0.023742 0.000000 -0.097141
vn 0.023742 0.000000 -0.097141
vn 0.051357 0.000000 -0.085805
vn 0.065872 0.000000 -0.075238
vn 0.081852 0.000000 -0.057448
vn 0.093151 0.000000 -0.036372
vn 0.065872 0.000000 -0.075238
vn 0.078264 0.000000 -0.062247
vn 0.081852 0.000000 -0.057448
vn 0.088134 0.000000 -0.047249
vn 0.093151 0.000000 -0.036372
vn 0.093151 0.000000 -0.036372
vn 0.093151 0.000000 -0.036372
vn 0.093151 0.000000 -0.036372
vn 0.093151 0.000000 -0.036372
vn 0.081852 0.000000 -0.057448
vn 0.081852 0.000000 -0.057448
vn 0.065872 0.000000 -0.075238
vn 0.081852 0.000000 -0.057448
vn 0.093151 0.000000 -0.036372
vn 0.081852 0.000000 -0.057448
vn 0.065872 0.000000 -0.075238
vn 0.046126 0.000000 -0.088726
vn 0.023742 0.000000 -0.097141
vn 0.093151 0.000000 -0.036372
vn 0.093151 0.000000 -0.036372
vn 0.093151 0.000000 -0.036372
vn 0.081852 0.000000 -0.057448
vn 0.081852 0.000000 -0.057448
vn 0.065872 0.000000 -0.075238
vn 0.081852 0.000000 -0.057448
vn 0.093151 0.000000 -0.036372
vn 0.081852 0.000000 -0.057448
vn 0.065872 0.000000 -0.075238
vn 0.046126 0.000000 -0.088726
vn 0.093151 0.000000 -0.036372
vn 0.093151 0.000000 -0.036372
vn 0.093151 0.000000 -0.036372
vn 0.081852 0.000000 -0.057448
vn 0.081852 0.000000 -0.057448
vn 0.065872 0.000000 -0.075238
vn 0.081852 0.000000 -0.057448
vn 0.093151 0.000000 -0.036372
vn 0.093151 0.000000 -0.036372
vn 0.093151 0.000000 -0.036372
vn 0.093151 0.000000 -0.036372
vn 0.081852 0.000000 -0.057448
vn 0.081852 0.000000 -0.057448
vn 0.065872 0.000000 -0.075238
vn 0.081852 0.000000 -0.057448
vn 0.093151 0.000000 -0.036372
vn 0.065872 0.000000 -0.075238
vn 0.065872 0.000000 -0.075238
vn 0.046126 0.000000 -0.088726
vn 0.023742 0.000000 -0.097141
vn 0.065872 0.000000 -0.075238
vn 0.065872 0.000000 -0.075238
vn 0.046126 0.000000 -0.088726
vn 0.023742 0.000000 -0.097141
vn 0.065872 0.000000 -0.075238
vn 0.065872 0.000000 -0.075238
vn 0.046126 0.000000 -0.088726
vn 0.023742 0.000000 -0.097141
vn 0.065872 0.000000 -0.075238
vn 0.046126 0.000000 -0.088726
vn 0.046126 0.000000 -0.088726
vn 0.023742 0.000000 -0.097141
vn 0.046126 0.000000 -0.088726
vn 0.046126 0.000000 -0.088726
vn 0.046126 0.000000 -0.088726
vn 0.046126 0.000000 -0.088726
vn 0.023742 0.000000 -0.097141
vn 0.046126 0.000000 -0.088726
vn 0.046126 0.000000 -0.088726
vn 0.023742 0.000000 -0.097141
vn 0.023742 0.000000 -0.097141
vn 0.023742 0.000000 -0.097141
vn 0.023742 0.000000 -0.097141
vn 0.023742 0.000000 -0.097141
vn -0.099123 0.000000 -0.013216
vn -0.099123 0.000000 -0.013216
vn -0.095162 0.000000 -0.030728
vn -0.093151 0.000000 -0.036372
vn -0.093151 0.000000 -0.036372
vn -0.081852 0.000000 -0.057448
vn -0.081852 0.000000 -0.057448
vn -0.065872 0.000000 -0.075238
vn -0.065872 0.000000 -0.075238
vn -0.046126 0.000000 -0.088726
vn -0.046126 0.000000 -0.088726
vn -0.023742 0.000000 -0.097141
vn -0.023742 0.000000 -0.097141
vn 0.000000 -0.000000 -0.100000
vn -0.023742 0.000000 -0.097141
vn -0.023742 0.000000 -0.097141
vn -0.046126 0.000000 -0.088726
vn -0.046126 0.000000 -0.088726
vn -0.065872 0.000000 -0.075238
vn -0.065872 0.000000 -0.075238
vn -0.081852 0.000000 -0.057448
vn -0.081852 0.000000 -0.057448
vn -0.093151 0.000000 -0.036372
vn -0.093151 0.000000 -0.036372
vn -0.093151 0.000000 -0.036372
vn -0.093151 0.000000 -0.036372
vn -0.081852 0.000000 -0.057448
vn -0.081852 0.000000 -0.057448
vn -0.065872 0.000000 -0.075238
vn -0.065872 0.000000 -0.075238
vn -0.046126 0.000000 -0.088726
vn -0.046126 0.000000 -0.088726
vn -0.023742 0.000000 -0.097141
vn -0.035186 0.000000 -0.093605
vn -0.023742 0.000000 -0.097141
vn -0.023742 0.000000 -0.097141
vn -0.046126 0.000000 -0.088726
vn -0.046126 0.000000 -0.088726
vn -0.065872 0.000000 -0.075238
vn -0.065872 0.000000 -0.075238
vn -0.081852 0.000000 -0.057448
vn -0.095162 0.000000 -0.030728
vn -0.093151 0.000000 -0.036372
vn -0.093151 0.000000 -0.036372
vn -0.093151 0.000000 -0.036372
vn -0.081852 0.000000 -0.057448
vn -0.081852 0.000000 -0.057448
vn -0.065872 0.000000 -0.075238
vn -0.065872 0.000000 -0.075238
vn -0.046126 0.000000 -0.088726
vn -0.046126 0.000000 -0.088726
vn -0.023742 0.000000 -0.097141
vn -0.023742 0.000000 -0.097141
vn -0.000000 0.000000 -0.100000
vn -0.023742 0.000000 -0.097141
vn -0.023742 0.000000 -0.097141
vn -0.046126 0.000000 -0.088726
vn -0.046126 0.000000 -0.088726
vn -0.065872 0.000000 -0.075238
vn -0.065872 0.000000 -0.075238
vn -0.081852 0.000000 -0.057448
vn -0.081852 0.000000 -0.057448
vn -0.093151 0.000000 -0.036372
vn -0.093151 0.000000 -0.036372
vn -0.093151 0.000000 -0.036372
vn -0.093151 0.000000 -0.036372
vn -0.081852 0.000000 -0.057448
vn -0.081852 0.000000 -0.057448
vn -0.065872 0.000000 -0.075238
vn -0.065872 0.000000 -0.075238
vn -0.046126 0.000000 -0.088726
vn -0.046126 0.000000 -0.088726
vn -0.023742 0.000000 -0.097141
vn -0.023742 0.000000 -0.097141
vn -0.023742 0.000000 -0.097141
vn -0.023742 0.000000 -0.097141
vn -0.046126 0.000000 -0.088726
vn -0.046126 0.000000 -0.088726
vn -0.065872 0.000000 -0.075238
vn -0.065872 0.000000 -0.075238
vn -0.081852 0.000000 -0.057448
vn -0.081852 0.000000 -0.057448
vn -0.093151 0.000000 -0.036372
vn -0.093151 0.000000 -0.036372
vn -0.093151 0.000000 -0.036372
vn -0.093151 0.000000 -0.036372
vn -0.081852 0.000000 -0.057448
vn -0.081852 0.000000 -0.057448
vn -0.065872 0.000000 -0.075238
vn -0.065872 0.000000 -0.075238
vn -0.046126 0.000000 -0.088726
vn -0.046126 0.000000 -0.088726
vn -0.023742 0.000000 -0.097141
vn -0.023742 0.000000 -0.097141
vn -0.023742 0.000000 -0.097141
vn -0.023742 0.000000 -0.097141
vn -0.046126 0.000000 -0.088726
vn -0.046126 0.000000 -0.088726
vn -0.065872 0.000000 -0.075238
vn -0.065872 0.000000 -0.075238
vn -0.081852 0.000000 -0.057448
vn -0.081852 0.000000 -0.057448
vn -0.093151 0.000000 -0.036372
vn -0.088134 0.000000 -0.047249
vn -0.081852 0.000000 -0.057448
vn -0.081852 0.000000 -0.057448
vn -0.065872 0.000000 -0.075238
vn -0.065872 0.000000 -0.075238
vn -0.046126 0.000000 -0.088726
vn -0.046126 0.000000 -0.088726
vn -0.023742 0.000000 -0.097141
vn -0.023742 0.000000 -0.097141
vn -0.078264 0.000000 -0.062247
vn -0.065872 0.000000 -0.075238
vn -0.046126 0.000000 -0.088726
vn -0.023742 0.000000 -0.097141
vn -0.065872 0.000000 -0.075238
vn -0.051357 0.000000 -0.085805
vn -0.046126 0.000000 -0.088726
vn -0.035186 0.000000 -0.093605
vn -0.023742 0.000000 -0.097141
vn -0.023742 0.000000 -0.097141
vn -0.023742 0.000000 -0.097141
vn -0.023742 0.000000 -0.097141
vn -0.051357 0.000000 -0.085805
vn -0.065872 0.000000 -0.075238
vn -0.081852 0.000000 -0.057448
vn -0.093151 0.000000 -0.036372
vn -0.065872 0.000000 -0.075238
vn -0.078264 0.000000 -0.062247
vn -0.081852 0.000000 -0.057448
vn -0.088134 0.000000 -0.047249
vn -0.093151 0.000000 -0.036372
vn -0.093151 0.000000 -0.036372
vn -0.093151 0.000000 -0.036372
vn -0.093151 0.000000 -0.036372
vn -0.093151 0.000000 -0.036372
vn -0.081852 0.000000 -0.057448
vn -0.081852 0.000000 -0.057448
vn -0.065872 0.000000 -0.075238
vn -0.081852 0.000000 -0.057448
vn -0.093151 0.000000 -0.036372
vn -0.081852 0.000000 -0.057448
vn -0.065872 0.000000 -0.075238
vn -0.046126 0.000000 -0.088726
vn -0.023742 0.000000 -0.097141
vn -0.093151 0.000000 -0.036372
vn -0.093151 0.000000 -0.036372
vn -0.093151 0.000000 -0.036372
vn -0.081852 0.000000 -0.057448
vn -0.081852 0.000000 -0.057448
vn -0.065872 0.000000 -0.075238
vn -0.081852 0.000000 -0.057448
vn -0.093151 0.000000 -0.036372
vn -0.081852 0.000000 -0.057448
vn -0.065872 0.000000 -0.075238
vn -0.046126 0.000000 -0.088726
vn -0.093151 0.000000 -0.036372
vn -0.093151 0.000000 -0.036372
vn -0.093151 0.000000 -0.036372
vn -0.081852 0.000000 -0.057448
vn -0.081852 0.000000 -0.057448
vn -0.065872 0.000000 -0.075238
vn -0.081852 0.000000 -0.057448
vn -0.093151 0.000000 -0.036372
vn -0.093151 0.000000 -0.036372
vn -0.093151 0.000000 -0.036372
vn -0.093151 0.000000 -0.036372
vn -0.081852 0.000000 -0.057448
vn -0.081852 0.000000 -0.057448
vn -0.065872 0.000000 -0.075238
vn -0.081852 0.000000 -0.057448
vn -0.093151 0.000000 -0.036372
vn -0.065872 0.000000 -0.075238
vn -0.065872 0.000000 -0.075238
vn -0.046126 0.000000 -0.088726
vn -0.023742 0.000000 -0.097141
vn -0.065872 0.000000 -0.075238
vn -0.065872 0.000000 -0.075238
vn -0.046126 0.000000 -0.088726
vn -0.023742 0.000000 -0.097141
vn -0.065872 0.000000 -0.075238
vn -0.065872 0.000000 -0.075238
vn -0.046126 0.000000 -0.088726
vn -0.023742 0.000000 -0.097141
vn -0.065872 0.000000 -0.075238
vn -0.046126 0.000000 -0.088726
vn -0.046126 0.000000 -0.088726
vn -0.023742 0.000000 -0.097141
vn -0.046126 0.000000 -0.088726
vn -0.046126 0.000000 -0.088726
vn -0.046126 0.000000 -0.088726
vn -0.046126 0.000000 -0.088726
vn -0.023742 0.000000 -0.097141
vn -0.046126 0.000000 -0.088726
vn -0.046126 0.000000 -0.088726
vn -0.023742 0.000000 -0.097141
vn -0.023742 0.000000 -0.097141
vn -0.023742 0.000000 -0.097141
vn -0.023742 0.000000 -0.097141
vn -0.023742 0.000000 -0.097141
vn 0.000000 0.025882 -0.096593
vn 0.000000 0.025882 -0.096593
vn 0.000000 0.025882 -0.096593
vn 0.000000 0.050000 -0.086603
vn 0.000000 0.050000 -0.086603
vn 0.000000 0.070711 -0.070711
vn 0.000000 0.070711 -0.070711
vn 0.000000 0.086603 -0.050000
vn 0.000000 0.078264 -0.062247
vn 0.000000 0.088134 -0.047249
vn 0.000000 0.095162 -0.030728
vn 0.000000 0.096593 -0.025882
vn 0.000000 0.099123 -0.013216
vn 0.000000 0.099610 -0.008825
vn 0.000000 0.096593 -0.025882
vn 0.000000 0.096593 -0.025882
vn 0.000000 0.086603 -0.050000
vn 0.000000 0.086603 -0.050000
vn 0.000000 0.070711 -0.070711
vn 0.000000 0.070711 -0.070711
vn 0.000000 0.050000 -0.086603
vn 0.000000 0.050000 -0.086603
vn 0.000000 0.025882 -0.096593
vn 0.000000 0.025882 -0.096593
vn 0.000000 0.025882 -0.096593
vn 0.000000 0.025882 -0.096593
vn 0.000000 0.050000 -0.086603
vn 0.000000 0.050000 -0.086603
vn 0.000000 0.070711 -0.070711
vn 0.000000 0.070711 -0.070711
vn 0.000000 0.086603 -0.050000
vn 0.000000 0.086603 -0.050000
vn 0.000000 0.096593 -0.025882
vn 0.000000 0.096593 -0.025882
vn 0.000000 0.099123 -0.013216
vn 0.000000 0.096593 -0.025882
vn 0.000000 0.095162 -0.030728
vn 0.000000 0.086603 -0.050000
vn 0.000000 0.088134 -0.047249
vn 0.000000 0.078264 -0.062247
vn 0.000000 0.070711 -0.070711
vn 0.000000 0.065872 -0.075238
vn 0.000000 0.050000 -0.086603
vn 0.000000 0.051357 -0.085805
vn 0.000000 0.035186 -0.093605
vn 0.000000 0.025882 -0.096593
vn 0.000000 0.099610 -0.008825
vn 0.000000 0.096593 -0.025882
vn 0.000000 0.096593 -0.025882
vn 0.000000 0.086603 -0.050000
vn 0.000000 0.099902 -0.004417
vn 0.000000 0.099902 -0.004417
vn 0.000000 0.100000 0.000000
vn 0.000000 0.100000 0.000000
vn 0.000000 0.065872 -0.075238
vn 0.000000 0.050000 -0.086603
vn 0.000000 0.025882 -0.096593
vn 0.000000 0.051357 -0.085805
vn 0.000000 0.035186 -0.093605
vn 0.000000 0.025882 -0.096593
vn 0.000000 0.050000 -0.086603
vn 0.000000 0.070711 -0.070711
vn 0.000000 0.050000 -0.086603
vn 0.000000 0.070711 -0.070711
vn 0.000000 0.086603 -0.050000
vn 0.000000 0.096593 -0.025882
vn 0.000000 0.070711 -0.070711
vn 0.000000 0.086603 -0.050000
vn 0.000000 0.086603 -0.050000
vn 0.000000 0.096593 -0.025882
vn 0.000000 -0.100000 -0.000000
vn 0.000000 -0.099902 -0.004417
vn 0.000000 -0.100000 0.000000
vn 0.000000 -0.099902 -0.004417
vn 0.000000 -0.099610 -0.008825
vn 0.000000 -0.099610 -0.008825
vn 0.000000 -0.099123 -0.013216
vn 0.000000 -0.096593 -0.025882
vn 0.000000 -0.096593 -0.025882
vn 0.000000 -0.086603 -0.050000
vn 0.000000 -0.086603 -0.050000
vn 0.000000 -0.070711 -0.070711
vn 0.000000 -0.070711 -0.070711
vn 0.000000 -0.050000 -0.086603
vn 0.000000 -0.050000 -0.086603
vn 0.000000 -0.025882 -0.096593
vn 0.000000 -0.035186 -0.093605
vn 0.000000 -0.025882 -0.096593
vn 0.000000 -0.025882 -0.096593
vn 0.000000 -0.050000 -0.086603
vn 0.000000 -0.050000 -0.086603
vn 0.000000 -0.070711 -0.070711
vn 0.000000 -0.070711 -0.070711
vn 0.000000 -0.086603 -0.050000
vn 0.000000 -0.086603 -0.050000
vn 0.000000 -0.096593 -0.025882
vn 0.000000 -0.096593 -0.025882
vn 0.000000 -0.096593 -0.025882
vn 0.000000 -0.096593 -0.025882
vn 0.000000 -0.086603 -0.050000
vn 0.000000 -0.086603 -0.050000
vn 0.000000 -0.070711 -0.070711
vn 0.000000 -0.070711 -0.070711
vn 0.000000 -0.050000 -0.086603
vn 0.000000 -0.050000 -0.086603
vn 0.000000 -0.025882 -0.096593
vn 0.000000 -0.025882 -0.096593
vn 0.000000 -0.025882 -0.096593
vn 0.000000 -0.035186 -0.093605
vn 0.000000 -0.050000 -0.086603
vn 0.000000 -0.051357 -0.085805
vn 0.000000 -0.065872 -0.075238
vn 0.000000 -0.070711 -0.070711
vn 0.000000 -0.078264 -0.062247
vn 0.000000 -0.086603 -0.050000
vn 0.000000 -0.088134 -0.047249
vn 0.000000 -0.095162 -0.030728
vn 0.000000 -0.096593 -0.025882
vn 0.000000 -0.099123 -0.013216
vn 0.000000 -0.025882 -0.096593
vn 0.000000 -0.025882 -0.096593
vn 0.000000 -0.051357 -0.085805
vn 0.000000 -0.065872 -0.075238
vn 0.000000 -0.070711 -0.070711
vn 0.000000 -0.078264 -0.062247
vn 0.000000 -0.086603 -0.050000
vn 0.000000 -0.088134 -0.047249
vn 0.000000 -0.095162 -0.030728
vn 0.000000 -0.096593 -0.025882
vn 0.000000 -0.096593 -0.025882
vn 0.000000 -0.096593 -0.025882
vn 0.000000 -0.086603 -0.050000
vn 0.000000 -0.086603 -0.050000
vn 0.000000 -0.070711 -0.070711
vn 0.000000 -0.050000 -0.086603
vn 0.000000 -0.070711 -0.070711
vn 0.000000 -0.050000 -0.086603
vn 0.000000 -0.025882 -0.096593
vn 0.000000 -0.050000 -0.086603
vn 0.000000 -0.025882 -0.096593
vn -0.099123 0.000000 -0.013216
vn -0.099123 0.000000 -0.013216
vn -0.099123 0.000000 -0.013216
vn -0.099123 0.000000 -0.013216
vn -0.099123 0.000000 -0.013216
vn -0.099123 0.000000 -0.013216
vn -0.099123 0.000000 -0.013216
vn -0.099123 0.000000 -0.013216
vn 0.000000 -0.100000 0.000000
vn 0.000000 -0.100000 0.000000
vn -0.000000 -0.000000 0.100000
vn -0.000000 -0.000000 0.100000
vn -0.000000 -0.000000 0.100000
vn -0.000000 -0.000000 0.100000
vn 0.099123 0.000000 -0.013216
vn 0.099123 0.000000 -0.013216
vn 0.099123 0.000000 -0.013216
vn 0.099123 0.000000 -0.013216
vn 0.099123 0.000000 -0.013216
vn 0.099123 0.000000 -0.013216
vn 0.099123 0.000000 -0.013216
vn 0.099123 0.000000 -0.013216
vn 0.000000 0.100000 0.000000
vn 0.000000 0.100000 0.000000
usemtl Antharacite_IC_and_Black
f 1/1/1 2/2/2 16/3/3
f 16/3/3 2/2/2 41/4/4
f 16/3/3 41/4/4 42/5/5
f 42/5/5 41/4/4 79/6/6
f 42/5/5 79/6/6 80/7/7
f 80/7/7 79/6/6 117/8/8
f 80/7/7 117/8/8 118/9/9
f 118/9/9 117/8/8 155/10/10
f 118/9/9 155/10/10 156/11/11
f 156/11/11 155/10/10 193/12/12
f 156/11/11 193/12/12 194/13/13
f 194/13/13 193/12/12 10/14/14
f 194/13/13 10/14/14 195/15/15
f 195/15/15 10/14/14 196/16/16
f 195/15/15 196/16/16 158/17/17
f 158/17/17 196/16/16 159/18/18
f 158/17/17 159/18/18 121/19/19
f 121/19/19 159/18/18 122/20/20
f 121/19/19 122/20/20 84/21/21
f 84/21/21 122/20/20 85/22/22
f 84/21/21 85/22/22 47/23/23
f 47/23/23 85/22/22 48/24/24
f 47/23/23 48/24/24 16/3/3
f 16/3/3 48/24/24 49/25/25
f 16/3/3 49/25/25 50/26/26
f 50/26/26 49/25/25 87/27/27
f 50/26/26 87/27/27 88/28/28
f 88/28/28 87/27/27 125/29/29
f 88/28/28 125/29/29 126/30/30
f 126/30/30 125/29/29 163/31/31
f 126/30/30 163/31/31 164/32/32
f 164/32/32 163/31/31 201/33/33
f 164/32/32 201/33/33 11/34/34
f 11/34/34 201/33/33 10/14/14
f 10/14/14 201/33/33 200/35/35
f 10/14/14 200/35/35 199/36/36
f 199/36/36 200/35/35 162/37/37
f 199/36/36 162/37/37 161/38/38
f 161/38/38 162/37/37 124/39/39
f 161/38/38 124/39/39 123/40/40
f 123/40/40 124/39/39 86/41/41
f 123/40/40 86/41/41 85/22/22
f 85/22/22 86/41/41 48/24/24
f 3/42/42 17/43/43 2/2/2
f 2/2/2 17/43/43 18/44/44
f 2/2/2 18/44/44 19/45/45
f 19/45/45 18/44/44 56/46/46
f 19/45/45 56/46/46 57/47/47
f 57/47/47 56/46/46 94/48/48
f 57/47/47 94/48/48 95/49/49
f 95/49/49 94/48/48 132/50/50
f 95/49/49 132/50/50 133/51/51
f 133/51/51 132/50/50 170/52/52
f 133/51/51 170/52/52 171/53/53
f 171/53/53 170/52/52 9/54/54
f 171/53/53 9/54/54 172/55/55
f 172/55/55 9/54/54 173/56/56
f 172/55/55 173/56/56 135/57/57
f 135/57/57 173/56/56 136/58/58
f 135/57/57 136/58/58 98/59/59
f 98/59/59 136/58/58 99/60/60
f 98/59/59 99/60/60 61/61/61
f 61/61/61 99/60/60 62/62/62
f 61/61/61 62/62/62 24/63/63
f 24/63/63 62/62/62 25/64/64
f 24/63/63 25/64/64 2/2/2
f 2/2/2 25/64/64 26/65/65
f 2/2/2 26/65/65 27/66/66
f 27/66/66 26/65/65 64/67/67
f 27/66/66 64/67/67 65/68/68
f 65/68/68 64/67/67 102/69/69
f 65/68/68 102/69/69 103/70/70
f 103/70/70 102/69/69 140/71/71
f 103/70/70 140/71/71 141/72/72
f 141/72/72 140/71/71 178/73/73
f 141/72/72 178/73/73 179/74/74
f 179/74/74 178/73/73 9/54/54
f 179/74/74 9/54/54 180/75/75
f 180/75/75 9/54/54 181/76/76
f 180/75/75 181/76/76 143/77/77
f 143/77/77 181/76/76 144/78/78
f 143/77/77 144/78/78 106/79/79
f 106/79/79 144/78/78 107/80/80
f 106/79/79 107/80/80 69/81/81
f 69/81/81 107/80/80 70/82/82
f 69/81/81 70/82/82 32/83/83
f 32/83/83 70/82/82 33/84/84
f 32/83/83 33/84/84 2/2/2
f 2/2/2 33/84/84 34/85/85
f 2/2/2 34/85/85 35/86/86
f 35/86/86 34/85/85 72/87/87
f 35/86/86 72/87/87 73/88/88
f 73/88/88 72/87/87 110/89/89
f 73/88/88 110/89/89 111/90/90
f 111/90/90 110/89/89 148/91/91
f 111/90/90 148/91/91 149/92/92
f 149/92/92 148/91/91 186/93/93
f 149/92/92 186/93/93 187/94/94
f 187/94/94 186/93/93 10/14/14
f 187/94/94 10/14/14 188/95/95
f 188/95/95 10/14/14 189/96/96
f 188/95/95 189/96/96 151/97/97
f 151/97/97 189/96/96 152/98/98
f 151/97/97 152/98/98 114/99/99
f 114/99/99 152/98/98 115/100/100
f 114/99/99 115/100/100 77/101/101
f 77/101/101 115/100/100 78/102/102
f 77/101/101 78/102/102 40/103/103
f 40/103/103 78/102/102 41/4/4
f 40/103/103 41/4/4 2/2/2
f 3/42/42 4/104/104 17/43/43
f 17/43/43 4/104/104 54/105/105
f 17/43/43 54/105/105 55/106/106
f 55/106/106 54/105/105 92/107/107
f 55/106/106 92/107/107 93/108/108
f 93/108/108 92/107/107 130/109/109
f 93/108/108 130/109/109 131/110/110
f 131/110/110 130/109/109 168/111/111
f 131/110/110 168/111/111 169/112/112
f 169/112/112 168/111/111 9/54/54
f 169/112/112 9/54/54 170/52/52
f 4/104/104 5/113/113 54/105/105
f 54/105/105 5/113/113 91/114/114
f 54/105/105 91/114/114 92/107/107
f 92/107/107 91/114/114 129/115/115
f 92/107/107 129/115/115 130/109/109
f 130/109/109 129/115/115 167/116/116
f 130/109/109 167/116/116 168/111/111
f 168/111/111 167/116/116 9/54/54
f 5/113/113 6/117/117 91/114/114
f 91/114/114 6/117/117 7/118/118
f 91/114/114 7/118/118 128/119/119
f 128/119/119 7/118/118 8/120/120
f 128/119/119 8/120/120 165/121/121
f 165/121/121 8/120/120 9/54/54
f 165/121/121 9/54/54 166/122/122
f 166/122/122 9/54/54 167/116/116
f 166/122/122 167/116/116 129/115/115
f 10/14/14 183/123/123 9/54/54
f 9/54/54 183/123/123 182/124/124
f 9/54/54 182/124/124 181/76/76
f 181/76/76 182/124/124 144/78/78
f 11/34/34 12/125/125 164/32/32
f 164/32/32 12/125/125 127/126/126
f 164/32/32 127/126/126 126/30/30
f 126/30/30 127/126/126 89/127/127
f 126/30/30 89/127/127 88/28/28
f 88/28/28 89/127/127 51/128/128
f 88/28/28 51/128/128 50/26/26
f 50/26/26 51/128/128 16/3/3
f 12/125/125 13/129/129 127/126/126
f 127/126/126 13/129/129 14/130/130
f 127/126/126 14/130/130 90/131/131
f 90/131/131 14/130/130 15/132/132
f 90/131/131 15/132/132 53/133/133
f 53/133/133 15/132/132 16/3/3
f 53/133/133 16/3/3 52/134/134
f 52/134/134 16/3/3 51/128/128
f 52/134/134 51/128/128 89/127/127
f 56/46/46 18/44/44 55/106/106
f 55/106/106 18/44/44 17/43/43
f 19/45/45 20/135/135 2/2/2
f 2/2/2 20/135/135 21/136/136
f 2/2/2 21/136/136 22/137/137
f 22/137/137 21/136/136 59/138/138
f 22/137/137 59/138/138 60/139/139
f 60/139/139 59/138/138 97/140/140
f 60/139/139 97/140/140 98/59/59
f 98/59/59 97/140/140 135/57/57
f 19/45/45 57/47/47 20/135/135
f 20/135/135 57/47/47 58/141/141
f 20/135/135 58/141/141 21/136/136
f 21/136/136 58/141/141 59/138/138
f 24/63/63 2/2/2 23/142/142
f 23/142/142 2/2/2 22/137/137
f 23/142/142 22/137/137 60/139/139
f 61/61/61 24/63/63 23/142/142
f 61/61/61 23/142/142 60/139/139
f 26/65/65 25/64/64 63/143/143
f 63/143/143 25/64/64 62/62/62
f 63/143/143 62/62/62 100/144/144
f 100/144/144 62/62/62 99/60/60
f 100/144/144 99/60/60 137/145/145
f 137/145/145 99/60/60 136/58/58
f 137/145/145 136/58/58 174/146/146
f 174/146/146 136/58/58 173/56/56
f 174/146/146 173/56/56 9/54/54
f 27/66/66 28/147/147 2/2/2
f 2/2/2 28/147/147 29/148/148
f 2/2/2 29/148/148 30/149/149
f 30/149/149 29/148/148 67/150/150
f 30/149/149 67/150/150 68/151/151
f 68/151/151 67/150/150 105/152/152
f 68/151/151 105/152/152 106/79/79
f 106/79/79 105/152/152 143/77/77
f 27/66/66 65/68/68 28/147/147
f 28/147/147 65/68/68 66/153/153
f 28/147/147 66/153/153 29/148/148
f 29/148/148 66/153/153 67/150/150
f 32/83/83 2/2/2 31/154/154
f 31/154/154 2/2/2 30/149/149
f 31/154/154 30/149/149 68/151/151
f 69/81/81 32/83/83 31/154/154
f 69/81/81 31/154/154 68/151/151
f 34/85/85 33/84/84 71/155/155
f 71/155/155 33/84/84 70/82/82
f 71/155/155 70/82/82 108/156/156
f 108/156/156 70/82/82 107/80/80
f 108/156/156 107/80/80 145/157/157
f 145/157/157 107/80/80 144/78/78
f 145/157/157 144/78/78 182/124/124
f 35/86/86 36/158/158 2/2/2
f 2/2/2 36/158/158 37/159/159
f 2/2/2 37/159/159 38/160/160
f 38/160/160 37/159/159 75/161/161
f 38/160/160 75/161/161 76/162/162
f 76/162/162 75/161/161 113/163/163
f 76/162/162 113/163/163 114/99/99
f 114/99/99 113/163/163 151/97/97
f 35/86/86 73/88/88 36/158/158
f 36/158/158 73/88/88 74/164/164
f 36/158/158 74/164/164 37/159/159
f 37/159/159 74/164/164 75/161/161
f 40/103/103 2/2/2 39/165/165
f 39/165/165 2/2/2 38/160/160
f 39/165/165 38/160/160 76/162/162
f 77/101/101 40/103/103 39/165/165
f 77/101/101 39/165/165 76/162/162
f 79/6/6 41/4/4 78/102/102
f 42/5/5 43/166/166 16/3/3
f 16/3/3 43/166/166 44/167/167
f 16/3/3 44/167/167 45/168/168
f 45/168/168 44/167/167 82/169/169
f 45/168/168 82/169/169 83/170/170
f 83/170/170 82/169/169 120/171/171
f 83/170/170 120/171/171 121/19/19
f 121/19/19 120/171/171 158/17/17
f 42/5/5 80/7/7 43/166/166
f 43/166/166 80/7/7 81/172/172
f 43/166/166 81/172/172 44/167/167
f 44/167/167 81/172/172 82/169/169
f 47/23/23 16/3/3 46/173/173
f 46/173/173 16/3/3 45/168/168
f 46/173/173 45/168/168 83/170/170
f 84/21/21 47/23/23 46/173/173
f 84/21/21 46/173/173 83/170/170
f 87/27/27 49/25/25 86/41/41
f 86/41/41 49/25/25 48/24/24
f 90/131/131 53/133/133 52/134/134
f 90/131/131 52/134/134 89/127/127
f 94/48/48 56/46/46 93/108/108
f 93/108/108 56/46/46 55/106/106
f 57/47/47 95/49/49 58/141/141
f 58/141/141 95/49/49 96/174/174
f 58/141/141 96/174/174 59/138/138
f 59/138/138 96/174/174 97/140/140
f 98/59/59 61/61/61 60/139/139
f 26/65/65 63/143/143 64/67/67
f 64/67/67 63/143/143 101/175/175
f 64/67/67 101/175/175 102/69/69
f 102/69/69 101/175/175 139/176/176
f 102/69/69 139/176/176 140/71/71
f 140/71/71 139/176/176 177/177/177
f 140/71/71 177/177/177 178/73/73
f 178/73/73 177/177/177 9/54/54
f 101/175/175 63/143/143 100/144/144
f 65/68/68 103/70/70 66/153/153
f 66/153/153 103/70/70 104/178/178
f 66/153/153 104/178/178 67/150/150
f 67/150/150 104/178/178 105/152/152
f 106/79/79 69/81/81 68/151/151
f 34/85/85 71/155/155 72/87/87
f 72/87/87 71/155/155 109/179/179
f 72/87/87 109/179/179 110/89/89
f 110/89/89 109/179/179 147/180/180
f 110/89/89 147/180/180 148/91/91
f 148/91/91 147/180/180 185/181/181
f 148/91/91 185/181/181 186/93/93
f 186/93/93 185/181/181 10/14/14
f 109/179/179 71/155/155 108/156/156
f 73/88/88 111/90/90 74/164/164
f 74/164/164 111/90/90 112/182/182
f 74/164/164 112/182/182 75/161/161
f 75/161/161 112/182/182 113/163/163
f 114/99/99 77/101/101 76/162/162
f 79/6/6 78/102/102 116/183/183
f 116/183/183 78/102/102 115/100/100
f 116/183/183 115/100/100 153/184/184
f 153/184/184 115/100/100 152/98/98
f 153/184/184 152/98/98 190/185/185
f 190/185/185 152/98/98 189/96/96
f 190/185/185 189/96/96 10/14/14
f 80/7/7 118/9/9 81/172/172
f 81/172/172 118/9/9 119/186/186
f 81/172/172 119/186/186 82/169/169
f 82/169/169 119/186/186 120/171/171
f 121/19/19 84/21/21 83/170/170
f 123/40/40 85/22/22 122/20/20
f 125/29/29 87/27/27 124/39/39
f 124/39/39 87/27/27 86/41/41
f 127/126/126 90/131/131 89/127/127
f 132/50/50 94/48/48 131/110/110
f 131/110/110 94/48/48 93/108/108
f 95/49/49 133/51/51 96/174/174
f 96/174/174 133/51/51 134/187/187
f 96/174/174 134/187/187 97/140/140
f 97/140/140 134/187/187 135/57/57
f 101/175/175 100/144/144 138/188/188
f 138/188/188 100/144/144 137/145/145
f 138/188/188 137/145/145 175/189/189
f 175/189/189 137/145/145 174/146/146
f 175/189/189 174/146/146 9/54/54
f 103/70/70 141/72/72 104/178/178
f 104/178/178 141/72/72 142/190/190
f 104/178/178 142/190/190 105/152/152
f 105/152/152 142/190/190 143/77/77
f 109/179/179 108/156/156 146/191/191
f 146/191/191 108/156/156 145/157/157
f 146/191/191 145/157/157 183/123/123
f 183/123/123 145/157/157 182/124/124
f 111/90/90 149/92/92 112/182/182
f 112/182/182 149/92/92 150/192/192
f 112/182/182 150/192/192 113/163/163
f 113/163/163 150/192/192 151/97/97
f 79/6/6 116/183/183 117/8/8
f 117/8/8 116/183/183 154/193/193
f 117/8/8 154/193/193 155/10/10
f 155/10/10 154/193/193 192/194/194
f 155/10/10 192/194/194 193/12/12
f 193/12/12 192/194/194 10/14/14
f 154/193/193 116/183/183 153/184/184
f 118/9/9 156/11/11 119/186/186
f 119/186/186 156/11/11 157/195/195
f 119/186/186 157/195/195 120/171/171
f 120/171/171 157/195/195 158/17/17
f 123/40/40 122/20/20 160/196/196
f 160/196/196 122/20/20 159/18/18
f 160/196/196 159/18/18 197/197/197
f 197/197/197 159/18/18 196/16/16
f 197/197/197 196/16/16 10/14/14
f 163/31/31 125/29/29 162/37/37
f 162/37/37 125/29/29 124/39/39
f 166/122/122 129/115/115 128/119/119
f 128/119/119 129/115/115 91/114/114
f 165/121/121 166/122/122 128/119/119
f 170/52/52 132/50/50 169/112/112
f 169/112/112 132/50/50 131/110/110
f 172/55/55 135/57/57 134/187/187
f 172/55/55 134/187/187 171/53/53
f 171/53/53 134/187/187 133/51/51
f 101/175/175 138/188/188 139/176/176
f 139/176/176 138/188/188 176/198/198
f 139/176/176 176/198/198 177/177/177
f 177/177/177 176/198/198 9/54/54
f 176/198/198 138/188/188 175/189/189
f 180/75/75 143/77/77 142/190/190
f 180/75/75 142/190/190 179/74/74
f 179/74/74 142/190/190 141/72/72
f 109/179/179 146/191/191 147/180/180
f 147/180/180 146/191/191 184/199/199
f 147/180/180 184/199/199 185/181/181
f 185/181/181 184/199/199 10/14/14
f 184/199/199 146/191/191 183/123/123
f 188/95/95 151/97/97 150/192/192
f 188/95/95 150/192/192 187/94/94
f 187/94/94 150/192/192 149/92/92
f 154/193/193 153/184/184 191/200/200
f 191/200/200 153/184/184 190/185/185
f 191/200/200 190/185/185 10/14/14
f 195/15/15 158/17/17 157/195/195
f 195/15/15 157/195/195 194/13/13
f 194/13/13 157/195/195 156/11/11
f 123/40/40 160/196/196 161/38/38
f 161/38/38 160/196/196 198/201/201
f 161/38/38 198/201/201 199/36/36
f 199/36/36 198/201/201 10/14/14
f 198/201/201 160/196/196 197/197/197
f 201/33/33 163/31/31 200/35/35
f 200/35/35 163/31/31 162/37/37
f 9/54/54 176/198/198 175/189/189
f 10/14/14 184/199/199 183/123/123
f 10/14/14 192/194/194 191/200/200
f 191/200/200 192/194/194 154/193/193
f 10/14/14 198/201/201 197/197/197
f 202/202/202 203/203/203 217/204/204
f 217/204/204 203/203/203 242/205/205
f 217/204/204 242/205/205 243/206/206
f 243/206/206 242/205/205 280/207/207
f 243/206/206 280/207/207 281/208/208
f 281/208/208 280/207/207 318/209/209
f 281/208/208 318/209/209 319/210/210
f 319/210/210 318/209/209 356/211/211
f 319/210/210 356/211/211 357/212/212
f 357/212/212 356/211/211 394/213/213
f 357/212/212 394/213/213 395/214/214
f 395/214/214 394/213/213 211/215/215
f 395/214/214 211/215/215 396/216/216
f 396/216/216 211/215/215 397/217/217
f 396/216/216 397/217/217 359/218/218
f 359/218/218 397/217/217 360/219/219
f 359/218/218 360/219/219 322/220/220
f 322/220/220 360/219/219 323/221/221
f 322/220/220 323/221/221 285/222/222
f 285/222/222 323/221/221 286/223/223
f 285/222/222 286/223/223 248/224/224
f 248/224/224 286/223/223 249/225/225
f 248/224/224 249/225/225 217/204/204
f 217/204/204 249/225/225 250/226/226
f 217/204/204 250/226/226 251/227/227
f 251/227/227 250/226/226 288/228/228
f 251/227/227 288/228/228 289/229/229
f 289/229/229 288/228/228 326/230/230
f 289/229/229 326/230/230 327/231/231
f 327/231/231 326/230/230 364/232/232
f 327/231/231 364/232/232 365/233/233
f 365/233/233 364/232/232 402/234/234
f 365/233/233 402/234/234 212/235/235
f 212/235/235 402/234/234 211/215/215
f 211/215/215 402/234/234 401/236/236
f 211/215/215 401/236/236 400/237/237
f 400/237/237 401/236/236 363/238/238
f 400/237/237 363/238/238 362/239/239
f 362/239/239 363/238/238 325/240/240
f 362/239/239 325/240/240 324/241/241
f 324/241/241 325/240/240 287/242/242
f 324/241/241 287/242/242 286/223/223
f 286/223/223 287/242/242 249/225/225
f 204/243/243 218/244/244 203/203/203
f 203/203/203 218/244/244 219/245/245
f 203/203/203 219/245/245 220/246/246
f 220/246/246 219/245/245 257/247/247
f 220/246/246 257/247/247 258/248/248
f 258/248/248 257/247/247 295/249/249
f 258/248/248 295/249/249 296/250/250
f 296/250/250 295/249/249 333/251/251
f 296/250/250 333/251/251 334/252/252
f 334/252/252 333/251/251 371/253/253
f 334/252/252 371/253/253 372/254/254
f 372/254/254 371/253/253 210/255/255
f 372/254/254 210/255/255 373/256/256
f 373/256/256 210/255/255 374/257/257
f 373/256/256 374/257/257 336/258/258
f 336/258/258 374/257/257 337/259/259
f 336/258/258 337/259/259 299/260/260
f 299/260/260 337/259/259 300/261/261
f 299/260/260 300/261/261 262/262/262
f 262/262/262 300/261/261 263/263/263
f 262/262/262 263/263/263 225/264/264
f 225/264/264 263/263/263 226/265/265
f 225/264/264 226/265/265 203/203/203
f 203/203/203 226/265/265 227/266/266
f 203/203/203 227/266/266 228/267/267
f 228/267/267 227/266/266 265/268/268
f 228/267/267 265/268/268 266/269/269
f 266/269/269 265/268/268 303/270/270
f 266/269/269 303/270/270 304/271/271
f 304/271/271 303/270/270 341/272/272
f 304/271/271 341/272/272 342/273/273
f 342/273/273 341/272/272 379/274/274
f 342/273/273 379/274/274 380/275/275
f 380/275/275 379/274/274 210/255/255
f 380/275/275 210/255/255 381/276/276
f 381/276/276 210/255/255 382/277/277
f 381/276/276 382/277/277 344/278/278
f 344/278/278 382/277/277 345/279/279
f 344/278/278 345/279/279 307/280/280
f 307/280/280 345/279/279 308/281/281
f 307/280/280 308/281/281 270/282/282
f 270/282/282 308/281/281 271/283/283
f 270/282/282 271/283/283 233/284/284
f 233/284/284 271/283/283 234/285/285
f 233/284/284 234/285/285 203/203/203
f 203/203/203 234/285/285 235/286/286
f 203/203/203 235/286/286 236/287/287
f 236/287/287 235/286/286 273/288/288
f 236/287/287 273/288/288 274/289/289
f 274/289/289 273/288/288 311/290/290
f 274/289/289 311/290/290 312/291/291
f 312/291/291 311/290/290 349/292/292
f 312/291/291 349/292/292 350/293/293
f 350/293/293 349/292/292 387/294/294
f 350/293/293 387/294/294 388/295/295
f 388/295/295 387/294/294 211/215/215
f 388/295/295 211/215/215 389/296/296
f 389/296/296 211/215/215 390/297/297
f 389/296/296 390/297/297 352/298/298
f 352/298/298 390/297/297 353/299/299
f 352/298/298 353/299/299 315/300/300
f 315/300/300 353/299/299 316/301/301
f 315/300/300 316/301/301 278/302/302
f 278/302/302 316/301/301 279/303/303
f 278/302/302 279/303/303 241/304/304
f 241/304/304 279/303/303 242/205/205
f 241/304/304 242/205/205 203/203/203
f 204/243/243 205/305/305 218/244/244
f 218/244/244 205/305/305 255/306/306
f 218/244/244 255/306/306 256/307/307
f 256/307/307 255/306/306 293/308/308
f 256/307/307 293/308/308 294/309/309
f 294/309/309 293/308/308 331/310/310
f 294/309/309 331/310/310 332/311/311
f 332/311/311 331/310/310 369/312/312
f 332/311/311 369/312/312 370/313/313
f 370/313/313 369/312/312 210/255/255
f 370/313/313 210/255/255 371/253/253
f 205/305/305 206/314/314 255/306/306
f 255/306/306 206/314/314 292/315/315
f 255/306/306 292/315/315 293/308/308
f 293/308/308 292/315/315 330/316/316
f 293/308/308 330/316/316 331/310/310
f 331/310/310 330/316/316 368/317/317
f 331/310/310 368/317/317 369/312/312
f 369/312/312 368/317/317 210/255/255
f 206/314/314 207/318/318 292/315/315
f 292/315/315 207/318/318 208/319/319
f 292/315/315 208/319/319 329/320/320
f 329/320/320 208/319/319 209/321/321
f 329/320/320 209/321/321 366/322/322
f 366/322/322 209/321/321 210/255/255
f 366/322/322 210/255/255 367/323/323
f 367/323/323 210/255/255 368/317/317
f 367/323/323 368/317/317 330/316/316
f 211/215/215 384/324/324 210/255/255
f 210/255/255 384/324/324 383/325/325
f 210/255/255 383/325/325 382/277/277
f 382/277/277 383/325/325 345/279/279
f 212/235/235 213/326/326 365/233/233
f 365/233/233 213/326/326 328/327/327
f 365/233/233 328/327/327 327/231/231
f 327/231/231 328/327/327 290/328/328
f 327/231/231 290/328/328 289/229/229
f 289/229/229 290/328/328 252/329/329
f 289/229/229 252/329/329 251/227/227
f 251/227/227 252/329/329 217/204/204
f 213/326/326 214/330/330 328/327/327
f 328/327/327 214/330/330 215/331/331
f 328/327/327 215/331/331 291/332/332
f 291/332/332 215/331/331 216/333/333
f 291/332/332 216/333/333 254/334/334
f 254/334/334 216/333/333 217/204/204
f 254/334/334 217/204/204 253/335/335
f 253/335/335 217/204/204 252/329/329
f 253/335/335 252/329/329 290/328/328
f 257/247/247 219/245/245 256/307/307
f 256/307/307 219/245/245 218/244/244
f 220/246/246 221/336/336 203/203/203
f 203/203/203 221/336/336 222/337/337
f 203/203/203 222/337/337 223/338/338
f 223/338/338 222/337/337 260/339/339
f 223/338/338 260/339/339 261/340/340
f 261/340/340 260/339/339 298/341/341
f 261/340/340 298/341/341 299/260/260
f 299/260/260 298/341/341 336/258/258
f 220/246/246 258/248/248 221/336/336
f 221/336/336 258/248/248 259/342/342
f 221/336/336 259/342/342 222/337/337
f 222/337/337 259/342/342 260/339/339
f 225/264/264 203/203/203 224/343/343
f 224/343/343 203/203/203 223/338/338
f 224/343/343 223/338/338 261/340/340
f 262/262/262 225/264/264 224/343/343
f 262/262/262 224/343/343 261/340/340
f 227/266/266 226/265/265 264/344/344
f 264/344/344 226/265/265 263/263/263
f 264/344/344 263/263/263 301/345/345
f 301/345/345 263/263/263 300/261/261
f 301/345/345 300/261/261 338/346/346
f 338/346/346 300/261/261 337/259/259
f 338/346/346 337/259/259 375/347/347
f 375/347/347 337/259/259 374/257/257
f 375/347/347 374/257/257 210/255/255
f 228/267/267 229/348/348 203/203/203
f 203/203/203 229/348/348 230/349/349
f 203/203/203 230/349/349 231/350/350
f 231/350/350 230/349/349 268/351/351
f 231/350/350 268/351/351 269/352/352
f 269/352/352 268/351/351 306/353/353
f 269/352/352 306/353/353 307/280/280
f 307/280/280 306/353/353 344/278/278
f 228/267/267 266/269/269 229/348/348
f 229/348/348 266/269/269 267/354/354
f 229/348/348 267/354/354 230/349/349
f 230/349/349 267/354/354 268/351/351
f 233/284/284 203/203/203 232/355/355
f 232/355/355 203/203/203 231/350/350
f 232/355/355 231/350/350 269/352/352
f 270/282/282 233/284/284 232/355/355
f 270/282/282 232/355/355 269/352/352
f 235/286/286 234/285/285 272/356/356
f 272/356/356 234/285/285 271/283/283
f 272/356/356 271/283/283 309/357/357
f 309/357/357 271/283/283 308/281/281
f 309/357/357 308/281/281 346/358/358
f 346/358/358 308/281/281 345/279/279
f 346/358/358 345/279/279 383/325/325
f 236/287/287 237/359/359 203/203/203
f 203/203/203 237/359/359 238/360/360
f 203/203/203 238/360/360 239/361/361
f 239/361/361 238/360/360 276/362/362
f 239/361/361 276/362/362 277/363/363
f 277/363/363 276/362/362 314/364/364
f 277/363/363 314/364/364 315/300/300
f 315/300/300 314/364/364 352/298/298
f 236/287/287 274/289/289 237/359/359
f 237/359/359 274/289/289 275/365/365
f 237/359/359 275/365/365 238/360/360
f 238/360/360 275/365/365 276/362/362
f 241/304/304 203/203/203 240/366/366
f 240/366/366 203/203/203 239/361/361
f 240/366/366 239/361/361 277/363/363
f 278/302/302 241/304/304 240/366/366
f 278/302/302 240/366/366 277/363/363
f 280/207/207 242/205/205 279/303/303
f 243/206/206 244/367/367 217/204/204
f 217/204/204 244/367/367 245/368/368
f 217/204/204 245/368/368 246/369/369
f 246/369/369 245/368/368 283/370/370
f 246/369/369 283/370/370 284/371/371
f 284/371/371 283/370/370 321/372/372
f 284/371/371 321/372/372 322/220/220
f 322/220/220 321/372/372 359/218/218
f 243/206/206 281/208/208 244/367/367
f 244/367/367 281/208/208 282/373/373
f 244/367/367 282/373/373 245/368/368
f 245/368/368 282/373/373 283/370/370
f 248/224/224 217/204/204 247/374/374
f 247/374/374 217/204/204 246/369/369
f 247/374/374 246/369/369 284/371/371
f 285/222/222 248/224/224 247/374/374
f 285/222/222 247/374/374 284/371/371
f 288/228/228 250/226/226 287/242/242
f 287/242/242 250/226/226 249/225/225
f 291/332/332 254/334/334 253/335/335
f 291/332/332 253/335/335 290/328/328
f 295/249/249 257/247/247 294/309/309
f 294/309/309 257/247/247 256/307/307
f 258/248/248 296/250/250 259/342/342
f 259/342/342 296/250/250 297/375/375
f 259/342/342 297/375/375 260/339/339
f 260/339/339 297/375/375 298/341/341
f 299/260/260 262/262/262 261/340/340
f 227/266/266 264/344/344 265/268/268
f 265/268/268 264/344/344 302/376/376
f 265/268/268 302/376/376 303/270/270
f 303/270/270 302/376/376 340/377/377
f 303/270/270 340/377/377 341/272/272
f 341/272/272 340/377/377 378/378/378
f 341/272/272 378/378/378 379/274/274
f 379/274/274 378/378/378 210/255/255
f 302/376/376 264/344/344 301/345/345
f 266/269/269 304/271/271 267/354/354
f 267/354/354 304/271/271 305/379/379
f 267/354/354 305/379/379 268/351/351
f 268/351/351 305/379/379 306/353/353
f 307/280/280 270/282/282 269/352/352
f 235/286/286 272/356/356 273/288/288
f 273/288/288 272/356/356 310/380/380
f 273/288/288 310/380/380 311/290/290
f 311/290/290 310/380/380 348/381/381
f 311/290/290 348/381/381 349/292/292
f 349/292/292 348/381/381 386/382/382
f 349/292/292 386/382/382 387/294/294
f 387/294/294 386/382/382 211/215/215
f 310/380/380 272/356/356 309/357/357
f 274/289/289 312/291/291 275/365/365
f 275/365/365 312/291/291 313/383/383
f 275/365/365 313/383/383 276/362/362
f 276/362/362 313/383/383 314/364/364
f 315/300/300 278/302/302 277/363/363
f 280/207/207 279/303/303 317/384/384
f 317/384/384 279/303/303 316/301/301
f 317/384/384 316/301/301 354/385/385
f 354/385/385 316/301/301 353/299/299
f 354/385/385 353/299/299 391/386/386
f 391/386/386 353/299/299 390/297/297
f 391/386/386 390/297/297 211/215/215
f 281/208/208 319/210/210 282/373/373
f 282/373/373 319/210/210 320/387/387
f 282/373/373 320/387/387 283/370/370
f 283/370/370 320/387/387 321/372/372
f 322/220/220 285/222/222 284/371/371
f 324/241/241 286/223/223 323/221/221
f 326/230/230 288/228/228 325/240/240
f 325/240/240 288/228/228 287/242/242
f 328/327/327 291/332/332 290/328/328
f 333/251/251 295/249/249 332/311/311
f 332/311/311 295/249/249 294/309/309
f 296/250/250 334/252/252 297/375/375
f 297/375/375 334/252/252 335/388/388
f 297/375/375 335/388/388 298/341/341
f 298/341/341 335/388/388 336/258/258
f 302/376/376 301/345/345 339/389/389
f 339/389/389 301/345/345 338/346/346
f 339/389/389 338/346/346 376/390/390
f 376/390/390 338/346/346 375/347/347
f 376/390/390 375/347/347 210/255/255
f 304/271/271 342/273/273 305/379/379
f 305/379/379 342/273/273 343/391/391
f 305/379/379 343/391/391 306/353/353
f 306/353/353 343/391/391 344/278/278
f 310/380/380 309/357/357 347/392/392
f 347/392/392 309/357/357 346/358/358
f 347/392/392 346/358/358 384/324/324
f 384/324/324 346/358/358 383/325/325
f 312/291/291 350/293/293 313/383/383
f 313/383/383 350/293/293 351/393/393
f 313/383/383 351/393/393 314/364/364
f 314/364/364 351/393/393 352/298/298
f 280/207/207 317/384/384 318/209/209
f 318/209/209 317/384/384 355/394/394
f 318/209/209 355/394/394 356/211/211
f 356/211/211 355/394/394 393/395/395
f 356/211/211 393/395/395 394/213/213
f 394/213/213 393/395/395 211/215/215
f 355/394/394 317/384/384 354/385/385
f 319/210/210 357/212/212 320/387/387
f 320/387/387 357/212/212 358/396/396
f 320/387/387 358/396/396 321/372/372
f 321/372/372 358/396/396 359/218/218
f 324/241/241 323/221/221 361/397/397
f 361/397/397 323/221/221 360/219/219
f 361/397/397 360/219/219 398/398/398
f 398/398/398 360/219/219 397/217/217
f 398/398/398 397/217/217 211/215/215
f 364/232/232 326/230/230 363/238/238
f 363/238/238 326/230/230 325/240/240
f 367/323/323 330/316/316 329/320/320
f 329/320/320 330/316/316 292/315/315
f 366/322/322 367/323/323 329/320/320
f 371/253/253 333/251/251 370/313/313
f 370/313/313 333/251/251 332/311/311
f 373/256/256 336/258/258 335/388/388
f 373/256/256 335/388/388 372/254/254
f 372/254/254 335/388/388 334/252/252
f 302/376/376 339/389/389 340/377/377
f 340/377/377 339/389/389 377/399/399
f 340/377/377 377/399/399 378/378/378
f 378/378/378 377/399/399 210/255/255
f 377/399/399 339/389/389 376/390/390
f 381/276/276 344/278/278 343/391/391
f 381/276/276 343/391/391 380/275/275
f 380/275/275 343/391/391 342/273/273
f 310/380/380 347/392/392 348/381/381
f 348/381/381 347/392/392 385/400/400
f 348/381/381 385/400/400 386/382/382
f 386/382/382 385/400/400 211/215/215
f 385/400/400 347/392/392 384/324/324
f 389/296/296 352/298/298 351/393/393
f 389/296/296 351/393/393 388/295/295
f 388/295/295 351/393/393 350/293/293
f 355/394/394 354/385/385 392/401/401
f 392/401/401 354/385/385 391/386/386
f 392/401/401 391/386/386 211/215/215
f 396/216/216 359/218/218 358/396/396
f 396/216/216 358/396/396 395/214/214
f 395/214/214 358/396/396 357/212/212
f 324/241/241 361/397/397 362/239/239
f 362/239/239 361/397/397 399/402/402
f 362/239/239 399/402/402 400/237/237
f 400/237/237 399/402/402 211/215/215
f 399/402/402 361/397/397 398/398/398
f 402/234/234 364/232/232 401/236/236
f 401/236/236 364/232/232 363/238/238
f 210/255/255 377/399/399 376/390/390
f 211/215/215 385/400/400 384/324/324
f 211/215/215 393/395/395 392/401/401
f 392/401/401 393/395/395 355/394/394
f 211/215/215 399/402/402 398/398/398
f 210/403/255 414/404/403 10/405/14
f 10/405/14 414/404/403 415/406/404
f 10/405/14 415/406/404 416/407/405
f 416/407/405 415/406/404 426/408/406
f 416/407/405 426/408/406 427/409/407
f 427/409/407 426/408/406 437/410/408
f 427/409/407 437/410/408 438/411/409
f 438/411/409 437/410/408 448/412/410
f 438/411/409 448/412/410 14/413/411
f 14/413/411 448/412/410 15/414/412
f 15/414/412 448/412/410 16/415/413
f 16/415/413 448/412/410 458/416/414
f 16/415/413 458/416/414 1/417/415
f 1/417/415 458/416/414 408/418/416
f 408/418/416 458/416/414 457/419/417
f 408/418/416 457/419/417 456/420/418
f 456/420/418 457/419/417 446/421/419
f 456/420/418 446/421/419 445/422/420
f 445/422/420 446/421/419 435/423/421
f 445/422/420 435/423/421 434/424/422
f 434/424/422 435/423/421 424/425/423
f 434/424/422 424/425/423 423/426/424
f 423/426/424 424/425/423 413/427/425
f 423/426/424 413/427/425 412/428/426
f 412/428/426 413/427/425 210/403/255
f 412/428/426 210/403/255 411/429/427
f 411/429/427 210/403/255 410/430/428
f 411/429/427 410/430/428 421/431/429
f 421/431/429 410/430/428 420/432/430
f 421/431/429 420/432/430 431/433/431
f 431/433/431 420/432/430 430/434/432
f 431/433/431 430/434/432 441/435/433
f 441/435/433 430/434/432 440/436/434
f 441/435/433 440/436/434 451/437/435
f 451/437/435 440/436/434 450/438/436
f 451/437/435 450/438/436 203/439/437
f 203/439/437 450/438/436 449/440/438
f 203/439/437 449/440/438 204/441/439
f 204/441/439 449/440/438 439/442/440
f 204/441/439 439/442/440 205/443/441
f 205/443/441 439/442/440 206/444/442
f 206/444/442 439/442/440 429/445/443
f 206/444/442 429/445/443 207/446/444
f 207/446/444 429/445/443 419/447/445
f 207/446/444 419/447/445 208/448/446
f 208/448/446 419/447/445 209/449/447
f 209/449/447 419/447/445 409/450/448
f 209/449/447 409/450/448 210/403/255
f 210/403/255 409/450/448 410/430/428
f 403/451/449 408/418/416 203/439/437
f 203/439/437 408/418/416 453/452/450
f 203/439/437 453/452/450 452/453/451
f 452/453/451 453/452/450 442/454/452
f 452/453/451 442/454/452 441/435/433
f 441/435/433 442/454/452 431/433/431
f 403/451/449 404/455/453 408/418/416
f 408/418/416 404/455/453 407/456/454
f 407/456/454 404/455/453 405/457/455
f 407/456/454 405/457/455 406/458/456
f 14/413/411 13/459/457 438/411/409
f 438/411/409 13/459/457 428/460/458
f 438/411/409 428/460/458 427/409/407
f 427/409/407 428/460/458 417/461/459
f 427/409/407 417/461/459 416/407/405
f 416/407/405 417/461/459 10/405/14
f 13/459/457 12/462/460 428/460/458
f 428/460/458 12/462/460 11/463/461
f 428/460/458 11/463/461 418/464/462
f 418/464/462 11/463/461 10/405/14
f 418/464/462 10/405/14 417/461/459
f 420/432/430 410/430/428 409/450/448
f 414/404/403 210/403/255 413/427/425
f 412/428/426 411/429/427 422/465/463
f 422/465/463 411/429/427 421/431/429
f 422/465/463 421/431/429 432/466/464
f 432/466/464 421/431/429 431/433/431
f 432/466/464 431/433/431 442/454/452
f 413/427/425 424/425/423 414/404/403
f 414/404/403 424/425/423 425/467/465
f 414/404/403 425/467/465 415/406/404
f 415/406/404 425/467/465 426/408/406
f 428/460/458 418/464/462 417/461/459
f 430/434/432 420/432/430 419/447/445
f 419/447/445 420/432/430 409/450/448
f 412/428/426 422/465/463 423/426/424
f 423/426/424 422/465/463 433/468/466
f 423/426/424 433/468/466 434/424/422
f 434/424/422 433/468/466 444/469/467
f 434/424/422 444/469/467 445/422/420
f 445/422/420 444/469/467 455/470/468
f 445/422/420 455/470/468 456/420/418
f 456/420/418 455/470/468 408/418/416
f 433/468/466 422/465/463 432/466/464
f 424/425/423 435/423/421 425/467/465
f 425/467/465 435/423/421 436/471/469
f 425/467/465 436/471/469 426/408/406
f 426/408/406 436/471/469 437/410/408
f 440/436/434 430/434/432 429/445/443
f 429/445/443 430/434/432 419/447/445
f 433/468/466 432/466/464 443/472/470
f 443/472/470 432/466/464 442/454/452
f 443/472/470 442/454/452 453/452/450
f 435/423/421 446/421/419 436/471/469
f 436/471/469 446/421/419 447/473/471
f 436/471/469 447/473/471 437/410/408
f 437/410/408 447/473/471 448/412/410
f 450/438/436 440/436/434 439/442/440
f 439/442/440 440/436/434 429/445/443
f 449/440/438 450/438/436 439/442/440
f 452/453/451 441/435/433 451/437/435
f 433/468/466 443/472/470 444/469/467
f 444/469/467 443/472/470 454/474/472
f 444/469/467 454/474/472 455/470/468
f 455/470/468 454/474/472 408/418/416
f 454/474/472 443/472/470 453/452/450
f 458/416/414 448/412/410 447/473/471
f 458/416/414 447/473/471 457/419/417
f 457/419/417 447/473/471 446/421/419
f 203/439/437 452/453/451 451/437/435
f 408/418/416 454/474/472 453/452/450
f 460/475/473 461/476/474 459/477/475
f 459/477/475 461/476/474 464/478/476
f 464/478/476 461/476/474 462/479/477
f 464/478/476 462/479/477 463/480/478
f 463/480/478 462/479/477 2/481/479
f 2/481/479 462/479/477 470/482/480
f 2/481/479 470/482/480 471/483/481
f 471/483/481 470/482/480 481/484/482
f 471/483/481 481/484/482 482/485/483
f 482/485/483 481/484/482 492/486/484
f 482/485/483 492/486/484 493/487/485
f 493/487/485 492/486/484 503/488/486
f 493/487/485 503/488/486 504/489/487
f 504/489/487 503/488/486 514/490/488
f 504/489/487 514/490/488 8/491/489
f 8/491/489 514/490/488 9/492/54
f 9/492/54 514/490/488 513/493/490
f 9/492/54 513/493/490 512/494/491
f 512/494/491 513/493/490 502/495/492
f 512/494/491 502/495/492 501/496/493
f 501/496/493 502/495/492 491/497/494
f 501/496/493 491/497/494 490/498/495
f 490/498/495 491/497/494 480/499/496
f 490/498/495 480/499/496 479/500/497
f 479/500/497 480/499/496 469/501/498
f 479/500/497 469/501/498 468/502/499
f 468/502/499 469/501/498 462/479/477
f 468/502/499 462/479/477 467/503/500
f 467/503/500 462/479/477 466/504/501
f 467/503/500 466/504/501 477/505/502
f 477/505/502 466/504/501 476/506/503
f 477/505/502 476/506/503 487/507/504
f 487/507/504 476/506/503 486/508/505
f 487/507/504 486/508/505 497/509/506
f 497/509/506 486/508/505 496/510/507
f 497/509/506 496/510/507 507/511/508
f 507/511/508 496/510/507 506/512/509
f 507/511/508 506/512/509 211/513/215
f 211/513/215 506/512/509 505/514/510
f 211/513/215 505/514/510 212/515/511
f 212/515/511 505/514/510 495/516/512
f 212/515/511 495/516/512 213/517/513
f 213/517/513 495/516/512 214/518/514
f 214/518/514 495/516/512 485/519/515
f 214/518/514 485/519/515 215/520/516
f 215/520/516 485/519/515 475/521/517
f 215/520/516 475/521/517 216/522/518
f 216/522/518 475/521/517 217/523/519
f 217/523/519 475/521/517 465/524/520
f 217/523/519 465/524/520 202/525/521
f 202/525/521 465/524/520 462/479/477
f 462/479/477 465/524/520 466/504/501
f 9/492/54 509/526/522 211/513/215
f 211/513/215 509/526/522 508/527/523
f 211/513/215 508/527/523 507/511/508
f 507/511/508 508/527/523 497/509/506
f 8/491/489 7/528/524 504/489/487
f 504/489/487 7/528/524 6/529/525
f 504/489/487 6/529/525 494/530/526
f 494/530/526 6/529/525 5/531/527
f 494/530/526 5/531/527 484/532/528
f 484/532/528 5/531/527 4/533/529
f 484/532/528 4/533/529 3/534/530
f 484/532/528 3/534/530 474/535/531
f 474/535/531 3/534/530 2/481/479
f 474/535/531 2/481/479 473/536/532
f 473/536/532 2/481/479 472/537/533
f 473/536/532 472/537/533 483/538/534
f 483/538/534 472/537/533 482/485/483
f 483/538/534 482/485/483 493/487/485
f 476/506/503 466/504/501 465/524/520
f 470/482/480 462/479/477 469/501/498
f 468/502/499 467/503/500 478/539/535
f 478/539/535 467/503/500 477/505/502
f 478/539/535 477/505/502 488/540/536
f 488/540/536 477/505/502 487/507/504
f 488/540/536 487/507/504 498/541/537
f 498/541/537 487/507/504 497/509/506
f 498/541/537 497/509/506 508/527/523
f 472/537/533 2/481/479 471/483/481
f 481/484/482 470/482/480 480/499/496
f 480/499/496 470/482/480 469/501/498
f 482/485/483 472/537/533 471/483/481
f 484/532/528 474/535/531 473/536/532
f 484/532/528 473/536/532 483/538/534
f 486/508/505 476/506/503 475/521/517
f 475/521/517 476/506/503 465/524/520
f 468/502/499 478/539/535 479/500/497
f 479/500/497 478/539/535 489/542/538
f 479/500/497 489/542/538 490/498/495
f 490/498/495 489/542/538 500/543/539
f 490/498/495 500/543/539 501/496/493
f 501/496/493 500/543/539 511/544/540
f 501/496/493 511/544/540 512/494/491
f 512/494/491 511/544/540 9/492/54
f 489/542/538 478/539/535 488/540/536
f 492/486/484 481/484/482 491/497/494
f 491/497/494 481/484/482 480/499/496
f 494/530/526 484/532/528 483/538/534
f 494/530/526 483/538/534 493/487/485
f 496/510/507 486/508/505 485/519/515
f 485/519/515 486/508/505 475/521/517
f 489/542/538 488/540/536 499/545/541
f 499/545/541 488/540/536 498/541/537
f 499/545/541 498/541/537 509/526/522
f 509/526/522 498/541/537 508/527/523
f 503/488/486 492/486/484 502/495/492
f 502/495/492 492/486/484 491/497/494
f 504/489/487 494/530/526 493/487/485
f 506/512/509 496/510/507 495/516/512
f 495/516/512 496/510/507 485/519/515
f 505/514/510 506/512/509 495/516/512
f 489/542/538 499/545/541 500/543/539
f 500/543/539 499/545/541 510/546/542
f 500/543/539 510/546/542 511/544/540
f 511/544/540 510/546/542 9/492/54
f 510/546/542 499/545/541 509/526/522
f 514/490/488 503/488/486 513/493/490
f 513/493/490 503/488/486 502/495/492
f 9/492/54 510/546/542 509/526/522
f 404/547/543 461/548/544 405/549/545
f 405/549/545 461/548/544 460/550/546
f 405/549/545 460/550/546 515/551/547
f 461/548/544 404/547/543 462/552/548
f 462/552/548 404/547/543 403/553/549
f 462/552/548 403/553/549 202/554/202
f 202/554/202 403/553/549 203/555/203
f 515/551/547 516/556/550 405/549/545
f 460/557/473 459/558/475 515/559/551
f 515/559/551 459/558/475 517/560/552
f 210/561/255 10/562/14 211/563/215
f 211/563/215 10/562/14 9/564/54
f 515/565/553 517/566/554 516/567/555
f 516/567/555 517/566/554 518/568/556
f 1/569/1 408/570/557 2/571/2
f 2/571/2 408/570/557 463/572/558
f 463/572/558 408/570/557 407/573/559
f 463/572/558 407/573/559 464/574/560
f 464/574/560 407/573/559 406/575/561
f 464/574/560 406/575/561 459/576/562
f 459/576/562 406/575/561 517/577/563
f 517/577/563 406/575/561 518/578/564
f 405/579/455 516/580/565 406/581/456
f 406/581/456 516/580/565 518/582/566
g Middle

v -3.200000 9.725000 2.568000
v -3.200000 -9.725000 2.568000
v 3.200000 -9.725000 2.568000
v 3.200000 9.725000 2.568000
v -3.200000 -9.725000 2.060000
v -3.200000 9.725000 2.060000
v 3.200000 9.725000 2.060000
v 3.200000 -9.725000 2.060000
vt -0.320000 -0.972500 0.000000
vt 0.320000 -0.972500 0.000000
vt -0.320000 0.972500 0.000000
vt 0.320000 0.972500 0.000000
vt 0.320000 0.972500 0.000000
vt -0.320000 0.972500 0.000000
vt 0.320000 -0.972500 0.000000
vt -0.320000 -0.972500 0.000000
vt 0.000000 -0.010000 0.000000
vt 0.050800 -0.010000 0.000000
vt -0.000000 1.935000 0.000000
vt 0.050800 1.935000 0.000000
vt -0.000000 0.000000 0.000000
vt 0.050800 0.000000 0.000000
vt -0.000000 0.640000 0.000000
vt 0.050800 0.640000 0.000000
vt -0.000000 0.010000 0.000000
vt -0.050800 0.010000 0.000000
vt -0.000000 -1.935000 0.000000
vt -0.050800 -1.935000 0.000000
vt -0.000000 0.000000 0.000000
vt -0.050800 0.000000 0.000000
vt -0.000000 -0.640000 0.000000
vt -0.050800 -0.640000 0.000000
vn -0.000000 -0.000000 0.100000
vn -0.000000 -0.000000 0.100000
vn -0.000000 -0.000000 0.100000
vn -0.000000 -0.000000 0.100000
vn -0.000000 -0.000000 -0.100000
vn -0.000000 -0.000000 -0.100000
vn -0.000000 -0.000000 -0.100000
vn -0.000000 -0.000000 -0.100000
vn -0.100000 -0.000000 -0.000000
vn -0.100000 -0.000000 -0.000000
vn -0.100000 -0.000000 -0.000000
vn -0.100000 -0.000000 -0.000000
vn 0.000000 0.100000 0.000000
vn 0.000000 0.100000 0.000000
vn 0.000000 0.100000 0.000000
vn 0.000000 0.100000 0.000000
vn 0.100000 0.000000 0.000000
vn 0.100000 0.000000 0.000000
vn 0.100000 0.000000 0.000000
vn 0.100000 0.000000 0.000000
vn 0.000000 -0.100000 -0.000000
vn 0.000000 -0.100000 -0.000000
vn 0.000000 -0.100000 -0.000000
vn 0.000000 -0.100000 -0.000000
f 520/583/567 521/584/568 519/585/569
f 519/585/569 521/584/568 522/586/570
f 524/587/571 525/588/572 523/589/573
f 523/589/573 525/588/572 526/590/574
f 523/591/575 520/592/576 524/593/577
f 524/593/577 520/592/576 519/594/578
f 524/595/579 519/596/580 525/597/581
f 525/597/581 519/596/580 522/598/582
f 525/599/583 522/600/584 526/601/585
f 526/601/585 522/600/584 521/602/586
f 526/603/587 521/604/588 523/605/589
f 523/605/589 521/604/588 520/606/590
g Top

v -3.011571 9.624123 3.981216
v -3.011571 -9.624123 3.981216
v -3.007610 -9.620162 3.998728
v -3.000582 -9.613134 4.015249
v -2.990713 -9.603264 4.030247
v -2.978321 -9.590872 4.043238
v -2.963805 -9.576357 4.053805
v -2.947635 -9.560186 4.061605
v -2.912448 -9.525000 4.068000
v -2.912448 9.525000 4.068000
v -2.947635 9.560186 4.061605
v -2.963805 9.576357 4.053805
v -2.978321 9.590872 4.043238
v -2.990713 9.603264 4.030247
v -3.000582 9.613134 4.015249
v -3.007610 9.620162 3.998728
v -3.005599 -9.117590 4.004372
v -3.005599 -8.611057 4.004372
v -3.005599 -8.104524 4.004372
v -3.005599 -7.597992 4.004372
v -3.005599 -7.091459 4.004372
v -3.005599 -6.584926 4.004372
v -3.005599 -6.078393 4.004372
v -3.005599 -5.571861 4.004372
v -3.005599 -5.065328 4.004372
v -3.005599 -4.558795 4.004372
v -3.005599 -4.052262 4.004372
v -3.005599 -3.545729 4.004372
v -3.005599 -3.039197 4.004372
v -3.005599 -2.532664 4.004372
v -3.005599 -2.026131 4.004372
v -3.005599 -1.519598 4.004372
v -3.005599 -1.013066 4.004372
v -3.005599 -0.506533 4.004372
v -3.005599 0.000000 4.004372
v -3.005599 0.506533 4.004372
v -3.005599 1.013066 4.004372
v -3.005599 1.519598 4.004372
v -3.005599 2.026131 4.004372
v -3.005599 2.532664 4.004372
v -3.005599 3.039197 4.004372
v -3.005599 3.545729 4.004372
v -3.005599 4.052262 4.004372
v -3.005599 4.558795 4.004372
v -3.005599 5.065328 4.004372
v -3.005599 5.571861 4.004372
v -3.005599 6.078393 4.004372
v -3.005599 6.584926 4.004372
v -3.005599 7.091459 4.004372
v -3.005599 7.597992 4.004372
v -3.005599 8.104524 4.004372
v -3.005599 8.611057 4.004372
v -3.005599 9.117590 4.004372
v -2.994300 -9.117590 4.025448
v -2.994300 -8.611057 4.025448
v -2.994300 -8.104524 4.025448
v -2.994300 -7.597992 4.025448
v -2.994300 -7.091459 4.025448
v -2.994300 -6.584926 4.025448
v -2.994300 -6.078393 4.025448
v -2.994300 -5.571861 4.025448
v -2.994300 -5.065328 4.025448
v -2.994300 -4.558795 4.025448
v -2.994300 -4.052262 4.025448
v -2.994300 -3.545729 4.025448
v -2.994300 -3.039197 4.025448
v -2.994300 -2.532664 4.025448
v -2.994300 -2.026131 4.025448
v -2.994300 -1.519598 4.025448
v -2.994300 -1.013066 4.025448
v -2.994300 -0.506533 4.025448
v -2.994300 0.000000 4.025448
v -2.994300 0.506533 4.025448
v -2.994300 1.013066 4.025448
v -2.994300 1.519598 4.025448
v -2.994300 2.026131 4.025448
v -2.994300 2.532664 4.025448
v -2.994300 3.039197 4.025448
v -2.994300 3.545729 4.025448
v -2.994300 4.052262 4.025448
v -2.994300 4.558795 4.025448
v -2.994300 5.065328 4.025448
v -2.994300 5.571861 4.025448
v -2.994300 6.078393 4.025448
v -2.994300 6.584926 4.025448
v -2.994300 7.091459 4.025448
v -2.994300 7.597992 4.025448
v -2.994300 8.104524 4.025448
v -2.994300 8.611057 4.025448
v -2.994300 9.117590 4.025448
v -2.978321 -9.117590 4.043238
v -2.978321 -8.611057 4.043238
v -2.978321 -8.104524 4.043238
v -2.978321 -7.597992 4.043238
v -2.978321 -7.091459 4.043238
v -2.978321 -6.584926 4.043238
v -2.978321 -6.078393 4.043238
v -2.978321 -5.571861 4.043238
v -2.978321 -5.065328 4.043238
v -2.978321 -4.558795 4.043238
v -2.978321 -4.052262 4.043238
v -2.978321 -3.545729 4.043238
v -2.978321 -3.039197 4.043238
v -2.978321 -2.532664 4.043238
v -2.978321 -2.026131 4.043238
v -2.978321 -1.519598 4.043238
v -2.978321 -1.013066 4.043238
v -2.978321 -0.506533 4.043238
v -2.978321 0.000000 4.043238
v -2.978321 0.506533 4.043238
v -2.978321 1.013066 4.043238
v -2.978321 1.519598 4.043238
v -2.978321 2.026131 4.043238
v -2.978321 2.532664 4.043238
v -2.978321 3.039197 4.043238
v -2.978321 3.545729 4.043238
v -2.978321 4.052262 4.043238
v -2.978321 4.558795 4.043238
v -2.978321 5.065328 4.043238
v -2.978321 5.571861 4.043238
v -2.978321 6.078393 4.043238
v -2.978321 6.584926 4.043238
v -2.978321 7.091459 4.043238
v -2.978321 7.597992 4.043238
v -2.978321 8.104524 4.043238
v -2.978321 8.611057 4.043238
v -2.978321 9.117590 4.043238
v -2.958574 -9.117590 4.056726
v -2.958574 -8.611057 4.056726
v -2.958574 -8.104524 4.056726
v -2.958574 -7.597992 4.056726
v -2.958574 -7.091459 4.056726
v -2.958574 -6.584926 4.056726
v -2.958574 -6.078393 4.056726
v -2.958574 -5.571861 4.056726
v -2.958574 -5.065328 4.056726
v -2.958574 -4.558795 4.056726
v -2.958574 -4.052262 4.056726
v -2.958574 -3.545729 4.056726
v -2.958574 -3.039197 4.056726
v -2.958574 -2.532664 4.056726
v -2.958574 -2.026131 4.056726
v -2.958574 -1.519598 4.056726
v -2.958574 -1.013066 4.056726
v -2.958574 -0.506533 4.056726
v -2.958574 0.000000 4.056726
v -2.958574 0.506533 4.056726
v -2.958574 1.013066 4.056726
v -2.958574 1.519598 4.056726
v -2.958574 2.026131 4.056726
v -2.958574 2.532664 4.056726
v -2.958574 3.039197 4.056726
v -2.958574 3.545729 4.056726
v -2.958574 4.052262 4.056726
v -2.958574 4.558795 4.056726
v -2.958574 5.065328 4.056726
v -2.958574 5.571861 4.056726
v -2.958574 6.078393 4.056726
v -2.958574 6.584926 4.056726
v -2.958574 7.091459 4.056726
v -2.958574 7.597992 4.056726
v -2.958574 8.104524 4.056726
v -2.958574 8.611057 4.056726
v -2.958574 9.117590 4.056726
v -2.936190 -9.117590 4.065141
v -2.936190 -8.611057 4.065141
v -2.936190 -8.104524 4.065141
v -2.936190 -7.597992 4.065141
v -2.936190 -7.091459 4.065141
v -2.936190 -6.584926 4.065141
v -2.936190 -6.078393 4.065141
v -2.936190 -5.571861 4.065141
v -2.936190 -5.065328 4.065141
v -2.936190 -4.558795 4.065141
v -2.936190 -4.052262 4.065141
v -2.936190 -3.545729 4.065141
v -2.936190 -3.039197 4.065141
v -2.936190 -2.532664 4.065141
v -2.936190 -2.026131 4.065141
v -2.936190 -1.519598 4.065141
v -2.936190 -1.013066 4.065141
v -2.936190 -0.506533 4.065141
v -2.936190 0.000000 4.065141
v -2.936190 0.506533 4.065141
v -2.936190 1.013066 4.065141
v -2.936190 1.519598 4.065141
v -2.936190 2.026131 4.065141
v -2.936190 2.532664 4.065141
v -2.936190 3.039197 4.065141
v -2.936190 3.545729 4.065141
v -2.936190 4.052262 4.065141
v -2.936190 4.558795 4.065141
v -2.936190 5.065328 4.065141
v -2.936190 5.571861 4.065141
v -2.936190 6.078393 4.065141
v -2.936190 6.584926 4.065141
v -2.936190 7.091459 4.065141
v -2.936190 7.597992 4.065141
v -2.936190 8.104524 4.065141
v -2.936190 8.611057 4.065141
v -2.936190 9.117590 4.065141
v -3.013333 -9.625000 3.968000
v 3.013333 -9.625000 3.968000
v 3.012744 -9.624902 3.972417
v 3.012157 -9.624610 3.976825
v 3.011571 -9.624123 3.981216
v 3.007610 -9.620162 3.998728
v 3.000582 -9.613134 4.015249
v 2.990713 -9.603264 4.030247
v 2.978321 -9.590872 4.043238
v 2.963805 -9.576357 4.053805
v 2.947635 -9.560186 4.061605
v 2.912448 -9.525000 4.068000
v -3.012157 -9.624610 3.976825
v -3.012744 -9.624902 3.972417
v 2.465455 -9.621593 3.993882
v 1.917576 -9.621593 3.993882
v 1.369697 -9.621593 3.993882
v 0.821818 -9.621593 3.993882
v 0.273939 -9.621593 3.993882
v -0.273939 -9.621593 3.993882
v -0.821818 -9.621593 3.993882
v -1.369697 -9.621593 3.993882
v -1.917576 -9.621593 3.993882
v -2.465455 -9.621593 3.993882
v 2.465455 -9.611603 4.018000
v 1.917576 -9.611603 4.018000
v 1.369697 -9.611603 4.018000
v 0.821818 -9.611603 4.018000
v 0.273939 -9.611603 4.018000
v -0.273939 -9.611603 4.018000
v -0.821818 -9.611603 4.018000
v -1.369697 -9.611603 4.018000
v -1.917576 -9.611603 4.018000
v -2.465455 -9.611603 4.018000
v 2.465455 -9.595711 4.038711
v 1.917576 -9.595711 4.038711
v 1.369697 -9.595711 4.038711
v 0.821818 -9.595711 4.038711
v 0.273939 -9.595711 4.038711
v -0.273939 -9.595711 4.038711
v -0.821818 -9.595711 4.038711
v -1.369697 -9.595711 4.038711
v -1.917576 -9.595711 4.038711
v -2.465455 -9.595711 4.038711
v 2.465455 -9.575000 4.054603
v 1.917576 -9.575000 4.054603
v 1.369697 -9.575000 4.054603
v 0.821818 -9.575000 4.054603
v 0.273939 -9.575000 4.054603
v -0.273939 -9.575000 4.054603
v -0.821818 -9.575000 4.054603
v -1.369697 -9.575000 4.054603
v -1.917576 -9.575000 4.054603
v -2.465455 -9.575000 4.054603
v 2.465455 -9.550882 4.064593
v 1.917576 -9.550882 4.064593
v 1.369697 -9.550882 4.064593
v 0.821818 -9.550882 4.064593
v 0.273939 -9.550882 4.064593
v -0.273939 -9.550882 4.064593
v -0.821818 -9.550882 4.064593
v -1.369697 -9.550882 4.064593
v -1.917576 -9.550882 4.064593
v -2.465455 -9.550882 4.064593
v 3.011571 9.624123 3.981216
v 3.007610 9.620162 3.998728
v 3.000582 9.613134 4.015249
v 2.990713 9.603264 4.030247
v 2.978321 9.590872 4.043238
v 2.963805 9.576357 4.053805
v 2.947635 9.560186 4.061605
v 2.912448 9.525000 4.068000
v 3.005599 9.117590 4.004372
v 3.005599 8.611057 4.004372
v 3.005599 8.104524 4.004372
v 3.005599 7.597992 4.004372
v 3.005599 7.091459 4.004372
v 3.005599 6.584926 4.004372
v 3.005599 6.078393 4.004372
v 3.005599 5.571861 4.004372
v 3.005599 5.065328 4.004372
v 3.005599 4.558795 4.004372
v 3.005599 4.052262 4.004372
v 3.005599 3.545729 4.004372
v 3.005599 3.039197 4.004372
v 3.005599 2.532664 4.004372
v 3.005599 2.026131 4.004372
v 3.005599 1.519598 4.004372
v 3.005599 1.013066 4.004372
v 3.005599 0.506533 4.004372
v 3.005599 0.000000 4.004372
v 3.005599 -0.506533 4.004372
v 3.005599 -1.013066 4.004372
v 3.005599 -1.519598 4.004372
v 3.005599 -2.026131 4.004372
v 3.005599 -2.532664 4.004372
v 3.005599 -3.039197 4.004372
v 3.005599 -3.545729 4.004372
v 3.005599 -4.052262 4.004372
v 3.005599 -4.558795 4.004372
v 3.005599 -5.065328 4.004372
v 3.005599 -5.571861 4.004372
v 3.005599 -6.078393 4.004372
v 3.005599 -6.584926 4.004372
v 3.005599 -7.091459 4.004372
v 3.005599 -7.597992 4.004372
v 3.005599 -8.104524 4.004372
v 3.005599 -8.611057 4.004372
v 3.005599 -9.117590 4.004372
v 2.994300 9.117590 4.025448
v 2.994300 8.611057 4.025448
v 2.994300 8.104524 4.025448
v 2.994300 7.597992 4.025448
v 2.994300 7.091459 4.025448
v 2.994300 6.584926 4.025448
v 2.994300 6.078393 4.025448
v 2.994300 5.571861 4.025448
v 2.994300 5.065328 4.025448
v 2.994300 4.558795 4.025448
v 2.994300 4.052262 4.025448
v 2.994300 3.545729 4.025448
v 2.994300 3.039197 4.025448
v 2.994300 2.532664 4.025448
v 2.994300 2.026131 4.025448
v 2.994300 1.519598 4.025448
v 2.994300 1.013066 4.025448
v 2.994300 0.506533 4.025448
v 2.994300 0.000000 4.025448
v 2.994300 -0.506533 4.025448
v 2.994300 -1.013066 4.025448
v 2.994300 -1.519598 4.025448
v 2.994300 -2.026131 4.025448
v 2.994300 -2.532664 4.025448
v 2.994300 -3.039197 4.025448
v 2.994300 -3.545729 4.025448
v 2.994300 -4.052262 4.025448
v 2.994300 -4.558795 4.025448
v 2.994300 -5.065328 4.025448
v 2.994300 -5.571861 4.025448
v 2.994300 -6.078393 4.025448
v 2.994300 -6.584926 4.025448
v 2.994300 -7.091459 4.025448
v 2.994300 -7.597992 4.025448
v 2.994300 -8.104524 4.025448
v 2.994300 -8.611057 4.025448
v 2.994300 -9.117590 4.025448
v 2.978321 9.117590 4.043238
v 2.978321 8.611057 4.043238
v 2.978321 8.104524 4.043238
v 2.978321 7.597992 4.043238
v 2.978321 7.091459 4.043238
v 2.978321 6.584926 4.043238
v 2.978321 6.078393 4.043238
v 2.978321 5.571861 4.043238
v 2.978321 5.065328 4.043238
v 2.978321 4.558795 4.043238
v 2.978321 4.052262 4.043238
v 2.978321 3.545729 4.043238
v 2.978321 3.039197 4.043238
v 2.978321 2.532664 4.043238
v 2.978321 2.026131 4.043238
v 2.978321 1.519598 4.043238
v 2.978321 1.013066 4.043238
v 2.978321 0.506533 4.043238
v 2.978321 0.000000 4.043238
v 2.978321 -0.506533 4.043238
v 2.978321 -1.013066 4.043238
v 2.978321 -1.519598 4.043238
v 2.978321 -2.026131 4.043238
v 2.978321 -2.532664 4.043238
v 2.978321 -3.039197 4.043238
v 2.978321 -3.545729 4.043238
v 2.978321 -4.052262 4.043238
v 2.978321 -4.558795 4.043238
v 2.978321 -5.065328 4.043238
v 2.978321 -5.571861 4.043238
v 2.978321 -6.078393 4.043238
v 2.978321 -6.584926 4.043238
v 2.978321 -7.091459 4.043238
v 2.978321 -7.597992 4.043238
v 2.978321 -8.104524 4.043238
v 2.978321 -8.611057 4.043238
v 2.978321 -9.117590 4.043238
v 2.958574 9.117590 4.056726
v 2.958574 8.611057 4.056726
v 2.958574 8.104524 4.056726
v 2.958574 7.597992 4.056726
v 2.958574 7.091459 4.056726
v 2.958574 6.584926 4.056726
v 2.958574 6.078393 4.056726
v 2.958574 5.571861 4.056726
v 2.958574 5.065328 4.056726
v 2.958574 4.558795 4.056726
v 2.958574 4.052262 4.056726
v 2.958574 3.545729 4.056726
v 2.958574 3.039197 4.056726
v 2.958574 2.532664 4.056726
v 2.958574 2.026131 4.056726
v 2.958574 1.519598 4.056726
v 2.958574 1.013066 4.056726
v 2.958574 0.506533 4.056726
v 2.958574 0.000000 4.056726
v 2.958574 -0.506533 4.056726
v 2.958574 -1.013066 4.056726
v 2.958574 -1.519598 4.056726
v 2.958574 -2.026131 4.056726
v 2.958574 -2.532664 4.056726
v 2.958574 -3.039197 4.056726
v 2.958574 -3.545729 4.056726
v 2.958574 -4.052262 4.056726
v 2.958574 -4.558795 4.056726
v 2.958574 -5.065328 4.056726
v 2.958574 -5.571861 4.056726
v 2.958574 -6.078393 4.056726
v 2.958574 -6.584926 4.056726
v 2.958574 -7.091459 4.056726
v 2.958574 -7.597992 4.056726
v 2.958574 -8.104524 4.056726
v 2.958574 -8.611057 4.056726
v 2.958574 -9.117590 4.056726
v 2.936190 9.117590 4.065141
v 2.936190 8.611057 4.065141
v 2.936190 8.104524 4.065141
v 2.936190 7.597992 4.065141
v 2.936190 7.091459 4.065141
v 2.936190 6.584926 4.065141
v 2.936190 6.078393 4.065141
v 2.936190 5.571861 4.065141
v 2.936190 5.065328 4.065141
v 2.936190 4.558795 4.065141
v 2.936190 4.052262 4.065141
v 2.936190 3.545729 4.065141
v 2.936190 3.039197 4.065141
v 2.936190 2.532664 4.065141
v 2.936190 2.026131 4.065141
v 2.936190 1.519598 4.065141
v 2.936190 1.013066 4.065141
v 2.936190 0.506533 4.065141
v 2.936190 0.000000 4.065141
v 2.936190 -0.506533 4.065141
v 2.936190 -1.013066 4.065141
v 2.936190 -1.519598 4.065141
v 2.936190 -2.026131 4.065141
v 2.936190 -2.532664 4.065141
v 2.936190 -3.039197 4.065141
v 2.936190 -3.545729 4.065141
v 2.936190 -4.052262 4.065141
v 2.936190 -4.558795 4.065141
v 2.936190 -5.065328 4.065141
v 2.936190 -5.571861 4.065141
v 2.936190 -6.078393 4.065141
v 2.936190 -6.584926 4.065141
v 2.936190 -7.091459 4.065141
v 2.936190 -7.597992 4.065141
v 2.936190 -8.104524 4.065141
v 2.936190 -8.611057 4.065141
v 2.936190 -9.117590 4.065141
v 3.013333 9.625000 3.968000
v 1.000000 9.625000 3.968000
v 1.000000 9.621593 3.993882
v 1.000000 9.611603 4.018000
v 1.000000 9.595711 4.038711
v 1.000000 9.575000 4.054603
v 1.000000 9.550882 4.064593
v 1.000000 9.525000 4.068000
v 3.012157 9.624610 3.976825
v 3.012744 9.624902 3.972417
v 1.503333 9.621593 3.993882
v 2.006667 9.621593 3.993882
v 2.510000 9.621593 3.993882
v 1.503333 9.611603 4.018000
v 2.006667 9.611603 4.018000
v 2.510000 9.611603 4.018000
v 1.503333 9.595711 4.038711
v 2.006667 9.595711 4.038711
v 2.510000 9.595711 4.038711
v 1.503333 9.575000 4.054603
v 2.006667 9.575000 4.054603
v 2.510000 9.575000 4.054603
v 1.503333 9.550882 4.064593
v 2.006667 9.550882 4.064593
v 2.510000 9.550882 4.064593
v -1.000000 9.525000 4.068000
v -1.000000 9.550882 4.064593
v -1.000000 9.575000 4.054603
v -1.000000 9.595711 4.038711
v -1.000000 9.611603 4.018000
v -1.000000 9.621593 3.993882
v -1.000000 9.625000 3.968000
v -3.013333 9.625000 3.968000
v -3.012744 9.624902 3.972417
v -3.012157 9.624610 3.976825
v -1.503333 9.550882 4.064593
v -2.006667 9.550882 4.064593
v -2.510000 9.550882 4.064593
v -1.503333 9.575000 4.054603
v -2.006667 9.575000 4.054603
v -2.510000 9.575000 4.054603
v -1.503333 9.595711 4.038711
v -2.006667 9.595711 4.038711
v -2.510000 9.595711 4.038711
v -1.503333 9.611603 4.018000
v -2.006667 9.611603 4.018000
v -2.510000 9.611603 4.018000
v -1.503333 9.621593 3.993882
v -2.006667 9.621593 3.993882
v -2.510000 9.621593 3.993882
v 3.200000 -9.625000 2.568000
v 3.200000 9.625000 2.568000
v -3.200000 -9.625000 2.568000
v -3.200000 9.625000 2.568000
v -1.000000 9.425000 4.068000
v -1.000000 9.425000 3.468000
v -1.000000 9.625000 3.468000
v 1.000000 9.625000 3.468000
v 1.000000 9.425000 3.468000
v 1.000000 9.425000 4.068000
v -0.990686 9.288833 4.068000
v -0.962917 9.155203 4.068000
v -0.917211 9.026599 4.068000
v -0.854419 8.905416 4.068000
v -0.775711 8.793912 4.068000
v -0.682553 8.694164 4.068000
v -0.576680 8.608030 4.068000
v -0.460065 8.537115 4.068000
v -0.334880 8.482739 4.068000
v -0.203456 8.445916 4.068000
v -0.068242 8.427331 4.068000
v 0.068242 8.427331 4.068000
v 0.203456 8.445916 4.068000
v 0.334880 8.482739 4.068000
v 0.460065 8.537115 4.068000
v 0.576680 8.608030 4.068000
v 0.682553 8.694164 4.068000
v 0.775711 8.793912 4.068000
v 0.854419 8.905416 4.068000
v 0.917211 9.026599 4.068000
v 0.962917 9.155203 4.068000
v 0.990686 9.288833 4.068000
v 0.990686 9.288833 3.468000
v 0.962917 9.155203 3.468000
v 0.917211 9.026599 3.468000
v 0.854419 8.905416 3.468000
v 0.775711 8.793912 3.468000
v 0.682553 8.694164 3.468000
v 0.576680 8.608030 3.468000
v 0.460065 8.537115 3.468000
v 0.334880 8.482739 3.468000
v 0.203456 8.445916 3.468000
v 0.068242 8.427331 3.468000
v -0.068242 8.427331 3.468000
v -0.203456 8.445916 3.468000
v -0.334880 8.482739 3.468000
v -0.460065 8.537115 3.468000
v -0.576680 8.608030 3.468000
v -0.682553 8.694164 3.468000
v -0.775711 8.793912 3.468000
v -0.854419 8.905416 3.468000
v -0.917211 9.026599 3.468000
v -0.962917 9.155203 3.468000
v -0.990686 9.288833 3.468000
vt -1.443662 -0.007191 0.000000
vt 0.481162 -0.007191 0.000000
vt -1.443266 -0.005393 0.000000
vt -0.785170 -0.004794 0.000000
vt -0.835823 -0.004794 0.000000
vt -0.835823 -0.002397 0.000000
vt -0.886476 -0.002397 0.000000
vt -0.886476 0.000000 0.000000
vt -0.937130 0.000000 0.000000
vt -0.937130 0.002397 0.000000
vt -0.987783 0.002397 0.000000
vt -0.987783 0.004794 0.000000
vt -1.038436 0.004794 0.000000
vt -1.433750 0.007191 0.000000
vt -1.089089 0.004794 0.000000
vt -1.139743 0.004794 0.000000
vt -1.089089 0.002397 0.000000
vt -1.139743 0.002397 0.000000
vt -1.089089 0.000000 0.000000
vt -1.139743 0.000000 0.000000
vt -1.089089 -0.002397 0.000000
vt -1.139743 -0.002397 0.000000
vt -1.089089 -0.004794 0.000000
vt -1.139743 -0.004794 0.000000
vt -1.190396 -0.004794 0.000000
vt -1.241049 -0.004794 0.000000
vt -1.241049 -0.002397 0.000000
vt -1.291702 -0.002397 0.000000
vt -1.291702 0.000000 0.000000
vt -1.342356 0.000000 0.000000
vt -1.342356 0.002397 0.000000
vt -1.393009 0.002397 0.000000
vt -1.393009 0.004794 0.000000
vt -1.437269 0.003596 0.000000
vt -1.342356 0.004794 0.000000
vt -1.291702 0.004794 0.000000
vt -1.291702 0.002397 0.000000
vt -1.241049 0.002397 0.000000
vt -1.241049 0.000000 0.000000
vt -1.190396 0.000000 0.000000
vt -1.190396 -0.002397 0.000000
vt 0.480766 -0.005393 0.000000
vt 0.430509 -0.004794 0.000000
vt 0.379856 -0.004794 0.000000
vt 0.329202 -0.004794 0.000000
vt 0.329202 -0.002397 0.000000
vt 0.278549 -0.002397 0.000000
vt 0.278549 0.000000 0.000000
vt 0.227896 0.000000 0.000000
vt 0.227896 0.002397 0.000000
vt 0.177243 0.002397 0.000000
vt 0.177243 0.004794 0.000000
vt 0.126589 0.004794 0.000000
vt 0.471250 0.007191 0.000000
vt 0.075936 0.004794 0.000000
vt 0.025283 0.004794 0.000000
vt 0.075936 0.002397 0.000000
vt 0.025283 0.002397 0.000000
vt 0.075936 0.000000 0.000000
vt 0.025283 0.000000 0.000000
vt 0.075936 -0.002397 0.000000
vt 0.025283 -0.002397 0.000000
vt 0.075936 -0.004794 0.000000
vt 0.025283 -0.004794 0.000000
vt -0.025370 -0.004794 0.000000
vt -0.076024 -0.004794 0.000000
vt -0.076024 -0.002397 0.000000
vt -0.126677 -0.002397 0.000000
vt -0.126677 0.000000 0.000000
vt -0.177330 0.000000 0.000000
vt -0.177330 0.002397 0.000000
vt -0.227984 0.002397 0.000000
vt -0.227984 0.004794 0.000000
vt -0.278637 0.004794 0.000000
vt -0.329290 0.004794 0.000000
vt -0.379943 0.004794 0.000000
vt -0.329290 0.002397 0.000000
vt -0.379943 0.002397 0.000000
vt -0.329290 0.000000 0.000000
vt -0.379943 0.000000 0.000000
vt -0.329290 -0.002397 0.000000
vt -0.379943 -0.002397 0.000000
vt -0.329290 -0.004794 0.000000
vt -0.379943 -0.004794 0.000000
vt -0.430597 -0.004794 0.000000
vt -0.481250 -0.004794 0.000000
vt -0.481250 -0.002397 0.000000
vt -0.531903 -0.002397 0.000000
vt -0.531903 0.000000 0.000000
vt -0.582557 0.000000 0.000000
vt -0.582557 0.002397 0.000000
vt -0.633210 0.002397 0.000000
vt -0.633210 0.004794 0.000000
vt -0.683863 0.004794 0.000000
vt -0.734516 0.004794 0.000000
vt -0.785170 0.004794 0.000000
vt -0.734516 0.002397 0.000000
vt -0.785170 0.002397 0.000000
vt -0.734516 0.000000 0.000000
vt -0.785170 0.000000 0.000000
vt -0.734516 -0.002397 0.000000
vt -0.785170 -0.002397 0.000000
vt -0.734516 -0.004794 0.000000
vt 0.480063 -0.003596 0.000000
vt 0.430509 -0.002397 0.000000
vt 0.379856 -0.002397 0.000000
vt 0.379856 0.000000 0.000000
vt 0.329202 0.000000 0.000000
vt 0.329202 0.002397 0.000000
vt 0.278549 0.002397 0.000000
vt 0.278549 0.004794 0.000000
vt 0.227896 0.004794 0.000000
vt 0.479076 -0.001798 0.000000
vt 0.430509 0.000000 0.000000
vt 0.379856 0.002397 0.000000
vt 0.329202 0.004794 0.000000
vt 0.477837 0.000000 0.000000
vt 0.476386 0.001798 0.000000
vt 0.430509 0.002397 0.000000
vt 0.474769 0.003596 0.000000
vt 0.430509 0.004794 0.000000
vt 0.379856 0.004794 0.000000
vt -0.481250 0.004794 0.000000
vt -0.430597 0.004794 0.000000
vt -1.438886 0.001798 0.000000
vt -1.393009 0.000000 0.000000
vt -1.342356 -0.002397 0.000000
vt -1.291702 -0.004794 0.000000
vt -1.440337 0.000000 0.000000
vt -1.441576 -0.001798 0.000000
vt -1.393009 -0.002397 0.000000
vt -1.442563 -0.003596 0.000000
vt -1.393009 -0.004794 0.000000
vt -1.342356 -0.004794 0.000000
vt 0.278549 -0.004794 0.000000
vt 0.227896 -0.004794 0.000000
vt 0.177243 -0.004794 0.000000
vt 0.177243 -0.002397 0.000000
vt 0.126589 -0.002397 0.000000
vt 0.126589 0.000000 0.000000
vt 0.227896 -0.002397 0.000000
vt 0.126589 -0.004794 0.000000
vt -0.025370 -0.002397 0.000000
vt -0.025370 0.000000 0.000000
vt -0.025370 0.002397 0.000000
vt -0.025370 0.004794 0.000000
vt -0.126677 -0.004794 0.000000
vt -0.177330 -0.004794 0.000000
vt -0.227984 -0.004794 0.000000
vt -0.227984 -0.002397 0.000000
vt -0.278637 -0.002397 0.000000
vt -0.278637 0.000000 0.000000
vt -0.177330 -0.002397 0.000000
vt -0.278637 -0.004794 0.000000
vt -0.430597 -0.002397 0.000000
vt -0.430597 0.000000 0.000000
vt -0.430597 0.002397 0.000000
vt -0.531903 -0.004794 0.000000
vt -0.582557 -0.004794 0.000000
vt -0.633210 -0.004794 0.000000
vt -0.633210 -0.002397 0.000000
vt -0.683863 -0.002397 0.000000
vt -0.683863 0.000000 0.000000
vt -0.582557 -0.002397 0.000000
vt -0.683863 -0.004794 0.000000
vt -0.886476 -0.004794 0.000000
vt -0.937130 -0.004794 0.000000
vt -0.987783 -0.004794 0.000000
vt -0.987783 -0.002397 0.000000
vt -1.038436 -0.002397 0.000000
vt -1.038436 0.000000 0.000000
vt -0.937130 -0.002397 0.000000
vt -1.038436 -0.004794 0.000000
vt 0.177243 0.000000 0.000000
vt -0.076024 0.000000 0.000000
vt -0.126677 0.002397 0.000000
vt -0.177330 0.004794 0.000000
vt -0.227984 0.000000 0.000000
vt -0.481250 0.000000 0.000000
vt -0.531903 0.002397 0.000000
vt -0.582557 0.004794 0.000000
vt -0.633210 0.000000 0.000000
vt -0.835823 0.000000 0.000000
vt -0.835823 0.002397 0.000000
vt -0.835823 0.004794 0.000000
vt -0.987783 0.000000 0.000000
vt 0.126589 0.002397 0.000000
vt -0.076024 0.002397 0.000000
vt -0.076024 0.004794 0.000000
vt -0.278637 0.002397 0.000000
vt -0.481250 0.002397 0.000000
vt -0.683863 0.002397 0.000000
vt -0.886476 0.002397 0.000000
vt -0.937130 0.004794 0.000000
vt -1.038436 0.002397 0.000000
vt -1.190396 0.002397 0.000000
vt -1.190396 0.004794 0.000000
vt -0.126677 0.004794 0.000000
vt -0.531903 0.004794 0.000000
vt -0.886476 0.004794 0.000000
vt -1.241049 0.004794 0.000000
vt 0.141333 -0.007854 0.000000
vt 0.141274 -0.007412 0.000000
vt -0.461333 -0.007854 0.000000
vt -0.461274 -0.007412 0.000000
vt 0.141216 -0.006970 0.000000
vt -0.461216 -0.006970 0.000000
vt -0.461157 -0.006528 0.000000
vt -0.187394 -0.005236 0.000000
vt -0.242182 -0.005236 0.000000
vt -0.242182 -0.002618 0.000000
vt -0.296970 -0.002618 0.000000
vt -0.296970 -0.000000 0.000000
vt -0.351758 -0.000000 0.000000
vt -0.351758 0.002618 0.000000
vt -0.406545 0.002618 0.000000
vt -0.406545 0.005236 0.000000
vt -0.454763 0.004258 0.000000
vt -0.451245 0.007854 0.000000
vt -0.351758 0.005236 0.000000
vt -0.296970 0.005236 0.000000
vt -0.296970 0.002618 0.000000
vt -0.242182 0.002618 0.000000
vt -0.242182 -0.000000 0.000000
vt -0.187394 -0.000000 0.000000
vt -0.187394 -0.002618 0.000000
vt -0.132606 -0.002618 0.000000
vt -0.132606 -0.005236 0.000000
vt -0.077818 -0.005236 0.000000
vt -0.023030 -0.005236 0.000000
vt 0.031758 -0.005236 0.000000
vt -0.023030 -0.002618 0.000000
vt 0.031758 -0.002618 0.000000
vt -0.023030 -0.000000 0.000000
vt 0.031758 -0.000000 0.000000
vt -0.023030 0.002618 0.000000
vt 0.031758 0.002618 0.000000
vt -0.023030 0.005236 0.000000
vt 0.031758 0.005236 0.000000
vt 0.131245 0.007854 0.000000
vt 0.086545 0.005236 0.000000
vt 0.134763 0.004258 0.000000
vt 0.086545 0.002618 0.000000
vt 0.136381 0.002461 0.000000
vt 0.137832 0.000663 0.000000
vt 0.086545 -0.000000 0.000000
vt 0.139071 -0.001135 0.000000
vt 0.086545 -0.002618 0.000000
vt 0.140058 -0.002933 0.000000
vt 0.140761 -0.004731 0.000000
vt 0.086545 -0.005236 0.000000
vt 0.141157 -0.006528 0.000000
vt -0.132606 0.005236 0.000000
vt -0.077818 0.005236 0.000000
vt -0.456381 0.002461 0.000000
vt -0.457832 0.000663 0.000000
vt -0.406545 -0.000000 0.000000
vt -0.459071 -0.001135 0.000000
vt -0.406545 -0.002618 0.000000
vt -0.460058 -0.002933 0.000000
vt -0.460761 -0.004731 0.000000
vt -0.406545 -0.005236 0.000000
vt -0.351758 -0.005236 0.000000
vt -0.296970 -0.005236 0.000000
vt -0.351758 -0.002618 0.000000
vt -0.077818 -0.002618 0.000000
vt -0.077818 -0.000000 0.000000
vt -0.077818 0.002618 0.000000
vt -0.132606 -0.000000 0.000000
vt -0.187394 0.002618 0.000000
vt -0.242182 0.005236 0.000000
vt -0.132606 0.002618 0.000000
vt -0.187394 0.005236 0.000000
vt -1.443662 -0.007191 0.000000
vt 0.481162 -0.007191 0.000000
vt -1.443266 -0.005393 0.000000
vt -0.785170 -0.004794 0.000000
vt -0.835823 -0.004794 0.000000
vt -0.835823 -0.002397 0.000000
vt -0.886476 -0.002397 0.000000
vt -0.886476 -0.000000 0.000000
vt -0.937130 -0.000000 0.000000
vt -0.937130 0.002397 0.000000
vt -0.987783 0.002397 0.000000
vt -0.987783 0.004794 0.000000
vt -1.038436 0.004794 0.000000
vt -1.433750 0.007191 0.000000
vt -1.089089 0.004794 0.000000
vt -1.139743 0.004794 0.000000
vt -1.089089 0.002397 0.000000
vt -1.139743 0.002397 0.000000
vt -1.089089 -0.000000 0.000000
vt -1.139743 -0.000000 0.000000
vt -1.089089 -0.002397 0.000000
vt -1.139743 -0.002397 0.000000
vt -1.089089 -0.004794 0.000000
vt -1.139743 -0.004794 0.000000
vt -1.190396 -0.004794 0.000000
vt -1.241049 -0.004794 0.000000
vt -1.241049 -0.002397 0.000000
vt -1.291702 -0.002397 0.000000
vt -1.291702 -0.000000 0.000000
vt -1.342356 -0.000000 0.000000
vt -1.342356 0.002397 0.000000
vt -1.393009 0.002397 0.000000
vt -1.393009 0.004794 0.000000
vt -1.437269 0.003596 0.000000
vt -1.342356 0.004794 0.000000
vt -1.291702 0.004794 0.000000
vt -1.291702 0.002397 0.000000
vt -1.241049 0.002397 0.000000
vt -1.241049 -0.000000 0.000000
vt -1.190396 -0.000000 0.000000
vt -1.190396 -0.002397 0.000000
vt 0.480766 -0.005393 0.000000
vt 0.430509 -0.004794 0.000000
vt 0.379856 -0.004794 0.000000
vt 0.329202 -0.004794 0.000000
vt 0.329202 -0.002397 0.000000
vt 0.278549 -0.002397 0.000000
vt 0.278549 -0.000000 0.000000
vt 0.227896 -0.000000 0.000000
vt 0.227896 0.002397 0.000000
vt 0.177243 0.002397 0.000000
vt 0.177243 0.004794 0.000000
vt 0.126589 0.004794 0.000000
vt 0.471250 0.007191 0.000000
vt 0.075936 0.004794 0.000000
vt 0.025283 0.004794 0.000000
vt 0.075936 0.002397 0.000000
vt 0.025283 0.002397 0.000000
vt 0.075936 -0.000000 0.000000
vt 0.025283 -0.000000 0.000000
vt 0.075936 -0.002397 0.000000
vt 0.025283 -0.002397 0.000000
vt 0.075936 -0.004794 0.000000
vt 0.025283 -0.004794 0.000000
vt -0.025370 -0.004794 0.000000
vt -0.076024 -0.004794 0.000000
vt -0.076024 -0.002397 0.000000
vt -0.126677 -0.002397 0.000000
vt -0.126677 -0.000000 0.000000
vt -0.177330 -0.000000 0.000000
vt -0.177330 0.002397 0.000000
vt -0.227984 0.002397 0.000000
vt -0.227984 0.004794 0.000000
vt -0.278637 0.004794 0.000000
vt -0.329290 0.004794 0.000000
vt -0.379943 0.004794 0.000000
vt -0.329290 0.002397 0.000000
vt -0.379943 0.002397 0.000000
vt -0.329290 -0.000000 0.000000
vt -0.379943 -0.000000 0.000000
vt -0.329290 -0.002397 0.000000
vt -0.379943 -0.002397 0.000000
vt -0.329290 -0.004794 0.000000
vt -0.379943 -0.004794 0.000000
vt -0.430597 -0.004794 0.000000
vt -0.481250 -0.004794 0.000000
vt -0.481250 -0.002397 0.000000
vt -0.531903 -0.002397 0.000000
vt -0.531903 -0.000000 0.000000
vt -0.582557 -0.000000 0.000000
vt -0.582557 0.002397 0.000000
vt -0.633210 0.002397 0.000000
vt -0.633210 0.004794 0.000000
vt -0.683863 0.004794 0.000000
vt -0.734516 0.004794 0.000000
vt -0.785170 0.004794 0.000000
vt -0.734516 0.002397 0.000000
vt -0.785170 0.002397 0.000000
vt -0.734516 -0.000000 0.000000
vt -0.785170 -0.000000 0.000000
vt -0.734516 -0.002397 0.000000
vt -0.785170 -0.002397 0.000000
vt -0.734516 -0.004794 0.000000
vt 0.480063 -0.003596 0.000000
vt 0.430509 -0.002397 0.000000
vt 0.379856 -0.002397 0.000000
vt 0.379856 -0.000000 0.000000
vt 0.329202 -0.000000 0.000000
vt 0.329202 0.002397 0.000000
vt 0.278549 0.002397 0.000000
vt 0.278549 0.004794 0.000000
vt 0.227896 0.004794 0.000000
vt 0.479076 -0.001798 0.000000
vt 0.430509 -0.000000 0.000000
vt 0.379856 0.002397 0.000000
vt 0.329202 0.004794 0.000000
vt 0.477837 -0.000000 0.000000
vt 0.476386 0.001798 0.000000
vt 0.430509 0.002397 0.000000
vt 0.474769 0.003596 0.000000
vt 0.430509 0.004794 0.000000
vt 0.379856 0.004794 0.000000
vt -0.481250 0.004794 0.000000
vt -0.430597 0.004794 0.000000
vt -1.438886 0.001798 0.000000
vt -1.393009 -0.000000 0.000000
vt -1.342356 -0.002397 0.000000
vt -1.291702 -0.004794 0.000000
vt -1.440337 -0.000000 0.000000
vt -1.441576 -0.001798 0.000000
vt -1.393009 -0.002397 0.000000
vt -1.442563 -0.003596 0.000000
vt -1.393009 -0.004794 0.000000
vt -1.342356 -0.004794 0.000000
vt 0.278549 -0.004794 0.000000
vt 0.227896 -0.004794 0.000000
vt 0.177243 -0.004794 0.000000
vt 0.177243 -0.002397 0.000000
vt 0.126589 -0.002397 0.000000
vt 0.126589 -0.000000 0.000000
vt 0.227896 -0.002397 0.000000
vt 0.126589 -0.004794 0.000000
vt -0.025370 -0.002397 0.000000
vt -0.025370 -0.000000 0.000000
vt -0.025370 0.002397 0.000000
vt -0.025370 0.004794 0.000000
vt -0.126677 -0.004794 0.000000
vt -0.177330 -0.004794 0.000000
vt -0.227984 -0.004794 0.000000
vt -0.227984 -0.002397 0.000000
vt -0.278637 -0.002397 0.000000
vt -0.278637 -0.000000 0.000000
vt -0.177330 -0.002397 0.000000
vt -0.278637 -0.004794 0.000000
vt -0.430597 -0.002397 0.000000
vt -0.430597 -0.000000 0.000000
vt -0.430597 0.002397 0.000000
vt -0.531903 -0.004794 0.000000
vt -0.582557 -0.004794 0.000000
vt -0.633210 -0.004794 0.000000
vt -0.633210 -0.002397 0.000000
vt -0.683863 -0.002397 0.000000
vt -0.683863 -0.000000 0.000000
vt -0.582557 -0.002397 0.000000
vt -0.683863 -0.004794 0.000000
vt -0.886476 -0.004794 0.000000
vt -0.937130 -0.004794 0.000000
vt -0.987783 -0.004794 0.000000
vt -0.987783 -0.002397 0.000000
vt -1.038436 -0.002397 0.000000
vt -1.038436 -0.000000 0.000000
vt -0.937130 -0.002397 0.000000
vt -1.038436 -0.004794 0.000000
vt 0.177243 -0.000000 0.000000
vt -0.076024 -0.000000 0.000000
vt -0.126677 0.002397 0.000000
vt -0.177330 0.004794 0.000000
vt -0.227984 -0.000000 0.000000
vt -0.481250 -0.000000 0.000000
vt -0.531903 0.002397 0.000000
vt -0.582557 0.004794 0.000000
vt -0.633210 -0.000000 0.000000
vt -0.835823 -0.000000 0.000000
vt -0.835823 0.002397 0.000000
vt -0.835823 0.004794 0.000000
vt -0.987783 -0.000000 0.000000
vt 0.126589 0.002397 0.000000
vt -0.076024 0.002397 0.000000
vt -0.076024 0.004794 0.000000
vt -0.278637 0.002397 0.000000
vt -0.481250 0.002397 0.000000
vt -0.683863 0.002397 0.000000
vt -0.886476 0.002397 0.000000
vt -0.937130 0.004794 0.000000
vt -1.038436 0.002397 0.000000
vt -1.190396 0.002397 0.000000
vt -1.190396 0.004794 0.000000
vt -0.126677 0.004794 0.000000
vt -0.531903 0.004794 0.000000
vt -0.886476 0.004794 0.000000
vt -1.241049 0.004794 0.000000
vt -0.461333 -0.007854 0.000000
vt -0.260000 -0.007854 0.000000
vt -0.461274 -0.007412 0.000000
vt -0.461216 -0.006970 0.000000
vt -0.461157 -0.006528 0.000000
vt -0.360667 -0.005236 0.000000
vt -0.411000 -0.005236 0.000000
vt -0.411000 -0.002618 0.000000
vt -0.460761 -0.004731 0.000000
vt -0.460058 -0.002933 0.000000
vt -0.459071 -0.001135 0.000000
vt -0.411000 0.000000 0.000000
vt -0.457832 0.000663 0.000000
vt -0.411000 0.002618 0.000000
vt -0.456381 0.002461 0.000000
vt -0.454763 0.004258 0.000000
vt -0.411000 0.005236 0.000000
vt -0.451245 0.007854 0.000000
vt -0.360667 0.005236 0.000000
vt -0.260000 0.007854 0.000000
vt -0.310333 0.005236 0.000000
vt -0.260000 0.005236 0.000000
vt -0.260000 0.002618 0.000000
vt -0.310333 0.002618 0.000000
vt -0.260000 0.000000 0.000000
vt -0.310333 0.000000 0.000000
vt -0.260000 -0.002618 0.000000
vt -0.310333 -0.002618 0.000000
vt -0.260000 -0.005236 0.000000
vt -0.310333 -0.005236 0.000000
vt -0.360667 -0.002618 0.000000
vt -0.360667 0.000000 0.000000
vt -0.360667 0.002618 0.000000
vt -0.060000 0.007854 0.000000
vt 0.040667 0.005236 0.000000
vt 0.131245 0.007854 0.000000
vt 0.091000 0.005236 0.000000
vt 0.134763 0.004258 0.000000
vt 0.091000 0.002618 0.000000
vt 0.136381 0.002461 0.000000
vt 0.137832 0.000663 0.000000
vt 0.091000 0.000000 0.000000
vt 0.139071 -0.001135 0.000000
vt 0.091000 -0.002618 0.000000
vt 0.140058 -0.002933 0.000000
vt 0.140761 -0.004731 0.000000
vt 0.091000 -0.005236 0.000000
vt 0.141157 -0.006528 0.000000
vt 0.141216 -0.006970 0.000000
vt 0.040667 -0.005236 0.000000
vt -0.009667 -0.005236 0.000000
vt -0.009667 -0.002618 0.000000
vt -0.060000 -0.002618 0.000000
vt -0.060000 0.000000 0.000000
vt -0.009667 0.000000 0.000000
vt -0.060000 0.002618 0.000000
vt -0.009667 0.002618 0.000000
vt -0.060000 0.005236 0.000000
vt -0.009667 0.005236 0.000000
vt -0.060000 -0.005236 0.000000
vt -0.060000 -0.007854 0.000000
vt 0.141274 -0.007412 0.000000
vt 0.141333 -0.007854 0.000000
vt 0.040667 0.002618 0.000000
vt 0.040667 0.000000 0.000000
vt 0.040667 -0.002618 0.000000
vt -0.141685 -0.000010 0.000000
vt -0.141685 -1.924990 0.000000
vt -0.141239 -0.000000 0.000000
vt -0.141239 -1.925000 0.000000
vt -0.000000 -1.925000 0.000000
vt -0.142129 -1.924961 0.000000
vt -0.142129 -0.000039 0.000000
vt -0.142572 -1.924912 0.000000
vt -0.142572 -0.000088 0.000000
vt -0.000000 0.000000 0.000000
vt -0.140000 -0.621333 0.000000
vt 0.000000 -0.640000 0.000000
vt -0.140000 -0.018667 0.000000
vt -0.000000 0.000000 0.000000
vt -0.000000 0.000000 0.000000
vt 0.141239 0.000000 0.000000
vt 0.141239 1.925000 0.000000
vt 0.141685 0.000010 0.000000
vt 0.141685 1.924990 0.000000
vt 0.142129 0.000039 0.000000
vt 0.142129 1.924961 0.000000
vt 0.142572 0.000088 0.000000
vt 0.142572 1.924912 0.000000
vt 0.000000 1.925000 0.000000
vt -0.019659 0.007412 0.000000
vt -0.018660 0.005000 0.000000
vt -0.020000 0.010000 0.000000
vt -0.017071 0.002929 0.000000
vt -0.015000 0.001340 0.000000
vt -0.020000 0.060000 0.000000
vt -0.012588 0.000341 0.000000
vt -0.010000 0.000000 0.000000
vt -0.000000 0.000000 0.000000
vt 0.000000 0.060000 0.000000
vt -0.007412 0.000341 0.000000
vt -0.000000 0.060000 0.000000
vt -0.010000 -0.000000 0.000000
vt -0.020000 0.060000 0.000000
vt -0.020000 -0.000000 0.000000
vt -0.005000 0.001340 0.000000
vt 0.000000 0.010000 0.000000
vt -0.002929 0.002929 0.000000
vt -0.001340 0.005000 0.000000
vt -0.000341 0.007412 0.000000
vt 0.060000 -0.000000 0.000000
vt -0.000000 -0.000000 0.000000
vt 0.060000 -0.013659 0.000000
vt 0.000000 -0.013659 0.000000
vt 0.060000 -0.027318 0.000000
vt 0.000000 -0.027318 0.000000
vt 0.060000 -0.040977 0.000000
vt 0.000000 -0.040977 0.000000
vt 0.060000 -0.054636 0.000000
vt 0.000000 -0.054636 0.000000
vt 0.060000 -0.068295 0.000000
vt 0.000000 -0.068295 0.000000
vt 0.060000 -0.081955 0.000000
vt 0.000000 -0.081955 0.000000
vt 0.060000 -0.095614 0.000000
vt 0.000000 -0.095614 0.000000
vt 0.060000 -0.109273 0.000000
vt 0.000000 -0.109273 0.000000
vt 0.060000 -0.122932 0.000000
vt 0.000000 -0.122932 0.000000
vt 0.060000 -0.136591 0.000000
vt 0.000000 -0.136591 0.000000
vt 0.060000 -0.150250 0.000000
vt 0.000000 -0.150250 0.000000
vt 0.060000 -0.163909 0.000000
vt 0.000000 -0.163909 0.000000
vt 0.060000 -0.177568 0.000000
vt 0.000000 -0.177568 0.000000
vt 0.060000 -0.191227 0.000000
vt 0.000000 -0.191227 0.000000
vt 0.060000 -0.204886 0.000000
vt 0.000000 -0.204886 0.000000
vt 0.060000 -0.218546 0.000000
vt 0.000000 -0.218546 0.000000
vt 0.060000 -0.232205 0.000000
vt 0.000000 -0.232205 0.000000
vt 0.060000 -0.245864 0.000000
vt 0.000000 -0.245864 0.000000
vt 0.060000 -0.259523 0.000000
vt 0.000000 -0.259523 0.000000
vt 0.060000 -0.273182 0.000000
vt 0.000000 -0.273182 0.000000
vt 0.060000 -0.286841 0.000000
vt 0.000000 -0.286841 0.000000
vt 0.060000 -0.300500 0.000000
vt 0.000000 -0.300500 0.000000
vt 0.060000 -0.314159 0.000000
vt 0.000000 -0.314159 0.000000
vt 0.099069 -0.026383 0.000000
vt -0.099069 -0.026383 0.000000
vt 0.100000 -0.040000 0.000000
vt -0.100000 -0.040000 0.000000
vt 0.100000 -0.060000 0.000000
vt -0.100000 -0.060000 0.000000
vt -0.096292 -0.013020 0.000000
vt 0.096292 -0.013020 0.000000
vt -0.091721 -0.000160 0.000000
vt 0.091721 -0.000160 0.000000
vt -0.085442 0.011958 0.000000
vt 0.085442 0.011958 0.000000
vt -0.077571 0.023109 0.000000
vt 0.077571 0.023109 0.000000
vt -0.068255 0.033084 0.000000
vt 0.068255 0.033084 0.000000
vt -0.057668 0.041697 0.000000
vt 0.057668 0.041697 0.000000
vt -0.046007 0.048789 0.000000
vt 0.046007 0.048789 0.000000
vt -0.033488 0.054226 0.000000
vt 0.033488 0.054226 0.000000
vt -0.020346 0.057908 0.000000
vt 0.020346 0.057908 0.000000
vt -0.006824 0.059767 0.000000
vt 0.006824 0.059767 0.000000
vt 0.140000 0.420000 0.000000
vt 0.140000 0.621333 0.000000
vt 0.090000 0.420000 0.000000
vt -0.000000 0.640000 0.000000
vt -0.000000 0.000000 0.000000
vt 0.090000 0.220000 0.000000
vt 0.140000 0.018667 0.000000
vt 0.140000 0.220000 0.000000
vt 0.100000 0.952500 0.000000
vt 0.100000 0.942500 0.000000
vt 0.291245 0.952500 0.000000
vt 0.099069 0.928883 0.000000
vt 0.096292 0.915520 0.000000
vt 0.091721 0.902660 0.000000
vt 0.085442 0.890542 0.000000
vt 0.291245 -0.952500 0.000000
vt 0.077571 0.879391 0.000000
vt 0.068255 0.869416 0.000000
vt 0.057668 0.860803 0.000000
vt 0.046007 0.853711 0.000000
vt 0.033488 0.848274 0.000000
vt 0.020346 0.844592 0.000000
vt 0.006824 0.842733 0.000000
vt -0.006824 0.842733 0.000000
vt -0.291245 -0.952500 0.000000
vt -0.020346 0.844592 0.000000
vt -0.033488 0.848274 0.000000
vt -0.046007 0.853711 0.000000
vt -0.057668 0.860803 0.000000
vt -0.068255 0.869416 0.000000
vt -0.077571 0.879391 0.000000
vt -0.085442 0.890542 0.000000
vt -0.291245 0.952500 0.000000
vt -0.091721 0.902660 0.000000
vt -0.096292 0.915520 0.000000
vt -0.099069 0.928883 0.000000
vt -0.100000 0.942500 0.000000
vt -0.100000 0.952500 0.000000
vt 0.320000 0.962500 0.000000
vt -0.320000 0.962500 0.000000
vt 0.320000 -0.962500 0.000000
vt -0.320000 -0.962500 0.000000
vn -0.099123 -0.000000 0.013216
vn -0.099123 -0.000000 0.013216
vn -0.095162 -0.000000 0.030728
vn -0.093151 -0.000000 0.036372
vn -0.093151 -0.000000 0.036372
vn -0.081852 -0.000000 0.057448
vn -0.081852 -0.000000 0.057448
vn -0.065872 -0.000000 0.075238
vn -0.065872 -0.000000 0.075238
vn -0.046126 -0.000000 0.088726
vn -0.046126 -0.000000 0.088726
vn -0.023742 -0.000000 0.097141
vn -0.023742 -0.000000 0.097141
vn -0.000000 -0.000000 0.100000
vn -0.023742 -0.000000 0.097141
vn -0.023742 -0.000000 0.097141
vn -0.046126 -0.000000 0.088726
vn -0.046126 -0.000000 0.088726
vn -0.065872 -0.000000 0.075238
vn -0.065872 -0.000000 0.075238
vn -0.081852 -0.000000 0.057448
vn -0.081852 -0.000000 0.057448
vn -0.093151 -0.000000 0.036372
vn -0.093151 -0.000000 0.036372
vn -0.093151 -0.000000 0.036372
vn -0.093151 -0.000000 0.036372
vn -0.081852 -0.000000 0.057448
vn -0.081852 -0.000000 0.057448
vn -0.065872 -0.000000 0.075238
vn -0.065872 -0.000000 0.075238
vn -0.046126 -0.000000 0.088726
vn -0.046126 -0.000000 0.088726
vn -0.023742 -0.000000 0.097141
vn -0.035186 -0.000000 0.093605
vn -0.023742 -0.000000 0.097141
vn -0.023742 -0.000000 0.097141
vn -0.046126 -0.000000 0.088726
vn -0.046126 -0.000000 0.088726
vn -0.065872 -0.000000 0.075238
vn -0.065872 -0.000000 0.075238
vn -0.081852 -0.000000 0.057448
vn -0.095162 -0.000000 0.030728
vn -0.093151 -0.000000 0.036372
vn -0.093151 -0.000000 0.036372
vn -0.093151 -0.000000 0.036372
vn -0.081852 -0.000000 0.057448
vn -0.081852 -0.000000 0.057448
vn -0.065872 -0.000000 0.075238
vn -0.065872 -0.000000 0.075238
vn -0.046126 -0.000000 0.088726
vn -0.046126 -0.000000 0.088726
vn -0.023742 -0.000000 0.097141
vn -0.023742 -0.000000 0.097141
vn 0.000000 -0.000000 0.100000
vn -0.023742 -0.000000 0.097141
vn -0.023742 -0.000000 0.097141
vn -0.046126 -0.000000 0.088726
vn -0.046126 -0.000000 0.088726
vn -0.065872 -0.000000 0.075238
vn -0.065872 -0.000000 0.075238
vn -0.081852 -0.000000 0.057448
vn -0.081852 -0.000000 0.057448
vn -0.093151 -0.000000 0.036372
vn -0.093151 -0.000000 0.036372
vn -0.093151 -0.000000 0.036372
vn -0.093151 -0.000000 0.036372
vn -0.081852 -0.000000 0.057448
vn -0.081852 -0.000000 0.057448
vn -0.065872 -0.000000 0.075238
vn -0.065872 -0.000000 0.075238
vn -0.046126 -0.000000 0.088726
vn -0.046126 -0.000000 0.088726
vn -0.023742 -0.000000 0.097141
vn -0.023742 -0.000000 0.097141
vn -0.023742 -0.000000 0.097141
vn -0.023742 -0.000000 0.097141
vn -0.046126 -0.000000 0.088726
vn -0.046126 -0.000000 0.088726
vn -0.065872 -0.000000 0.075238
vn -0.065872 -0.000000 0.075238
vn -0.081852 -0.000000 0.057448
vn -0.081852 -0.000000 0.057448
vn -0.093151 -0.000000 0.036372
vn -0.093151 -0.000000 0.036372
vn -0.093151 -0.000000 0.036372
vn -0.093151 -0.000000 0.036372
vn -0.081852 -0.000000 0.057448
vn -0.081852 -0.000000 0.057448
vn -0.065872 -0.000000 0.075238
vn -0.065872 -0.000000 0.075238
vn -0.046126 -0.000000 0.088726
vn -0.046126 -0.000000 0.088726
vn -0.023742 -0.000000 0.097141
vn -0.023742 -0.000000 0.097141
vn -0.023742 -0.000000 0.097141
vn -0.023742 -0.000000 0.097141
vn -0.046126 -0.000000 0.088726
vn -0.046126 -0.000000 0.088726
vn -0.065872 -0.000000 0.075238
vn -0.065872 -0.000000 0.075238
vn -0.081852 -0.000000 0.057448
vn -0.081852 -0.000000 0.057448
vn -0.093151 -0.000000 0.036372
vn -0.088134 -0.000000 0.047249
vn -0.081852 -0.000000 0.057448
vn -0.081852 -0.000000 0.057448
vn -0.065872 -0.000000 0.075238
vn -0.065872 -0.000000 0.075238
vn -0.046126 -0.000000 0.088726
vn -0.046126 -0.000000 0.088726
vn -0.023742 -0.000000 0.097141
vn -0.023742 -0.000000 0.097141
vn -0.078264 -0.000000 0.062247
vn -0.065872 -0.000000 0.075238
vn -0.046126 -0.000000 0.088726
vn -0.023742 -0.000000 0.097141
vn -0.065872 -0.000000 0.075238
vn -0.051357 -0.000000 0.085805
vn -0.046126 -0.000000 0.088726
vn -0.035186 -0.000000 0.093605
vn -0.023742 -0.000000 0.097141
vn -0.023742 -0.000000 0.097141
vn -0.023742 -0.000000 0.097141
vn -0.023742 -0.000000 0.097141
vn -0.051357 -0.000000 0.085805
vn -0.065872 -0.000000 0.075238
vn -0.081852 -0.000000 0.057448
vn -0.093151 -0.000000 0.036372
vn -0.065872 -0.000000 0.075238
vn -0.078264 -0.000000 0.062247
vn -0.081852 -0.000000 0.057448
vn -0.088134 -0.000000 0.047249
vn -0.093151 -0.000000 0.036372
vn -0.093151 -0.000000 0.036372
vn -0.093151 -0.000000 0.036372
vn -0.093151 -0.000000 0.036372
vn -0.093151 -0.000000 0.036372
vn -0.081852 -0.000000 0.057448
vn -0.081852 -0.000000 0.057448
vn -0.065872 -0.000000 0.075238
vn -0.081852 -0.000000 0.057448
vn -0.093151 -0.000000 0.036372
vn -0.081852 -0.000000 0.057448
vn -0.065872 -0.000000 0.075238
vn -0.046126 -0.000000 0.088726
vn -0.023742 -0.000000 0.097141
vn -0.093151 -0.000000 0.036372
vn -0.093151 -0.000000 0.036372
vn -0.093151 -0.000000 0.036372
vn -0.081852 -0.000000 0.057448
vn -0.081852 -0.000000 0.057448
vn -0.065872 -0.000000 0.075238
vn -0.081852 -0.000000 0.057448
vn -0.093151 -0.000000 0.036372
vn -0.081852 -0.000000 0.057448
vn -0.065872 -0.000000 0.075238
vn -0.046126 -0.000000 0.088726
vn -0.093151 -0.000000 0.036372
vn -0.093151 -0.000000 0.036372
vn -0.093151 -0.000000 0.036372
vn -0.081852 -0.000000 0.057448
vn -0.081852 -0.000000 0.057448
vn -0.065872 -0.000000 0.075238
vn -0.081852 -0.000000 0.057448
vn -0.093151 -0.000000 0.036372
vn -0.093151 -0.000000 0.036372
vn -0.093151 -0.000000 0.036372
vn -0.093151 -0.000000 0.036372
vn -0.081852 -0.000000 0.057448
vn -0.081852 -0.000000 0.057448
vn -0.065872 -0.000000 0.075238
vn -0.081852 -0.000000 0.057448
vn -0.093151 -0.000000 0.036372
vn -0.065872 -0.000000 0.075238
vn -0.065872 -0.000000 0.075238
vn -0.046126 -0.000000 0.088726
vn -0.023742 -0.000000 0.097141
vn -0.065872 -0.000000 0.075238
vn -0.065872 -0.000000 0.075238
vn -0.046126 -0.000000 0.088726
vn -0.023742 -0.000000 0.097141
vn -0.065872 -0.000000 0.075238
vn -0.065872 -0.000000 0.075238
vn -0.046126 -0.000000 0.088726
vn -0.023742 -0.000000 0.097141
vn -0.065872 -0.000000 0.075238
vn -0.046126 -0.000000 0.088726
vn -0.046126 -0.000000 0.088726
vn -0.023742 -0.000000 0.097141
vn -0.046126 -0.000000 0.088726
vn -0.046126 -0.000000 0.088726
vn -0.046126 -0.000000 0.088726
vn -0.046126 -0.000000 0.088726
vn -0.023742 -0.000000 0.097141
vn -0.046126 -0.000000 0.088726
vn -0.046126 -0.000000 0.088726
vn -0.023742 -0.000000 0.097141
vn -0.023742 -0.000000 0.097141
vn -0.023742 -0.000000 0.097141
vn -0.023742 -0.000000 0.097141
vn -0.023742 -0.000000 0.097141
vn 0.000000 -0.100000 0.000000
vn 0.000000 -0.099902 0.004417
vn 0.000000 -0.100000 -0.000000
vn 0.000000 -0.099902 0.004417
vn 0.000000 -0.099610 0.008825
vn 0.000000 -0.099610 0.008825
vn 0.000000 -0.099123 0.013216
vn 0.000000 -0.096593 0.025882
vn 0.000000 -0.096593 0.025882
vn -0.000000 -0.086603 0.050000
vn -0.000000 -0.086603 0.050000
vn -0.000000 -0.070711 0.070711
vn -0.000000 -0.070711 0.070711
vn -0.000000 -0.050000 0.086603
vn -0.000000 -0.050000 0.086603
vn -0.000000 -0.025882 0.096593
vn -0.000000 -0.035186 0.093605
vn -0.000000 -0.025882 0.096593
vn -0.000000 -0.025882 0.096593
vn -0.000000 -0.050000 0.086603
vn -0.000000 -0.050000 0.086603
vn -0.000000 -0.070711 0.070711
vn -0.000000 -0.070711 0.070711
vn -0.000000 -0.086603 0.050000
vn -0.000000 -0.086603 0.050000
vn 0.000000 -0.096593 0.025882
vn 0.000000 -0.096593 0.025882
vn 0.000000 -0.096593 0.025882
vn 0.000000 -0.096593 0.025882
vn -0.000000 -0.086603 0.050000
vn -0.000000 -0.086603 0.050000
vn -0.000000 -0.070711 0.070711
vn -0.000000 -0.070711 0.070711
vn -0.000000 -0.050000 0.086603
vn -0.000000 -0.050000 0.086603
vn -0.000000 -0.025882 0.096593
vn -0.000000 -0.025882 0.096593
vn -0.000000 -0.000000 0.100000
vn -0.000000 -0.025882 0.096593
vn -0.000000 -0.035186 0.093605
vn -0.000000 -0.050000 0.086603
vn -0.000000 -0.051357 0.085805
vn -0.000000 -0.065872 0.075238
vn -0.000000 -0.070711 0.070711
vn -0.000000 -0.078264 0.062247
vn -0.000000 -0.086603 0.050000
vn -0.000000 -0.088134 0.047249
vn -0.000000 -0.095162 0.030728
vn 0.000000 -0.096593 0.025882
vn 0.000000 -0.099123 0.013216
vn -0.000000 -0.025882 0.096593
vn -0.000000 -0.025882 0.096593
vn -0.000000 -0.051357 0.085805
vn -0.000000 -0.065872 0.075238
vn -0.000000 -0.070711 0.070711
vn -0.000000 -0.078264 0.062247
vn -0.000000 -0.086603 0.050000
vn -0.000000 -0.088134 0.047249
vn -0.000000 -0.095162 0.030728
vn 0.000000 -0.096593 0.025882
vn 0.000000 -0.096593 0.025882
vn 0.000000 -0.096593 0.025882
vn -0.000000 -0.086603 0.050000
vn -0.000000 -0.086603 0.050000
vn -0.000000 -0.070711 0.070711
vn -0.000000 -0.050000 0.086603
vn -0.000000 -0.070711 0.070711
vn -0.000000 -0.050000 0.086603
vn -0.000000 -0.025882 0.096593
vn -0.000000 -0.050000 0.086603
vn -0.000000 -0.025882 0.096593
vn 0.099123 0.000000 0.013216
vn 0.099123 0.000000 0.013216
vn 0.095162 -0.000000 0.030728
vn 0.093151 -0.000000 0.036372
vn 0.093151 -0.000000 0.036372
vn 0.081852 -0.000000 0.057448
vn 0.081852 -0.000000 0.057448
vn 0.065872 -0.000000 0.075238
vn 0.065872 -0.000000 0.075238
vn 0.046126 -0.000000 0.088726
vn 0.046126 -0.000000 0.088726
vn 0.023742 -0.000000 0.097141
vn 0.023742 -0.000000 0.097141
vn 0.023742 -0.000000 0.097141
vn 0.023742 -0.000000 0.097141
vn 0.046126 -0.000000 0.088726
vn 0.046126 -0.000000 0.088726
vn 0.065872 -0.000000 0.075238
vn 0.065872 -0.000000 0.075238
vn 0.081852 -0.000000 0.057448
vn 0.081852 -0.000000 0.057448
vn 0.093151 -0.000000 0.036372
vn 0.093151 -0.000000 0.036372
vn 0.093151 -0.000000 0.036372
vn 0.093151 -0.000000 0.036372
vn 0.081852 -0.000000 0.057448
vn 0.081852 -0.000000 0.057448
vn 0.065872 -0.000000 0.075238
vn 0.065872 -0.000000 0.075238
vn 0.046126 -0.000000 0.088726
vn 0.046126 -0.000000 0.088726
vn 0.023742 -0.000000 0.097141
vn 0.035186 -0.000000 0.093605
vn 0.023742 -0.000000 0.097141
vn 0.023742 -0.000000 0.097141
vn 0.046126 -0.000000 0.088726
vn 0.046126 -0.000000 0.088726
vn 0.065872 -0.000000 0.075238
vn 0.065872 -0.000000 0.075238
vn 0.081852 -0.000000 0.057448
vn 0.095162 -0.000000 0.030728
vn 0.093151 -0.000000 0.036372
vn 0.093151 -0.000000 0.036372
vn 0.093151 -0.000000 0.036372
vn 0.081852 -0.000000 0.057448
vn 0.081852 -0.000000 0.057448
vn 0.065872 -0.000000 0.075238
vn 0.065872 -0.000000 0.075238
vn 0.046126 -0.000000 0.088726
vn 0.046126 -0.000000 0.088726
vn 0.023742 -0.000000 0.097141
vn 0.023742 -0.000000 0.097141
vn 0.000000 -0.000000 0.100000
vn 0.023742 -0.000000 0.097141
vn 0.023742 -0.000000 0.097141
vn 0.046126 -0.000000 0.088726
vn 0.046126 -0.000000 0.088726
vn 0.065872 -0.000000 0.075238
vn 0.065872 -0.000000 0.075238
vn 0.081852 -0.000000 0.057448
vn 0.081852 -0.000000 0.057448
vn 0.093151 -0.000000 0.036372
vn 0.093151 -0.000000 0.036372
vn 0.093151 -0.000000 0.036372
vn 0.093151 -0.000000 0.036372
vn 0.081852 -0.000000 0.057448
vn 0.081852 -0.000000 0.057448
vn 0.065872 -0.000000 0.075238
vn 0.065872 -0.000000 0.075238
vn 0.046126 -0.000000 0.088726
vn 0.046126 -0.000000 0.088726
vn 0.023742 -0.000000 0.097141
vn 0.023742 -0.000000 0.097141
vn 0.023742 -0.000000 0.097141
vn 0.023742 -0.000000 0.097141
vn 0.046126 -0.000000 0.088726
vn 0.046126 -0.000000 0.088726
vn 0.065872 -0.000000 0.075238
vn 0.065872 -0.000000 0.075238
vn 0.081852 -0.000000 0.057448
vn 0.081852 -0.000000 0.057448
vn 0.093151 -0.000000 0.036372
vn 0.093151 -0.000000 0.036372
vn 0.093151 -0.000000 0.036372
vn 0.093151 -0.000000 0.036372
vn 0.081852 -0.000000 0.057448
vn 0.081852 -0.000000 0.057448
vn 0.065872 -0.000000 0.075238
vn 0.065872 -0.000000 0.075238
vn 0.046126 -0.000000 0.088726
vn 0.046126 -0.000000 0.088726
vn 0.023742 -0.000000 0.097141
vn 0.023742 -0.000000 0.097141
vn 0.023742 -0.000000 0.097141
vn 0.023742 -0.000000 0.097141
vn 0.046126 -0.000000 0.088726
vn 0.046126 -0.000000 0.088726
vn 0.065872 -0.000000 0.075238
vn 0.065872 -0.000000 0.075238
vn 0.081852 -0.000000 0.057448
vn 0.081852 -0.000000 0.057448
vn 0.093151 -0.000000 0.036372
vn 0.088134 -0.000000 0.047249
vn 0.081852 -0.000000 0.057448
vn 0.081852 -0.000000 0.057448
vn 0.065872 -0.000000 0.075238
vn 0.065872 -0.000000 0.075238
vn 0.046126 -0.000000 0.088726
vn 0.046126 -0.000000 0.088726
vn 0.023742 -0.000000 0.097141
vn 0.023742 -0.000000 0.097141
vn 0.078264 -0.000000 0.062247
vn 0.065872 -0.000000 0.075238
vn 0.046126 -0.000000 0.088726
vn 0.023742 -0.000000 0.097141
vn 0.065872 -0.000000 0.075238
vn 0.051357 -0.000000 0.085805
vn 0.046126 -0.000000 0.088726
vn 0.035186 -0.000000 0.093605
vn 0.023742 -0.000000 0.097141
vn 0.023742 -0.000000 0.097141
vn 0.023742 -0.000000 0.097141
vn 0.023742 -0.000000 0.097141
vn 0.051357 -0.000000 0.085805
vn 0.065872 -0.000000 0.075238
vn 0.081852 -0.000000 0.057448
vn 0.093151 -0.000000 0.036372
vn 0.065872 -0.000000 0.075238
vn 0.078264 -0.000000 0.062247
vn 0.081852 -0.000000 0.057448
vn 0.088134 -0.000000 0.047249
vn 0.093151 -0.000000 0.036372
vn 0.093151 -0.000000 0.036372
vn 0.093151 -0.000000 0.036372
vn 0.093151 -0.000000 0.036372
vn 0.093151 -0.000000 0.036372
vn 0.081852 -0.000000 0.057448
vn 0.081852 -0.000000 0.057448
vn 0.065872 -0.000000 0.075238
vn 0.081852 -0.000000 0.057448
vn 0.093151 -0.000000 0.036372
vn 0.081852 -0.000000 0.057448
vn 0.065872 -0.000000 0.075238
vn 0.046126 -0.000000 0.088726
vn 0.023742 -0.000000 0.097141
vn 0.093151 -0.000000 0.036372
vn 0.093151 -0.000000 0.036372
vn 0.093151 -0.000000 0.036372
vn 0.081852 -0.000000 0.057448
vn 0.081852 -0.000000 0.057448
vn 0.065872 -0.000000 0.075238
vn 0.081852 -0.000000 0.057448
vn 0.093151 -0.000000 0.036372
vn 0.081852 -0.000000 0.057448
vn 0.065872 -0.000000 0.075238
vn 0.046126 -0.000000 0.088726
vn 0.093151 -0.000000 0.036372
vn 0.093151 -0.000000 0.036372
vn 0.093151 -0.000000 0.036372
vn 0.081852 -0.000000 0.057448
vn 0.081852 -0.000000 0.057448
vn 0.065872 -0.000000 0.075238
vn 0.081852 -0.000000 0.057448
vn 0.093151 -0.000000 0.036372
vn 0.093151 -0.000000 0.036372
vn 0.093151 -0.000000 0.036372
vn 0.093151 -0.000000 0.036372
vn 0.081852 -0.000000 0.057448
vn 0.081852 -0.000000 0.057448
vn 0.065872 -0.000000 0.075238
vn 0.081852 -0.000000 0.057448
vn 0.093151 -0.000000 0.036372
vn 0.065872 -0.000000 0.075238
vn 0.065872 -0.000000 0.075238
vn 0.046126 -0.000000 0.088726
vn 0.023742 -0.000000 0.097141
vn 0.065872 -0.000000 0.075238
vn 0.065872 -0.000000 0.075238
vn 0.046126 -0.000000 0.088726
vn 0.023742 -0.000000 0.097141
vn 0.065872 -0.000000 0.075238
vn 0.065872 -0.000000 0.075238
vn 0.046126 -0.000000 0.088726
vn 0.023742 -0.000000 0.097141
vn 0.065872 -0.000000 0.075238
vn 0.046126 -0.000000 0.088726
vn 0.046126 -0.000000 0.088726
vn 0.023742 -0.000000 0.097141
vn 0.046126 -0.000000 0.088726
vn 0.046126 -0.000000 0.088726
vn 0.046126 -0.000000 0.088726
vn 0.046126 -0.000000 0.088726
vn 0.023742 -0.000000 0.097141
vn 0.046126 -0.000000 0.088726
vn 0.046126 -0.000000 0.088726
vn 0.023742 -0.000000 0.097141
vn 0.023742 -0.000000 0.097141
vn 0.023742 -0.000000 0.097141
vn 0.023742 -0.000000 0.097141
vn 0.023742 -0.000000 0.097141
vn -0.000000 0.100000 0.000000
vn -0.000000 0.100000 0.000000
vn -0.000000 0.099902 0.004417
vn -0.000000 0.099610 0.008825
vn -0.000000 0.099123 0.013216
vn -0.000000 0.096593 0.025882
vn -0.000000 0.096593 0.025882
vn -0.000000 0.086603 0.050000
vn -0.000000 0.095162 0.030728
vn -0.000000 0.088134 0.047249
vn -0.000000 0.078264 0.062247
vn -0.000000 0.070711 0.070711
vn -0.000000 0.065872 0.075238
vn -0.000000 0.050000 0.086603
vn -0.000000 0.051357 0.085805
vn -0.000000 0.035186 0.093605
vn -0.000000 0.025882 0.096593
vn -0.000000 0.025882 0.096593
vn -0.000000 0.000000 0.100000
vn -0.000000 0.025882 0.096593
vn -0.000000 0.025882 0.096593
vn -0.000000 0.050000 0.086603
vn -0.000000 0.050000 0.086603
vn -0.000000 0.070711 0.070711
vn -0.000000 0.070711 0.070711
vn -0.000000 0.086603 0.050000
vn -0.000000 0.086603 0.050000
vn -0.000000 0.096593 0.025882
vn -0.000000 0.096593 0.025882
vn -0.000000 0.086603 0.050000
vn -0.000000 0.070711 0.070711
vn -0.000000 0.050000 0.086603
vn -0.000000 0.000000 0.100000
vn -0.000000 0.025882 0.096593
vn -0.000000 0.025882 0.096593
vn -0.000000 0.035186 0.093605
vn -0.000000 0.050000 0.086603
vn -0.000000 0.051357 0.085805
vn -0.000000 0.065872 0.075238
vn -0.000000 0.070711 0.070711
vn -0.000000 0.078264 0.062247
vn -0.000000 0.086603 0.050000
vn -0.000000 0.088134 0.047249
vn -0.000000 0.095162 0.030728
vn -0.000000 0.096593 0.025882
vn -0.000000 0.099123 0.013216
vn -0.000000 0.099610 0.008825
vn -0.000000 0.096593 0.025882
vn -0.000000 0.096593 0.025882
vn -0.000000 0.086603 0.050000
vn -0.000000 0.086603 0.050000
vn -0.000000 0.070711 0.070711
vn -0.000000 0.070711 0.070711
vn -0.000000 0.050000 0.086603
vn -0.000000 0.050000 0.086603
vn -0.000000 0.025882 0.096593
vn -0.000000 0.025882 0.096593
vn -0.000000 0.096593 0.025882
vn -0.000000 0.100000 0.000000
vn -0.000000 0.099902 0.004417
vn 0.000000 0.100000 -0.000000
vn -0.000000 0.050000 0.086603
vn -0.000000 0.070711 0.070711
vn -0.000000 0.086603 0.050000
vn 0.099123 0.000000 0.013216
vn 0.099123 0.000000 0.013216
vn 0.099123 0.000000 0.013216
vn 0.099123 0.000000 0.013216
vn 0.099123 0.000000 0.013216
vn 0.099123 0.000000 0.013216
vn 0.099123 0.000000 0.013216
vn 0.099123 0.000000 0.013216
vn 0.000000 -0.100000 0.000000
vn 0.000000 -0.100000 0.000000
vn -0.099123 -0.000000 0.013216
vn -0.099123 -0.000000 0.013216
vn -0.099123 -0.000000 0.013216
vn -0.099123 -0.000000 0.013216
vn -0.099123 -0.000000 0.013216
vn -0.099123 -0.000000 0.013216
vn -0.099123 -0.000000 0.013216
vn -0.099123 -0.000000 0.013216
vn 0.100000 -0.000000 0.000000
vn 0.100000 -0.000000 0.000000
vn 0.100000 -0.000000 0.000000
vn 0.100000 -0.000000 0.000000
vn 0.100000 -0.000000 0.000000
vn 0.100000 -0.000000 0.000000
vn 0.100000 -0.000000 0.000000
vn 0.100000 -0.000000 0.000000
vn 0.100000 -0.000000 0.000000
vn 0.100000 -0.000000 0.000000
vn -0.100000 0.000000 -0.000000
vn -0.100000 0.000000 -0.000000
vn -0.100000 0.000000 -0.000000
vn -0.100000 0.000000 -0.000000
vn -0.100000 0.000000 -0.000000
vn -0.100000 0.000000 -0.000000
vn -0.100000 0.000000 -0.000000
vn -0.100000 0.000000 -0.000000
vn -0.100000 0.000000 -0.000000
vn -0.100000 0.000000 -0.000000
vn 0.099069 0.013617 0.000000
vn 0.099069 0.013617 0.000000
vn 0.096292 0.026980 0.000000
vn 0.096292 0.026980 0.000000
vn 0.091721 0.039840 0.000000
vn 0.091721 0.039840 0.000000
vn 0.085442 0.051958 0.000000
vn 0.085442 0.051958 0.000000
vn 0.077571 0.063109 0.000000
vn 0.077571 0.063109 0.000000
vn 0.068255 0.073084 0.000000
vn 0.068255 0.073084 0.000000
vn 0.057668 0.081697 0.000000
vn 0.057668 0.081697 0.000000
vn 0.046007 0.088789 0.000000
vn 0.046007 0.088789 0.000000
vn 0.033488 0.094226 0.000000
vn 0.033488 0.094226 0.000000
vn 0.020346 0.097908 0.000000
vn 0.020346 0.097908 0.000000
vn 0.006824 0.099767 0.000000
vn 0.006824 0.099767 0.000000
vn -0.006824 0.099767 -0.000000
vn -0.006824 0.099767 -0.000000
vn -0.020346 0.097908 -0.000000
vn -0.020346 0.097908 -0.000000
vn -0.033488 0.094226 -0.000000
vn -0.033488 0.094226 -0.000000
vn -0.046007 0.088789 -0.000000
vn -0.046007 0.088789 -0.000000
vn -0.057668 0.081697 -0.000000
vn -0.057668 0.081697 -0.000000
vn -0.068255 0.073084 -0.000000
vn -0.068255 0.073084 -0.000000
vn -0.077571 0.063109 -0.000000
vn -0.077571 0.063109 -0.000000
vn -0.085442 0.051958 -0.000000
vn -0.085442 0.051958 -0.000000
vn -0.091721 0.039840 -0.000000
vn -0.091721 0.039840 -0.000000
vn -0.096292 0.026980 -0.000000
vn -0.096292 0.026980 -0.000000
vn -0.099069 0.013617 -0.000000
vn -0.099069 0.013617 -0.000000
vn -0.000000 -0.000000 0.100000
vn -0.000000 -0.000000 0.100000
vn -0.000000 -0.000000 0.100000
vn -0.000000 -0.000000 0.100000
vn -0.000000 -0.000000 0.100000
vn -0.000000 -0.000000 0.100000
vn -0.000000 -0.000000 0.100000
vn -0.000000 -0.000000 0.100000
vn -0.000000 -0.000000 0.100000
vn -0.000000 -0.000000 0.100000
vn -0.000000 -0.000000 0.100000
vn -0.000000 -0.000000 0.100000
vn -0.000000 -0.000000 0.100000
vn -0.000000 -0.000000 0.100000
vn -0.000000 -0.000000 0.100000
vn -0.000000 -0.000000 0.100000
vn -0.000000 -0.000000 0.100000
vn -0.000000 -0.000000 0.100000
vn -0.000000 -0.000000 0.100000
vn -0.000000 -0.000000 0.100000
vn -0.000000 -0.000000 0.100000
vn -0.000000 -0.000000 0.100000
vn -0.000000 -0.000000 0.100000
vn -0.000000 -0.000000 0.100000
vn -0.000000 -0.000000 0.100000
vn -0.000000 -0.000000 0.100000
vn 0.000000 0.100000 0.000000
vn 0.000000 0.100000 0.000000
vn 0.000000 0.100000 0.000000
vn 0.000000 0.100000 0.000000
vn -0.000000 -0.000000 0.100000
vn -0.000000 -0.000000 0.100000
vn -0.000000 -0.000000 0.100000
vn -0.000000 -0.000000 0.100000
vn -0.000000 -0.000000 0.100000
vn -0.000000 -0.000000 0.100000
vn -0.000000 -0.000000 0.100000
vn -0.000000 -0.000000 0.100000
vn -0.000000 -0.000000 0.100000
vn -0.000000 -0.000000 0.100000
vn -0.000000 -0.000000 0.100000
vn -0.000000 -0.000000 0.100000
vn -0.000000 -0.000000 0.100000
vn -0.000000 -0.000000 0.100000
vn -0.000000 -0.000000 0.100000
vn -0.000000 -0.000000 0.100000
vn -0.000000 -0.000000 0.100000
vn -0.000000 -0.000000 0.100000
vn -0.000000 -0.000000 0.100000
vn -0.000000 -0.000000 0.100000
vn -0.000000 -0.000000 0.100000
vn -0.000000 -0.000000 0.100000
vn -0.000000 -0.000000 0.100000
vn -0.000000 -0.000000 0.100000
vn 0.000000 0.000000 -0.100000
vn 0.000000 0.000000 -0.100000
vn 0.000000 0.000000 -0.100000
vn 0.000000 0.000000 -0.100000
f 527/607/591 528/608/592 542/609/593
f 542/609/593 528/608/592 567/610/594
f 542/609/593 567/610/594 568/611/595
f 568/611/595 567/610/594 605/612/596
f 568/611/595 605/612/596 606/613/597
f 606/613/597 605/612/596 643/614/598
f 606/613/597 643/614/598 644/615/599
f 644/615/599 643/614/598 681/616/600
f 644/615/599 681/616/600 682/617/601
f 682/617/601 681/616/600 719/618/602
f 682/617/601 719/618/602 720/619/603
f 720/619/603 719/618/602 536/620/604
f 720/619/603 536/620/604 721/621/605
f 721/621/605 536/620/604 722/622/606
f 721/621/605 722/622/606 684/623/607
f 684/623/607 722/622/606 685/624/608
f 684/623/607 685/624/608 647/625/609
f 647/625/609 685/624/608 648/626/610
f 647/625/609 648/626/610 610/627/611
f 610/627/611 648/626/610 611/628/612
f 610/627/611 611/628/612 573/629/613
f 573/629/613 611/628/612 574/630/614
f 573/629/613 574/630/614 542/609/593
f 542/609/593 574/630/614 575/631/615
f 542/609/593 575/631/615 576/632/616
f 576/632/616 575/631/615 613/633/617
f 576/632/616 613/633/617 614/634/618
f 614/634/618 613/633/617 651/635/619
f 614/634/618 651/635/619 652/636/620
f 652/636/620 651/635/619 689/637/621
f 652/636/620 689/637/621 690/638/622
f 690/638/622 689/637/621 727/639/623
f 690/638/622 727/639/623 537/640/624
f 537/640/624 727/639/623 536/620/604
f 536/620/604 727/639/623 726/641/625
f 536/620/604 726/641/625 725/642/626
f 725/642/626 726/641/625 688/643/627
f 725/642/626 688/643/627 687/644/628
f 687/644/628 688/643/627 650/645/629
f 687/644/628 650/645/629 649/646/630
f 649/646/630 650/645/629 612/647/631
f 649/646/630 612/647/631 611/628/612
f 611/628/612 612/647/631 574/630/614
f 529/648/632 543/649/633 528/608/592
f 528/608/592 543/649/633 544/650/634
f 528/608/592 544/650/634 545/651/635
f 545/651/635 544/650/634 582/652/636
f 545/651/635 582/652/636 583/653/637
f 583/653/637 582/652/636 620/654/638
f 583/653/637 620/654/638 621/655/639
f 621/655/639 620/654/638 658/656/640
f 621/655/639 658/656/640 659/657/641
f 659/657/641 658/656/640 696/658/642
f 659/657/641 696/658/642 697/659/643
f 697/659/643 696/658/642 535/660/644
f 697/659/643 535/660/644 698/661/645
f 698/661/645 535/660/644 699/662/646
f 698/661/645 699/662/646 661/663/647
f 661/663/647 699/662/646 662/664/648
f 661/663/647 662/664/648 624/665/649
f 624/665/649 662/664/648 625/666/650
f 624/665/649 625/666/650 587/667/651
f 587/667/651 625/666/650 588/668/652
f 587/667/651 588/668/652 550/669/653
f 550/669/653 588/668/652 551/670/654
f 550/669/653 551/670/654 528/608/592
f 528/608/592 551/670/654 552/671/655
f 528/608/592 552/671/655 553/672/656
f 553/672/656 552/671/655 590/673/657
f 553/672/656 590/673/657 591/674/658
f 591/674/658 590/673/657 628/675/659
f 591/674/658 628/675/659 629/676/660
f 629/676/660 628/675/659 666/677/661
f 629/676/660 666/677/661 667/678/662
f 667/678/662 666/677/661 704/679/663
f 667/678/662 704/679/663 705/680/664
f 705/680/664 704/679/663 535/660/644
f 705/680/664 535/660/644 706/681/665
f 706/681/665 535/660/644 707/682/666
f 706/681/665 707/682/666 669/683/667
f 669/683/667 707/682/666 670/684/668
f 669/683/667 670/684/668 632/685/669
f 632/685/669 670/684/668 633/686/670
f 632/685/669 633/686/670 595/687/671
f 595/687/671 633/686/670 596/688/672
f 595/687/671 596/688/672 558/689/673
f 558/689/673 596/688/672 559/690/674
f 558/689/673 559/690/674 528/608/592
f 528/608/592 559/690/674 560/691/675
f 528/608/592 560/691/675 561/692/676
f 561/692/676 560/691/675 598/693/677
f 561/692/676 598/693/677 599/694/678
f 599/694/678 598/693/677 636/695/679
f 599/694/678 636/695/679 637/696/680
f 637/696/680 636/695/679 674/697/681
f 637/696/680 674/697/681 675/698/682
f 675/698/682 674/697/681 712/699/683
f 675/698/682 712/699/683 713/700/684
f 713/700/684 712/699/683 536/620/604
f 713/700/684 536/620/604 714/701/685
f 714/701/685 536/620/604 715/702/686
f 714/701/685 715/702/686 677/703/687
f 677/703/687 715/702/686 678/704/688
f 677/703/687 678/704/688 640/705/689
f 640/705/689 678/704/688 641/706/690
f 640/705/689 641/706/690 603/707/691
f 603/707/691 641/706/690 604/708/692
f 603/707/691 604/708/692 566/709/693
f 566/709/693 604/708/692 567/610/594
f 566/709/693 567/610/594 528/608/592
f 529/648/632 530/710/694 543/649/633
f 543/649/633 530/710/694 580/711/695
f 543/649/633 580/711/695 581/712/696
f 581/712/696 580/711/695 618/713/697
f 581/712/696 618/713/697 619/714/698
f 619/714/698 618/713/697 656/715/699
f 619/714/698 656/715/699 657/716/700
f 657/716/700 656/715/699 694/717/701
f 657/716/700 694/717/701 695/718/702
f 695/718/702 694/717/701 535/660/644
f 695/718/702 535/660/644 696/658/642
f 530/710/694 531/719/703 580/711/695
f 580/711/695 531/719/703 617/720/704
f 580/711/695 617/720/704 618/713/697
f 618/713/697 617/720/704 655/721/705
f 618/713/697 655/721/705 656/715/699
f 656/715/699 655/721/705 693/722/706
f 656/715/699 693/722/706 694/717/701
f 694/717/701 693/722/706 535/660/644
f 531/719/703 532/723/707 617/720/704
f 617/720/704 532/723/707 533/724/708
f 617/720/704 533/724/708 654/725/709
f 654/725/709 533/724/708 534/726/710
f 654/725/709 534/726/710 691/727/711
f 691/727/711 534/726/710 535/660/644
f 691/727/711 535/660/644 692/728/712
f 692/728/712 535/660/644 693/722/706
f 692/728/712 693/722/706 655/721/705
f 536/620/604 709/729/713 535/660/644
f 535/660/644 709/729/713 708/730/714
f 535/660/644 708/730/714 707/682/666
f 707/682/666 708/730/714 670/684/668
f 537/640/624 538/731/715 690/638/622
f 690/638/622 538/731/715 653/732/716
f 690/638/622 653/732/716 652/636/620
f 652/636/620 653/732/716 615/733/717
f 652/636/620 615/733/717 614/634/618
f 614/634/618 615/733/717 577/734/718
f 614/634/618 577/734/718 576/632/616
f 576/632/616 577/734/718 542/609/593
f 538/731/715 539/735/719 653/732/716
f 653/732/716 539/735/719 540/736/720
f 653/732/716 540/736/720 616/737/721
f 616/737/721 540/736/720 541/738/722
f 616/737/721 541/738/722 579/739/723
f 579/739/723 541/738/722 542/609/593
f 579/739/723 542/609/593 578/740/724
f 578/740/724 542/609/593 577/734/718
f 578/740/724 577/734/718 615/733/717
f 582/652/636 544/650/634 581/712/696
f 581/712/696 544/650/634 543/649/633
f 545/651/635 546/741/725 528/608/592
f 528/608/592 546/741/725 547/742/726
f 528/608/592 547/742/726 548/743/727
f 548/743/727 547/742/726 585/744/728
f 548/743/727 585/744/728 586/745/729
f 586/745/729 585/744/728 623/746/730
f 586/745/729 623/746/730 624/665/649
f 624/665/649 623/746/730 661/663/647
f 545/651/635 583/653/637 546/741/725
f 546/741/725 583/653/637 584/747/731
f 546/741/725 584/747/731 547/742/726
f 547/742/726 584/747/731 585/744/728
f 550/669/653 528/608/592 549/748/732
f 549/748/732 528/608/592 548/743/727
f 549/748/732 548/743/727 586/745/729
f 587/667/651 550/669/653 549/748/732
f 587/667/651 549/748/732 586/745/729
f 552/671/655 551/670/654 589/749/733
f 589/749/733 551/670/654 588/668/652
f 589/749/733 588/668/652 626/750/734
f 626/750/734 588/668/652 625/666/650
f 626/750/734 625/666/650 663/751/735
f 663/751/735 625/666/650 662/664/648
f 663/751/735 662/664/648 700/752/736
f 700/752/736 662/664/648 699/662/646
f 700/752/736 699/662/646 535/660/644
f 553/672/656 554/753/737 528/608/592
f 528/608/592 554/753/737 555/754/738
f 528/608/592 555/754/738 556/755/739
f 556/755/739 555/754/738 593/756/740
f 556/755/739 593/756/740 594/757/741
f 594/757/741 593/756/740 631/758/742
f 594/757/741 631/758/742 632/685/669
f 632/685/669 631/758/742 669/683/667
f 553/672/656 591/674/658 554/753/737
f 554/753/737 591/674/658 592/759/743
f 554/753/737 592/759/743 555/754/738
f 555/754/738 592/759/743 593/756/740
f 558/689/673 528/608/592 557/760/744
f 557/760/744 528/608/592 556/755/739
f 557/760/744 556/755/739 594/757/741
f 595/687/671 558/689/673 557/760/744
f 595/687/671 557/760/744 594/757/741
f 560/691/675 559/690/674 597/761/745
f 597/761/745 559/690/674 596/688/672
f 597/761/745 596/688/672 634/762/746
f 634/762/746 596/688/672 633/686/670
f 634/762/746 633/686/670 671/763/747
f 671/763/747 633/686/670 670/684/668
f 671/763/747 670/684/668 708/730/714
f 561/692/676 562/764/748 528/608/592
f 528/608/592 562/764/748 563/765/749
f 528/608/592 563/765/749 564/766/750
f 564/766/750 563/765/749 601/767/751
f 564/766/750 601/767/751 602/768/752
f 602/768/752 601/767/751 639/769/753
f 602/768/752 639/769/753 640/705/689
f 640/705/689 639/769/753 677/703/687
f 561/692/676 599/694/678 562/764/748
f 562/764/748 599/694/678 600/770/754
f 562/764/748 600/770/754 563/765/749
f 563/765/749 600/770/754 601/767/751
f 566/709/693 528/608/592 565/771/755
f 565/771/755 528/608/592 564/766/750
f 565/771/755 564/766/750 602/768/752
f 603/707/691 566/709/693 565/771/755
f 603/707/691 565/771/755 602/768/752
f 605/612/596 567/610/594 604/708/692
f 568/611/595 569/772/756 542/609/593
f 542/609/593 569/772/756 570/773/757
f 542/609/593 570/773/757 571/774/758
f 571/774/758 570/773/757 608/775/759
f 571/774/758 608/775/759 609/776/760
f 609/776/760 608/775/759 646/777/761
f 609/776/760 646/777/761 647/625/609
f 647/625/609 646/777/761 684/623/607
f 568/611/595 606/613/597 569/772/756
f 569/772/756 606/613/597 607/778/762
f 569/772/756 607/778/762 570/773/757
f 570/773/757 607/778/762 608/775/759
f 573/629/613 542/609/593 572/779/763
f 572/779/763 542/609/593 571/774/758
f 572/779/763 571/774/758 609/776/760
f 610/627/611 573/629/613 572/779/763
f 610/627/611 572/779/763 609/776/760
f 613/633/617 575/631/615 612/647/631
f 612/647/631 575/631/615 574/630/614
f 616/737/721 579/739/723 578/740/724
f 616/737/721 578/740/724 615/733/717
f 620/654/638 582/652/636 619/714/698
f 619/714/698 582/652/636 581/712/696
f 583/653/637 621/655/639 584/747/731
f 584/747/731 621/655/639 622/780/764
f 584/747/731 622/780/764 585/744/728
f 585/744/728 622/780/764 623/746/730
f 624/665/649 587/667/651 586/745/729
f 552/671/655 589/749/733 590/673/657
f 590/673/657 589/749/733 627/781/765
f 590/673/657 627/781/765 628/675/659
f 628/675/659 627/781/765 665/782/766
f 628/675/659 665/782/766 666/677/661
f 666/677/661 665/782/766 703/783/767
f 666/677/661 703/783/767 704/679/663
f 704/679/663 703/783/767 535/660/644
f 627/781/765 589/749/733 626/750/734
f 591/674/658 629/676/660 592/759/743
f 592/759/743 629/676/660 630/784/768
f 592/759/743 630/784/768 593/756/740
f 593/756/740 630/784/768 631/758/742
f 632/685/669 595/687/671 594/757/741
f 560/691/675 597/761/745 598/693/677
f 598/693/677 597/761/745 635/785/769
f 598/693/677 635/785/769 636/695/679
f 636/695/679 635/785/769 673/786/770
f 636/695/679 673/786/770 674/697/681
f 674/697/681 673/786/770 711/787/771
f 674/697/681 711/787/771 712/699/683
f 712/699/683 711/787/771 536/620/604
f 635/785/769 597/761/745 634/762/746
f 599/694/678 637/696/680 600/770/754
f 600/770/754 637/696/680 638/788/772
f 600/770/754 638/788/772 601/767/751
f 601/767/751 638/788/772 639/769/753
f 640/705/689 603/707/691 602/768/752
f 605/612/596 604/708/692 642/789/773
f 642/789/773 604/708/692 641/706/690
f 642/789/773 641/706/690 679/790/774
f 679/790/774 641/706/690 678/704/688
f 679/790/774 678/704/688 716/791/775
f 716/791/775 678/704/688 715/702/686
f 716/791/775 715/702/686 536/620/604
f 606/613/597 644/615/599 607/778/762
f 607/778/762 644/615/599 645/792/776
f 607/778/762 645/792/776 608/775/759
f 608/775/759 645/792/776 646/777/761
f 647/625/609 610/627/611 609/776/760
f 649/646/630 611/628/612 648/626/610
f 651/635/619 613/633/617 650/645/629
f 650/645/629 613/633/617 612/647/631
f 653/732/716 616/737/721 615/733/717
f 658/656/640 620/654/638 657/716/700
f 657/716/700 620/654/638 619/714/698
f 621/655/639 659/657/641 622/780/764
f 622/780/764 659/657/641 660/793/777
f 622/780/764 660/793/777 623/746/730
f 623/746/730 660/793/777 661/663/647
f 627/781/765 626/750/734 664/794/778
f 664/794/778 626/750/734 663/751/735
f 664/794/778 663/751/735 701/795/779
f 701/795/779 663/751/735 700/752/736
f 701/795/779 700/752/736 535/660/644
f 629/676/660 667/678/662 630/784/768
f 630/784/768 667/678/662 668/796/780
f 630/784/768 668/796/780 631/758/742
f 631/758/742 668/796/780 669/683/667
f 635/785/769 634/762/746 672/797/781
f 672/797/781 634/762/746 671/763/747
f 672/797/781 671/763/747 709/729/713
f 709/729/713 671/763/747 708/730/714
f 637/696/680 675/698/682 638/788/772
f 638/788/772 675/698/682 676/798/782
f 638/788/772 676/798/782 639/769/753
f 639/769/753 676/798/782 677/703/687
f 605/612/596 642/789/773 643/614/598
f 643/614/598 642/789/773 680/799/783
f 643/614/598 680/799/783 681/616/600
f 681/616/600 680/799/783 718/800/784
f 681/616/600 718/800/784 719/618/602
f 719/618/602 718/800/784 536/620/604
f 680/799/783 642/789/773 679/790/774
f 644/615/599 682/617/601 645/792/776
f 645/792/776 682/617/601 683/801/785
f 645/792/776 683/801/785 646/777/761
f 646/777/761 683/801/785 684/623/607
f 649/646/630 648/626/610 686/802/786
f 686/802/786 648/626/610 685/624/608
f 686/802/786 685/624/608 723/803/787
f 723/803/787 685/624/608 722/622/606
f 723/803/787 722/622/606 536/620/604
f 689/637/621 651/635/619 688/643/627
f 688/643/627 651/635/619 650/645/629
f 692/728/712 655/721/705 654/725/709
f 654/725/709 655/721/705 617/720/704
f 691/727/711 692/728/712 654/725/709
f 696/658/642 658/656/640 695/718/702
f 695/718/702 658/656/640 657/716/700
f 698/661/645 661/663/647 660/793/777
f 698/661/645 660/793/777 697/659/643
f 697/659/643 660/793/777 659/657/641
f 627/781/765 664/794/778 665/782/766
f 665/782/766 664/794/778 702/804/788
f 665/782/766 702/804/788 703/783/767
f 703/783/767 702/804/788 535/660/644
f 702/804/788 664/794/778 701/795/779
f 706/681/665 669/683/667 668/796/780
f 706/681/665 668/796/780 705/680/664
f 705/680/664 668/796/780 667/678/662
f 635/785/769 672/797/781 673/786/770
f 673/786/770 672/797/781 710/805/789
f 673/786/770 710/805/789 711/787/771
f 711/787/771 710/805/789 536/620/604
f 710/805/789 672/797/781 709/729/713
f 714/701/685 677/703/687 676/798/782
f 714/701/685 676/798/782 713/700/684
f 713/700/684 676/798/782 675/698/682
f 680/799/783 679/790/774 717/806/790
f 717/806/790 679/790/774 716/791/775
f 717/806/790 716/791/775 536/620/604
f 721/621/605 684/623/607 683/801/785
f 721/621/605 683/801/785 720/619/603
f 720/619/603 683/801/785 682/617/601
f 649/646/630 686/802/786 687/644/628
f 687/644/628 686/802/786 724/807/791
f 687/644/628 724/807/791 725/642/626
f 725/642/626 724/807/791 536/620/604
f 724/807/791 686/802/786 723/803/787
f 727/639/623 689/637/621 726/641/625
f 726/641/625 689/637/621 688/643/627
f 535/660/644 702/804/788 701/795/779
f 536/620/604 710/805/789 709/729/713
f 536/620/604 718/800/784 717/806/790
f 717/806/790 718/800/784 680/799/783
f 536/620/604 724/807/791 723/803/787
f 729/808/792 730/809/793 728/810/794
f 728/810/794 730/809/793 741/811/795
f 741/811/795 730/809/793 731/812/796
f 741/811/795 731/812/796 740/813/797
f 740/813/797 731/812/796 528/814/798
f 528/814/798 731/812/796 747/815/799
f 528/814/798 747/815/799 748/816/800
f 748/816/800 747/815/799 758/817/801
f 748/816/800 758/817/801 759/818/802
f 759/818/802 758/817/801 769/819/803
f 759/818/802 769/819/803 770/820/804
f 770/820/804 769/819/803 780/821/805
f 770/820/804 780/821/805 781/822/806
f 781/822/806 780/821/805 791/823/807
f 781/822/806 791/823/807 534/824/808
f 534/824/808 791/823/807 535/825/644
f 535/825/644 791/823/807 790/826/809
f 535/825/644 790/826/809 789/827/810
f 789/827/810 790/826/809 779/828/811
f 789/827/810 779/828/811 778/829/812
f 778/829/812 779/828/811 768/830/813
f 778/829/812 768/830/813 767/831/814
f 767/831/814 768/830/813 757/832/815
f 767/831/814 757/832/815 756/833/816
f 756/833/816 757/832/815 746/834/817
f 756/833/816 746/834/817 745/835/818
f 745/835/818 746/834/817 731/812/796
f 745/835/818 731/812/796 744/836/819
f 744/836/819 731/812/796 743/837/820
f 744/836/819 743/837/820 754/838/821
f 754/838/821 743/837/820 753/839/822
f 754/838/821 753/839/822 764/840/823
f 764/840/823 753/839/822 763/841/824
f 764/840/823 763/841/824 774/842/825
f 774/842/825 763/841/824 773/843/826
f 774/842/825 773/843/826 784/844/827
f 784/844/827 773/843/826 783/845/828
f 784/844/827 783/845/828 739/846/829
f 739/846/829 783/845/828 782/847/830
f 739/846/829 782/847/830 738/848/831
f 738/848/831 782/847/830 772/849/832
f 738/848/831 772/849/832 737/850/833
f 737/850/833 772/849/832 736/851/834
f 736/851/834 772/849/832 762/852/835
f 736/851/834 762/852/835 735/853/836
f 735/853/836 762/852/835 752/854/837
f 735/853/836 752/854/837 734/855/838
f 734/855/838 752/854/837 733/856/839
f 733/856/839 752/854/837 742/857/840
f 733/856/839 742/857/840 732/858/841
f 732/858/841 742/857/840 731/812/796
f 731/812/796 742/857/840 743/837/820
f 535/825/644 786/859/842 739/846/829
f 739/846/829 786/859/842 785/860/843
f 739/846/829 785/860/843 784/844/827
f 784/844/827 785/860/843 774/842/825
f 534/824/808 533/861/844 781/822/806
f 781/822/806 533/861/844 532/862/845
f 781/822/806 532/862/845 771/863/846
f 771/863/846 532/862/845 531/864/847
f 771/863/846 531/864/847 761/865/848
f 761/865/848 531/864/847 530/866/849
f 761/865/848 530/866/849 529/867/850
f 761/865/848 529/867/850 751/868/851
f 751/868/851 529/867/850 528/814/798
f 751/868/851 528/814/798 750/869/852
f 750/869/852 528/814/798 749/870/853
f 750/869/852 749/870/853 760/871/854
f 760/871/854 749/870/853 759/818/802
f 760/871/854 759/818/802 770/820/804
f 753/839/822 743/837/820 742/857/840
f 747/815/799 731/812/796 746/834/817
f 745/835/818 744/836/819 755/872/855
f 755/872/855 744/836/819 754/838/821
f 755/872/855 754/838/821 765/873/856
f 765/873/856 754/838/821 764/840/823
f 765/873/856 764/840/823 775/874/857
f 775/874/857 764/840/823 774/842/825
f 775/874/857 774/842/825 785/860/843
f 749/870/853 528/814/798 748/816/800
f 758/817/801 747/815/799 757/832/815
f 757/832/815 747/815/799 746/834/817
f 759/818/802 749/870/853 748/816/800
f 761/865/848 751/868/851 750/869/852
f 761/865/848 750/869/852 760/871/854
f 763/841/824 753/839/822 752/854/837
f 752/854/837 753/839/822 742/857/840
f 745/835/818 755/872/855 756/833/816
f 756/833/816 755/872/855 766/875/858
f 756/833/816 766/875/858 767/831/814
f 767/831/814 766/875/858 777/876/859
f 767/831/814 777/876/859 778/829/812
f 778/829/812 777/876/859 788/877/860
f 778/829/812 788/877/860 789/827/810
f 789/827/810 788/877/860 535/825/644
f 766/875/858 755/872/855 765/873/856
f 769/819/803 758/817/801 768/830/813
f 768/830/813 758/817/801 757/832/815
f 771/863/846 761/865/848 760/871/854
f 771/863/846 760/871/854 770/820/804
f 773/843/826 763/841/824 762/852/835
f 762/852/835 763/841/824 752/854/837
f 766/875/858 765/873/856 776/878/861
f 776/878/861 765/873/856 775/874/857
f 776/878/861 775/874/857 786/859/842
f 786/859/842 775/874/857 785/860/843
f 780/821/805 769/819/803 779/828/811
f 779/828/811 769/819/803 768/830/813
f 781/822/806 771/863/846 770/820/804
f 783/845/828 773/843/826 772/849/832
f 772/849/832 773/843/826 762/852/835
f 782/847/830 783/845/828 772/849/832
f 766/875/858 776/878/861 777/876/859
f 777/876/859 776/878/861 787/879/862
f 777/876/859 787/879/862 788/877/860
f 788/877/860 787/879/862 535/825/644
f 787/879/862 776/878/861 786/859/842
f 791/823/807 780/821/805 790/826/809
f 790/826/809 780/821/805 779/828/811
f 535/825/644 787/879/862 786/859/842
f 732/880/863 792/881/864 733/882/865
f 733/882/865 792/881/864 824/883/866
f 733/882/865 824/883/866 825/884/867
f 825/884/867 824/883/866 862/885/868
f 825/884/867 862/885/868 863/886/869
f 863/886/869 862/885/868 900/887/870
f 863/886/869 900/887/870 901/888/871
f 901/888/871 900/887/870 938/889/872
f 901/888/871 938/889/872 939/890/873
f 939/890/873 938/889/872 976/891/874
f 939/890/873 976/891/874 977/892/875
f 977/892/875 976/891/874 739/893/829
f 977/892/875 739/893/829 978/894/876
f 978/894/876 739/893/829 979/895/877
f 978/894/876 979/895/877 941/896/878
f 941/896/878 979/895/877 942/897/879
f 941/896/878 942/897/879 904/898/880
f 904/898/880 942/897/879 905/899/881
f 904/898/880 905/899/881 867/900/882
f 867/900/882 905/899/881 868/901/883
f 867/900/882 868/901/883 830/902/884
f 830/902/884 868/901/883 831/903/885
f 830/902/884 831/903/885 733/882/865
f 733/882/865 831/903/885 832/904/886
f 733/882/865 832/904/886 833/905/887
f 833/905/887 832/904/886 870/906/888
f 833/905/887 870/906/888 871/907/889
f 871/907/889 870/906/888 908/908/890
f 871/907/889 908/908/890 909/909/891
f 909/909/891 908/908/890 946/910/892
f 909/909/891 946/910/892 947/911/893
f 947/911/893 946/910/892 984/912/894
f 947/911/893 984/912/894 738/913/895
f 738/913/895 984/912/894 739/893/829
f 739/893/829 984/912/894 983/914/896
f 739/893/829 983/914/896 982/915/897
f 982/915/897 983/914/896 945/916/898
f 982/915/897 945/916/898 944/917/899
f 944/917/899 945/916/898 907/918/900
f 944/917/899 907/918/900 906/919/901
f 906/919/901 907/918/900 869/920/902
f 906/919/901 869/920/902 868/901/883
f 868/901/883 869/920/902 831/903/885
f 793/921/903 800/922/904 792/881/864
f 792/881/864 800/922/904 801/923/905
f 792/881/864 801/923/905 802/924/906
f 802/924/906 801/923/905 839/925/907
f 802/924/906 839/925/907 840/926/908
f 840/926/908 839/925/907 877/927/909
f 840/926/908 877/927/909 878/928/910
f 878/928/910 877/927/909 915/929/911
f 878/928/910 915/929/911 916/930/912
f 916/930/912 915/929/911 953/931/913
f 916/930/912 953/931/913 954/932/914
f 954/932/914 953/931/913 799/933/915
f 954/932/914 799/933/915 955/934/916
f 955/934/916 799/933/915 956/935/917
f 955/934/916 956/935/917 918/936/918
f 918/936/918 956/935/917 919/937/919
f 918/936/918 919/937/919 881/938/920
f 881/938/920 919/937/919 882/939/921
f 881/938/920 882/939/921 844/940/922
f 844/940/922 882/939/921 845/941/923
f 844/940/922 845/941/923 807/942/924
f 807/942/924 845/941/923 808/943/925
f 807/942/924 808/943/925 792/881/864
f 792/881/864 808/943/925 809/944/926
f 792/881/864 809/944/926 810/945/927
f 810/945/927 809/944/926 847/946/928
f 810/945/927 847/946/928 848/947/929
f 848/947/929 847/946/928 885/948/930
f 848/947/929 885/948/930 886/949/931
f 886/949/931 885/948/930 923/950/932
f 886/949/931 923/950/932 924/951/933
f 924/951/933 923/950/932 961/952/934
f 924/951/933 961/952/934 962/953/935
f 962/953/935 961/952/934 799/933/915
f 962/953/935 799/933/915 963/954/936
f 963/954/936 799/933/915 964/955/937
f 963/954/936 964/955/937 926/956/938
f 926/956/938 964/955/937 927/957/939
f 926/956/938 927/957/939 889/958/940
f 889/958/940 927/957/939 890/959/941
f 889/958/940 890/959/941 852/960/942
f 852/960/942 890/959/941 853/961/943
f 852/960/942 853/961/943 815/962/944
f 815/962/944 853/961/943 816/963/945
f 815/962/944 816/963/945 792/881/864
f 792/881/864 816/963/945 817/964/946
f 792/881/864 817/964/946 818/965/947
f 818/965/947 817/964/946 855/966/948
f 818/965/947 855/966/948 856/967/949
f 856/967/949 855/966/948 893/968/950
f 856/967/949 893/968/950 894/969/951
f 894/969/951 893/968/950 931/970/952
f 894/969/951 931/970/952 932/971/953
f 932/971/953 931/970/952 969/972/954
f 932/971/953 969/972/954 970/973/955
f 970/973/955 969/972/954 739/893/829
f 970/973/955 739/893/829 971/974/956
f 971/974/956 739/893/829 972/975/957
f 971/974/956 972/975/957 934/976/958
f 934/976/958 972/975/957 935/977/959
f 934/976/958 935/977/959 897/978/960
f 897/978/960 935/977/959 898/979/961
f 897/978/960 898/979/961 860/980/962
f 860/980/962 898/979/961 861/981/963
f 860/980/962 861/981/963 823/982/964
f 823/982/964 861/981/963 824/883/866
f 823/982/964 824/883/866 792/881/864
f 793/921/903 794/983/965 800/922/904
f 800/922/904 794/983/965 837/984/966
f 800/922/904 837/984/966 838/985/967
f 838/985/967 837/984/966 875/986/968
f 838/985/967 875/986/968 876/987/969
f 876/987/969 875/986/968 913/988/970
f 876/987/969 913/988/970 914/989/971
f 914/989/971 913/988/970 951/990/972
f 914/989/971 951/990/972 952/991/973
f 952/991/973 951/990/972 799/933/915
f 952/991/973 799/933/915 953/931/913
f 794/983/965 795/992/974 837/984/966
f 837/984/966 795/992/974 874/993/975
f 837/984/966 874/993/975 875/986/968
f 875/986/968 874/993/975 912/994/976
f 875/986/968 912/994/976 913/988/970
f 913/988/970 912/994/976 950/995/977
f 913/988/970 950/995/977 951/990/972
f 951/990/972 950/995/977 799/933/915
f 795/992/974 796/996/978 874/993/975
f 874/993/975 796/996/978 797/997/979
f 874/993/975 797/997/979 911/998/980
f 911/998/980 797/997/979 798/999/981
f 911/998/980 798/999/981 948/1000/982
f 948/1000/982 798/999/981 799/933/915
f 948/1000/982 799/933/915 949/1001/983
f 949/1001/983 799/933/915 950/995/977
f 949/1001/983 950/995/977 912/994/976
f 739/893/829 966/1002/984 799/933/915
f 799/933/915 966/1002/984 965/1003/985
f 799/933/915 965/1003/985 964/955/937
f 964/955/937 965/1003/985 927/957/939
f 738/913/895 737/1004/986 947/911/893
f 947/911/893 737/1004/986 910/1005/987
f 947/911/893 910/1005/987 909/909/891
f 909/909/891 910/1005/987 872/1006/988
f 909/909/891 872/1006/988 871/907/889
f 871/907/889 872/1006/988 834/1007/989
f 871/907/889 834/1007/989 833/905/887
f 833/905/887 834/1007/989 733/882/865
f 737/1004/986 736/1008/990 910/1005/987
f 910/1005/987 736/1008/990 735/1009/991
f 910/1005/987 735/1009/991 873/1010/992
f 873/1010/992 735/1009/991 734/1011/993
f 873/1010/992 734/1011/993 836/1012/994
f 836/1012/994 734/1011/993 733/882/865
f 836/1012/994 733/882/865 835/1013/995
f 835/1013/995 733/882/865 834/1007/989
f 835/1013/995 834/1007/989 872/1006/988
f 839/925/907 801/923/905 838/985/967
f 838/985/967 801/923/905 800/922/904
f 802/924/906 803/1014/996 792/881/864
f 792/881/864 803/1014/996 804/1015/997
f 792/881/864 804/1015/997 805/1016/998
f 805/1016/998 804/1015/997 842/1017/999
f 805/1016/998 842/1017/999 843/1018/1000
f 843/1018/1000 842/1017/999 880/1019/1001
f 843/1018/1000 880/1019/1001 881/938/920
f 881/938/920 880/1019/1001 918/936/918
f 802/924/906 840/926/908 803/1014/996
f 803/1014/996 840/926/908 841/1020/1002
f 803/1014/996 841/1020/1002 804/1015/997
f 804/1015/997 841/1020/1002 842/1017/999
f 807/942/924 792/881/864 806/1021/1003
f 806/1021/1003 792/881/864 805/1016/998
f 806/1021/1003 805/1016/998 843/1018/1000
f 844/940/922 807/942/924 806/1021/1003
f 844/940/922 806/1021/1003 843/1018/1000
f 809/944/926 808/943/925 846/1022/1004
f 846/1022/1004 808/943/925 845/941/923
f 846/1022/1004 845/941/923 883/1023/1005
f 883/1023/1005 845/941/923 882/939/921
f 883/1023/1005 882/939/921 920/1024/1006
f 920/1024/1006 882/939/921 919/937/919
f 920/1024/1006 919/937/919 957/1025/1007
f 957/1025/1007 919/937/919 956/935/917
f 957/1025/1007 956/935/917 799/933/915
f 810/945/927 811/1026/1008 792/881/864
f 792/881/864 811/1026/1008 812/1027/1009
f 792/881/864 812/1027/1009 813/1028/1010
f 813/1028/1010 812/1027/1009 850/1029/1011
f 813/1028/1010 850/1029/1011 851/1030/1012
f 851/1030/1012 850/1029/1011 888/1031/1013
f 851/1030/1012 888/1031/1013 889/958/940
f 889/958/940 888/1031/1013 926/956/938
f 810/945/927 848/947/929 811/1026/1008
f 811/1026/1008 848/947/929 849/1032/1014
f 811/1026/1008 849/1032/1014 812/1027/1009
f 812/1027/1009 849/1032/1014 850/1029/1011
f 815/962/944 792/881/864 814/1033/1015
f 814/1033/1015 792/881/864 813/1028/1010
f 814/1033/1015 813/1028/1010 851/1030/1012
f 852/960/942 815/962/944 814/1033/1015
f 852/960/942 814/1033/1015 851/1030/1012
f 817/964/946 816/963/945 854/1034/1016
f 854/1034/1016 816/963/945 853/961/943
f 854/1034/1016 853/961/943 891/1035/1017
f 891/1035/1017 853/961/943 890/959/941
f 891/1035/1017 890/959/941 928/1036/1018
f 928/1036/1018 890/959/941 927/957/939
f 928/1036/1018 927/957/939 965/1003/985
f 818/965/947 819/1037/1019 792/881/864
f 792/881/864 819/1037/1019 820/1038/1020
f 792/881/864 820/1038/1020 821/1039/1021
f 821/1039/1021 820/1038/1020 858/1040/1022
f 821/1039/1021 858/1040/1022 859/1041/1023
f 859/1041/1023 858/1040/1022 896/1042/1024
f 859/1041/1023 896/1042/1024 897/978/960
f 897/978/960 896/1042/1024 934/976/958
f 818/965/947 856/967/949 819/1037/1019
f 819/1037/1019 856/967/949 857/1043/1025
f 819/1037/1019 857/1043/1025 820/1038/1020
f 820/1038/1020 857/1043/1025 858/1040/1022
f 823/982/964 792/881/864 822/1044/1026
f 822/1044/1026 792/881/864 821/1039/1021
f 822/1044/1026 821/1039/1021 859/1041/1023
f 860/980/962 823/982/964 822/1044/1026
f 860/980/962 822/1044/1026 859/1041/1023
f 862/885/868 824/883/866 861/981/963
f 825/884/867 826/1045/1027 733/882/865
f 733/882/865 826/1045/1027 827/1046/1028
f 733/882/865 827/1046/1028 828/1047/1029
f 828/1047/1029 827/1046/1028 865/1048/1030
f 828/1047/1029 865/1048/1030 866/1049/1031
f 866/1049/1031 865/1048/1030 903/1050/1032
f 866/1049/1031 903/1050/1032 904/898/880
f 904/898/880 903/1050/1032 941/896/878
f 825/884/867 863/886/869 826/1045/1027
f 826/1045/1027 863/886/869 864/1051/1033
f 826/1045/1027 864/1051/1033 827/1046/1028
f 827/1046/1028 864/1051/1033 865/1048/1030
f 830/902/884 733/882/865 829/1052/1034
f 829/1052/1034 733/882/865 828/1047/1029
f 829/1052/1034 828/1047/1029 866/1049/1031
f 867/900/882 830/902/884 829/1052/1034
f 867/900/882 829/1052/1034 866/1049/1031
f 870/906/888 832/904/886 869/920/902
f 869/920/902 832/904/886 831/903/885
f 873/1010/992 836/1012/994 835/1013/995
f 873/1010/992 835/1013/995 872/1006/988
f 877/927/909 839/925/907 876/987/969
f 876/987/969 839/925/907 838/985/967
f 840/926/908 878/928/910 841/1020/1002
f 841/1020/1002 878/928/910 879/1053/1035
f 841/1020/1002 879/1053/1035 842/1017/999
f 842/1017/999 879/1053/1035 880/1019/1001
f 881/938/920 844/940/922 843/1018/1000
f 809/944/926 846/1022/1004 847/946/928
f 847/946/928 846/1022/1004 884/1054/1036
f 847/946/928 884/1054/1036 885/948/930
f 885/948/930 884/1054/1036 922/1055/1037
f 885/948/930 922/1055/1037 923/950/932
f 923/950/932 922/1055/1037 960/1056/1038
f 923/950/932 960/1056/1038 961/952/934
f 961/952/934 960/1056/1038 799/933/915
f 884/1054/1036 846/1022/1004 883/1023/1005
f 848/947/929 886/949/931 849/1032/1014
f 849/1032/1014 886/949/931 887/1057/1039
f 849/1032/1014 887/1057/1039 850/1029/1011
f 850/1029/1011 887/1057/1039 888/1031/1013
f 889/958/940 852/960/942 851/1030/1012
f 817/964/946 854/1034/1016 855/966/948
f 855/966/948 854/1034/1016 892/1058/1040
f 855/966/948 892/1058/1040 893/968/950
f 893/968/950 892/1058/1040 930/1059/1041
f 893/968/950 930/1059/1041 931/970/952
f 931/970/952 930/1059/1041 968/1060/1042
f 931/970/952 968/1060/1042 969/972/954
f 969/972/954 968/1060/1042 739/893/829
f 892/1058/1040 854/1034/1016 891/1035/1017
f 856/967/949 894/969/951 857/1043/1025
f 857/1043/1025 894/969/951 895/1061/1043
f 857/1043/1025 895/1061/1043 858/1040/1022
f 858/1040/1022 895/1061/1043 896/1042/1024
f 897/978/960 860/980/962 859/1041/1023
f 862/885/868 861/981/963 899/1062/1044
f 899/1062/1044 861/981/963 898/979/961
f 899/1062/1044 898/979/961 936/1063/1045
f 936/1063/1045 898/979/961 935/977/959
f 936/1063/1045 935/977/959 973/1064/1046
f 973/1064/1046 935/977/959 972/975/957
f 973/1064/1046 972/975/957 739/893/829
f 863/886/869 901/888/871 864/1051/1033
f 864/1051/1033 901/888/871 902/1065/1047
f 864/1051/1033 902/1065/1047 865/1048/1030
f 865/1048/1030 902/1065/1047 903/1050/1032
f 904/898/880 867/900/882 866/1049/1031
f 906/919/901 868/901/883 905/899/881
f 908/908/890 870/906/888 907/918/900
f 907/918/900 870/906/888 869/920/902
f 910/1005/987 873/1010/992 872/1006/988
f 915/929/911 877/927/909 914/989/971
f 914/989/971 877/927/909 876/987/969
f 878/928/910 916/930/912 879/1053/1035
f 879/1053/1035 916/930/912 917/1066/1048
f 879/1053/1035 917/1066/1048 880/1019/1001
f 880/1019/1001 917/1066/1048 918/936/918
f 884/1054/1036 883/1023/1005 921/1067/1049
f 921/1067/1049 883/1023/1005 920/1024/1006
f 921/1067/1049 920/1024/1006 958/1068/1050
f 958/1068/1050 920/1024/1006 957/1025/1007
f 958/1068/1050 957/1025/1007 799/933/915
f 886/949/931 924/951/933 887/1057/1039
f 887/1057/1039 924/951/933 925/1069/1051
f 887/1057/1039 925/1069/1051 888/1031/1013
f 888/1031/1013 925/1069/1051 926/956/938
f 892/1058/1040 891/1035/1017 929/1070/1052
f 929/1070/1052 891/1035/1017 928/1036/1018
f 929/1070/1052 928/1036/1018 966/1002/984
f 966/1002/984 928/1036/1018 965/1003/985
f 894/969/951 932/971/953 895/1061/1043
f 895/1061/1043 932/971/953 933/1071/1053
f 895/1061/1043 933/1071/1053 896/1042/1024
f 896/1042/1024 933/1071/1053 934/976/958
f 862/885/868 899/1062/1044 900/887/870
f 900/887/870 899/1062/1044 937/1072/1054
f 900/887/870 937/1072/1054 938/889/872
f 938/889/872 937/1072/1054 975/1073/1055
f 938/889/872 975/1073/1055 976/891/874
f 976/891/874 975/1073/1055 739/893/829
f 937/1072/1054 899/1062/1044 936/1063/1045
f 901/888/871 939/890/873 902/1065/1047
f 902/1065/1047 939/890/873 940/1074/1056
f 902/1065/1047 940/1074/1056 903/1050/1032
f 903/1050/1032 940/1074/1056 941/896/878
f 906/919/901 905/899/881 943/1075/1057
f 943/1075/1057 905/899/881 942/897/879
f 943/1075/1057 942/897/879 980/1076/1058
f 980/1076/1058 942/897/879 979/895/877
f 980/1076/1058 979/895/877 739/893/829
f 946/910/892 908/908/890 945/916/898
f 945/916/898 908/908/890 907/918/900
f 949/1001/983 912/994/976 911/998/980
f 911/998/980 912/994/976 874/993/975
f 948/1000/982 949/1001/983 911/998/980
f 953/931/913 915/929/911 952/991/973
f 952/991/973 915/929/911 914/989/971
f 955/934/916 918/936/918 917/1066/1048
f 955/934/916 917/1066/1048 954/932/914
f 954/932/914 917/1066/1048 916/930/912
f 884/1054/1036 921/1067/1049 922/1055/1037
f 922/1055/1037 921/1067/1049 959/1077/1059
f 922/1055/1037 959/1077/1059 960/1056/1038
f 960/1056/1038 959/1077/1059 799/933/915
f 959/1077/1059 921/1067/1049 958/1068/1050
f 963/954/936 926/956/938 925/1069/1051
f 963/954/936 925/1069/1051 962/953/935
f 962/953/935 925/1069/1051 924/951/933
f 892/1058/1040 929/1070/1052 930/1059/1041
f 930/1059/1041 929/1070/1052 967/1078/1060
f 930/1059/1041 967/1078/1060 968/1060/1042
f 968/1060/1042 967/1078/1060 739/893/829
f 967/1078/1060 929/1070/1052 966/1002/984
f 971/974/956 934/976/958 933/1071/1053
f 971/974/956 933/1071/1053 970/973/955
f 970/973/955 933/1071/1053 932/971/953
f 937/1072/1054 936/1063/1045 974/1079/1061
f 974/1079/1061 936/1063/1045 973/1064/1046
f 974/1079/1061 973/1064/1046 739/893/829
f 978/894/876 941/896/878 940/1074/1056
f 978/894/876 940/1074/1056 977/892/875
f 977/892/875 940/1074/1056 939/890/873
f 906/919/901 943/1075/1057 944/917/899
f 944/917/899 943/1075/1057 981/1080/1062
f 944/917/899 981/1080/1062 982/915/897
f 982/915/897 981/1080/1062 739/893/829
f 981/1080/1062 943/1075/1057 980/1076/1058
f 984/912/894 946/910/892 983/914/896
f 983/914/896 946/910/892 945/916/898
f 799/933/915 959/1077/1059 958/1068/1050
f 739/893/829 967/1078/1060 966/1002/984
f 739/893/829 975/1073/1055 974/1079/1061
f 974/1079/1061 975/1073/1055 937/1072/1054
f 739/893/829 981/1080/1062 980/1076/1058
f 985/1081/1063 986/1082/1064 994/1083/1065
f 994/1083/1065 986/1082/1064 993/1084/1066
f 993/1084/1066 986/1082/1064 792/1085/1067
f 792/1085/1067 986/1082/1064 996/1086/1068
f 792/1085/1067 996/1086/1068 997/1087/1069
f 997/1087/1069 996/1086/1068 1000/1088/1070
f 997/1087/1069 1000/1088/1070 793/1089/1071
f 793/1089/1071 1000/1088/1070 794/1090/1072
f 794/1090/1072 1000/1088/1070 795/1091/1073
f 795/1091/1073 1000/1088/1070 1003/1092/1074
f 795/1091/1073 1003/1092/1074 796/1093/1075
f 796/1093/1075 1003/1092/1074 1006/1094/1076
f 796/1093/1075 1006/1094/1076 797/1095/1077
f 797/1095/1077 1006/1094/1076 798/1096/1078
f 798/1096/1078 1006/1094/1076 1009/1097/1079
f 798/1096/1078 1009/1097/1079 799/1098/915
f 799/1098/915 1009/1097/1079 1008/1099/1080
f 799/1098/915 1008/1099/1080 992/1100/1081
f 992/1100/1081 1008/1099/1080 1007/1101/1082
f 992/1100/1081 1007/1101/1082 991/1102/1083
f 991/1102/1083 1007/1101/1082 990/1103/1084
f 990/1103/1084 1007/1101/1082 1004/1104/1085
f 990/1103/1084 1004/1104/1085 989/1105/1086
f 989/1105/1086 1004/1104/1085 1001/1106/1087
f 989/1105/1086 1001/1106/1087 988/1107/1088
f 988/1107/1088 1001/1106/1087 998/1108/1089
f 988/1107/1088 998/1108/1089 987/1109/1090
f 987/1109/1090 998/1108/1089 995/1110/1091
f 987/1109/1090 995/1110/1091 986/1082/1064
f 986/1082/1064 995/1110/1091 996/1086/1068
f 793/1089/1071 792/1085/1067 997/1087/1069
f 996/1086/1068 995/1110/1091 999/1111/1092
f 999/1111/1092 995/1110/1091 998/1108/1089
f 999/1111/1092 998/1108/1089 1002/1112/1093
f 1002/1112/1093 998/1108/1089 1001/1106/1087
f 1002/1112/1093 1001/1106/1087 1005/1113/1094
f 1005/1113/1094 1001/1106/1087 1004/1104/1085
f 1005/1113/1094 1004/1104/1085 1008/1099/1080
f 1008/1099/1080 1004/1104/1085 1007/1101/1082
f 1003/1092/1074 1000/1088/1070 999/1111/1092
f 999/1111/1092 1000/1088/1070 996/1086/1068
f 1003/1092/1074 999/1111/1092 1002/1112/1093
f 1006/1094/1076 1003/1092/1074 1002/1112/1093
f 1006/1094/1076 1002/1112/1093 1005/1113/1094
f 1009/1097/1079 1006/1094/1076 1005/1113/1094
f 1009/1097/1079 1005/1113/1094 1008/1099/1080
f 1010/1114/1095 1021/1115/1096 536/1116/604
f 536/1116/604 1021/1115/1096 1022/1117/1097
f 536/1116/604 1022/1117/1097 537/1118/1098
f 537/1118/1098 1022/1117/1097 1025/1119/1099
f 537/1118/1098 1025/1119/1099 538/1120/1100
f 538/1120/1100 1025/1119/1099 539/1121/1101
f 539/1121/1101 1025/1119/1099 1028/1122/1102
f 539/1121/1101 1028/1122/1102 540/1123/1103
f 540/1123/1103 1028/1122/1102 1031/1124/1104
f 540/1123/1103 1031/1124/1104 541/1125/1105
f 541/1125/1105 1031/1124/1104 542/1126/1106
f 542/1126/1106 1031/1124/1104 1034/1127/1107
f 542/1126/1106 1034/1127/1107 527/1128/1108
f 527/1128/1108 1034/1127/1107 1019/1129/1109
f 1019/1129/1109 1034/1127/1107 1033/1130/1110
f 1019/1129/1109 1033/1130/1110 1032/1131/1111
f 1032/1131/1111 1033/1130/1110 1029/1132/1112
f 1032/1131/1111 1029/1132/1112 1014/1133/1113
f 1014/1133/1113 1029/1132/1112 1013/1134/1114
f 1013/1134/1114 1029/1132/1112 1026/1135/1115
f 1013/1134/1114 1026/1135/1115 1012/1136/1116
f 1012/1136/1116 1026/1135/1115 1023/1137/1117
f 1012/1136/1116 1023/1137/1117 1011/1138/1118
f 1011/1138/1118 1023/1137/1117 1020/1139/1119
f 1011/1138/1118 1020/1139/1119 1010/1114/1095
f 1010/1114/1095 1020/1139/1119 1021/1115/1096
f 1014/1133/1113 1015/1140/1120 1032/1131/1111
f 1032/1131/1111 1015/1140/1120 1019/1129/1109
f 1015/1140/1120 1016/1141/1121 1019/1129/1109
f 1019/1129/1109 1016/1141/1121 1018/1142/1122
f 1018/1142/1122 1016/1141/1121 1017/1143/1123
f 1025/1119/1099 1022/1117/1097 1021/1115/1096
f 1021/1115/1096 1020/1139/1119 1024/1144/1124
f 1024/1144/1124 1020/1139/1119 1023/1137/1117
f 1024/1144/1124 1023/1137/1117 1027/1145/1125
f 1027/1145/1125 1023/1137/1117 1026/1135/1115
f 1027/1145/1125 1026/1135/1115 1030/1146/1126
f 1030/1146/1126 1026/1135/1115 1029/1132/1112
f 1030/1146/1126 1029/1132/1112 1033/1130/1110
f 1028/1122/1102 1025/1119/1099 1024/1144/1124
f 1024/1144/1124 1025/1119/1099 1021/1115/1096
f 1028/1122/1102 1024/1144/1124 1027/1145/1125
f 1031/1124/1104 1028/1122/1102 1027/1145/1125
f 1031/1124/1104 1027/1145/1125 1030/1146/1126
f 1034/1127/1107 1031/1124/1104 1030/1146/1126
f 1034/1127/1107 1030/1146/1126 1033/1130/1110
f 994/1147/1127 730/1148/1128 985/1149/1129
f 985/1149/1129 730/1148/1128 729/1150/1130
f 985/1149/1129 729/1150/1130 1035/1151/1131
f 730/1148/1128 994/1147/1127 731/1152/1132
f 731/1152/1132 994/1147/1127 993/1153/1133
f 731/1152/1132 993/1153/1133 732/1154/863
f 732/1154/863 993/1153/1133 792/1155/864
f 1035/1151/1131 1036/1156/1134 985/1149/1129
f 728/1157/794 1037/1158/1135 729/1159/792
f 729/1159/792 1037/1158/1135 1035/1160/1136
f 1037/1161/1137 728/1162/1138 1017/1163/1139
f 1017/1163/1139 728/1162/1138 741/1164/1140
f 1017/1163/1139 741/1164/1140 1018/1165/1141
f 1018/1165/1141 741/1164/1140 740/1166/1142
f 1018/1165/1141 740/1166/1142 1019/1167/1143
f 1019/1167/1143 740/1166/1142 528/1168/592
f 1019/1167/1143 528/1168/592 527/1169/591
f 1017/1163/1139 1038/1170/1144 1037/1161/1137
f 1015/1171/1145 1014/1172/1146 1016/1173/1147
f 1016/1173/1147 1014/1172/1146 1013/1174/1148
f 1016/1173/1147 1013/1174/1148 1012/1175/1149
f 1016/1173/1147 1012/1175/1149 1041/1176/1150
f 1041/1176/1150 1012/1175/1149 1011/1177/1151
f 1041/1176/1150 1011/1177/1151 1010/1178/1152
f 1039/1179/1153 1040/1180/1154 1010/1178/1152
f 1010/1178/1152 1040/1180/1154 1041/1176/1150
f 991/1181/1155 1042/1182/1156 992/1183/1157
f 992/1183/1157 1042/1182/1156 1043/1184/1158
f 992/1183/1157 1043/1184/1158 1044/1185/1159
f 991/1181/1155 990/1186/1160 1042/1182/1156
f 1042/1182/1156 990/1186/1160 986/1187/1161
f 986/1187/1161 990/1186/1160 989/1188/1162
f 986/1187/1161 989/1188/1162 988/1189/1163
f 988/1189/1163 987/1190/1164 986/1187/1161
f 1040/1191/1154 1039/1192/1153 1088/1193/1165
f 1088/1193/1165 1039/1192/1153 1045/1194/1166
f 1088/1193/1165 1045/1194/1166 1087/1195/1167
f 1087/1195/1167 1045/1194/1166 1046/1196/1168
f 1087/1195/1167 1046/1196/1168 1086/1197/1169
f 1086/1197/1169 1046/1196/1168 1047/1198/1170
f 1086/1197/1169 1047/1198/1170 1085/1199/1171
f 1085/1199/1171 1047/1198/1170 1048/1200/1172
f 1085/1199/1171 1048/1200/1172 1084/1201/1173
f 1084/1201/1173 1048/1200/1172 1049/1202/1174
f 1084/1201/1173 1049/1202/1174 1083/1203/1175
f 1083/1203/1175 1049/1202/1174 1050/1204/1176
f 1083/1203/1175 1050/1204/1176 1082/1205/1177
f 1082/1205/1177 1050/1204/1176 1051/1206/1178
f 1082/1205/1177 1051/1206/1178 1081/1207/1179
f 1081/1207/1179 1051/1206/1178 1052/1208/1180
f 1081/1207/1179 1052/1208/1180 1080/1209/1181
f 1080/1209/1181 1052/1208/1180 1053/1210/1182
f 1080/1209/1181 1053/1210/1182 1079/1211/1183
f 1079/1211/1183 1053/1210/1182 1054/1212/1184
f 1079/1211/1183 1054/1212/1184 1078/1213/1185
f 1078/1213/1185 1054/1212/1184 1055/1214/1186
f 1078/1213/1185 1055/1214/1186 1077/1215/1187
f 1077/1215/1187 1055/1214/1186 1056/1216/1188
f 1077/1215/1187 1056/1216/1188 1076/1217/1189
f 1076/1217/1189 1056/1216/1188 1057/1218/1190
f 1076/1217/1189 1057/1218/1190 1075/1219/1191
f 1075/1219/1191 1057/1218/1190 1058/1220/1192
f 1075/1219/1191 1058/1220/1192 1074/1221/1193
f 1074/1221/1193 1058/1220/1192 1059/1222/1194
f 1074/1221/1193 1059/1222/1194 1073/1223/1195
f 1073/1223/1195 1059/1222/1194 1060/1224/1196
f 1073/1223/1195 1060/1224/1196 1072/1225/1197
f 1072/1225/1197 1060/1224/1196 1061/1226/1198
f 1072/1225/1197 1061/1226/1198 1071/1227/1199
f 1071/1227/1199 1061/1226/1198 1062/1228/1200
f 1071/1227/1199 1062/1228/1200 1070/1229/1201
f 1070/1229/1201 1062/1228/1200 1063/1230/1202
f 1070/1229/1201 1063/1230/1202 1069/1231/1203
f 1069/1231/1203 1063/1230/1202 1064/1232/1204
f 1069/1231/1203 1064/1232/1204 1068/1233/1205
f 1068/1233/1205 1064/1232/1204 1065/1234/1206
f 1068/1233/1205 1065/1234/1206 1067/1235/1207
f 1067/1235/1207 1065/1234/1206 1066/1236/1208
f 1067/1235/1207 1066/1236/1208 1043/1237/1158
f 1043/1237/1158 1066/1236/1208 1044/1238/1159
f 1088/1239/1209 1067/1240/1210 1040/1241/1211
f 1040/1241/1211 1067/1240/1210 1043/1242/1212
f 1040/1241/1211 1043/1242/1212 1041/1243/1213
f 1041/1243/1213 1043/1242/1212 1042/1244/1214
f 1067/1240/1210 1088/1239/1209 1068/1245/1215
f 1068/1245/1215 1088/1239/1209 1087/1246/1216
f 1068/1245/1215 1087/1246/1216 1069/1247/1217
f 1069/1247/1217 1087/1246/1216 1086/1248/1218
f 1069/1247/1217 1086/1248/1218 1070/1249/1219
f 1070/1249/1219 1086/1248/1218 1085/1250/1220
f 1070/1249/1219 1085/1250/1220 1071/1251/1221
f 1071/1251/1221 1085/1250/1220 1084/1252/1222
f 1071/1251/1221 1084/1252/1222 1072/1253/1223
f 1072/1253/1223 1084/1252/1222 1083/1254/1224
f 1072/1253/1223 1083/1254/1224 1073/1255/1225
f 1073/1255/1225 1083/1254/1224 1082/1256/1226
f 1073/1255/1225 1082/1256/1226 1074/1257/1227
f 1074/1257/1227 1082/1256/1226 1081/1258/1228
f 1074/1257/1227 1081/1258/1228 1075/1259/1229
f 1075/1259/1229 1081/1258/1228 1080/1260/1230
f 1075/1259/1229 1080/1260/1230 1076/1261/1231
f 1076/1261/1231 1080/1260/1230 1079/1262/1232
f 1076/1261/1231 1079/1262/1232 1077/1263/1233
f 1077/1263/1233 1079/1262/1232 1078/1264/1234
f 986/1265/1064 985/1266/1063 1042/1267/1235
f 1042/1267/1235 985/1266/1063 1036/1268/1236
f 1042/1267/1235 1036/1268/1236 1038/1269/1237
f 1042/1267/1235 1038/1269/1237 1041/1270/1238
f 1041/1270/1238 1038/1269/1237 1017/1271/1123
f 1041/1270/1238 1017/1271/1123 1016/1272/1121
f 992/1273/1081 1044/1274/1239 799/1275/915
f 799/1275/915 1044/1274/1239 1066/1276/1240
f 799/1275/915 1066/1276/1240 1065/1277/1241
f 1065/1277/1241 1064/1278/1242 799/1275/915
f 799/1275/915 1064/1278/1242 1063/1279/1243
f 799/1275/915 1063/1279/1243 739/1280/829
f 739/1280/829 1063/1279/1243 1062/1281/1244
f 739/1280/829 1062/1281/1244 1061/1282/1245
f 1061/1282/1245 1060/1283/1246 739/1280/829
f 739/1280/829 1060/1283/1246 1059/1284/1247
f 739/1280/829 1059/1284/1247 1058/1285/1248
f 1058/1285/1248 1057/1286/1249 739/1280/829
f 739/1280/829 1057/1286/1249 1056/1287/1250
f 739/1280/829 1056/1287/1250 1055/1288/1251
f 739/1280/829 1055/1288/1251 535/1289/644
f 535/1289/644 1055/1288/1251 1054/1290/1252
f 535/1289/644 1054/1290/1252 1053/1291/1253
f 1053/1291/1253 1052/1292/1254 535/1289/644
f 535/1289/644 1052/1292/1254 1051/1293/1255
f 535/1289/644 1051/1293/1255 1050/1294/1256
f 1050/1294/1256 1049/1295/1257 535/1289/644
f 535/1289/644 1049/1295/1257 1048/1296/1258
f 535/1289/644 1048/1296/1258 536/1297/604
f 536/1297/604 1048/1296/1258 1047/1298/1259
f 536/1297/604 1047/1298/1259 1046/1299/1260
f 1046/1299/1260 1045/1300/1261 536/1297/604
f 536/1297/604 1045/1300/1261 1039/1301/1262
f 536/1297/604 1039/1301/1262 1010/1302/1095
f 1038/1303/1263 1036/1304/1264 1037/1305/1265
f 1037/1305/1265 1036/1304/1264 1035/1306/1266
g Body1

v -3.935066 1.769934 0.000000
v -3.935066 1.969934 0.200000
v -3.685066 1.969934 0.200000
v -3.685066 1.769934 0.000000
v -3.685066 1.534934 0.000000
v -3.935066 1.534934 0.000000
v -3.685066 1.969934 2.093066
v -3.685066 0.569934 2.093066
v -3.685066 0.569934 0.200000
v -3.685066 0.769934 0.000000
v -3.685066 1.004934 0.000000
v -3.685066 1.004934 -3.300000
v -3.685066 1.204934 -3.500000
v -3.685066 1.334934 -3.500000
v -3.685066 1.534934 -3.300000
v -3.935066 0.569934 0.200000
v -3.935066 0.769934 0.000000
v -3.935066 0.569934 2.093066
v -3.935066 1.004934 -3.300000
v -3.935066 1.204934 -3.500000
v -3.935066 1.334934 -3.500000
v -3.935066 1.534934 -3.300000
v -3.585066 1.969934 2.443066
v -3.585066 0.569934 2.443066
v -1.008000 0.569934 2.443066
v -1.008000 1.969934 2.443066
v -3.585066 1.969934 2.193066
v -3.610948 1.969934 2.189659
v -3.635066 1.969934 2.179669
v -3.655777 1.969934 2.163777
v -3.671669 1.969934 2.143066
v -3.681659 1.969934 2.118948
v -3.935066 1.969934 2.093066
v -3.926291 1.969934 2.170949
v -3.900405 1.969934 2.244926
v -3.858707 1.969934 2.311288
v -3.803288 1.969934 2.366707
v -3.736926 1.969934 2.408405
v -3.662949 1.969934 2.434291
v -3.585066 0.569934 2.193066
v -3.610948 0.569934 2.189659
v -3.635066 0.569934 2.179669
v -3.655777 0.569934 2.163777
v -3.671669 0.569934 2.143066
v -3.681659 0.569934 2.118948
v -3.610948 1.036600 2.189659
v -3.610948 1.503267 2.189659
v -3.635066 1.036600 2.179669
v -3.635066 1.503267 2.179669
v -3.655777 1.036600 2.163777
v -3.655777 1.503267 2.163777
v -3.671669 1.036600 2.143066
v -3.671669 1.503267 2.143066
v -3.681659 1.036600 2.118948
v -3.681659 1.503267 2.118948
v -1.008000 0.569934 2.193066
v -1.008000 1.969934 2.193066
v -3.926291 0.569934 2.170949
v -3.900405 0.569934 2.244926
v -3.858707 0.569934 2.311288
v -3.803288 0.569934 2.366707
v -3.736926 0.569934 2.408405
v -3.662949 0.569934 2.434291
v -3.935066 1.004934 0.000000
vt 0.014142 0.012500 0.000000
vt -0.014142 0.012500 0.000000
vt 0.014142 -0.012500 0.000000
vt -0.014142 -0.012500 0.000000
vt 0.020000 -0.012500 0.000000
vt 0.043500 -0.012500 0.000000
vt 0.020000 0.012500 0.000000
vt 0.043500 0.012500 0.000000
vt 0.230000 0.070000 0.000000
vt 0.040693 0.070000 0.000000
vt 0.250000 0.050000 0.000000
vt 0.250000 0.026500 0.000000
vt 0.040693 -0.070000 0.000000
vt 0.250000 -0.026500 0.000000
vt 0.250000 -0.050000 0.000000
vt 0.230000 -0.070000 0.000000
vt 0.580000 -0.026500 0.000000
vt 0.600000 -0.006500 0.000000
vt 0.600000 0.006500 0.000000
vt 0.580000 0.026500 0.000000
vt 0.014142 0.012500 0.000000
vt -0.014142 0.012500 0.000000
vt 0.014142 -0.012500 0.000000
vt -0.014142 -0.012500 0.000000
vt 0.020000 -0.012500 0.000000
vt 0.209307 -0.012500 0.000000
vt 0.020000 0.012500 0.000000
vt 0.209307 0.012500 0.000000
vt 0.014142 0.012500 0.000000
vt -0.014142 0.012500 0.000000
vt 0.014142 -0.012500 0.000000
vt -0.014142 -0.012500 0.000000
vt 0.033000 0.012500 0.000000
vt 0.020000 0.012500 0.000000
vt 0.033000 -0.012500 0.000000
vt 0.020000 -0.012500 0.000000
vt 0.014142 0.012500 0.000000
vt -0.014142 0.012500 0.000000
vt 0.014142 -0.012500 0.000000
vt -0.014142 -0.012500 0.000000
vt -0.007707 -0.070000 0.000000
vt 0.250000 -0.070000 0.000000
vt -0.007707 0.070000 0.000000
vt 0.250000 0.070000 0.000000
vt -0.025000 -0.000000 0.000000
vt 0.000000 0.000000 0.000000
vt -0.024122 0.007788 0.000000
vt 0.000341 0.002588 0.000000
vt -0.021534 0.015186 0.000000
vt 0.001340 0.005000 0.000000
vt -0.017364 0.021822 0.000000
vt 0.002929 0.007071 0.000000
vt -0.011822 0.027364 0.000000
vt 0.005000 0.008660 0.000000
vt -0.005186 0.031534 0.000000
vt 0.007412 0.009659 0.000000
vt 0.002212 0.034122 0.000000
vt 0.010000 0.010000 0.000000
vt 0.010000 0.035000 0.000000
vt 0.070000 0.013090 0.000000
vt 0.070000 0.015708 0.000000
vt 0.023333 0.013090 0.000000
vt -0.070000 0.015708 0.000000
vt -0.023333 0.013090 0.000000
vt -0.070000 0.013090 0.000000
vt -0.023333 0.010472 0.000000
vt -0.070000 0.010472 0.000000
vt -0.023333 0.007854 0.000000
vt -0.070000 0.007854 0.000000
vt -0.023333 0.005236 0.000000
vt -0.070000 0.005236 0.000000
vt -0.023333 0.002618 0.000000
vt -0.070000 0.002618 0.000000
vt -0.070000 0.000000 0.000000
vt 0.070000 0.000000 0.000000
vt 0.023333 0.002618 0.000000
vt 0.023333 0.005236 0.000000
vt 0.023333 0.007854 0.000000
vt 0.023333 0.010472 0.000000
vt 0.070000 0.002618 0.000000
vt 0.070000 0.005236 0.000000
vt 0.070000 0.007854 0.000000
vt 0.070000 0.010472 0.000000
vt 0.242293 -0.012500 0.000000
vt 0.500000 -0.012500 0.000000
vt 0.242293 0.012500 0.000000
vt 0.500000 0.012500 0.000000
vt 0.257707 0.012500 0.000000
vt -0.000000 0.012500 0.000000
vt 0.257707 -0.012500 0.000000
vt 0.000000 -0.012500 0.000000
vt 0.070000 0.054978 0.000000
vt -0.070000 0.054978 0.000000
vt 0.070000 0.047124 0.000000
vt -0.070000 0.047124 0.000000
vt 0.070000 0.039270 0.000000
vt -0.070000 0.039270 0.000000
vt 0.070000 0.031416 0.000000
vt -0.070000 0.031416 0.000000
vt 0.070000 0.023562 0.000000
vt -0.070000 0.023562 0.000000
vt 0.070000 0.015708 0.000000
vt -0.070000 0.015708 0.000000
vt 0.070000 0.007854 0.000000
vt -0.070000 0.007854 0.000000
vt 0.070000 0.000000 0.000000
vt -0.070000 0.000000 0.000000
vt 0.020000 -0.012500 0.000000
vt 0.350000 -0.012500 0.000000
vt 0.020000 0.012500 0.000000
vt 0.350000 0.012500 0.000000
vt 0.330000 0.012500 0.000000
vt 0.000000 0.012500 0.000000
vt 0.330000 -0.012500 0.000000
vt 0.000000 -0.012500 0.000000
vt 0.007707 0.070000 0.000000
vt -0.250000 0.070000 0.000000
vt 0.007707 -0.070000 0.000000
vt -0.250000 -0.070000 0.000000
vt 0.140000 0.012500 0.000000
vt 0.000000 0.012500 0.000000
vt 0.140000 -0.012500 0.000000
vt 0.000000 -0.012500 0.000000
vt -0.000000 -0.000000 0.000000
vt -0.000878 0.007788 0.000000
vt -0.025000 -0.000000 0.000000
vt -0.025341 0.002588 0.000000
vt -0.003466 0.015186 0.000000
vt -0.026340 0.005000 0.000000
vt -0.007636 0.021822 0.000000
vt -0.027929 0.007071 0.000000
vt -0.013178 0.027364 0.000000
vt -0.030000 0.008660 0.000000
vt -0.019814 0.031534 0.000000
vt -0.032412 0.009659 0.000000
vt -0.027212 0.034122 0.000000
vt -0.035000 0.010000 0.000000
vt -0.035000 0.035000 0.000000
vt 0.120000 0.012500 0.000000
vt 0.096500 0.012500 0.000000
vt 0.120000 -0.012500 0.000000
vt 0.096500 -0.012500 0.000000
vt 0.480000 0.012500 0.000000
vt 0.290693 0.012500 0.000000
vt 0.480000 -0.012500 0.000000
vt 0.290693 -0.012500 0.000000
vt -0.230000 0.070000 0.000000
vt -0.250000 0.050000 0.000000
vt -0.040693 0.070000 0.000000
vt -0.250000 0.026500 0.000000
vt -0.040693 -0.070000 0.000000
vt -0.250000 -0.026500 0.000000
vt -0.250000 -0.050000 0.000000
vt -0.580000 0.026500 0.000000
vt -0.600000 0.006500 0.000000
vt -0.600000 -0.006500 0.000000
vt -0.580000 -0.026500 0.000000
vt -0.230000 -0.070000 0.000000
vn -0.000000 0.070711 -0.070711
vn -0.000000 0.070711 -0.070711
vn -0.000000 0.070711 -0.070711
vn -0.000000 0.070711 -0.070711
vn 0.000000 0.000000 -0.100000
vn 0.000000 0.000000 -0.100000
vn 0.000000 0.000000 -0.100000
vn 0.000000 0.000000 -0.100000
vn 0.100000 0.000000 0.000000
vn 0.100000 0.000000 0.000000
vn 0.100000 0.000000 0.000000
vn 0.100000 0.000000 0.000000
vn 0.100000 0.000000 0.000000
vn 0.100000 0.000000 0.000000
vn 0.100000 0.000000 0.000000
vn 0.100000 0.000000 0.000000
vn 0.100000 0.000000 0.000000
vn 0.100000 0.000000 0.000000
vn 0.100000 0.000000 0.000000
vn 0.100000 0.000000 0.000000
vn 0.000000 -0.070711 -0.070711
vn 0.000000 -0.070711 -0.070711
vn 0.000000 -0.070711 -0.070711
vn 0.000000 -0.070711 -0.070711
vn 0.000000 -0.100000 0.000000
vn 0.000000 -0.100000 0.000000
vn 0.000000 -0.100000 0.000000
vn 0.000000 -0.100000 0.000000
vn 0.000000 -0.070711 -0.070711
vn 0.000000 -0.070711 -0.070711
vn 0.000000 -0.070711 -0.070711
vn 0.000000 -0.070711 -0.070711
vn 0.000000 0.000000 -0.100000
vn 0.000000 0.000000 -0.100000
vn 0.000000 0.000000 -0.100000
vn 0.000000 0.000000 -0.100000
vn -0.000000 0.070711 -0.070711
vn -0.000000 0.070711 -0.070711
vn -0.000000 0.070711 -0.070711
vn -0.000000 0.070711 -0.070711
vn -0.000000 -0.000000 0.100000
vn -0.000000 -0.000000 0.100000
vn -0.000000 -0.000000 0.100000
vn -0.000000 -0.000000 0.100000
vn -0.000000 0.100000 0.000000
vn -0.000000 0.100000 0.000000
vn -0.000000 0.100000 0.000000
vn -0.000000 0.100000 0.000000
vn -0.000000 0.100000 0.000000
vn -0.000000 0.100000 0.000000
vn -0.000000 0.100000 0.000000
vn -0.000000 0.100000 0.000000
vn -0.000000 0.100000 0.000000
vn -0.000000 0.100000 0.000000
vn -0.000000 0.100000 0.000000
vn -0.000000 0.100000 0.000000
vn -0.000000 0.100000 0.000000
vn -0.000000 0.100000 0.000000
vn -0.000000 0.100000 0.000000
vn 0.025882 0.000000 -0.096593
vn 0.000000 0.000000 -0.100000
vn 0.025882 0.000000 -0.096593
vn 0.000000 0.000000 -0.100000
vn 0.025882 0.000000 -0.096593
vn 0.025882 0.000000 -0.096593
vn 0.050000 0.000000 -0.086603
vn 0.050000 0.000000 -0.086603
vn 0.070711 0.000000 -0.070711
vn 0.070711 0.000000 -0.070711
vn 0.086603 0.000000 -0.050000
vn 0.086603 0.000000 -0.050000
vn 0.096593 0.000000 -0.025882
vn 0.096593 0.000000 -0.025882
vn 0.096593 0.000000 -0.025882
vn 0.086603 0.000000 -0.050000
vn 0.070711 0.000000 -0.070711
vn 0.050000 0.000000 -0.086603
vn 0.096593 0.000000 -0.025882
vn 0.086603 0.000000 -0.050000
vn 0.070711 0.000000 -0.070711
vn 0.050000 0.000000 -0.086603
vn 0.000000 -0.100000 0.000000
vn 0.000000 -0.100000 0.000000
vn 0.000000 -0.100000 0.000000
vn 0.000000 -0.100000 0.000000
vn -0.000000 0.100000 0.000000
vn -0.000000 0.100000 0.000000
vn -0.022252 -0.000000 0.097493
vn -0.022252 -0.000000 0.097493
vn -0.043388 -0.000000 0.090097
vn -0.043388 -0.000000 0.090097
vn -0.062349 -0.000000 0.078183
vn -0.062349 -0.000000 0.078183
vn -0.078183 -0.000000 0.062349
vn -0.078183 -0.000000 0.062349
vn -0.090097 -0.000000 0.043388
vn -0.090097 -0.000000 0.043388
vn -0.097493 -0.000000 0.022252
vn -0.097493 -0.000000 0.022252
vn -0.100000 -0.000000 0.000000
vn -0.100000 -0.000000 0.000000
vn 0.000000 -0.100000 0.000000
vn 0.000000 -0.100000 0.000000
vn 0.000000 -0.100000 0.000000
vn 0.000000 -0.100000 0.000000
vn -0.000000 0.100000 0.000000
vn -0.000000 0.100000 0.000000
vn -0.000000 0.100000 0.000000
vn -0.000000 0.100000 0.000000
vn 0.000000 0.000000 -0.100000
vn 0.000000 0.000000 -0.100000
vn 0.100000 0.000000 0.000000
vn 0.100000 0.000000 0.000000
vn 0.100000 0.000000 0.000000
vn 0.100000 0.000000 0.000000
vn 0.000000 -0.100000 0.000000
vn 0.000000 -0.100000 0.000000
vn 0.000000 -0.100000 0.000000
vn 0.000000 -0.100000 0.000000
vn 0.000000 -0.100000 0.000000
vn 0.000000 -0.100000 0.000000
vn 0.000000 -0.100000 0.000000
vn 0.000000 -0.100000 0.000000
vn 0.000000 -0.100000 0.000000
vn 0.000000 -0.100000 0.000000
vn 0.000000 -0.100000 0.000000
vn 0.000000 0.000000 -0.100000
vn 0.000000 0.000000 -0.100000
vn 0.000000 0.000000 -0.100000
vn 0.000000 0.000000 -0.100000
vn -0.000000 0.100000 0.000000
vn -0.000000 0.100000 0.000000
vn -0.100000 -0.000000 0.000000
vn -0.100000 -0.000000 0.000000
vn -0.100000 -0.000000 0.000000
vn -0.100000 -0.000000 0.000000
vn -0.100000 -0.000000 0.000000
vn -0.100000 -0.000000 0.000000
vn -0.100000 -0.000000 0.000000
vn -0.100000 -0.000000 0.000000
vn -0.100000 -0.000000 0.000000
vn -0.100000 -0.000000 0.000000
usemtl Aluminum_-_Satin
f 1089/1307/1267 1090/1308/1268 1092/1309/1269
f 1092/1309/1269 1090/1308/1268 1091/1310/1270
f 1092/1311/1271 1093/1312/1272 1089/1313/1273
f 1089/1313/1273 1093/1312/1272 1094/1314/1274
f 1091/1315/1275 1095/1316/1276 1092/1317/1277
f 1092/1317/1277 1095/1316/1276 1093/1318/1278
f 1093/1318/1278 1095/1316/1276 1096/1319/1279
f 1093/1318/1278 1096/1319/1279 1099/1320/1280
f 1099/1320/1280 1096/1319/1279 1098/1321/1281
f 1098/1321/1281 1096/1319/1279 1097/1322/1282
f 1100/1323/1283 1101/1324/1284 1099/1320/1280
f 1099/1320/1280 1101/1324/1284 1102/1325/1285
f 1099/1320/1280 1102/1325/1285 1093/1318/1278
f 1093/1318/1278 1102/1325/1285 1103/1326/1286
f 1104/1327/1287 1105/1328/1288 1097/1329/1289
f 1097/1329/1289 1105/1328/1288 1098/1330/1290
f 1097/1331/1291 1096/1332/1292 1104/1333/1293
f 1104/1333/1293 1096/1332/1292 1106/1334/1294
f 1107/1335/1295 1108/1336/1296 1100/1337/1297
f 1100/1337/1297 1108/1336/1296 1101/1338/1298
f 1108/1339/1299 1109/1340/1300 1101/1341/1301
f 1101/1341/1301 1109/1340/1300 1102/1342/1302
f 1109/1343/1303 1110/1344/1304 1102/1345/1305
f 1102/1345/1305 1110/1344/1304 1103/1346/1306
f 1112/1347/1307 1113/1348/1308 1111/1349/1309
f 1111/1349/1309 1113/1348/1308 1114/1350/1310
f 1111/1351/1311 1115/1352/1312 1127/1353/1313
f 1127/1353/1313 1115/1352/1312 1116/1354/1314
f 1127/1353/1313 1116/1354/1314 1126/1355/1315
f 1126/1355/1315 1116/1354/1314 1117/1356/1316
f 1126/1355/1315 1117/1356/1316 1125/1357/1317
f 1125/1357/1317 1117/1356/1316 1118/1358/1318
f 1125/1357/1317 1118/1358/1318 1124/1359/1319
f 1124/1359/1319 1118/1358/1318 1119/1360/1320
f 1124/1359/1319 1119/1360/1320 1123/1361/1321
f 1123/1361/1321 1119/1360/1320 1120/1362/1322
f 1123/1361/1321 1120/1362/1322 1122/1363/1323
f 1122/1363/1323 1120/1362/1322 1095/1364/1324
f 1122/1363/1323 1095/1364/1324 1121/1365/1325
f 1116/1366/1326 1115/1367/1327 1135/1368/1328
f 1135/1368/1328 1115/1367/1327 1128/1369/1329
f 1135/1368/1328 1128/1369/1329 1134/1370/1330
f 1134/1370/1330 1128/1369/1329 1129/1371/1331
f 1134/1370/1330 1129/1371/1331 1136/1372/1332
f 1136/1372/1332 1129/1371/1331 1130/1373/1333
f 1136/1372/1332 1130/1373/1333 1138/1374/1334
f 1138/1374/1334 1130/1373/1333 1131/1375/1335
f 1138/1374/1334 1131/1375/1335 1140/1376/1336
f 1140/1376/1336 1131/1375/1335 1132/1377/1337
f 1140/1376/1336 1132/1377/1337 1142/1378/1338
f 1142/1378/1338 1132/1377/1337 1133/1379/1339
f 1142/1378/1338 1133/1379/1339 1096/1380/1279
f 1096/1380/1279 1095/1381/1276 1142/1378/1338
f 1142/1378/1338 1095/1381/1276 1143/1382/1340
f 1142/1378/1338 1143/1382/1340 1140/1376/1336
f 1140/1376/1336 1143/1382/1340 1141/1383/1341
f 1140/1376/1336 1141/1383/1341 1138/1374/1334
f 1138/1374/1334 1141/1383/1341 1139/1384/1342
f 1138/1374/1334 1139/1384/1342 1136/1372/1332
f 1136/1372/1332 1139/1384/1342 1137/1385/1343
f 1136/1372/1332 1137/1385/1343 1134/1370/1330
f 1134/1370/1330 1137/1385/1343 1135/1368/1328
f 1095/1381/1276 1120/1386/1344 1143/1382/1340
f 1143/1382/1340 1120/1386/1344 1141/1383/1341
f 1120/1386/1344 1119/1387/1345 1141/1383/1341
f 1141/1383/1341 1119/1387/1345 1139/1384/1342
f 1119/1387/1345 1118/1388/1346 1139/1384/1342
f 1139/1384/1342 1118/1388/1346 1137/1385/1343
f 1118/1388/1346 1117/1389/1347 1137/1385/1343
f 1137/1385/1343 1117/1389/1347 1135/1368/1328
f 1117/1389/1347 1116/1366/1326 1135/1368/1328
f 1128/1390/1348 1144/1391/1349 1112/1392/1350
f 1112/1392/1350 1144/1391/1349 1113/1393/1351
f 1111/1394/1311 1114/1395/1352 1115/1396/1312
f 1115/1396/1312 1114/1395/1352 1145/1397/1353
f 1112/1398/1307 1111/1399/1309 1151/1400/1354
f 1151/1400/1354 1111/1399/1309 1127/1401/1355
f 1151/1400/1354 1127/1401/1355 1150/1402/1356
f 1150/1402/1356 1127/1401/1355 1126/1403/1357
f 1150/1402/1356 1126/1403/1357 1149/1404/1358
f 1149/1404/1358 1126/1403/1357 1125/1405/1359
f 1149/1404/1358 1125/1405/1359 1148/1406/1360
f 1148/1406/1360 1125/1405/1359 1124/1407/1361
f 1148/1406/1360 1124/1407/1361 1147/1408/1362
f 1147/1408/1362 1124/1407/1361 1123/1409/1363
f 1147/1408/1362 1123/1409/1363 1146/1410/1364
f 1146/1410/1364 1123/1409/1363 1122/1411/1365
f 1146/1410/1364 1122/1411/1365 1106/1412/1366
f 1106/1412/1366 1122/1411/1365 1121/1413/1367
f 1100/1414/1368 1099/1415/1369 1107/1416/1370
f 1107/1416/1370 1099/1415/1369 1152/1417/1371
f 1110/1418/1372 1094/1419/1373 1103/1420/1374
f 1103/1420/1374 1094/1419/1373 1093/1421/1375
f 1115/1422/1327 1145/1423/1376 1128/1424/1329
f 1128/1424/1329 1145/1423/1376 1144/1425/1377
f 1114/1426/1378 1113/1427/1379 1145/1428/1380
f 1145/1428/1380 1113/1427/1379 1144/1429/1381
f 1112/1430/1350 1151/1431/1382 1128/1432/1348
f 1128/1432/1348 1151/1431/1382 1129/1433/1383
f 1129/1433/1383 1151/1431/1382 1150/1434/1384
f 1129/1433/1383 1150/1434/1384 1130/1435/1385
f 1130/1435/1385 1150/1434/1384 1149/1436/1386
f 1130/1435/1385 1149/1436/1386 1131/1437/1387
f 1131/1437/1387 1149/1436/1386 1148/1438/1388
f 1131/1437/1387 1148/1438/1388 1132/1439/1389
f 1132/1439/1389 1148/1438/1388 1147/1440/1390
f 1132/1439/1389 1147/1440/1390 1133/1441/1391
f 1133/1441/1391 1147/1440/1390 1146/1442/1392
f 1133/1441/1391 1146/1442/1392 1096/1443/1292
f 1096/1443/1292 1146/1442/1392 1106/1444/1294
f 1105/1445/1393 1152/1446/1394 1098/1447/1395
f 1098/1447/1395 1152/1446/1394 1099/1448/1396
f 1090/1449/1397 1121/1450/1325 1091/1451/1398
f 1091/1451/1398 1121/1450/1325 1095/1452/1324
f 1090/1453/1399 1089/1454/1400 1121/1455/1367
f 1121/1455/1367 1089/1454/1400 1094/1456/1401
f 1121/1455/1367 1094/1456/1401 1106/1457/1366
f 1106/1457/1366 1094/1456/1401 1152/1458/1402
f 1106/1457/1366 1152/1458/1402 1105/1459/1403
f 1110/1460/1404 1109/1461/1405 1094/1456/1401
f 1094/1456/1401 1109/1461/1405 1152/1458/1402
f 1109/1461/1405 1108/1462/1406 1152/1458/1402
f 1152/1458/1402 1108/1462/1406 1107/1463/1407
f 1105/1459/1403 1104/1464/1408 1106/1457/1366
g Body2

v -3.935066 -0.770066 0.000000
v -3.935066 -0.570066 0.200000
v -3.685066 -0.570066 0.200000
v -3.685066 -0.770066 0.000000
v -3.685066 -1.005066 0.000000
v -3.935066 -1.005066 0.000000
v -3.685066 -0.570066 2.093066
v -3.685066 -1.970066 2.093066
v -3.685066 -1.970066 0.200000
v -3.685066 -1.770066 0.000000
v -3.685066 -1.535066 0.000000
v -3.685066 -1.535066 -3.300000
v -3.685066 -1.335066 -3.500000
v -3.685066 -1.205066 -3.500000
v -3.685066 -1.005066 -3.300000
v -3.935066 -1.970066 0.200000
v -3.935066 -1.770066 0.000000
v -3.935066 -1.970066 2.093066
v -3.935066 -1.535066 -3.300000
v -3.935066 -1.335066 -3.500000
v -3.935066 -1.205066 -3.500000
v -3.935066 -1.005066 -3.300000
v -3.585066 -0.570066 2.443066
v -3.585066 -1.970066 2.443066
v -1.008000 -1.970066 2.443066
v -1.008000 -0.570066 2.443066
v -3.585066 -0.570066 2.193066
v -3.610948 -0.570066 2.189659
v -3.635066 -0.570066 2.179669
v -3.655777 -0.570066 2.163777
v -3.671669 -0.570066 2.143066
v -3.681659 -0.570066 2.118948
v -3.935066 -0.570066 2.093066
v -3.926291 -0.570066 2.170949
v -3.900405 -0.570066 2.244926
v -3.858707 -0.570066 2.311288
v -3.803288 -0.570066 2.366707
v -3.736926 -0.570066 2.408405
v -3.662949 -0.570066 2.434291
v -3.585066 -1.970066 2.193066
v -3.610948 -1.970066 2.189659
v -3.635066 -1.970066 2.179669
v -3.655777 -1.970066 2.163777
v -3.671669 -1.970066 2.143066
v -3.681659 -1.970066 2.118948
v -3.610948 -1.503400 2.189659
v -3.610948 -1.036733 2.189659
v -3.635066 -1.503400 2.179669
v -3.635066 -1.036733 2.179669
v -3.655777 -1.503400 2.163777
v -3.655777 -1.036733 2.163777
v -3.671669 -1.503400 2.143066
v -3.671669 -1.036733 2.143066
v -3.681659 -1.503400 2.118948
v -3.681659 -1.036733 2.118948
v -1.008000 -1.970066 2.193066
v -1.008000 -0.570066 2.193066
v -3.926291 -1.970066 2.170949
v -3.900405 -1.970066 2.244926
v -3.858707 -1.970066 2.311288
v -3.803288 -1.970066 2.366707
v -3.736926 -1.970066 2.408405
v -3.662949 -1.970066 2.434291
v -3.935066 -1.535066 0.000000
vt 0.014142 0.012500 0.000000
vt -0.014142 0.012500 0.000000
vt 0.014142 -0.012500 0.000000
vt -0.014142 -0.012500 0.000000
vt 0.020000 -0.012500 0.000000
vt 0.043500 -0.012500 0.000000
vt 0.020000 0.012500 0.000000
vt 0.043500 0.012500 0.000000
vt 0.230000 0.070000 0.000000
vt 0.040693 0.070000 0.000000
vt 0.250000 0.050000 0.000000
vt 0.250000 0.026500 0.000000
vt 0.040693 -0.070000 0.000000
vt 0.250000 -0.026500 0.000000
vt 0.250000 -0.050000 0.000000
vt 0.230000 -0.070000 0.000000
vt 0.580000 -0.026500 0.000000
vt 0.600000 -0.006500 0.000000
vt 0.600000 0.006500 0.000000
vt 0.580000 0.026500 0.000000
vt 0.014142 0.012500 0.000000
vt -0.014142 0.012500 0.000000
vt 0.014142 -0.012500 0.000000
vt -0.014142 -0.012500 0.000000
vt 0.020000 -0.012500 0.000000
vt 0.209307 -0.012500 0.000000
vt 0.020000 0.012500 0.000000
vt 0.209307 0.012500 0.000000
vt 0.014142 0.012500 0.000000
vt -0.014142 0.012500 0.000000
vt 0.014142 -0.012500 0.000000
vt -0.014142 -0.012500 0.000000
vt 0.033000 0.012500 0.000000
vt 0.020000 0.012500 0.000000
vt 0.033000 -0.012500 0.000000
vt 0.020000 -0.012500 0.000000
vt 0.014142 0.012500 0.000000
vt -0.014142 0.012500 0.000000
vt 0.014142 -0.012500 0.000000
vt -0.014142 -0.012500 0.000000
vt -0.007707 -0.070000 0.000000
vt 0.250000 -0.070000 0.000000
vt -0.007707 0.070000 0.000000
vt 0.250000 0.070000 0.000000
vt -0.025000 -0.000000 0.000000
vt 0.000000 0.000000 0.000000
vt -0.024122 0.007788 0.000000
vt 0.000341 0.002588 0.000000
vt -0.021534 0.015186 0.000000
vt 0.001340 0.005000 0.000000
vt -0.017364 0.021822 0.000000
vt 0.002929 0.007071 0.000000
vt -0.011822 0.027364 0.000000
vt 0.005000 0.008660 0.000000
vt -0.005186 0.031534 0.000000
vt 0.007412 0.009659 0.000000
vt 0.002212 0.034122 0.000000
vt 0.010000 0.010000 0.000000
vt 0.010000 0.035000 0.000000
vt 0.070000 0.013090 0.000000
vt 0.070000 0.015708 0.000000
vt 0.023333 0.013090 0.000000
vt -0.070000 0.015708 0.000000
vt -0.023333 0.013090 0.000000
vt -0.070000 0.013090 0.000000
vt -0.023333 0.010472 0.000000
vt -0.070000 0.010472 0.000000
vt -0.023333 0.007854 0.000000
vt -0.070000 0.007854 0.000000
vt -0.023333 0.005236 0.000000
vt -0.070000 0.005236 0.000000
vt -0.023333 0.002618 0.000000
vt -0.070000 0.002618 0.000000
vt -0.070000 0.000000 0.000000
vt 0.070000 0.000000 0.000000
vt 0.023333 0.002618 0.000000
vt 0.023333 0.005236 0.000000
vt 0.023333 0.007854 0.000000
vt 0.023333 0.010472 0.000000
vt 0.070000 0.002618 0.000000
vt 0.070000 0.005236 0.000000
vt 0.070000 0.007854 0.000000
vt 0.070000 0.010472 0.000000
vt 0.242293 -0.012500 0.000000
vt 0.500000 -0.012500 0.000000
vt 0.242293 0.012500 0.000000
vt 0.500000 0.012500 0.000000
vt 0.257707 0.012500 0.000000
vt -0.000000 0.012500 0.000000
vt 0.257707 -0.012500 0.000000
vt 0.000000 -0.012500 0.000000
vt 0.070000 0.054978 0.000000
vt -0.070000 0.054978 0.000000
vt 0.070000 0.047124 0.000000
vt -0.070000 0.047124 0.000000
vt 0.070000 0.039270 0.000000
vt -0.070000 0.039270 0.000000
vt 0.070000 0.031416 0.000000
vt -0.070000 0.031416 0.000000
vt 0.070000 0.023562 0.000000
vt -0.070000 0.023562 0.000000
vt 0.070000 0.015708 0.000000
vt -0.070000 0.015708 0.000000
vt 0.070000 0.007854 0.000000
vt -0.070000 0.007854 0.000000
vt 0.070000 0.000000 0.000000
vt -0.070000 0.000000 0.000000
vt 0.020000 -0.012500 0.000000
vt 0.350000 -0.012500 0.000000
vt 0.020000 0.012500 0.000000
vt 0.350000 0.012500 0.000000
vt 0.330000 0.012500 0.000000
vt 0.000000 0.012500 0.000000
vt 0.330000 -0.012500 0.000000
vt 0.000000 -0.012500 0.000000
vt 0.007707 0.070000 0.000000
vt -0.250000 0.070000 0.000000
vt 0.007707 -0.070000 0.000000
vt -0.250000 -0.070000 0.000000
vt 0.140000 0.012500 0.000000
vt 0.000000 0.012500 0.000000
vt 0.140000 -0.012500 0.000000
vt 0.000000 -0.012500 0.000000
vt -0.000000 -0.000000 0.000000
vt -0.000878 0.007788 0.000000
vt -0.025000 -0.000000 0.000000
vt -0.025341 0.002588 0.000000
vt -0.003466 0.015186 0.000000
vt -0.026340 0.005000 0.000000
vt -0.007636 0.021822 0.000000
vt -0.027929 0.007071 0.000000
vt -0.013178 0.027364 0.000000
vt -0.030000 0.008660 0.000000
vt -0.019814 0.031534 0.000000
vt -0.032412 0.009659 0.000000
vt -0.027212 0.034122 0.000000
vt -0.035000 0.010000 0.000000
vt -0.035000 0.035000 0.000000
vt 0.120000 0.012500 0.000000
vt 0.096500 0.012500 0.000000
vt 0.120000 -0.012500 0.000000
vt 0.096500 -0.012500 0.000000
vt 0.480000 0.012500 0.000000
vt 0.290693 0.012500 0.000000
vt 0.480000 -0.012500 0.000000
vt 0.290693 -0.012500 0.000000
vt -0.230000 0.070000 0.000000
vt -0.250000 0.050000 0.000000
vt -0.040693 0.070000 0.000000
vt -0.250000 0.026500 0.000000
vt -0.040693 -0.070000 0.000000
vt -0.250000 -0.026500 0.000000
vt -0.250000 -0.050000 0.000000
vt -0.580000 0.026500 0.000000
vt -0.600000 0.006500 0.000000
vt -0.600000 -0.006500 0.000000
vt -0.580000 -0.026500 0.000000
vt -0.230000 -0.070000 0.000000
vn -0.000000 0.070711 -0.070711
vn -0.000000 0.070711 -0.070711
vn -0.000000 0.070711 -0.070711
vn -0.000000 0.070711 -0.070711
vn 0.000000 0.000000 -0.100000
vn 0.000000 0.000000 -0.100000
vn 0.000000 0.000000 -0.100000
vn 0.000000 0.000000 -0.100000
vn 0.100000 0.000000 0.000000
vn 0.100000 0.000000 0.000000
vn 0.100000 0.000000 0.000000
vn 0.100000 0.000000 0.000000
vn 0.100000 0.000000 0.000000
vn 0.100000 0.000000 0.000000
vn 0.100000 0.000000 0.000000
vn 0.100000 0.000000 0.000000
vn 0.100000 0.000000 0.000000
vn 0.100000 0.000000 0.000000
vn 0.100000 0.000000 0.000000
vn 0.100000 0.000000 0.000000
vn 0.000000 -0.070711 -0.070711
vn 0.000000 -0.070711 -0.070711
vn 0.000000 -0.070711 -0.070711
vn 0.000000 -0.070711 -0.070711
vn 0.000000 -0.100000 0.000000
vn 0.000000 -0.100000 0.000000
vn 0.000000 -0.100000 0.000000
vn 0.000000 -0.100000 0.000000
vn 0.000000 -0.070711 -0.070711
vn 0.000000 -0.070711 -0.070711
vn 0.000000 -0.070711 -0.070711
vn 0.000000 -0.070711 -0.070711
vn 0.000000 0.000000 -0.100000
vn 0.000000 0.000000 -0.100000
vn 0.000000 0.000000 -0.100000
vn 0.000000 0.000000 -0.100000
vn -0.000000 0.070711 -0.070711
vn -0.000000 0.070711 -0.070711
vn -0.000000 0.070711 -0.070711
vn -0.000000 0.070711 -0.070711
vn -0.000000 -0.000000 0.100000
vn -0.000000 -0.000000 0.100000
vn -0.000000 -0.000000 0.100000
vn -0.000000 -0.000000 0.100000
vn -0.000000 0.100000 0.000000
vn -0.000000 0.100000 0.000000
vn -0.000000 0.100000 0.000000
vn -0.000000 0.100000 0.000000
vn -0.000000 0.100000 0.000000
vn -0.000000 0.100000 0.000000
vn -0.000000 0.100000 0.000000
vn -0.000000 0.100000 0.000000
vn -0.000000 0.100000 0.000000
vn -0.000000 0.100000 0.000000
vn -0.000000 0.100000 0.000000
vn -0.000000 0.100000 0.000000
vn -0.000000 0.100000 0.000000
vn -0.000000 0.100000 0.000000
vn -0.000000 0.100000 0.000000
vn 0.025882 0.000000 -0.096593
vn 0.000000 0.000000 -0.100000
vn 0.025882 0.000000 -0.096593
vn 0.000000 0.000000 -0.100000
vn 0.025882 0.000000 -0.096593
vn 0.025882 0.000000 -0.096593
vn 0.050000 0.000000 -0.086603
vn 0.050000 0.000000 -0.086603
vn 0.070711 0.000000 -0.070711
vn 0.070711 0.000000 -0.070711
vn 0.086603 0.000000 -0.050000
vn 0.086603 0.000000 -0.050000
vn 0.096593 0.000000 -0.025882
vn 0.096593 0.000000 -0.025882
vn 0.096593 0.000000 -0.025882
vn 0.086603 0.000000 -0.050000
vn 0.070711 0.000000 -0.070711
vn 0.050000 0.000000 -0.086603
vn 0.096593 0.000000 -0.025882
vn 0.086603 0.000000 -0.050000
vn 0.070711 0.000000 -0.070711
vn 0.050000 0.000000 -0.086603
vn 0.000000 -0.100000 0.000000
vn 0.000000 -0.100000 0.000000
vn 0.000000 -0.100000 0.000000
vn 0.000000 -0.100000 0.000000
vn -0.000000 0.100000 0.000000
vn -0.000000 0.100000 0.000000
vn -0.022252 -0.000000 0.097493
vn -0.022252 -0.000000 0.097493
vn -0.043388 -0.000000 0.090097
vn -0.043388 -0.000000 0.090097
vn -0.062349 -0.000000 0.078183
vn -0.062349 -0.000000 0.078183
vn -0.078183 -0.000000 0.062349
vn -0.078183 -0.000000 0.062349
vn -0.090097 -0.000000 0.043388
vn -0.090097 -0.000000 0.043388
vn -0.097493 -0.000000 0.022252
vn -0.097493 -0.000000 0.022252
vn -0.100000 -0.000000 0.000000
vn -0.100000 -0.000000 0.000000
vn 0.000000 -0.100000 0.000000
vn 0.000000 -0.100000 0.000000
vn 0.000000 -0.100000 0.000000
vn 0.000000 -0.100000 0.000000
vn -0.000000 0.100000 0.000000
vn -0.000000 0.100000 0.000000
vn -0.000000 0.100000 0.000000
vn -0.000000 0.100000 0.000000
vn 0.000000 0.000000 -0.100000
vn 0.000000 0.000000 -0.100000
vn 0.100000 0.000000 0.000000
vn 0.100000 0.000000 0.000000
vn 0.100000 0.000000 0.000000
vn 0.100000 0.000000 0.000000
vn 0.000000 -0.100000 0.000000
vn 0.000000 -0.100000 0.000000
vn 0.000000 -0.100000 0.000000
vn 0.000000 -0.100000 0.000000
vn 0.000000 -0.100000 0.000000
vn 0.000000 -0.100000 0.000000
vn 0.000000 -0.100000 0.000000
vn 0.000000 -0.100000 0.000000
vn 0.000000 -0.100000 0.000000
vn 0.000000 -0.100000 0.000000
vn 0.000000 -0.100000 0.000000
vn 0.000000 0.000000 -0.100000
vn 0.000000 0.000000 -0.100000
vn 0.000000 0.000000 -0.100000
vn 0.000000 0.000000 -0.100000
vn -0.000000 0.100000 0.000000
vn -0.000000 0.100000 0.000000
vn -0.100000 -0.000000 0.000000
vn -0.100000 -0.000000 0.000000
vn -0.100000 -0.000000 0.000000
vn -0.100000 -0.000000 0.000000
vn -0.100000 -0.000000 0.000000
vn -0.100000 -0.000000 0.000000
vn -0.100000 -0.000000 0.000000
vn -0.100000 -0.000000 0.000000
vn -0.100000 -0.000000 0.000000
vn -0.100000 -0.000000 0.000000
f 1153/1465/1409 1154/1466/1410 1156/1467/1411
f 1156/1467/1411 1154/1466/1410 1155/1468/1412
f 1156/1469/1413 1157/1470/1414 1153/1471/1415
f 1153/1471/1415 1157/1470/1414 1158/1472/1416
f 1155/1473/1417 1159/1474/1418 1156/1475/1419
f 1156/1475/1419 1159/1474/1418 1157/1476/1420
f 1157/1476/1420 1159/1474/1418 1160/1477/1421
f 1157/1476/1420 1160/1477/1421 1163/1478/1422
f 1163/1478/1422 1160/1477/1421 1162/1479/1423
f 1162/1479/1423 1160/1477/1421 1161/1480/1424
f 1164/1481/1425 1165/1482/1426 1163/1478/1422
f 1163/1478/1422 1165/1482/1426 1166/1483/1427
f 1163/1478/1422 1166/1483/1427 1157/1476/1420
f 1157/1476/1420 1166/1483/1427 1167/1484/1428
f 1168/1485/1429 1169/1486/1430 1161/1487/1431
f 1161/1487/1431 1169/1486/1430 1162/1488/1432
f 1161/1489/1433 1160/1490/1434 1168/1491/1435
f 1168/1491/1435 1160/1490/1434 1170/1492/1436
f 1171/1493/1437 1172/1494/1438 1164/1495/1439
f 1164/1495/1439 1172/1494/1438 1165/1496/1440
f 1172/1497/1441 1173/1498/1442 1165/1499/1443
f 1165/1499/1443 1173/1498/1442 1166/1500/1444
f 1173/1501/1445 1174/1502/1446 1166/1503/1447
f 1166/1503/1447 1174/1502/1446 1167/1504/1448
f 1176/1505/1449 1177/1506/1450 1175/1507/1451
f 1175/1507/1451 1177/1506/1450 1178/1508/1452
f 1175/1509/1453 1179/1510/1454 1191/1511/1455
f 1191/1511/1455 1179/1510/1454 1180/1512/1456
f 1191/1511/1455 1180/1512/1456 1190/1513/1457
f 1190/1513/1457 1180/1512/1456 1181/1514/1458
f 1190/1513/1457 1181/1514/1458 1189/1515/1459
f 1189/1515/1459 1181/1514/1458 1182/1516/1460
f 1189/1515/1459 1182/1516/1460 1188/1517/1461
f 1188/1517/1461 1182/1516/1460 1183/1518/1462
f 1188/1517/1461 1183/1518/1462 1187/1519/1463
f 1187/1519/1463 1183/1518/1462 1184/1520/1464
f 1187/1519/1463 1184/1520/1464 1186/1521/1465
f 1186/1521/1465 1184/1520/1464 1159/1522/1466
f 1186/1521/1465 1159/1522/1466 1185/1523/1467
f 1180/1524/1468 1179/1525/1469 1199/1526/1470
f 1199/1526/1470 1179/1525/1469 1192/1527/1471
f 1199/1526/1470 1192/1527/1471 1198/1528/1472
f 1198/1528/1472 1192/1527/1471 1193/1529/1473
f 1198/1528/1472 1193/1529/1473 1200/1530/1474
f 1200/1530/1474 1193/1529/1473 1194/1531/1475
f 1200/1530/1474 1194/1531/1475 1202/1532/1476
f 1202/1532/1476 1194/1531/1475 1195/1533/1477
f 1202/1532/1476 1195/1533/1477 1204/1534/1478
f 1204/1534/1478 1195/1533/1477 1196/1535/1479
f 1204/1534/1478 1196/1535/1479 1206/1536/1480
f 1206/1536/1480 1196/1535/1479 1197/1537/1481
f 1206/1536/1480 1197/1537/1481 1160/1538/1421
f 1160/1538/1421 1159/1539/1418 1206/1536/1480
f 1206/1536/1480 1159/1539/1418 1207/1540/1482
f 1206/1536/1480 1207/1540/1482 1204/1534/1478
f 1204/1534/1478 1207/1540/1482 1205/1541/1483
f 1204/1534/1478 1205/1541/1483 1202/1532/1476
f 1202/1532/1476 1205/1541/1483 1203/1542/1484
f 1202/1532/1476 1203/1542/1484 1200/1530/1474
f 1200/1530/1474 1203/1542/1484 1201/1543/1485
f 1200/1530/1474 1201/1543/1485 1198/1528/1472
f 1198/1528/1472 1201/1543/1485 1199/1526/1470
f 1159/1539/1418 1184/1544/1486 1207/1540/1482
f 1207/1540/1482 1184/1544/1486 1205/1541/1483
f 1184/1544/1486 1183/1545/1487 1205/1541/1483
f 1205/1541/1483 1183/1545/1487 1203/1542/1484
f 1183/1545/1487 1182/1546/1488 1203/1542/1484
f 1203/1542/1484 1182/1546/1488 1201/1543/1485
f 1182/1546/1488 1181/1547/1489 1201/1543/1485
f 1201/1543/1485 1181/1547/1489 1199/1526/1470
f 1181/1547/1489 1180/1524/1468 1199/1526/1470
f 1192/1548/1490 1208/1549/1491 1176/1550/1492
f 1176/1550/1492 1208/1549/1491 1177/1551/1493
f 1175/1552/1453 1178/1553/1494 1179/1554/1454
f 1179/1554/1454 1178/1553/1494 1209/1555/1495
f 1176/1556/1449 1175/1557/1451 1215/1558/1496
f 1215/1558/1496 1175/1557/1451 1191/1559/1497
f 1215/1558/1496 1191/1559/1497 1214/1560/1498
f 1214/1560/1498 1191/1559/1497 1190/1561/1499
f 1214/1560/1498 1190/1561/1499 1213/1562/1500
f 1213/1562/1500 1190/1561/1499 1189/1563/1501
f 1213/1562/1500 1189/1563/1501 1212/1564/1502
f 1212/1564/1502 1189/1563/1501 1188/1565/1503
f 1212/1564/1502 1188/1565/1503 1211/1566/1504
f 1211/1566/1504 1188/1565/1503 1187/1567/1505
f 1211/1566/1504 1187/1567/1505 1210/1568/1506
f 1210/1568/1506 1187/1567/1505 1186/1569/1507
f 1210/1568/1506 1186/1569/1507 1170/1570/1508
f 1170/1570/1508 1186/1569/1507 1185/1571/1509
f 1164/1572/1510 1163/1573/1511 1171/1574/1512
f 1171/1574/1512 1163/1573/1511 1216/1575/1513
f 1174/1576/1514 1158/1577/1515 1167/1578/1516
f 1167/1578/1516 1158/1577/1515 1157/1579/1517
f 1179/1580/1469 1209/1581/1518 1192/1582/1471
f 1192/1582/1471 1209/1581/1518 1208/1583/1519
f 1178/1584/1520 1177/1585/1521 1209/1586/1522
f 1209/1586/1522 1177/1585/1521 1208/1587/1523
f 1176/1588/1492 1215/1589/1524 1192/1590/1490
f 1192/1590/1490 1215/1589/1524 1193/1591/1525
f 1193/1591/1525 1215/1589/1524 1214/1592/1526
f 1193/1591/1525 1214/1592/1526 1194/1593/1527
f 1194/1593/1527 1214/1592/1526 1213/1594/1528
f 1194/1593/1527 1213/1594/1528 1195/1595/1529
f 1195/1595/1529 1213/1594/1528 1212/1596/1530
f 1195/1595/1529 1212/1596/1530 1196/1597/1531
f 1196/1597/1531 1212/1596/1530 1211/1598/1532
f 1196/1597/1531 1211/1598/1532 1197/1599/1533
f 1197/1599/1533 1211/1598/1532 1210/1600/1534
f 1197/1599/1533 1210/1600/1534 1160/1601/1434
f 1160/1601/1434 1210/1600/1534 1170/1602/1436
f 1169/1603/1535 1216/1604/1536 1162/1605/1537
f 1162/1605/1537 1216/1604/1536 1163/1606/1538
f 1154/1607/1539 1185/1608/1467 1155/1609/1540
f 1155/1609/1540 1185/1608/1467 1159/1610/1466
f 1154/1611/1541 1153/1612/1542 1185/1613/1509
f 1185/1613/1509 1153/1612/1542 1158/1614/1543
f 1185/1613/1509 1158/1614/1543 1170/1615/1508
f 1170/1615/1508 1158/1614/1543 1216/1616/1544
f 1170/1615/1508 1216/1616/1544 1169/1617/1545
f 1174/1618/1546 1173/1619/1547 1158/1614/1543
f 1158/1614/1543 1173/1619/1547 1216/1616/1544
f 1173/1619/1547 1172/1620/1548 1216/1616/1544
f 1216/1616/1544 1172/1620/1548 1171/1621/1549
f 1169/1617/1545 1168/1622/1550 1170/1615/1508
g Body3

v -3.935066 4.309934 0.000000
v -3.935066 4.509934 0.200000
v -3.685066 4.509934 0.200000
v -3.685066 4.309934 0.000000
v -3.685066 4.074934 0.000000
v -3.935066 4.074934 0.000000
v -3.685066 4.509934 2.093066
v -3.685066 3.109934 2.093066
v -3.685066 3.109934 0.200000
v -3.685066 3.309934 0.000000
v -3.685066 3.544934 0.000000
v -3.685066 3.544934 -3.300000
v -3.685066 3.744934 -3.500000
v -3.685066 3.874934 -3.500000
v -3.685066 4.074934 -3.300000
v -3.935066 3.109934 0.200000
v -3.935066 3.309934 0.000000
v -3.935066 3.109934 2.093066
v -3.935066 3.544934 -3.300000
v -3.935066 3.744934 -3.500000
v -3.935066 3.874934 -3.500000
v -3.935066 4.074934 -3.300000
v -3.585066 4.509934 2.443066
v -3.585066 3.109934 2.443066
v -1.008000 3.109934 2.443066
v -1.008000 4.509934 2.443066
v -3.585066 4.509934 2.193066
v -3.610948 4.509934 2.189659
v -3.635066 4.509934 2.179669
v -3.655777 4.509934 2.163777
v -3.671669 4.509934 2.143066
v -3.681659 4.509934 2.118948
v -3.935066 4.509934 2.093066
v -3.926291 4.509934 2.170949
v -3.900405 4.509934 2.244926
v -3.858707 4.509934 2.311288
v -3.803288 4.509934 2.366707
v -3.736926 4.509934 2.408405
v -3.662949 4.509934 2.434291
v -3.585066 3.109934 2.193066
v -3.610948 3.109934 2.189659
v -3.635066 3.109934 2.179669
v -3.655777 3.109934 2.163777
v -3.671669 3.109934 2.143066
v -3.681659 3.109934 2.118948
v -3.610948 3.576600 2.189659
v -3.610948 4.043267 2.189659
v -3.635066 3.576600 2.179669
v -3.635066 4.043267 2.179669
v -3.655777 3.576600 2.163777
v -3.655777 4.043267 2.163777
v -3.671669 3.576600 2.143066
v -3.671669 4.043267 2.143066
v -3.681659 3.576600 2.118948
v -3.681659 4.043267 2.118948
v -1.008000 3.109934 2.193066
v -1.008000 4.509934 2.193066
v -3.926291 3.109934 2.170949
v -3.900405 3.109934 2.244926
v -3.858707 3.109934 2.311288
v -3.803288 3.109934 2.366707
v -3.736926 3.109934 2.408405
v -3.662949 3.109934 2.434291
v -3.935066 3.544934 0.000000
vt 0.014142 0.012500 0.000000
vt -0.014142 0.012500 0.000000
vt 0.014142 -0.012500 0.000000
vt -0.014142 -0.012500 0.000000
vt 0.020000 -0.012500 0.000000
vt 0.043500 -0.012500 0.000000
vt 0.020000 0.012500 0.000000
vt 0.043500 0.012500 0.000000
vt 0.230000 0.070000 0.000000
vt 0.040693 0.070000 0.000000
vt 0.250000 0.050000 0.000000
vt 0.250000 0.026500 0.000000
vt 0.040693 -0.070000 0.000000
vt 0.250000 -0.026500 0.000000
vt 0.250000 -0.050000 0.000000
vt 0.230000 -0.070000 0.000000
vt 0.580000 -0.026500 0.000000
vt 0.600000 -0.006500 0.000000
vt 0.600000 0.006500 0.000000
vt 0.580000 0.026500 0.000000
vt 0.014142 0.012500 0.000000
vt -0.014142 0.012500 0.000000
vt 0.014142 -0.012500 0.000000
vt -0.014142 -0.012500 0.000000
vt 0.020000 -0.012500 0.000000
vt 0.209307 -0.012500 0.000000
vt 0.020000 0.012500 0.000000
vt 0.209307 0.012500 0.000000
vt 0.014142 0.012500 0.000000
vt -0.014142 0.012500 0.000000
vt 0.014142 -0.012500 0.000000
vt -0.014142 -0.012500 0.000000
vt 0.033000 0.012500 0.000000
vt 0.020000 0.012500 0.000000
vt 0.033000 -0.012500 0.000000
vt 0.020000 -0.012500 0.000000
vt 0.014142 0.012500 0.000000
vt -0.014142 0.012500 0.000000
vt 0.014142 -0.012500 0.000000
vt -0.014142 -0.012500 0.000000
vt -0.007707 -0.070000 0.000000
vt 0.250000 -0.070000 0.000000
vt -0.007707 0.070000 0.000000
vt 0.250000 0.070000 0.000000
vt -0.025000 -0.000000 0.000000
vt 0.000000 0.000000 0.000000
vt -0.024122 0.007788 0.000000
vt 0.000341 0.002588 0.000000
vt -0.021534 0.015186 0.000000
vt 0.001340 0.005000 0.000000
vt -0.017364 0.021822 0.000000
vt 0.002929 0.007071 0.000000
vt -0.011822 0.027364 0.000000
vt 0.005000 0.008660 0.000000
vt -0.005186 0.031534 0.000000
vt 0.007412 0.009659 0.000000
vt 0.002212 0.034122 0.000000
vt 0.010000 0.010000 0.000000
vt 0.010000 0.035000 0.000000
vt 0.070000 0.013090 0.000000
vt 0.070000 0.015708 0.000000
vt 0.023333 0.013090 0.000000
vt -0.070000 0.015708 0.000000
vt -0.023333 0.013090 0.000000
vt -0.070000 0.013090 0.000000
vt -0.023333 0.010472 0.000000
vt -0.070000 0.010472 0.000000
vt -0.023333 0.007854 0.000000
vt -0.070000 0.007854 0.000000
vt -0.023333 0.005236 0.000000
vt -0.070000 0.005236 0.000000
vt -0.023333 0.002618 0.000000
vt -0.070000 0.002618 0.000000
vt -0.070000 0.000000 0.000000
vt 0.070000 0.000000 0.000000
vt 0.023333 0.002618 0.000000
vt 0.023333 0.005236 0.000000
vt 0.023333 0.007854 0.000000
vt 0.023333 0.010472 0.000000
vt 0.070000 0.002618 0.000000
vt 0.070000 0.005236 0.000000
vt 0.070000 0.007854 0.000000
vt 0.070000 0.010472 0.000000
vt 0.242293 -0.012500 0.000000
vt 0.500000 -0.012500 0.000000
vt 0.242293 0.012500 0.000000
vt 0.500000 0.012500 0.000000
vt 0.257707 0.012500 0.000000
vt -0.000000 0.012500 0.000000
vt 0.257707 -0.012500 0.000000
vt 0.000000 -0.012500 0.000000
vt 0.070000 0.054978 0.000000
vt -0.070000 0.054978 0.000000
vt 0.070000 0.047124 0.000000
vt -0.070000 0.047124 0.000000
vt 0.070000 0.039270 0.000000
vt -0.070000 0.039270 0.000000
vt 0.070000 0.031416 0.000000
vt -0.070000 0.031416 0.000000
vt 0.070000 0.023562 0.000000
vt -0.070000 0.023562 0.000000
vt 0.070000 0.015708 0.000000
vt -0.070000 0.015708 0.000000
vt 0.070000 0.007854 0.000000
vt -0.070000 0.007854 0.000000
vt 0.070000 0.000000 0.000000
vt -0.070000 0.000000 0.000000
vt 0.020000 -0.012500 0.000000
vt 0.350000 -0.012500 0.000000
vt 0.020000 0.012500 0.000000
vt 0.350000 0.012500 0.000000
vt 0.330000 0.012500 0.000000
vt 0.000000 0.012500 0.000000
vt 0.330000 -0.012500 0.000000
vt 0.000000 -0.012500 0.000000
vt 0.007707 0.070000 0.000000
vt -0.250000 0.070000 0.000000
vt 0.007707 -0.070000 0.000000
vt -0.250000 -0.070000 0.000000
vt 0.140000 0.012500 0.000000
vt 0.000000 0.012500 0.000000
vt 0.140000 -0.012500 0.000000
vt 0.000000 -0.012500 0.000000
vt -0.000000 -0.000000 0.000000
vt -0.000878 0.007788 0.000000
vt -0.025000 -0.000000 0.000000
vt -0.025341 0.002588 0.000000
vt -0.003466 0.015186 0.000000
vt -0.026340 0.005000 0.000000
vt -0.007636 0.021822 0.000000
vt -0.027929 0.007071 0.000000
vt -0.013178 0.027364 0.000000
vt -0.030000 0.008660 0.000000
vt -0.019814 0.031534 0.000000
vt -0.032412 0.009659 0.000000
vt -0.027212 0.034122 0.000000
vt -0.035000 0.010000 0.000000
vt -0.035000 0.035000 0.000000
vt 0.120000 0.012500 0.000000
vt 0.096500 0.012500 0.000000
vt 0.120000 -0.012500 0.000000
vt 0.096500 -0.012500 0.000000
vt 0.480000 0.012500 0.000000
vt 0.290693 0.012500 0.000000
vt 0.480000 -0.012500 0.000000
vt 0.290693 -0.012500 0.000000
vt -0.230000 0.070000 0.000000
vt -0.250000 0.050000 0.000000
vt -0.040693 0.070000 0.000000
vt -0.250000 0.026500 0.000000
vt -0.040693 -0.070000 0.000000
vt -0.250000 -0.026500 0.000000
vt -0.250000 -0.050000 0.000000
vt -0.580000 0.026500 0.000000
vt -0.600000 0.006500 0.000000
vt -0.600000 -0.006500 0.000000
vt -0.580000 -0.026500 0.000000
vt -0.230000 -0.070000 0.000000
vn -0.000000 0.070711 -0.070711
vn -0.000000 0.070711 -0.070711
vn -0.000000 0.070711 -0.070711
vn -0.000000 0.070711 -0.070711
vn 0.000000 0.000000 -0.100000
vn 0.000000 0.000000 -0.100000
vn 0.000000 0.000000 -0.100000
vn 0.000000 0.000000 -0.100000
vn 0.100000 0.000000 0.000000
vn 0.100000 0.000000 0.000000
vn 0.100000 0.000000 0.000000
vn 0.100000 0.000000 0.000000
vn 0.100000 0.000000 0.000000
vn 0.100000 0.000000 0.000000
vn 0.100000 0.000000 0.000000
vn 0.100000 0.000000 0.000000
vn 0.100000 0.000000 0.000000
vn 0.100000 0.000000 0.000000
vn 0.100000 0.000000 0.000000
vn 0.100000 0.000000 0.000000
vn 0.000000 -0.070711 -0.070711
vn 0.000000 -0.070711 -0.070711
vn 0.000000 -0.070711 -0.070711
vn 0.000000 -0.070711 -0.070711
vn 0.000000 -0.100000 0.000000
vn 0.000000 -0.100000 0.000000
vn 0.000000 -0.100000 0.000000
vn 0.000000 -0.100000 0.000000
vn 0.000000 -0.070711 -0.070711
vn 0.000000 -0.070711 -0.070711
vn 0.000000 -0.070711 -0.070711
vn 0.000000 -0.070711 -0.070711
vn 0.000000 0.000000 -0.100000
vn 0.000000 0.000000 -0.100000
vn 0.000000 0.000000 -0.100000
vn 0.000000 0.000000 -0.100000
vn -0.000000 0.070711 -0.070711
vn -0.000000 0.070711 -0.070711
vn -0.000000 0.070711 -0.070711
vn -0.000000 0.070711 -0.070711
vn -0.000000 -0.000000 0.100000
vn -0.000000 -0.000000 0.100000
vn -0.000000 -0.000000 0.100000
vn -0.000000 -0.000000 0.100000
vn -0.000000 0.100000 0.000000
vn -0.000000 0.100000 0.000000
vn -0.000000 0.100000 0.000000
vn -0.000000 0.100000 0.000000
vn -0.000000 0.100000 0.000000
vn -0.000000 0.100000 0.000000
vn -0.000000 0.100000 0.000000
vn -0.000000 0.100000 0.000000
vn -0.000000 0.100000 0.000000
vn -0.000000 0.100000 0.000000
vn -0.000000 0.100000 0.000000
vn -0.000000 0.100000 0.000000
vn -0.000000 0.100000 0.000000
vn -0.000000 0.100000 0.000000
vn -0.000000 0.100000 0.000000
vn 0.025882 0.000000 -0.096593
vn 0.000000 0.000000 -0.100000
vn 0.025882 0.000000 -0.096593
vn 0.000000 0.000000 -0.100000
vn 0.025882 0.000000 -0.096593
vn 0.025882 0.000000 -0.096593
vn 0.050000 0.000000 -0.086603
vn 0.050000 0.000000 -0.086603
vn 0.070711 0.000000 -0.070711
vn 0.070711 0.000000 -0.070711
vn 0.086603 0.000000 -0.050000
vn 0.086603 0.000000 -0.050000
vn 0.096593 0.000000 -0.025882
vn 0.096593 0.000000 -0.025882
vn 0.096593 0.000000 -0.025882
vn 0.086603 0.000000 -0.050000
vn 0.070711 0.000000 -0.070711
vn 0.050000 0.000000 -0.086603
vn 0.096593 0.000000 -0.025882
vn 0.086603 0.000000 -0.050000
vn 0.070711 0.000000 -0.070711
vn 0.050000 0.000000 -0.086603
vn 0.000000 -0.100000 0.000000
vn 0.000000 -0.100000 0.000000
vn 0.000000 -0.100000 0.000000
vn 0.000000 -0.100000 0.000000
vn -0.000000 0.100000 0.000000
vn -0.000000 0.100000 0.000000
vn -0.022252 -0.000000 0.097493
vn -0.022252 -0.000000 0.097493
vn -0.043388 -0.000000 0.090097
vn -0.043388 -0.000000 0.090097
vn -0.062349 -0.000000 0.078183
vn -0.062349 -0.000000 0.078183
vn -0.078183 -0.000000 0.062349
vn -0.078183 -0.000000 0.062349
vn -0.090097 -0.000000 0.043388
vn -0.090097 -0.000000 0.043388
vn -0.097493 -0.000000 0.022252
vn -0.097493 -0.000000 0.022252
vn -0.100000 -0.000000 0.000000
vn -0.100000 -0.000000 0.000000
vn 0.000000 -0.100000 0.000000
vn 0.000000 -0.100000 0.000000
vn 0.000000 -0.100000 0.000000
vn 0.000000 -0.100000 0.000000
vn -0.000000 0.100000 0.000000
vn -0.000000 0.100000 0.000000
vn -0.000000 0.100000 0.000000
vn -0.000000 0.100000 0.000000
vn 0.000000 0.000000 -0.100000
vn 0.000000 0.000000 -0.100000
vn 0.100000 0.000000 0.000000
vn 0.100000 0.000000 0.000000
vn 0.100000 0.000000 0.000000
vn 0.100000 0.000000 0.000000
vn 0.000000 -0.100000 0.000000
vn 0.000000 -0.100000 0.000000
vn 0.000000 -0.100000 0.000000
vn 0.000000 -0.100000 0.000000
vn 0.000000 -0.100000 0.000000
vn 0.000000 -0.100000 0.000000
vn 0.000000 -0.100000 0.000000
vn 0.000000 -0.100000 0.000000
vn 0.000000 -0.100000 0.000000
vn 0.000000 -0.100000 0.000000
vn 0.000000 -0.100000 0.000000
vn 0.000000 0.000000 -0.100000
vn 0.000000 0.000000 -0.100000
vn 0.000000 0.000000 -0.100000
vn 0.000000 0.000000 -0.100000
vn -0.000000 0.100000 0.000000
vn -0.000000 0.100000 0.000000
vn -0.100000 -0.000000 0.000000
vn -0.100000 -0.000000 0.000000
vn -0.100000 -0.000000 0.000000
vn -0.100000 -0.000000 0.000000
vn -0.100000 -0.000000 0.000000
vn -0.100000 -0.000000 0.000000
vn -0.100000 -0.000000 0.000000
vn -0.100000 -0.000000 0.000000
vn -0.100000 -0.000000 0.000000
vn -0.100000 -0.000000 0.000000
f 1217/1623/1551 1218/1624/1552 1220/1625/1553
f 1220/1625/1553 1218/1624/1552 1219/1626/1554
f 1220/1627/1555 1221/1628/1556 1217/1629/1557
f 1217/1629/1557 1221/1628/1556 1222/1630/1558
f 1219/1631/1559 1223/1632/1560 1220/1633/1561
f 1220/1633/1561 1223/1632/1560 1221/1634/1562
f 1221/1634/1562 1223/1632/1560 1224/1635/1563
f 1221/1634/1562 1224/1635/1563 1227/1636/1564
f 1227/1636/1564 1224/1635/1563 1226/1637/1565
f 1226/1637/1565 1224/1635/1563 1225/1638/1566
f 1228/1639/1567 1229/1640/1568 1227/1636/1564
f 1227/1636/1564 1229/1640/1568 1230/1641/1569
f 1227/1636/1564 1230/1641/1569 1221/1634/1562
f 1221/1634/1562 1230/1641/1569 1231/1642/1570
f 1232/1643/1571 1233/1644/1572 1225/1645/1573
f 1225/1645/1573 1233/1644/1572 1226/1646/1574
f 1225/1647/1575 1224/1648/1576 1232/1649/1577
f 1232/1649/1577 1224/1648/1576 1234/1650/1578
f 1235/1651/1579 1236/1652/1580 1228/1653/1581
f 1228/1653/1581 1236/1652/1580 1229/1654/1582
f 1236/1655/1583 1237/1656/1584 1229/1657/1585
f 1229/1657/1585 1237/1656/1584 1230/1658/1586
f 1237/1659/1587 1238/1660/1588 1230/1661/1589
f 1230/1661/1589 1238/1660/1588 1231/1662/1590
f 1240/1663/1591 1241/1664/1592 1239/1665/1593
f 1239/1665/1593 1241/1664/1592 1242/1666/1594
f 1239/1667/1595 1243/1668/1596 1255/1669/1597
f 1255/1669/1597 1243/1668/1596 1244/1670/1598
f 1255/1669/1597 1244/1670/1598 1254/1671/1599
f 1254/1671/1599 1244/1670/1598 1245/1672/1600
f 1254/1671/1599 1245/1672/1600 1253/1673/1601
f 1253/1673/1601 1245/1672/1600 1246/1674/1602
f 1253/1673/1601 1246/1674/1602 1252/1675/1603
f 1252/1675/1603 1246/1674/1602 1247/1676/1604
f 1252/1675/1603 1247/1676/1604 1251/1677/1605
f 1251/1677/1605 1247/1676/1604 1248/1678/1606
f 1251/1677/1605 1248/1678/1606 1250/1679/1607
f 1250/1679/1607 1248/1678/1606 1223/1680/1608
f 1250/1679/1607 1223/1680/1608 1249/1681/1609
f 1244/1682/1610 1243/1683/1611 1263/1684/1612
f 1263/1684/1612 1243/1683/1611 1256/1685/1613
f 1263/1684/1612 1256/1685/1613 1262/1686/1614
f 1262/1686/1614 1256/1685/1613 1257/1687/1615
f 1262/1686/1614 1257/1687/1615 1264/1688/1616
f 1264/1688/1616 1257/1687/1615 1258/1689/1617
f 1264/1688/1616 1258/1689/1617 1266/1690/1618
f 1266/1690/1618 1258/1689/1617 1259/1691/1619
f 1266/1690/1618 1259/1691/1619 1268/1692/1620
f 1268/1692/1620 1259/1691/1619 1260/1693/1621
f 1268/1692/1620 1260/1693/1621 1270/1694/1622
f 1270/1694/1622 1260/1693/1621 1261/1695/1623
f 1270/1694/1622 1261/1695/1623 1224/1696/1563
f 1224/1696/1563 1223/1697/1560 1270/1694/1622
f 1270/1694/1622 1223/1697/1560 1271/1698/1624
f 1270/1694/1622 1271/1698/1624 1268/1692/1620
f 1268/1692/1620 1271/1698/1624 1269/1699/1625
f 1268/1692/1620 1269/1699/1625 1266/1690/1618
f 1266/1690/1618 1269/1699/1625 1267/1700/1626
f 1266/1690/1618 1267/1700/1626 1264/1688/1616
f 1264/1688/1616 1267/1700/1626 1265/1701/1627
f 1264/1688/1616 1265/1701/1627 1262/1686/1614
f 1262/1686/1614 1265/1701/1627 1263/1684/1612
f 1223/1697/1560 1248/1702/1628 1271/1698/1624
f 1271/1698/1624 1248/1702/1628 1269/1699/1625
f 1248/1702/1628 1247/1703/1629 1269/1699/1625
f 1269/1699/1625 1247/1703/1629 1267/1700/1626
f 1247/1703/1629 1246/1704/1630 1267/1700/1626
f 1267/1700/1626 1246/1704/1630 1265/1701/1627
f 1246/1704/1630 1245/1705/1631 1265/1701/1627
f 1265/1701/1627 1245/1705/1631 1263/1684/1612
f 1245/1705/1631 1244/1682/1610 1263/1684/1612
f 1256/1706/1632 1272/1707/1633 1240/1708/1634
f 1240/1708/1634 1272/1707/1633 1241/1709/1635
f 1239/1710/1595 1242/1711/1636 1243/1712/1596
f 1243/1712/1596 1242/1711/1636 1273/1713/1637
f 1240/1714/1591 1239/1715/1593 1279/1716/1638
f 1279/1716/1638 1239/1715/1593 1255/1717/1639
f 1279/1716/1638 1255/1717/1639 1278/1718/1640
f 1278/1718/1640 1255/1717/1639 1254/1719/1641
f 1278/1718/1640 1254/1719/1641 1277/1720/1642
f 1277/1720/1642 1254/1719/1641 1253/1721/1643
f 1277/1720/1642 1253/1721/1643 1276/1722/1644
f 1276/1722/1644 1253/1721/1643 1252/1723/1645
f 1276/1722/1644 1252/1723/1645 1275/1724/1646
f 1275/1724/1646 1252/1723/1645 1251/1725/1647
f 1275/1724/1646 1251/1725/1647 1274/1726/1648
f 1274/1726/1648 1251/1725/1647 1250/1727/1649
f 1274/1726/1648 1250/1727/1649 1234/1728/1650
f 1234/1728/1650 1250/1727/1649 1249/1729/1651
f 1228/1730/1652 1227/1731/1653 1235/1732/1654
f 1235/1732/1654 1227/1731/1653 1280/1733/1655
f 1238/1734/1656 1222/1735/1657 1231/1736/1658
f 1231/1736/1658 1222/1735/1657 1221/1737/1659
f 1243/1738/1611 1273/1739/1660 1256/1740/1613
f 1256/1740/1613 1273/1739/1660 1272/1741/1661
f 1242/1742/1662 1241/1743/1663 1273/1744/1664
f 1273/1744/1664 1241/1743/1663 1272/1745/1665
f 1240/1746/1634 1279/1747/1666 1256/1748/1632
f 1256/1748/1632 1279/1747/1666 1257/1749/1667
f 1257/1749/1667 1279/1747/1666 1278/1750/1668
f 1257/1749/1667 1278/1750/1668 1258/1751/1669
f 1258/1751/1669 1278/1750/1668 1277/1752/1670
f 1258/1751/1669 1277/1752/1670 1259/1753/1671
f 1259/1753/1671 1277/1752/1670 1276/1754/1672
f 1259/1753/1671 1276/1754/1672 1260/1755/1673
f 1260/1755/1673 1276/1754/1672 1275/1756/1674
f 1260/1755/1673 1275/1756/1674 1261/1757/1675
f 1261/1757/1675 1275/1756/1674 1274/1758/1676
f 1261/1757/1675 1274/1758/1676 1224/1759/1576
f 1224/1759/1576 1274/1758/1676 1234/1760/1578
f 1233/1761/1677 1280/1762/1678 1226/1763/1679
f 1226/1763/1679 1280/1762/1678 1227/1764/1680
f 1218/1765/1681 1249/1766/1609 1219/1767/1682
f 1219/1767/1682 1249/1766/1609 1223/1768/1608
f 1218/1769/1683 1217/1770/1684 1249/1771/1651
f 1249/1771/1651 1217/1770/1684 1222/1772/1685
f 1249/1771/1651 1222/1772/1685 1234/1773/1650
f 1234/1773/1650 1222/1772/1685 1280/1774/1686
f 1234/1773/1650 1280/1774/1686 1233/1775/1687
f 1238/1776/1688 1237/1777/1689 1222/1772/1685
f 1222/1772/1685 1237/1777/1689 1280/1774/1686
f 1237/1777/1689 1236/1778/1690 1280/1774/1686
f 1280/1774/1686 1236/1778/1690 1235/1779/1691
f 1233/1775/1687 1232/1780/1692 1234/1773/1650
g Body4

v -3.935066 -3.310066 0.000000
v -3.935066 -3.110066 0.200000
v -3.685066 -3.110066 0.200000
v -3.685066 -3.310066 0.000000
v -3.685066 -3.545066 0.000000
v -3.935066 -3.545066 0.000000
v -3.685066 -3.110066 2.093066
v -3.685066 -4.510066 2.093066
v -3.685066 -4.510066 0.200000
v -3.685066 -4.310066 0.000000
v -3.685066 -4.075066 0.000000
v -3.685066 -4.075066 -3.300000
v -3.685066 -3.875066 -3.500000
v -3.685066 -3.745066 -3.500000
v -3.685066 -3.545066 -3.300000
v -3.935066 -4.510066 0.200000
v -3.935066 -4.310066 0.000000
v -3.935066 -4.510066 2.093066
v -3.935066 -4.075066 -3.300000
v -3.935066 -3.875066 -3.500000
v -3.935066 -3.745066 -3.500000
v -3.935066 -3.545066 -3.300000
v -3.585066 -3.110066 2.443066
v -3.585066 -4.510066 2.443066
v -1.008000 -4.510066 2.443066
v -1.008000 -3.110066 2.443066
v -3.585066 -3.110066 2.193066
v -3.610948 -3.110066 2.189659
v -3.635066 -3.110066 2.179669
v -3.655777 -3.110066 2.163777
v -3.671669 -3.110066 2.143066
v -3.681659 -3.110066 2.118948
v -3.935066 -3.110066 2.093066
v -3.926291 -3.110066 2.170949
v -3.900405 -3.110066 2.244926
v -3.858707 -3.110066 2.311288
v -3.803288 -3.110066 2.366707
v -3.736926 -3.110066 2.408405
v -3.662949 -3.110066 2.434291
v -3.585066 -4.510066 2.193066
v -3.610948 -4.510066 2.189659
v -3.635066 -4.510066 2.179669
v -3.655777 -4.510066 2.163777
v -3.671669 -4.510066 2.143066
v -3.681659 -4.510066 2.118948
v -3.610948 -4.043400 2.189659
v -3.610948 -3.576733 2.189659
v -3.635066 -4.043400 2.179669
v -3.635066 -3.576733 2.179669
v -3.655777 -4.043400 2.163777
v -3.655777 -3.576733 2.163777
v -3.671669 -4.043400 2.143066
v -3.671669 -3.576733 2.143066
v -3.681659 -4.043400 2.118948
v -3.681659 -3.576733 2.118948
v -1.008000 -4.510066 2.193066
v -1.008000 -3.110066 2.193066
v -3.926291 -4.510066 2.170949
v -3.900405 -4.510066 2.244926
v -3.858707 -4.510066 2.311288
v -3.803288 -4.510066 2.366707
v -3.736926 -4.510066 2.408405
v -3.662949 -4.510066 2.434291
v -3.935066 -4.075066 0.000000
vt 0.014142 0.012500 0.000000
vt -0.014142 0.012500 0.000000
vt 0.014142 -0.012500 0.000000
vt -0.014142 -0.012500 0.000000
vt 0.020000 -0.012500 0.000000
vt 0.043500 -0.012500 0.000000
vt 0.020000 0.012500 0.000000
vt 0.043500 0.012500 0.000000
vt 0.230000 0.070000 0.000000
vt 0.040693 0.070000 0.000000
vt 0.250000 0.050000 0.000000
vt 0.250000 0.026500 0.000000
vt 0.040693 -0.070000 0.000000
vt 0.250000 -0.026500 0.000000
vt 0.250000 -0.050000 0.000000
vt 0.230000 -0.070000 0.000000
vt 0.580000 -0.026500 0.000000
vt 0.600000 -0.006500 0.000000
vt 0.600000 0.006500 0.000000
vt 0.580000 0.026500 0.000000
vt 0.014142 0.012500 0.000000
vt -0.014142 0.012500 0.000000
vt 0.014142 -0.012500 0.000000
vt -0.014142 -0.012500 0.000000
vt 0.020000 -0.012500 0.000000
vt 0.209307 -0.012500 0.000000
vt 0.020000 0.012500 0.000000
vt 0.209307 0.012500 0.000000
vt 0.014142 0.012500 0.000000
vt -0.014142 0.012500 0.000000
vt 0.014142 -0.012500 0.000000
vt -0.014142 -0.012500 0.000000
vt 0.033000 0.012500 0.000000
vt 0.020000 0.012500 0.000000
vt 0.033000 -0.012500 0.000000
vt 0.020000 -0.012500 0.000000
vt 0.014142 0.012500 0.000000
vt -0.014142 0.012500 0.000000
vt 0.014142 -0.012500 0.000000
vt -0.014142 -0.012500 0.000000
vt -0.007707 -0.070000 0.000000
vt 0.250000 -0.070000 0.000000
vt -0.007707 0.070000 0.000000
vt 0.250000 0.070000 0.000000
vt -0.025000 -0.000000 0.000000
vt 0.000000 0.000000 0.000000
vt -0.024122 0.007788 0.000000
vt 0.000341 0.002588 0.000000
vt -0.021534 0.015186 0.000000
vt 0.001340 0.005000 0.000000
vt -0.017364 0.021822 0.000000
vt 0.002929 0.007071 0.000000
vt -0.011822 0.027364 0.000000
vt 0.005000 0.008660 0.000000
vt -0.005186 0.031534 0.000000
vt 0.007412 0.009659 0.000000
vt 0.002212 0.034122 0.000000
vt 0.010000 0.010000 0.000000
vt 0.010000 0.035000 0.000000
vt 0.070000 0.013090 0.000000
vt 0.070000 0.015708 0.000000
vt 0.023333 0.013090 0.000000
vt -0.070000 0.015708 0.000000
vt -0.023333 0.013090 0.000000
vt -0.070000 0.013090 0.000000
vt -0.023333 0.010472 0.000000
vt -0.070000 0.010472 0.000000
vt -0.023333 0.007854 0.000000
vt -0.070000 0.007854 0.000000
vt -0.023333 0.005236 0.000000
vt -0.070000 0.005236 0.000000
vt -0.023333 0.002618 0.000000
vt -0.070000 0.002618 0.000000
vt -0.070000 0.000000 0.000000
vt 0.070000 0.000000 0.000000
vt 0.023333 0.002618 0.000000
vt 0.023333 0.005236 0.000000
vt 0.023333 0.007854 0.000000
vt 0.023333 0.010472 0.000000
vt 0.070000 0.002618 0.000000
vt 0.070000 0.005236 0.000000
vt 0.070000 0.007854 0.000000
vt 0.070000 0.010472 0.000000
vt 0.242293 -0.012500 0.000000
vt 0.500000 -0.012500 0.000000
vt 0.242293 0.012500 0.000000
vt 0.500000 0.012500 0.000000
vt 0.257707 0.012500 0.000000
vt -0.000000 0.012500 0.000000
vt 0.257707 -0.012500 0.000000
vt 0.000000 -0.012500 0.000000
vt 0.070000 0.054978 0.000000
vt -0.070000 0.054978 0.000000
vt 0.070000 0.047124 0.000000
vt -0.070000 0.047124 0.000000
vt 0.070000 0.039270 0.000000
vt -0.070000 0.039270 0.000000
vt 0.070000 0.031416 0.000000
vt -0.070000 0.031416 0.000000
vt 0.070000 0.023562 0.000000
vt -0.070000 0.023562 0.000000
vt 0.070000 0.015708 0.000000
vt -0.070000 0.015708 0.000000
vt 0.070000 0.007854 0.000000
vt -0.070000 0.007854 0.000000
vt 0.070000 0.000000 0.000000
vt -0.070000 0.000000 0.000000
vt 0.020000 -0.012500 0.000000
vt 0.350000 -0.012500 0.000000
vt 0.020000 0.012500 0.000000
vt 0.350000 0.012500 0.000000
vt 0.330000 0.012500 0.000000
vt 0.000000 0.012500 0.000000
vt 0.330000 -0.012500 0.000000
vt 0.000000 -0.012500 0.000000
vt 0.007707 0.070000 0.000000
vt -0.250000 0.070000 0.000000
vt 0.007707 -0.070000 0.000000
vt -0.250000 -0.070000 0.000000
vt 0.140000 0.012500 0.000000
vt 0.000000 0.012500 0.000000
vt 0.140000 -0.012500 0.000000
vt 0.000000 -0.012500 0.000000
vt -0.000000 -0.000000 0.000000
vt -0.000878 0.007788 0.000000
vt -0.025000 -0.000000 0.000000
vt -0.025341 0.002588 0.000000
vt -0.003466 0.015186 0.000000
vt -0.026340 0.005000 0.000000
vt -0.007636 0.021822 0.000000
vt -0.027929 0.007071 0.000000
vt -0.013178 0.027364 0.000000
vt -0.030000 0.008660 0.000000
vt -0.019814 0.031534 0.000000
vt -0.032412 0.009659 0.000000
vt -0.027212 0.034122 0.000000
vt -0.035000 0.010000 0.000000
vt -0.035000 0.035000 0.000000
vt 0.120000 0.012500 0.000000
vt 0.096500 0.012500 0.000000
vt 0.120000 -0.012500 0.000000
vt 0.096500 -0.012500 0.000000
vt 0.480000 0.012500 0.000000
vt 0.290693 0.012500 0.000000
vt 0.480000 -0.012500 0.000000
vt 0.290693 -0.012500 0.000000
vt -0.230000 0.070000 0.000000
vt -0.250000 0.050000 0.000000
vt -0.040693 0.070000 0.000000
vt -0.250000 0.026500 0.000000
vt -0.040693 -0.070000 0.000000
vt -0.250000 -0.026500 0.000000
vt -0.250000 -0.050000 0.000000
vt -0.580000 0.026500 0.000000
vt -0.600000 0.006500 0.000000
vt -0.600000 -0.006500 0.000000
vt -0.580000 -0.026500 0.000000
vt -0.230000 -0.070000 0.000000
vn -0.000000 0.070711 -0.070711
vn -0.000000 0.070711 -0.070711
vn -0.000000 0.070711 -0.070711
vn -0.000000 0.070711 -0.070711
vn 0.000000 0.000000 -0.100000
vn 0.000000 0.000000 -0.100000
vn 0.000000 0.000000 -0.100000
vn 0.000000 0.000000 -0.100000
vn 0.100000 0.000000 0.000000
vn 0.100000 0.000000 0.000000
vn 0.100000 0.000000 0.000000
vn 0.100000 0.000000 0.000000
vn 0.100000 0.000000 0.000000
vn 0.100000 0.000000 0.000000
vn 0.100000 0.000000 0.000000
vn 0.100000 0.000000 0.000000
vn 0.100000 0.000000 0.000000
vn 0.100000 0.000000 0.000000
vn 0.100000 0.000000 0.000000
vn 0.100000 0.000000 0.000000
vn 0.000000 -0.070711 -0.070711
vn 0.000000 -0.070711 -0.070711
vn 0.000000 -0.070711 -0.070711
vn 0.000000 -0.070711 -0.070711
vn 0.000000 -0.100000 0.000000
vn 0.000000 -0.100000 0.000000
vn 0.000000 -0.100000 0.000000
vn 0.000000 -0.100000 0.000000
vn 0.000000 -0.070711 -0.070711
vn 0.000000 -0.070711 -0.070711
vn 0.000000 -0.070711 -0.070711
vn 0.000000 -0.070711 -0.070711
vn 0.000000 0.000000 -0.100000
vn 0.000000 0.000000 -0.100000
vn 0.000000 0.000000 -0.100000
vn 0.000000 0.000000 -0.100000
vn -0.000000 0.070711 -0.070711
vn -0.000000 0.070711 -0.070711
vn -0.000000 0.070711 -0.070711
vn -0.000000 0.070711 -0.070711
vn -0.000000 -0.000000 0.100000
vn -0.000000 -0.000000 0.100000
vn -0.000000 -0.000000 0.100000
vn -0.000000 -0.000000 0.100000
vn -0.000000 0.100000 0.000000
vn -0.000000 0.100000 0.000000
vn -0.000000 0.100000 0.000000
vn -0.000000 0.100000 0.000000
vn -0.000000 0.100000 0.000000
vn -0.000000 0.100000 0.000000
vn -0.000000 0.100000 0.000000
vn -0.000000 0.100000 0.000000
vn -0.000000 0.100000 0.000000
vn -0.000000 0.100000 0.000000
vn -0.000000 0.100000 0.000000
vn -0.000000 0.100000 0.000000
vn -0.000000 0.100000 0.000000
vn -0.000000 0.100000 0.000000
vn -0.000000 0.100000 0.000000
vn 0.025882 0.000000 -0.096593
vn 0.000000 0.000000 -0.100000
vn 0.025882 0.000000 -0.096593
vn 0.000000 0.000000 -0.100000
vn 0.025882 0.000000 -0.096593
vn 0.025882 0.000000 -0.096593
vn 0.050000 0.000000 -0.086603
vn 0.050000 0.000000 -0.086603
vn 0.070711 0.000000 -0.070711
vn 0.070711 0.000000 -0.070711
vn 0.086603 0.000000 -0.050000
vn 0.086603 0.000000 -0.050000
vn 0.096593 0.000000 -0.025882
vn 0.096593 0.000000 -0.025882
vn 0.096593 0.000000 -0.025882
vn 0.086603 0.000000 -0.050000
vn 0.070711 0.000000 -0.070711
vn 0.050000 0.000000 -0.086603
vn 0.096593 0.000000 -0.025882
vn 0.086603 0.000000 -0.050000
vn 0.070711 0.000000 -0.070711
vn 0.050000 0.000000 -0.086603
vn 0.000000 -0.100000 0.000000
vn 0.000000 -0.100000 0.000000
vn 0.000000 -0.100000 0.000000
vn 0.000000 -0.100000 0.000000
vn -0.000000 0.100000 0.000000
vn -0.000000 0.100000 0.000000
vn -0.022252 -0.000000 0.097493
vn -0.022252 -0.000000 0.097493
vn -0.043388 -0.000000 0.090097
vn -0.043388 -0.000000 0.090097
vn -0.062349 -0.000000 0.078183
vn -0.062349 -0.000000 0.078183
vn -0.078183 -0.000000 0.062349
vn -0.078183 -0.000000 0.062349
vn -0.090097 -0.000000 0.043388
vn -0.090097 -0.000000 0.043388
vn -0.097493 -0.000000 0.022252
vn -0.097493 -0.000000 0.022252
vn -0.100000 -0.000000 0.000000
vn -0.100000 -0.000000 0.000000
vn 0.000000 -0.100000 0.000000
vn 0.000000 -0.100000 0.000000
vn 0.000000 -0.100000 0.000000
vn 0.000000 -0.100000 0.000000
vn -0.000000 0.100000 0.000000
vn -0.000000 0.100000 0.000000
vn -0.000000 0.100000 0.000000
vn -0.000000 0.100000 0.000000
vn 0.000000 0.000000 -0.100000
vn 0.000000 0.000000 -0.100000
vn 0.100000 0.000000 0.000000
vn 0.100000 0.000000 0.000000
vn 0.100000 0.000000 0.000000
vn 0.100000 0.000000 0.000000
vn 0.000000 -0.100000 0.000000
vn 0.000000 -0.100000 0.000000
vn 0.000000 -0.100000 0.000000
vn 0.000000 -0.100000 0.000000
vn 0.000000 -0.100000 0.000000
vn 0.000000 -0.100000 0.000000
vn 0.000000 -0.100000 0.000000
vn 0.000000 -0.100000 0.000000
vn 0.000000 -0.100000 0.000000
vn 0.000000 -0.100000 0.000000
vn 0.000000 -0.100000 0.000000
vn 0.000000 0.000000 -0.100000
vn 0.000000 0.000000 -0.100000
vn 0.000000 0.000000 -0.100000
vn 0.000000 0.000000 -0.100000
vn -0.000000 0.100000 0.000000
vn -0.000000 0.100000 0.000000
vn -0.100000 -0.000000 0.000000
vn -0.100000 -0.000000 0.000000
vn -0.100000 -0.000000 0.000000
vn -0.100000 -0.000000 0.000000
vn -0.100000 -0.000000 0.000000
vn -0.100000 -0.000000 0.000000
vn -0.100000 -0.000000 0.000000
vn -0.100000 -0.000000 0.000000
vn -0.100000 -0.000000 0.000000
vn -0.100000 -0.000000 0.000000
f 1281/1781/1693 1282/1782/1694 1284/1783/1695
f 1284/1783/1695 1282/1782/1694 1283/1784/1696
f 1284/1785/1697 1285/1786/1698 1281/1787/1699
f 1281/1787/1699 1285/1786/1698 1286/1788/1700
f 1283/1789/1701 1287/1790/1702 1284/1791/1703
f 1284/1791/1703 1287/1790/1702 1285/1792/1704
f 1285/1792/1704 1287/1790/1702 1288/1793/1705
f 1285/1792/1704 1288/1793/1705 1291/1794/1706
f 1291/1794/1706 1288/1793/1705 1290/1795/1707
f 1290/1795/1707 1288/1793/1705 1289/1796/1708
f 1292/1797/1709 1293/1798/1710 1291/1794/1706
f 1291/1794/1706 1293/1798/1710 1294/1799/1711
f 1291/1794/1706 1294/1799/1711 1285/1792/1704
f 1285/1792/1704 1294/1799/1711 1295/1800/1712
f 1296/1801/1713 1297/1802/1714 1289/1803/1715
f 1289/1803/1715 1297/1802/1714 1290/1804/1716
f 1289/1805/1717 1288/1806/1718 1296/1807/1719
f 1296/1807/1719 1288/1806/1718 1298/1808/1720
f 1299/1809/1721 1300/1810/1722 1292/1811/1723
f 1292/1811/1723 1300/1810/1722 1293/1812/1724
f 1300/1813/1725 1301/1814/1726 1293/1815/1727
f 1293/1815/1727 1301/1814/1726 1294/1816/1728
f 1301/1817/1729 1302/1818/1730 1294/1819/1731
f 1294/1819/1731 1302/1818/1730 1295/1820/1732
f 1304/1821/1733 1305/1822/1734 1303/1823/1735
f 1303/1823/1735 1305/1822/1734 1306/1824/1736
f 1303/1825/1737 1307/1826/1738 1319/1827/1739
f 1319/1827/1739 1307/1826/1738 1308/1828/1740
f 1319/1827/1739 1308/1828/1740 1318/1829/1741
f 1318/1829/1741 1308/1828/1740 1309/1830/1742
f 1318/1829/1741 1309/1830/1742 1317/1831/1743
f 1317/1831/1743 1309/1830/1742 1310/1832/1744
f 1317/1831/1743 1310/1832/1744 1316/1833/1745
f 1316/1833/1745 1310/1832/1744 1311/1834/1746
f 1316/1833/1745 1311/1834/1746 1315/1835/1747
f 1315/1835/1747 1311/1834/1746 1312/1836/1748
f 1315/1835/1747 1312/1836/1748 1314/1837/1749
f 1314/1837/1749 1312/1836/1748 1287/1838/1750
f 1314/1837/1749 1287/1838/1750 1313/1839/1751
f 1308/1840/1752 1307/1841/1753 1327/1842/1754
f 1327/1842/1754 1307/1841/1753 1320/1843/1755
f 1327/1842/1754 1320/1843/1755 1326/1844/1756
f 1326/1844/1756 1320/1843/1755 1321/1845/1757
f 1326/1844/1756 1321/1845/1757 1328/1846/1758
f 1328/1846/1758 1321/1845/1757 1322/1847/1759
f 1328/1846/1758 1322/1847/1759 1330/1848/1760
f 1330/1848/1760 1322/1847/1759 1323/1849/1761
f 1330/1848/1760 1323/1849/1761 1332/1850/1762
f 1332/1850/1762 1323/1849/1761 1324/1851/1763
f 1332/1850/1762 1324/1851/1763 1334/1852/1764
f 1334/1852/1764 1324/1851/1763 1325/1853/1765
f 1334/1852/1764 1325/1853/1765 1288/1854/1705
f 1288/1854/1705 1287/1855/1702 1334/1852/1764
f 1334/1852/1764 1287/1855/1702 1335/1856/1766
f 1334/1852/1764 1335/1856/1766 1332/1850/1762
f 1332/1850/1762 1335/1856/1766 1333/1857/1767
f 1332/1850/1762 1333/1857/1767 1330/1848/1760
f 1330/1848/1760 1333/1857/1767 1331/1858/1768
f 1330/1848/1760 1331/1858/1768 1328/1846/1758
f 1328/1846/1758 1331/1858/1768 1329/1859/1769
f 1328/1846/1758 1329/1859/1769 1326/1844/1756
f 1326/1844/1756 1329/1859/1769 1327/1842/1754
f 1287/1855/1702 1312/1860/1770 1335/1856/1766
f 1335/1856/1766 1312/1860/1770 1333/1857/1767
f 1312/1860/1770 1311/1861/1771 1333/1857/1767
f 1333/1857/1767 1311/1861/1771 1331/1858/1768
f 1311/1861/1771 1310/1862/1772 1331/1858/1768
f 1331/1858/1768 1310/1862/1772 1329/1859/1769
f 1310/1862/1772 1309/1863/1773 1329/1859/1769
f 1329/1859/1769 1309/1863/1773 1327/1842/1754
f 1309/1863/1773 1308/1840/1752 1327/1842/1754
f 1320/1864/1774 1336/1865/1775 1304/1866/1776
f 1304/1866/1776 1336/1865/1775 1305/1867/1777
f 1303/1868/1737 1306/1869/1778 1307/1870/1738
f 1307/1870/1738 1306/1869/1778 1337/1871/1779
f 1304/1872/1733 1303/1873/1735 1343/1874/1780
f 1343/1874/1780 1303/1873/1735 1319/1875/1781
f 1343/1874/1780 1319/1875/1781 1342/1876/1782
f 1342/1876/1782 1319/1875/1781 1318/1877/1783
f 1342/1876/1782 1318/1877/1783 1341/1878/1784
f 1341/1878/1784 1318/1877/1783 1317/1879/1785
f 1341/1878/1784 1317/1879/1785 1340/1880/1786
f 1340/1880/1786 1317/1879/1785 1316/1881/1787
f 1340/1880/1786 1316/1881/1787 1339/1882/1788
f 1339/1882/1788 1316/1881/1787 1315/1883/1789
f 1339/1882/1788 1315/1883/1789 1338/1884/1790
f 1338/1884/1790 1315/1883/1789 1314/1885/1791
f 1338/1884/1790 1314/1885/1791 1298/1886/1792
f 1298/1886/1792 1314/1885/1791 1313/1887/1793
f 1292/1888/1794 1291/1889/1795 1299/1890/1796
f 1299/1890/1796 1291/1889/1795 1344/1891/1797
f 1302/1892/1798 1286/1893/1799 1295/1894/1800
f 1295/1894/1800 1286/1893/1799 1285/1895/1801
f 1307/1896/1753 1337/1897/1802 1320/1898/1755
f 1320/1898/1755 1337/1897/1802 1336/1899/1803
f 1306/1900/1804 1305/1901/1805 1337/1902/1806
f 1337/1902/1806 1305/1901/1805 1336/1903/1807
f 1304/1904/1776 1343/1905/1808 1320/1906/1774
f 1320/1906/1774 1343/1905/1808 1321/1907/1809
f 1321/1907/1809 1343/1905/1808 1342/1908/1810
f 1321/1907/1809 1342/1908/1810 1322/1909/1811
f 1322/1909/1811 1342/1908/1810 1341/1910/1812
f 1322/1909/1811 1341/1910/1812 1323/1911/1813
f 1323/1911/1813 1341/1910/1812 1340/1912/1814
f 1323/1911/1813 1340/1912/1814 1324/1913/1815
f 1324/1913/1815 1340/1912/1814 1339/1914/1816
f 1324/1913/1815 1339/1914/1816 1325/1915/1817
f 1325/1915/1817 1339/1914/1816 1338/1916/1818
f 1325/1915/1817 1338/1916/1818 1288/1917/1718
f 1288/1917/1718 1338/1916/1818 1298/1918/1720
f 1297/1919/1819 1344/1920/1820 1290/1921/1821
f 1290/1921/1821 1344/1920/1820 1291/1922/1822
f 1282/1923/1823 1313/1924/1751 1283/1925/1824
f 1283/1925/1824 1313/1924/1751 1287/1926/1750
f 1282/1927/1825 1281/1928/1826 1313/1929/1793
f 1313/1929/1793 1281/1928/1826 1286/1930/1827
f 1313/1929/1793 1286/1930/1827 1298/1931/1792
f 1298/1931/1792 1286/1930/1827 1344/1932/1828
f 1298/1931/1792 1344/1932/1828 1297/1933/1829
f 1302/1934/1830 1301/1935/1831 1286/1930/1827
f 1286/1930/1827 1301/1935/1831 1344/1932/1828
f 1301/1935/1831 1300/1936/1832 1344/1932/1828
f 1344/1932/1828 1300/1936/1832 1299/1937/1833
f 1297/1933/1829 1296/1938/1834 1298/1931/1792
g Body5

v -3.935066 6.849934 0.000000
v -3.935066 7.049934 0.200000
v -3.685066 7.049934 0.200000
v -3.685066 6.849934 0.000000
v -3.685066 6.614934 0.000000
v -3.935066 6.614934 0.000000
v -3.685066 7.049934 2.093066
v -3.685066 5.649934 2.093066
v -3.685066 5.649934 0.200000
v -3.685066 5.849934 0.000000
v -3.685066 6.084934 0.000000
v -3.685066 6.084934 -3.300000
v -3.685066 6.284934 -3.500000
v -3.685066 6.414934 -3.500000
v -3.685066 6.614934 -3.300000
v -3.935066 5.649934 0.200000
v -3.935066 5.849934 0.000000
v -3.935066 5.649934 2.093066
v -3.935066 6.084934 -3.300000
v -3.935066 6.284934 -3.500000
v -3.935066 6.414934 -3.500000
v -3.935066 6.614934 -3.300000
v -3.585066 7.049934 2.443066
v -3.585066 5.649934 2.443066
v -1.008000 5.649934 2.443066
v -1.008000 7.049934 2.443066
v -3.585066 7.049934 2.193066
v -3.610948 7.049934 2.189659
v -3.635066 7.049934 2.179669
v -3.655777 7.049934 2.163777
v -3.671669 7.049934 2.143066
v -3.681659 7.049934 2.118948
v -3.935066 7.049934 2.093066
v -3.926291 7.049934 2.170949
v -3.900405 7.049934 2.244926
v -3.858707 7.049934 2.311288
v -3.803288 7.049934 2.366707
v -3.736926 7.049934 2.408405
v -3.662949 7.049934 2.434291
v -3.585066 5.649934 2.193066
v -3.610948 5.649934 2.189659
v -3.635066 5.649934 2.179669
v -3.655777 5.649934 2.163777
v -3.671669 5.649934 2.143066
v -3.681659 5.649934 2.118948
v -3.610948 6.116600 2.189659
v -3.610948 6.583267 2.189659
v -3.635066 6.116600 2.179669
v -3.635066 6.583267 2.179669
v -3.655777 6.116600 2.163777
v -3.655777 6.583267 2.163777
v -3.671669 6.116600 2.143066
v -3.671669 6.583267 2.143066
v -3.681659 6.116600 2.118948
v -3.681659 6.583267 2.118948
v -1.008000 5.649934 2.193066
v -1.008000 7.049934 2.193066
v -3.926291 5.649934 2.170949
v -3.900405 5.649934 2.244926
v -3.858707 5.649934 2.311288
v -3.803288 5.649934 2.366707
v -3.736926 5.649934 2.408405
v -3.662949 5.649934 2.434291
v -3.935066 6.084934 0.000000
vt 0.014142 0.012500 0.000000
vt -0.014142 0.012500 0.000000
vt 0.014142 -0.012500 0.000000
vt -0.014142 -0.012500 0.000000
vt 0.020000 -0.012500 0.000000
vt 0.043500 -0.012500 0.000000
vt 0.020000 0.012500 0.000000
vt 0.043500 0.012500 0.000000
vt 0.230000 0.070000 0.000000
vt 0.040693 0.070000 0.000000
vt 0.250000 0.050000 0.000000
vt 0.250000 0.026500 0.000000
vt 0.040693 -0.070000 0.000000
vt 0.250000 -0.026500 0.000000
vt 0.250000 -0.050000 0.000000
vt 0.230000 -0.070000 0.000000
vt 0.580000 -0.026500 0.000000
vt 0.600000 -0.006500 0.000000
vt 0.600000 0.006500 0.000000
vt 0.580000 0.026500 0.000000
vt 0.014142 0.012500 0.000000
vt -0.014142 0.012500 0.000000
vt 0.014142 -0.012500 0.000000
vt -0.014142 -0.012500 0.000000
vt 0.020000 -0.012500 0.000000
vt 0.209307 -0.012500 0.000000
vt 0.020000 0.012500 0.000000
vt 0.209307 0.012500 0.000000
vt 0.014142 0.012500 0.000000
vt -0.014142 0.012500 0.000000
vt 0.014142 -0.012500 0.000000
vt -0.014142 -0.012500 0.000000
vt 0.033000 0.012500 0.000000
vt 0.020000 0.012500 0.000000
vt 0.033000 -0.012500 0.000000
vt 0.020000 -0.012500 0.000000
vt 0.014142 0.012500 0.000000
vt -0.014142 0.012500 0.000000
vt 0.014142 -0.012500 0.000000
vt -0.014142 -0.012500 0.000000
vt -0.007707 -0.070000 0.000000
vt 0.250000 -0.070000 0.000000
vt -0.007707 0.070000 0.000000
vt 0.250000 0.070000 0.000000
vt -0.025000 -0.000000 0.000000
vt 0.000000 0.000000 0.000000
vt -0.024122 0.007788 0.000000
vt 0.000341 0.002588 0.000000
vt -0.021534 0.015186 0.000000
vt 0.001340 0.005000 0.000000
vt -0.017364 0.021822 0.000000
vt 0.002929 0.007071 0.000000
vt -0.011822 0.027364 0.000000
vt 0.005000 0.008660 0.000000
vt -0.005186 0.031534 0.000000
vt 0.007412 0.009659 0.000000
vt 0.002212 0.034122 0.000000
vt 0.010000 0.010000 0.000000
vt 0.010000 0.035000 0.000000
vt 0.070000 0.013090 0.000000
vt 0.070000 0.015708 0.000000
vt 0.023333 0.013090 0.000000
vt -0.070000 0.015708 0.000000
vt -0.023333 0.013090 0.000000
vt -0.070000 0.013090 0.000000
vt -0.023333 0.010472 0.000000
vt -0.070000 0.010472 0.000000
vt -0.023333 0.007854 0.000000
vt -0.070000 0.007854 0.000000
vt -0.023333 0.005236 0.000000
vt -0.070000 0.005236 0.000000
vt -0.023333 0.002618 0.000000
vt -0.070000 0.002618 0.000000
vt -0.070000 0.000000 0.000000
vt 0.070000 0.000000 0.000000
vt 0.023333 0.002618 0.000000
vt 0.023333 0.005236 0.000000
vt 0.023333 0.007854 0.000000
vt 0.023333 0.010472 0.000000
vt 0.070000 0.002618 0.000000
vt 0.070000 0.005236 0.000000
vt 0.070000 0.007854 0.000000
vt 0.070000 0.010472 0.000000
vt 0.242293 -0.012500 0.000000
vt 0.500000 -0.012500 0.000000
vt 0.242293 0.012500 0.000000
vt 0.500000 0.012500 0.000000
vt 0.257707 0.012500 0.000000
vt -0.000000 0.012500 0.000000
vt 0.257707 -0.012500 0.000000
vt 0.000000 -0.012500 0.000000
vt 0.070000 0.054978 0.000000
vt -0.070000 0.054978 0.000000
vt 0.070000 0.047124 0.000000
vt -0.070000 0.047124 0.000000
vt 0.070000 0.039270 0.000000
vt -0.070000 0.039270 0.000000
vt 0.070000 0.031416 0.000000
vt -0.070000 0.031416 0.000000
vt 0.070000 0.023562 0.000000
vt -0.070000 0.023562 0.000000
vt 0.070000 0.015708 0.000000
vt -0.070000 0.015708 0.000000
vt 0.070000 0.007854 0.000000
vt -0.070000 0.007854 0.000000
vt 0.070000 0.000000 0.000000
vt -0.070000 0.000000 0.000000
vt 0.020000 -0.012500 0.000000
vt 0.350000 -0.012500 0.000000
vt 0.020000 0.012500 0.000000
vt 0.350000 0.012500 0.000000
vt 0.330000 0.012500 0.000000
vt 0.000000 0.012500 0.000000
vt 0.330000 -0.012500 0.000000
vt 0.000000 -0.012500 0.000000
vt 0.007707 0.070000 0.000000
vt -0.250000 0.070000 0.000000
vt 0.007707 -0.070000 0.000000
vt -0.250000 -0.070000 0.000000
vt 0.140000 0.012500 0.000000
vt 0.000000 0.012500 0.000000
vt 0.140000 -0.012500 0.000000
vt 0.000000 -0.012500 0.000000
vt -0.000000 -0.000000 0.000000
vt -0.000878 0.007788 0.000000
vt -0.025000 -0.000000 0.000000
vt -0.025341 0.002588 0.000000
vt -0.003466 0.015186 0.000000
vt -0.026340 0.005000 0.000000
vt -0.007636 0.021822 0.000000
vt -0.027929 0.007071 0.000000
vt -0.013178 0.027364 0.000000
vt -0.030000 0.008660 0.000000
vt -0.019814 0.031534 0.000000
vt -0.032412 0.009659 0.000000
vt -0.027212 0.034122 0.000000
vt -0.035000 0.010000 0.000000
vt -0.035000 0.035000 0.000000
vt 0.120000 0.012500 0.000000
vt 0.096500 0.012500 0.000000
vt 0.120000 -0.012500 0.000000
vt 0.096500 -0.012500 0.000000
vt 0.480000 0.012500 0.000000
vt 0.290693 0.012500 0.000000
vt 0.480000 -0.012500 0.000000
vt 0.290693 -0.012500 0.000000
vt -0.230000 0.070000 0.000000
vt -0.250000 0.050000 0.000000
vt -0.040693 0.070000 0.000000
vt -0.250000 0.026500 0.000000
vt -0.040693 -0.070000 0.000000
vt -0.250000 -0.026500 0.000000
vt -0.250000 -0.050000 0.000000
vt -0.580000 0.026500 0.000000
vt -0.600000 0.006500 0.000000
vt -0.600000 -0.006500 0.000000
vt -0.580000 -0.026500 0.000000
vt -0.230000 -0.070000 0.000000
vn -0.000000 0.070711 -0.070711
vn -0.000000 0.070711 -0.070711
vn -0.000000 0.070711 -0.070711
vn -0.000000 0.070711 -0.070711
vn 0.000000 0.000000 -0.100000
vn 0.000000 0.000000 -0.100000
vn 0.000000 0.000000 -0.100000
vn 0.000000 0.000000 -0.100000
vn 0.100000 0.000000 0.000000
vn 0.100000 0.000000 0.000000
vn 0.100000 0.000000 0.000000
vn 0.100000 0.000000 0.000000
vn 0.100000 0.000000 0.000000
vn 0.100000 0.000000 0.000000
vn 0.100000 0.000000 0.000000
vn 0.100000 0.000000 0.000000
vn 0.100000 0.000000 0.000000
vn 0.100000 0.000000 0.000000
vn 0.100000 0.000000 0.000000
vn 0.100000 0.000000 0.000000
vn 0.000000 -0.070711 -0.070711
vn 0.000000 -0.070711 -0.070711
vn 0.000000 -0.070711 -0.070711
vn 0.000000 -0.070711 -0.070711
vn 0.000000 -0.100000 0.000000
vn 0.000000 -0.100000 0.000000
vn 0.000000 -0.100000 0.000000
vn 0.000000 -0.100000 0.000000
vn 0.000000 -0.070711 -0.070711
vn 0.000000 -0.070711 -0.070711
vn 0.000000 -0.070711 -0.070711
vn 0.000000 -0.070711 -0.070711
vn 0.000000 0.000000 -0.100000
vn 0.000000 0.000000 -0.100000
vn 0.000000 0.000000 -0.100000
vn 0.000000 0.000000 -0.100000
vn -0.000000 0.070711 -0.070711
vn -0.000000 0.070711 -0.070711
vn -0.000000 0.070711 -0.070711
vn -0.000000 0.070711 -0.070711
vn -0.000000 -0.000000 0.100000
vn -0.000000 -0.000000 0.100000
vn -0.000000 -0.000000 0.100000
vn -0.000000 -0.000000 0.100000
vn -0.000000 0.100000 0.000000
vn -0.000000 0.100000 0.000000
vn -0.000000 0.100000 0.000000
vn -0.000000 0.100000 0.000000
vn -0.000000 0.100000 0.000000
vn -0.000000 0.100000 0.000000
vn -0.000000 0.100000 0.000000
vn -0.000000 0.100000 0.000000
vn -0.000000 0.100000 0.000000
vn -0.000000 0.100000 0.000000
vn -0.000000 0.100000 0.000000
vn -0.000000 0.100000 0.000000
vn -0.000000 0.100000 0.000000
vn -0.000000 0.100000 0.000000
vn -0.000000 0.100000 0.000000
vn 0.025882 0.000000 -0.096593
vn 0.000000 0.000000 -0.100000
vn 0.025882 0.000000 -0.096593
vn 0.000000 0.000000 -0.100000
vn 0.025882 0.000000 -0.096593
vn 0.025882 0.000000 -0.096593
vn 0.050000 0.000000 -0.086603
vn 0.050000 0.000000 -0.086603
vn 0.070711 0.000000 -0.070711
vn 0.070711 0.000000 -0.070711
vn 0.086603 0.000000 -0.050000
vn 0.086603 0.000000 -0.050000
vn 0.096593 0.000000 -0.025882
vn 0.096593 0.000000 -0.025882
vn 0.096593 0.000000 -0.025882
vn 0.086603 0.000000 -0.050000
vn 0.070711 0.000000 -0.070711
vn 0.050000 0.000000 -0.086603
vn 0.096593 0.000000 -0.025882
vn 0.086603 0.000000 -0.050000
vn 0.070711 0.000000 -0.070711
vn 0.050000 0.000000 -0.086603
vn 0.000000 -0.100000 0.000000
vn 0.000000 -0.100000 0.000000
vn 0.000000 -0.100000 0.000000
vn 0.000000 -0.100000 0.000000
vn -0.000000 0.100000 0.000000
vn -0.000000 0.100000 0.000000
vn -0.022252 -0.000000 0.097493
vn -0.022252 -0.000000 0.097493
vn -0.043388 -0.000000 0.090097
vn -0.043388 -0.000000 0.090097
vn -0.062349 -0.000000 0.078183
vn -0.062349 -0.000000 0.078183
vn -0.078183 -0.000000 0.062349
vn -0.078183 -0.000000 0.062349
vn -0.090097 -0.000000 0.043388
vn -0.090097 -0.000000 0.043388
vn -0.097493 -0.000000 0.022252
vn -0.097493 -0.000000 0.022252
vn -0.100000 -0.000000 0.000000
vn -0.100000 -0.000000 0.000000
vn 0.000000 -0.100000 0.000000
vn 0.000000 -0.100000 0.000000
vn 0.000000 -0.100000 0.000000
vn 0.000000 -0.100000 0.000000
vn -0.000000 0.100000 0.000000
vn -0.000000 0.100000 0.000000
vn -0.000000 0.100000 0.000000
vn -0.000000 0.100000 0.000000
vn 0.000000 0.000000 -0.100000
vn 0.000000 0.000000 -0.100000
vn 0.100000 0.000000 0.000000
vn 0.100000 0.000000 0.000000
vn 0.100000 0.000000 0.000000
vn 0.100000 0.000000 0.000000
vn 0.000000 -0.100000 0.000000
vn 0.000000 -0.100000 0.000000
vn 0.000000 -0.100000 0.000000
vn 0.000000 -0.100000 0.000000
vn 0.000000 -0.100000 0.000000
vn 0.000000 -0.100000 0.000000
vn 0.000000 -0.100000 0.000000
vn 0.000000 -0.100000 0.000000
vn 0.000000 -0.100000 0.000000
vn 0.000000 -0.100000 0.000000
vn 0.000000 -0.100000 0.000000
vn 0.000000 0.000000 -0.100000
vn 0.000000 0.000000 -0.100000
vn 0.000000 0.000000 -0.100000
vn 0.000000 0.000000 -0.100000
vn -0.000000 0.100000 0.000000
vn -0.000000 0.100000 0.000000
vn -0.100000 -0.000000 0.000000
vn -0.100000 -0.000000 0.000000
vn -0.100000 -0.000000 0.000000
vn -0.100000 -0.000000 0.000000
vn -0.100000 -0.000000 0.000000
vn -0.100000 -0.000000 0.000000
vn -0.100000 -0.000000 0.000000
vn -0.100000 -0.000000 0.000000
vn -0.100000 -0.000000 0.000000
vn -0.100000 -0.000000 0.000000
f 1345/1939/1835 1346/1940/1836 1348/1941/1837
f 1348/1941/1837 1346/1940/1836 1347/1942/1838
f 1348/1943/1839 1349/1944/1840 1345/1945/1841
f 1345/1945/1841 1349/1944/1840 1350/1946/1842
f 1347/1947/1843 1351/1948/1844 1348/1949/1845
f 1348/1949/1845 1351/1948/1844 1349/1950/1846
f 1349/1950/1846 1351/1948/1844 1352/1951/1847
f 1349/1950/1846 1352/1951/1847 1355/1952/1848
f 1355/1952/1848 1352/1951/1847 1354/1953/1849
f 1354/1953/1849 1352/1951/1847 1353/1954/1850
f 1356/1955/1851 1357/1956/1852 1355/1952/1848
f 1355/1952/1848 1357/1956/1852 1358/1957/1853
f 1355/1952/1848 1358/1957/1853 1349/1950/1846
f 1349/1950/1846 1358/1957/1853 1359/1958/1854
f 1360/1959/1855 1361/1960/1856 1353/1961/1857
f 1353/1961/1857 1361/1960/1856 1354/1962/1858
f 1353/1963/1859 1352/1964/1860 1360/1965/1861
f 1360/1965/1861 1352/1964/1860 1362/1966/1862
f 1363/1967/1863 1364/1968/1864 1356/1969/1865
f 1356/1969/1865 1364/1968/1864 1357/1970/1866
f 1364/1971/1867 1365/1972/1868 1357/1973/1869
f 1357/1973/1869 1365/1972/1868 1358/1974/1870
f 1365/1975/1871 1366/1976/1872 1358/1977/1873
f 1358/1977/1873 1366/1976/1872 1359/1978/1874
f 1368/1979/1875 1369/1980/1876 1367/1981/1877
f 1367/1981/1877 1369/1980/1876 1370/1982/1878
f 1367/1983/1879 1371/1984/1880 1383/1985/1881
f 1383/1985/1881 1371/1984/1880 1372/1986/1882
f 1383/1985/1881 1372/1986/1882 1382/1987/1883
f 1382/1987/1883 1372/1986/1882 1373/1988/1884
f 1382/1987/1883 1373/1988/1884 1381/1989/1885
f 1381/1989/1885 1373/1988/1884 1374/1990/1886
f 1381/1989/1885 1374/1990/1886 1380/1991/1887
f 1380/1991/1887 1374/1990/1886 1375/1992/1888
f 1380/1991/1887 1375/1992/1888 1379/1993/1889
f 1379/1993/1889 1375/1992/1888 1376/1994/1890
f 1379/1993/1889 1376/1994/1890 1378/1995/1891
f 1378/1995/1891 1376/1994/1890 1351/1996/1892
f 1378/1995/1891 1351/1996/1892 1377/1997/1893
f 1372/1998/1894 1371/1999/1895 1391/2000/1896
f 1391/2000/1896 1371/1999/1895 1384/2001/1897
f 1391/2000/1896 1384/2001/1897 1390/2002/1898
f 1390/2002/1898 1384/2001/1897 1385/2003/1899
f 1390/2002/1898 1385/2003/1899 1392/2004/1900
f 1392/2004/1900 1385/2003/1899 1386/2005/1901
f 1392/2004/1900 1386/2005/1901 1394/2006/1902
f 1394/2006/1902 1386/2005/1901 1387/2007/1903
f 1394/2006/1902 1387/2007/1903 1396/2008/1904
f 1396/2008/1904 1387/2007/1903 1388/2009/1905
f 1396/2008/1904 1388/2009/1905 1398/2010/1906
f 1398/2010/1906 1388/2009/1905 1389/2011/1907
f 1398/2010/1906 1389/2011/1907 1352/2012/1847
f 1352/2012/1847 1351/2013/1844 1398/2010/1906
f 1398/2010/1906 1351/2013/1844 1399/2014/1908
f 1398/2010/1906 1399/2014/1908 1396/2008/1904
f 1396/2008/1904 1399/2014/1908 1397/2015/1909
f 1396/2008/1904 1397/2015/1909 1394/2006/1902
f 1394/2006/1902 1397/2015/1909 1395/2016/1910
f 1394/2006/1902 1395/2016/1910 1392/2004/1900
f 1392/2004/1900 1395/2016/1910 1393/2017/1911
f 1392/2004/1900 1393/2017/1911 1390/2002/1898
f 1390/2002/1898 1393/2017/1911 1391/2000/1896
f 1351/2013/1844 1376/2018/1912 1399/2014/1908
f 1399/2014/1908 1376/2018/1912 1397/2015/1909
f 1376/2018/1912 1375/2019/1913 1397/2015/1909
f 1397/2015/1909 1375/2019/1913 1395/2016/1910
f 1375/2019/1913 1374/2020/1914 1395/2016/1910
f 1395/2016/1910 1374/2020/1914 1393/2017/1911
f 1374/2020/1914 1373/2021/1915 1393/2017/1911
f 1393/2017/1911 1373/2021/1915 1391/2000/1896
f 1373/2021/1915 1372/1998/1894 1391/2000/1896
f 1384/2022/1916 1400/2023/1917 1368/2024/1918
f 1368/2024/1918 1400/2023/1917 1369/2025/1919
f 1367/2026/1879 1370/2027/1920 1371/2028/1880
f 1371/2028/1880 1370/2027/1920 1401/2029/1921
f 1368/2030/1875 1367/2031/1877 1407/2032/1922
f 1407/2032/1922 1367/2031/1877 1383/2033/1923
f 1407/2032/1922 1383/2033/1923 1406/2034/1924
f 1406/2034/1924 1383/2033/1923 1382/2035/1925
f 1406/2034/1924 1382/2035/1925 1405/2036/1926
f 1405/2036/1926 1382/2035/1925 1381/2037/1927
f 1405/2036/1926 1381/2037/1927 1404/2038/1928
f 1404/2038/1928 1381/2037/1927 1380/2039/1929
f 1404/2038/1928 1380/2039/1929 1403/2040/1930
f 1403/2040/1930 1380/2039/1929 1379/2041/1931
f 1403/2040/1930 1379/2041/1931 1402/2042/1932
f 1402/2042/1932 1379/2041/1931 1378/2043/1933
f 1402/2042/1932 1378/2043/1933 1362/2044/1934
f 1362/2044/1934 1378/2043/1933 1377/2045/1935
f 1356/2046/1936 1355/2047/1937 1363/2048/1938
f 1363/2048/1938 1355/2047/1937 1408/2049/1939
f 1366/2050/1940 1350/2051/1941 1359/2052/1942
f 1359/2052/1942 1350/2051/1941 1349/2053/1943
f 1371/2054/1895 1401/2055/1944 1384/2056/1897
f 1384/2056/1897 1401/2055/1944 1400/2057/1945
f 1370/2058/1946 1369/2059/1947 1401/2060/1948
f 1401/2060/1948 1369/2059/1947 1400/2061/1949
f 1368/2062/1918 1407/2063/1950 1384/2064/1916
f 1384/2064/1916 1407/2063/1950 1385/2065/1951
f 1385/2065/1951 1407/2063/1950 1406/2066/1952
f 1385/2065/1951 1406/2066/1952 1386/2067/1953
f 1386/2067/1953 1406/2066/1952 1405/2068/1954
f 1386/2067/1953 1405/2068/1954 1387/2069/1955
f 1387/2069/1955 1405/2068/1954 1404/2070/1956
f 1387/2069/1955 1404/2070/1956 1388/2071/1957
f 1388/2071/1957 1404/2070/1956 1403/2072/1958
f 1388/2071/1957 1403/2072/1958 1389/2073/1959
f 1389/2073/1959 1403/2072/1958 1402/2074/1960
f 1389/2073/1959 1402/2074/1960 1352/2075/1860
f 1352/2075/1860 1402/2074/1960 1362/2076/1862
f 1361/2077/1961 1408/2078/1962 1354/2079/1963
f 1354/2079/1963 1408/2078/1962 1355/2080/1964
f 1346/2081/1965 1377/2082/1893 1347/2083/1966
f 1347/2083/1966 1377/2082/1893 1351/2084/1892
f 1346/2085/1967 1345/2086/1968 1377/2087/1935
f 1377/2087/1935 1345/2086/1968 1350/2088/1969
f 1377/2087/1935 1350/2088/1969 1362/2089/1934
f 1362/2089/1934 1350/2088/1969 1408/2090/1970
f 1362/2089/1934 1408/2090/1970 1361/2091/1971
f 1366/2092/1972 1365/2093/1973 1350/2088/1969
f 1350/2088/1969 1365/2093/1973 1408/2090/1970
f 1365/2093/1973 1364/2094/1974 1408/2090/1970
f 1408/2090/1970 1364/2094/1974 1363/2095/1975
f 1361/2091/1971 1360/2096/1976 1362/2089/1934
g Body6

v -3.935066 -5.850066 0.000000
v -3.935066 -5.650066 0.200000
v -3.685066 -5.650066 0.200000
v -3.685066 -5.850066 0.000000
v -3.685066 -6.085066 0.000000
v -3.935066 -6.085066 0.000000
v -3.685066 -5.650066 2.093066
v -3.685066 -7.050066 2.093066
v -3.685066 -7.050066 0.200000
v -3.685066 -6.850066 0.000000
v -3.685066 -6.615066 0.000000
v -3.685066 -6.615066 -3.300000
v -3.685066 -6.415066 -3.500000
v -3.685066 -6.285066 -3.500000
v -3.685066 -6.085066 -3.300000
v -3.935066 -7.050066 0.200000
v -3.935066 -6.850066 0.000000
v -3.935066 -7.050066 2.093066
v -3.935066 -6.615066 -3.300000
v -3.935066 -6.415066 -3.500000
v -3.935066 -6.285066 -3.500000
v -3.935066 -6.085066 -3.300000
v -3.585066 -5.650066 2.443066
v -3.585066 -7.050066 2.443066
v -1.008000 -7.050066 2.443066
v -1.008000 -5.650066 2.443066
v -3.585066 -5.650066 2.193066
v -3.610948 -5.650066 2.189659
v -3.635066 -5.650066 2.179669
v -3.655777 -5.650066 2.163777
v -3.671669 -5.650066 2.143066
v -3.681659 -5.650066 2.118948
v -3.935066 -5.650066 2.093066
v -3.926291 -5.650066 2.170949
v -3.900405 -5.650066 2.244926
v -3.858707 -5.650066 2.311288
v -3.803288 -5.650066 2.366707
v -3.736926 -5.650066 2.408405
v -3.662949 -5.650066 2.434291
v -3.585066 -7.050066 2.193066
v -3.610948 -7.050066 2.189659
v -3.635066 -7.050066 2.179669
v -3.655777 -7.050066 2.163777
v -3.671669 -7.050066 2.143066
v -3.681659 -7.050066 2.118948
v -3.610948 -6.583400 2.189659
v -3.610948 -6.116733 2.189659
v -3.635066 -6.583400 2.179669
v -3.635066 -6.116733 2.179669
v -3.655777 -6.583400 2.163777
v -3.655777 -6.116733 2.163777
v -3.671669 -6.583400 2.143066
v -3.671669 -6.116733 2.143066
v -3.681659 -6.583400 2.118948
v -3.681659 -6.116733 2.118948
v -1.008000 -7.050066 2.193066
v -1.008000 -5.650066 2.193066
v -3.926291 -7.050066 2.170949
v -3.900405 -7.050066 2.244926
v -3.858707 -7.050066 2.311288
v -3.803288 -7.050066 2.366707
v -3.736926 -7.050066 2.408405
v -3.662949 -7.050066 2.434291
v -3.935066 -6.615066 0.000000
vt 0.014142 0.012500 0.000000
vt -0.014142 0.012500 0.000000
vt 0.014142 -0.012500 0.000000
vt -0.014142 -0.012500 0.000000
vt 0.020000 -0.012500 0.000000
vt 0.043500 -0.012500 0.000000
vt 0.020000 0.012500 0.000000
vt 0.043500 0.012500 0.000000
vt 0.230000 0.070000 0.000000
vt 0.040693 0.070000 0.000000
vt 0.250000 0.050000 0.000000
vt 0.250000 0.026500 0.000000
vt 0.040693 -0.070000 0.000000
vt 0.250000 -0.026500 0.000000
vt 0.250000 -0.050000 0.000000
vt 0.230000 -0.070000 0.000000
vt 0.580000 -0.026500 0.000000
vt 0.600000 -0.006500 0.000000
vt 0.600000 0.006500 0.000000
vt 0.580000 0.026500 0.000000
vt 0.014142 0.012500 0.000000
vt -0.014142 0.012500 0.000000
vt 0.014142 -0.012500 0.000000
vt -0.014142 -0.012500 0.000000
vt 0.020000 -0.012500 0.000000
vt 0.209307 -0.012500 0.000000
vt 0.020000 0.012500 0.000000
vt 0.209307 0.012500 0.000000
vt 0.014142 0.012500 0.000000
vt -0.014142 0.012500 0.000000
vt 0.014142 -0.012500 0.000000
vt -0.014142 -0.012500 0.000000
vt 0.033000 0.012500 0.000000
vt 0.020000 0.012500 0.000000
vt 0.033000 -0.012500 0.000000
vt 0.020000 -0.012500 0.000000
vt 0.014142 0.012500 0.000000
vt -0.014142 0.012500 0.000000
vt 0.014142 -0.012500 0.000000
vt -0.014142 -0.012500 0.000000
vt -0.007707 -0.070000 0.000000
vt 0.250000 -0.070000 0.000000
vt -0.007707 0.070000 0.000000
vt 0.250000 0.070000 0.000000
vt -0.025000 -0.000000 0.000000
vt 0.000000 0.000000 0.000000
vt -0.024122 0.007788 0.000000
vt 0.000341 0.002588 0.000000
vt -0.021534 0.015186 0.000000
vt 0.001340 0.005000 0.000000
vt -0.017364 0.021822 0.000000
vt 0.002929 0.007071 0.000000
vt -0.011822 0.027364 0.000000
vt 0.005000 0.008660 0.000000
vt -0.005186 0.031534 0.000000
vt 0.007412 0.009659 0.000000
vt 0.002212 0.034122 0.000000
vt 0.010000 0.010000 0.000000
vt 0.010000 0.035000 0.000000
vt 0.070000 0.013090 0.000000
vt 0.070000 0.015708 0.000000
vt 0.023333 0.013090 0.000000
vt -0.070000 0.015708 0.000000
vt -0.023333 0.013090 0.000000
vt -0.070000 0.013090 0.000000
vt -0.023333 0.010472 0.000000
vt -0.070000 0.010472 0.000000
vt -0.023333 0.007854 0.000000
vt -0.070000 0.007854 0.000000
vt -0.023333 0.005236 0.000000
vt -0.070000 0.005236 0.000000
vt -0.023333 0.002618 0.000000
vt -0.070000 0.002618 0.000000
vt -0.070000 0.000000 0.000000
vt 0.070000 0.000000 0.000000
vt 0.023333 0.002618 0.000000
vt 0.023333 0.005236 0.000000
vt 0.023333 0.007854 0.000000
vt 0.023333 0.010472 0.000000
vt 0.070000 0.002618 0.000000
vt 0.070000 0.005236 0.000000
vt 0.070000 0.007854 0.000000
vt 0.070000 0.010472 0.000000
vt 0.242293 -0.012500 0.000000
vt 0.500000 -0.012500 0.000000
vt 0.242293 0.012500 0.000000
vt 0.500000 0.012500 0.000000
vt 0.257707 0.012500 0.000000
vt -0.000000 0.012500 0.000000
vt 0.257707 -0.012500 0.000000
vt 0.000000 -0.012500 0.000000
vt 0.070000 0.054978 0.000000
vt -0.070000 0.054978 0.000000
vt 0.070000 0.047124 0.000000
vt -0.070000 0.047124 0.000000
vt 0.070000 0.039270 0.000000
vt -0.070000 0.039270 0.000000
vt 0.070000 0.031416 0.000000
vt -0.070000 0.031416 0.000000
vt 0.070000 0.023562 0.000000
vt -0.070000 0.023562 0.000000
vt 0.070000 0.015708 0.000000
vt -0.070000 0.015708 0.000000
vt 0.070000 0.007854 0.000000
vt -0.070000 0.007854 0.000000
vt 0.070000 0.000000 0.000000
vt -0.070000 0.000000 0.000000
vt 0.020000 -0.012500 0.000000
vt 0.350000 -0.012500 0.000000
vt 0.020000 0.012500 0.000000
vt 0.350000 0.012500 0.000000
vt 0.330000 0.012500 0.000000
vt 0.000000 0.012500 0.000000
vt 0.330000 -0.012500 0.000000
vt 0.000000 -0.012500 0.000000
vt 0.007707 0.070000 0.000000
vt -0.250000 0.070000 0.000000
vt 0.007707 -0.070000 0.000000
vt -0.250000 -0.070000 0.000000
vt 0.140000 0.012500 0.000000
vt 0.000000 0.012500 0.000000
vt 0.140000 -0.012500 0.000000
vt 0.000000 -0.012500 0.000000
vt -0.000000 -0.000000 0.000000
vt -0.000878 0.007788 0.000000
vt -0.025000 -0.000000 0.000000
vt -0.025341 0.002588 0.000000
vt -0.003466 0.015186 0.000000
vt -0.026340 0.005000 0.000000
vt -0.007636 0.021822 0.000000
vt -0.027929 0.007071 0.000000
vt -0.013178 0.027364 0.000000
vt -0.030000 0.008660 0.000000
vt -0.019814 0.031534 0.000000
vt -0.032412 0.009659 0.000000
vt -0.027212 0.034122 0.000000
vt -0.035000 0.010000 0.000000
vt -0.035000 0.035000 0.000000
vt 0.120000 0.012500 0.000000
vt 0.096500 0.012500 0.000000
vt 0.120000 -0.012500 0.000000
vt 0.096500 -0.012500 0.000000
vt 0.480000 0.012500 0.000000
vt 0.290693 0.012500 0.000000
vt 0.480000 -0.012500 0.000000
vt 0.290693 -0.012500 0.000000
vt -0.230000 0.070000 0.000000
vt -0.250000 0.050000 0.000000
vt -0.040693 0.070000 0.000000
vt -0.250000 0.026500 0.000000
vt -0.040693 -0.070000 0.000000
vt -0.250000 -0.026500 0.000000
vt -0.250000 -0.050000 0.000000
vt -0.580000 0.026500 0.000000
vt -0.600000 0.006500 0.000000
vt -0.600000 -0.006500 0.000000
vt -0.580000 -0.026500 0.000000
vt -0.230000 -0.070000 0.000000
vn -0.000000 0.070711 -0.070711
vn -0.000000 0.070711 -0.070711
vn -0.000000 0.070711 -0.070711
vn -0.000000 0.070711 -0.070711
vn 0.000000 0.000000 -0.100000
vn 0.000000 0.000000 -0.100000
vn 0.000000 0.000000 -0.100000
vn 0.000000 0.000000 -0.100000
vn 0.100000 0.000000 0.000000
vn 0.100000 0.000000 0.000000
vn 0.100000 0.000000 0.000000
vn 0.100000 0.000000 0.000000
vn 0.100000 0.000000 0.000000
vn 0.100000 0.000000 0.000000
vn 0.100000 0.000000 0.000000
vn 0.100000 0.000000 0.000000
vn 0.100000 0.000000 0.000000
vn 0.100000 0.000000 0.000000
vn 0.100000 0.000000 0.000000
vn 0.100000 0.000000 0.000000
vn 0.000000 -0.070711 -0.070711
vn 0.000000 -0.070711 -0.070711
vn 0.000000 -0.070711 -0.070711
vn 0.000000 -0.070711 -0.070711
vn 0.000000 -0.100000 0.000000
vn 0.000000 -0.100000 0.000000
vn 0.000000 -0.100000 0.000000
vn 0.000000 -0.100000 0.000000
vn 0.000000 -0.070711 -0.070711
vn 0.000000 -0.070711 -0.070711
vn 0.000000 -0.070711 -0.070711
vn 0.000000 -0.070711 -0.070711
vn 0.000000 0.000000 -0.100000
vn 0.000000 0.000000 -0.100000
vn 0.000000 0.000000 -0.100000
vn 0.000000 0.000000 -0.100000
vn -0.000000 0.070711 -0.070711
vn -0.000000 0.070711 -0.070711
vn -0.000000 0.070711 -0.070711
vn -0.000000 0.070711 -0.070711
vn -0.000000 -0.000000 0.100000
vn -0.000000 -0.000000 0.100000
vn -0.000000 -0.000000 0.100000
vn -0.000000 -0.000000 0.100000
vn -0.000000 0.100000 0.000000
vn -0.000000 0.100000 0.000000
vn -0.000000 0.100000 0.000000
vn -0.000000 0.100000 0.000000
vn -0.000000 0.100000 0.000000
vn -0.000000 0.100000 0.000000
vn -0.000000 0.100000 0.000000
vn -0.000000 0.100000 0.000000
vn -0.000000 0.100000 0.000000
vn -0.000000 0.100000 0.000000
vn -0.000000 0.100000 0.000000
vn -0.000000 0.100000 0.000000
vn -0.000000 0.100000 0.000000
vn -0.000000 0.100000 0.000000
vn -0.000000 0.100000 0.000000
vn 0.025882 0.000000 -0.096593
vn 0.000000 0.000000 -0.100000
vn 0.025882 0.000000 -0.096593
vn 0.000000 0.000000 -0.100000
vn 0.025882 0.000000 -0.096593
vn 0.025882 0.000000 -0.096593
vn 0.050000 0.000000 -0.086603
vn 0.050000 0.000000 -0.086603
vn 0.070711 0.000000 -0.070711
vn 0.070711 0.000000 -0.070711
vn 0.086603 0.000000 -0.050000
vn 0.086603 0.000000 -0.050000
vn 0.096593 0.000000 -0.025882
vn 0.096593 0.000000 -0.025882
vn 0.096593 0.000000 -0.025882
vn 0.086603 0.000000 -0.050000
vn 0.070711 0.000000 -0.070711
vn 0.050000 0.000000 -0.086603
vn 0.096593 0.000000 -0.025882
vn 0.086603 0.000000 -0.050000
vn 0.070711 0.000000 -0.070711
vn 0.050000 0.000000 -0.086603
vn 0.000000 -0.100000 0.000000
vn 0.000000 -0.100000 0.000000
vn 0.000000 -0.100000 0.000000
vn 0.000000 -0.100000 0.000000
vn -0.000000 0.100000 0.000000
vn -0.000000 0.100000 0.000000
vn -0.022252 -0.000000 0.097493
vn -0.022252 -0.000000 0.097493
vn -0.043388 -0.000000 0.090097
vn -0.043388 -0.000000 0.090097
vn -0.062349 -0.000000 0.078183
vn -0.062349 -0.000000 0.078183
vn -0.078183 -0.000000 0.062349
vn -0.078183 -0.000000 0.062349
vn -0.090097 -0.000000 0.043388
vn -0.090097 -0.000000 0.043388
vn -0.097493 -0.000000 0.022252
vn -0.097493 -0.000000 0.022252
vn -0.100000 -0.000000 0.000000
vn -0.100000 -0.000000 0.000000
vn 0.000000 -0.100000 0.000000
vn 0.000000 -0.100000 0.000000
vn 0.000000 -0.100000 0.000000
vn 0.000000 -0.100000 0.000000
vn -0.000000 0.100000 0.000000
vn -0.000000 0.100000 0.000000
vn -0.000000 0.100000 0.000000
vn -0.000000 0.100000 0.000000
vn 0.000000 0.000000 -0.100000
vn 0.000000 0.000000 -0.100000
vn 0.100000 0.000000 0.000000
vn 0.100000 0.000000 0.000000
vn 0.100000 0.000000 0.000000
vn 0.100000 0.000000 0.000000
vn 0.000000 -0.100000 0.000000
vn 0.000000 -0.100000 0.000000
vn 0.000000 -0.100000 0.000000
vn 0.000000 -0.100000 0.000000
vn 0.000000 -0.100000 0.000000
vn 0.000000 -0.100000 0.000000
vn 0.000000 -0.100000 0.000000
vn 0.000000 -0.100000 0.000000
vn 0.000000 -0.100000 0.000000
vn 0.000000 -0.100000 0.000000
vn 0.000000 -0.100000 0.000000
vn 0.000000 0.000000 -0.100000
vn 0.000000 0.000000 -0.100000
vn 0.000000 0.000000 -0.100000
vn 0.000000 0.000000 -0.100000
vn -0.000000 0.100000 0.000000
vn -0.000000 0.100000 0.000000
vn -0.100000 -0.000000 0.000000
vn -0.100000 -0.000000 0.000000
vn -0.100000 -0.000000 0.000000
vn -0.100000 -0.000000 0.000000
vn -0.100000 -0.000000 0.000000
vn -0.100000 -0.000000 0.000000
vn -0.100000 -0.000000 0.000000
vn -0.100000 -0.000000 0.000000
vn -0.100000 -0.000000 0.000000
vn -0.100000 -0.000000 0.000000
f 1409/2097/1977 1410/2098/1978 1412/2099/1979
f 1412/2099/1979 1410/2098/1978 1411/2100/1980
f 1412/2101/1981 1413/2102/1982 1409/2103/1983
f 1409/2103/1983 1413/2102/1982 1414/2104/1984
f 1411/2105/1985 1415/2106/1986 1412/2107/1987
f 1412/2107/1987 1415/2106/1986 1413/2108/1988
f 1413/2108/1988 1415/2106/1986 1416/2109/1989
f 1413/2108/1988 1416/2109/1989 1419/2110/1990
f 1419/2110/1990 1416/2109/1989 1418/2111/1991
f 1418/2111/1991 1416/2109/1989 1417/2112/1992
f 1420/2113/1993 1421/2114/1994 1419/2110/1990
f 1419/2110/1990 1421/2114/1994 1422/2115/1995
f 1419/2110/1990 1422/2115/1995 1413/2108/1988
f 1413/2108/1988 1422/2115/1995 1423/2116/1996
f 1424/2117/1997 1425/2118/1998 1417/2119/1999
f 1417/2119/1999 1425/2118/1998 1418/2120/2000
f 1417/2121/2001 1416/2122/2002 1424/2123/2003
f 1424/2123/2003 1416/2122/2002 1426/2124/2004
f 1427/2125/2005 1428/2126/2006 1420/2127/2007
f 1420/2127/2007 1428/2126/2006 1421/2128/2008
f 1428/2129/2009 1429/2130/2010 1421/2131/2011
f 1421/2131/2011 1429/2130/2010 1422/2132/2012
f 1429/2133/2013 1430/2134/2014 1422/2135/2015
f 1422/2135/2015 1430/2134/2014 1423/2136/2016
f 1432/2137/2017 1433/2138/2018 1431/2139/2019
f 1431/2139/2019 1433/2138/2018 1434/2140/2020
f 1431/2141/2021 1435/2142/2022 1447/2143/2023
f 1447/2143/2023 1435/2142/2022 1436/2144/2024
f 1447/2143/2023 1436/2144/2024 1446/2145/2025
f 1446/2145/2025 1436/2144/2024 1437/2146/2026
f 1446/2145/2025 1437/2146/2026 1445/2147/2027
f 1445/2147/2027 1437/2146/2026 1438/2148/2028
f 1445/2147/2027 1438/2148/2028 1444/2149/2029
f 1444/2149/2029 1438/2148/2028 1439/2150/2030
f 1444/2149/2029 1439/2150/2030 1443/2151/2031
f 1443/2151/2031 1439/2150/2030 1440/2152/2032
f 1443/2151/2031 1440/2152/2032 1442/2153/2033
f 1442/2153/2033 1440/2152/2032 1415/2154/2034
f 1442/2153/2033 1415/2154/2034 1441/2155/2035
f 1436/2156/2036 1435/2157/2037 1455/2158/2038
f 1455/2158/2038 1435/2157/2037 1448/2159/2039
f 1455/2158/2038 1448/2159/2039 1454/2160/2040
f 1454/2160/2040 1448/2159/2039 1449/2161/2041
f 1454/2160/2040 1449/2161/2041 1456/2162/2042
f 1456/2162/2042 1449/2161/2041 1450/2163/2043
f 1456/2162/2042 1450/2163/2043 1458/2164/2044
f 1458/2164/2044 1450/2163/2043 1451/2165/2045
f 1458/2164/2044 1451/2165/2045 1460/2166/2046
f 1460/2166/2046 1451/2165/2045 1452/2167/2047
f 1460/2166/2046 1452/2167/2047 1462/2168/2048
f 1462/2168/2048 1452/2167/2047 1453/2169/2049
f 1462/2168/2048 1453/2169/2049 1416/2170/1989
f 1416/2170/1989 1415/2171/1986 1462/2168/2048
f 1462/2168/2048 1415/2171/1986 1463/2172/2050
f 1462/2168/2048 1463/2172/2050 1460/2166/2046
f 1460/2166/2046 1463/2172/2050 1461/2173/2051
f 1460/2166/2046 1461/2173/2051 1458/2164/2044
f 1458/2164/2044 1461/2173/2051 1459/2174/2052
f 1458/2164/2044 1459/2174/2052 1456/2162/2042
f 1456/2162/2042 1459/2174/2052 1457/2175/2053
f 1456/2162/2042 1457/2175/2053 1454/2160/2040
f 1454/2160/2040 1457/2175/2053 1455/2158/2038
f 1415/2171/1986 1440/2176/2054 1463/2172/2050
f 1463/2172/2050 1440/2176/2054 1461/2173/2051
f 1440/2176/2054 1439/2177/2055 1461/2173/2051
f 1461/2173/2051 1439/2177/2055 1459/2174/2052
f 1439/2177/2055 1438/2178/2056 1459/2174/2052
f 1459/2174/2052 1438/2178/2056 1457/2175/2053
f 1438/2178/2056 1437/2179/2057 1457/2175/2053
f 1457/2175/2053 1437/2179/2057 1455/2158/2038
f 1437/2179/2057 1436/2156/2036 1455/2158/2038
f 1448/2180/2058 1464/2181/2059 1432/2182/2060
f 1432/2182/2060 1464/2181/2059 1433/2183/2061
f 1431/2184/2021 1434/2185/2062 1435/2186/2022
f 1435/2186/2022 1434/2185/2062 1465/2187/2063
f 1432/2188/2017 1431/2189/2019 1471/2190/2064
f 1471/2190/2064 1431/2189/2019 1447/2191/2065
f 1471/2190/2064 1447/2191/2065 1470/2192/2066
f 1470/2192/2066 1447/2191/2065 1446/2193/2067
f 1470/2192/2066 1446/2193/2067 1469/2194/2068
f 1469/2194/2068 1446/2193/2067 1445/2195/2069
f 1469/2194/2068 1445/2195/2069 1468/2196/2070
f 1468/2196/2070 1445/2195/2069 1444/2197/2071
f 1468/2196/2070 1444/2197/2071 1467/2198/2072
f 1467/2198/2072 1444/2197/2071 1443/2199/2073
f 1467/2198/2072 1443/2199/2073 1466/2200/2074
f 1466/2200/2074 1443/2199/2073 1442/2201/2075
f 1466/2200/2074 1442/2201/2075 1426/2202/2076
f 1426/2202/2076 1442/2201/2075 1441/2203/2077
f 1420/2204/2078 1419/2205/2079 1427/2206/2080
f 1427/2206/2080 1419/2205/2079 1472/2207/2081
f 1430/2208/2082 1414/2209/2083 1423/2210/2084
f 1423/2210/2084 1414/2209/2083 1413/2211/2085
f 1435/2212/2037 1465/2213/2086 1448/2214/2039
f 1448/2214/2039 1465/2213/2086 1464/2215/2087
f 1434/2216/2088 1433/2217/2089 1465/2218/2090
f 1465/2218/2090 1433/2217/2089 1464/2219/2091
f 1432/2220/2060 1471/2221/2092 1448/2222/2058
f 1448/2222/2058 1471/2221/2092 1449/2223/2093
f 1449/2223/2093 1471/2221/2092 1470/2224/2094
f 1449/2223/2093 1470/2224/2094 1450/2225/2095
f 1450/2225/2095 1470/2224/2094 1469/2226/2096
f 1450/2225/2095 1469/2226/2096 1451/2227/2097
f 1451/2227/2097 1469/2226/2096 1468/2228/2098
f 1451/2227/2097 1468/2228/2098 1452/2229/2099
f 1452/2229/2099 1468/2228/2098 1467/2230/2100
f 1452/2229/2099 1467/2230/2100 1453/2231/2101
f 1453/2231/2101 1467/2230/2100 1466/2232/2102
f 1453/2231/2101 1466/2232/2102 1416/2233/2002
f 1416/2233/2002 1466/2232/2102 1426/2234/2004
f 1425/2235/2103 1472/2236/2104 1418/2237/2105
f 1418/2237/2105 1472/2236/2104 1419/2238/2106
f 1410/2239/2107 1441/2240/2035 1411/2241/2108
f 1411/2241/2108 1441/2240/2035 1415/2242/2034
f 1410/2243/2109 1409/2244/2110 1441/2245/2077
f 1441/2245/2077 1409/2244/2110 1414/2246/2111
f 1441/2245/2077 1414/2246/2111 1426/2247/2076
f 1426/2247/2076 1414/2246/2111 1472/2248/2112
f 1426/2247/2076 1472/2248/2112 1425/2249/2113
f 1430/2250/2114 1429/2251/2115 1414/2246/2111
f 1414/2246/2111 1429/2251/2115 1472/2248/2112
f 1429/2251/2115 1428/2252/2116 1472/2248/2112
f 1472/2248/2112 1428/2252/2116 1427/2253/2117
f 1425/2249/2113 1424/2254/2118 1426/2247/2076
g Body7

v -3.685066 9.154934 -3.300000
v -3.685066 9.154934 2.093066
v -3.685066 8.189934 2.093066
v -3.685066 8.189934 0.200000
v -3.685066 8.389934 0.000000
v -3.685066 8.624934 0.000000
v -3.685066 8.624934 -3.300000
v -3.685066 8.824934 -3.500000
v -3.685066 8.954934 -3.500000
v -3.681659 9.154934 2.118948
v -3.671669 9.154934 2.143066
v -3.655777 9.154934 2.163777
v -3.635066 9.154934 2.179669
v -3.610948 9.154934 2.189659
v -3.585066 9.154934 2.193066
v -3.585066 8.189934 2.193066
v -3.610948 8.189934 2.189659
v -3.635066 8.189934 2.179669
v -3.655777 8.189934 2.163777
v -3.671669 8.189934 2.143066
v -3.681659 8.189934 2.118948
v -3.681659 8.672434 2.118948
v -3.671669 8.672434 2.143066
v -3.655777 8.672434 2.163777
v -3.635066 8.672434 2.179669
v -3.610948 8.672434 2.189659
v -1.008000 9.154934 2.193066
v -1.008000 8.189934 2.193066
v -1.008000 9.154934 2.443066
v -1.008000 8.189934 2.443066
v -3.935066 8.189934 0.200000
v -3.935066 8.389934 0.000000
v -3.935066 8.189934 2.093066
v -3.935066 8.624934 -3.300000
v -3.935066 8.824934 -3.500000
v -3.935066 8.954934 -3.500000
v -3.935066 9.154934 -3.300000
v -3.585066 9.154934 2.443066
v -3.585066 8.189934 2.443066
v -3.662949 9.154934 2.434291
v -3.736926 9.154934 2.408405
v -3.803288 9.154934 2.366707
v -3.858707 9.154934 2.311288
v -3.900405 9.154934 2.244926
v -3.926291 9.154934 2.170949
v -3.935066 9.154934 2.093066
v -3.926291 8.189934 2.170949
v -3.900405 8.189934 2.244926
v -3.858707 8.189934 2.311288
v -3.803288 8.189934 2.366707
v -3.736926 8.189934 2.408405
v -3.662949 8.189934 2.434291
v -3.935066 8.624934 0.000000
vt 0.600000 0.006500 0.000000
vt 0.580000 0.026500 0.000000
vt 0.250000 -0.026500 0.000000
vt 0.040693 0.026500 0.000000
vt 0.040693 -0.070000 0.000000
vt 0.230000 -0.070000 0.000000
vt 0.250000 -0.050000 0.000000
vt 0.580000 -0.026500 0.000000
vt 0.600000 -0.006500 0.000000
vt -0.070000 0.000000 0.000000
vt 0.026500 0.000000 0.000000
vt -0.021750 0.002618 0.000000
vt 0.026500 0.002618 0.000000
vt -0.021750 0.005236 0.000000
vt 0.026500 0.005236 0.000000
vt -0.021750 0.007854 0.000000
vt 0.026500 0.007854 0.000000
vt -0.021750 0.010472 0.000000
vt 0.026500 0.010472 0.000000
vt -0.021750 0.013090 0.000000
vt 0.026500 0.013090 0.000000
vt 0.026500 0.015708 0.000000
vt -0.070000 0.015708 0.000000
vt -0.070000 0.013090 0.000000
vt -0.070000 0.010472 0.000000
vt -0.070000 0.007854 0.000000
vt -0.070000 0.005236 0.000000
vt -0.070000 0.002618 0.000000
vt 0.007707 0.026500 0.000000
vt -0.250000 0.026500 0.000000
vt 0.007707 -0.070000 0.000000
vt -0.250000 -0.070000 0.000000
vt 0.096500 0.012500 0.000000
vt 0.000000 0.012500 0.000000
vt 0.096500 -0.012500 0.000000
vt 0.000000 -0.012500 0.000000
vt 0.014142 0.012500 0.000000
vt -0.014142 0.012500 0.000000
vt 0.014142 -0.012500 0.000000
vt -0.014142 -0.012500 0.000000
vt 0.020000 -0.012500 0.000000
vt 0.209307 -0.012500 0.000000
vt 0.020000 0.012500 0.000000
vt 0.209307 0.012500 0.000000
vt 0.014142 0.012500 0.000000
vt -0.014142 0.012500 0.000000
vt 0.014142 -0.012500 0.000000
vt -0.014142 -0.012500 0.000000
vt 0.033000 0.012500 0.000000
vt 0.020000 0.012500 0.000000
vt 0.033000 -0.012500 0.000000
vt 0.020000 -0.012500 0.000000
vt 0.014142 0.012500 0.000000
vt -0.014142 0.012500 0.000000
vt 0.014142 -0.012500 0.000000
vt -0.014142 -0.012500 0.000000
vt 0.250000 0.026500 0.000000
vt -0.007707 0.026500 0.000000
vt 0.250000 -0.070000 0.000000
vt -0.007707 -0.070000 0.000000
vt 0.242293 -0.012500 0.000000
vt 0.500000 -0.012500 0.000000
vt 0.242293 0.012500 0.000000
vt 0.500000 0.012500 0.000000
vt 0.070000 0.054978 0.000000
vt -0.026500 0.054978 0.000000
vt 0.070000 0.047124 0.000000
vt -0.026500 0.047124 0.000000
vt 0.070000 0.039270 0.000000
vt -0.026500 0.039270 0.000000
vt 0.070000 0.031416 0.000000
vt -0.026500 0.031416 0.000000
vt 0.070000 0.023562 0.000000
vt -0.026500 0.023562 0.000000
vt 0.070000 0.015708 0.000000
vt -0.026500 0.015708 0.000000
vt 0.070000 0.007854 0.000000
vt -0.026500 0.007854 0.000000
vt 0.070000 0.000000 0.000000
vt -0.026500 0.000000 0.000000
vt 0.020000 -0.012500 0.000000
vt 0.350000 -0.012500 0.000000
vt 0.020000 0.012500 0.000000
vt 0.350000 0.012500 0.000000
vt 0.330000 0.012500 0.000000
vt -0.209307 0.012500 0.000000
vt 0.330000 -0.012500 0.000000
vt -0.209307 -0.012500 0.000000
vt -0.217095 0.011622 0.000000
vt -0.224493 0.009034 0.000000
vt -0.231129 0.004864 0.000000
vt -0.211895 -0.012841 0.000000
vt -0.236671 -0.000678 0.000000
vt -0.240841 -0.007314 0.000000
vt -0.243429 -0.014712 0.000000
vt -0.216378 -0.015429 0.000000
vt -0.214307 -0.013840 0.000000
vt -0.244307 -0.022500 0.000000
vt -0.218966 -0.019912 0.000000
vt -0.217967 -0.017500 0.000000
vt -0.244307 -0.280207 0.000000
vt -0.219307 -0.280207 0.000000
vt -0.219307 -0.022500 0.000000
vt -0.000000 -0.000000 0.000000
vt -0.000878 0.007788 0.000000
vt -0.025000 -0.000000 0.000000
vt -0.025341 0.002588 0.000000
vt -0.003466 0.015186 0.000000
vt -0.026340 0.005000 0.000000
vt -0.007636 0.021822 0.000000
vt -0.027929 0.007071 0.000000
vt -0.013178 0.027364 0.000000
vt -0.030000 0.008660 0.000000
vt -0.019814 0.031534 0.000000
vt -0.032412 0.009659 0.000000
vt -0.027212 0.034122 0.000000
vt -0.035000 0.010000 0.000000
vt -0.035000 0.035000 0.000000
vt 0.120000 0.012500 0.000000
vt 0.096500 0.012500 0.000000
vt 0.120000 -0.012500 0.000000
vt 0.096500 -0.012500 0.000000
vt -0.040693 -0.070000 0.000000
vt -0.040693 0.026500 0.000000
vt -0.250000 -0.026500 0.000000
vt -0.580000 0.026500 0.000000
vt -0.600000 0.006500 0.000000
vt -0.600000 -0.006500 0.000000
vt -0.580000 -0.026500 0.000000
vt -0.250000 -0.050000 0.000000
vt -0.230000 -0.070000 0.000000
vn 0.100000 0.000000 0.000000
vn 0.100000 0.000000 0.000000
vn 0.100000 0.000000 0.000000
vn 0.100000 0.000000 0.000000
vn 0.100000 0.000000 0.000000
vn 0.100000 0.000000 0.000000
vn 0.100000 0.000000 0.000000
vn 0.100000 0.000000 0.000000
vn 0.100000 0.000000 0.000000
vn 0.096593 0.000000 -0.025882
vn 0.096593 0.000000 -0.025882
vn 0.086603 0.000000 -0.050000
vn 0.086603 0.000000 -0.050000
vn 0.070711 0.000000 -0.070711
vn 0.070711 0.000000 -0.070711
vn 0.050000 0.000000 -0.086603
vn 0.050000 0.000000 -0.086603
vn 0.025882 0.000000 -0.096593
vn 0.025882 0.000000 -0.096593
vn 0.000000 0.000000 -0.100000
vn 0.000000 0.000000 -0.100000
vn 0.025882 0.000000 -0.096593
vn 0.050000 0.000000 -0.086603
vn 0.070711 0.000000 -0.070711
vn 0.086603 0.000000 -0.050000
vn 0.096593 0.000000 -0.025882
vn 0.000000 0.000000 -0.100000
vn 0.000000 0.000000 -0.100000
vn 0.100000 0.000000 0.000000
vn 0.100000 0.000000 0.000000
vn 0.100000 0.000000 0.000000
vn 0.100000 0.000000 0.000000
vn 0.000000 -0.070711 -0.070711
vn 0.000000 -0.070711 -0.070711
vn 0.000000 -0.070711 -0.070711
vn 0.000000 -0.070711 -0.070711
vn 0.000000 -0.100000 0.000000
vn 0.000000 -0.100000 0.000000
vn 0.000000 -0.100000 0.000000
vn 0.000000 -0.100000 0.000000
vn 0.000000 -0.070711 -0.070711
vn 0.000000 -0.070711 -0.070711
vn 0.000000 -0.070711 -0.070711
vn 0.000000 -0.070711 -0.070711
vn 0.000000 0.000000 -0.100000
vn 0.000000 0.000000 -0.100000
vn 0.000000 0.000000 -0.100000
vn 0.000000 0.000000 -0.100000
vn -0.000000 0.070711 -0.070711
vn -0.000000 0.070711 -0.070711
vn -0.000000 0.070711 -0.070711
vn -0.000000 0.070711 -0.070711
vn -0.000000 -0.000000 0.100000
vn -0.000000 -0.000000 0.100000
vn -0.000000 -0.000000 0.100000
vn -0.000000 -0.000000 0.100000
vn 0.000000 -0.100000 0.000000
vn 0.000000 -0.100000 0.000000
vn 0.000000 -0.100000 0.000000
vn 0.000000 -0.100000 0.000000
vn -0.022252 -0.000000 0.097493
vn -0.022252 -0.000000 0.097493
vn -0.043388 -0.000000 0.090097
vn -0.043388 -0.000000 0.090097
vn -0.062349 -0.000000 0.078183
vn -0.062349 -0.000000 0.078183
vn -0.078183 -0.000000 0.062349
vn -0.078183 -0.000000 0.062349
vn -0.090097 -0.000000 0.043388
vn -0.090097 -0.000000 0.043388
vn -0.097493 -0.000000 0.022252
vn -0.097493 -0.000000 0.022252
vn -0.100000 -0.000000 0.000000
vn -0.100000 -0.000000 0.000000
vn 0.000000 -0.100000 0.000000
vn 0.000000 -0.100000 0.000000
vn 0.000000 -0.100000 0.000000
vn 0.000000 -0.100000 0.000000
vn -0.000000 0.100000 0.000000
vn -0.000000 0.100000 0.000000
vn -0.000000 0.100000 0.000000
vn -0.000000 0.100000 0.000000
vn -0.000000 0.100000 0.000000
vn -0.000000 0.100000 0.000000
vn -0.000000 0.100000 0.000000
vn -0.000000 0.100000 0.000000
vn -0.000000 0.100000 0.000000
vn -0.000000 0.100000 0.000000
vn -0.000000 0.100000 0.000000
vn -0.000000 0.100000 0.000000
vn -0.000000 0.100000 0.000000
vn -0.000000 0.100000 0.000000
vn -0.000000 0.100000 0.000000
vn -0.000000 0.100000 0.000000
vn -0.000000 0.100000 0.000000
vn -0.000000 0.100000 0.000000
vn -0.000000 0.100000 0.000000
vn 0.000000 -0.100000 0.000000
vn 0.000000 -0.100000 0.000000
vn 0.000000 -0.100000 0.000000
vn 0.000000 -0.100000 0.000000
vn 0.000000 -0.100000 0.000000
vn 0.000000 -0.100000 0.000000
vn 0.000000 -0.100000 0.000000
vn 0.000000 -0.100000 0.000000
vn 0.000000 -0.100000 0.000000
vn 0.000000 -0.100000 0.000000
vn 0.000000 -0.100000 0.000000
vn 0.000000 0.000000 -0.100000
vn 0.000000 0.000000 -0.100000
vn 0.000000 0.000000 -0.100000
vn 0.000000 0.000000 -0.100000
vn -0.100000 -0.000000 0.000000
vn -0.100000 -0.000000 0.000000
vn -0.100000 -0.000000 0.000000
vn -0.100000 -0.000000 0.000000
vn -0.100000 -0.000000 0.000000
vn -0.100000 -0.000000 0.000000
vn -0.100000 -0.000000 0.000000
f 1481/2255/2119 1473/2256/2120 1478/2257/2121
f 1478/2257/2121 1473/2256/2120 1474/2258/2122
f 1478/2257/2121 1474/2258/2122 1475/2259/2123
f 1476/2260/2124 1477/2261/2125 1475/2259/2123
f 1475/2259/2123 1477/2261/2125 1478/2257/2121
f 1479/2262/2126 1480/2263/2127 1478/2257/2121
f 1478/2257/2121 1480/2263/2127 1481/2255/2119
f 1475/2264/2123 1474/2265/2122 1494/2266/2128
f 1494/2266/2128 1474/2265/2122 1482/2267/2129
f 1494/2266/2128 1482/2267/2129 1495/2268/2130
f 1495/2268/2130 1482/2267/2129 1483/2269/2131
f 1495/2268/2130 1483/2269/2131 1496/2270/2132
f 1496/2270/2132 1483/2269/2131 1484/2271/2133
f 1496/2270/2132 1484/2271/2133 1497/2272/2134
f 1497/2272/2134 1484/2271/2133 1485/2273/2135
f 1497/2272/2134 1485/2273/2135 1498/2274/2136
f 1498/2274/2136 1485/2273/2135 1486/2275/2137
f 1498/2274/2136 1486/2275/2137 1487/2276/2138
f 1487/2276/2138 1488/2277/2139 1498/2274/2136
f 1498/2274/2136 1488/2277/2139 1489/2278/2140
f 1498/2274/2136 1489/2278/2140 1497/2272/2134
f 1497/2272/2134 1489/2278/2140 1490/2279/2141
f 1497/2272/2134 1490/2279/2141 1496/2270/2132
f 1496/2270/2132 1490/2279/2141 1491/2280/2142
f 1496/2270/2132 1491/2280/2142 1495/2268/2130
f 1495/2268/2130 1491/2280/2142 1492/2281/2143
f 1495/2268/2130 1492/2281/2143 1494/2266/2128
f 1494/2266/2128 1492/2281/2143 1493/2282/2144
f 1494/2266/2128 1493/2282/2144 1475/2264/2123
f 1487/2283/2138 1499/2284/2145 1488/2285/2139
f 1488/2285/2139 1499/2284/2145 1500/2286/2146
f 1501/2287/2147 1502/2288/2148 1499/2289/2149
f 1499/2289/2149 1502/2288/2148 1500/2290/2150
f 1503/2291/2151 1504/2292/2152 1476/2293/2153
f 1476/2293/2153 1504/2292/2152 1477/2294/2154
f 1476/2295/2155 1475/2296/2156 1503/2297/2157
f 1503/2297/2157 1475/2296/2156 1505/2298/2158
f 1506/2299/2159 1507/2300/2160 1479/2301/2161
f 1479/2301/2161 1507/2300/2160 1480/2302/2162
f 1507/2303/2163 1508/2304/2164 1480/2305/2165
f 1480/2305/2165 1508/2304/2164 1481/2306/2166
f 1508/2307/2167 1509/2308/2168 1481/2309/2169
f 1481/2309/2169 1509/2308/2168 1473/2310/2170
f 1501/2311/2171 1510/2312/2172 1502/2313/2173
f 1502/2313/2173 1510/2312/2172 1511/2314/2174
f 1488/2315/2175 1500/2316/2176 1511/2317/2177
f 1511/2317/2177 1500/2316/2176 1502/2318/2178
f 1511/2319/2174 1510/2320/2172 1524/2321/2179
f 1524/2321/2179 1510/2320/2172 1512/2322/2180
f 1524/2321/2179 1512/2322/2180 1523/2323/2181
f 1523/2323/2181 1512/2322/2180 1513/2324/2182
f 1523/2323/2181 1513/2324/2182 1522/2325/2183
f 1522/2325/2183 1513/2324/2182 1514/2326/2184
f 1522/2325/2183 1514/2326/2184 1521/2327/2185
f 1521/2327/2185 1514/2326/2184 1515/2328/2186
f 1521/2327/2185 1515/2328/2186 1520/2329/2187
f 1520/2329/2187 1515/2328/2186 1516/2330/2188
f 1520/2329/2187 1516/2330/2188 1519/2331/2189
f 1519/2331/2189 1516/2330/2188 1517/2332/2190
f 1519/2331/2189 1517/2332/2190 1505/2333/2191
f 1505/2333/2191 1517/2332/2190 1518/2334/2192
f 1479/2335/2193 1478/2336/2194 1506/2337/2195
f 1506/2337/2195 1478/2336/2194 1525/2338/2196
f 1509/2339/2197 1518/2340/2198 1473/2341/2199
f 1473/2341/2199 1518/2340/2198 1474/2342/2200
f 1474/2342/2200 1518/2340/2198 1517/2343/2201
f 1474/2342/2200 1517/2343/2201 1516/2344/2202
f 1516/2344/2202 1515/2345/2203 1474/2342/2200
f 1474/2342/2200 1515/2345/2203 1482/2346/2204
f 1482/2346/2204 1515/2345/2203 1514/2347/2205
f 1482/2346/2204 1514/2347/2205 1513/2348/2206
f 1512/2349/2207 1484/2350/2208 1513/2348/2206
f 1513/2348/2206 1484/2350/2208 1483/2351/2209
f 1513/2348/2206 1483/2351/2209 1482/2346/2204
f 1510/2352/2210 1486/2353/2211 1512/2349/2207
f 1512/2349/2207 1486/2353/2211 1485/2354/2212
f 1512/2349/2207 1485/2354/2212 1484/2350/2208
f 1501/2355/2213 1499/2356/2214 1510/2352/2210
f 1510/2352/2210 1499/2356/2214 1487/2357/2215
f 1510/2352/2210 1487/2357/2215 1486/2353/2211
f 1511/2358/2177 1524/2359/2216 1488/2360/2175
f 1488/2360/2175 1524/2359/2216 1489/2361/2217
f 1489/2361/2217 1524/2359/2216 1523/2362/2218
f 1489/2361/2217 1523/2362/2218 1490/2363/2219
f 1490/2363/2219 1523/2362/2218 1522/2364/2220
f 1490/2363/2219 1522/2364/2220 1491/2365/2221
f 1491/2365/2221 1522/2364/2220 1521/2366/2222
f 1491/2365/2221 1521/2366/2222 1492/2367/2223
f 1492/2367/2223 1521/2366/2222 1520/2368/2224
f 1492/2367/2223 1520/2368/2224 1493/2369/2225
f 1493/2369/2225 1520/2368/2224 1519/2370/2226
f 1493/2369/2225 1519/2370/2226 1475/2371/2156
f 1475/2371/2156 1519/2370/2226 1505/2372/2158
f 1504/2373/2227 1525/2374/2228 1477/2375/2229
f 1477/2375/2229 1525/2374/2228 1478/2376/2230
f 1505/2377/2191 1518/2378/2192 1525/2379/2231
f 1525/2379/2231 1518/2378/2192 1509/2380/2232
f 1525/2379/2231 1509/2380/2232 1508/2381/2233
f 1508/2381/2233 1507/2382/2234 1525/2379/2231
f 1525/2379/2231 1507/2382/2234 1506/2383/2235
f 1525/2379/2231 1504/2384/2236 1505/2377/2191
f 1505/2377/2191 1504/2384/2236 1503/2385/2237
g Body8

v -3.685066 -9.155066 2.093066
v -3.685066 -9.155066 -3.300000
v -3.685066 -8.955066 -3.500000
v -3.685066 -8.825066 -3.500000
v -3.685066 -8.625066 -3.300000
v -3.685066 -8.625066 0.000000
v -3.685066 -8.390066 0.000000
v -3.685066 -8.190066 0.200000
v -3.685066 -8.190066 2.093066
v -3.935066 -9.155066 -3.300000
v -3.935066 -9.155066 2.093066
v -3.935066 -8.190066 2.093066
v -3.935066 -8.190066 0.200000
v -3.935066 -8.390066 0.000000
v -3.935066 -8.625066 0.000000
v -3.935066 -8.625066 -3.300000
v -3.935066 -8.825066 -3.500000
v -3.935066 -8.955066 -3.500000
v -3.926291 -9.155066 2.170949
v -3.900405 -9.155066 2.244926
v -3.858707 -9.155066 2.311288
v -3.803288 -9.155066 2.366707
v -3.736926 -9.155066 2.408405
v -3.662949 -9.155066 2.434291
v -3.585066 -9.155066 2.443066
v -3.585066 -8.190066 2.443066
v -3.662949 -8.190066 2.434291
v -3.736926 -8.190066 2.408405
v -3.803288 -8.190066 2.366707
v -3.858707 -8.190066 2.311288
v -3.900405 -8.190066 2.244926
v -3.926291 -8.190066 2.170949
v -1.008000 -9.155066 2.443066
v -1.008000 -8.190066 2.443066
v -3.585066 -8.190066 2.193066
v -3.610948 -8.190066 2.189659
v -3.635066 -8.190066 2.179669
v -3.655777 -8.190066 2.163777
v -3.671669 -8.190066 2.143066
v -3.681659 -8.190066 2.118948
v -3.585066 -9.155066 2.193066
v -3.610948 -9.155066 2.189659
v -3.635066 -9.155066 2.179669
v -3.655777 -9.155066 2.163777
v -3.671669 -9.155066 2.143066
v -3.681659 -9.155066 2.118948
v -3.610948 -8.672566 2.189659
v -3.635066 -8.672566 2.179669
v -3.655777 -8.672566 2.163777
v -3.671669 -8.672566 2.143066
v -3.681659 -8.672566 2.118948
v -1.008000 -8.190066 2.193066
v -1.008000 -9.155066 2.193066
vt 0.040693 0.070000 0.000000
vt 0.040693 -0.026500 0.000000
vt 0.250000 0.026500 0.000000
vt 0.580000 -0.026500 0.000000
vt 0.600000 -0.006500 0.000000
vt 0.600000 0.006500 0.000000
vt 0.580000 0.026500 0.000000
vt 0.250000 0.050000 0.000000
vt 0.230000 0.070000 0.000000
vt -0.600000 -0.006500 0.000000
vt -0.580000 -0.026500 0.000000
vt -0.250000 0.026500 0.000000
vt -0.040693 -0.026500 0.000000
vt -0.040693 0.070000 0.000000
vt -0.230000 0.070000 0.000000
vt -0.250000 0.050000 0.000000
vt -0.580000 0.026500 0.000000
vt -0.600000 0.006500 0.000000
vt -0.070000 0.000000 0.000000
vt 0.026500 0.000000 0.000000
vt -0.070000 0.007854 0.000000
vt 0.026500 0.007854 0.000000
vt -0.070000 0.015708 0.000000
vt 0.026500 0.015708 0.000000
vt -0.070000 0.023562 0.000000
vt 0.026500 0.023562 0.000000
vt -0.070000 0.031416 0.000000
vt 0.026500 0.031416 0.000000
vt -0.070000 0.039270 0.000000
vt 0.026500 0.039270 0.000000
vt -0.070000 0.047124 0.000000
vt 0.026500 0.047124 0.000000
vt -0.070000 0.054978 0.000000
vt 0.026500 0.054978 0.000000
vt 0.014142 0.012500 0.000000
vt -0.014142 0.012500 0.000000
vt 0.014142 -0.012500 0.000000
vt -0.014142 -0.012500 0.000000
vt 0.020000 -0.012500 0.000000
vt 0.043500 -0.012500 0.000000
vt 0.020000 0.012500 0.000000
vt 0.043500 0.012500 0.000000
vt 0.014142 0.012500 0.000000
vt -0.014142 0.012500 0.000000
vt 0.014142 -0.012500 0.000000
vt -0.014142 -0.012500 0.000000
vt 0.033000 0.012500 0.000000
vt 0.020000 0.012500 0.000000
vt 0.033000 -0.012500 0.000000
vt 0.020000 -0.012500 0.000000
vt 0.014142 0.012500 0.000000
vt -0.014142 0.012500 0.000000
vt 0.014142 -0.012500 0.000000
vt -0.014142 -0.012500 0.000000
vt -0.007707 -0.026500 0.000000
vt 0.250000 -0.026500 0.000000
vt -0.007707 0.070000 0.000000
vt 0.250000 0.070000 0.000000
vt -0.025000 -0.000000 0.000000
vt 0.000000 0.000000 0.000000
vt -0.024122 0.007788 0.000000
vt 0.000341 0.002588 0.000000
vt -0.021534 0.015186 0.000000
vt 0.001340 0.005000 0.000000
vt -0.017364 0.021822 0.000000
vt 0.002929 0.007071 0.000000
vt -0.011822 0.027364 0.000000
vt 0.005000 0.008660 0.000000
vt -0.005186 0.031534 0.000000
vt 0.007412 0.009659 0.000000
vt 0.002212 0.034122 0.000000
vt 0.010000 0.010000 0.000000
vt 0.010000 0.035000 0.000000
vt 0.070000 0.015708 0.000000
vt -0.026500 0.015708 0.000000
vt 0.021750 0.013090 0.000000
vt -0.026500 0.013090 0.000000
vt 0.021750 0.010472 0.000000
vt -0.026500 0.010472 0.000000
vt 0.021750 0.007854 0.000000
vt -0.026500 0.007854 0.000000
vt 0.021750 0.005236 0.000000
vt -0.026500 0.005236 0.000000
vt 0.021750 0.002618 0.000000
vt -0.026500 0.002618 0.000000
vt -0.026500 0.000000 0.000000
vt 0.070000 0.000000 0.000000
vt 0.070000 0.002618 0.000000
vt 0.070000 0.005236 0.000000
vt 0.070000 0.007854 0.000000
vt 0.070000 0.010472 0.000000
vt 0.070000 0.013090 0.000000
vt 0.257707 0.012500 0.000000
vt -0.000000 0.012500 0.000000
vt 0.257707 -0.012500 0.000000
vt 0.000000 -0.012500 0.000000
vt 0.020000 0.012500 0.000000
vt 0.020000 -0.012500 0.000000
vt 0.559307 0.012500 0.000000
vt 0.559307 -0.012500 0.000000
vt 0.567095 0.011622 0.000000
vt 0.574493 0.009034 0.000000
vt 0.581129 0.004864 0.000000
vt 0.561895 -0.012841 0.000000
vt 0.586671 -0.000678 0.000000
vt 0.590841 -0.007314 0.000000
vt 0.564307 -0.013840 0.000000
vt 0.566378 -0.015429 0.000000
vt 0.593429 -0.014712 0.000000
vt 0.567967 -0.017500 0.000000
vt 0.568966 -0.019912 0.000000
vt 0.594307 -0.022500 0.000000
vt 0.569307 -0.022500 0.000000
vt 0.594307 -0.280207 0.000000
vt 0.569307 -0.280207 0.000000
vt 0.330000 0.012500 0.000000
vt 0.000000 0.012500 0.000000
vt 0.330000 -0.012500 0.000000
vt 0.000000 -0.012500 0.000000
vt -0.250000 -0.026500 0.000000
vt 0.007707 -0.026500 0.000000
vt -0.250000 0.070000 0.000000
vt 0.007707 0.070000 0.000000
vt 0.043500 -0.012500 0.000000
vt 0.140000 -0.012500 0.000000
vt 0.043500 0.012500 0.000000
vt 0.140000 0.012500 0.000000
vt 0.480000 0.012500 0.000000
vt 0.290693 0.012500 0.000000
vt 0.480000 -0.012500 0.000000
vt 0.290693 -0.012500 0.000000
vn 0.100000 0.000000 0.000000
vn 0.100000 0.000000 0.000000
vn 0.100000 0.000000 0.000000
vn 0.100000 0.000000 0.000000
vn 0.100000 0.000000 0.000000
vn 0.100000 0.000000 0.000000
vn 0.100000 0.000000 0.000000
vn 0.100000 0.000000 0.000000
vn 0.100000 0.000000 0.000000
vn -0.100000 -0.000000 0.000000
vn -0.100000 -0.000000 0.000000
vn -0.100000 -0.000000 0.000000
vn -0.100000 -0.000000 0.000000
vn -0.100000 -0.000000 0.000000
vn -0.100000 -0.000000 0.000000
vn -0.100000 -0.000000 0.000000
vn -0.100000 -0.000000 0.000000
vn -0.100000 -0.000000 0.000000
vn -0.097493 -0.000000 0.022252
vn -0.097493 -0.000000 0.022252
vn -0.090097 -0.000000 0.043388
vn -0.090097 -0.000000 0.043388
vn -0.078183 -0.000000 0.062349
vn -0.078183 -0.000000 0.062349
vn -0.062349 -0.000000 0.078183
vn -0.062349 -0.000000 0.078183
vn -0.043388 -0.000000 0.090097
vn -0.043388 -0.000000 0.090097
vn -0.022252 -0.000000 0.097493
vn -0.022252 -0.000000 0.097493
vn -0.000000 -0.000000 0.100000
vn -0.000000 -0.000000 0.100000
vn -0.000000 0.070711 -0.070711
vn -0.000000 0.070711 -0.070711
vn -0.000000 0.070711 -0.070711
vn -0.000000 0.070711 -0.070711
vn 0.000000 0.000000 -0.100000
vn 0.000000 0.000000 -0.100000
vn 0.000000 0.000000 -0.100000
vn 0.000000 0.000000 -0.100000
vn 0.000000 -0.070711 -0.070711
vn 0.000000 -0.070711 -0.070711
vn 0.000000 -0.070711 -0.070711
vn 0.000000 -0.070711 -0.070711
vn 0.000000 0.000000 -0.100000
vn 0.000000 0.000000 -0.100000
vn 0.000000 0.000000 -0.100000
vn 0.000000 0.000000 -0.100000
vn -0.000000 0.070711 -0.070711
vn -0.000000 0.070711 -0.070711
vn -0.000000 0.070711 -0.070711
vn -0.000000 0.070711 -0.070711
vn -0.000000 -0.000000 0.100000
vn -0.000000 -0.000000 0.100000
vn -0.000000 0.100000 0.000000
vn -0.000000 0.100000 0.000000
vn -0.000000 0.100000 0.000000
vn -0.000000 0.100000 0.000000
vn -0.000000 0.100000 0.000000
vn -0.000000 0.100000 0.000000
vn -0.000000 0.100000 0.000000
vn -0.000000 0.100000 0.000000
vn -0.000000 0.100000 0.000000
vn -0.000000 0.100000 0.000000
vn -0.000000 0.100000 0.000000
vn -0.000000 0.100000 0.000000
vn -0.000000 0.100000 0.000000
vn -0.000000 0.100000 0.000000
vn -0.000000 0.100000 0.000000
vn 0.000000 0.000000 -0.100000
vn 0.000000 0.000000 -0.100000
vn 0.025882 0.000000 -0.096593
vn 0.025882 0.000000 -0.096593
vn 0.050000 0.000000 -0.086603
vn 0.050000 0.000000 -0.086603
vn 0.070711 0.000000 -0.070711
vn 0.070711 0.000000 -0.070711
vn 0.086603 0.000000 -0.050000
vn 0.086603 0.000000 -0.050000
vn 0.096593 0.000000 -0.025882
vn 0.096593 0.000000 -0.025882
vn 0.096593 0.000000 -0.025882
vn 0.086603 0.000000 -0.050000
vn 0.070711 0.000000 -0.070711
vn 0.050000 0.000000 -0.086603
vn 0.025882 0.000000 -0.096593
vn -0.000000 0.100000 0.000000
vn -0.000000 0.100000 0.000000
vn 0.000000 -0.100000 0.000000
vn 0.000000 -0.100000 0.000000
vn 0.000000 -0.100000 0.000000
vn 0.000000 -0.100000 0.000000
vn 0.000000 -0.100000 0.000000
vn 0.000000 -0.100000 0.000000
vn 0.000000 -0.100000 0.000000
vn 0.000000 -0.100000 0.000000
vn 0.000000 -0.100000 0.000000
vn 0.000000 -0.100000 0.000000
vn 0.000000 -0.100000 0.000000
vn 0.000000 -0.100000 0.000000
vn 0.000000 -0.100000 0.000000
vn 0.000000 -0.100000 0.000000
vn 0.000000 -0.100000 0.000000
vn 0.000000 -0.100000 0.000000
vn 0.000000 -0.100000 0.000000
vn 0.000000 -0.100000 0.000000
vn 0.000000 -0.100000 0.000000
vn -0.000000 0.100000 0.000000
vn -0.000000 0.100000 0.000000
vn -0.000000 0.100000 0.000000
vn -0.000000 0.100000 0.000000
vn 0.000000 0.000000 -0.100000
vn 0.000000 0.000000 -0.100000
vn 0.100000 0.000000 0.000000
vn 0.100000 0.000000 0.000000
vn 0.100000 0.000000 0.000000
vn 0.100000 0.000000 0.000000
vn -0.000000 0.100000 0.000000
vn -0.000000 0.100000 0.000000
f 1534/2386/2238 1526/2387/2239 1531/2388/2240
f 1531/2388/2240 1526/2387/2239 1527/2389/2241
f 1531/2388/2240 1527/2389/2241 1528/2390/2242
f 1528/2390/2242 1529/2391/2243 1531/2388/2240
f 1531/2388/2240 1529/2391/2243 1530/2392/2244
f 1531/2388/2240 1532/2393/2245 1534/2386/2238
f 1534/2386/2238 1532/2393/2245 1533/2394/2246
f 1543/2395/2247 1535/2396/2248 1540/2397/2249
f 1540/2397/2249 1535/2396/2248 1536/2398/2250
f 1540/2397/2249 1536/2398/2250 1537/2399/2251
f 1538/2400/2252 1539/2401/2253 1537/2399/2251
f 1537/2399/2251 1539/2401/2253 1540/2397/2249
f 1541/2402/2254 1542/2403/2255 1540/2397/2249
f 1540/2397/2249 1542/2403/2255 1543/2395/2247
f 1537/2404/2251 1536/2405/2250 1557/2406/2256
f 1557/2406/2256 1536/2405/2250 1544/2407/2257
f 1557/2406/2256 1544/2407/2257 1556/2408/2258
f 1556/2408/2258 1544/2407/2257 1545/2409/2259
f 1556/2408/2258 1545/2409/2259 1555/2410/2260
f 1555/2410/2260 1545/2409/2259 1546/2411/2261
f 1555/2410/2260 1546/2411/2261 1554/2412/2262
f 1554/2412/2262 1546/2411/2261 1547/2413/2263
f 1554/2412/2262 1547/2413/2263 1553/2414/2264
f 1553/2414/2264 1547/2413/2263 1548/2415/2265
f 1553/2414/2264 1548/2415/2265 1552/2416/2266
f 1552/2416/2266 1548/2415/2265 1549/2417/2267
f 1552/2416/2266 1549/2417/2267 1551/2418/2268
f 1551/2418/2268 1549/2417/2267 1550/2419/2269
f 1539/2420/2270 1538/2421/2271 1532/2422/2272
f 1532/2422/2272 1538/2421/2271 1533/2423/2273
f 1532/2424/2274 1531/2425/2275 1539/2426/2276
f 1539/2426/2276 1531/2425/2275 1540/2427/2277
f 1535/2428/2278 1543/2429/2279 1527/2430/2280
f 1527/2430/2280 1543/2429/2279 1528/2431/2281
f 1543/2432/2282 1542/2433/2283 1528/2434/2284
f 1528/2434/2284 1542/2433/2283 1529/2435/2285
f 1542/2436/2286 1541/2437/2287 1529/2438/2288
f 1529/2438/2288 1541/2437/2287 1530/2439/2289
f 1550/2440/2269 1558/2441/2290 1551/2442/2268
f 1551/2442/2268 1558/2441/2290 1559/2443/2291
f 1551/2444/2292 1560/2445/2293 1552/2446/2294
f 1552/2446/2294 1560/2445/2293 1561/2447/2295
f 1552/2446/2294 1561/2447/2295 1553/2448/2296
f 1553/2448/2296 1561/2447/2295 1562/2449/2297
f 1553/2448/2296 1562/2449/2297 1554/2450/2298
f 1554/2450/2298 1562/2449/2297 1563/2451/2299
f 1554/2450/2298 1563/2451/2299 1555/2452/2300
f 1555/2452/2300 1563/2451/2299 1564/2453/2301
f 1555/2452/2300 1564/2453/2301 1556/2454/2302
f 1556/2454/2302 1564/2453/2301 1565/2455/2303
f 1556/2454/2302 1565/2455/2303 1557/2456/2304
f 1557/2456/2304 1565/2455/2303 1534/2457/2305
f 1557/2456/2304 1534/2457/2305 1537/2458/2306
f 1560/2459/2307 1566/2460/2308 1572/2461/2309
f 1572/2461/2309 1566/2460/2308 1567/2462/2310
f 1572/2461/2309 1567/2462/2310 1573/2463/2311
f 1573/2463/2311 1567/2462/2310 1568/2464/2312
f 1573/2463/2311 1568/2464/2312 1574/2465/2313
f 1574/2465/2313 1568/2464/2312 1569/2466/2314
f 1574/2465/2313 1569/2466/2314 1575/2467/2315
f 1575/2467/2315 1569/2466/2314 1570/2468/2316
f 1575/2467/2315 1570/2468/2316 1576/2469/2317
f 1576/2469/2317 1570/2468/2316 1571/2470/2318
f 1576/2469/2317 1571/2470/2318 1526/2471/2239
f 1526/2471/2239 1534/2472/2238 1576/2469/2317
f 1576/2469/2317 1534/2472/2238 1565/2473/2319
f 1576/2469/2317 1565/2473/2319 1575/2467/2315
f 1575/2467/2315 1565/2473/2319 1564/2474/2320
f 1575/2467/2315 1564/2474/2320 1574/2465/2313
f 1574/2465/2313 1564/2474/2320 1563/2475/2321
f 1574/2465/2313 1563/2475/2321 1573/2463/2311
f 1573/2463/2311 1563/2475/2321 1562/2476/2322
f 1573/2463/2311 1562/2476/2322 1572/2461/2309
f 1572/2461/2309 1562/2476/2322 1561/2477/2323
f 1572/2461/2309 1561/2477/2323 1560/2459/2307
f 1551/2478/2292 1559/2479/2324 1560/2480/2293
f 1560/2480/2293 1559/2479/2324 1577/2481/2325
f 1535/2482/2326 1527/2483/2327 1536/2484/2328
f 1536/2484/2328 1527/2483/2327 1526/2485/2329
f 1536/2484/2328 1526/2485/2329 1544/2486/2330
f 1544/2486/2330 1526/2485/2329 1545/2487/2331
f 1545/2487/2331 1526/2485/2329 1546/2488/2332
f 1546/2488/2332 1526/2485/2329 1571/2489/2333
f 1546/2488/2332 1571/2489/2333 1547/2490/2334
f 1547/2490/2334 1571/2489/2333 1548/2491/2335
f 1548/2491/2335 1571/2489/2333 1570/2492/2336
f 1548/2491/2335 1570/2492/2336 1569/2493/2337
f 1548/2491/2335 1569/2493/2337 1549/2494/2338
f 1549/2494/2338 1569/2493/2337 1568/2495/2339
f 1549/2494/2338 1568/2495/2339 1567/2496/2340
f 1549/2494/2338 1567/2496/2340 1550/2497/2341
f 1550/2497/2341 1567/2496/2340 1566/2498/2342
f 1550/2497/2341 1566/2498/2342 1558/2499/2343
f 1558/2499/2343 1566/2498/2342 1578/2500/2344
f 1541/2501/2345 1540/2502/2346 1530/2503/2347
f 1530/2503/2347 1540/2502/2346 1531/2504/2348
f 1578/2505/2349 1566/2506/2308 1577/2507/2350
f 1577/2507/2350 1566/2506/2308 1560/2508/2307
f 1578/2509/2351 1577/2510/2352 1558/2511/2353
f 1558/2511/2353 1577/2510/2352 1559/2512/2354
f 1538/2513/2355 1537/2514/2306 1533/2515/2356
f 1533/2515/2356 1537/2514/2306 1534/2516/2305
g Body1:1

v 3.935066 1.969934 0.200000
v 3.935066 1.769934 0.000000
v 3.685066 1.769934 0.000000
v 3.685066 1.969934 0.200000
v 3.935066 1.534934 0.000000
v 3.685066 1.534934 0.000000
v 3.685066 1.534934 -3.300000
v 3.685066 1.334934 -3.500000
v 3.685066 1.204934 -3.500000
v 3.685066 1.004934 -3.300000
v 3.685066 1.004934 0.000000
v 3.685066 0.769934 0.000000
v 3.685066 0.569934 0.200000
v 3.685066 0.569934 2.093066
v 3.685066 1.969934 2.093066
v 3.935066 0.769934 0.000000
v 3.935066 0.569934 0.200000
v 3.935066 0.569934 2.093066
v 3.935066 1.204934 -3.500000
v 3.935066 1.004934 -3.300000
v 3.935066 1.334934 -3.500000
v 3.935066 1.534934 -3.300000
v 3.585066 0.569934 2.443066
v 3.585066 1.969934 2.443066
v 1.008000 1.969934 2.443066
v 1.008000 0.569934 2.443066
v 3.585066 1.969934 2.193066
v 3.662949 1.969934 2.434291
v 3.736926 1.969934 2.408405
v 3.803288 1.969934 2.366707
v 3.858707 1.969934 2.311288
v 3.900405 1.969934 2.244926
v 3.926291 1.969934 2.170949
v 3.935066 1.969934 2.093066
v 3.681659 1.969934 2.118948
v 3.671669 1.969934 2.143066
v 3.655777 1.969934 2.163777
v 3.635066 1.969934 2.179669
v 3.610948 1.969934 2.189659
v 3.585066 0.569934 2.193066
v 3.681659 0.569934 2.118948
v 3.671669 0.569934 2.143066
v 3.655777 0.569934 2.163777
v 3.635066 0.569934 2.179669
v 3.610948 0.569934 2.189659
v 3.610948 1.503267 2.189659
v 3.610948 1.036600 2.189659
v 3.635066 1.503267 2.179669
v 3.635066 1.036600 2.179669
v 3.655777 1.503267 2.163777
v 3.655777 1.036600 2.163777
v 3.671669 1.503267 2.143066
v 3.671669 1.036600 2.143066
v 3.681659 1.503267 2.118948
v 3.681659 1.036600 2.118948
v 1.008000 0.569934 2.193066
v 1.008000 1.969934 2.193066
v 3.662949 0.569934 2.434291
v 3.736926 0.569934 2.408405
v 3.803288 0.569934 2.366707
v 3.858707 0.569934 2.311288
v 3.900405 0.569934 2.244926
v 3.926291 0.569934 2.170949
v 3.935066 1.004934 0.000000
vt 0.014142 0.012500 0.000000
vt -0.014142 0.012500 0.000000
vt 0.014142 -0.012500 0.000000
vt -0.014142 -0.012500 0.000000
vt -0.020000 0.012500 0.000000
vt -0.043500 0.012500 0.000000
vt -0.020000 -0.012500 0.000000
vt -0.043500 -0.012500 0.000000
vt -0.230000 0.070000 0.000000
vt -0.250000 0.050000 0.000000
vt -0.040693 0.070000 0.000000
vt -0.250000 0.026500 0.000000
vt -0.040693 -0.070000 0.000000
vt -0.250000 -0.026500 0.000000
vt -0.250000 -0.050000 0.000000
vt -0.580000 0.026500 0.000000
vt -0.600000 0.006500 0.000000
vt -0.600000 -0.006500 0.000000
vt -0.580000 -0.026500 0.000000
vt -0.230000 -0.070000 0.000000
vt 0.014142 0.012500 0.000000
vt -0.014142 0.012500 0.000000
vt 0.014142 -0.012500 0.000000
vt -0.014142 -0.012500 0.000000
vt -0.020000 0.012500 0.000000
vt -0.209307 0.012500 0.000000
vt -0.020000 -0.012500 0.000000
vt -0.209307 -0.012500 0.000000
vt 0.014142 0.012500 0.000000
vt -0.014142 0.012500 0.000000
vt 0.014142 -0.012500 0.000000
vt -0.014142 -0.012500 0.000000
vt -0.033000 -0.012500 0.000000
vt -0.020000 -0.012500 0.000000
vt -0.033000 0.012500 0.000000
vt -0.020000 0.012500 0.000000
vt 0.014142 0.012500 0.000000
vt -0.014142 0.012500 0.000000
vt 0.014142 -0.012500 0.000000
vt -0.014142 -0.012500 0.000000
vt 0.007707 0.070000 0.000000
vt -0.250000 0.070000 0.000000
vt 0.007707 -0.070000 0.000000
vt -0.250000 -0.070000 0.000000
vt 0.025000 -0.000000 0.000000
vt 0.024122 0.007788 0.000000
vt -0.000000 0.000000 0.000000
vt -0.000341 0.002588 0.000000
vt 0.021534 0.015186 0.000000
vt -0.001340 0.005000 0.000000
vt 0.017364 0.021822 0.000000
vt -0.002929 0.007071 0.000000
vt 0.011822 0.027364 0.000000
vt -0.005000 0.008660 0.000000
vt 0.005186 0.031534 0.000000
vt -0.007412 0.009659 0.000000
vt -0.002212 0.034122 0.000000
vt -0.010000 0.010000 0.000000
vt -0.010000 0.035000 0.000000
vt 0.070000 0.013090 0.000000
vt 0.070000 0.015708 0.000000
vt 0.023333 0.013090 0.000000
vt -0.070000 0.015708 0.000000
vt -0.023333 0.013090 0.000000
vt -0.070000 0.013090 0.000000
vt -0.023333 0.010472 0.000000
vt -0.070000 0.010472 0.000000
vt -0.023333 0.007854 0.000000
vt -0.070000 0.007854 0.000000
vt -0.023333 0.005236 0.000000
vt -0.070000 0.005236 0.000000
vt -0.023333 0.002618 0.000000
vt -0.070000 0.002618 0.000000
vt -0.070000 0.000000 0.000000
vt 0.070000 0.000000 0.000000
vt 0.023333 0.002618 0.000000
vt 0.023333 0.005236 0.000000
vt 0.023333 0.007854 0.000000
vt 0.023333 0.010472 0.000000
vt 0.070000 0.002618 0.000000
vt 0.070000 0.005236 0.000000
vt 0.070000 0.007854 0.000000
vt 0.070000 0.010472 0.000000
vt -0.242293 0.012500 0.000000
vt -0.500000 0.012500 0.000000
vt -0.242293 -0.012500 0.000000
vt -0.500000 -0.012500 0.000000
vt -0.257707 -0.012500 0.000000
vt -0.000000 -0.012500 0.000000
vt -0.257707 0.012500 0.000000
vt 0.000000 0.012500 0.000000
vt 0.070000 0.054978 0.000000
vt -0.070000 0.054978 0.000000
vt 0.070000 0.047124 0.000000
vt -0.070000 0.047124 0.000000
vt 0.070000 0.039270 0.000000
vt -0.070000 0.039270 0.000000
vt 0.070000 0.031416 0.000000
vt -0.070000 0.031416 0.000000
vt 0.070000 0.023562 0.000000
vt -0.070000 0.023562 0.000000
vt 0.070000 0.015708 0.000000
vt -0.070000 0.015708 0.000000
vt 0.070000 0.007854 0.000000
vt -0.070000 0.007854 0.000000
vt 0.070000 0.000000 0.000000
vt -0.070000 0.000000 0.000000
vt -0.020000 0.012500 0.000000
vt -0.350000 0.012500 0.000000
vt -0.020000 -0.012500 0.000000
vt -0.350000 -0.012500 0.000000
vt -0.330000 -0.012500 0.000000
vt -0.000000 -0.012500 0.000000
vt -0.330000 0.012500 0.000000
vt -0.000000 0.012500 0.000000
vt -0.007707 -0.070000 0.000000
vt 0.250000 -0.070000 0.000000
vt -0.007707 0.070000 0.000000
vt 0.250000 0.070000 0.000000
vt -0.140000 -0.012500 0.000000
vt -0.000000 -0.012500 0.000000
vt -0.140000 0.012500 0.000000
vt -0.000000 0.012500 0.000000
vt 0.000000 -0.000000 0.000000
vt 0.025000 -0.000000 0.000000
vt 0.000878 0.007788 0.000000
vt 0.025341 0.002588 0.000000
vt 0.003466 0.015186 0.000000
vt 0.026340 0.005000 0.000000
vt 0.007636 0.021822 0.000000
vt 0.027929 0.007071 0.000000
vt 0.013178 0.027364 0.000000
vt 0.030000 0.008660 0.000000
vt 0.019814 0.031534 0.000000
vt 0.032412 0.009659 0.000000
vt 0.027212 0.034122 0.000000
vt 0.035000 0.010000 0.000000
vt 0.035000 0.035000 0.000000
vt -0.120000 -0.012500 0.000000
vt -0.096500 -0.012500 0.000000
vt -0.120000 0.012500 0.000000
vt -0.096500 0.012500 0.000000
vt -0.480000 -0.012500 0.000000
vt -0.290693 -0.012500 0.000000
vt -0.480000 0.012500 0.000000
vt -0.290693 0.012500 0.000000
vt 0.230000 0.070000 0.000000
vt 0.040693 0.070000 0.000000
vt 0.250000 0.050000 0.000000
vt 0.250000 0.026500 0.000000
vt 0.040693 -0.070000 0.000000
vt 0.250000 -0.026500 0.000000
vt 0.250000 -0.050000 0.000000
vt 0.230000 -0.070000 0.000000
vt 0.580000 -0.026500 0.000000
vt 0.600000 -0.006500 0.000000
vt 0.600000 0.006500 0.000000
vt 0.580000 0.026500 0.000000
vn 0.000000 0.070711 -0.070711
vn 0.000000 0.070711 -0.070711
vn 0.000000 0.070711 -0.070711
vn 0.000000 0.070711 -0.070711
vn 0.000000 0.000000 -0.100000
vn 0.000000 0.000000 -0.100000
vn 0.000000 0.000000 -0.100000
vn 0.000000 0.000000 -0.100000
vn -0.100000 0.000000 0.000000
vn -0.100000 0.000000 0.000000
vn -0.100000 0.000000 0.000000
vn -0.100000 0.000000 0.000000
vn -0.100000 0.000000 0.000000
vn -0.100000 0.000000 0.000000
vn -0.100000 0.000000 0.000000
vn -0.100000 0.000000 0.000000
vn -0.100000 0.000000 0.000000
vn -0.100000 0.000000 0.000000
vn -0.100000 0.000000 0.000000
vn -0.100000 0.000000 0.000000
vn -0.000000 -0.070711 -0.070711
vn -0.000000 -0.070711 -0.070711
vn -0.000000 -0.070711 -0.070711
vn -0.000000 -0.070711 -0.070711
vn -0.000000 -0.100000 0.000000
vn -0.000000 -0.100000 0.000000
vn -0.000000 -0.100000 0.000000
vn -0.000000 -0.100000 0.000000
vn -0.000000 -0.070711 -0.070711
vn -0.000000 -0.070711 -0.070711
vn -0.000000 -0.070711 -0.070711
vn -0.000000 -0.070711 -0.070711
vn 0.000000 0.000000 -0.100000
vn 0.000000 0.000000 -0.100000
vn 0.000000 0.000000 -0.100000
vn 0.000000 0.000000 -0.100000
vn 0.000000 0.070711 -0.070711
vn 0.000000 0.070711 -0.070711
vn 0.000000 0.070711 -0.070711
vn 0.000000 0.070711 -0.070711
vn 0.000000 -0.000000 0.100000
vn 0.000000 -0.000000 0.100000
vn 0.000000 -0.000000 0.100000
vn 0.000000 -0.000000 0.100000
vn 0.000000 0.100000 0.000000
vn 0.000000 0.100000 0.000000
vn 0.000000 0.100000 0.000000
vn 0.000000 0.100000 0.000000
vn 0.000000 0.100000 0.000000
vn 0.000000 0.100000 0.000000
vn 0.000000 0.100000 0.000000
vn 0.000000 0.100000 0.000000
vn 0.000000 0.100000 0.000000
vn 0.000000 0.100000 0.000000
vn 0.000000 0.100000 0.000000
vn 0.000000 0.100000 0.000000
vn 0.000000 0.100000 0.000000
vn 0.000000 0.100000 0.000000
vn 0.000000 0.100000 0.000000
vn -0.025882 0.000000 -0.096593
vn -0.000000 0.000000 -0.100000
vn -0.025882 0.000000 -0.096593
vn -0.000000 0.000000 -0.100000
vn -0.025882 0.000000 -0.096593
vn -0.025882 0.000000 -0.096593
vn -0.050000 0.000000 -0.086603
vn -0.050000 0.000000 -0.086603
vn -0.070711 0.000000 -0.070711
vn -0.070711 0.000000 -0.070711
vn -0.086603 0.000000 -0.050000
vn -0.086603 0.000000 -0.050000
vn -0.096593 0.000000 -0.025882
vn -0.096593 0.000000 -0.025882
vn -0.096593 0.000000 -0.025882
vn -0.086603 0.000000 -0.050000
vn -0.070711 0.000000 -0.070711
vn -0.050000 0.000000 -0.086603
vn -0.096593 0.000000 -0.025882
vn -0.086603 0.000000 -0.050000
vn -0.070711 0.000000 -0.070711
vn -0.050000 0.000000 -0.086603
vn -0.000000 -0.100000 0.000000
vn -0.000000 -0.100000 0.000000
vn -0.000000 -0.100000 0.000000
vn -0.000000 -0.100000 0.000000
vn 0.000000 0.100000 0.000000
vn 0.000000 0.100000 0.000000
vn 0.022252 -0.000000 0.097493
vn 0.022252 -0.000000 0.097493
vn 0.043388 -0.000000 0.090097
vn 0.043388 -0.000000 0.090097
vn 0.062349 -0.000000 0.078183
vn 0.062349 -0.000000 0.078183
vn 0.078183 -0.000000 0.062349
vn 0.078183 -0.000000 0.062349
vn 0.090097 -0.000000 0.043388
vn 0.090097 -0.000000 0.043388
vn 0.097493 -0.000000 0.022252
vn 0.097493 -0.000000 0.022252
vn 0.100000 -0.000000 0.000000
vn 0.100000 -0.000000 0.000000
vn -0.000000 -0.100000 0.000000
vn -0.000000 -0.100000 0.000000
vn -0.000000 -0.100000 0.000000
vn -0.000000 -0.100000 0.000000
vn 0.000000 0.100000 0.000000
vn 0.000000 0.100000 0.000000
vn 0.000000 0.100000 0.000000
vn 0.000000 0.100000 0.000000
vn -0.000000 0.000000 -0.100000
vn -0.000000 0.000000 -0.100000
vn -0.100000 0.000000 0.000000
vn -0.100000 0.000000 0.000000
vn -0.100000 0.000000 0.000000
vn -0.100000 0.000000 0.000000
vn -0.000000 -0.100000 0.000000
vn -0.000000 -0.100000 0.000000
vn -0.000000 -0.100000 0.000000
vn -0.000000 -0.100000 0.000000
vn -0.000000 -0.100000 0.000000
vn -0.000000 -0.100000 0.000000
vn -0.000000 -0.100000 0.000000
vn -0.000000 -0.100000 0.000000
vn -0.000000 -0.100000 0.000000
vn -0.000000 -0.100000 0.000000
vn -0.000000 -0.100000 0.000000
vn 0.000000 0.000000 -0.100000
vn 0.000000 0.000000 -0.100000
vn 0.000000 0.000000 -0.100000
vn 0.000000 0.000000 -0.100000
vn 0.000000 0.100000 0.000000
vn 0.000000 0.100000 0.000000
vn 0.100000 -0.000000 -0.000000
vn 0.100000 -0.000000 -0.000000
vn 0.100000 -0.000000 -0.000000
vn 0.100000 -0.000000 -0.000000
vn 0.100000 -0.000000 -0.000000
vn 0.100000 -0.000000 -0.000000
vn 0.100000 -0.000000 -0.000000
vn 0.100000 -0.000000 -0.000000
vn 0.100000 -0.000000 -0.000000
vn 0.100000 -0.000000 -0.000000
f 1579/2517/2357 1580/2518/2358 1582/2519/2359
f 1582/2519/2359 1580/2518/2358 1581/2520/2360
f 1580/2521/2361 1583/2522/2362 1581/2523/2363
f 1581/2523/2363 1583/2522/2362 1584/2524/2364
f 1582/2525/2365 1581/2526/2366 1593/2527/2367
f 1593/2527/2367 1581/2526/2366 1584/2528/2368
f 1593/2527/2367 1584/2528/2368 1592/2529/2369
f 1592/2529/2369 1584/2528/2368 1589/2530/2370
f 1592/2529/2369 1589/2530/2370 1590/2531/2371
f 1585/2532/2372 1586/2533/2373 1584/2528/2368
f 1584/2528/2368 1586/2533/2373 1589/2530/2370
f 1586/2533/2373 1587/2534/2374 1589/2530/2370
f 1589/2530/2370 1587/2534/2374 1588/2535/2375
f 1590/2531/2371 1591/2536/2376 1592/2529/2369
f 1594/2537/2377 1595/2538/2378 1590/2539/2379
f 1590/2539/2379 1595/2538/2378 1591/2540/2380
f 1595/2541/2381 1596/2542/2382 1591/2543/2383
f 1591/2543/2383 1596/2542/2382 1592/2544/2384
f 1597/2545/2385 1598/2546/2386 1587/2547/2387
f 1587/2547/2387 1598/2546/2386 1588/2548/2388
f 1587/2549/2389 1586/2550/2390 1597/2551/2391
f 1597/2551/2391 1586/2550/2390 1599/2552/2392
f 1600/2553/2393 1599/2554/2394 1585/2555/2395
f 1585/2555/2395 1599/2554/2394 1586/2556/2396
f 1602/2557/2397 1603/2558/2398 1601/2559/2399
f 1601/2559/2399 1603/2558/2398 1604/2560/2400
f 1602/2561/2401 1606/2562/2402 1605/2563/2403
f 1605/2563/2403 1606/2562/2402 1617/2564/2404
f 1617/2564/2404 1606/2562/2402 1607/2565/2405
f 1617/2564/2404 1607/2565/2405 1616/2566/2406
f 1616/2566/2406 1607/2565/2405 1608/2567/2407
f 1616/2566/2406 1608/2567/2407 1615/2568/2408
f 1615/2568/2408 1608/2567/2407 1609/2569/2409
f 1615/2568/2408 1609/2569/2409 1614/2570/2410
f 1614/2570/2410 1609/2569/2409 1610/2571/2411
f 1614/2570/2410 1610/2571/2411 1613/2572/2412
f 1613/2572/2412 1610/2571/2411 1611/2573/2413
f 1613/2572/2412 1611/2573/2413 1593/2574/2414
f 1593/2574/2414 1611/2573/2413 1612/2575/2415
f 1623/2576/2416 1618/2577/2417 1625/2578/2418
f 1625/2578/2418 1618/2577/2417 1605/2579/2419
f 1625/2578/2418 1605/2579/2419 1624/2580/2420
f 1624/2580/2420 1605/2579/2419 1617/2581/2421
f 1624/2580/2420 1617/2581/2421 1626/2582/2422
f 1626/2582/2422 1617/2581/2421 1616/2583/2423
f 1626/2582/2422 1616/2583/2423 1628/2584/2424
f 1628/2584/2424 1616/2583/2423 1615/2585/2425
f 1628/2584/2424 1615/2585/2425 1630/2586/2426
f 1630/2586/2426 1615/2585/2425 1614/2587/2427
f 1630/2586/2426 1614/2587/2427 1632/2588/2428
f 1632/2588/2428 1614/2587/2427 1613/2589/2429
f 1632/2588/2428 1613/2589/2429 1593/2590/2367
f 1593/2590/2367 1592/2591/2369 1632/2588/2428
f 1632/2588/2428 1592/2591/2369 1633/2592/2430
f 1632/2588/2428 1633/2592/2430 1630/2586/2426
f 1630/2586/2426 1633/2592/2430 1631/2593/2431
f 1630/2586/2426 1631/2593/2431 1628/2584/2424
f 1628/2584/2424 1631/2593/2431 1629/2594/2432
f 1628/2584/2424 1629/2594/2432 1626/2582/2422
f 1626/2582/2422 1629/2594/2432 1627/2595/2433
f 1626/2582/2422 1627/2595/2433 1624/2580/2420
f 1624/2580/2420 1627/2595/2433 1625/2578/2418
f 1592/2591/2369 1619/2596/2434 1633/2592/2430
f 1633/2592/2430 1619/2596/2434 1631/2593/2431
f 1619/2596/2434 1620/2597/2435 1631/2593/2431
f 1631/2593/2431 1620/2597/2435 1629/2594/2432
f 1620/2597/2435 1621/2598/2436 1629/2594/2432
f 1629/2594/2432 1621/2598/2436 1627/2595/2433
f 1621/2598/2436 1622/2599/2437 1627/2595/2433
f 1627/2595/2433 1622/2599/2437 1625/2578/2418
f 1622/2599/2437 1623/2576/2416 1625/2578/2418
f 1601/2600/2438 1604/2601/2439 1618/2602/2440
f 1618/2602/2440 1604/2601/2439 1634/2603/2441
f 1605/2604/2403 1635/2605/2442 1602/2606/2401
f 1602/2606/2401 1635/2605/2442 1603/2607/2443
f 1602/2608/2397 1601/2609/2399 1606/2610/2444
f 1606/2610/2444 1601/2609/2399 1636/2611/2445
f 1606/2610/2444 1636/2611/2445 1607/2612/2446
f 1607/2612/2446 1636/2611/2445 1637/2613/2447
f 1607/2612/2446 1637/2613/2447 1608/2614/2448
f 1608/2614/2448 1637/2613/2447 1638/2615/2449
f 1608/2614/2448 1638/2615/2449 1609/2616/2450
f 1609/2616/2450 1638/2615/2449 1639/2617/2451
f 1609/2616/2450 1639/2617/2451 1610/2618/2452
f 1610/2618/2452 1639/2617/2451 1640/2619/2453
f 1610/2618/2452 1640/2619/2453 1611/2620/2454
f 1611/2620/2454 1640/2619/2453 1641/2621/2455
f 1611/2620/2454 1641/2621/2455 1612/2622/2456
f 1612/2622/2456 1641/2621/2455 1596/2623/2457
f 1598/2624/2458 1642/2625/2459 1588/2626/2460
f 1588/2626/2460 1642/2625/2459 1589/2627/2461
f 1585/2628/2462 1584/2629/2463 1600/2630/2464
f 1600/2630/2464 1584/2629/2463 1583/2631/2465
f 1618/2632/2417 1634/2633/2466 1605/2634/2419
f 1605/2634/2419 1634/2633/2466 1635/2635/2467
f 1635/2636/2468 1634/2637/2469 1603/2638/2470
f 1603/2638/2470 1634/2637/2469 1604/2639/2471
f 1601/2640/2438 1618/2641/2440 1636/2642/2472
f 1636/2642/2472 1618/2641/2440 1623/2643/2473
f 1636/2642/2472 1623/2643/2473 1637/2644/2474
f 1637/2644/2474 1623/2643/2473 1622/2645/2475
f 1637/2644/2474 1622/2645/2475 1638/2646/2476
f 1638/2646/2476 1622/2645/2475 1621/2647/2477
f 1638/2646/2476 1621/2647/2477 1639/2648/2478
f 1639/2648/2478 1621/2647/2477 1620/2649/2479
f 1639/2648/2478 1620/2649/2479 1640/2650/2480
f 1640/2650/2480 1620/2649/2479 1619/2651/2481
f 1640/2650/2480 1619/2651/2481 1641/2652/2482
f 1641/2652/2482 1619/2651/2481 1592/2653/2384
f 1641/2652/2482 1592/2653/2384 1596/2654/2382
f 1590/2655/2483 1589/2656/2484 1594/2657/2485
f 1594/2657/2485 1589/2656/2484 1642/2658/2486
f 1582/2659/2487 1593/2660/2414 1579/2661/2488
f 1579/2661/2488 1593/2660/2414 1612/2662/2415
f 1579/2663/2489 1612/2664/2456 1580/2665/2490
f 1580/2665/2490 1612/2664/2456 1583/2666/2491
f 1583/2666/2491 1612/2664/2456 1596/2667/2457
f 1583/2666/2491 1596/2667/2457 1642/2668/2492
f 1642/2668/2492 1596/2667/2457 1594/2669/2493
f 1594/2669/2493 1596/2667/2457 1595/2670/2494
f 1598/2671/2495 1597/2672/2496 1642/2668/2492
f 1642/2668/2492 1597/2672/2496 1599/2673/2497
f 1642/2668/2492 1599/2673/2497 1583/2666/2491
f 1583/2666/2491 1599/2673/2497 1600/2674/2498
g Body2:1

v 3.935066 -0.570066 0.200000
v 3.935066 -0.770066 0.000000
v 3.685066 -0.770066 0.000000
v 3.685066 -0.570066 0.200000
v 3.935066 -1.005066 0.000000
v 3.685066 -1.005066 0.000000
v 3.685066 -1.005066 -3.300000
v 3.685066 -1.205066 -3.500000
v 3.685066 -1.335066 -3.500000
v 3.685066 -1.535066 -3.300000
v 3.685066 -1.535066 0.000000
v 3.685066 -1.770066 0.000000
v 3.685066 -1.970066 0.200000
v 3.685066 -1.970066 2.093066
v 3.685066 -0.570066 2.093066
v 3.935066 -1.770066 0.000000
v 3.935066 -1.970066 0.200000
v 3.935066 -1.970066 2.093066
v 3.935066 -1.335066 -3.500000
v 3.935066 -1.535066 -3.300000
v 3.935066 -1.205066 -3.500000
v 3.935066 -1.005066 -3.300000
v 3.585066 -1.970066 2.443066
v 3.585066 -0.570066 2.443066
v 1.008000 -0.570066 2.443066
v 1.008000 -1.970066 2.443066
v 3.585066 -0.570066 2.193066
v 3.662949 -0.570066 2.434291
v 3.736926 -0.570066 2.408405
v 3.803288 -0.570066 2.366707
v 3.858707 -0.570066 2.311288
v 3.900405 -0.570066 2.244926
v 3.926291 -0.570066 2.170949
v 3.935066 -0.570066 2.093066
v 3.681659 -0.570066 2.118948
v 3.671669 -0.570066 2.143066
v 3.655777 -0.570066 2.163777
v 3.635066 -0.570066 2.179669
v 3.610948 -0.570066 2.189659
v 3.585066 -1.970066 2.193066
v 3.681659 -1.970066 2.118948
v 3.671669 -1.970066 2.143066
v 3.655777 -1.970066 2.163777
v 3.635066 -1.970066 2.179669
v 3.610948 -1.970066 2.189659
v 3.610948 -1.036733 2.189659
v 3.610948 -1.503400 2.189659
v 3.635066 -1.036733 2.179669
v 3.635066 -1.503400 2.179669
v 3.655777 -1.036733 2.163777
v 3.655777 -1.503400 2.163777
v 3.671669 -1.036733 2.143066
v 3.671669 -1.503400 2.143066
v 3.681659 -1.036733 2.118948
v 3.681659 -1.503400 2.118948
v 1.008000 -1.970066 2.193066
v 1.008000 -0.570066 2.193066
v 3.662949 -1.970066 2.434291
v 3.736926 -1.970066 2.408405
v 3.803288 -1.970066 2.366707
v 3.858707 -1.970066 2.311288
v 3.900405 -1.970066 2.244926
v 3.926291 -1.970066 2.170949
v 3.935066 -1.535066 0.000000
vt 0.014142 0.012500 0.000000
vt -0.014142 0.012500 0.000000
vt 0.014142 -0.012500 0.000000
vt -0.014142 -0.012500 0.000000
vt -0.020000 0.012500 0.000000
vt -0.043500 0.012500 0.000000
vt -0.020000 -0.012500 0.000000
vt -0.043500 -0.012500 0.000000
vt -0.230000 0.070000 0.000000
vt -0.250000 0.050000 0.000000
vt -0.040693 0.070000 0.000000
vt -0.250000 0.026500 0.000000
vt -0.040693 -0.070000 0.000000
vt -0.250000 -0.026500 0.000000
vt -0.250000 -0.050000 0.000000
vt -0.580000 0.026500 0.000000
vt -0.600000 0.006500 0.000000
vt -0.600000 -0.006500 0.000000
vt -0.580000 -0.026500 0.000000
vt -0.230000 -0.070000 0.000000
vt 0.014142 0.012500 0.000000
vt -0.014142 0.012500 0.000000
vt 0.014142 -0.012500 0.000000
vt -0.014142 -0.012500 0.000000
vt -0.020000 0.012500 0.000000
vt -0.209307 0.012500 0.000000
vt -0.020000 -0.012500 0.000000
vt -0.209307 -0.012500 0.000000
vt 0.014142 0.012500 0.000000
vt -0.014142 0.012500 0.000000
vt 0.014142 -0.012500 0.000000
vt -0.014142 -0.012500 0.000000
vt -0.033000 -0.012500 0.000000
vt -0.020000 -0.012500 0.000000
vt -0.033000 0.012500 0.000000
vt -0.020000 0.012500 0.000000
vt 0.014142 0.012500 0.000000
vt -0.014142 0.012500 0.000000
vt 0.014142 -0.012500 0.000000
vt -0.014142 -0.012500 0.000000
vt 0.007707 0.070000 0.000000
vt -0.250000 0.070000 0.000000
vt 0.007707 -0.070000 0.000000
vt -0.250000 -0.070000 0.000000
vt 0.025000 -0.000000 0.000000
vt 0.024122 0.007788 0.000000
vt -0.000000 0.000000 0.000000
vt -0.000341 0.002588 0.000000
vt 0.021534 0.015186 0.000000
vt -0.001340 0.005000 0.000000
vt 0.017364 0.021822 0.000000
vt -0.002929 0.007071 0.000000
vt 0.011822 0.027364 0.000000
vt -0.005000 0.008660 0.000000
vt 0.005186 0.031534 0.000000
vt -0.007412 0.009659 0.000000
vt -0.002212 0.034122 0.000000
vt -0.010000 0.010000 0.000000
vt -0.010000 0.035000 0.000000
vt 0.070000 0.013090 0.000000
vt 0.070000 0.015708 0.000000
vt 0.023333 0.013090 0.000000
vt -0.070000 0.015708 0.000000
vt -0.023333 0.013090 0.000000
vt -0.070000 0.013090 0.000000
vt -0.023333 0.010472 0.000000
vt -0.070000 0.010472 0.000000
vt -0.023333 0.007854 0.000000
vt -0.070000 0.007854 0.000000
vt -0.023333 0.005236 0.000000
vt -0.070000 0.005236 0.000000
vt -0.023333 0.002618 0.000000
vt -0.070000 0.002618 0.000000
vt -0.070000 0.000000 0.000000
vt 0.070000 0.000000 0.000000
vt 0.023333 0.002618 0.000000
vt 0.023333 0.005236 0.000000
vt 0.023333 0.007854 0.000000
vt 0.023333 0.010472 0.000000
vt 0.070000 0.002618 0.000000
vt 0.070000 0.005236 0.000000
vt 0.070000 0.007854 0.000000
vt 0.070000 0.010472 0.000000
vt -0.242293 0.012500 0.000000
vt -0.500000 0.012500 0.000000
vt -0.242293 -0.012500 0.000000
vt -0.500000 -0.012500 0.000000
vt -0.257707 -0.012500 0.000000
vt -0.000000 -0.012500 0.000000
vt -0.257707 0.012500 0.000000
vt 0.000000 0.012500 0.000000
vt 0.070000 0.054978 0.000000
vt -0.070000 0.054978 0.000000
vt 0.070000 0.047124 0.000000
vt -0.070000 0.047124 0.000000
vt 0.070000 0.039270 0.000000
vt -0.070000 0.039270 0.000000
vt 0.070000 0.031416 0.000000
vt -0.070000 0.031416 0.000000
vt 0.070000 0.023562 0.000000
vt -0.070000 0.023562 0.000000
vt 0.070000 0.015708 0.000000
vt -0.070000 0.015708 0.000000
vt 0.070000 0.007854 0.000000
vt -0.070000 0.007854 0.000000
vt 0.070000 0.000000 0.000000
vt -0.070000 0.000000 0.000000
vt -0.020000 0.012500 0.000000
vt -0.350000 0.012500 0.000000
vt -0.020000 -0.012500 0.000000
vt -0.350000 -0.012500 0.000000
vt -0.330000 -0.012500 0.000000
vt -0.000000 -0.012500 0.000000
vt -0.330000 0.012500 0.000000
vt -0.000000 0.012500 0.000000
vt -0.007707 -0.070000 0.000000
vt 0.250000 -0.070000 0.000000
vt -0.007707 0.070000 0.000000
vt 0.250000 0.070000 0.000000
vt -0.140000 -0.012500 0.000000
vt -0.000000 -0.012500 0.000000
vt -0.140000 0.012500 0.000000
vt -0.000000 0.012500 0.000000
vt 0.000000 -0.000000 0.000000
vt 0.025000 -0.000000 0.000000
vt 0.000878 0.007788 0.000000
vt 0.025341 0.002588 0.000000
vt 0.003466 0.015186 0.000000
vt 0.026340 0.005000 0.000000
vt 0.007636 0.021822 0.000000
vt 0.027929 0.007071 0.000000
vt 0.013178 0.027364 0.000000
vt 0.030000 0.008660 0.000000
vt 0.019814 0.031534 0.000000
vt 0.032412 0.009659 0.000000
vt 0.027212 0.034122 0.000000
vt 0.035000 0.010000 0.000000
vt 0.035000 0.035000 0.000000
vt -0.120000 -0.012500 0.000000
vt -0.096500 -0.012500 0.000000
vt -0.120000 0.012500 0.000000
vt -0.096500 0.012500 0.000000
vt -0.480000 -0.012500 0.000000
vt -0.290693 -0.012500 0.000000
vt -0.480000 0.012500 0.000000
vt -0.290693 0.012500 0.000000
vt 0.230000 0.070000 0.000000
vt 0.040693 0.070000 0.000000
vt 0.250000 0.050000 0.000000
vt 0.250000 0.026500 0.000000
vt 0.040693 -0.070000 0.000000
vt 0.250000 -0.026500 0.000000
vt 0.250000 -0.050000 0.000000
vt 0.230000 -0.070000 0.000000
vt 0.580000 -0.026500 0.000000
vt 0.600000 -0.006500 0.000000
vt 0.600000 0.006500 0.000000
vt 0.580000 0.026500 0.000000
vn 0.000000 0.070711 -0.070711
vn 0.000000 0.070711 -0.070711
vn 0.000000 0.070711 -0.070711
vn 0.000000 0.070711 -0.070711
vn 0.000000 0.000000 -0.100000
vn 0.000000 0.000000 -0.100000
vn 0.000000 0.000000 -0.100000
vn 0.000000 0.000000 -0.100000
vn -0.100000 0.000000 0.000000
vn -0.100000 0.000000 0.000000
vn -0.100000 0.000000 0.000000
vn -0.100000 0.000000 0.000000
vn -0.100000 0.000000 0.000000
vn -0.100000 0.000000 0.000000
vn -0.100000 0.000000 0.000000
vn -0.100000 0.000000 0.000000
vn -0.100000 0.000000 0.000000
vn -0.100000 0.000000 0.000000
vn -0.100000 0.000000 0.000000
vn -0.100000 0.000000 0.000000
vn -0.000000 -0.070711 -0.070711
vn -0.000000 -0.070711 -0.070711
vn -0.000000 -0.070711 -0.070711
vn -0.000000 -0.070711 -0.070711
vn -0.000000 -0.100000 0.000000
vn -0.000000 -0.100000 0.000000
vn -0.000000 -0.100000 0.000000
vn -0.000000 -0.100000 0.000000
vn -0.000000 -0.070711 -0.070711
vn -0.000000 -0.070711 -0.070711
vn -0.000000 -0.070711 -0.070711
vn -0.000000 -0.070711 -0.070711
vn 0.000000 0.000000 -0.100000
vn 0.000000 0.000000 -0.100000
vn 0.000000 0.000000 -0.100000
vn 0.000000 0.000000 -0.100000
vn 0.000000 0.070711 -0.070711
vn 0.000000 0.070711 -0.070711
vn 0.000000 0.070711 -0.070711
vn 0.000000 0.070711 -0.070711
vn 0.000000 -0.000000 0.100000
vn 0.000000 -0.000000 0.100000
vn 0.000000 -0.000000 0.100000
vn 0.000000 -0.000000 0.100000
vn 0.000000 0.100000 0.000000
vn 0.000000 0.100000 0.000000
vn 0.000000 0.100000 0.000000
vn 0.000000 0.100000 0.000000
vn 0.000000 0.100000 0.000000
vn 0.000000 0.100000 0.000000
vn 0.000000 0.100000 0.000000
vn 0.000000 0.100000 0.000000
vn 0.000000 0.100000 0.000000
vn 0.000000 0.100000 0.000000
vn 0.000000 0.100000 0.000000
vn 0.000000 0.100000 0.000000
vn 0.000000 0.100000 0.000000
vn 0.000000 0.100000 0.000000
vn 0.000000 0.100000 0.000000
vn -0.025882 0.000000 -0.096593
vn -0.000000 0.000000 -0.100000
vn -0.025882 0.000000 -0.096593
vn -0.000000 0.000000 -0.100000
vn -0.025882 0.000000 -0.096593
vn -0.025882 0.000000 -0.096593
vn -0.050000 0.000000 -0.086603
vn -0.050000 0.000000 -0.086603
vn -0.070711 0.000000 -0.070711
vn -0.070711 0.000000 -0.070711
vn -0.086603 0.000000 -0.050000
vn -0.086603 0.000000 -0.050000
vn -0.096593 0.000000 -0.025882
vn -0.096593 0.000000 -0.025882
vn -0.096593 0.000000 -0.025882
vn -0.086603 0.000000 -0.050000
vn -0.070711 0.000000 -0.070711
vn -0.050000 0.000000 -0.086603
vn -0.096593 0.000000 -0.025882
vn -0.086603 0.000000 -0.050000
vn -0.070711 0.000000 -0.070711
vn -0.050000 0.000000 -0.086603
vn -0.000000 -0.100000 0.000000
vn -0.000000 -0.100000 0.000000
vn -0.000000 -0.100000 0.000000
vn -0.000000 -0.100000 0.000000
vn 0.000000 0.100000 0.000000
vn 0.000000 0.100000 0.000000
vn 0.022252 -0.000000 0.097493
vn 0.022252 -0.000000 0.097493
vn 0.043388 -0.000000 0.090097
vn 0.043388 -0.000000 0.090097
vn 0.062349 -0.000000 0.078183
vn 0.062349 -0.000000 0.078183
vn 0.078183 -0.000000 0.062349
vn 0.078183 -0.000000 0.062349
vn 0.090097 -0.000000 0.043388
vn 0.090097 -0.000000 0.043388
vn 0.097493 -0.000000 0.022252
vn 0.097493 -0.000000 0.022252
vn 0.100000 -0.000000 0.000000
vn 0.100000 -0.000000 0.000000
vn -0.000000 -0.100000 0.000000
vn -0.000000 -0.100000 0.000000
vn -0.000000 -0.100000 0.000000
vn -0.000000 -0.100000 0.000000
vn 0.000000 0.100000 0.000000
vn 0.000000 0.100000 0.000000
vn 0.000000 0.100000 0.000000
vn 0.000000 0.100000 0.000000
vn -0.000000 0.000000 -0.100000
vn -0.000000 0.000000 -0.100000
vn -0.100000 0.000000 0.000000
vn -0.100000 0.000000 0.000000
vn -0.100000 0.000000 0.000000
vn -0.100000 0.000000 0.000000
vn -0.000000 -0.100000 0.000000
vn -0.000000 -0.100000 0.000000
vn -0.000000 -0.100000 0.000000
vn -0.000000 -0.100000 0.000000
vn -0.000000 -0.100000 0.000000
vn -0.000000 -0.100000 0.000000
vn -0.000000 -0.100000 0.000000
vn -0.000000 -0.100000 0.000000
vn -0.000000 -0.100000 0.000000
vn -0.000000 -0.100000 0.000000
vn -0.000000 -0.100000 0.000000
vn 0.000000 0.000000 -0.100000
vn 0.000000 0.000000 -0.100000
vn 0.000000 0.000000 -0.100000
vn 0.000000 0.000000 -0.100000
vn 0.000000 0.100000 0.000000
vn 0.000000 0.100000 0.000000
vn 0.100000 -0.000000 -0.000000
vn 0.100000 -0.000000 -0.000000
vn 0.100000 -0.000000 -0.000000
vn 0.100000 -0.000000 -0.000000
vn 0.100000 -0.000000 -0.000000
vn 0.100000 -0.000000 -0.000000
vn 0.100000 -0.000000 -0.000000
vn 0.100000 -0.000000 -0.000000
vn 0.100000 -0.000000 -0.000000
vn 0.100000 -0.000000 -0.000000
f 1643/2675/2499 1644/2676/2500 1646/2677/2501
f 1646/2677/2501 1644/2676/2500 1645/2678/2502
f 1644/2679/2503 1647/2680/2504 1645/2681/2505
f 1645/2681/2505 1647/2680/2504 1648/2682/2506
f 1646/2683/2507 1645/2684/2508 1657/2685/2509
f 1657/2685/2509 1645/2684/2508 1648/2686/2510
f 1657/2685/2509 1648/2686/2510 1656/2687/2511
f 1656/2687/2511 1648/2686/2510 1653/2688/2512
f 1656/2687/2511 1653/2688/2512 1654/2689/2513
f 1649/2690/2514 1650/2691/2515 1648/2686/2510
f 1648/2686/2510 1650/2691/2515 1653/2688/2512
f 1650/2691/2515 1651/2692/2516 1653/2688/2512
f 1653/2688/2512 1651/2692/2516 1652/2693/2517
f 1654/2689/2513 1655/2694/2518 1656/2687/2511
f 1658/2695/2519 1659/2696/2520 1654/2697/2521
f 1654/2697/2521 1659/2696/2520 1655/2698/2522
f 1659/2699/2523 1660/2700/2524 1655/2701/2525
f 1655/2701/2525 1660/2700/2524 1656/2702/2526
f 1661/2703/2527 1662/2704/2528 1651/2705/2529
f 1651/2705/2529 1662/2704/2528 1652/2706/2530
f 1651/2707/2531 1650/2708/2532 1661/2709/2533
f 1661/2709/2533 1650/2708/2532 1663/2710/2534
f 1664/2711/2535 1663/2712/2536 1649/2713/2537
f 1649/2713/2537 1663/2712/2536 1650/2714/2538
f 1666/2715/2539 1667/2716/2540 1665/2717/2541
f 1665/2717/2541 1667/2716/2540 1668/2718/2542
f 1666/2719/2543 1670/2720/2544 1669/2721/2545
f 1669/2721/2545 1670/2720/2544 1681/2722/2546
f 1681/2722/2546 1670/2720/2544 1671/2723/2547
f 1681/2722/2546 1671/2723/2547 1680/2724/2548
f 1680/2724/2548 1671/2723/2547 1672/2725/2549
f 1680/2724/2548 1672/2725/2549 1679/2726/2550
f 1679/2726/2550 1672/2725/2549 1673/2727/2551
f 1679/2726/2550 1673/2727/2551 1678/2728/2552
f 1678/2728/2552 1673/2727/2551 1674/2729/2553
f 1678/2728/2552 1674/2729/2553 1677/2730/2554
f 1677/2730/2554 1674/2729/2553 1675/2731/2555
f 1677/2730/2554 1675/2731/2555 1657/2732/2556
f 1657/2732/2556 1675/2731/2555 1676/2733/2557
f 1687/2734/2558 1682/2735/2559 1689/2736/2560
f 1689/2736/2560 1682/2735/2559 1669/2737/2561
f 1689/2736/2560 1669/2737/2561 1688/2738/2562
f 1688/2738/2562 1669/2737/2561 1681/2739/2563
f 1688/2738/2562 1681/2739/2563 1690/2740/2564
f 1690/2740/2564 1681/2739/2563 1680/2741/2565
f 1690/2740/2564 1680/2741/2565 1692/2742/2566
f 1692/2742/2566 1680/2741/2565 1679/2743/2567
f 1692/2742/2566 1679/2743/2567 1694/2744/2568
f 1694/2744/2568 1679/2743/2567 1678/2745/2569
f 1694/2744/2568 1678/2745/2569 1696/2746/2570
f 1696/2746/2570 1678/2745/2569 1677/2747/2571
f 1696/2746/2570 1677/2747/2571 1657/2748/2509
f 1657/2748/2509 1656/2749/2511 1696/2746/2570
f 1696/2746/2570 1656/2749/2511 1697/2750/2572
f 1696/2746/2570 1697/2750/2572 1694/2744/2568
f 1694/2744/2568 1697/2750/2572 1695/2751/2573
f 1694/2744/2568 1695/2751/2573 1692/2742/2566
f 1692/2742/2566 1695/2751/2573 1693/2752/2574
f 1692/2742/2566 1693/2752/2574 1690/2740/2564
f 1690/2740/2564 1693/2752/2574 1691/2753/2575
f 1690/2740/2564 1691/2753/2575 1688/2738/2562
f 1688/2738/2562 1691/2753/2575 1689/2736/2560
f 1656/2749/2511 1683/2754/2576 1697/2750/2572
f 1697/2750/2572 1683/2754/2576 1695/2751/2573
f 1683/2754/2576 1684/2755/2577 1695/2751/2573
f 1695/2751/2573 1684/2755/2577 1693/2752/2574
f 1684/2755/2577 1685/2756/2578 1693/2752/2574
f 1693/2752/2574 1685/2756/2578 1691/2753/2575
f 1685/2756/2578 1686/2757/2579 1691/2753/2575
f 1691/2753/2575 1686/2757/2579 1689/2736/2560
f 1686/2757/2579 1687/2734/2558 1689/2736/2560
f 1665/2758/2580 1668/2759/2581 1682/2760/2582
f 1682/2760/2582 1668/2759/2581 1698/2761/2583
f 1669/2762/2545 1699/2763/2584 1666/2764/2543
f 1666/2764/2543 1699/2763/2584 1667/2765/2585
f 1666/2766/2539 1665/2767/2541 1670/2768/2586
f 1670/2768/2586 1665/2767/2541 1700/2769/2587
f 1670/2768/2586 1700/2769/2587 1671/2770/2588
f 1671/2770/2588 1700/2769/2587 1701/2771/2589
f 1671/2770/2588 1701/2771/2589 1672/2772/2590
f 1672/2772/2590 1701/2771/2589 1702/2773/2591
f 1672/2772/2590 1702/2773/2591 1673/2774/2592
f 1673/2774/2592 1702/2773/2591 1703/2775/2593
f 1673/2774/2592 1703/2775/2593 1674/2776/2594
f 1674/2776/2594 1703/2775/2593 1704/2777/2595
f 1674/2776/2594 1704/2777/2595 1675/2778/2596
f 1675/2778/2596 1704/2777/2595 1705/2779/2597
f 1675/2778/2596 1705/2779/2597 1676/2780/2598
f 1676/2780/2598 1705/2779/2597 1660/2781/2599
f 1662/2782/2600 1706/2783/2601 1652/2784/2602
f 1652/2784/2602 1706/2783/2601 1653/2785/2603
f 1649/2786/2604 1648/2787/2605 1664/2788/2606
f 1664/2788/2606 1648/2787/2605 1647/2789/2607
f 1682/2790/2559 1698/2791/2608 1669/2792/2561
f 1669/2792/2561 1698/2791/2608 1699/2793/2609
f 1699/2794/2610 1698/2795/2611 1667/2796/2612
f 1667/2796/2612 1698/2795/2611 1668/2797/2613
f 1665/2798/2580 1682/2799/2582 1700/2800/2614
f 1700/2800/2614 1682/2799/2582 1687/2801/2615
f 1700/2800/2614 1687/2801/2615 1701/2802/2616
f 1701/2802/2616 1687/2801/2615 1686/2803/2617
f 1701/2802/2616 1686/2803/2617 1702/2804/2618
f 1702/2804/2618 1686/2803/2617 1685/2805/2619
f 1702/2804/2618 1685/2805/2619 1703/2806/2620
f 1703/2806/2620 1685/2805/2619 1684/2807/2621
f 1703/2806/2620 1684/2807/2621 1704/2808/2622
f 1704/2808/2622 1684/2807/2621 1683/2809/2623
f 1704/2808/2622 1683/2809/2623 1705/2810/2624
f 1705/2810/2624 1683/2809/2623 1656/2811/2526
f 1705/2810/2624 1656/2811/2526 1660/2812/2524
f 1654/2813/2625 1653/2814/2626 1658/2815/2627
f 1658/2815/2627 1653/2814/2626 1706/2816/2628
f 1646/2817/2629 1657/2818/2556 1643/2819/2630
f 1643/2819/2630 1657/2818/2556 1676/2820/2557
f 1643/2821/2631 1676/2822/2598 1644/2823/2632
f 1644/2823/2632 1676/2822/2598 1647/2824/2633
f 1647/2824/2633 1676/2822/2598 1660/2825/2599
f 1647/2824/2633 1660/2825/2599 1706/2826/2634
f 1706/2826/2634 1660/2825/2599 1658/2827/2635
f 1658/2827/2635 1660/2825/2599 1659/2828/2636
f 1662/2829/2637 1661/2830/2638 1706/2826/2634
f 1706/2826/2634 1661/2830/2638 1663/2831/2639
f 1706/2826/2634 1663/2831/2639 1647/2824/2633
f 1647/2824/2633 1663/2831/2639 1664/2832/2640
g Body3:1

v 3.935066 4.509934 0.200000
v 3.935066 4.309934 0.000000
v 3.685066 4.309934 0.000000
v 3.685066 4.509934 0.200000
v 3.935066 4.074934 0.000000
v 3.685066 4.074934 0.000000
v 3.685066 4.074934 -3.300000
v 3.685066 3.874934 -3.500000
v 3.685066 3.744934 -3.500000
v 3.685066 3.544934 -3.300000
v 3.685066 3.544934 0.000000
v 3.685066 3.309934 0.000000
v 3.685066 3.109934 0.200000
v 3.685066 3.109934 2.093066
v 3.685066 4.509934 2.093066
v 3.935066 3.309934 0.000000
v 3.935066 3.109934 0.200000
v 3.935066 3.109934 2.093066
v 3.935066 3.744934 -3.500000
v 3.935066 3.544934 -3.300000
v 3.935066 3.874934 -3.500000
v 3.935066 4.074934 -3.300000
v 3.585066 3.109934 2.443066
v 3.585066 4.509934 2.443066
v 1.008000 4.509934 2.443066
v 1.008000 3.109934 2.443066
v 3.585066 4.509934 2.193066
v 3.662949 4.509934 2.434291
v 3.736926 4.509934 2.408405
v 3.803288 4.509934 2.366707
v 3.858707 4.509934 2.311288
v 3.900405 4.509934 2.244926
v 3.926291 4.509934 2.170949
v 3.935066 4.509934 2.093066
v 3.681659 4.509934 2.118948
v 3.671669 4.509934 2.143066
v 3.655777 4.509934 2.163777
v 3.635066 4.509934 2.179669
v 3.610948 4.509934 2.189659
v 3.585066 3.109934 2.193066
v 3.681659 3.109934 2.118948
v 3.671669 3.109934 2.143066
v 3.655777 3.109934 2.163777
v 3.635066 3.109934 2.179669
v 3.610948 3.109934 2.189659
v 3.610948 4.043267 2.189659
v 3.610948 3.576600 2.189659
v 3.635066 4.043267 2.179669
v 3.635066 3.576600 2.179669
v 3.655777 4.043267 2.163777
v 3.655777 3.576600 2.163777
v 3.671669 4.043267 2.143066
v 3.671669 3.576600 2.143066
v 3.681659 4.043267 2.118948
v 3.681659 3.576600 2.118948
v 1.008000 3.109934 2.193066
v 1.008000 4.509934 2.193066
v 3.662949 3.109934 2.434291
v 3.736926 3.109934 2.408405
v 3.803288 3.109934 2.366707
v 3.858707 3.109934 2.311288
v 3.900405 3.109934 2.244926
v 3.926291 3.109934 2.170949
v 3.935066 3.544934 0.000000
vt 0.014142 0.012500 0.000000
vt -0.014142 0.012500 0.000000
vt 0.014142 -0.012500 0.000000
vt -0.014142 -0.012500 0.000000
vt -0.020000 0.012500 0.000000
vt -0.043500 0.012500 0.000000
vt -0.020000 -0.012500 0.000000
vt -0.043500 -0.012500 0.000000
vt -0.230000 0.070000 0.000000
vt -0.250000 0.050000 0.000000
vt -0.040693 0.070000 0.000000
vt -0.250000 0.026500 0.000000
vt -0.040693 -0.070000 0.000000
vt -0.250000 -0.026500 0.000000
vt -0.250000 -0.050000 0.000000
vt -0.580000 0.026500 0.000000
vt -0.600000 0.006500 0.000000
vt -0.600000 -0.006500 0.000000
vt -0.580000 -0.026500 0.000000
vt -0.230000 -0.070000 0.000000
vt 0.014142 0.012500 0.000000
vt -0.014142 0.012500 0.000000
vt 0.014142 -0.012500 0.000000
vt -0.014142 -0.012500 0.000000
vt -0.020000 0.012500 0.000000
vt -0.209307 0.012500 0.000000
vt -0.020000 -0.012500 0.000000
vt -0.209307 -0.012500 0.000000
vt 0.014142 0.012500 0.000000
vt -0.014142 0.012500 0.000000
vt 0.014142 -0.012500 0.000000
vt -0.014142 -0.012500 0.000000
vt -0.033000 -0.012500 0.000000
vt -0.020000 -0.012500 0.000000
vt -0.033000 0.012500 0.000000
vt -0.020000 0.012500 0.000000
vt 0.014142 0.012500 0.000000
vt -0.014142 0.012500 0.000000
vt 0.014142 -0.012500 0.000000
vt -0.014142 -0.012500 0.000000
vt 0.007707 0.070000 0.000000
vt -0.250000 0.070000 0.000000
vt 0.007707 -0.070000 0.000000
vt -0.250000 -0.070000 0.000000
vt 0.025000 -0.000000 0.000000
vt 0.024122 0.007788 0.000000
vt -0.000000 0.000000 0.000000
vt -0.000341 0.002588 0.000000
vt 0.021534 0.015186 0.000000
vt -0.001340 0.005000 0.000000
vt 0.017364 0.021822 0.000000
vt -0.002929 0.007071 0.000000
vt 0.011822 0.027364 0.000000
vt -0.005000 0.008660 0.000000
vt 0.005186 0.031534 0.000000
vt -0.007412 0.009659 0.000000
vt -0.002212 0.034122 0.000000
vt -0.010000 0.010000 0.000000
vt -0.010000 0.035000 0.000000
vt 0.070000 0.013090 0.000000
vt 0.070000 0.015708 0.000000
vt 0.023333 0.013090 0.000000
vt -0.070000 0.015708 0.000000
vt -0.023333 0.013090 0.000000
vt -0.070000 0.013090 0.000000
vt -0.023333 0.010472 0.000000
vt -0.070000 0.010472 0.000000
vt -0.023333 0.007854 0.000000
vt -0.070000 0.007854 0.000000
vt -0.023333 0.005236 0.000000
vt -0.070000 0.005236 0.000000
vt -0.023333 0.002618 0.000000
vt -0.070000 0.002618 0.000000
vt -0.070000 0.000000 0.000000
vt 0.070000 0.000000 0.000000
vt 0.023333 0.002618 0.000000
vt 0.023333 0.005236 0.000000
vt 0.023333 0.007854 0.000000
vt 0.023333 0.010472 0.000000
vt 0.070000 0.002618 0.000000
vt 0.070000 0.005236 0.000000
vt 0.070000 0.007854 0.000000
vt 0.070000 0.010472 0.000000
vt -0.242293 0.012500 0.000000
vt -0.500000 0.012500 0.000000
vt -0.242293 -0.012500 0.000000
vt -0.500000 -0.012500 0.000000
vt -0.257707 -0.012500 0.000000
vt -0.000000 -0.012500 0.000000
vt -0.257707 0.012500 0.000000
vt 0.000000 0.012500 0.000000
vt 0.070000 0.054978 0.000000
vt -0.070000 0.054978 0.000000
vt 0.070000 0.047124 0.000000
vt -0.070000 0.047124 0.000000
vt 0.070000 0.039270 0.000000
vt -0.070000 0.039270 0.000000
vt 0.070000 0.031416 0.000000
vt -0.070000 0.031416 0.000000
vt 0.070000 0.023562 0.000000
vt -0.070000 0.023562 0.000000
vt 0.070000 0.015708 0.000000
vt -0.070000 0.015708 0.000000
vt 0.070000 0.007854 0.000000
vt -0.070000 0.007854 0.000000
vt 0.070000 0.000000 0.000000
vt -0.070000 0.000000 0.000000
vt -0.020000 0.012500 0.000000
vt -0.350000 0.012500 0.000000
vt -0.020000 -0.012500 0.000000
vt -0.350000 -0.012500 0.000000
vt -0.330000 -0.012500 0.000000
vt -0.000000 -0.012500 0.000000
vt -0.330000 0.012500 0.000000
vt -0.000000 0.012500 0.000000
vt -0.007707 -0.070000 0.000000
vt 0.250000 -0.070000 0.000000
vt -0.007707 0.070000 0.000000
vt 0.250000 0.070000 0.000000
vt -0.140000 -0.012500 0.000000
vt -0.000000 -0.012500 0.000000
vt -0.140000 0.012500 0.000000
vt -0.000000 0.012500 0.000000
vt 0.000000 -0.000000 0.000000
vt 0.025000 -0.000000 0.000000
vt 0.000878 0.007788 0.000000
vt 0.025341 0.002588 0.000000
vt 0.003466 0.015186 0.000000
vt 0.026340 0.005000 0.000000
vt 0.007636 0.021822 0.000000
vt 0.027929 0.007071 0.000000
vt 0.013178 0.027364 0.000000
vt 0.030000 0.008660 0.000000
vt 0.019814 0.031534 0.000000
vt 0.032412 0.009659 0.000000
vt 0.027212 0.034122 0.000000
vt 0.035000 0.010000 0.000000
vt 0.035000 0.035000 0.000000
vt -0.120000 -0.012500 0.000000
vt -0.096500 -0.012500 0.000000
vt -0.120000 0.012500 0.000000
vt -0.096500 0.012500 0.000000
vt -0.480000 -0.012500 0.000000
vt -0.290693 -0.012500 0.000000
vt -0.480000 0.012500 0.000000
vt -0.290693 0.012500 0.000000
vt 0.230000 0.070000 0.000000
vt 0.040693 0.070000 0.000000
vt 0.250000 0.050000 0.000000
vt 0.250000 0.026500 0.000000
vt 0.040693 -0.070000 0.000000
vt 0.250000 -0.026500 0.000000
vt 0.250000 -0.050000 0.000000
vt 0.230000 -0.070000 0.000000
vt 0.580000 -0.026500 0.000000
vt 0.600000 -0.006500 0.000000
vt 0.600000 0.006500 0.000000
vt 0.580000 0.026500 0.000000
vn 0.000000 0.070711 -0.070711
vn 0.000000 0.070711 -0.070711
vn 0.000000 0.070711 -0.070711
vn 0.000000 0.070711 -0.070711
vn 0.000000 0.000000 -0.100000
vn 0.000000 0.000000 -0.100000
vn 0.000000 0.000000 -0.100000
vn 0.000000 0.000000 -0.100000
vn -0.100000 0.000000 0.000000
vn -0.100000 0.000000 0.000000
vn -0.100000 0.000000 0.000000
vn -0.100000 0.000000 0.000000
vn -0.100000 0.000000 0.000000
vn -0.100000 0.000000 0.000000
vn -0.100000 0.000000 0.000000
vn -0.100000 0.000000 0.000000
vn -0.100000 0.000000 0.000000
vn -0.100000 0.000000 0.000000
vn -0.100000 0.000000 0.000000
vn -0.100000 0.000000 0.000000
vn -0.000000 -0.070711 -0.070711
vn -0.000000 -0.070711 -0.070711
vn -0.000000 -0.070711 -0.070711
vn -0.000000 -0.070711 -0.070711
vn -0.000000 -0.100000 0.000000
vn -0.000000 -0.100000 0.000000
vn -0.000000 -0.100000 0.000000
vn -0.000000 -0.100000 0.000000
vn -0.000000 -0.070711 -0.070711
vn -0.000000 -0.070711 -0.070711
vn -0.000000 -0.070711 -0.070711
vn -0.000000 -0.070711 -0.070711
vn 0.000000 0.000000 -0.100000
vn 0.000000 0.000000 -0.100000
vn 0.000000 0.000000 -0.100000
vn 0.000000 0.000000 -0.100000
vn 0.000000 0.070711 -0.070711
vn 0.000000 0.070711 -0.070711
vn 0.000000 0.070711 -0.070711
vn 0.000000 0.070711 -0.070711
vn 0.000000 -0.000000 0.100000
vn 0.000000 -0.000000 0.100000
vn 0.000000 -0.000000 0.100000
vn 0.000000 -0.000000 0.100000
vn 0.000000 0.100000 0.000000
vn 0.000000 0.100000 0.000000
vn 0.000000 0.100000 0.000000
vn 0.000000 0.100000 0.000000
vn 0.000000 0.100000 0.000000
vn 0.000000 0.100000 0.000000
vn 0.000000 0.100000 0.000000
vn 0.000000 0.100000 0.000000
vn 0.000000 0.100000 0.000000
vn 0.000000 0.100000 0.000000
vn 0.000000 0.100000 0.000000
vn 0.000000 0.100000 0.000000
vn 0.000000 0.100000 0.000000
vn 0.000000 0.100000 0.000000
vn 0.000000 0.100000 0.000000
vn -0.025882 0.000000 -0.096593
vn -0.000000 0.000000 -0.100000
vn -0.025882 0.000000 -0.096593
vn -0.000000 0.000000 -0.100000
vn -0.025882 0.000000 -0.096593
vn -0.025882 0.000000 -0.096593
vn -0.050000 0.000000 -0.086603
vn -0.050000 0.000000 -0.086603
vn -0.070711 0.000000 -0.070711
vn -0.070711 0.000000 -0.070711
vn -0.086603 0.000000 -0.050000
vn -0.086603 0.000000 -0.050000
vn -0.096593 0.000000 -0.025882
vn -0.096593 0.000000 -0.025882
vn -0.096593 0.000000 -0.025882
vn -0.086603 0.000000 -0.050000
vn -0.070711 0.000000 -0.070711
vn -0.050000 0.000000 -0.086603
vn -0.096593 0.000000 -0.025882
vn -0.086603 0.000000 -0.050000
vn -0.070711 0.000000 -0.070711
vn -0.050000 0.000000 -0.086603
vn -0.000000 -0.100000 0.000000
vn -0.000000 -0.100000 0.000000
vn -0.000000 -0.100000 0.000000
vn -0.000000 -0.100000 0.000000
vn 0.000000 0.100000 0.000000
vn 0.000000 0.100000 0.000000
vn 0.022252 -0.000000 0.097493
vn 0.022252 -0.000000 0.097493
vn 0.043388 -0.000000 0.090097
vn 0.043388 -0.000000 0.090097
vn 0.062349 -0.000000 0.078183
vn 0.062349 -0.000000 0.078183
vn 0.078183 -0.000000 0.062349
vn 0.078183 -0.000000 0.062349
vn 0.090097 -0.000000 0.043388
vn 0.090097 -0.000000 0.043388
vn 0.097493 -0.000000 0.022252
vn 0.097493 -0.000000 0.022252
vn 0.100000 -0.000000 0.000000
vn 0.100000 -0.000000 0.000000
vn -0.000000 -0.100000 0.000000
vn -0.000000 -0.100000 0.000000
vn -0.000000 -0.100000 0.000000
vn -0.000000 -0.100000 0.000000
vn 0.000000 0.100000 0.000000
vn 0.000000 0.100000 0.000000
vn 0.000000 0.100000 0.000000
vn 0.000000 0.100000 0.000000
vn -0.000000 0.000000 -0.100000
vn -0.000000 0.000000 -0.100000
vn -0.100000 0.000000 0.000000
vn -0.100000 0.000000 0.000000
vn -0.100000 0.000000 0.000000
vn -0.100000 0.000000 0.000000
vn -0.000000 -0.100000 0.000000
vn -0.000000 -0.100000 0.000000
vn -0.000000 -0.100000 0.000000
vn -0.000000 -0.100000 0.000000
vn -0.000000 -0.100000 0.000000
vn -0.000000 -0.100000 0.000000
vn -0.000000 -0.100000 0.000000
vn -0.000000 -0.100000 0.000000
vn -0.000000 -0.100000 0.000000
vn -0.000000 -0.100000 0.000000
vn -0.000000 -0.100000 0.000000
vn 0.000000 0.000000 -0.100000
vn 0.000000 0.000000 -0.100000
vn 0.000000 0.000000 -0.100000
vn 0.000000 0.000000 -0.100000
vn 0.000000 0.100000 0.000000
vn 0.000000 0.100000 0.000000
vn 0.100000 -0.000000 -0.000000
vn 0.100000 -0.000000 -0.000000
vn 0.100000 -0.000000 -0.000000
vn 0.100000 -0.000000 -0.000000
vn 0.100000 -0.000000 -0.000000
vn 0.100000 -0.000000 -0.000000
vn 0.100000 -0.000000 -0.000000
vn 0.100000 -0.000000 -0.000000
vn 0.100000 -0.000000 -0.000000
vn 0.100000 -0.000000 -0.000000
f 1707/2833/2641 1708/2834/2642 1710/2835/2643
f 1710/2835/2643 1708/2834/2642 1709/2836/2644
f 1708/2837/2645 1711/2838/2646 1709/2839/2647
f 1709/2839/2647 1711/2838/2646 1712/2840/2648
f 1710/2841/2649 1709/2842/2650 1721/2843/2651
f 1721/2843/2651 1709/2842/2650 1712/2844/2652
f 1721/2843/2651 1712/2844/2652 1720/2845/2653
f 1720/2845/2653 1712/2844/2652 1717/2846/2654
f 1720/2845/2653 1717/2846/2654 1718/2847/2655
f 1713/2848/2656 1714/2849/2657 1712/2844/2652
f 1712/2844/2652 1714/2849/2657 1717/2846/2654
f 1714/2849/2657 1715/2850/2658 1717/2846/2654
f 1717/2846/2654 1715/2850/2658 1716/2851/2659
f 1718/2847/2655 1719/2852/2660 1720/2845/2653
f 1722/2853/2661 1723/2854/2662 1718/2855/2663
f 1718/2855/2663 1723/2854/2662 1719/2856/2664
f 1723/2857/2665 1724/2858/2666 1719/2859/2667
f 1719/2859/2667 1724/2858/2666 1720/2860/2668
f 1725/2861/2669 1726/2862/2670 1715/2863/2671
f 1715/2863/2671 1726/2862/2670 1716/2864/2672
f 1715/2865/2673 1714/2866/2674 1725/2867/2675
f 1725/2867/2675 1714/2866/2674 1727/2868/2676
f 1728/2869/2677 1727/2870/2678 1713/2871/2679
f 1713/2871/2679 1727/2870/2678 1714/2872/2680
f 1730/2873/2681 1731/2874/2682 1729/2875/2683
f 1729/2875/2683 1731/2874/2682 1732/2876/2684
f 1730/2877/2685 1734/2878/2686 1733/2879/2687
f 1733/2879/2687 1734/2878/2686 1745/2880/2688
f 1745/2880/2688 1734/2878/2686 1735/2881/2689
f 1745/2880/2688 1735/2881/2689 1744/2882/2690
f 1744/2882/2690 1735/2881/2689 1736/2883/2691
f 1744/2882/2690 1736/2883/2691 1743/2884/2692
f 1743/2884/2692 1736/2883/2691 1737/2885/2693
f 1743/2884/2692 1737/2885/2693 1742/2886/2694
f 1742/2886/2694 1737/2885/2693 1738/2887/2695
f 1742/2886/2694 1738/2887/2695 1741/2888/2696
f 1741/2888/2696 1738/2887/2695 1739/2889/2697
f 1741/2888/2696 1739/2889/2697 1721/2890/2698
f 1721/2890/2698 1739/2889/2697 1740/2891/2699
f 1751/2892/2700 1746/2893/2701 1753/2894/2702
f 1753/2894/2702 1746/2893/2701 1733/2895/2703
f 1753/2894/2702 1733/2895/2703 1752/2896/2704
f 1752/2896/2704 1733/2895/2703 1745/2897/2705
f 1752/2896/2704 1745/2897/2705 1754/2898/2706
f 1754/2898/2706 1745/2897/2705 1744/2899/2707
f 1754/2898/2706 1744/2899/2707 1756/2900/2708
f 1756/2900/2708 1744/2899/2707 1743/2901/2709
f 1756/2900/2708 1743/2901/2709 1758/2902/2710
f 1758/2902/2710 1743/2901/2709 1742/2903/2711
f 1758/2902/2710 1742/2903/2711 1760/2904/2712
f 1760/2904/2712 1742/2903/2711 1741/2905/2713
f 1760/2904/2712 1741/2905/2713 1721/2906/2651
f 1721/2906/2651 1720/2907/2653 1760/2904/2712
f 1760/2904/2712 1720/2907/2653 1761/2908/2714
f 1760/2904/2712 1761/2908/2714 1758/2902/2710
f 1758/2902/2710 1761/2908/2714 1759/2909/2715
f 1758/2902/2710 1759/2909/2715 1756/2900/2708
f 1756/2900/2708 1759/2909/2715 1757/2910/2716
f 1756/2900/2708 1757/2910/2716 1754/2898/2706
f 1754/2898/2706 1757/2910/2716 1755/2911/2717
f 1754/2898/2706 1755/2911/2717 1752/2896/2704
f 1752/2896/2704 1755/2911/2717 1753/2894/2702
f 1720/2907/2653 1747/2912/2718 1761/2908/2714
f 1761/2908/2714 1747/2912/2718 1759/2909/2715
f 1747/2912/2718 1748/2913/2719 1759/2909/2715
f 1759/2909/2715 1748/2913/2719 1757/2910/2716
f 1748/2913/2719 1749/2914/2720 1757/2910/2716
f 1757/2910/2716 1749/2914/2720 1755/2911/2717
f 1749/2914/2720 1750/2915/2721 1755/2911/2717
f 1755/2911/2717 1750/2915/2721 1753/2894/2702
f 1750/2915/2721 1751/2892/2700 1753/2894/2702
f 1729/2916/2722 1732/2917/2723 1746/2918/2724
f 1746/2918/2724 1732/2917/2723 1762/2919/2725
f 1733/2920/2687 1763/2921/2726 1730/2922/2685
f 1730/2922/2685 1763/2921/2726 1731/2923/2727
f 1730/2924/2681 1729/2925/2683 1734/2926/2728
f 1734/2926/2728 1729/2925/2683 1764/2927/2729
f 1734/2926/2728 1764/2927/2729 1735/2928/2730
f 1735/2928/2730 1764/2927/2729 1765/2929/2731
f 1735/2928/2730 1765/2929/2731 1736/2930/2732
f 1736/2930/2732 1765/2929/2731 1766/2931/2733
f 1736/2930/2732 1766/2931/2733 1737/2932/2734
f 1737/2932/2734 1766/2931/2733 1767/2933/2735
f 1737/2932/2734 1767/2933/2735 1738/2934/2736
f 1738/2934/2736 1767/2933/2735 1768/2935/2737
f 1738/2934/2736 1768/2935/2737 1739/2936/2738
f 1739/2936/2738 1768/2935/2737 1769/2937/2739
f 1739/2936/2738 1769/2937/2739 1740/2938/2740
f 1740/2938/2740 1769/2937/2739 1724/2939/2741
f 1726/2940/2742 1770/2941/2743 1716/2942/2744
f 1716/2942/2744 1770/2941/2743 1717/2943/2745
f 1713/2944/2746 1712/2945/2747 1728/2946/2748
f 1728/2946/2748 1712/2945/2747 1711/2947/2749
f 1746/2948/2701 1762/2949/2750 1733/2950/2703
f 1733/2950/2703 1762/2949/2750 1763/2951/2751
f 1763/2952/2752 1762/2953/2753 1731/2954/2754
f 1731/2954/2754 1762/2953/2753 1732/2955/2755
f 1729/2956/2722 1746/2957/2724 1764/2958/2756
f 1764/2958/2756 1746/2957/2724 1751/2959/2757
f 1764/2958/2756 1751/2959/2757 1765/2960/2758
f 1765/2960/2758 1751/2959/2757 1750/2961/2759
f 1765/2960/2758 1750/2961/2759 1766/2962/2760
f 1766/2962/2760 1750/2961/2759 1749/2963/2761
f 1766/2962/2760 1749/2963/2761 1767/2964/2762
f 1767/2964/2762 1749/2963/2761 1748/2965/2763
f 1767/2964/2762 1748/2965/2763 1768/2966/2764
f 1768/2966/2764 1748/2965/2763 1747/2967/2765
f 1768/2966/2764 1747/2967/2765 1769/2968/2766
f 1769/2968/2766 1747/2967/2765 1720/2969/2668
f 1769/2968/2766 1720/2969/2668 1724/2970/2666
f 1718/2971/2767 1717/2972/2768 1722/2973/2769
f 1722/2973/2769 1717/2972/2768 1770/2974/2770
f 1710/2975/2771 1721/2976/2698 1707/2977/2772
f 1707/2977/2772 1721/2976/2698 1740/2978/2699
f 1707/2979/2773 1740/2980/2740 1708/2981/2774
f 1708/2981/2774 1740/2980/2740 1711/2982/2775
f 1711/2982/2775 1740/2980/2740 1724/2983/2741
f 1711/2982/2775 1724/2983/2741 1770/2984/2776
f 1770/2984/2776 1724/2983/2741 1722/2985/2777
f 1722/2985/2777 1724/2983/2741 1723/2986/2778
f 1726/2987/2779 1725/2988/2780 1770/2984/2776
f 1770/2984/2776 1725/2988/2780 1727/2989/2781
f 1770/2984/2776 1727/2989/2781 1711/2982/2775
f 1711/2982/2775 1727/2989/2781 1728/2990/2782
g Body4:1

v 3.935066 -3.110066 0.200000
v 3.935066 -3.310066 0.000000
v 3.685066 -3.310066 0.000000
v 3.685066 -3.110066 0.200000
v 3.935066 -3.545066 0.000000
v 3.685066 -3.545066 0.000000
v 3.685066 -3.545066 -3.300000
v 3.685066 -3.745066 -3.500000
v 3.685066 -3.875066 -3.500000
v 3.685066 -4.075066 -3.300000
v 3.685066 -4.075066 0.000000
v 3.685066 -4.310066 0.000000
v 3.685066 -4.510066 0.200000
v 3.685066 -4.510066 2.093066
v 3.685066 -3.110066 2.093066
v 3.935066 -4.310066 0.000000
v 3.935066 -4.510066 0.200000
v 3.935066 -4.510066 2.093066
v 3.935066 -3.875066 -3.500000
v 3.935066 -4.075066 -3.300000
v 3.935066 -3.745066 -3.500000
v 3.935066 -3.545066 -3.300000
v 3.585066 -4.510066 2.443066
v 3.585066 -3.110066 2.443066
v 1.008000 -3.110066 2.443066
v 1.008000 -4.510066 2.443066
v 3.585066 -3.110066 2.193066
v 3.662949 -3.110066 2.434291
v 3.736926 -3.110066 2.408405
v 3.803288 -3.110066 2.366707
v 3.858707 -3.110066 2.311288
v 3.900405 -3.110066 2.244926
v 3.926291 -3.110066 2.170949
v 3.935066 -3.110066 2.093066
v 3.681659 -3.110066 2.118948
v 3.671669 -3.110066 2.143066
v 3.655777 -3.110066 2.163777
v 3.635066 -3.110066 2.179669
v 3.610948 -3.110066 2.189659
v 3.585066 -4.510066 2.193066
v 3.681659 -4.510066 2.118948
v 3.671669 -4.510066 2.143066
v 3.655777 -4.510066 2.163777
v 3.635066 -4.510066 2.179669
v 3.610948 -4.510066 2.189659
v 3.610948 -3.576733 2.189659
v 3.610948 -4.043400 2.189659
v 3.635066 -3.576733 2.179669
v 3.635066 -4.043400 2.179669
v 3.655777 -3.576733 2.163777
v 3.655777 -4.043400 2.163777
v 3.671669 -3.576733 2.143066
v 3.671669 -4.043400 2.143066
v 3.681659 -3.576733 2.118948
v 3.681659 -4.043400 2.118948
v 1.008000 -4.510066 2.193066
v 1.008000 -3.110066 2.193066
v 3.662949 -4.510066 2.434291
v 3.736926 -4.510066 2.408405
v 3.803288 -4.510066 2.366707
v 3.858707 -4.510066 2.311288
v 3.900405 -4.510066 2.244926
v 3.926291 -4.510066 2.170949
v 3.935066 -4.075066 0.000000
vt 0.014142 0.012500 0.000000
vt -0.014142 0.012500 0.000000
vt 0.014142 -0.012500 0.000000
vt -0.014142 -0.012500 0.000000
vt -0.020000 0.012500 0.000000
vt -0.043500 0.012500 0.000000
vt -0.020000 -0.012500 0.000000
vt -0.043500 -0.012500 0.000000
vt -0.230000 0.070000 0.000000
vt -0.250000 0.050000 0.000000
vt -0.040693 0.070000 0.000000
vt -0.250000 0.026500 0.000000
vt -0.040693 -0.070000 0.000000
vt -0.250000 -0.026500 0.000000
vt -0.250000 -0.050000 0.000000
vt -0.580000 0.026500 0.000000
vt -0.600000 0.006500 0.000000
vt -0.600000 -0.006500 0.000000
vt -0.580000 -0.026500 0.000000
vt -0.230000 -0.070000 0.000000
vt 0.014142 0.012500 0.000000
vt -0.014142 0.012500 0.000000
vt 0.014142 -0.012500 0.000000
vt -0.014142 -0.012500 0.000000
vt -0.020000 0.012500 0.000000
vt -0.209307 0.012500 0.000000
vt -0.020000 -0.012500 0.000000
vt -0.209307 -0.012500 0.000000
vt 0.014142 0.012500 0.000000
vt -0.014142 0.012500 0.000000
vt 0.014142 -0.012500 0.000000
vt -0.014142 -0.012500 0.000000
vt -0.033000 -0.012500 0.000000
vt -0.020000 -0.012500 0.000000
vt -0.033000 0.012500 0.000000
vt -0.020000 0.012500 0.000000
vt 0.014142 0.012500 0.000000
vt -0.014142 0.012500 0.000000
vt 0.014142 -0.012500 0.000000
vt -0.014142 -0.012500 0.000000
vt 0.007707 0.070000 0.000000
vt -0.250000 0.070000 0.000000
vt 0.007707 -0.070000 0.000000
vt -0.250000 -0.070000 0.000000
vt 0.025000 -0.000000 0.000000
vt 0.024122 0.007788 0.000000
vt -0.000000 0.000000 0.000000
vt -0.000341 0.002588 0.000000
vt 0.021534 0.015186 0.000000
vt -0.001340 0.005000 0.000000
vt 0.017364 0.021822 0.000000
vt -0.002929 0.007071 0.000000
vt 0.011822 0.027364 0.000000
vt -0.005000 0.008660 0.000000
vt 0.005186 0.031534 0.000000
vt -0.007412 0.009659 0.000000
vt -0.002212 0.034122 0.000000
vt -0.010000 0.010000 0.000000
vt -0.010000 0.035000 0.000000
vt 0.070000 0.013090 0.000000
vt 0.070000 0.015708 0.000000
vt 0.023333 0.013090 0.000000
vt -0.070000 0.015708 0.000000
vt -0.023333 0.013090 0.000000
vt -0.070000 0.013090 0.000000
vt -0.023333 0.010472 0.000000
vt -0.070000 0.010472 0.000000
vt -0.023333 0.007854 0.000000
vt -0.070000 0.007854 0.000000
vt -0.023333 0.005236 0.000000
vt -0.070000 0.005236 0.000000
vt -0.023333 0.002618 0.000000
vt -0.070000 0.002618 0.000000
vt -0.070000 0.000000 0.000000
vt 0.070000 0.000000 0.000000
vt 0.023333 0.002618 0.000000
vt 0.023333 0.005236 0.000000
vt 0.023333 0.007854 0.000000
vt 0.023333 0.010472 0.000000
vt 0.070000 0.002618 0.000000
vt 0.070000 0.005236 0.000000
vt 0.070000 0.007854 0.000000
vt 0.070000 0.010472 0.000000
vt -0.242293 0.012500 0.000000
vt -0.500000 0.012500 0.000000
vt -0.242293 -0.012500 0.000000
vt -0.500000 -0.012500 0.000000
vt -0.257707 -0.012500 0.000000
vt -0.000000 -0.012500 0.000000
vt -0.257707 0.012500 0.000000
vt 0.000000 0.012500 0.000000
vt 0.070000 0.054978 0.000000
vt -0.070000 0.054978 0.000000
vt 0.070000 0.047124 0.000000
vt -0.070000 0.047124 0.000000
vt 0.070000 0.039270 0.000000
vt -0.070000 0.039270 0.000000
vt 0.070000 0.031416 0.000000
vt -0.070000 0.031416 0.000000
vt 0.070000 0.023562 0.000000
vt -0.070000 0.023562 0.000000
vt 0.070000 0.015708 0.000000
vt -0.070000 0.015708 0.000000
vt 0.070000 0.007854 0.000000
vt -0.070000 0.007854 0.000000
vt 0.070000 0.000000 0.000000
vt -0.070000 0.000000 0.000000
vt -0.020000 0.012500 0.000000
vt -0.350000 0.012500 0.000000
vt -0.020000 -0.012500 0.000000
vt -0.350000 -0.012500 0.000000
vt -0.330000 -0.012500 0.000000
vt -0.000000 -0.012500 0.000000
vt -0.330000 0.012500 0.000000
vt -0.000000 0.012500 0.000000
vt -0.007707 -0.070000 0.000000
vt 0.250000 -0.070000 0.000000
vt -0.007707 0.070000 0.000000
vt 0.250000 0.070000 0.000000
vt -0.140000 -0.012500 0.000000
vt -0.000000 -0.012500 0.000000
vt -0.140000 0.012500 0.000000
vt -0.000000 0.012500 0.000000
vt 0.000000 -0.000000 0.000000
vt 0.025000 -0.000000 0.000000
vt 0.000878 0.007788 0.000000
vt 0.025341 0.002588 0.000000
vt 0.003466 0.015186 0.000000
vt 0.026340 0.005000 0.000000
vt 0.007636 0.021822 0.000000
vt 0.027929 0.007071 0.000000
vt 0.013178 0.027364 0.000000
vt 0.030000 0.008660 0.000000
vt 0.019814 0.031534 0.000000
vt 0.032412 0.009659 0.000000
vt 0.027212 0.034122 0.000000
vt 0.035000 0.010000 0.000000
vt 0.035000 0.035000 0.000000
vt -0.120000 -0.012500 0.000000
vt -0.096500 -0.012500 0.000000
vt -0.120000 0.012500 0.000000
vt -0.096500 0.012500 0.000000
vt -0.480000 -0.012500 0.000000
vt -0.290693 -0.012500 0.000000
vt -0.480000 0.012500 0.000000
vt -0.290693 0.012500 0.000000
vt 0.230000 0.070000 0.000000
vt 0.040693 0.070000 0.000000
vt 0.250000 0.050000 0.000000
vt 0.250000 0.026500 0.000000
vt 0.040693 -0.070000 0.000000
vt 0.250000 -0.026500 0.000000
vt 0.250000 -0.050000 0.000000
vt 0.230000 -0.070000 0.000000
vt 0.580000 -0.026500 0.000000
vt 0.600000 -0.006500 0.000000
vt 0.600000 0.006500 0.000000
vt 0.580000 0.026500 0.000000
vn 0.000000 0.070711 -0.070711
vn 0.000000 0.070711 -0.070711
vn 0.000000 0.070711 -0.070711
vn 0.000000 0.070711 -0.070711
vn 0.000000 0.000000 -0.100000
vn 0.000000 0.000000 -0.100000
vn 0.000000 0.000000 -0.100000
vn 0.000000 0.000000 -0.100000
vn -0.100000 0.000000 0.000000
vn -0.100000 0.000000 0.000000
vn -0.100000 0.000000 0.000000
vn -0.100000 0.000000 0.000000
vn -0.100000 0.000000 0.000000
vn -0.100000 0.000000 0.000000
vn -0.100000 0.000000 0.000000
vn -0.100000 0.000000 0.000000
vn -0.100000 0.000000 0.000000
vn -0.100000 0.000000 0.000000
vn -0.100000 0.000000 0.000000
vn -0.100000 0.000000 0.000000
vn -0.000000 -0.070711 -0.070711
vn -0.000000 -0.070711 -0.070711
vn -0.000000 -0.070711 -0.070711
vn -0.000000 -0.070711 -0.070711
vn -0.000000 -0.100000 0.000000
vn -0.000000 -0.100000 0.000000
vn -0.000000 -0.100000 0.000000
vn -0.000000 -0.100000 0.000000
vn -0.000000 -0.070711 -0.070711
vn -0.000000 -0.070711 -0.070711
vn -0.000000 -0.070711 -0.070711
vn -0.000000 -0.070711 -0.070711
vn 0.000000 0.000000 -0.100000
vn 0.000000 0.000000 -0.100000
vn 0.000000 0.000000 -0.100000
vn 0.000000 0.000000 -0.100000
vn 0.000000 0.070711 -0.070711
vn 0.000000 0.070711 -0.070711
vn 0.000000 0.070711 -0.070711
vn 0.000000 0.070711 -0.070711
vn 0.000000 -0.000000 0.100000
vn 0.000000 -0.000000 0.100000
vn 0.000000 -0.000000 0.100000
vn 0.000000 -0.000000 0.100000
vn 0.000000 0.100000 0.000000
vn 0.000000 0.100000 0.000000
vn 0.000000 0.100000 0.000000
vn 0.000000 0.100000 0.000000
vn 0.000000 0.100000 0.000000
vn 0.000000 0.100000 0.000000
vn 0.000000 0.100000 0.000000
vn 0.000000 0.100000 0.000000
vn 0.000000 0.100000 0.000000
vn 0.000000 0.100000 0.000000
vn 0.000000 0.100000 0.000000
vn 0.000000 0.100000 0.000000
vn 0.000000 0.100000 0.000000
vn 0.000000 0.100000 0.000000
vn 0.000000 0.100000 0.000000
vn -0.025882 0.000000 -0.096593
vn -0.000000 0.000000 -0.100000
vn -0.025882 0.000000 -0.096593
vn -0.000000 0.000000 -0.100000
vn -0.025882 0.000000 -0.096593
vn -0.025882 0.000000 -0.096593
vn -0.050000 0.000000 -0.086603
vn -0.050000 0.000000 -0.086603
vn -0.070711 0.000000 -0.070711
vn -0.070711 0.000000 -0.070711
vn -0.086603 0.000000 -0.050000
vn -0.086603 0.000000 -0.050000
vn -0.096593 0.000000 -0.025882
vn -0.096593 0.000000 -0.025882
vn -0.096593 0.000000 -0.025882
vn -0.086603 0.000000 -0.050000
vn -0.070711 0.000000 -0.070711
vn -0.050000 0.000000 -0.086603
vn -0.096593 0.000000 -0.025882
vn -0.086603 0.000000 -0.050000
vn -0.070711 0.000000 -0.070711
vn -0.050000 0.000000 -0.086603
vn -0.000000 -0.100000 0.000000
vn -0.000000 -0.100000 0.000000
vn -0.000000 -0.100000 0.000000
vn -0.000000 -0.100000 0.000000
vn 0.000000 0.100000 0.000000
vn 0.000000 0.100000 0.000000
vn 0.022252 -0.000000 0.097493
vn 0.022252 -0.000000 0.097493
vn 0.043388 -0.000000 0.090097
vn 0.043388 -0.000000 0.090097
vn 0.062349 -0.000000 0.078183
vn 0.062349 -0.000000 0.078183
vn 0.078183 -0.000000 0.062349
vn 0.078183 -0.000000 0.062349
vn 0.090097 -0.000000 0.043388
vn 0.090097 -0.000000 0.043388
vn 0.097493 -0.000000 0.022252
vn 0.097493 -0.000000 0.022252
vn 0.100000 -0.000000 0.000000
vn 0.100000 -0.000000 0.000000
vn -0.000000 -0.100000 0.000000
vn -0.000000 -0.100000 0.000000
vn -0.000000 -0.100000 0.000000
vn -0.000000 -0.100000 0.000000
vn 0.000000 0.100000 0.000000
vn 0.000000 0.100000 0.000000
vn 0.000000 0.100000 0.000000
vn 0.000000 0.100000 0.000000
vn -0.000000 0.000000 -0.100000
vn -0.000000 0.000000 -0.100000
vn -0.100000 0.000000 0.000000
vn -0.100000 0.000000 0.000000
vn -0.100000 0.000000 0.000000
vn -0.100000 0.000000 0.000000
vn -0.000000 -0.100000 0.000000
vn -0.000000 -0.100000 0.000000
vn -0.000000 -0.100000 0.000000
vn -0.000000 -0.100000 0.000000
vn -0.000000 -0.100000 0.000000
vn -0.000000 -0.100000 0.000000
vn -0.000000 -0.100000 0.000000
vn -0.000000 -0.100000 0.000000
vn -0.000000 -0.100000 0.000000
vn -0.000000 -0.100000 0.000000
vn -0.000000 -0.100000 0.000000
vn 0.000000 0.000000 -0.100000
vn 0.000000 0.000000 -0.100000
vn 0.000000 0.000000 -0.100000
vn 0.000000 0.000000 -0.100000
vn 0.000000 0.100000 0.000000
vn 0.000000 0.100000 0.000000
vn 0.100000 -0.000000 -0.000000
vn 0.100000 -0.000000 -0.000000
vn 0.100000 -0.000000 -0.000000
vn 0.100000 -0.000000 -0.000000
vn 0.100000 -0.000000 -0.000000
vn 0.100000 -0.000000 -0.000000
vn 0.100000 -0.000000 -0.000000
vn 0.100000 -0.000000 -0.000000
vn 0.100000 -0.000000 -0.000000
vn 0.100000 -0.000000 -0.000000
f 1771/2991/2783 1772/2992/2784 1774/2993/2785
f 1774/2993/2785 1772/2992/2784 1773/2994/2786
f 1772/2995/2787 1775/2996/2788 1773/2997/2789
f 1773/2997/2789 1775/2996/2788 1776/2998/2790
f 1774/2999/2791 1773/3000/2792 1785/3001/2793
f 1785/3001/2793 1773/3000/2792 1776/3002/2794
f 1785/3001/2793 1776/3002/2794 1784/3003/2795
f 1784/3003/2795 1776/3002/2794 1781/3004/2796
f 1784/3003/2795 1781/3004/2796 1782/3005/2797
f 1777/3006/2798 1778/3007/2799 1776/3002/2794
f 1776/3002/2794 1778/3007/2799 1781/3004/2796
f 1778/3007/2799 1779/3008/2800 1781/3004/2796
f 1781/3004/2796 1779/3008/2800 1780/3009/2801
f 1782/3005/2797 1783/3010/2802 1784/3003/2795
f 1786/3011/2803 1787/3012/2804 1782/3013/2805
f 1782/3013/2805 1787/3012/2804 1783/3014/2806
f 1787/3015/2807 1788/3016/2808 1783/3017/2809
f 1783/3017/2809 1788/3016/2808 1784/3018/2810
f 1789/3019/2811 1790/3020/2812 1779/3021/2813
f 1779/3021/2813 1790/3020/2812 1780/3022/2814
f 1779/3023/2815 1778/3024/2816 1789/3025/2817
f 1789/3025/2817 1778/3024/2816 1791/3026/2818
f 1792/3027/2819 1791/3028/2820 1777/3029/2821
f 1777/3029/2821 1791/3028/2820 1778/3030/2822
f 1794/3031/2823 1795/3032/2824 1793/3033/2825
f 1793/3033/2825 1795/3032/2824 1796/3034/2826
f 1794/3035/2827 1798/3036/2828 1797/3037/2829
f 1797/3037/2829 1798/3036/2828 1809/3038/2830
f 1809/3038/2830 1798/3036/2828 1799/3039/2831
f 1809/3038/2830 1799/3039/2831 1808/3040/2832
f 1808/3040/2832 1799/3039/2831 1800/3041/2833
f 1808/3040/2832 1800/3041/2833 1807/3042/2834
f 1807/3042/2834 1800/3041/2833 1801/3043/2835
f 1807/3042/2834 1801/3043/2835 1806/3044/2836
f 1806/3044/2836 1801/3043/2835 1802/3045/2837
f 1806/3044/2836 1802/3045/2837 1805/3046/2838
f 1805/3046/2838 1802/3045/2837 1803/3047/2839
f 1805/3046/2838 1803/3047/2839 1785/3048/2840
f 1785/3048/2840 1803/3047/2839 1804/3049/2841
f 1815/3050/2842 1810/3051/2843 1817/3052/2844
f 1817/3052/2844 1810/3051/2843 1797/3053/2845
f 1817/3052/2844 1797/3053/2845 1816/3054/2846
f 1816/3054/2846 1797/3053/2845 1809/3055/2847
f 1816/3054/2846 1809/3055/2847 1818/3056/2848
f 1818/3056/2848 1809/3055/2847 1808/3057/2849
f 1818/3056/2848 1808/3057/2849 1820/3058/2850
f 1820/3058/2850 1808/3057/2849 1807/3059/2851
f 1820/3058/2850 1807/3059/2851 1822/3060/2852
f 1822/3060/2852 1807/3059/2851 1806/3061/2853
f 1822/3060/2852 1806/3061/2853 1824/3062/2854
f 1824/3062/2854 1806/3061/2853 1805/3063/2855
f 1824/3062/2854 1805/3063/2855 1785/3064/2793
f 1785/3064/2793 1784/3065/2795 1824/3062/2854
f 1824/3062/2854 1784/3065/2795 1825/3066/2856
f 1824/3062/2854 1825/3066/2856 1822/3060/2852
f 1822/3060/2852 1825/3066/2856 1823/3067/2857
f 1822/3060/2852 1823/3067/2857 1820/3058/2850
f 1820/3058/2850 1823/3067/2857 1821/3068/2858
f 1820/3058/2850 1821/3068/2858 1818/3056/2848
f 1818/3056/2848 1821/3068/2858 1819/3069/2859
f 1818/3056/2848 1819/3069/2859 1816/3054/2846
f 1816/3054/2846 1819/3069/2859 1817/3052/2844
f 1784/3065/2795 1811/3070/2860 1825/3066/2856
f 1825/3066/2856 1811/3070/2860 1823/3067/2857
f 1811/3070/2860 1812/3071/2861 1823/3067/2857
f 1823/3067/2857 1812/3071/2861 1821/3068/2858
f 1812/3071/2861 1813/3072/2862 1821/3068/2858
f 1821/3068/2858 1813/3072/2862 1819/3069/2859
f 1813/3072/2862 1814/3073/2863 1819/3069/2859
f 1819/3069/2859 1814/3073/2863 1817/3052/2844
f 1814/3073/2863 1815/3050/2842 1817/3052/2844
f 1793/3074/2864 1796/3075/2865 1810/3076/2866
f 1810/3076/2866 1796/3075/2865 1826/3077/2867
f 1797/3078/2829 1827/3079/2868 1794/3080/2827
f 1794/3080/2827 1827/3079/2868 1795/3081/2869
f 1794/3082/2823 1793/3083/2825 1798/3084/2870
f 1798/3084/2870 1793/3083/2825 1828/3085/2871
f 1798/3084/2870 1828/3085/2871 1799/3086/2872
f 1799/3086/2872 1828/3085/2871 1829/3087/2873
f 1799/3086/2872 1829/3087/2873 1800/3088/2874
f 1800/3088/2874 1829/3087/2873 1830/3089/2875
f 1800/3088/2874 1830/3089/2875 1801/3090/2876
f 1801/3090/2876 1830/3089/2875 1831/3091/2877
f 1801/3090/2876 1831/3091/2877 1802/3092/2878
f 1802/3092/2878 1831/3091/2877 1832/3093/2879
f 1802/3092/2878 1832/3093/2879 1803/3094/2880
f 1803/3094/2880 1832/3093/2879 1833/3095/2881
f 1803/3094/2880 1833/3095/2881 1804/3096/2882
f 1804/3096/2882 1833/3095/2881 1788/3097/2883
f 1790/3098/2884 1834/3099/2885 1780/3100/2886
f 1780/3100/2886 1834/3099/2885 1781/3101/2887
f 1777/3102/2888 1776/3103/2889 1792/3104/2890
f 1792/3104/2890 1776/3103/2889 1775/3105/2891
f 1810/3106/2843 1826/3107/2892 1797/3108/2845
f 1797/3108/2845 1826/3107/2892 1827/3109/2893
f 1827/3110/2894 1826/3111/2895 1795/3112/2896
f 1795/3112/2896 1826/3111/2895 1796/3113/2897
f 1793/3114/2864 1810/3115/2866 1828/3116/2898
f 1828/3116/2898 1810/3115/2866 1815/3117/2899
f 1828/3116/2898 1815/3117/2899 1829/3118/2900
f 1829/3118/2900 1815/3117/2899 1814/3119/2901
f 1829/3118/2900 1814/3119/2901 1830/3120/2902
f 1830/3120/2902 1814/3119/2901 1813/3121/2903
f 1830/3120/2902 1813/3121/2903 1831/3122/2904
f 1831/3122/2904 1813/3121/2903 1812/3123/2905
f 1831/3122/2904 1812/3123/2905 1832/3124/2906
f 1832/3124/2906 1812/3123/2905 1811/3125/2907
f 1832/3124/2906 1811/3125/2907 1833/3126/2908
f 1833/3126/2908 1811/3125/2907 1784/3127/2810
f 1833/3126/2908 1784/3127/2810 1788/3128/2808
f 1782/3129/2909 1781/3130/2910 1786/3131/2911
f 1786/3131/2911 1781/3130/2910 1834/3132/2912
f 1774/3133/2913 1785/3134/2840 1771/3135/2914
f 1771/3135/2914 1785/3134/2840 1804/3136/2841
f 1771/3137/2915 1804/3138/2882 1772/3139/2916
f 1772/3139/2916 1804/3138/2882 1775/3140/2917
f 1775/3140/2917 1804/3138/2882 1788/3141/2883
f 1775/3140/2917 1788/3141/2883 1834/3142/2918
f 1834/3142/2918 1788/3141/2883 1786/3143/2919
f 1786/3143/2919 1788/3141/2883 1787/3144/2920
f 1790/3145/2921 1789/3146/2922 1834/3142/2918
f 1834/3142/2918 1789/3146/2922 1791/3147/2923
f 1834/3142/2918 1791/3147/2923 1775/3140/2917
f 1775/3140/2917 1791/3147/2923 1792/3148/2924
g Body5:1

v 3.935066 7.049934 0.200000
v 3.935066 6.849934 0.000000
v 3.685066 6.849934 0.000000
v 3.685066 7.049934 0.200000
v 3.935066 6.614934 0.000000
v 3.685066 6.614934 0.000000
v 3.685066 6.614934 -3.300000
v 3.685066 6.414934 -3.500000
v 3.685066 6.284934 -3.500000
v 3.685066 6.084934 -3.300000
v 3.685066 6.084934 0.000000
v 3.685066 5.849934 0.000000
v 3.685066 5.649934 0.200000
v 3.685066 5.649934 2.093066
v 3.685066 7.049934 2.093066
v 3.935066 5.849934 0.000000
v 3.935066 5.649934 0.200000
v 3.935066 5.649934 2.093066
v 3.935066 6.284934 -3.500000
v 3.935066 6.084934 -3.300000
v 3.935066 6.414934 -3.500000
v 3.935066 6.614934 -3.300000
v 3.585066 5.649934 2.443066
v 3.585066 7.049934 2.443066
v 1.008000 7.049934 2.443066
v 1.008000 5.649934 2.443066
v 3.585066 7.049934 2.193066
v 3.662949 7.049934 2.434291
v 3.736926 7.049934 2.408405
v 3.803288 7.049934 2.366707
v 3.858707 7.049934 2.311288
v 3.900405 7.049934 2.244926
v 3.926291 7.049934 2.170949
v 3.935066 7.049934 2.093066
v 3.681659 7.049934 2.118948
v 3.671669 7.049934 2.143066
v 3.655777 7.049934 2.163777
v 3.635066 7.049934 2.179669
v 3.610948 7.049934 2.189659
v 3.585066 5.649934 2.193066
v 3.681659 5.649934 2.118948
v 3.671669 5.649934 2.143066
v 3.655777 5.649934 2.163777
v 3.635066 5.649934 2.179669
v 3.610948 5.649934 2.189659
v 3.610948 6.583267 2.189659
v 3.610948 6.116600 2.189659
v 3.635066 6.583267 2.179669
v 3.635066 6.116600 2.179669
v 3.655777 6.583267 2.163777
v 3.655777 6.116600 2.163777
v 3.671669 6.583267 2.143066
v 3.671669 6.116600 2.143066
v 3.681659 6.583267 2.118948
v 3.681659 6.116600 2.118948
v 1.008000 5.649934 2.193066
v 1.008000 7.049934 2.193066
v 3.662949 5.649934 2.434291
v 3.736926 5.649934 2.408405
v 3.803288 5.649934 2.366707
v 3.858707 5.649934 2.311288
v 3.900405 5.649934 2.244926
v 3.926291 5.649934 2.170949
v 3.935066 6.084934 0.000000
vt 0.014142 0.012500 0.000000
vt -0.014142 0.012500 0.000000
vt 0.014142 -0.012500 0.000000
vt -0.014142 -0.012500 0.000000
vt -0.020000 0.012500 0.000000
vt -0.043500 0.012500 0.000000
vt -0.020000 -0.012500 0.000000
vt -0.043500 -0.012500 0.000000
vt -0.230000 0.070000 0.000000
vt -0.250000 0.050000 0.000000
vt -0.040693 0.070000 0.000000
vt -0.250000 0.026500 0.000000
vt -0.040693 -0.070000 0.000000
vt -0.250000 -0.026500 0.000000
vt -0.250000 -0.050000 0.000000
vt -0.580000 0.026500 0.000000
vt -0.600000 0.006500 0.000000
vt -0.600000 -0.006500 0.000000
vt -0.580000 -0.026500 0.000000
vt -0.230000 -0.070000 0.000000
vt 0.014142 0.012500 0.000000
vt -0.014142 0.012500 0.000000
vt 0.014142 -0.012500 0.000000
vt -0.014142 -0.012500 0.000000
vt -0.020000 0.012500 0.000000
vt -0.209307 0.012500 0.000000
vt -0.020000 -0.012500 0.000000
vt -0.209307 -0.012500 0.000000
vt 0.014142 0.012500 0.000000
vt -0.014142 0.012500 0.000000
vt 0.014142 -0.012500 0.000000
vt -0.014142 -0.012500 0.000000
vt -0.033000 -0.012500 0.000000
vt -0.020000 -0.012500 0.000000
vt -0.033000 0.012500 0.000000
vt -0.020000 0.012500 0.000000
vt 0.014142 0.012500 0.000000
vt -0.014142 0.012500 0.000000
vt 0.014142 -0.012500 0.000000
vt -0.014142 -0.012500 0.000000
vt 0.007707 0.070000 0.000000
vt -0.250000 0.070000 0.000000
vt 0.007707 -0.070000 0.000000
vt -0.250000 -0.070000 0.000000
vt 0.025000 -0.000000 0.000000
vt 0.024122 0.007788 0.000000
vt -0.000000 0.000000 0.000000
vt -0.000341 0.002588 0.000000
vt 0.021534 0.015186 0.000000
vt -0.001340 0.005000 0.000000
vt 0.017364 0.021822 0.000000
vt -0.002929 0.007071 0.000000
vt 0.011822 0.027364 0.000000
vt -0.005000 0.008660 0.000000
vt 0.005186 0.031534 0.000000
vt -0.007412 0.009659 0.000000
vt -0.002212 0.034122 0.000000
vt -0.010000 0.010000 0.000000
vt -0.010000 0.035000 0.000000
vt 0.070000 0.013090 0.000000
vt 0.070000 0.015708 0.000000
vt 0.023333 0.013090 0.000000
vt -0.070000 0.015708 0.000000
vt -0.023333 0.013090 0.000000
vt -0.070000 0.013090 0.000000
vt -0.023333 0.010472 0.000000
vt -0.070000 0.010472 0.000000
vt -0.023333 0.007854 0.000000
vt -0.070000 0.007854 0.000000
vt -0.023333 0.005236 0.000000
vt -0.070000 0.005236 0.000000
vt -0.023333 0.002618 0.000000
vt -0.070000 0.002618 0.000000
vt -0.070000 0.000000 0.000000
vt 0.070000 0.000000 0.000000
vt 0.023333 0.002618 0.000000
vt 0.023333 0.005236 0.000000
vt 0.023333 0.007854 0.000000
vt 0.023333 0.010472 0.000000
vt 0.070000 0.002618 0.000000
vt 0.070000 0.005236 0.000000
vt 0.070000 0.007854 0.000000
vt 0.070000 0.010472 0.000000
vt -0.242293 0.012500 0.000000
vt -0.500000 0.012500 0.000000
vt -0.242293 -0.012500 0.000000
vt -0.500000 -0.012500 0.000000
vt -0.257707 -0.012500 0.000000
vt -0.000000 -0.012500 0.000000
vt -0.257707 0.012500 0.000000
vt 0.000000 0.012500 0.000000
vt 0.070000 0.054978 0.000000
vt -0.070000 0.054978 0.000000
vt 0.070000 0.047124 0.000000
vt -0.070000 0.047124 0.000000
vt 0.070000 0.039270 0.000000
vt -0.070000 0.039270 0.000000
vt 0.070000 0.031416 0.000000
vt -0.070000 0.031416 0.000000
vt 0.070000 0.023562 0.000000
vt -0.070000 0.023562 0.000000
vt 0.070000 0.015708 0.000000
vt -0.070000 0.015708 0.000000
vt 0.070000 0.007854 0.000000
vt -0.070000 0.007854 0.000000
vt 0.070000 0.000000 0.000000
vt -0.070000 0.000000 0.000000
vt -0.020000 0.012500 0.000000
vt -0.350000 0.012500 0.000000
vt -0.020000 -0.012500 0.000000
vt -0.350000 -0.012500 0.000000
vt -0.330000 -0.012500 0.000000
vt -0.000000 -0.012500 0.000000
vt -0.330000 0.012500 0.000000
vt -0.000000 0.012500 0.000000
vt -0.007707 -0.070000 0.000000
vt 0.250000 -0.070000 0.000000
vt -0.007707 0.070000 0.000000
vt 0.250000 0.070000 0.000000
vt -0.140000 -0.012500 0.000000
vt -0.000000 -0.012500 0.000000
vt -0.140000 0.012500 0.000000
vt -0.000000 0.012500 0.000000
vt 0.000000 -0.000000 0.000000
vt 0.025000 -0.000000 0.000000
vt 0.000878 0.007788 0.000000
vt 0.025341 0.002588 0.000000
vt 0.003466 0.015186 0.000000
vt 0.026340 0.005000 0.000000
vt 0.007636 0.021822 0.000000
vt 0.027929 0.007071 0.000000
vt 0.013178 0.027364 0.000000
vt 0.030000 0.008660 0.000000
vt 0.019814 0.031534 0.000000
vt 0.032412 0.009659 0.000000
vt 0.027212 0.034122 0.000000
vt 0.035000 0.010000 0.000000
vt 0.035000 0.035000 0.000000
vt -0.120000 -0.012500 0.000000
vt -0.096500 -0.012500 0.000000
vt -0.120000 0.012500 0.000000
vt -0.096500 0.012500 0.000000
vt -0.480000 -0.012500 0.000000
vt -0.290693 -0.012500 0.000000
vt -0.480000 0.012500 0.000000
vt -0.290693 0.012500 0.000000
vt 0.230000 0.070000 0.000000
vt 0.040693 0.070000 0.000000
vt 0.250000 0.050000 0.000000
vt 0.250000 0.026500 0.000000
vt 0.040693 -0.070000 0.000000
vt 0.250000 -0.026500 0.000000
vt 0.250000 -0.050000 0.000000
vt 0.230000 -0.070000 0.000000
vt 0.580000 -0.026500 0.000000
vt 0.600000 -0.006500 0.000000
vt 0.600000 0.006500 0.000000
vt 0.580000 0.026500 0.000000
vn 0.000000 0.070711 -0.070711
vn 0.000000 0.070711 -0.070711
vn 0.000000 0.070711 -0.070711
vn 0.000000 0.070711 -0.070711
vn 0.000000 0.000000 -0.100000
vn 0.000000 0.000000 -0.100000
vn 0.000000 0.000000 -0.100000
vn 0.000000 0.000000 -0.100000
vn -0.100000 0.000000 0.000000
vn -0.100000 0.000000 0.000000
vn -0.100000 0.000000 0.000000
vn -0.100000 0.000000 0.000000
vn -0.100000 0.000000 0.000000
vn -0.100000 0.000000 0.000000
vn -0.100000 0.000000 0.000000
vn -0.100000 0.000000 0.000000
vn -0.100000 0.000000 0.000000
vn -0.100000 0.000000 0.000000
vn -0.100000 0.000000 0.000000
vn -0.100000 0.000000 0.000000
vn -0.000000 -0.070711 -0.070711
vn -0.000000 -0.070711 -0.070711
vn -0.000000 -0.070711 -0.070711
vn -0.000000 -0.070711 -0.070711
vn -0.000000 -0.100000 0.000000
vn -0.000000 -0.100000 0.000000
vn -0.000000 -0.100000 0.000000
vn -0.000000 -0.100000 0.000000
vn -0.000000 -0.070711 -0.070711
vn -0.000000 -0.070711 -0.070711
vn -0.000000 -0.070711 -0.070711
vn -0.000000 -0.070711 -0.070711
vn 0.000000 0.000000 -0.100000
vn 0.000000 0.000000 -0.100000
vn 0.000000 0.000000 -0.100000
vn 0.000000 0.000000 -0.100000
vn 0.000000 0.070711 -0.070711
vn 0.000000 0.070711 -0.070711
vn 0.000000 0.070711 -0.070711
vn 0.000000 0.070711 -0.070711
vn 0.000000 -0.000000 0.100000
vn 0.000000 -0.000000 0.100000
vn 0.000000 -0.000000 0.100000
vn 0.000000 -0.000000 0.100000
vn 0.000000 0.100000 0.000000
vn 0.000000 0.100000 0.000000
vn 0.000000 0.100000 0.000000
vn 0.000000 0.100000 0.000000
vn 0.000000 0.100000 0.000000
vn 0.000000 0.100000 0.000000
vn 0.000000 0.100000 0.000000
vn 0.000000 0.100000 0.000000
vn 0.000000 0.100000 0.000000
vn 0.000000 0.100000 0.000000
vn 0.000000 0.100000 0.000000
vn 0.000000 0.100000 0.000000
vn 0.000000 0.100000 0.000000
vn 0.000000 0.100000 0.000000
vn 0.000000 0.100000 0.000000
vn -0.025882 0.000000 -0.096593
vn -0.000000 0.000000 -0.100000
vn -0.025882 0.000000 -0.096593
vn -0.000000 0.000000 -0.100000
vn -0.025882 0.000000 -0.096593
vn -0.025882 0.000000 -0.096593
vn -0.050000 0.000000 -0.086603
vn -0.050000 0.000000 -0.086603
vn -0.070711 0.000000 -0.070711
vn -0.070711 0.000000 -0.070711
vn -0.086603 0.000000 -0.050000
vn -0.086603 0.000000 -0.050000
vn -0.096593 0.000000 -0.025882
vn -0.096593 0.000000 -0.025882
vn -0.096593 0.000000 -0.025882
vn -0.086603 0.000000 -0.050000
vn -0.070711 0.000000 -0.070711
vn -0.050000 0.000000 -0.086603
vn -0.096593 0.000000 -0.025882
vn -0.086603 0.000000 -0.050000
vn -0.070711 0.000000 -0.070711
vn -0.050000 0.000000 -0.086603
vn -0.000000 -0.100000 0.000000
vn -0.000000 -0.100000 0.000000
vn -0.000000 -0.100000 0.000000
vn -0.000000 -0.100000 0.000000
vn 0.000000 0.100000 0.000000
vn 0.000000 0.100000 0.000000
vn 0.022252 -0.000000 0.097493
vn 0.022252 -0.000000 0.097493
vn 0.043388 -0.000000 0.090097
vn 0.043388 -0.000000 0.090097
vn 0.062349 -0.000000 0.078183
vn 0.062349 -0.000000 0.078183
vn 0.078183 -0.000000 0.062349
vn 0.078183 -0.000000 0.062349
vn 0.090097 -0.000000 0.043388
vn 0.090097 -0.000000 0.043388
vn 0.097493 -0.000000 0.022252
vn 0.097493 -0.000000 0.022252
vn 0.100000 -0.000000 0.000000
vn 0.100000 -0.000000 0.000000
vn -0.000000 -0.100000 0.000000
vn -0.000000 -0.100000 0.000000
vn -0.000000 -0.100000 0.000000
vn -0.000000 -0.100000 0.000000
vn 0.000000 0.100000 0.000000
vn 0.000000 0.100000 0.000000
vn 0.000000 0.100000 0.000000
vn 0.000000 0.100000 0.000000
vn -0.000000 0.000000 -0.100000
vn -0.000000 0.000000 -0.100000
vn -0.100000 0.000000 0.000000
vn -0.100000 0.000000 0.000000
vn -0.100000 0.000000 0.000000
vn -0.100000 0.000000 0.000000
vn -0.000000 -0.100000 0.000000
vn -0.000000 -0.100000 0.000000
vn -0.000000 -0.100000 0.000000
vn -0.000000 -0.100000 0.000000
vn -0.000000 -0.100000 0.000000
vn -0.000000 -0.100000 0.000000
vn -0.000000 -0.100000 0.000000
vn -0.000000 -0.100000 0.000000
vn -0.000000 -0.100000 0.000000
vn -0.000000 -0.100000 0.000000
vn -0.000000 -0.100000 0.000000
vn 0.000000 0.000000 -0.100000
vn 0.000000 0.000000 -0.100000
vn 0.000000 0.000000 -0.100000
vn 0.000000 0.000000 -0.100000
vn 0.000000 0.100000 0.000000
vn 0.000000 0.100000 0.000000
vn 0.100000 -0.000000 -0.000000
vn 0.100000 -0.000000 -0.000000
vn 0.100000 -0.000000 -0.000000
vn 0.100000 -0.000000 -0.000000
vn 0.100000 -0.000000 -0.000000
vn 0.100000 -0.000000 -0.000000
vn 0.100000 -0.000000 -0.000000
vn 0.100000 -0.000000 -0.000000
vn 0.100000 -0.000000 -0.000000
vn 0.100000 -0.000000 -0.000000
f 1835/3149/2925 1836/3150/2926 1838/3151/2927
f 1838/3151/2927 1836/3150/2926 1837/3152/2928
f 1836/3153/2929 1839/3154/2930 1837/3155/2931
f 1837/3155/2931 1839/3154/2930 1840/3156/2932
f 1838/3157/2933 1837/3158/2934 1849/3159/2935
f 1849/3159/2935 1837/3158/2934 1840/3160/2936
f 1849/3159/2935 1840/3160/2936 1848/3161/2937
f 1848/3161/2937 1840/3160/2936 1845/3162/2938
f 1848/3161/2937 1845/3162/2938 1846/3163/2939
f 1841/3164/2940 1842/3165/2941 1840/3160/2936
f 1840/3160/2936 1842/3165/2941 1845/3162/2938
f 1842/3165/2941 1843/3166/2942 1845/3162/2938
f 1845/3162/2938 1843/3166/2942 1844/3167/2943
f 1846/3163/2939 1847/3168/2944 1848/3161/2937
f 1850/3169/2945 1851/3170/2946 1846/3171/2947
f 1846/3171/2947 1851/3170/2946 1847/3172/2948
f 1851/3173/2949 1852/3174/2950 1847/3175/2951
f 1847/3175/2951 1852/3174/2950 1848/3176/2952
f 1853/3177/2953 1854/3178/2954 1843/3179/2955
f 1843/3179/2955 1854/3178/2954 1844/3180/2956
f 1843/3181/2957 1842/3182/2958 1853/3183/2959
f 1853/3183/2959 1842/3182/2958 1855/3184/2960
f 1856/3185/2961 1855/3186/2962 1841/3187/2963
f 1841/3187/2963 1855/3186/2962 1842/3188/2964
f 1858/3189/2965 1859/3190/2966 1857/3191/2967
f 1857/3191/2967 1859/3190/2966 1860/3192/2968
f 1858/3193/2969 1862/3194/2970 1861/3195/2971
f 1861/3195/2971 1862/3194/2970 1873/3196/2972
f 1873/3196/2972 1862/3194/2970 1863/3197/2973
f 1873/3196/2972 1863/3197/2973 1872/3198/2974
f 1872/3198/2974 1863/3197/2973 1864/3199/2975
f 1872/3198/2974 1864/3199/2975 1871/3200/2976
f 1871/3200/2976 1864/3199/2975 1865/3201/2977
f 1871/3200/2976 1865/3201/2977 1870/3202/2978
f 1870/3202/2978 1865/3201/2977 1866/3203/2979
f 1870/3202/2978 1866/3203/2979 1869/3204/2980
f 1869/3204/2980 1866/3203/2979 1867/3205/2981
f 1869/3204/2980 1867/3205/2981 1849/3206/2982
f 1849/3206/2982 1867/3205/2981 1868/3207/2983
f 1879/3208/2984 1874/3209/2985 1881/3210/2986
f 1881/3210/2986 1874/3209/2985 1861/3211/2987
f 1881/3210/2986 1861/3211/2987 1880/3212/2988
f 1880/3212/2988 1861/3211/2987 1873/3213/2989
f 1880/3212/2988 1873/3213/2989 1882/3214/2990
f 1882/3214/2990 1873/3213/2989 1872/3215/2991
f 1882/3214/2990 1872/3215/2991 1884/3216/2992
f 1884/3216/2992 1872/3215/2991 1871/3217/2993
f 1884/3216/2992 1871/3217/2993 1886/3218/2994
f 1886/3218/2994 1871/3217/2993 1870/3219/2995
f 1886/3218/2994 1870/3219/2995 1888/3220/2996
f 1888/3220/2996 1870/3219/2995 1869/3221/2997
f 1888/3220/2996 1869/3221/2997 1849/3222/2935
f 1849/3222/2935 1848/3223/2937 1888/3220/2996
f 1888/3220/2996 1848/3223/2937 1889/3224/2998
f 1888/3220/2996 1889/3224/2998 1886/3218/2994
f 1886/3218/2994 1889/3224/2998 1887/3225/2999
f 1886/3218/2994 1887/3225/2999 1884/3216/2992
f 1884/3216/2992 1887/3225/2999 1885/3226/3000
f 1884/3216/2992 1885/3226/3000 1882/3214/2990
f 1882/3214/2990 1885/3226/3000 1883/3227/3001
f 1882/3214/2990 1883/3227/3001 1880/3212/2988
f 1880/3212/2988 1883/3227/3001 1881/3210/2986
f 1848/3223/2937 1875/3228/3002 1889/3224/2998
f 1889/3224/2998 1875/3228/3002 1887/3225/2999
f 1875/3228/3002 1876/3229/3003 1887/3225/2999
f 1887/3225/2999 1876/3229/3003 1885/3226/3000
f 1876/3229/3003 1877/3230/3004 1885/3226/3000
f 1885/3226/3000 1877/3230/3004 1883/3227/3001
f 1877/3230/3004 1878/3231/3005 1883/3227/3001
f 1883/3227/3001 1878/3231/3005 1881/3210/2986
f 1878/3231/3005 1879/3208/2984 1881/3210/2986
f 1857/3232/3006 1860/3233/3007 1874/3234/3008
f 1874/3234/3008 1860/3233/3007 1890/3235/3009
f 1861/3236/2971 1891/3237/3010 1858/3238/2969
f 1858/3238/2969 1891/3237/3010 1859/3239/3011
f 1858/3240/2965 1857/3241/2967 1862/3242/3012
f 1862/3242/3012 1857/3241/2967 1892/3243/3013
f 1862/3242/3012 1892/3243/3013 1863/3244/3014
f 1863/3244/3014 1892/3243/3013 1893/3245/3015
f 1863/3244/3014 1893/3245/3015 1864/3246/3016
f 1864/3246/3016 1893/3245/3015 1894/3247/3017
f 1864/3246/3016 1894/3247/3017 1865/3248/3018
f 1865/3248/3018 1894/3247/3017 1895/3249/3019
f 1865/3248/3018 1895/3249/3019 1866/3250/3020
f 1866/3250/3020 1895/3249/3019 1896/3251/3021
f 1866/3250/3020 1896/3251/3021 1867/3252/3022
f 1867/3252/3022 1896/3251/3021 1897/3253/3023
f 1867/3252/3022 1897/3253/3023 1868/3254/3024
f 1868/3254/3024 1897/3253/3023 1852/3255/3025
f 1854/3256/3026 1898/3257/3027 1844/3258/3028
f 1844/3258/3028 1898/3257/3027 1845/3259/3029
f 1841/3260/3030 1840/3261/3031 1856/3262/3032
f 1856/3262/3032 1840/3261/3031 1839/3263/3033
f 1874/3264/2985 1890/3265/3034 1861/3266/2987
f 1861/3266/2987 1890/3265/3034 1891/3267/3035
f 1891/3268/3036 1890/3269/3037 1859/3270/3038
f 1859/3270/3038 1890/3269/3037 1860/3271/3039
f 1857/3272/3006 1874/3273/3008 1892/3274/3040
f 1892/3274/3040 1874/3273/3008 1879/3275/3041
f 1892/3274/3040 1879/3275/3041 1893/3276/3042
f 1893/3276/3042 1879/3275/3041 1878/3277/3043
f 1893/3276/3042 1878/3277/3043 1894/3278/3044
f 1894/3278/3044 1878/3277/3043 1877/3279/3045
f 1894/3278/3044 1877/3279/3045 1895/3280/3046
f 1895/3280/3046 1877/3279/3045 1876/3281/3047
f 1895/3280/3046 1876/3281/3047 1896/3282/3048
f 1896/3282/3048 1876/3281/3047 1875/3283/3049
f 1896/3282/3048 1875/3283/3049 1897/3284/3050
f 1897/3284/3050 1875/3283/3049 1848/3285/2952
f 1897/3284/3050 1848/3285/2952 1852/3286/2950
f 1846/3287/3051 1845/3288/3052 1850/3289/3053
f 1850/3289/3053 1845/3288/3052 1898/3290/3054
f 1838/3291/3055 1849/3292/2982 1835/3293/3056
f 1835/3293/3056 1849/3292/2982 1868/3294/2983
f 1835/3295/3057 1868/3296/3024 1836/3297/3058
f 1836/3297/3058 1868/3296/3024 1839/3298/3059
f 1839/3298/3059 1868/3296/3024 1852/3299/3025
f 1839/3298/3059 1852/3299/3025 1898/3300/3060
f 1898/3300/3060 1852/3299/3025 1850/3301/3061
f 1850/3301/3061 1852/3299/3025 1851/3302/3062
f 1854/3303/3063 1853/3304/3064 1898/3300/3060
f 1898/3300/3060 1853/3304/3064 1855/3305/3065
f 1898/3300/3060 1855/3305/3065 1839/3298/3059
f 1839/3298/3059 1855/3305/3065 1856/3306/3066
g Body6:1

v 3.935066 -5.650066 0.200000
v 3.935066 -5.850066 0.000000
v 3.685066 -5.850066 0.000000
v 3.685066 -5.650066 0.200000
v 3.935066 -6.085066 0.000000
v 3.685066 -6.085066 0.000000
v 3.685066 -6.085066 -3.300000
v 3.685066 -6.285066 -3.500000
v 3.685066 -6.415066 -3.500000
v 3.685066 -6.615066 -3.300000
v 3.685066 -6.615066 0.000000
v 3.685066 -6.850066 0.000000
v 3.685066 -7.050066 0.200000
v 3.685066 -7.050066 2.093066
v 3.685066 -5.650066 2.093066
v 3.935066 -6.850066 0.000000
v 3.935066 -7.050066 0.200000
v 3.935066 -7.050066 2.093066
v 3.935066 -6.415066 -3.500000
v 3.935066 -6.615066 -3.300000
v 3.935066 -6.285066 -3.500000
v 3.935066 -6.085066 -3.300000
v 3.585066 -7.050066 2.443066
v 3.585066 -5.650066 2.443066
v 1.008000 -5.650066 2.443066
v 1.008000 -7.050066 2.443066
v 3.585066 -5.650066 2.193066
v 3.662949 -5.650066 2.434291
v 3.736926 -5.650066 2.408405
v 3.803288 -5.650066 2.366707
v 3.858707 -5.650066 2.311288
v 3.900405 -5.650066 2.244926
v 3.926291 -5.650066 2.170949
v 3.935066 -5.650066 2.093066
v 3.681659 -5.650066 2.118948
v 3.671669 -5.650066 2.143066
v 3.655777 -5.650066 2.163777
v 3.635066 -5.650066 2.179669
v 3.610948 -5.650066 2.189659
v 3.585066 -7.050066 2.193066
v 3.681659 -7.050066 2.118948
v 3.671669 -7.050066 2.143066
v 3.655777 -7.050066 2.163777
v 3.635066 -7.050066 2.179669
v 3.610948 -7.050066 2.189659
v 3.610948 -6.116733 2.189659
v 3.610948 -6.583400 2.189659
v 3.635066 -6.116733 2.179669
v 3.635066 -6.583400 2.179669
v 3.655777 -6.116733 2.163777
v 3.655777 -6.583400 2.163777
v 3.671669 -6.116733 2.143066
v 3.671669 -6.583400 2.143066
v 3.681659 -6.116733 2.118948
v 3.681659 -6.583400 2.118948
v 1.008000 -7.050066 2.193066
v 1.008000 -5.650066 2.193066
v 3.662949 -7.050066 2.434291
v 3.736926 -7.050066 2.408405
v 3.803288 -7.050066 2.366707
v 3.858707 -7.050066 2.311288
v 3.900405 -7.050066 2.244926
v 3.926291 -7.050066 2.170949
v 3.935066 -6.615066 0.000000
vt 0.014142 0.012500 0.000000
vt -0.014142 0.012500 0.000000
vt 0.014142 -0.012500 0.000000
vt -0.014142 -0.012500 0.000000
vt -0.020000 0.012500 0.000000
vt -0.043500 0.012500 0.000000
vt -0.020000 -0.012500 0.000000
vt -0.043500 -0.012500 0.000000
vt -0.230000 0.070000 0.000000
vt -0.250000 0.050000 0.000000
vt -0.040693 0.070000 0.000000
vt -0.250000 0.026500 0.000000
vt -0.040693 -0.070000 0.000000
vt -0.250000 -0.026500 0.000000
vt -0.250000 -0.050000 0.000000
vt -0.580000 0.026500 0.000000
vt -0.600000 0.006500 0.000000
vt -0.600000 -0.006500 0.000000
vt -0.580000 -0.026500 0.000000
vt -0.230000 -0.070000 0.000000
vt 0.014142 0.012500 0.000000
vt -0.014142 0.012500 0.000000
vt 0.014142 -0.012500 0.000000
vt -0.014142 -0.012500 0.000000
vt -0.020000 0.012500 0.000000
vt -0.209307 0.012500 0.000000
vt -0.020000 -0.012500 0.000000
vt -0.209307 -0.012500 0.000000
vt 0.014142 0.012500 0.000000
vt -0.014142 0.012500 0.000000
vt 0.014142 -0.012500 0.000000
vt -0.014142 -0.012500 0.000000
vt -0.033000 -0.012500 0.000000
vt -0.020000 -0.012500 0.000000
vt -0.033000 0.012500 0.000000
vt -0.020000 0.012500 0.000000
vt 0.014142 0.012500 0.000000
vt -0.014142 0.012500 0.000000
vt 0.014142 -0.012500 0.000000
vt -0.014142 -0.012500 0.000000
vt 0.007707 0.070000 0.000000
vt -0.250000 0.070000 0.000000
vt 0.007707 -0.070000 0.000000
vt -0.250000 -0.070000 0.000000
vt 0.025000 -0.000000 0.000000
vt 0.024122 0.007788 0.000000
vt -0.000000 0.000000 0.000000
vt -0.000341 0.002588 0.000000
vt 0.021534 0.015186 0.000000
vt -0.001340 0.005000 0.000000
vt 0.017364 0.021822 0.000000
vt -0.002929 0.007071 0.000000
vt 0.011822 0.027364 0.000000
vt -0.005000 0.008660 0.000000
vt 0.005186 0.031534 0.000000
vt -0.007412 0.009659 0.000000
vt -0.002212 0.034122 0.000000
vt -0.010000 0.010000 0.000000
vt -0.010000 0.035000 0.000000
vt 0.070000 0.013090 0.000000
vt 0.070000 0.015708 0.000000
vt 0.023333 0.013090 0.000000
vt -0.070000 0.015708 0.000000
vt -0.023333 0.013090 0.000000
vt -0.070000 0.013090 0.000000
vt -0.023333 0.010472 0.000000
vt -0.070000 0.010472 0.000000
vt -0.023333 0.007854 0.000000
vt -0.070000 0.007854 0.000000
vt -0.023333 0.005236 0.000000
vt -0.070000 0.005236 0.000000
vt -0.023333 0.002618 0.000000
vt -0.070000 0.002618 0.000000
vt -0.070000 0.000000 0.000000
vt 0.070000 0.000000 0.000000
vt 0.023333 0.002618 0.000000
vt 0.023333 0.005236 0.000000
vt 0.023333 0.007854 0.000000
vt 0.023333 0.010472 0.000000
vt 0.070000 0.002618 0.000000
vt 0.070000 0.005236 0.000000
vt 0.070000 0.007854 0.000000
vt 0.070000 0.010472 0.000000
vt -0.242293 0.012500 0.000000
vt -0.500000 0.012500 0.000000
vt -0.242293 -0.012500 0.000000
vt -0.500000 -0.012500 0.000000
vt -0.257707 -0.012500 0.000000
vt -0.000000 -0.012500 0.000000
vt -0.257707 0.012500 0.000000
vt 0.000000 0.012500 0.000000
vt 0.070000 0.054978 0.000000
vt -0.070000 0.054978 0.000000
vt 0.070000 0.047124 0.000000
vt -0.070000 0.047124 0.000000
vt 0.070000 0.039270 0.000000
vt -0.070000 0.039270 0.000000
vt 0.070000 0.031416 0.000000
vt -0.070000 0.031416 0.000000
vt 0.070000 0.023562 0.000000
vt -0.070000 0.023562 0.000000
vt 0.070000 0.015708 0.000000
vt -0.070000 0.015708 0.000000
vt 0.070000 0.007854 0.000000
vt -0.070000 0.007854 0.000000
vt 0.070000 0.000000 0.000000
vt -0.070000 0.000000 0.000000
vt -0.020000 0.012500 0.000000
vt -0.350000 0.012500 0.000000
vt -0.020000 -0.012500 0.000000
vt -0.350000 -0.012500 0.000000
vt -0.330000 -0.012500 0.000000
vt -0.000000 -0.012500 0.000000
vt -0.330000 0.012500 0.000000
vt -0.000000 0.012500 0.000000
vt -0.007707 -0.070000 0.000000
vt 0.250000 -0.070000 0.000000
vt -0.007707 0.070000 0.000000
vt 0.250000 0.070000 0.000000
vt -0.140000 -0.012500 0.000000
vt -0.000000 -0.012500 0.000000
vt -0.140000 0.012500 0.000000
vt -0.000000 0.012500 0.000000
vt 0.000000 -0.000000 0.000000
vt 0.025000 -0.000000 0.000000
vt 0.000878 0.007788 0.000000
vt 0.025341 0.002588 0.000000
vt 0.003466 0.015186 0.000000
vt 0.026340 0.005000 0.000000
vt 0.007636 0.021822 0.000000
vt 0.027929 0.007071 0.000000
vt 0.013178 0.027364 0.000000
vt 0.030000 0.008660 0.000000
vt 0.019814 0.031534 0.000000
vt 0.032412 0.009659 0.000000
vt 0.027212 0.034122 0.000000
vt 0.035000 0.010000 0.000000
vt 0.035000 0.035000 0.000000
vt -0.120000 -0.012500 0.000000
vt -0.096500 -0.012500 0.000000
vt -0.120000 0.012500 0.000000
vt -0.096500 0.012500 0.000000
vt -0.480000 -0.012500 0.000000
vt -0.290693 -0.012500 0.000000
vt -0.480000 0.012500 0.000000
vt -0.290693 0.012500 0.000000
vt 0.230000 0.070000 0.000000
vt 0.040693 0.070000 0.000000
vt 0.250000 0.050000 0.000000
vt 0.250000 0.026500 0.000000
vt 0.040693 -0.070000 0.000000
vt 0.250000 -0.026500 0.000000
vt 0.250000 -0.050000 0.000000
vt 0.230000 -0.070000 0.000000
vt 0.580000 -0.026500 0.000000
vt 0.600000 -0.006500 0.000000
vt 0.600000 0.006500 0.000000
vt 0.580000 0.026500 0.000000
vn 0.000000 0.070711 -0.070711
vn 0.000000 0.070711 -0.070711
vn 0.000000 0.070711 -0.070711
vn 0.000000 0.070711 -0.070711
vn 0.000000 0.000000 -0.100000
vn 0.000000 0.000000 -0.100000
vn 0.000000 0.000000 -0.100000
vn 0.000000 0.000000 -0.100000
vn -0.100000 0.000000 0.000000
vn -0.100000 0.000000 0.000000
vn -0.100000 0.000000 0.000000
vn -0.100000 0.000000 0.000000
vn -0.100000 0.000000 0.000000
vn -0.100000 0.000000 0.000000
vn -0.100000 0.000000 0.000000
vn -0.100000 0.000000 0.000000
vn -0.100000 0.000000 0.000000
vn -0.100000 0.000000 0.000000
vn -0.100000 0.000000 0.000000
vn -0.100000 0.000000 0.000000
vn -0.000000 -0.070711 -0.070711
vn -0.000000 -0.070711 -0.070711
vn -0.000000 -0.070711 -0.070711
vn -0.000000 -0.070711 -0.070711
vn -0.000000 -0.100000 0.000000
vn -0.000000 -0.100000 0.000000
vn -0.000000 -0.100000 0.000000
vn -0.000000 -0.100000 0.000000
vn -0.000000 -0.070711 -0.070711
vn -0.000000 -0.070711 -0.070711
vn -0.000000 -0.070711 -0.070711
vn -0.000000 -0.070711 -0.070711
vn 0.000000 0.000000 -0.100000
vn 0.000000 0.000000 -0.100000
vn 0.000000 0.000000 -0.100000
vn 0.000000 0.000000 -0.100000
vn 0.000000 0.070711 -0.070711
vn 0.000000 0.070711 -0.070711
vn 0.000000 0.070711 -0.070711
vn 0.000000 0.070711 -0.070711
vn 0.000000 -0.000000 0.100000
vn 0.000000 -0.000000 0.100000
vn 0.000000 -0.000000 0.100000
vn 0.000000 -0.000000 0.100000
vn 0.000000 0.100000 0.000000
vn 0.000000 0.100000 0.000000
vn 0.000000 0.100000 0.000000
vn 0.000000 0.100000 0.000000
vn 0.000000 0.100000 0.000000
vn 0.000000 0.100000 0.000000
vn 0.000000 0.100000 0.000000
vn 0.000000 0.100000 0.000000
vn 0.000000 0.100000 0.000000
vn 0.000000 0.100000 0.000000
vn 0.000000 0.100000 0.000000
vn 0.000000 0.100000 0.000000
vn 0.000000 0.100000 0.000000
vn 0.000000 0.100000 0.000000
vn 0.000000 0.100000 0.000000
vn -0.025882 0.000000 -0.096593
vn -0.000000 0.000000 -0.100000
vn -0.025882 0.000000 -0.096593
vn -0.000000 0.000000 -0.100000
vn -0.025882 0.000000 -0.096593
vn -0.025882 0.000000 -0.096593
vn -0.050000 0.000000 -0.086603
vn -0.050000 0.000000 -0.086603
vn -0.070711 0.000000 -0.070711
vn -0.070711 0.000000 -0.070711
vn -0.086603 0.000000 -0.050000
vn -0.086603 0.000000 -0.050000
vn -0.096593 0.000000 -0.025882
vn -0.096593 0.000000 -0.025882
vn -0.096593 0.000000 -0.025882
vn -0.086603 0.000000 -0.050000
vn -0.070711 0.000000 -0.070711
vn -0.050000 0.000000 -0.086603
vn -0.096593 0.000000 -0.025882
vn -0.086603 0.000000 -0.050000
vn -0.070711 0.000000 -0.070711
vn -0.050000 0.000000 -0.086603
vn -0.000000 -0.100000 0.000000
vn -0.000000 -0.100000 0.000000
vn -0.000000 -0.100000 0.000000
vn -0.000000 -0.100000 0.000000
vn 0.000000 0.100000 0.000000
vn 0.000000 0.100000 0.000000
vn 0.022252 -0.000000 0.097493
vn 0.022252 -0.000000 0.097493
vn 0.043388 -0.000000 0.090097
vn 0.043388 -0.000000 0.090097
vn 0.062349 -0.000000 0.078183
vn 0.062349 -0.000000 0.078183
vn 0.078183 -0.000000 0.062349
vn 0.078183 -0.000000 0.062349
vn 0.090097 -0.000000 0.043388
vn 0.090097 -0.000000 0.043388
vn 0.097493 -0.000000 0.022252
vn 0.097493 -0.000000 0.022252
vn 0.100000 -0.000000 0.000000
vn 0.100000 -0.000000 0.000000
vn -0.000000 -0.100000 0.000000
vn -0.000000 -0.100000 0.000000
vn -0.000000 -0.100000 0.000000
vn -0.000000 -0.100000 0.000000
vn 0.000000 0.100000 0.000000
vn 0.000000 0.100000 0.000000
vn 0.000000 0.100000 0.000000
vn 0.000000 0.100000 0.000000
vn -0.000000 0.000000 -0.100000
vn -0.000000 0.000000 -0.100000
vn -0.100000 0.000000 0.000000
vn -0.100000 0.000000 0.000000
vn -0.100000 0.000000 0.000000
vn -0.100000 0.000000 0.000000
vn -0.000000 -0.100000 0.000000
vn -0.000000 -0.100000 0.000000
vn -0.000000 -0.100000 0.000000
vn -0.000000 -0.100000 0.000000
vn -0.000000 -0.100000 0.000000
vn -0.000000 -0.100000 0.000000
vn -0.000000 -0.100000 0.000000
vn -0.000000 -0.100000 0.000000
vn -0.000000 -0.100000 0.000000
vn -0.000000 -0.100000 0.000000
vn -0.000000 -0.100000 0.000000
vn 0.000000 0.000000 -0.100000
vn 0.000000 0.000000 -0.100000
vn 0.000000 0.000000 -0.100000
vn 0.000000 0.000000 -0.100000
vn 0.000000 0.100000 0.000000
vn 0.000000 0.100000 0.000000
vn 0.100000 -0.000000 -0.000000
vn 0.100000 -0.000000 -0.000000
vn 0.100000 -0.000000 -0.000000
vn 0.100000 -0.000000 -0.000000
vn 0.100000 -0.000000 -0.000000
vn 0.100000 -0.000000 -0.000000
vn 0.100000 -0.000000 -0.000000
vn 0.100000 -0.000000 -0.000000
vn 0.100000 -0.000000 -0.000000
vn 0.100000 -0.000000 -0.000000
f 1899/3307/3067 1900/3308/3068 1902/3309/3069
f 1902/3309/3069 1900/3308/3068 1901/3310/3070
f 1900/3311/3071 1903/3312/3072 1901/3313/3073
f 1901/3313/3073 1903/3312/3072 1904/3314/3074
f 1902/3315/3075 1901/3316/3076 1913/3317/3077
f 1913/3317/3077 1901/3316/3076 1904/3318/3078
f 1913/3317/3077 1904/3318/3078 1912/3319/3079
f 1912/3319/3079 1904/3318/3078 1909/3320/3080
f 1912/3319/3079 1909/3320/3080 1910/3321/3081
f 1905/3322/3082 1906/3323/3083 1904/3318/3078
f 1904/3318/3078 1906/3323/3083 1909/3320/3080
f 1906/3323/3083 1907/3324/3084 1909/3320/3080
f 1909/3320/3080 1907/3324/3084 1908/3325/3085
f 1910/3321/3081 1911/3326/3086 1912/3319/3079
f 1914/3327/3087 1915/3328/3088 1910/3329/3089
f 1910/3329/3089 1915/3328/3088 1911/3330/3090
f 1915/3331/3091 1916/3332/3092 1911/3333/3093
f 1911/3333/3093 1916/3332/3092 1912/3334/3094
f 1917/3335/3095 1918/3336/3096 1907/3337/3097
f 1907/3337/3097 1918/3336/3096 1908/3338/3098
f 1907/3339/3099 1906/3340/3100 1917/3341/3101
f 1917/3341/3101 1906/3340/3100 1919/3342/3102
f 1920/3343/3103 1919/3344/3104 1905/3345/3105
f 1905/3345/3105 1919/3344/3104 1906/3346/3106
f 1922/3347/3107 1923/3348/3108 1921/3349/3109
f 1921/3349/3109 1923/3348/3108 1924/3350/3110
f 1922/3351/3111 1926/3352/3112 1925/3353/3113
f 1925/3353/3113 1926/3352/3112 1937/3354/3114
f 1937/3354/3114 1926/3352/3112 1927/3355/3115
f 1937/3354/3114 1927/3355/3115 1936/3356/3116
f 1936/3356/3116 1927/3355/3115 1928/3357/3117
f 1936/3356/3116 1928/3357/3117 1935/3358/3118
f 1935/3358/3118 1928/3357/3117 1929/3359/3119
f 1935/3358/3118 1929/3359/3119 1934/3360/3120
f 1934/3360/3120 1929/3359/3119 1930/3361/3121
f 1934/3360/3120 1930/3361/3121 1933/3362/3122
f 1933/3362/3122 1930/3361/3121 1931/3363/3123
f 1933/3362/3122 1931/3363/3123 1913/3364/3124
f 1913/3364/3124 1931/3363/3123 1932/3365/3125
f 1943/3366/3126 1938/3367/3127 1945/3368/3128
f 1945/3368/3128 1938/3367/3127 1925/3369/3129
f 1945/3368/3128 1925/3369/3129 1944/3370/3130
f 1944/3370/3130 1925/3369/3129 1937/3371/3131
f 1944/3370/3130 1937/3371/3131 1946/3372/3132
f 1946/3372/3132 1937/3371/3131 1936/3373/3133
f 1946/3372/3132 1936/3373/3133 1948/3374/3134
f 1948/3374/3134 1936/3373/3133 1935/3375/3135
f 1948/3374/3134 1935/3375/3135 1950/3376/3136
f 1950/3376/3136 1935/3375/3135 1934/3377/3137
f 1950/3376/3136 1934/3377/3137 1952/3378/3138
f 1952/3378/3138 1934/3377/3137 1933/3379/3139
f 1952/3378/3138 1933/3379/3139 1913/3380/3077
f 1913/3380/3077 1912/3381/3079 1952/3378/3138
f 1952/3378/3138 1912/3381/3079 1953/3382/3140
f 1952/3378/3138 1953/3382/3140 1950/3376/3136
f 1950/3376/3136 1953/3382/3140 1951/3383/3141
f 1950/3376/3136 1951/3383/3141 1948/3374/3134
f 1948/3374/3134 1951/3383/3141 1949/3384/3142
f 1948/3374/3134 1949/3384/3142 1946/3372/3132
f 1946/3372/3132 1949/3384/3142 1947/3385/3143
f 1946/3372/3132 1947/3385/3143 1944/3370/3130
f 1944/3370/3130 1947/3385/3143 1945/3368/3128
f 1912/3381/3079 1939/3386/3144 1953/3382/3140
f 1953/3382/3140 1939/3386/3144 1951/3383/3141
f 1939/3386/3144 1940/3387/3145 1951/3383/3141
f 1951/3383/3141 1940/3387/3145 1949/3384/3142
f 1940/3387/3145 1941/3388/3146 1949/3384/3142
f 1949/3384/3142 1941/3388/3146 1947/3385/3143
f 1941/3388/3146 1942/3389/3147 1947/3385/3143
f 1947/3385/3143 1942/3389/3147 1945/3368/3128
f 1942/3389/3147 1943/3366/3126 1945/3368/3128
f 1921/3390/3148 1924/3391/3149 1938/3392/3150
f 1938/3392/3150 1924/3391/3149 1954/3393/3151
f 1925/3394/3113 1955/3395/3152 1922/3396/3111
f 1922/3396/3111 1955/3395/3152 1923/3397/3153
f 1922/3398/3107 1921/3399/3109 1926/3400/3154
f 1926/3400/3154 1921/3399/3109 1956/3401/3155
f 1926/3400/3154 1956/3401/3155 1927/3402/3156
f 1927/3402/3156 1956/3401/3155 1957/3403/3157
f 1927/3402/3156 1957/3403/3157 1928/3404/3158
f 1928/3404/3158 1957/3403/3157 1958/3405/3159
f 1928/3404/3158 1958/3405/3159 1929/3406/3160
f 1929/3406/3160 1958/3405/3159 1959/3407/3161
f 1929/3406/3160 1959/3407/3161 1930/3408/3162
f 1930/3408/3162 1959/3407/3161 1960/3409/3163
f 1930/3408/3162 1960/3409/3163 1931/3410/3164
f 1931/3410/3164 1960/3409/3163 1961/3411/3165
f 1931/3410/3164 1961/3411/3165 1932/3412/3166
f 1932/3412/3166 1961/3411/3165 1916/3413/3167
f 1918/3414/3168 1962/3415/3169 1908/3416/3170
f 1908/3416/3170 1962/3415/3169 1909/3417/3171
f 1905/3418/3172 1904/3419/3173 1920/3420/3174
f 1920/3420/3174 1904/3419/3173 1903/3421/3175
f 1938/3422/3127 1954/3423/3176 1925/3424/3129
f 1925/3424/3129 1954/3423/3176 1955/3425/3177
f 1955/3426/3178 1954/3427/3179 1923/3428/3180
f 1923/3428/3180 1954/3427/3179 1924/3429/3181
f 1921/3430/3148 1938/3431/3150 1956/3432/3182
f 1956/3432/3182 1938/3431/3150 1943/3433/3183
f 1956/3432/3182 1943/3433/3183 1957/3434/3184
f 1957/3434/3184 1943/3433/3183 1942/3435/3185
f 1957/3434/3184 1942/3435/3185 1958/3436/3186
f 1958/3436/3186 1942/3435/3185 1941/3437/3187
f 1958/3436/3186 1941/3437/3187 1959/3438/3188
f 1959/3438/3188 1941/3437/3187 1940/3439/3189
f 1959/3438/3188 1940/3439/3189 1960/3440/3190
f 1960/3440/3190 1940/3439/3189 1939/3441/3191
f 1960/3440/3190 1939/3441/3191 1961/3442/3192
f 1961/3442/3192 1939/3441/3191 1912/3443/3094
f 1961/3442/3192 1912/3443/3094 1916/3444/3092
f 1910/3445/3193 1909/3446/3194 1914/3447/3195
f 1914/3447/3195 1909/3446/3194 1962/3448/3196
f 1902/3449/3197 1913/3450/3124 1899/3451/3198
f 1899/3451/3198 1913/3450/3124 1932/3452/3125
f 1899/3453/3199 1932/3454/3166 1900/3455/3200
f 1900/3455/3200 1932/3454/3166 1903/3456/3201
f 1903/3456/3201 1932/3454/3166 1916/3457/3167
f 1903/3456/3201 1916/3457/3167 1962/3458/3202
f 1962/3458/3202 1916/3457/3167 1914/3459/3203
f 1914/3459/3203 1916/3457/3167 1915/3460/3204
f 1918/3461/3205 1917/3462/3206 1962/3458/3202
f 1962/3458/3202 1917/3462/3206 1919/3463/3207
f 1962/3458/3202 1919/3463/3207 1903/3456/3201
f 1903/3456/3201 1919/3463/3207 1920/3464/3208
g Body7:1

v 3.685066 9.154934 2.093066
v 3.685066 9.154934 -3.300000
v 3.685066 8.954934 -3.500000
v 3.685066 8.824934 -3.500000
v 3.685066 8.624934 -3.300000
v 3.685066 8.624934 0.000000
v 3.685066 8.389934 0.000000
v 3.685066 8.189934 0.200000
v 3.685066 8.189934 2.093066
v 3.585066 9.154934 2.193066
v 3.610948 9.154934 2.189659
v 3.635066 9.154934 2.179669
v 3.655777 9.154934 2.163777
v 3.671669 9.154934 2.143066
v 3.681659 9.154934 2.118948
v 3.681659 8.189934 2.118948
v 3.671669 8.189934 2.143066
v 3.655777 8.189934 2.163777
v 3.635066 8.189934 2.179669
v 3.610948 8.189934 2.189659
v 3.585066 8.189934 2.193066
v 3.610948 8.672434 2.189659
v 3.635066 8.672434 2.179669
v 3.655777 8.672434 2.163777
v 3.671669 8.672434 2.143066
v 3.681659 8.672434 2.118948
v 1.008000 9.154934 2.193066
v 1.008000 8.189934 2.193066
v 1.008000 9.154934 2.443066
v 1.008000 8.189934 2.443066
v 3.935066 8.389934 0.000000
v 3.935066 8.189934 0.200000
v 3.935066 8.189934 2.093066
v 3.935066 8.824934 -3.500000
v 3.935066 8.624934 -3.300000
v 3.935066 8.954934 -3.500000
v 3.935066 9.154934 -3.300000
v 3.585066 9.154934 2.443066
v 3.585066 8.189934 2.443066
v 3.935066 9.154934 2.093066
v 3.926291 9.154934 2.170949
v 3.900405 9.154934 2.244926
v 3.858707 9.154934 2.311288
v 3.803288 9.154934 2.366707
v 3.736926 9.154934 2.408405
v 3.662949 9.154934 2.434291
v 3.662949 8.189934 2.434291
v 3.736926 8.189934 2.408405
v 3.803288 8.189934 2.366707
v 3.858707 8.189934 2.311288
v 3.900405 8.189934 2.244926
v 3.926291 8.189934 2.170949
v 3.935066 8.624934 0.000000
vt -0.040693 -0.070000 0.000000
vt -0.040693 0.026500 0.000000
vt -0.250000 -0.026500 0.000000
vt -0.580000 0.026500 0.000000
vt -0.600000 0.006500 0.000000
vt -0.600000 -0.006500 0.000000
vt -0.580000 -0.026500 0.000000
vt -0.250000 -0.050000 0.000000
vt -0.230000 -0.070000 0.000000
vt 0.070000 0.015708 0.000000
vt -0.026500 0.015708 0.000000
vt 0.021750 0.013090 0.000000
vt -0.026500 0.013090 0.000000
vt 0.021750 0.010472 0.000000
vt -0.026500 0.010472 0.000000
vt 0.021750 0.007854 0.000000
vt -0.026500 0.007854 0.000000
vt 0.021750 0.005236 0.000000
vt -0.026500 0.005236 0.000000
vt 0.021750 0.002618 0.000000
vt -0.026500 0.002618 0.000000
vt -0.026500 0.000000 0.000000
vt 0.070000 0.000000 0.000000
vt 0.070000 0.002618 0.000000
vt 0.070000 0.005236 0.000000
vt 0.070000 0.007854 0.000000
vt 0.070000 0.010472 0.000000
vt 0.070000 0.013090 0.000000
vt 0.250000 0.026500 0.000000
vt -0.007707 0.026500 0.000000
vt 0.250000 -0.070000 0.000000
vt -0.007707 -0.070000 0.000000
vt -0.096500 -0.012500 0.000000
vt -0.000000 -0.012500 0.000000
vt -0.096500 0.012500 0.000000
vt -0.000000 0.012500 0.000000
vt 0.014142 0.012500 0.000000
vt -0.014142 0.012500 0.000000
vt 0.014142 -0.012500 0.000000
vt -0.014142 -0.012500 0.000000
vt -0.020000 0.012500 0.000000
vt -0.209307 0.012500 0.000000
vt -0.020000 -0.012500 0.000000
vt -0.209307 -0.012500 0.000000
vt 0.014142 0.012500 0.000000
vt -0.014142 0.012500 0.000000
vt 0.014142 -0.012500 0.000000
vt -0.014142 -0.012500 0.000000
vt -0.033000 -0.012500 0.000000
vt -0.020000 -0.012500 0.000000
vt -0.033000 0.012500 0.000000
vt -0.020000 0.012500 0.000000
vt 0.014142 0.012500 0.000000
vt -0.014142 0.012500 0.000000
vt 0.014142 -0.012500 0.000000
vt -0.014142 -0.012500 0.000000
vt 0.007707 0.026500 0.000000
vt -0.250000 0.026500 0.000000
vt 0.007707 -0.070000 0.000000
vt -0.250000 -0.070000 0.000000
vt -0.242293 0.012500 0.000000
vt -0.500000 0.012500 0.000000
vt -0.242293 -0.012500 0.000000
vt -0.500000 -0.012500 0.000000
vt -0.070000 0.000000 0.000000
vt 0.026500 0.000000 0.000000
vt -0.070000 0.007854 0.000000
vt 0.026500 0.007854 0.000000
vt -0.070000 0.015708 0.000000
vt 0.026500 0.015708 0.000000
vt -0.070000 0.023562 0.000000
vt 0.026500 0.023562 0.000000
vt -0.070000 0.031416 0.000000
vt 0.026500 0.031416 0.000000
vt -0.070000 0.039270 0.000000
vt 0.026500 0.039270 0.000000
vt -0.070000 0.047124 0.000000
vt 0.026500 0.047124 0.000000
vt -0.070000 0.054978 0.000000
vt 0.026500 0.054978 0.000000
vt -0.020000 0.012500 0.000000
vt -0.350000 0.012500 0.000000
vt -0.020000 -0.012500 0.000000
vt -0.350000 -0.012500 0.000000
vt -0.330000 0.012500 0.000000
vt -0.330000 -0.012500 0.000000
vt 0.209307 0.012500 0.000000
vt 0.209307 -0.012500 0.000000
vt 0.217095 0.011622 0.000000
vt 0.224493 0.009034 0.000000
vt 0.231129 0.004864 0.000000
vt 0.211895 -0.012841 0.000000
vt 0.236671 -0.000678 0.000000
vt 0.240841 -0.007314 0.000000
vt 0.214307 -0.013840 0.000000
vt 0.216378 -0.015429 0.000000
vt 0.243429 -0.014712 0.000000
vt 0.217967 -0.017500 0.000000
vt 0.218966 -0.019912 0.000000
vt 0.244307 -0.022500 0.000000
vt 0.219307 -0.022500 0.000000
vt 0.244307 -0.280207 0.000000
vt 0.219307 -0.280207 0.000000
vt 0.000000 -0.000000 0.000000
vt 0.025000 -0.000000 0.000000
vt 0.000878 0.007788 0.000000
vt 0.025341 0.002588 0.000000
vt 0.003466 0.015186 0.000000
vt 0.026340 0.005000 0.000000
vt 0.007636 0.021822 0.000000
vt 0.027929 0.007071 0.000000
vt 0.013178 0.027364 0.000000
vt 0.030000 0.008660 0.000000
vt 0.019814 0.031534 0.000000
vt 0.032412 0.009659 0.000000
vt 0.027212 0.034122 0.000000
vt 0.035000 0.010000 0.000000
vt 0.035000 0.035000 0.000000
vt -0.120000 -0.012500 0.000000
vt -0.096500 -0.012500 0.000000
vt -0.120000 0.012500 0.000000
vt -0.096500 0.012500 0.000000
vt 0.600000 0.006500 0.000000
vt 0.580000 0.026500 0.000000
vt 0.250000 -0.026500 0.000000
vt 0.040693 0.026500 0.000000
vt 0.040693 -0.070000 0.000000
vt 0.230000 -0.070000 0.000000
vt 0.250000 -0.050000 0.000000
vt 0.580000 -0.026500 0.000000
vt 0.600000 -0.006500 0.000000
vn -0.100000 0.000000 0.000000
vn -0.100000 0.000000 0.000000
vn -0.100000 0.000000 0.000000
vn -0.100000 0.000000 0.000000
vn -0.100000 0.000000 0.000000
vn -0.100000 0.000000 0.000000
vn -0.100000 0.000000 0.000000
vn -0.100000 0.000000 0.000000
vn -0.100000 0.000000 0.000000
vn -0.000000 0.000000 -0.100000
vn -0.000000 0.000000 -0.100000
vn -0.025882 0.000000 -0.096593
vn -0.025882 0.000000 -0.096593
vn -0.050000 0.000000 -0.086603
vn -0.050000 0.000000 -0.086603
vn -0.070711 0.000000 -0.070711
vn -0.070711 0.000000 -0.070711
vn -0.086603 0.000000 -0.050000
vn -0.086603 0.000000 -0.050000
vn -0.096593 0.000000 -0.025882
vn -0.096593 0.000000 -0.025882
vn -0.096593 0.000000 -0.025882
vn -0.086603 0.000000 -0.050000
vn -0.070711 0.000000 -0.070711
vn -0.050000 0.000000 -0.086603
vn -0.025882 0.000000 -0.096593
vn -0.000000 0.000000 -0.100000
vn -0.000000 0.000000 -0.100000
vn -0.100000 0.000000 0.000000
vn -0.100000 0.000000 0.000000
vn -0.100000 0.000000 0.000000
vn -0.100000 0.000000 0.000000
vn -0.000000 -0.070711 -0.070711
vn -0.000000 -0.070711 -0.070711
vn -0.000000 -0.070711 -0.070711
vn -0.000000 -0.070711 -0.070711
vn -0.000000 -0.100000 0.000000
vn -0.000000 -0.100000 0.000000
vn -0.000000 -0.100000 0.000000
vn -0.000000 -0.100000 0.000000
vn -0.000000 -0.070711 -0.070711
vn -0.000000 -0.070711 -0.070711
vn -0.000000 -0.070711 -0.070711
vn -0.000000 -0.070711 -0.070711
vn 0.000000 0.000000 -0.100000
vn 0.000000 0.000000 -0.100000
vn 0.000000 0.000000 -0.100000
vn 0.000000 0.000000 -0.100000
vn 0.000000 0.070711 -0.070711
vn 0.000000 0.070711 -0.070711
vn 0.000000 0.070711 -0.070711
vn 0.000000 0.070711 -0.070711
vn 0.000000 -0.000000 0.100000
vn 0.000000 -0.000000 0.100000
vn 0.000000 -0.000000 0.100000
vn 0.000000 -0.000000 0.100000
vn -0.000000 -0.100000 0.000000
vn -0.000000 -0.100000 0.000000
vn -0.000000 -0.100000 0.000000
vn -0.000000 -0.100000 0.000000
vn 0.100000 -0.000000 0.000000
vn 0.100000 -0.000000 0.000000
vn 0.097493 -0.000000 0.022252
vn 0.097493 -0.000000 0.022252
vn 0.090097 -0.000000 0.043388
vn 0.090097 -0.000000 0.043388
vn 0.078183 -0.000000 0.062349
vn 0.078183 -0.000000 0.062349
vn 0.062349 -0.000000 0.078183
vn 0.062349 -0.000000 0.078183
vn 0.043388 -0.000000 0.090097
vn 0.043388 -0.000000 0.090097
vn 0.022252 -0.000000 0.097493
vn 0.022252 -0.000000 0.097493
vn -0.000000 -0.100000 0.000000
vn -0.000000 -0.100000 0.000000
vn -0.000000 -0.100000 0.000000
vn -0.000000 -0.100000 0.000000
vn 0.000000 0.100000 0.000000
vn 0.000000 0.100000 0.000000
vn 0.000000 0.100000 0.000000
vn 0.000000 0.100000 0.000000
vn 0.000000 0.100000 0.000000
vn 0.000000 0.100000 0.000000
vn 0.000000 0.100000 0.000000
vn 0.000000 0.100000 0.000000
vn 0.000000 0.100000 0.000000
vn 0.000000 0.100000 0.000000
vn 0.000000 0.100000 0.000000
vn 0.000000 0.100000 0.000000
vn 0.000000 0.100000 0.000000
vn 0.000000 0.100000 0.000000
vn 0.000000 0.100000 0.000000
vn 0.000000 0.100000 0.000000
vn 0.000000 0.100000 0.000000
vn 0.000000 0.100000 0.000000
vn 0.000000 0.100000 0.000000
vn -0.000000 -0.100000 0.000000
vn -0.000000 -0.100000 0.000000
vn -0.000000 -0.100000 0.000000
vn -0.000000 -0.100000 0.000000
vn -0.000000 -0.100000 0.000000
vn -0.000000 -0.100000 0.000000
vn -0.000000 -0.100000 0.000000
vn -0.000000 -0.100000 0.000000
vn -0.000000 -0.100000 0.000000
vn -0.000000 -0.100000 0.000000
vn -0.000000 -0.100000 0.000000
vn 0.000000 0.000000 -0.100000
vn 0.000000 0.000000 -0.100000
vn 0.000000 0.000000 -0.100000
vn 0.000000 0.000000 -0.100000
vn 0.100000 -0.000000 -0.000000
vn 0.100000 -0.000000 -0.000000
vn 0.100000 -0.000000 -0.000000
vn 0.100000 -0.000000 -0.000000
vn 0.100000 -0.000000 -0.000000
vn 0.100000 -0.000000 -0.000000
vn 0.100000 -0.000000 -0.000000
f 1971/3465/3209 1963/3466/3210 1968/3467/3211
f 1968/3467/3211 1963/3466/3210 1964/3468/3212
f 1968/3467/3211 1964/3468/3212 1965/3469/3213
f 1965/3469/3213 1966/3470/3214 1968/3467/3211
f 1968/3467/3211 1966/3470/3214 1967/3471/3215
f 1968/3467/3211 1969/3472/3216 1971/3465/3209
f 1971/3465/3209 1969/3472/3216 1970/3473/3217
f 1983/3474/3218 1972/3475/3219 1984/3476/3220
f 1984/3476/3220 1972/3475/3219 1973/3477/3221
f 1984/3476/3220 1973/3477/3221 1985/3478/3222
f 1985/3478/3222 1973/3477/3221 1974/3479/3223
f 1985/3478/3222 1974/3479/3223 1986/3480/3224
f 1986/3480/3224 1974/3479/3223 1975/3481/3225
f 1986/3480/3224 1975/3481/3225 1987/3482/3226
f 1987/3482/3226 1975/3481/3225 1976/3483/3227
f 1987/3482/3226 1976/3483/3227 1988/3484/3228
f 1988/3484/3228 1976/3483/3227 1977/3485/3229
f 1988/3484/3228 1977/3485/3229 1963/3486/3210
f 1963/3486/3210 1971/3487/3209 1988/3484/3228
f 1988/3484/3228 1971/3487/3209 1978/3488/3230
f 1988/3484/3228 1978/3488/3230 1987/3482/3226
f 1987/3482/3226 1978/3488/3230 1979/3489/3231
f 1987/3482/3226 1979/3489/3231 1986/3480/3224
f 1986/3480/3224 1979/3489/3231 1980/3490/3232
f 1986/3480/3224 1980/3490/3232 1985/3478/3222
f 1985/3478/3222 1980/3490/3232 1981/3491/3233
f 1985/3478/3222 1981/3491/3233 1984/3476/3220
f 1984/3476/3220 1981/3491/3233 1982/3492/3234
f 1984/3476/3220 1982/3492/3234 1983/3474/3218
f 1989/3493/3235 1972/3494/3219 1990/3495/3236
f 1990/3495/3236 1972/3494/3219 1983/3496/3218
f 1989/3497/3237 1990/3498/3238 1991/3499/3239
f 1991/3499/3239 1990/3498/3238 1992/3500/3240
f 1993/3501/3241 1994/3502/3242 1969/3503/3243
f 1969/3503/3243 1994/3502/3242 1970/3504/3244
f 1994/3505/3245 1995/3506/3246 1970/3507/3247
f 1970/3507/3247 1995/3506/3246 1971/3508/3248
f 1996/3509/3249 1997/3510/3250 1966/3511/3251
f 1966/3511/3251 1997/3510/3250 1967/3512/3252
f 1966/3513/3253 1965/3514/3254 1996/3515/3255
f 1996/3515/3255 1965/3514/3254 1998/3516/3256
f 1999/3517/3257 1998/3518/3258 1964/3519/3259
f 1964/3519/3259 1998/3518/3258 1965/3520/3260
f 2000/3521/3261 1991/3522/3262 2001/3523/3263
f 2001/3523/3263 1991/3522/3262 1992/3524/3264
f 2001/3525/3265 1992/3526/3266 1983/3527/3267
f 1983/3527/3267 1992/3526/3266 1990/3528/3268
f 1995/3529/3269 2002/3530/3270 2014/3531/3271
f 2014/3531/3271 2002/3530/3270 2003/3532/3272
f 2014/3531/3271 2003/3532/3272 2013/3533/3273
f 2013/3533/3273 2003/3532/3272 2004/3534/3274
f 2013/3533/3273 2004/3534/3274 2012/3535/3275
f 2012/3535/3275 2004/3534/3274 2005/3536/3276
f 2012/3535/3275 2005/3536/3276 2011/3537/3277
f 2011/3537/3277 2005/3536/3276 2006/3538/3278
f 2011/3537/3277 2006/3538/3278 2010/3539/3279
f 2010/3539/3279 2006/3538/3278 2007/3540/3280
f 2010/3539/3279 2007/3540/3280 2009/3541/3281
f 2009/3541/3281 2007/3540/3280 2008/3542/3282
f 2009/3541/3281 2008/3542/3282 2001/3543/3263
f 2001/3543/3263 2008/3542/3282 2000/3544/3261
f 1997/3545/3283 2015/3546/3284 1967/3547/3285
f 1967/3547/3285 2015/3546/3284 1968/3548/3286
f 1999/3549/3287 1964/3550/3288 2002/3551/3289
f 2002/3551/3289 1964/3550/3288 1963/3552/3290
f 2002/3551/3289 1963/3552/3290 2003/3553/3291
f 2003/3553/3291 1963/3552/3290 2004/3554/3292
f 2004/3554/3292 1963/3552/3290 2005/3555/3293
f 2005/3555/3293 1963/3552/3290 1977/3556/3294
f 2005/3555/3293 1977/3556/3294 2006/3557/3295
f 2006/3557/3295 1977/3556/3294 2007/3558/3296
f 2007/3558/3296 1977/3556/3294 1976/3559/3297
f 2007/3558/3296 1976/3559/3297 1975/3560/3298
f 2007/3558/3296 1975/3560/3298 2008/3561/3299
f 2008/3561/3299 1975/3560/3298 1974/3562/3300
f 2008/3561/3299 1974/3562/3300 1973/3563/3301
f 2008/3561/3299 1973/3563/3301 2000/3564/3302
f 2000/3564/3302 1973/3563/3301 1972/3565/3303
f 2000/3564/3302 1972/3565/3303 1991/3566/3304
f 1991/3566/3304 1972/3565/3303 1989/3567/3305
f 2001/3568/3265 1983/3569/3267 2009/3570/3306
f 2009/3570/3306 1983/3569/3267 1982/3571/3307
f 2009/3570/3306 1982/3571/3307 2010/3572/3308
f 2010/3572/3308 1982/3571/3307 1981/3573/3309
f 2010/3572/3308 1981/3573/3309 2011/3574/3310
f 2011/3574/3310 1981/3573/3309 1980/3575/3311
f 2011/3574/3310 1980/3575/3311 2012/3576/3312
f 2012/3576/3312 1980/3575/3311 1979/3577/3313
f 2012/3576/3312 1979/3577/3313 2013/3578/3314
f 2013/3578/3314 1979/3577/3313 1978/3579/3315
f 2013/3578/3314 1978/3579/3315 2014/3580/3316
f 2014/3580/3316 1978/3579/3315 1971/3581/3248
f 2014/3580/3316 1971/3581/3248 1995/3582/3246
f 1969/3583/3317 1968/3584/3318 1993/3585/3319
f 1993/3585/3319 1968/3584/3318 2015/3586/3320
f 1998/3587/3321 1999/3588/3322 2015/3589/3323
f 2015/3589/3323 1999/3588/3322 2002/3590/3270
f 2015/3589/3323 2002/3590/3270 1995/3591/3269
f 1994/3592/3324 1993/3593/3325 1995/3591/3269
f 1995/3591/3269 1993/3593/3325 2015/3589/3323
f 1997/3594/3326 1996/3595/3327 2015/3589/3323
f 2015/3589/3323 1996/3595/3327 1998/3587/3321
g Body8:1

v 3.685066 -9.155066 -3.300000
v 3.685066 -9.155066 2.093066
v 3.685066 -8.190066 2.093066
v 3.685066 -8.190066 0.200000
v 3.685066 -8.390066 0.000000
v 3.685066 -8.625066 0.000000
v 3.685066 -8.625066 -3.300000
v 3.685066 -8.825066 -3.500000
v 3.685066 -8.955066 -3.500000
v 3.935066 -9.155066 2.093066
v 3.935066 -9.155066 -3.300000
v 3.935066 -8.955066 -3.500000
v 3.935066 -8.825066 -3.500000
v 3.935066 -8.625066 -3.300000
v 3.935066 -8.625066 0.000000
v 3.935066 -8.390066 0.000000
v 3.935066 -8.190066 0.200000
v 3.935066 -8.190066 2.093066
v 3.585066 -9.155066 2.443066
v 3.662949 -9.155066 2.434291
v 3.736926 -9.155066 2.408405
v 3.803288 -9.155066 2.366707
v 3.858707 -9.155066 2.311288
v 3.900405 -9.155066 2.244926
v 3.926291 -9.155066 2.170949
v 3.926291 -8.190066 2.170949
v 3.900405 -8.190066 2.244926
v 3.858707 -8.190066 2.311288
v 3.803288 -8.190066 2.366707
v 3.736926 -8.190066 2.408405
v 3.662949 -8.190066 2.434291
v 3.585066 -8.190066 2.443066
v 1.008000 -9.155066 2.443066
v 1.008000 -8.190066 2.443066
v 3.585066 -8.190066 2.193066
v 3.681659 -8.190066 2.118948
v 3.671669 -8.190066 2.143066
v 3.655777 -8.190066 2.163777
v 3.635066 -8.190066 2.179669
v 3.610948 -8.190066 2.189659
v 3.681659 -9.155066 2.118948
v 3.671669 -9.155066 2.143066
v 3.655777 -9.155066 2.163777
v 3.635066 -9.155066 2.179669
v 3.610948 -9.155066 2.189659
v 3.585066 -9.155066 2.193066
v 3.681659 -8.672566 2.118948
v 3.671669 -8.672566 2.143066
v 3.655777 -8.672566 2.163777
v 3.635066 -8.672566 2.179669
v 3.610948 -8.672566 2.189659
v 1.008000 -8.190066 2.193066
v 1.008000 -9.155066 2.193066
vt -0.600000 -0.006500 0.000000
vt -0.580000 -0.026500 0.000000
vt -0.250000 0.026500 0.000000
vt -0.040693 -0.026500 0.000000
vt -0.040693 0.070000 0.000000
vt -0.230000 0.070000 0.000000
vt -0.250000 0.050000 0.000000
vt -0.580000 0.026500 0.000000
vt -0.600000 0.006500 0.000000
vt 0.040693 0.070000 0.000000
vt 0.040693 -0.026500 0.000000
vt 0.250000 0.026500 0.000000
vt 0.580000 -0.026500 0.000000
vt 0.600000 -0.006500 0.000000
vt 0.600000 0.006500 0.000000
vt 0.580000 0.026500 0.000000
vt 0.250000 0.050000 0.000000
vt 0.230000 0.070000 0.000000
vt 0.070000 0.054978 0.000000
vt -0.026500 0.054978 0.000000
vt 0.070000 0.047124 0.000000
vt -0.026500 0.047124 0.000000
vt 0.070000 0.039270 0.000000
vt -0.026500 0.039270 0.000000
vt 0.070000 0.031416 0.000000
vt -0.026500 0.031416 0.000000
vt 0.070000 0.023562 0.000000
vt -0.026500 0.023562 0.000000
vt 0.070000 0.015708 0.000000
vt -0.026500 0.015708 0.000000
vt 0.070000 0.007854 0.000000
vt -0.026500 0.007854 0.000000
vt 0.070000 0.000000 0.000000
vt -0.026500 0.000000 0.000000
vt 0.014142 0.012500 0.000000
vt -0.014142 0.012500 0.000000
vt 0.014142 -0.012500 0.000000
vt -0.014142 -0.012500 0.000000
vt -0.020000 0.012500 0.000000
vt -0.043500 0.012500 0.000000
vt -0.020000 -0.012500 0.000000
vt -0.043500 -0.012500 0.000000
vt 0.014142 0.012500 0.000000
vt -0.014142 0.012500 0.000000
vt 0.014142 -0.012500 0.000000
vt -0.014142 -0.012500 0.000000
vt -0.033000 -0.012500 0.000000
vt -0.020000 -0.012500 0.000000
vt -0.033000 0.012500 0.000000
vt -0.020000 0.012500 0.000000
vt 0.014142 0.012500 0.000000
vt -0.014142 0.012500 0.000000
vt 0.014142 -0.012500 0.000000
vt -0.014142 -0.012500 0.000000
vt -0.250000 -0.026500 0.000000
vt 0.007707 -0.026500 0.000000
vt -0.250000 0.070000 0.000000
vt 0.007707 0.070000 0.000000
vt 0.025000 -0.000000 0.000000
vt 0.024122 0.007788 0.000000
vt -0.000000 0.000000 0.000000
vt -0.000341 0.002588 0.000000
vt 0.021534 0.015186 0.000000
vt -0.001340 0.005000 0.000000
vt 0.017364 0.021822 0.000000
vt -0.002929 0.007071 0.000000
vt 0.011822 0.027364 0.000000
vt -0.005000 0.008660 0.000000
vt 0.005186 0.031534 0.000000
vt -0.007412 0.009659 0.000000
vt -0.002212 0.034122 0.000000
vt -0.010000 0.010000 0.000000
vt -0.010000 0.035000 0.000000
vt -0.070000 0.000000 0.000000
vt 0.026500 0.000000 0.000000
vt -0.021750 0.002618 0.000000
vt 0.026500 0.002618 0.000000
vt -0.021750 0.005236 0.000000
vt 0.026500 0.005236 0.000000
vt -0.021750 0.007854 0.000000
vt 0.026500 0.007854 0.000000
vt -0.021750 0.010472 0.000000
vt 0.026500 0.010472 0.000000
vt -0.021750 0.013090 0.000000
vt 0.026500 0.013090 0.000000
vt 0.026500 0.015708 0.000000
vt -0.070000 0.015708 0.000000
vt -0.070000 0.013090 0.000000
vt -0.070000 0.010472 0.000000
vt -0.070000 0.007854 0.000000
vt -0.070000 0.005236 0.000000
vt -0.070000 0.002618 0.000000
vt -0.257707 -0.012500 0.000000
vt -0.000000 -0.012500 0.000000
vt -0.257707 0.012500 0.000000
vt 0.000000 0.012500 0.000000
vt -0.020000 0.012500 0.000000
vt -0.559307 0.012500 0.000000
vt -0.020000 -0.012500 0.000000
vt -0.559307 -0.012500 0.000000
vt -0.567095 0.011622 0.000000
vt -0.574493 0.009034 0.000000
vt -0.581129 0.004864 0.000000
vt -0.561895 -0.012841 0.000000
vt -0.586671 -0.000678 0.000000
vt -0.590841 -0.007314 0.000000
vt -0.593429 -0.014712 0.000000
vt -0.566378 -0.015429 0.000000
vt -0.564307 -0.013840 0.000000
vt -0.594307 -0.022500 0.000000
vt -0.568966 -0.019912 0.000000
vt -0.567967 -0.017500 0.000000
vt -0.594307 -0.280207 0.000000
vt -0.569307 -0.280207 0.000000
vt -0.569307 -0.022500 0.000000
vt -0.330000 -0.012500 0.000000
vt -0.000000 -0.012500 0.000000
vt -0.330000 0.012500 0.000000
vt -0.000000 0.012500 0.000000
vt -0.007707 -0.026500 0.000000
vt 0.250000 -0.026500 0.000000
vt -0.007707 0.070000 0.000000
vt 0.250000 0.070000 0.000000
vt -0.043500 0.012500 0.000000
vt -0.140000 0.012500 0.000000
vt -0.043500 -0.012500 0.000000
vt -0.140000 -0.012500 0.000000
vt -0.480000 -0.012500 0.000000
vt -0.290693 -0.012500 0.000000
vt -0.480000 0.012500 0.000000
vt -0.290693 0.012500 0.000000
vn -0.100000 0.000000 0.000000
vn -0.100000 0.000000 0.000000
vn -0.100000 0.000000 0.000000
vn -0.100000 0.000000 0.000000
vn -0.100000 0.000000 0.000000
vn -0.100000 0.000000 0.000000
vn -0.100000 0.000000 0.000000
vn -0.100000 0.000000 0.000000
vn -0.100000 0.000000 0.000000
vn 0.100000 -0.000000 -0.000000
vn 0.100000 -0.000000 -0.000000
vn 0.100000 -0.000000 -0.000000
vn 0.100000 -0.000000 -0.000000
vn 0.100000 -0.000000 -0.000000
vn 0.100000 -0.000000 -0.000000
vn 0.100000 -0.000000 -0.000000
vn 0.100000 -0.000000 -0.000000
vn 0.100000 -0.000000 -0.000000
vn 0.000000 -0.000000 0.100000
vn 0.000000 -0.000000 0.100000
vn 0.022252 -0.000000 0.097493
vn 0.022252 -0.000000 0.097493
vn 0.043388 -0.000000 0.090097
vn 0.043388 -0.000000 0.090097
vn 0.062349 -0.000000 0.078183
vn 0.062349 -0.000000 0.078183
vn 0.078183 -0.000000 0.062349
vn 0.078183 -0.000000 0.062349
vn 0.090097 -0.000000 0.043388
vn 0.090097 -0.000000 0.043388
vn 0.097493 -0.000000 0.022252
vn 0.097493 -0.000000 0.022252
vn 0.000000 0.070711 -0.070711
vn 0.000000 0.070711 -0.070711
vn 0.000000 0.070711 -0.070711
vn 0.000000 0.070711 -0.070711
vn 0.000000 0.000000 -0.100000
vn 0.000000 0.000000 -0.100000
vn 0.000000 0.000000 -0.100000
vn 0.000000 0.000000 -0.100000
vn -0.000000 -0.070711 -0.070711
vn -0.000000 -0.070711 -0.070711
vn -0.000000 -0.070711 -0.070711
vn -0.000000 -0.070711 -0.070711
vn 0.000000 0.000000 -0.100000
vn 0.000000 0.000000 -0.100000
vn 0.000000 0.000000 -0.100000
vn 0.000000 0.000000 -0.100000
vn 0.000000 0.070711 -0.070711
vn 0.000000 0.070711 -0.070711
vn 0.000000 0.070711 -0.070711
vn 0.000000 0.070711 -0.070711
vn 0.000000 -0.000000 0.100000
vn 0.000000 -0.000000 0.100000
vn 0.000000 0.100000 0.000000
vn 0.000000 0.100000 0.000000
vn 0.000000 0.100000 0.000000
vn 0.000000 0.100000 0.000000
vn 0.000000 0.100000 0.000000
vn 0.000000 0.100000 0.000000
vn 0.000000 0.100000 0.000000
vn 0.000000 0.100000 0.000000
vn 0.000000 0.100000 0.000000
vn 0.000000 0.100000 0.000000
vn 0.000000 0.100000 0.000000
vn 0.000000 0.100000 0.000000
vn 0.000000 0.100000 0.000000
vn 0.000000 0.100000 0.000000
vn 0.000000 0.100000 0.000000
vn -0.096593 0.000000 -0.025882
vn -0.096593 0.000000 -0.025882
vn -0.086603 0.000000 -0.050000
vn -0.086603 0.000000 -0.050000
vn -0.070711 0.000000 -0.070711
vn -0.070711 0.000000 -0.070711
vn -0.050000 0.000000 -0.086603
vn -0.050000 0.000000 -0.086603
vn -0.025882 0.000000 -0.096593
vn -0.025882 0.000000 -0.096593
vn -0.000000 0.000000 -0.100000
vn -0.000000 0.000000 -0.100000
vn -0.025882 0.000000 -0.096593
vn -0.050000 0.000000 -0.086603
vn -0.070711 0.000000 -0.070711
vn -0.086603 0.000000 -0.050000
vn -0.096593 0.000000 -0.025882
vn 0.000000 0.100000 0.000000
vn 0.000000 0.100000 0.000000
vn -0.000000 -0.100000 0.000000
vn -0.000000 -0.100000 0.000000
vn -0.000000 -0.100000 0.000000
vn -0.000000 -0.100000 0.000000
vn -0.000000 -0.100000 0.000000
vn -0.000000 -0.100000 0.000000
vn -0.000000 -0.100000 0.000000
vn -0.000000 -0.100000 0.000000
vn -0.000000 -0.100000 0.000000
vn -0.000000 -0.100000 0.000000
vn -0.000000 -0.100000 0.000000
vn -0.000000 -0.100000 0.000000
vn -0.000000 -0.100000 0.000000
vn -0.000000 -0.100000 0.000000
vn -0.000000 -0.100000 0.000000
vn -0.000000 -0.100000 0.000000
vn -0.000000 -0.100000 0.000000
vn -0.000000 -0.100000 0.000000
vn -0.000000 -0.100000 0.000000
vn 0.000000 0.100000 0.000000
vn 0.000000 0.100000 0.000000
vn 0.000000 0.100000 0.000000
vn 0.000000 0.100000 0.000000
vn -0.000000 0.000000 -0.100000
vn -0.000000 0.000000 -0.100000
vn -0.100000 0.000000 0.000000
vn -0.100000 0.000000 0.000000
vn -0.100000 0.000000 0.000000
vn -0.100000 0.000000 0.000000
vn 0.000000 0.100000 0.000000
vn 0.000000 0.100000 0.000000
f 2024/3596/3328 2016/3597/3329 2021/3598/3330
f 2021/3598/3330 2016/3597/3329 2017/3599/3331
f 2021/3598/3330 2017/3599/3331 2018/3600/3332
f 2019/3601/3333 2020/3602/3334 2018/3600/3332
f 2018/3600/3332 2020/3602/3334 2021/3598/3330
f 2022/3603/3335 2023/3604/3336 2021/3598/3330
f 2021/3598/3330 2023/3604/3336 2024/3596/3328
f 2033/3605/3337 2025/3606/3338 2030/3607/3339
f 2030/3607/3339 2025/3606/3338 2026/3608/3340
f 2030/3607/3339 2026/3608/3340 2027/3609/3341
f 2027/3609/3341 2028/3610/3342 2030/3607/3339
f 2030/3607/3339 2028/3610/3342 2029/3611/3343
f 2030/3607/3339 2031/3612/3344 2033/3605/3337
f 2033/3605/3337 2031/3612/3344 2032/3613/3345
f 2047/3614/3346 2034/3615/3347 2046/3616/3348
f 2046/3616/3348 2034/3615/3347 2035/3617/3349
f 2046/3616/3348 2035/3617/3349 2045/3618/3350
f 2045/3618/3350 2035/3617/3349 2036/3619/3351
f 2045/3618/3350 2036/3619/3351 2044/3620/3352
f 2044/3620/3352 2036/3619/3351 2037/3621/3353
f 2044/3620/3352 2037/3621/3353 2043/3622/3354
f 2043/3622/3354 2037/3621/3353 2038/3623/3355
f 2043/3622/3354 2038/3623/3355 2042/3624/3356
f 2042/3624/3356 2038/3623/3355 2039/3625/3357
f 2042/3624/3356 2039/3625/3357 2041/3626/3358
f 2041/3626/3358 2039/3625/3357 2040/3627/3359
f 2041/3626/3358 2040/3627/3359 2033/3628/3337
f 2033/3628/3337 2040/3627/3359 2025/3629/3338
f 2032/3630/3360 2031/3631/3361 2019/3632/3362
f 2019/3632/3362 2031/3631/3361 2020/3633/3363
f 2031/3634/3364 2030/3635/3365 2020/3636/3366
f 2020/3636/3366 2030/3635/3365 2021/3637/3367
f 2027/3638/3368 2026/3639/3369 2024/3640/3370
f 2024/3640/3370 2026/3639/3369 2016/3641/3371
f 2024/3642/3372 2023/3643/3373 2027/3644/3374
f 2027/3644/3374 2023/3643/3373 2028/3645/3375
f 2029/3646/3376 2028/3647/3377 2022/3648/3378
f 2022/3648/3378 2028/3647/3377 2023/3649/3379
f 2048/3650/3380 2034/3651/3347 2049/3652/3381
f 2049/3652/3381 2034/3651/3347 2047/3653/3346
f 2047/3654/3382 2046/3655/3383 2050/3656/3384
f 2050/3656/3384 2046/3655/3383 2055/3657/3385
f 2055/3657/3385 2046/3655/3383 2045/3658/3386
f 2055/3657/3385 2045/3658/3386 2054/3659/3387
f 2054/3659/3387 2045/3658/3386 2044/3660/3388
f 2054/3659/3387 2044/3660/3388 2053/3661/3389
f 2053/3661/3389 2044/3660/3388 2043/3662/3390
f 2053/3661/3389 2043/3662/3390 2052/3663/3391
f 2052/3663/3391 2043/3662/3390 2042/3664/3392
f 2052/3663/3391 2042/3664/3392 2051/3665/3393
f 2051/3665/3393 2042/3664/3392 2041/3666/3394
f 2051/3665/3393 2041/3666/3394 2018/3667/3395
f 2018/3667/3395 2041/3666/3394 2033/3668/3396
f 2018/3669/3332 2017/3670/3331 2062/3671/3397
f 2062/3671/3397 2017/3670/3331 2056/3672/3398
f 2062/3671/3397 2056/3672/3398 2063/3673/3399
f 2063/3673/3399 2056/3672/3398 2057/3674/3400
f 2063/3673/3399 2057/3674/3400 2064/3675/3401
f 2064/3675/3401 2057/3674/3400 2058/3676/3402
f 2064/3675/3401 2058/3676/3402 2065/3677/3403
f 2065/3677/3403 2058/3676/3402 2059/3678/3404
f 2065/3677/3403 2059/3678/3404 2066/3679/3405
f 2066/3679/3405 2059/3678/3404 2060/3680/3406
f 2066/3679/3405 2060/3680/3406 2061/3681/3407
f 2061/3681/3407 2050/3682/3408 2066/3679/3405
f 2066/3679/3405 2050/3682/3408 2055/3683/3409
f 2066/3679/3405 2055/3683/3409 2065/3677/3403
f 2065/3677/3403 2055/3683/3409 2054/3684/3410
f 2065/3677/3403 2054/3684/3410 2064/3675/3401
f 2064/3675/3401 2054/3684/3410 2053/3685/3411
f 2064/3675/3401 2053/3685/3411 2063/3673/3399
f 2063/3673/3399 2053/3685/3411 2052/3686/3412
f 2063/3673/3399 2052/3686/3412 2062/3671/3397
f 2062/3671/3397 2052/3686/3412 2051/3687/3413
f 2062/3671/3397 2051/3687/3413 2018/3669/3332
f 2050/3688/3384 2067/3689/3414 2047/3690/3382
f 2047/3690/3382 2067/3689/3414 2049/3691/3415
f 2026/3692/3416 2025/3693/3417 2016/3694/3418
f 2016/3694/3418 2025/3693/3417 2017/3695/3419
f 2017/3695/3419 2025/3693/3417 2040/3696/3420
f 2017/3695/3419 2040/3696/3420 2039/3697/3421
f 2039/3697/3421 2038/3698/3422 2017/3695/3419
f 2017/3695/3419 2038/3698/3422 2056/3699/3423
f 2056/3699/3423 2038/3698/3422 2037/3700/3424
f 2056/3699/3423 2037/3700/3424 2036/3701/3425
f 2035/3702/3426 2058/3703/3427 2036/3701/3425
f 2036/3701/3425 2058/3703/3427 2057/3704/3428
f 2036/3701/3425 2057/3704/3428 2056/3699/3423
f 2034/3705/3429 2060/3706/3430 2035/3702/3426
f 2035/3702/3426 2060/3706/3430 2059/3707/3431
f 2035/3702/3426 2059/3707/3431 2058/3703/3427
f 2048/3708/3432 2068/3709/3433 2034/3705/3429
f 2034/3705/3429 2068/3709/3433 2061/3710/3434
f 2034/3705/3429 2061/3710/3434 2060/3706/3430
f 2022/3711/3435 2021/3712/3436 2029/3713/3437
f 2029/3713/3437 2021/3712/3436 2030/3714/3438
f 2061/3715/3407 2068/3716/3439 2050/3717/3408
f 2050/3717/3408 2068/3716/3439 2067/3718/3440
f 2048/3719/3441 2049/3720/3442 2068/3721/3443
f 2068/3721/3443 2049/3720/3442 2067/3722/3444
f 2019/3723/3445 2018/3724/3395 2032/3725/3446
f 2032/3725/3446 2018/3724/3395 2033/3726/3396
# 2068 vertices
# 3726 texture params
# 3446 normals
# 4060 facets

# 19 groups
