# WaveFront *.obj file (generated by Autodesk ATF)

mtllib DIP14-6.40x19.25-RS7.62-P2.54.mtl

g Bottom

v -3.011571 -9.624123 0.646784
v -3.011571 9.624123 0.646784
v -3.007610 9.620162 0.629272
v -3.000582 9.613134 0.612751
v -2.990713 9.603264 0.597753
v -2.978321 9.590872 0.584762
v -2.963805 9.576357 0.574195
v -2.947635 9.560186 0.566395
v -2.912448 9.525000 0.560000
v -2.912448 -9.525000 0.560000
v -2.947635 -9.560186 0.566395
v -2.963805 -9.576357 0.574195
v -2.978321 -9.590872 0.584762
v -2.990713 -9.603264 0.597753
v -3.000582 -9.613134 0.612751
v -3.007610 -9.620162 0.629272
v -3.005599 9.117590 0.623628
v -3.005599 8.611057 0.623628
v -3.005599 8.104524 0.623628
v -3.005599 7.597992 0.623628
v -3.005599 7.091459 0.623628
v -3.005599 6.584926 0.623628
v -3.005599 6.078393 0.623628
v -3.005599 5.571861 0.623628
v -3.005599 5.065328 0.623628
v -3.005599 4.558795 0.623628
v -3.005599 4.052262 0.623628
v -3.005599 3.545729 0.623628
v -3.005599 3.039197 0.623628
v -3.005599 2.532664 0.623628
v -3.005599 2.026131 0.623628
v -3.005599 1.519598 0.623628
v -3.005599 1.013066 0.623628
v -3.005599 0.506533 0.623628
v -3.005599 0.000000 0.623628
v -3.005599 -0.506533 0.623628
v -3.005599 -1.013066 0.623628
v -3.005599 -1.519598 0.623628
v -3.005599 -2.026131 0.623628
v -3.005599 -2.532664 0.623628
v -3.005599 -3.039197 0.623628
v -3.005599 -3.545729 0.623628
v -3.005599 -4.052262 0.623628
v -3.005599 -4.558795 0.623628
v -3.005599 -5.065328 0.623628
v -3.005599 -5.571861 0.623628
v -3.005599 -6.078393 0.623628
v -3.005599 -6.584926 0.623628
v -3.005599 -7.091459 0.623628
v -3.005599 -7.597992 0.623628
v -3.005599 -8.104524 0.623628
v -3.005599 -8.611057 0.623628
v -3.005599 -9.117590 0.623628
v -2.994300 9.117590 0.602552
v -2.994300 8.611057 0.602552
v -2.994300 8.104524 0.602552
v -2.994300 7.597992 0.602552
v -2.994300 7.091459 0.602552
v -2.994300 6.584926 0.602552
v -2.994300 6.078393 0.602552
v -2.994300 5.571861 0.602552
v -2.994300 5.065328 0.602552
v -2.994300 4.558795 0.602552
v -2.994300 4.052262 0.602552
v -2.994300 3.545729 0.602552
v -2.994300 3.039197 0.602552
v -2.994300 2.532664 0.602552
v -2.994300 2.026131 0.602552
v -2.994300 1.519598 0.602552
v -2.994300 1.013066 0.602552
v -2.994300 0.506533 0.602552
v -2.994300 0.000000 0.602552
v -2.994300 -0.506533 0.602552
v -2.994300 -1.013066 0.602552
v -2.994300 -1.519598 0.602552
v -2.994300 -2.026131 0.602552
v -2.994300 -2.532664 0.602552
v -2.994300 -3.039197 0.602552
v -2.994300 -3.545729 0.602552
v -2.994300 -4.052262 0.602552
v -2.994300 -4.558795 0.602552
v -2.994300 -5.065328 0.602552
v -2.994300 -5.571861 0.602552
v -2.994300 -6.078393 0.602552
v -2.994300 -6.584926 0.602552
v -2.994300 -7.091459 0.602552
v -2.994300 -7.597992 0.602552
v -2.994300 -8.104524 0.602552
v -2.994300 -8.611057 0.602552
v -2.994300 -9.117590 0.602552
v -2.978321 9.117590 0.584762
v -2.978321 8.611057 0.584762
v -2.978321 8.104524 0.584762
v -2.978321 7.597992 0.584762
v -2.978321 7.091459 0.584762
v -2.978321 6.584926 0.584762
v -2.978321 6.078393 0.584762
v -2.978321 5.571861 0.584762
v -2.978321 5.065328 0.584762
v -2.978321 4.558795 0.584762
v -2.978321 4.052262 0.584762
v -2.978321 3.545729 0.584762
v -2.978321 3.039197 0.584762
v -2.978321 2.532664 0.584762
v -2.978321 2.026131 0.584762
v -2.978321 1.519598 0.584762
v -2.978321 1.013066 0.584762
v -2.978321 0.506533 0.584762
v -2.978321 0.000000 0.584762
v -2.978321 -0.506533 0.584762
v -2.978321 -1.013066 0.584762
v -2.978321 -1.519598 0.584762
v -2.978321 -2.026131 0.584762
v -2.978321 -2.532664 0.584762
v -2.978321 -3.039197 0.584762
v -2.978321 -3.545729 0.584762
v -2.978321 -4.052262 0.584762
v -2.978321 -4.558795 0.584762
v -2.978321 -5.065328 0.584762
v -2.978321 -5.571861 0.584762
v -2.978321 -6.078393 0.584762
v -2.978321 -6.584926 0.584762
v -2.978321 -7.091459 0.584762
v -2.978321 -7.597992 0.584762
v -2.978321 -8.104524 0.584762
v -2.978321 -8.611057 0.584762
v -2.978321 -9.117590 0.584762
v -2.958574 9.117590 0.571274
v -2.958574 8.611057 0.571274
v -2.958574 8.104524 0.571274
v -2.958574 7.597992 0.571274
v -2.958574 7.091459 0.571274
v -2.958574 6.584926 0.571274
v -2.958574 6.078393 0.571274
v -2.958574 5.571861 0.571274
v -2.958574 5.065328 0.571274
v -2.958574 4.558795 0.571274
v -2.958574 4.052262 0.571274
v -2.958574 3.545729 0.571274
v -2.958574 3.039197 0.571274
v -2.958574 2.532664 0.571274
v -2.958574 2.026131 0.571274
v -2.958574 1.519598 0.571274
v -2.958574 1.013066 0.571274
v -2.958574 0.506533 0.571274
v -2.958574 0.000000 0.571274
v -2.958574 -0.506533 0.571274
v -2.958574 -1.013066 0.571274
v -2.958574 -1.519598 0.571274
v -2.958574 -2.026131 0.571274
v -2.958574 -2.532664 0.571274
v -2.958574 -3.039197 0.571274
v -2.958574 -3.545729 0.571274
v -2.958574 -4.052262 0.571274
v -2.958574 -4.558795 0.571274
v -2.958574 -5.065328 0.571274
v -2.958574 -5.571861 0.571274
v -2.958574 -6.078393 0.571274
v -2.958574 -6.584926 0.571274
v -2.958574 -7.091459 0.571274
v -2.958574 -7.597992 0.571274
v -2.958574 -8.104524 0.571274
v -2.958574 -8.611057 0.571274
v -2.958574 -9.117590 0.571274
v -2.936190 9.117590 0.562859
v -2.936190 8.611057 0.562859
v -2.936190 8.104524 0.562859
v -2.936190 7.597992 0.562859
v -2.936190 7.091459 0.562859
v -2.936190 6.584926 0.562859
v -2.936190 6.078393 0.562859
v -2.936190 5.571861 0.562859
v -2.936190 5.065328 0.562859
v -2.936190 4.558795 0.562859
v -2.936190 4.052262 0.562859
v -2.936190 3.545729 0.562859
v -2.936190 3.039197 0.562859
v -2.936190 2.532664 0.562859
v -2.936190 2.026131 0.562859
v -2.936190 1.519598 0.562859
v -2.936190 1.013066 0.562859
v -2.936190 0.506533 0.562859
v -2.936190 0.000000 0.562859
v -2.936190 -0.506533 0.562859
v -2.936190 -1.013066 0.562859
v -2.936190 -1.519598 0.562859
v -2.936190 -2.026131 0.562859
v -2.936190 -2.532664 0.562859
v -2.936190 -3.039197 0.562859
v -2.936190 -3.545729 0.562859
v -2.936190 -4.052262 0.562859
v -2.936190 -4.558795 0.562859
v -2.936190 -5.065328 0.562859
v -2.936190 -5.571861 0.562859
v -2.936190 -6.078393 0.562859
v -2.936190 -6.584926 0.562859
v -2.936190 -7.091459 0.562859
v -2.936190 -7.597992 0.562859
v -2.936190 -8.104524 0.562859
v -2.936190 -8.611057 0.562859
v -2.936190 -9.117590 0.562859
v -3.013333 9.625000 0.660000
v 3.013333 9.625000 0.660000
v 3.012744 9.624902 0.655583
v 3.012157 9.624610 0.651175
v 3.011571 9.624123 0.646784
v 3.007610 9.620162 0.629272
v 3.000582 9.613134 0.612751
v 2.990713 9.603264 0.597753
v 2.978321 9.590872 0.584762
v 2.963805 9.576357 0.574195
v 2.947635 9.560186 0.566395
v 2.912448 9.525000 0.560000
v -3.012157 9.624610 0.651175
v -3.012744 9.624902 0.655583
v 2.465455 9.621593 0.634118
v 1.917576 9.621593 0.634118
v 1.369697 9.621593 0.634118
v 0.821818 9.621593 0.634118
v 0.273939 9.621593 0.634118
v -0.273939 9.621593 0.634118
v -0.821818 9.621593 0.634118
v -1.369697 9.621593 0.634118
v -1.917576 9.621593 0.634118
v -2.465455 9.621593 0.634118
v 2.465455 9.611603 0.610000
v 1.917576 9.611603 0.610000
v 1.369697 9.611603 0.610000
v 0.821818 9.611603 0.610000
v 0.273939 9.611603 0.610000
v -0.273939 9.611603 0.610000
v -0.821818 9.611603 0.610000
v -1.369697 9.611603 0.610000
v -1.917576 9.611603 0.610000
v -2.465455 9.611603 0.610000
v 2.465455 9.595711 0.589289
v 1.917576 9.595711 0.589289
v 1.369697 9.595711 0.589289
v 0.821818 9.595711 0.589289
v 0.273939 9.595711 0.589289
v -0.273939 9.595711 0.589289
v -0.821818 9.595711 0.589289
v -1.369697 9.595711 0.589289
v -1.917576 9.595711 0.589289
v -2.465455 9.595711 0.589289
v 2.465455 9.575000 0.573397
v 1.917576 9.575000 0.573397
v 1.369697 9.575000 0.573397
v 0.821818 9.575000 0.573397
v 0.273939 9.575000 0.573397
v -0.273939 9.575000 0.573397
v -0.821818 9.575000 0.573397
v -1.369697 9.575000 0.573397
v -1.917576 9.575000 0.573397
v -2.465455 9.575000 0.573397
v 2.465455 9.550882 0.563407
v 1.917576 9.550882 0.563407
v 1.369697 9.550882 0.563407
v 0.821818 9.550882 0.563407
v 0.273939 9.550882 0.563407
v -0.273939 9.550882 0.563407
v -0.821818 9.550882 0.563407
v -1.369697 9.550882 0.563407
v -1.917576 9.550882 0.563407
v -2.465455 9.550882 0.563407
v 2.912448 -9.525000 0.560000
v 3.011571 -9.624123 0.646784
v 3.007610 -9.620162 0.629272
v 3.000582 -9.613134 0.612751
v 2.990713 -9.603264 0.597753
v 2.978321 -9.590872 0.584762
v 2.963805 -9.576357 0.574195
v 2.947635 -9.560186 0.566395
v 2.936190 9.117590 0.562859
v 2.936190 8.611057 0.562859
v 2.936190 8.104524 0.562859
v 2.936190 7.597992 0.562859
v 2.936190 7.091459 0.562859
v 2.936190 6.584926 0.562859
v 2.936190 6.078393 0.562859
v 2.936190 5.571861 0.562859
v 2.936190 5.065328 0.562859
v 2.936190 4.558795 0.562859
v 2.936190 4.052262 0.562859
v 2.936190 3.545729 0.562859
v 2.936190 3.039197 0.562859
v 2.936190 2.532664 0.562859
v 2.936190 2.026131 0.562859
v 2.936190 1.519598 0.562859
v 2.936190 1.013066 0.562859
v 2.936190 0.506533 0.562859
v 2.936190 0.000000 0.562859
v 2.936190 -0.506533 0.562859
v 2.936190 -1.013066 0.562859
v 2.936190 -1.519598 0.562859
v 2.936190 -2.026131 0.562859
v 2.936190 -2.532664 0.562859
v 2.936190 -3.039197 0.562859
v 2.936190 -3.545729 0.562859
v 2.936190 -4.052262 0.562859
v 2.936190 -4.558795 0.562859
v 2.936190 -5.065328 0.562859
v 2.936190 -5.571861 0.562859
v 2.936190 -6.078393 0.562859
v 2.936190 -6.584926 0.562859
v 2.936190 -7.091459 0.562859
v 2.936190 -7.597992 0.562859
v 2.936190 -8.104524 0.562859
v 2.936190 -8.611057 0.562859
v 2.936190 -9.117590 0.562859
v 2.958574 9.117590 0.571274
v 2.958574 8.611057 0.571274
v 2.958574 8.104524 0.571274
v 2.958574 7.597992 0.571274
v 2.958574 7.091459 0.571274
v 2.958574 6.584926 0.571274
v 2.958574 6.078393 0.571274
v 2.958574 5.571861 0.571274
v 2.958574 5.065328 0.571274
v 2.958574 4.558795 0.571274
v 2.958574 4.052262 0.571274
v 2.958574 3.545729 0.571274
v 2.958574 3.039197 0.571274
v 2.958574 2.532664 0.571274
v 2.958574 2.026131 0.571274
v 2.958574 1.519598 0.571274
v 2.958574 1.013066 0.571274
v 2.958574 0.506533 0.571274
v 2.958574 0.000000 0.571274
v 2.958574 -0.506533 0.571274
v 2.958574 -1.013066 0.571274
v 2.958574 -1.519598 0.571274
v 2.958574 -2.026131 0.571274
v 2.958574 -2.532664 0.571274
v 2.958574 -3.039197 0.571274
v 2.958574 -3.545729 0.571274
v 2.958574 -4.052262 0.571274
v 2.958574 -4.558795 0.571274
v 2.958574 -5.065328 0.571274
v 2.958574 -5.571861 0.571274
v 2.958574 -6.078393 0.571274
v 2.958574 -6.584926 0.571274
v 2.958574 -7.091459 0.571274
v 2.958574 -7.597992 0.571274
v 2.958574 -8.104524 0.571274
v 2.958574 -8.611057 0.571274
v 2.958574 -9.117590 0.571274
v 2.978321 9.117590 0.584762
v 2.978321 8.611057 0.584762
v 2.978321 8.104524 0.584762
v 2.978321 7.597992 0.584762
v 2.978321 7.091459 0.584762
v 2.978321 6.584926 0.584762
v 2.978321 6.078393 0.584762
v 2.978321 5.571861 0.584762
v 2.978321 5.065328 0.584762
v 2.978321 4.558795 0.584762
v 2.978321 4.052262 0.584762
v 2.978321 3.545729 0.584762
v 2.978321 3.039197 0.584762
v 2.978321 2.532664 0.584762
v 2.978321 2.026131 0.584762
v 2.978321 1.519598 0.584762
v 2.978321 1.013066 0.584762
v 2.978321 0.506533 0.584762
v 2.978321 0.000000 0.584762
v 2.978321 -0.506533 0.584762
v 2.978321 -1.013066 0.584762
v 2.978321 -1.519598 0.584762
v 2.978321 -2.026131 0.584762
v 2.978321 -2.532664 0.584762
v 2.978321 -3.039197 0.584762
v 2.978321 -3.545729 0.584762
v 2.978321 -4.052262 0.584762
v 2.978321 -4.558795 0.584762
v 2.978321 -5.065328 0.584762
v 2.978321 -5.571861 0.584762
v 2.978321 -6.078393 0.584762
v 2.978321 -6.584926 0.584762
v 2.978321 -7.091459 0.584762
v 2.978321 -7.597992 0.584762
v 2.978321 -8.104524 0.584762
v 2.978321 -8.611057 0.584762
v 2.978321 -9.117590 0.584762
v 2.994300 9.117590 0.602552
v 2.994300 8.611057 0.602552
v 2.994300 8.104524 0.602552
v 2.994300 7.597992 0.602552
v 2.994300 7.091459 0.602552
v 2.994300 6.584926 0.602552
v 2.994300 6.078393 0.602552
v 2.994300 5.571861 0.602552
v 2.994300 5.065328 0.602552
v 2.994300 4.558795 0.602552
v 2.994300 4.052262 0.602552
v 2.994300 3.545729 0.602552
v 2.994300 3.039197 0.602552
v 2.994300 2.532664 0.602552
v 2.994300 2.026131 0.602552
v 2.994300 1.519598 0.602552
v 2.994300 1.013066 0.602552
v 2.994300 0.506533 0.602552
v 2.994300 0.000000 0.602552
v 2.994300 -0.506533 0.602552
v 2.994300 -1.013066 0.602552
v 2.994300 -1.519598 0.602552
v 2.994300 -2.026131 0.602552
v 2.994300 -2.532664 0.602552
v 2.994300 -3.039197 0.602552
v 2.994300 -3.545729 0.602552
v 2.994300 -4.052262 0.602552
v 2.994300 -4.558795 0.602552
v 2.994300 -5.065328 0.602552
v 2.994300 -5.571861 0.602552
v 2.994300 -6.078393 0.602552
v 2.994300 -6.584926 0.602552
v 2.994300 -7.091459 0.602552
v 2.994300 -7.597992 0.602552
v 2.994300 -8.104524 0.602552
v 2.994300 -8.611057 0.602552
v 2.994300 -9.117590 0.602552
v 3.005599 9.117590 0.623628
v 3.005599 8.611057 0.623628
v 3.005599 8.104524 0.623628
v 3.005599 7.597992 0.623628
v 3.005599 7.091459 0.623628
v 3.005599 6.584926 0.623628
v 3.005599 6.078393 0.623628
v 3.005599 5.571861 0.623628
v 3.005599 5.065328 0.623628
v 3.005599 4.558795 0.623628
v 3.005599 4.052262 0.623628
v 3.005599 3.545729 0.623628
v 3.005599 3.039197 0.623628
v 3.005599 2.532664 0.623628
v 3.005599 2.026131 0.623628
v 3.005599 1.519598 0.623628
v 3.005599 1.013066 0.623628
v 3.005599 0.506533 0.623628
v 3.005599 0.000000 0.623628
v 3.005599 -0.506533 0.623628
v 3.005599 -1.013066 0.623628
v 3.005599 -1.519598 0.623628
v 3.005599 -2.026131 0.623628
v 3.005599 -2.532664 0.623628
v 3.005599 -3.039197 0.623628
v 3.005599 -3.545729 0.623628
v 3.005599 -4.052262 0.623628
v 3.005599 -4.558795 0.623628
v 3.005599 -5.065328 0.623628
v 3.005599 -5.571861 0.623628
v 3.005599 -6.078393 0.623628
v 3.005599 -6.584926 0.623628
v 3.005599 -7.091459 0.623628
v 3.005599 -7.597992 0.623628
v 3.005599 -8.104524 0.623628
v 3.005599 -8.611057 0.623628
v 3.005599 -9.117590 0.623628
v 3.013333 -9.625000 0.660000
v -3.013333 -9.625000 0.660000
v -3.012744 -9.624902 0.655583
v -3.012157 -9.624610 0.651175
v 3.012157 -9.624610 0.651175
v 3.012744 -9.624902 0.655583
v -2.465455 -9.621593 0.634118
v -1.917576 -9.621593 0.634118
v -1.369697 -9.621593 0.634118
v -0.821818 -9.621593 0.634118
v -0.273939 -9.621593 0.634118
v 0.273939 -9.621593 0.634118
v 0.821818 -9.621593 0.634118
v 1.369697 -9.621593 0.634118
v 1.917576 -9.621593 0.634118
v 2.465455 -9.621593 0.634118
v -2.465455 -9.611603 0.610000
v -1.917576 -9.611603 0.610000
v -1.369697 -9.611603 0.610000
v -0.821818 -9.611603 0.610000
v -0.273939 -9.611603 0.610000
v 0.273939 -9.611603 0.610000
v 0.821818 -9.611603 0.610000
v 1.369697 -9.611603 0.610000
v 1.917576 -9.611603 0.610000
v 2.465455 -9.611603 0.610000
v -2.465455 -9.595711 0.589289
v -1.917576 -9.595711 0.589289
v -1.369697 -9.595711 0.589289
v -0.821818 -9.595711 0.589289
v -0.273939 -9.595711 0.589289
v 0.273939 -9.595711 0.589289
v 0.821818 -9.595711 0.589289
v 1.369697 -9.595711 0.589289
v 1.917576 -9.595711 0.589289
v 2.465455 -9.595711 0.589289
v -2.465455 -9.575000 0.573397
v -1.917576 -9.575000 0.573397
v -1.369697 -9.575000 0.573397
v -0.821818 -9.575000 0.573397
v -0.273939 -9.575000 0.573397
v 0.273939 -9.575000 0.573397
v 0.821818 -9.575000 0.573397
v 1.369697 -9.575000 0.573397
v 1.917576 -9.575000 0.573397
v 2.465455 -9.575000 0.573397
v -2.465455 -9.550882 0.563407
v -1.917576 -9.550882 0.563407
v -1.369697 -9.550882 0.563407
v -0.821818 -9.550882 0.563407
v -0.273939 -9.550882 0.563407
v 0.273939 -9.550882 0.563407
v 0.821818 -9.550882 0.563407
v 1.369697 -9.550882 0.563407
v 1.917576 -9.550882 0.563407
v 2.465455 -9.550882 0.563407
v -3.200000 -9.625000 2.060000
v -3.200000 9.625000 2.060000
v 3.200000 -9.625000 2.060000
v 3.200000 9.625000 2.060000
vt -1.443662 -0.007191 0.000000
vt 0.481162 -0.007191 0.000000
vt -1.443266 -0.005393 0.000000
vt -0.785170 -0.004794 0.000000
vt -0.835823 -0.004794 0.000000
vt -0.835823 -0.002397 0.000000
vt -0.886476 -0.002397 0.000000
vt -0.886476 -0.000000 0.000000
vt -0.937130 -0.000000 0.000000
vt -0.937130 0.002397 0.000000
vt -0.987783 0.002397 0.000000
vt -0.987783 0.004794 0.000000
vt -1.038436 0.004794 0.000000
vt -1.433750 0.007191 0.000000
vt -1.089089 0.004794 0.000000
vt -1.139743 0.004794 0.000000
vt -1.089089 0.002397 0.000000
vt -1.139743 0.002397 0.000000
vt -1.089089 -0.000000 0.000000
vt -1.139743 -0.000000 0.000000
vt -1.089089 -0.002397 0.000000
vt -1.139743 -0.002397 0.000000
vt -1.089089 -0.004794 0.000000
vt -1.139743 -0.004794 0.000000
vt -1.190396 -0.004794 0.000000
vt -1.241049 -0.004794 0.000000
vt -1.241049 -0.002397 0.000000
vt -1.291702 -0.002397 0.000000
vt -1.291702 -0.000000 0.000000
vt -1.342356 -0.000000 0.000000
vt -1.342356 0.002397 0.000000
vt -1.393009 0.002397 0.000000
vt -1.393009 0.004794 0.000000
vt -1.437269 0.003596 0.000000
vt -1.342356 0.004794 0.000000
vt -1.291702 0.004794 0.000000
vt -1.291702 0.002397 0.000000
vt -1.241049 0.002397 0.000000
vt -1.241049 -0.000000 0.000000
vt -1.190396 -0.000000 0.000000
vt -1.190396 -0.002397 0.000000
vt 0.480766 -0.005393 0.000000
vt 0.430509 -0.004794 0.000000
vt 0.379856 -0.004794 0.000000
vt 0.329202 -0.004794 0.000000
vt 0.329202 -0.002397 0.000000
vt 0.278549 -0.002397 0.000000
vt 0.278549 -0.000000 0.000000
vt 0.227896 -0.000000 0.000000
vt 0.227896 0.002397 0.000000
vt 0.177243 0.002397 0.000000
vt 0.177243 0.004794 0.000000
vt 0.126589 0.004794 0.000000
vt 0.471250 0.007191 0.000000
vt 0.075936 0.004794 0.000000
vt 0.025283 0.004794 0.000000
vt 0.075936 0.002397 0.000000
vt 0.025283 0.002397 0.000000
vt 0.075936 -0.000000 0.000000
vt 0.025283 -0.000000 0.000000
vt 0.075936 -0.002397 0.000000
vt 0.025283 -0.002397 0.000000
vt 0.075936 -0.004794 0.000000
vt 0.025283 -0.004794 0.000000
vt -0.025370 -0.004794 0.000000
vt -0.076024 -0.004794 0.000000
vt -0.076024 -0.002397 0.000000
vt -0.126677 -0.002397 0.000000
vt -0.126677 -0.000000 0.000000
vt -0.177330 -0.000000 0.000000
vt -0.177330 0.002397 0.000000
vt -0.227984 0.002397 0.000000
vt -0.227984 0.004794 0.000000
vt -0.278637 0.004794 0.000000
vt -0.329290 0.004794 0.000000
vt -0.379943 0.004794 0.000000
vt -0.329290 0.002397 0.000000
vt -0.379943 0.002397 0.000000
vt -0.329290 -0.000000 0.000000
vt -0.379943 -0.000000 0.000000
vt -0.329290 -0.002397 0.000000
vt -0.379943 -0.002397 0.000000
vt -0.329290 -0.004794 0.000000
vt -0.379943 -0.004794 0.000000
vt -0.430597 -0.004794 0.000000
vt -0.481250 -0.004794 0.000000
vt -0.481250 -0.002397 0.000000
vt -0.531903 -0.002397 0.000000
vt -0.531903 -0.000000 0.000000
vt -0.582557 -0.000000 0.000000
vt -0.582557 0.002397 0.000000
vt -0.633210 0.002397 0.000000
vt -0.633210 0.004794 0.000000
vt -0.683863 0.004794 0.000000
vt -0.734516 0.004794 0.000000
vt -0.785170 0.004794 0.000000
vt -0.734516 0.002397 0.000000
vt -0.785170 0.002397 0.000000
vt -0.734516 -0.000000 0.000000
vt -0.785170 -0.000000 0.000000
vt -0.734516 -0.002397 0.000000
vt -0.785170 -0.002397 0.000000
vt -0.734516 -0.004794 0.000000
vt 0.480063 -0.003596 0.000000
vt 0.430509 -0.002397 0.000000
vt 0.379856 -0.002397 0.000000
vt 0.379856 -0.000000 0.000000
vt 0.329202 -0.000000 0.000000
vt 0.329202 0.002397 0.000000
vt 0.278549 0.002397 0.000000
vt 0.278549 0.004794 0.000000
vt 0.227896 0.004794 0.000000
vt 0.479076 -0.001798 0.000000
vt 0.430509 -0.000000 0.000000
vt 0.379856 0.002397 0.000000
vt 0.329202 0.004794 0.000000
vt 0.477837 -0.000000 0.000000
vt 0.476386 0.001798 0.000000
vt 0.430509 0.002397 0.000000
vt 0.474769 0.003596 0.000000
vt 0.430509 0.004794 0.000000
vt 0.379856 0.004794 0.000000
vt -0.481250 0.004794 0.000000
vt -0.430597 0.004794 0.000000
vt -1.438886 0.001798 0.000000
vt -1.393009 -0.000000 0.000000
vt -1.342356 -0.002397 0.000000
vt -1.291702 -0.004794 0.000000
vt -1.440337 -0.000000 0.000000
vt -1.441576 -0.001798 0.000000
vt -1.393009 -0.002397 0.000000
vt -1.442563 -0.003596 0.000000
vt -1.393009 -0.004794 0.000000
vt -1.342356 -0.004794 0.000000
vt 0.278549 -0.004794 0.000000
vt 0.227896 -0.004794 0.000000
vt 0.177243 -0.004794 0.000000
vt 0.177243 -0.002397 0.000000
vt 0.126589 -0.002397 0.000000
vt 0.126589 -0.000000 0.000000
vt 0.227896 -0.002397 0.000000
vt 0.126589 -0.004794 0.000000
vt -0.025370 -0.002397 0.000000
vt -0.025370 -0.000000 0.000000
vt -0.025370 0.002397 0.000000
vt -0.025370 0.004794 0.000000
vt -0.126677 -0.004794 0.000000
vt -0.177330 -0.004794 0.000000
vt -0.227984 -0.004794 0.000000
vt -0.227984 -0.002397 0.000000
vt -0.278637 -0.002397 0.000000
vt -0.278637 -0.000000 0.000000
vt -0.177330 -0.002397 0.000000
vt -0.278637 -0.004794 0.000000
vt -0.430597 -0.002397 0.000000
vt -0.430597 -0.000000 0.000000
vt -0.430597 0.002397 0.000000
vt -0.531903 -0.004794 0.000000
vt -0.582557 -0.004794 0.000000
vt -0.633210 -0.004794 0.000000
vt -0.633210 -0.002397 0.000000
vt -0.683863 -0.002397 0.000000
vt -0.683863 -0.000000 0.000000
vt -0.582557 -0.002397 0.000000
vt -0.683863 -0.004794 0.000000
vt -0.886476 -0.004794 0.000000
vt -0.937130 -0.004794 0.000000
vt -0.987783 -0.004794 0.000000
vt -0.987783 -0.002397 0.000000
vt -1.038436 -0.002397 0.000000
vt -1.038436 -0.000000 0.000000
vt -0.937130 -0.002397 0.000000
vt -1.038436 -0.004794 0.000000
vt 0.177243 -0.000000 0.000000
vt -0.076024 -0.000000 0.000000
vt -0.126677 0.002397 0.000000
vt -0.177330 0.004794 0.000000
vt -0.227984 -0.000000 0.000000
vt -0.481250 -0.000000 0.000000
vt -0.531903 0.002397 0.000000
vt -0.582557 0.004794 0.000000
vt -0.633210 -0.000000 0.000000
vt -0.835823 -0.000000 0.000000
vt -0.835823 0.002397 0.000000
vt -0.835823 0.004794 0.000000
vt -0.987783 -0.000000 0.000000
vt 0.126589 0.002397 0.000000
vt -0.076024 0.002397 0.000000
vt -0.076024 0.004794 0.000000
vt -0.278637 0.002397 0.000000
vt -0.481250 0.002397 0.000000
vt -0.683863 0.002397 0.000000
vt -0.886476 0.002397 0.000000
vt -0.937130 0.004794 0.000000
vt -1.038436 0.002397 0.000000
vt -1.190396 0.002397 0.000000
vt -1.190396 0.004794 0.000000
vt -0.126677 0.004794 0.000000
vt -0.531903 0.004794 0.000000
vt -0.886476 0.004794 0.000000
vt -1.241049 0.004794 0.000000
vt 0.151333 -0.007854 0.000000
vt 0.151274 -0.007412 0.000000
vt -0.451333 -0.007854 0.000000
vt -0.451274 -0.007412 0.000000
vt 0.151216 -0.006970 0.000000
vt -0.451216 -0.006970 0.000000
vt -0.451157 -0.006528 0.000000
vt -0.177394 -0.005236 0.000000
vt -0.232182 -0.005236 0.000000
vt -0.232182 -0.002618 0.000000
vt -0.286970 -0.002618 0.000000
vt -0.286970 0.000000 0.000000
vt -0.341758 0.000000 0.000000
vt -0.341758 0.002618 0.000000
vt -0.396545 0.002618 0.000000
vt -0.396545 0.005236 0.000000
vt -0.444763 0.004258 0.000000
vt -0.441245 0.007854 0.000000
vt -0.341758 0.005236 0.000000
vt -0.286970 0.005236 0.000000
vt -0.286970 0.002618 0.000000
vt -0.232182 0.002618 0.000000
vt -0.232182 0.000000 0.000000
vt -0.177394 0.000000 0.000000
vt -0.177394 -0.002618 0.000000
vt -0.122606 -0.002618 0.000000
vt -0.122606 -0.005236 0.000000
vt -0.067818 -0.005236 0.000000
vt -0.013030 -0.005236 0.000000
vt 0.041758 -0.005236 0.000000
vt -0.013030 -0.002618 0.000000
vt 0.041758 -0.002618 0.000000
vt -0.013030 0.000000 0.000000
vt 0.041758 0.000000 0.000000
vt -0.013030 0.002618 0.000000
vt 0.041758 0.002618 0.000000
vt -0.013030 0.005236 0.000000
vt 0.041758 0.005236 0.000000
vt 0.141245 0.007854 0.000000
vt 0.096545 0.005236 0.000000
vt 0.144763 0.004258 0.000000
vt 0.096545 0.002618 0.000000
vt 0.146381 0.002461 0.000000
vt 0.147832 0.000663 0.000000
vt 0.096545 0.000000 0.000000
vt 0.149071 -0.001135 0.000000
vt 0.096545 -0.002618 0.000000
vt 0.150058 -0.002933 0.000000
vt 0.150761 -0.004731 0.000000
vt 0.096545 -0.005236 0.000000
vt 0.151157 -0.006528 0.000000
vt -0.122606 0.005236 0.000000
vt -0.067818 0.005236 0.000000
vt -0.446381 0.002461 0.000000
vt -0.447832 0.000663 0.000000
vt -0.396545 0.000000 0.000000
vt -0.449071 -0.001135 0.000000
vt -0.396545 -0.002618 0.000000
vt -0.450058 -0.002933 0.000000
vt -0.450761 -0.004731 0.000000
vt -0.396545 -0.005236 0.000000
vt -0.341758 -0.005236 0.000000
vt -0.286970 -0.005236 0.000000
vt -0.341758 -0.002618 0.000000
vt -0.067818 -0.002618 0.000000
vt -0.067818 0.000000 0.000000
vt -0.067818 0.002618 0.000000
vt -0.122606 0.000000 0.000000
vt -0.177394 0.002618 0.000000
vt -0.232182 0.005236 0.000000
vt -0.122606 0.002618 0.000000
vt -0.177394 0.005236 0.000000
vt -1.433750 0.007191 0.000000
vt -0.481250 0.004794 0.000000
vt 0.471250 0.007191 0.000000
vt -0.430597 0.004794 0.000000
vt -0.379943 0.004794 0.000000
vt -0.379943 0.002397 0.000000
vt -0.329290 0.002397 0.000000
vt -0.329290 -0.000000 0.000000
vt -0.278637 -0.000000 0.000000
vt -0.278637 -0.002397 0.000000
vt -0.227984 -0.002397 0.000000
vt -0.227984 -0.004794 0.000000
vt -0.177330 -0.004794 0.000000
vt 0.481162 -0.007191 0.000000
vt -0.126677 -0.004794 0.000000
vt -0.076024 -0.004794 0.000000
vt -0.126677 -0.002397 0.000000
vt -0.076024 -0.002397 0.000000
vt -0.126677 -0.000000 0.000000
vt -0.076024 -0.000000 0.000000
vt -0.126677 0.002397 0.000000
vt -0.076024 0.002397 0.000000
vt -0.126677 0.004794 0.000000
vt -0.076024 0.004794 0.000000
vt -0.025370 0.004794 0.000000
vt 0.025283 0.004794 0.000000
vt 0.025283 0.002397 0.000000
vt 0.075936 0.002397 0.000000
vt 0.075936 -0.000000 0.000000
vt 0.126589 -0.000000 0.000000
vt 0.126589 -0.002397 0.000000
vt 0.177243 -0.002397 0.000000
vt 0.177243 -0.004794 0.000000
vt 0.227896 -0.004794 0.000000
vt 0.278549 -0.004794 0.000000
vt 0.329202 -0.004794 0.000000
vt 0.278549 -0.002397 0.000000
vt 0.329202 -0.002397 0.000000
vt 0.278549 -0.000000 0.000000
vt 0.329202 -0.000000 0.000000
vt 0.278549 0.002397 0.000000
vt 0.329202 0.002397 0.000000
vt 0.278549 0.004794 0.000000
vt 0.329202 0.004794 0.000000
vt 0.379856 0.004794 0.000000
vt 0.430509 0.004794 0.000000
vt 0.430509 0.002397 0.000000
vt 0.474769 0.003596 0.000000
vt 0.476386 0.001798 0.000000
vt 0.430509 -0.000000 0.000000
vt 0.477837 -0.000000 0.000000
vt 0.479076 -0.001798 0.000000
vt 0.430509 -0.002397 0.000000
vt 0.480063 -0.003596 0.000000
vt 0.430509 -0.004794 0.000000
vt 0.480766 -0.005393 0.000000
vt 0.379856 -0.004794 0.000000
vt -1.437269 0.003596 0.000000
vt -1.393009 0.004794 0.000000
vt -1.342356 0.004794 0.000000
vt -1.291702 0.004794 0.000000
vt -1.291702 0.002397 0.000000
vt -1.241049 0.002397 0.000000
vt -1.241049 0.000000 0.000000
vt -1.190396 0.000000 0.000000
vt -1.190396 -0.002397 0.000000
vt -1.139743 -0.002397 0.000000
vt -1.139743 -0.004794 0.000000
vt -1.089089 -0.004794 0.000000
vt -1.443266 -0.005393 0.000000
vt -1.038436 -0.004794 0.000000
vt -0.987783 -0.004794 0.000000
vt -1.038436 -0.002397 0.000000
vt -0.987783 -0.002397 0.000000
vt -1.038436 0.000000 0.000000
vt -0.987783 0.000000 0.000000
vt -1.038436 0.002397 0.000000
vt -0.987783 0.002397 0.000000
vt -1.038436 0.004794 0.000000
vt -0.987783 0.004794 0.000000
vt -0.937130 0.004794 0.000000
vt -0.886476 0.004794 0.000000
vt -0.886476 0.002397 0.000000
vt -0.835823 0.002397 0.000000
vt -0.835823 -0.000000 0.000000
vt -0.785170 -0.000000 0.000000
vt -0.785170 -0.002397 0.000000
vt -0.734516 -0.002397 0.000000
vt -0.734516 -0.004794 0.000000
vt -0.683863 -0.004794 0.000000
vt -0.633210 -0.004794 0.000000
vt -0.582557 -0.004794 0.000000
vt -0.633210 -0.002397 0.000000
vt -0.582557 -0.002397 0.000000
vt -0.633210 -0.000000 0.000000
vt -0.582557 -0.000000 0.000000
vt -0.633210 0.002397 0.000000
vt -0.582557 0.002397 0.000000
vt -0.633210 0.004794 0.000000
vt -0.582557 0.004794 0.000000
vt -0.531903 0.004794 0.000000
vt -0.481250 0.002397 0.000000
vt -0.430597 0.002397 0.000000
vt -0.430597 -0.000000 0.000000
vt -0.379943 -0.000000 0.000000
vt -0.379943 -0.002397 0.000000
vt -0.329290 -0.002397 0.000000
vt -0.329290 -0.004794 0.000000
vt -0.278637 -0.004794 0.000000
vt -1.393009 0.002397 0.000000
vt -1.438886 0.001798 0.000000
vt -1.393009 0.000000 0.000000
vt -1.440337 0.000000 0.000000
vt -1.441576 -0.001798 0.000000
vt -1.393009 -0.002397 0.000000
vt -1.442563 -0.003596 0.000000
vt -1.393009 -0.004794 0.000000
vt -1.342356 -0.004794 0.000000
vt -1.291702 -0.004794 0.000000
vt -1.342356 -0.002397 0.000000
vt -1.291702 -0.002397 0.000000
vt -1.342356 0.000000 0.000000
vt -1.291702 0.000000 0.000000
vt -1.342356 0.002397 0.000000
vt -1.443662 -0.007191 0.000000
vt -0.785170 -0.004794 0.000000
vt -0.835823 -0.004794 0.000000
vt -0.835823 -0.002397 0.000000
vt -0.886476 -0.002397 0.000000
vt -0.886476 -0.000000 0.000000
vt -0.937130 -0.000000 0.000000
vt -0.937130 0.002397 0.000000
vt -1.241049 0.004794 0.000000
vt -1.190396 0.004794 0.000000
vt -1.139743 0.004794 0.000000
vt -1.139743 0.002397 0.000000
vt -1.089089 0.002397 0.000000
vt -1.089089 0.000000 0.000000
vt -1.190396 0.002397 0.000000
vt -1.089089 0.004794 0.000000
vt -0.835823 0.004794 0.000000
vt -0.785170 0.004794 0.000000
vt -0.734516 0.004794 0.000000
vt -0.734516 0.002397 0.000000
vt -0.683863 0.002397 0.000000
vt -0.683863 -0.000000 0.000000
vt -0.785170 0.002397 0.000000
vt -0.683863 0.004794 0.000000
vt -0.531903 0.002397 0.000000
vt -0.531903 -0.000000 0.000000
vt -0.531903 -0.002397 0.000000
vt -0.531903 -0.004794 0.000000
vt -0.329290 0.004794 0.000000
vt -0.278637 0.004794 0.000000
vt -0.227984 0.004794 0.000000
vt -0.227984 0.002397 0.000000
vt -0.177330 0.002397 0.000000
vt -0.177330 -0.000000 0.000000
vt -0.278637 0.002397 0.000000
vt -0.177330 0.004794 0.000000
vt -0.025370 0.002397 0.000000
vt -0.025370 -0.000000 0.000000
vt -0.025370 -0.002397 0.000000
vt -0.025370 -0.004794 0.000000
vt 0.075936 0.004794 0.000000
vt 0.126589 0.004794 0.000000
vt 0.177243 0.004794 0.000000
vt 0.177243 0.002397 0.000000
vt 0.227896 0.002397 0.000000
vt 0.227896 -0.000000 0.000000
vt 0.126589 0.002397 0.000000
vt 0.227896 0.004794 0.000000
vt 0.379856 0.002397 0.000000
vt 0.379856 -0.000000 0.000000
vt 0.379856 -0.002397 0.000000
vt -1.139743 0.000000 0.000000
vt -0.734516 -0.000000 0.000000
vt -0.481250 -0.000000 0.000000
vt -0.430597 -0.002397 0.000000
vt -0.379943 -0.004794 0.000000
vt -0.227984 -0.000000 0.000000
vt 0.025283 -0.000000 0.000000
vt 0.075936 -0.002397 0.000000
vt 0.126589 -0.004794 0.000000
vt 0.177243 -0.000000 0.000000
vt -1.241049 -0.002397 0.000000
vt -1.241049 -0.004794 0.000000
vt -1.089089 -0.002397 0.000000
vt -0.937130 -0.002397 0.000000
vt -0.937130 -0.004794 0.000000
vt -0.683863 -0.002397 0.000000
vt -0.481250 -0.002397 0.000000
vt -0.481250 -0.004794 0.000000
vt -0.177330 -0.002397 0.000000
vt 0.025283 -0.002397 0.000000
vt 0.025283 -0.004794 0.000000
vt 0.227896 -0.002397 0.000000
vt -1.190396 -0.004794 0.000000
vt -0.886476 -0.004794 0.000000
vt -0.430597 -0.004794 0.000000
vt 0.075936 -0.004794 0.000000
vt 0.151333 -0.007854 0.000000
vt 0.151274 -0.007412 0.000000
vt -0.451333 -0.007854 0.000000
vt -0.451274 -0.007412 0.000000
vt 0.151216 -0.006970 0.000000
vt -0.451216 -0.006970 0.000000
vt -0.451157 -0.006528 0.000000
vt -0.177394 -0.005236 0.000000
vt -0.232182 -0.005236 0.000000
vt -0.232182 -0.002618 0.000000
vt -0.286970 -0.002618 0.000000
vt -0.286970 0.000000 0.000000
vt -0.341758 0.000000 0.000000
vt -0.341758 0.002618 0.000000
vt -0.396545 0.002618 0.000000
vt -0.396545 0.005236 0.000000
vt -0.444763 0.004258 0.000000
vt -0.441245 0.007854 0.000000
vt -0.341758 0.005236 0.000000
vt -0.286970 0.005236 0.000000
vt -0.286970 0.002618 0.000000
vt -0.232182 0.002618 0.000000
vt -0.232182 0.000000 0.000000
vt -0.177394 0.000000 0.000000
vt -0.177394 -0.002618 0.000000
vt -0.122606 -0.002618 0.000000
vt -0.122606 -0.005236 0.000000
vt -0.067818 -0.005236 0.000000
vt -0.013030 -0.005236 0.000000
vt 0.041758 -0.005236 0.000000
vt -0.013030 -0.002618 0.000000
vt 0.041758 -0.002618 0.000000
vt -0.013030 0.000000 0.000000
vt 0.041758 0.000000 0.000000
vt -0.013030 0.002618 0.000000
vt 0.041758 0.002618 0.000000
vt -0.013030 0.005236 0.000000
vt 0.041758 0.005236 0.000000
vt 0.141245 0.007854 0.000000
vt 0.096545 0.005236 0.000000
vt 0.144763 0.004258 0.000000
vt 0.096545 0.002618 0.000000
vt 0.146381 0.002461 0.000000
vt 0.147832 0.000663 0.000000
vt 0.096545 0.000000 0.000000
vt 0.149071 -0.001135 0.000000
vt 0.096545 -0.002618 0.000000
vt 0.150058 -0.002933 0.000000
vt 0.150761 -0.004731 0.000000
vt 0.096545 -0.005236 0.000000
vt 0.151157 -0.006528 0.000000
vt -0.122606 0.005236 0.000000
vt -0.067818 0.005236 0.000000
vt -0.446381 0.002461 0.000000
vt -0.447832 0.000663 0.000000
vt -0.396545 0.000000 0.000000
vt -0.449071 -0.001135 0.000000
vt -0.396545 -0.002618 0.000000
vt -0.450058 -0.002933 0.000000
vt -0.450761 -0.004731 0.000000
vt -0.396545 -0.005236 0.000000
vt -0.341758 -0.005236 0.000000
vt -0.286970 -0.005236 0.000000
vt -0.341758 -0.002618 0.000000
vt -0.067818 -0.002618 0.000000
vt -0.067818 0.000000 0.000000
vt -0.067818 0.002618 0.000000
vt -0.122606 0.000000 0.000000
vt -0.177394 0.002618 0.000000
vt -0.232182 0.005236 0.000000
vt -0.122606 0.002618 0.000000
vt -0.177394 0.005236 0.000000
vt 0.009643 -0.000010 0.000000
vt 0.009643 -1.924990 0.000000
vt 0.010088 -0.000000 0.000000
vt 0.010088 -1.925000 0.000000
vt 0.151327 -1.925000 0.000000
vt 0.009198 -1.924961 0.000000
vt 0.009198 -0.000039 0.000000
vt 0.008755 -1.924912 0.000000
vt 0.008755 -0.000088 0.000000
vt 0.151327 0.000000 0.000000
vt -0.010000 -0.001333 0.000000
vt -0.010000 0.601333 0.000000
vt -0.150000 -0.020000 0.000000
vt -0.150000 0.620000 0.000000
vt 0.291245 0.952500 0.000000
vt -0.291245 0.952500 0.000000
vt 0.291245 -0.952500 0.000000
vt -0.291245 -0.952500 0.000000
vt -0.320000 -0.962500 0.000000
vt 0.320000 -0.962500 0.000000
vt -0.320000 0.962500 0.000000
vt 0.320000 0.962500 0.000000
vt -0.008755 1.924912 0.000000
vt -0.009198 1.924961 0.000000
vt -0.008755 0.000088 0.000000
vt -0.009198 0.000039 0.000000
vt -0.009643 1.924990 0.000000
vt -0.009643 0.000010 0.000000
vt -0.010088 1.925000 0.000000
vt -0.010088 0.000000 0.000000
vt -0.151327 0.000000 0.000000
vt -0.151327 1.925000 0.000000
vt 0.010000 -0.601333 0.000000
vt 0.150000 -0.620000 0.000000
vt 0.010000 0.001333 0.000000
vt 0.150000 0.020000 0.000000
vn -0.099123 0.000000 -0.013216
vn -0.099123 0.000000 -0.013216
vn -0.095162 0.000000 -0.030728
vn -0.093151 0.000000 -0.036372
vn -0.093151 0.000000 -0.036372
vn -0.081852 0.000000 -0.057448
vn -0.081852 0.000000 -0.057448
vn -0.065872 0.000000 -0.075238
vn -0.065872 0.000000 -0.075238
vn -0.046126 0.000000 -0.088726
vn -0.046126 0.000000 -0.088726
vn -0.023742 0.000000 -0.097141
vn -0.023742 0.000000 -0.097141
vn 0.000000 -0.000000 -0.100000
vn -0.023742 0.000000 -0.097141
vn -0.023742 0.000000 -0.097141
vn -0.046126 0.000000 -0.088726
vn -0.046126 0.000000 -0.088726
vn -0.065872 0.000000 -0.075238
vn -0.065872 0.000000 -0.075238
vn -0.081852 0.000000 -0.057448
vn -0.081852 0.000000 -0.057448
vn -0.093151 0.000000 -0.036372
vn -0.093151 0.000000 -0.036372
vn -0.093151 0.000000 -0.036372
vn -0.093151 0.000000 -0.036372
vn -0.081852 0.000000 -0.057448
vn -0.081852 0.000000 -0.057448
vn -0.065872 0.000000 -0.075238
vn -0.065872 0.000000 -0.075238
vn -0.046126 0.000000 -0.088726
vn -0.046126 0.000000 -0.088726
vn -0.023742 0.000000 -0.097141
vn -0.035186 0.000000 -0.093605
vn -0.023742 0.000000 -0.097141
vn -0.023742 0.000000 -0.097141
vn -0.046126 0.000000 -0.088726
vn -0.046126 0.000000 -0.088726
vn -0.065872 0.000000 -0.075238
vn -0.065872 0.000000 -0.075238
vn -0.081852 0.000000 -0.057448
vn -0.095162 0.000000 -0.030728
vn -0.093151 0.000000 -0.036372
vn -0.093151 0.000000 -0.036372
vn -0.093151 0.000000 -0.036372
vn -0.081852 0.000000 -0.057448
vn -0.081852 0.000000 -0.057448
vn -0.065872 0.000000 -0.075238
vn -0.065872 0.000000 -0.075238
vn -0.046126 0.000000 -0.088726
vn -0.046126 0.000000 -0.088726
vn -0.023742 0.000000 -0.097141
vn -0.023742 0.000000 -0.097141
vn -0.000000 0.000000 -0.100000
vn -0.023742 0.000000 -0.097141
vn -0.023742 0.000000 -0.097141
vn -0.046126 0.000000 -0.088726
vn -0.046126 0.000000 -0.088726
vn -0.065872 0.000000 -0.075238
vn -0.065872 0.000000 -0.075238
vn -0.081852 0.000000 -0.057448
vn -0.081852 0.000000 -0.057448
vn -0.093151 0.000000 -0.036372
vn -0.093151 0.000000 -0.036372
vn -0.093151 0.000000 -0.036372
vn -0.093151 0.000000 -0.036372
vn -0.081852 0.000000 -0.057448
vn -0.081852 0.000000 -0.057448
vn -0.065872 0.000000 -0.075238
vn -0.065872 0.000000 -0.075238
vn -0.046126 0.000000 -0.088726
vn -0.046126 0.000000 -0.088726
vn -0.023742 0.000000 -0.097141
vn -0.023742 0.000000 -0.097141
vn -0.023742 0.000000 -0.097141
vn -0.023742 0.000000 -0.097141
vn -0.046126 0.000000 -0.088726
vn -0.046126 0.000000 -0.088726
vn -0.065872 0.000000 -0.075238
vn -0.065872 0.000000 -0.075238
vn -0.081852 0.000000 -0.057448
vn -0.081852 0.000000 -0.057448
vn -0.093151 0.000000 -0.036372
vn -0.093151 0.000000 -0.036372
vn -0.093151 0.000000 -0.036372
vn -0.093151 0.000000 -0.036372
vn -0.081852 0.000000 -0.057448
vn -0.081852 0.000000 -0.057448
vn -0.065872 0.000000 -0.075238
vn -0.065872 0.000000 -0.075238
vn -0.046126 0.000000 -0.088726
vn -0.046126 0.000000 -0.088726
vn -0.023742 0.000000 -0.097141
vn -0.023742 0.000000 -0.097141
vn -0.023742 0.000000 -0.097141
vn -0.023742 0.000000 -0.097141
vn -0.046126 0.000000 -0.088726
vn -0.046126 0.000000 -0.088726
vn -0.065872 0.000000 -0.075238
vn -0.065872 0.000000 -0.075238
vn -0.081852 0.000000 -0.057448
vn -0.081852 0.000000 -0.057448
vn -0.093151 0.000000 -0.036372
vn -0.088134 0.000000 -0.047249
vn -0.081852 0.000000 -0.057448
vn -0.081852 0.000000 -0.057448
vn -0.065872 0.000000 -0.075238
vn -0.065872 0.000000 -0.075238
vn -0.046126 0.000000 -0.088726
vn -0.046126 0.000000 -0.088726
vn -0.023742 0.000000 -0.097141
vn -0.023742 0.000000 -0.097141
vn -0.078264 0.000000 -0.062247
vn -0.065872 0.000000 -0.075238
vn -0.046126 0.000000 -0.088726
vn -0.023742 0.000000 -0.097141
vn -0.065872 0.000000 -0.075238
vn -0.051357 0.000000 -0.085805
vn -0.046126 0.000000 -0.088726
vn -0.035186 0.000000 -0.093605
vn -0.023742 0.000000 -0.097141
vn -0.023742 0.000000 -0.097141
vn -0.023742 0.000000 -0.097141
vn -0.023742 0.000000 -0.097141
vn -0.051357 0.000000 -0.085805
vn -0.065872 0.000000 -0.075238
vn -0.081852 0.000000 -0.057448
vn -0.093151 0.000000 -0.036372
vn -0.065872 0.000000 -0.075238
vn -0.078264 0.000000 -0.062247
vn -0.081852 0.000000 -0.057448
vn -0.088134 0.000000 -0.047249
vn -0.093151 0.000000 -0.036372
vn -0.093151 0.000000 -0.036372
vn -0.093151 0.000000 -0.036372
vn -0.093151 0.000000 -0.036372
vn -0.093151 0.000000 -0.036372
vn -0.081852 0.000000 -0.057448
vn -0.081852 0.000000 -0.057448
vn -0.065872 0.000000 -0.075238
vn -0.081852 0.000000 -0.057448
vn -0.093151 0.000000 -0.036372
vn -0.081852 0.000000 -0.057448
vn -0.065872 0.000000 -0.075238
vn -0.046126 0.000000 -0.088726
vn -0.023742 0.000000 -0.097141
vn -0.093151 0.000000 -0.036372
vn -0.093151 0.000000 -0.036372
vn -0.093151 0.000000 -0.036372
vn -0.081852 0.000000 -0.057448
vn -0.081852 0.000000 -0.057448
vn -0.065872 0.000000 -0.075238
vn -0.081852 0.000000 -0.057448
vn -0.093151 0.000000 -0.036372
vn -0.081852 0.000000 -0.057448
vn -0.065872 0.000000 -0.075238
vn -0.046126 0.000000 -0.088726
vn -0.093151 0.000000 -0.036372
vn -0.093151 0.000000 -0.036372
vn -0.093151 0.000000 -0.036372
vn -0.081852 0.000000 -0.057448
vn -0.081852 0.000000 -0.057448
vn -0.065872 0.000000 -0.075238
vn -0.081852 0.000000 -0.057448
vn -0.093151 0.000000 -0.036372
vn -0.093151 0.000000 -0.036372
vn -0.093151 0.000000 -0.036372
vn -0.093151 0.000000 -0.036372
vn -0.081852 0.000000 -0.057448
vn -0.081852 0.000000 -0.057448
vn -0.065872 0.000000 -0.075238
vn -0.081852 0.000000 -0.057448
vn -0.093151 0.000000 -0.036372
vn -0.065872 0.000000 -0.075238
vn -0.065872 0.000000 -0.075238
vn -0.046126 0.000000 -0.088726
vn -0.023742 0.000000 -0.097141
vn -0.065872 0.000000 -0.075238
vn -0.065872 0.000000 -0.075238
vn -0.046126 0.000000 -0.088726
vn -0.023742 0.000000 -0.097141
vn -0.065872 0.000000 -0.075238
vn -0.065872 0.000000 -0.075238
vn -0.046126 0.000000 -0.088726
vn -0.023742 0.000000 -0.097141
vn -0.065872 0.000000 -0.075238
vn -0.046126 0.000000 -0.088726
vn -0.046126 0.000000 -0.088726
vn -0.023742 0.000000 -0.097141
vn -0.046126 0.000000 -0.088726
vn -0.046126 0.000000 -0.088726
vn -0.046126 0.000000 -0.088726
vn -0.046126 0.000000 -0.088726
vn -0.023742 0.000000 -0.097141
vn -0.046126 0.000000 -0.088726
vn -0.046126 0.000000 -0.088726
vn -0.023742 0.000000 -0.097141
vn -0.023742 0.000000 -0.097141
vn -0.023742 0.000000 -0.097141
vn -0.023742 0.000000 -0.097141
vn -0.023742 0.000000 -0.097141
vn 0.000000 0.100000 0.000000
vn -0.000000 0.099902 -0.004417
vn 0.000000 0.100000 0.000000
vn -0.000000 0.099902 -0.004417
vn -0.000000 0.099610 -0.008825
vn -0.000000 0.099610 -0.008825
vn -0.000000 0.099123 -0.013216
vn -0.000000 0.096593 -0.025882
vn -0.000000 0.096593 -0.025882
vn -0.000000 0.086603 -0.050000
vn -0.000000 0.086603 -0.050000
vn -0.000000 0.070711 -0.070711
vn -0.000000 0.070711 -0.070711
vn -0.000000 0.050000 -0.086603
vn -0.000000 0.050000 -0.086603
vn -0.000000 0.025882 -0.096593
vn -0.000000 0.035186 -0.093605
vn -0.000000 0.025882 -0.096593
vn -0.000000 0.025882 -0.096593
vn -0.000000 0.050000 -0.086603
vn -0.000000 0.050000 -0.086603
vn -0.000000 0.070711 -0.070711
vn -0.000000 0.070711 -0.070711
vn -0.000000 0.086603 -0.050000
vn -0.000000 0.086603 -0.050000
vn -0.000000 0.096593 -0.025882
vn -0.000000 0.096593 -0.025882
vn -0.000000 0.096593 -0.025882
vn -0.000000 0.096593 -0.025882
vn -0.000000 0.086603 -0.050000
vn -0.000000 0.086603 -0.050000
vn -0.000000 0.070711 -0.070711
vn -0.000000 0.070711 -0.070711
vn -0.000000 0.050000 -0.086603
vn -0.000000 0.050000 -0.086603
vn -0.000000 0.025882 -0.096593
vn -0.000000 0.025882 -0.096593
vn -0.000000 0.000000 -0.100000
vn -0.000000 0.025882 -0.096593
vn -0.000000 0.035186 -0.093605
vn -0.000000 0.050000 -0.086603
vn -0.000000 0.051357 -0.085805
vn -0.000000 0.065872 -0.075238
vn -0.000000 0.070711 -0.070711
vn -0.000000 0.078264 -0.062247
vn -0.000000 0.086603 -0.050000
vn -0.000000 0.088134 -0.047249
vn -0.000000 0.095162 -0.030728
vn -0.000000 0.096593 -0.025882
vn -0.000000 0.099123 -0.013216
vn -0.000000 0.025882 -0.096593
vn -0.000000 0.025882 -0.096593
vn -0.000000 0.051357 -0.085805
vn -0.000000 0.065872 -0.075238
vn -0.000000 0.070711 -0.070711
vn -0.000000 0.078264 -0.062247
vn -0.000000 0.086603 -0.050000
vn -0.000000 0.088134 -0.047249
vn -0.000000 0.095162 -0.030728
vn -0.000000 0.096593 -0.025882
vn -0.000000 0.096593 -0.025882
vn -0.000000 0.096593 -0.025882
vn -0.000000 0.086603 -0.050000
vn -0.000000 0.086603 -0.050000
vn -0.000000 0.070711 -0.070711
vn -0.000000 0.050000 -0.086603
vn -0.000000 0.070711 -0.070711
vn -0.000000 0.050000 -0.086603
vn -0.000000 0.025882 -0.096593
vn -0.000000 0.050000 -0.086603
vn -0.000000 0.025882 -0.096593
vn 0.023742 0.000000 -0.097141
vn -0.000000 0.000000 -0.100000
vn 0.023742 0.000000 -0.097141
vn 0.023742 0.000000 -0.097141
vn 0.046126 0.000000 -0.088726
vn 0.046126 0.000000 -0.088726
vn 0.065872 0.000000 -0.075238
vn 0.065872 0.000000 -0.075238
vn 0.081852 0.000000 -0.057448
vn 0.081852 0.000000 -0.057448
vn 0.093151 0.000000 -0.036372
vn 0.093151 0.000000 -0.036372
vn 0.099123 0.000000 -0.013216
vn 0.093151 0.000000 -0.036372
vn 0.093151 0.000000 -0.036372
vn 0.081852 0.000000 -0.057448
vn 0.081852 0.000000 -0.057448
vn 0.065872 0.000000 -0.075238
vn 0.065872 0.000000 -0.075238
vn 0.046126 0.000000 -0.088726
vn 0.046126 0.000000 -0.088726
vn 0.023742 0.000000 -0.097141
vn 0.023742 0.000000 -0.097141
vn 0.023742 0.000000 -0.097141
vn 0.023742 0.000000 -0.097141
vn 0.046126 0.000000 -0.088726
vn 0.046126 0.000000 -0.088726
vn 0.065872 0.000000 -0.075238
vn 0.065872 0.000000 -0.075238
vn 0.081852 0.000000 -0.057448
vn 0.081852 0.000000 -0.057448
vn 0.093151 0.000000 -0.036372
vn 0.093151 0.000000 -0.036372
vn 0.093151 0.000000 -0.036372
vn 0.093151 0.000000 -0.036372
vn 0.081852 0.000000 -0.057448
vn 0.081852 0.000000 -0.057448
vn 0.065872 0.000000 -0.075238
vn 0.065872 0.000000 -0.075238
vn 0.046126 0.000000 -0.088726
vn 0.046126 0.000000 -0.088726
vn 0.023742 0.000000 -0.097141
vn 0.023742 0.000000 -0.097141
vn 0.023742 0.000000 -0.097141
vn 0.023742 0.000000 -0.097141
vn 0.046126 0.000000 -0.088726
vn 0.035186 0.000000 -0.093605
vn 0.051357 0.000000 -0.085805
vn 0.065872 0.000000 -0.075238
vn 0.065872 0.000000 -0.075238
vn 0.078264 0.000000 -0.062247
vn 0.081852 0.000000 -0.057448
vn 0.088134 0.000000 -0.047249
vn 0.093151 0.000000 -0.036372
vn 0.095162 0.000000 -0.030728
vn 0.093151 0.000000 -0.036372
vn 0.035186 0.000000 -0.093605
vn 0.023742 0.000000 -0.097141
vn 0.023742 0.000000 -0.097141
vn 0.023742 0.000000 -0.097141
vn 0.046126 0.000000 -0.088726
vn 0.046126 0.000000 -0.088726
vn 0.065872 0.000000 -0.075238
vn 0.065872 0.000000 -0.075238
vn 0.081852 0.000000 -0.057448
vn 0.081852 0.000000 -0.057448
vn 0.093151 0.000000 -0.036372
vn 0.093151 0.000000 -0.036372
vn 0.095162 0.000000 -0.030728
vn 0.093151 0.000000 -0.036372
vn 0.093151 0.000000 -0.036372
vn 0.081852 0.000000 -0.057448
vn 0.081852 0.000000 -0.057448
vn 0.065872 0.000000 -0.075238
vn 0.065872 0.000000 -0.075238
vn 0.046126 0.000000 -0.088726
vn 0.046126 0.000000 -0.088726
vn 0.023742 0.000000 -0.097141
vn 0.023742 0.000000 -0.097141
vn 0.023742 0.000000 -0.097141
vn 0.023742 0.000000 -0.097141
vn 0.046126 0.000000 -0.088726
vn 0.046126 0.000000 -0.088726
vn 0.065872 0.000000 -0.075238
vn 0.065872 0.000000 -0.075238
vn 0.081852 0.000000 -0.057448
vn 0.081852 0.000000 -0.057448
vn 0.093151 0.000000 -0.036372
vn 0.093151 0.000000 -0.036372
vn 0.093151 0.000000 -0.036372
vn 0.093151 0.000000 -0.036372
vn 0.081852 0.000000 -0.057448
vn 0.081852 0.000000 -0.057448
vn 0.065872 0.000000 -0.075238
vn 0.065872 0.000000 -0.075238
vn 0.046126 0.000000 -0.088726
vn 0.046126 0.000000 -0.088726
vn 0.023742 0.000000 -0.097141
vn 0.023742 0.000000 -0.097141
vn 0.023742 0.000000 -0.097141
vn 0.046126 0.000000 -0.088726
vn 0.046126 0.000000 -0.088726
vn 0.065872 0.000000 -0.075238
vn 0.065872 0.000000 -0.075238
vn 0.081852 0.000000 -0.057448
vn 0.081852 0.000000 -0.057448
vn 0.093151 0.000000 -0.036372
vn 0.093151 0.000000 -0.036372
vn 0.046126 0.000000 -0.088726
vn 0.051357 0.000000 -0.085805
vn 0.065872 0.000000 -0.075238
vn 0.065872 0.000000 -0.075238
vn 0.078264 0.000000 -0.062247
vn 0.081852 0.000000 -0.057448
vn 0.088134 0.000000 -0.047249
vn 0.093151 0.000000 -0.036372
vn 0.093151 0.000000 -0.036372
vn 0.093151 0.000000 -0.036372
vn 0.081852 0.000000 -0.057448
vn 0.081852 0.000000 -0.057448
vn 0.065872 0.000000 -0.075238
vn 0.065872 0.000000 -0.075238
vn 0.046126 0.000000 -0.088726
vn 0.099123 0.000000 -0.013216
vn 0.093151 0.000000 -0.036372
vn 0.093151 0.000000 -0.036372
vn 0.081852 0.000000 -0.057448
vn 0.081852 0.000000 -0.057448
vn 0.065872 0.000000 -0.075238
vn 0.065872 0.000000 -0.075238
vn 0.046126 0.000000 -0.088726
vn 0.023742 0.000000 -0.097141
vn 0.023742 0.000000 -0.097141
vn 0.023742 0.000000 -0.097141
vn 0.046126 0.000000 -0.088726
vn 0.046126 0.000000 -0.088726
vn 0.065872 0.000000 -0.075238
vn 0.046126 0.000000 -0.088726
vn 0.023742 0.000000 -0.097141
vn 0.023742 0.000000 -0.097141
vn 0.023742 0.000000 -0.097141
vn 0.023742 0.000000 -0.097141
vn 0.046126 0.000000 -0.088726
vn 0.046126 0.000000 -0.088726
vn 0.065872 0.000000 -0.075238
vn 0.046126 0.000000 -0.088726
vn 0.023742 0.000000 -0.097141
vn 0.046126 0.000000 -0.088726
vn 0.065872 0.000000 -0.075238
vn 0.081852 0.000000 -0.057448
vn 0.093151 0.000000 -0.036372
vn 0.023742 0.000000 -0.097141
vn 0.023742 0.000000 -0.097141
vn 0.023742 0.000000 -0.097141
vn 0.046126 0.000000 -0.088726
vn 0.046126 0.000000 -0.088726
vn 0.065872 0.000000 -0.075238
vn 0.046126 0.000000 -0.088726
vn 0.023742 0.000000 -0.097141
vn 0.046126 0.000000 -0.088726
vn 0.065872 0.000000 -0.075238
vn 0.081852 0.000000 -0.057448
vn 0.093151 0.000000 -0.036372
vn 0.023742 0.000000 -0.097141
vn 0.023742 0.000000 -0.097141
vn 0.023742 0.000000 -0.097141
vn 0.046126 0.000000 -0.088726
vn 0.046126 0.000000 -0.088726
vn 0.065872 0.000000 -0.075238
vn 0.046126 0.000000 -0.088726
vn 0.023742 0.000000 -0.097141
vn 0.046126 0.000000 -0.088726
vn 0.065872 0.000000 -0.075238
vn 0.081852 0.000000 -0.057448
vn 0.065872 0.000000 -0.075238
vn 0.065872 0.000000 -0.075238
vn 0.065872 0.000000 -0.075238
vn 0.081852 0.000000 -0.057448
vn 0.093151 0.000000 -0.036372
vn 0.065872 0.000000 -0.075238
vn 0.065872 0.000000 -0.075238
vn 0.081852 0.000000 -0.057448
vn 0.093151 0.000000 -0.036372
vn 0.065872 0.000000 -0.075238
vn 0.081852 0.000000 -0.057448
vn 0.093151 0.000000 -0.036372
vn 0.081852 0.000000 -0.057448
vn 0.081852 0.000000 -0.057448
vn 0.093151 0.000000 -0.036372
vn 0.081852 0.000000 -0.057448
vn 0.081852 0.000000 -0.057448
vn 0.093151 0.000000 -0.036372
vn 0.081852 0.000000 -0.057448
vn 0.081852 0.000000 -0.057448
vn 0.093151 0.000000 -0.036372
vn 0.081852 0.000000 -0.057448
vn 0.093151 0.000000 -0.036372
vn 0.093151 0.000000 -0.036372
vn 0.093151 0.000000 -0.036372
vn 0.093151 0.000000 -0.036372
vn 0.000000 -0.100000 -0.000000
vn 0.000000 -0.099902 -0.004417
vn 0.000000 -0.100000 0.000000
vn 0.000000 -0.099902 -0.004417
vn 0.000000 -0.099610 -0.008825
vn 0.000000 -0.099610 -0.008825
vn 0.000000 -0.099123 -0.013216
vn 0.000000 -0.096593 -0.025882
vn 0.000000 -0.096593 -0.025882
vn 0.000000 -0.086603 -0.050000
vn 0.000000 -0.086603 -0.050000
vn 0.000000 -0.070711 -0.070711
vn 0.000000 -0.070711 -0.070711
vn 0.000000 -0.050000 -0.086603
vn 0.000000 -0.050000 -0.086603
vn 0.000000 -0.025882 -0.096593
vn 0.000000 -0.035186 -0.093605
vn 0.000000 -0.025882 -0.096593
vn 0.000000 -0.025882 -0.096593
vn 0.000000 -0.050000 -0.086603
vn 0.000000 -0.050000 -0.086603
vn 0.000000 -0.070711 -0.070711
vn 0.000000 -0.070711 -0.070711
vn 0.000000 -0.086603 -0.050000
vn 0.000000 -0.086603 -0.050000
vn 0.000000 -0.096593 -0.025882
vn 0.000000 -0.096593 -0.025882
vn 0.000000 -0.096593 -0.025882
vn 0.000000 -0.096593 -0.025882
vn 0.000000 -0.086603 -0.050000
vn 0.000000 -0.086603 -0.050000
vn 0.000000 -0.070711 -0.070711
vn 0.000000 -0.070711 -0.070711
vn 0.000000 -0.050000 -0.086603
vn 0.000000 -0.050000 -0.086603
vn 0.000000 -0.025882 -0.096593
vn 0.000000 -0.025882 -0.096593
vn 0.000000 -0.025882 -0.096593
vn 0.000000 -0.035186 -0.093605
vn 0.000000 -0.050000 -0.086603
vn 0.000000 -0.051357 -0.085805
vn 0.000000 -0.065872 -0.075238
vn 0.000000 -0.070711 -0.070711
vn 0.000000 -0.078264 -0.062247
vn 0.000000 -0.086603 -0.050000
vn 0.000000 -0.088134 -0.047249
vn 0.000000 -0.095162 -0.030728
vn 0.000000 -0.096593 -0.025882
vn 0.000000 -0.099123 -0.013216
vn 0.000000 -0.025882 -0.096593
vn 0.000000 -0.025882 -0.096593
vn 0.000000 -0.051357 -0.085805
vn 0.000000 -0.065872 -0.075238
vn 0.000000 -0.070711 -0.070711
vn 0.000000 -0.078264 -0.062247
vn 0.000000 -0.086603 -0.050000
vn 0.000000 -0.088134 -0.047249
vn 0.000000 -0.095162 -0.030728
vn 0.000000 -0.096593 -0.025882
vn 0.000000 -0.096593 -0.025882
vn 0.000000 -0.096593 -0.025882
vn 0.000000 -0.086603 -0.050000
vn 0.000000 -0.086603 -0.050000
vn 0.000000 -0.070711 -0.070711
vn 0.000000 -0.050000 -0.086603
vn 0.000000 -0.070711 -0.070711
vn 0.000000 -0.050000 -0.086603
vn 0.000000 -0.025882 -0.096593
vn 0.000000 -0.050000 -0.086603
vn 0.000000 -0.025882 -0.096593
vn -0.099123 0.000000 -0.013216
vn -0.099123 0.000000 -0.013216
vn -0.099123 0.000000 -0.013216
vn -0.099123 0.000000 -0.013216
vn -0.099123 0.000000 -0.013216
vn -0.099123 0.000000 -0.013216
vn -0.099123 0.000000 -0.013216
vn -0.099123 0.000000 -0.013216
vn 0.000000 -0.100000 0.000000
vn 0.000000 -0.100000 0.000000
vn -0.000000 -0.000000 0.100000
vn -0.000000 -0.000000 0.100000
vn -0.000000 -0.000000 0.100000
vn -0.000000 -0.000000 0.100000
vn 0.099123 0.000000 -0.013216
vn 0.099123 0.000000 -0.013216
vn 0.099123 0.000000 -0.013216
vn 0.099123 0.000000 -0.013216
vn 0.099123 0.000000 -0.013216
vn 0.099123 0.000000 -0.013216
vn 0.099123 0.000000 -0.013216
vn 0.099123 0.000000 -0.013216
vn 0.000000 0.100000 0.000000
vn 0.000000 0.100000 0.000000
usemtl Antharacite_IC_and_Black
f 1/1/1 2/2/2 16/3/3
f 16/3/3 2/2/2 41/4/4
f 16/3/3 41/4/4 42/5/5
f 42/5/5 41/4/4 79/6/6
f 42/5/5 79/6/6 80/7/7
f 80/7/7 79/6/6 117/8/8
f 80/7/7 117/8/8 118/9/9
f 118/9/9 117/8/8 155/10/10
f 118/9/9 155/10/10 156/11/11
f 156/11/11 155/10/10 193/12/12
f 156/11/11 193/12/12 194/13/13
f 194/13/13 193/12/12 10/14/14
f 194/13/13 10/14/14 195/15/15
f 195/15/15 10/14/14 196/16/16
f 195/15/15 196/16/16 158/17/17
f 158/17/17 196/16/16 159/18/18
f 158/17/17 159/18/18 121/19/19
f 121/19/19 159/18/18 122/20/20
f 121/19/19 122/20/20 84/21/21
f 84/21/21 122/20/20 85/22/22
f 84/21/21 85/22/22 47/23/23
f 47/23/23 85/22/22 48/24/24
f 47/23/23 48/24/24 16/3/3
f 16/3/3 48/24/24 49/25/25
f 16/3/3 49/25/25 50/26/26
f 50/26/26 49/25/25 87/27/27
f 50/26/26 87/27/27 88/28/28
f 88/28/28 87/27/27 125/29/29
f 88/28/28 125/29/29 126/30/30
f 126/30/30 125/29/29 163/31/31
f 126/30/30 163/31/31 164/32/32
f 164/32/32 163/31/31 201/33/33
f 164/32/32 201/33/33 11/34/34
f 11/34/34 201/33/33 10/14/14
f 10/14/14 201/33/33 200/35/35
f 10/14/14 200/35/35 199/36/36
f 199/36/36 200/35/35 162/37/37
f 199/36/36 162/37/37 161/38/38
f 161/38/38 162/37/37 124/39/39
f 161/38/38 124/39/39 123/40/40
f 123/40/40 124/39/39 86/41/41
f 123/40/40 86/41/41 85/22/22
f 85/22/22 86/41/41 48/24/24
f 3/42/42 17/43/43 2/2/2
f 2/2/2 17/43/43 18/44/44
f 2/2/2 18/44/44 19/45/45
f 19/45/45 18/44/44 56/46/46
f 19/45/45 56/46/46 57/47/47
f 57/47/47 56/46/46 94/48/48
f 57/47/47 94/48/48 95/49/49
f 95/49/49 94/48/48 132/50/50
f 95/49/49 132/50/50 133/51/51
f 133/51/51 132/50/50 170/52/52
f 133/51/51 170/52/52 171/53/53
f 171/53/53 170/52/52 9/54/54
f 171/53/53 9/54/54 172/55/55
f 172/55/55 9/54/54 173/56/56
f 172/55/55 173/56/56 135/57/57
f 135/57/57 173/56/56 136/58/58
f 135/57/57 136/58/58 98/59/59
f 98/59/59 136/58/58 99/60/60
f 98/59/59 99/60/60 61/61/61
f 61/61/61 99/60/60 62/62/62
f 61/61/61 62/62/62 24/63/63
f 24/63/63 62/62/62 25/64/64
f 24/63/63 25/64/64 2/2/2
f 2/2/2 25/64/64 26/65/65
f 2/2/2 26/65/65 27/66/66
f 27/66/66 26/65/65 64/67/67
f 27/66/66 64/67/67 65/68/68
f 65/68/68 64/67/67 102/69/69
f 65/68/68 102/69/69 103/70/70
f 103/70/70 102/69/69 140/71/71
f 103/70/70 140/71/71 141/72/72
f 141/72/72 140/71/71 178/73/73
f 141/72/72 178/73/73 179/74/74
f 179/74/74 178/73/73 9/54/54
f 179/74/74 9/54/54 180/75/75
f 180/75/75 9/54/54 181/76/76
f 180/75/75 181/76/76 143/77/77
f 143/77/77 181/76/76 144/78/78
f 143/77/77 144/78/78 106/79/79
f 106/79/79 144/78/78 107/80/80
f 106/79/79 107/80/80 69/81/81
f 69/81/81 107/80/80 70/82/82
f 69/81/81 70/82/82 32/83/83
f 32/83/83 70/82/82 33/84/84
f 32/83/83 33/84/84 2/2/2
f 2/2/2 33/84/84 34/85/85
f 2/2/2 34/85/85 35/86/86
f 35/86/86 34/85/85 72/87/87
f 35/86/86 72/87/87 73/88/88
f 73/88/88 72/87/87 110/89/89
f 73/88/88 110/89/89 111/90/90
f 111/90/90 110/89/89 148/91/91
f 111/90/90 148/91/91 149/92/92
f 149/92/92 148/91/91 186/93/93
f 149/92/92 186/93/93 187/94/94
f 187/94/94 186/93/93 10/14/14
f 187/94/94 10/14/14 188/95/95
f 188/95/95 10/14/14 189/96/96
f 188/95/95 189/96/96 151/97/97
f 151/97/97 189/96/96 152/98/98
f 151/97/97 152/98/98 114/99/99
f 114/99/99 152/98/98 115/100/100
f 114/99/99 115/100/100 77/101/101
f 77/101/101 115/100/100 78/102/102
f 77/101/101 78/102/102 40/103/103
f 40/103/103 78/102/102 41/4/4
f 40/103/103 41/4/4 2/2/2
f 3/42/42 4/104/104 17/43/43
f 17/43/43 4/104/104 54/105/105
f 17/43/43 54/105/105 55/106/106
f 55/106/106 54/105/105 92/107/107
f 55/106/106 92/107/107 93/108/108
f 93/108/108 92/107/107 130/109/109
f 93/108/108 130/109/109 131/110/110
f 131/110/110 130/109/109 168/111/111
f 131/110/110 168/111/111 169/112/112
f 169/112/112 168/111/111 9/54/54
f 169/112/112 9/54/54 170/52/52
f 4/104/104 5/113/113 54/105/105
f 54/105/105 5/113/113 91/114/114
f 54/105/105 91/114/114 92/107/107
f 92/107/107 91/114/114 129/115/115
f 92/107/107 129/115/115 130/109/109
f 130/109/109 129/115/115 167/116/116
f 130/109/109 167/116/116 168/111/111
f 168/111/111 167/116/116 9/54/54
f 5/113/113 6/117/117 91/114/114
f 91/114/114 6/117/117 7/118/118
f 91/114/114 7/118/118 128/119/119
f 128/119/119 7/118/118 8/120/120
f 128/119/119 8/120/120 165/121/121
f 165/121/121 8/120/120 9/54/54
f 165/121/121 9/54/54 166/122/122
f 166/122/122 9/54/54 167/116/116
f 166/122/122 167/116/116 129/115/115
f 10/14/14 183/123/123 9/54/54
f 9/54/54 183/123/123 182/124/124
f 9/54/54 182/124/124 181/76/76
f 181/76/76 182/124/124 144/78/78
f 11/34/34 12/125/125 164/32/32
f 164/32/32 12/125/125 127/126/126
f 164/32/32 127/126/126 126/30/30
f 126/30/30 127/126/126 89/127/127
f 126/30/30 89/127/127 88/28/28
f 88/28/28 89/127/127 51/128/128
f 88/28/28 51/128/128 50/26/26
f 50/26/26 51/128/128 16/3/3
f 12/125/125 13/129/129 127/126/126
f 127/126/126 13/129/129 14/130/130
f 127/126/126 14/130/130 90/131/131
f 90/131/131 14/130/130 15/132/132
f 90/131/131 15/132/132 53/133/133
f 53/133/133 15/132/132 16/3/3
f 53/133/133 16/3/3 52/134/134
f 52/134/134 16/3/3 51/128/128
f 52/134/134 51/128/128 89/127/127
f 56/46/46 18/44/44 55/106/106
f 55/106/106 18/44/44 17/43/43
f 19/45/45 20/135/135 2/2/2
f 2/2/2 20/135/135 21/136/136
f 2/2/2 21/136/136 22/137/137
f 22/137/137 21/136/136 59/138/138
f 22/137/137 59/138/138 60/139/139
f 60/139/139 59/138/138 97/140/140
f 60/139/139 97/140/140 98/59/59
f 98/59/59 97/140/140 135/57/57
f 19/45/45 57/47/47 20/135/135
f 20/135/135 57/47/47 58/141/141
f 20/135/135 58/141/141 21/136/136
f 21/136/136 58/141/141 59/138/138
f 24/63/63 2/2/2 23/142/142
f 23/142/142 2/2/2 22/137/137
f 23/142/142 22/137/137 60/139/139
f 61/61/61 24/63/63 23/142/142
f 61/61/61 23/142/142 60/139/139
f 26/65/65 25/64/64 63/143/143
f 63/143/143 25/64/64 62/62/62
f 63/143/143 62/62/62 100/144/144
f 100/144/144 62/62/62 99/60/60
f 100/144/144 99/60/60 137/145/145
f 137/145/145 99/60/60 136/58/58
f 137/145/145 136/58/58 174/146/146
f 174/146/146 136/58/58 173/56/56
f 174/146/146 173/56/56 9/54/54
f 27/66/66 28/147/147 2/2/2
f 2/2/2 28/147/147 29/148/148
f 2/2/2 29/148/148 30/149/149
f 30/149/149 29/148/148 67/150/150
f 30/149/149 67/150/150 68/151/151
f 68/151/151 67/150/150 105/152/152
f 68/151/151 105/152/152 106/79/79
f 106/79/79 105/152/152 143/77/77
f 27/66/66 65/68/68 28/147/147
f 28/147/147 65/68/68 66/153/153
f 28/147/147 66/153/153 29/148/148
f 29/148/148 66/153/153 67/150/150
f 32/83/83 2/2/2 31/154/154
f 31/154/154 2/2/2 30/149/149
f 31/154/154 30/149/149 68/151/151
f 69/81/81 32/83/83 31/154/154
f 69/81/81 31/154/154 68/151/151
f 34/85/85 33/84/84 71/155/155
f 71/155/155 33/84/84 70/82/82
f 71/155/155 70/82/82 108/156/156
f 108/156/156 70/82/82 107/80/80
f 108/156/156 107/80/80 145/157/157
f 145/157/157 107/80/80 144/78/78
f 145/157/157 144/78/78 182/124/124
f 35/86/86 36/158/158 2/2/2
f 2/2/2 36/158/158 37/159/159
f 2/2/2 37/159/159 38/160/160
f 38/160/160 37/159/159 75/161/161
f 38/160/160 75/161/161 76/162/162
f 76/162/162 75/161/161 113/163/163
f 76/162/162 113/163/163 114/99/99
f 114/99/99 113/163/163 151/97/97
f 35/86/86 73/88/88 36/158/158
f 36/158/158 73/88/88 74/164/164
f 36/158/158 74/164/164 37/159/159
f 37/159/159 74/164/164 75/161/161
f 40/103/103 2/2/2 39/165/165
f 39/165/165 2/2/2 38/160/160
f 39/165/165 38/160/160 76/162/162
f 77/101/101 40/103/103 39/165/165
f 77/101/101 39/165/165 76/162/162
f 79/6/6 41/4/4 78/102/102
f 42/5/5 43/166/166 16/3/3
f 16/3/3 43/166/166 44/167/167
f 16/3/3 44/167/167 45/168/168
f 45/168/168 44/167/167 82/169/169
f 45/168/168 82/169/169 83/170/170
f 83/170/170 82/169/169 120/171/171
f 83/170/170 120/171/171 121/19/19
f 121/19/19 120/171/171 158/17/17
f 42/5/5 80/7/7 43/166/166
f 43/166/166 80/7/7 81/172/172
f 43/166/166 81/172/172 44/167/167
f 44/167/167 81/172/172 82/169/169
f 47/23/23 16/3/3 46/173/173
f 46/173/173 16/3/3 45/168/168
f 46/173/173 45/168/168 83/170/170
f 84/21/21 47/23/23 46/173/173
f 84/21/21 46/173/173 83/170/170
f 87/27/27 49/25/25 86/41/41
f 86/41/41 49/25/25 48/24/24
f 90/131/131 53/133/133 52/134/134
f 90/131/131 52/134/134 89/127/127
f 94/48/48 56/46/46 93/108/108
f 93/108/108 56/46/46 55/106/106
f 57/47/47 95/49/49 58/141/141
f 58/141/141 95/49/49 96/174/174
f 58/141/141 96/174/174 59/138/138
f 59/138/138 96/174/174 97/140/140
f 98/59/59 61/61/61 60/139/139
f 26/65/65 63/143/143 64/67/67
f 64/67/67 63/143/143 101/175/175
f 64/67/67 101/175/175 102/69/69
f 102/69/69 101/175/175 139/176/176
f 102/69/69 139/176/176 140/71/71
f 140/71/71 139/176/176 177/177/177
f 140/71/71 177/177/177 178/73/73
f 178/73/73 177/177/177 9/54/54
f 101/175/175 63/143/143 100/144/144
f 65/68/68 103/70/70 66/153/153
f 66/153/153 103/70/70 104/178/178
f 66/153/153 104/178/178 67/150/150
f 67/150/150 104/178/178 105/152/152
f 106/79/79 69/81/81 68/151/151
f 34/85/85 71/155/155 72/87/87
f 72/87/87 71/155/155 109/179/179
f 72/87/87 109/179/179 110/89/89
f 110/89/89 109/179/179 147/180/180
f 110/89/89 147/180/180 148/91/91
f 148/91/91 147/180/180 185/181/181
f 148/91/91 185/181/181 186/93/93
f 186/93/93 185/181/181 10/14/14
f 109/179/179 71/155/155 108/156/156
f 73/88/88 111/90/90 74/164/164
f 74/164/164 111/90/90 112/182/182
f 74/164/164 112/182/182 75/161/161
f 75/161/161 112/182/182 113/163/163
f 114/99/99 77/101/101 76/162/162
f 79/6/6 78/102/102 116/183/183
f 116/183/183 78/102/102 115/100/100
f 116/183/183 115/100/100 153/184/184
f 153/184/184 115/100/100 152/98/98
f 153/184/184 152/98/98 190/185/185
f 190/185/185 152/98/98 189/96/96
f 190/185/185 189/96/96 10/14/14
f 80/7/7 118/9/9 81/172/172
f 81/172/172 118/9/9 119/186/186
f 81/172/172 119/186/186 82/169/169
f 82/169/169 119/186/186 120/171/171
f 121/19/19 84/21/21 83/170/170
f 123/40/40 85/22/22 122/20/20
f 125/29/29 87/27/27 124/39/39
f 124/39/39 87/27/27 86/41/41
f 127/126/126 90/131/131 89/127/127
f 132/50/50 94/48/48 131/110/110
f 131/110/110 94/48/48 93/108/108
f 95/49/49 133/51/51 96/174/174
f 96/174/174 133/51/51 134/187/187
f 96/174/174 134/187/187 97/140/140
f 97/140/140 134/187/187 135/57/57
f 101/175/175 100/144/144 138/188/188
f 138/188/188 100/144/144 137/145/145
f 138/188/188 137/145/145 175/189/189
f 175/189/189 137/145/145 174/146/146
f 175/189/189 174/146/146 9/54/54
f 103/70/70 141/72/72 104/178/178
f 104/178/178 141/72/72 142/190/190
f 104/178/178 142/190/190 105/152/152
f 105/152/152 142/190/190 143/77/77
f 109/179/179 108/156/156 146/191/191
f 146/191/191 108/156/156 145/157/157
f 146/191/191 145/157/157 183/123/123
f 183/123/123 145/157/157 182/124/124
f 111/90/90 149/92/92 112/182/182
f 112/182/182 149/92/92 150/192/192
f 112/182/182 150/192/192 113/163/163
f 113/163/163 150/192/192 151/97/97
f 79/6/6 116/183/183 117/8/8
f 117/8/8 116/183/183 154/193/193
f 117/8/8 154/193/193 155/10/10
f 155/10/10 154/193/193 192/194/194
f 155/10/10 192/194/194 193/12/12
f 193/12/12 192/194/194 10/14/14
f 154/193/193 116/183/183 153/184/184
f 118/9/9 156/11/11 119/186/186
f 119/186/186 156/11/11 157/195/195
f 119/186/186 157/195/195 120/171/171
f 120/171/171 157/195/195 158/17/17
f 123/40/40 122/20/20 160/196/196
f 160/196/196 122/20/20 159/18/18
f 160/196/196 159/18/18 197/197/197
f 197/197/197 159/18/18 196/16/16
f 197/197/197 196/16/16 10/14/14
f 163/31/31 125/29/29 162/37/37
f 162/37/37 125/29/29 124/39/39
f 166/122/122 129/115/115 128/119/119
f 128/119/119 129/115/115 91/114/114
f 165/121/121 166/122/122 128/119/119
f 170/52/52 132/50/50 169/112/112
f 169/112/112 132/50/50 131/110/110
f 172/55/55 135/57/57 134/187/187
f 172/55/55 134/187/187 171/53/53
f 171/53/53 134/187/187 133/51/51
f 101/175/175 138/188/188 139/176/176
f 139/176/176 138/188/188 176/198/198
f 139/176/176 176/198/198 177/177/177
f 177/177/177 176/198/198 9/54/54
f 176/198/198 138/188/188 175/189/189
f 180/75/75 143/77/77 142/190/190
f 180/75/75 142/190/190 179/74/74
f 179/74/74 142/190/190 141/72/72
f 109/179/179 146/191/191 147/180/180
f 147/180/180 146/191/191 184/199/199
f 147/180/180 184/199/199 185/181/181
f 185/181/181 184/199/199 10/14/14
f 184/199/199 146/191/191 183/123/123
f 188/95/95 151/97/97 150/192/192
f 188/95/95 150/192/192 187/94/94
f 187/94/94 150/192/192 149/92/92
f 154/193/193 153/184/184 191/200/200
f 191/200/200 153/184/184 190/185/185
f 191/200/200 190/185/185 10/14/14
f 195/15/15 158/17/17 157/195/195
f 195/15/15 157/195/195 194/13/13
f 194/13/13 157/195/195 156/11/11
f 123/40/40 160/196/196 161/38/38
f 161/38/38 160/196/196 198/201/201
f 161/38/38 198/201/201 199/36/36
f 199/36/36 198/201/201 10/14/14
f 198/201/201 160/196/196 197/197/197
f 201/33/33 163/31/31 200/35/35
f 200/35/35 163/31/31 162/37/37
f 9/54/54 176/198/198 175/189/189
f 10/14/14 184/199/199 183/123/123
f 10/14/14 192/194/194 191/200/200
f 191/200/200 192/194/194 154/193/193
f 10/14/14 198/201/201 197/197/197
f 203/202/202 204/203/203 202/204/204
f 202/204/204 204/203/203 215/205/205
f 215/205/205 204/203/203 205/206/206
f 215/205/205 205/206/206 214/207/207
f 214/207/207 205/206/206 2/208/208
f 2/208/208 205/206/206 221/209/209
f 2/208/208 221/209/209 222/210/210
f 222/210/210 221/209/209 232/211/211
f 222/210/210 232/211/211 233/212/212
f 233/212/212 232/211/211 243/213/213
f 233/212/212 243/213/213 244/214/214
f 244/214/214 243/213/213 254/215/215
f 244/214/214 254/215/215 255/216/216
f 255/216/216 254/215/215 265/217/217
f 255/216/216 265/217/217 8/218/218
f 8/218/218 265/217/217 9/219/54
f 9/219/54 265/217/217 264/220/219
f 9/219/54 264/220/219 263/221/220
f 263/221/220 264/220/219 253/222/221
f 263/221/220 253/222/221 252/223/222
f 252/223/222 253/222/221 242/224/223
f 252/223/222 242/224/223 241/225/224
f 241/225/224 242/224/223 231/226/225
f 241/225/224 231/226/225 230/227/226
f 230/227/226 231/226/225 220/228/227
f 230/227/226 220/228/227 219/229/228
f 219/229/228 220/228/227 205/206/206
f 219/229/228 205/206/206 218/230/229
f 218/230/229 205/206/206 217/231/230
f 218/230/229 217/231/230 228/232/231
f 228/232/231 217/231/230 227/233/232
f 228/232/231 227/233/232 238/234/233
f 238/234/233 227/233/232 237/235/234
f 238/234/233 237/235/234 248/236/235
f 248/236/235 237/235/234 247/237/236
f 248/236/235 247/237/236 258/238/237
f 258/238/237 247/237/236 257/239/238
f 258/238/237 257/239/238 213/240/239
f 213/240/239 257/239/238 256/241/240
f 213/240/239 256/241/240 212/242/241
f 212/242/241 256/241/240 246/243/242
f 212/242/241 246/243/242 211/244/243
f 211/244/243 246/243/242 210/245/244
f 210/245/244 246/243/242 236/246/245
f 210/245/244 236/246/245 209/247/246
f 209/247/246 236/246/245 226/248/247
f 209/247/246 226/248/247 208/249/248
f 208/249/248 226/248/247 207/250/249
f 207/250/249 226/248/247 216/251/250
f 207/250/249 216/251/250 206/252/251
f 206/252/251 216/251/250 205/206/206
f 205/206/206 216/251/250 217/231/230
f 9/219/54 260/253/252 213/240/239
f 213/240/239 260/253/252 259/254/253
f 213/240/239 259/254/253 258/238/237
f 258/238/237 259/254/253 248/236/235
f 8/218/218 7/255/254 255/216/216
f 255/216/216 7/255/254 6/256/255
f 255/216/216 6/256/255 245/257/256
f 245/257/256 6/256/255 5/258/257
f 245/257/256 5/258/257 235/259/258
f 235/259/258 5/258/257 4/260/259
f 235/259/258 4/260/259 3/261/260
f 235/259/258 3/261/260 225/262/261
f 225/262/261 3/261/260 2/208/208
f 225/262/261 2/208/208 224/263/262
f 224/263/262 2/208/208 223/264/263
f 224/263/262 223/264/263 234/265/264
f 234/265/264 223/264/263 233/212/212
f 234/265/264 233/212/212 244/214/214
f 227/233/232 217/231/230 216/251/250
f 221/209/209 205/206/206 220/228/227
f 219/229/228 218/230/229 229/266/265
f 229/266/265 218/230/229 228/232/231
f 229/266/265 228/232/231 239/267/266
f 239/267/266 228/232/231 238/234/233
f 239/267/266 238/234/233 249/268/267
f 249/268/267 238/234/233 248/236/235
f 249/268/267 248/236/235 259/254/253
f 223/264/263 2/208/208 222/210/210
f 232/211/211 221/209/209 231/226/225
f 231/226/225 221/209/209 220/228/227
f 233/212/212 223/264/263 222/210/210
f 235/259/258 225/262/261 224/263/262
f 235/259/258 224/263/262 234/265/264
f 237/235/234 227/233/232 226/248/247
f 226/248/247 227/233/232 216/251/250
f 219/229/228 229/266/265 230/227/226
f 230/227/226 229/266/265 240/269/268
f 230/227/226 240/269/268 241/225/224
f 241/225/224 240/269/268 251/270/269
f 241/225/224 251/270/269 252/223/222
f 252/223/222 251/270/269 262/271/270
f 252/223/222 262/271/270 263/221/220
f 263/221/220 262/271/270 9/219/54
f 240/269/268 229/266/265 239/267/266
f 243/213/213 232/211/211 242/224/223
f 242/224/223 232/211/211 231/226/225
f 245/257/256 235/259/258 234/265/264
f 245/257/256 234/265/264 244/214/214
f 247/237/236 237/235/234 236/246/245
f 236/246/245 237/235/234 226/248/247
f 240/269/268 239/267/266 250/272/271
f 250/272/271 239/267/266 249/268/267
f 250/272/271 249/268/267 260/253/252
f 260/253/252 249/268/267 259/254/253
f 254/215/215 243/213/213 253/222/221
f 253/222/221 243/213/213 242/224/223
f 255/216/216 245/257/256 244/214/214
f 257/239/238 247/237/236 246/243/242
f 246/243/242 247/237/236 236/246/245
f 256/241/240 257/239/238 246/243/242
f 240/269/268 250/272/271 251/270/269
f 251/270/269 250/272/271 261/273/272
f 251/270/269 261/273/272 262/271/270
f 262/271/270 261/273/272 9/219/54
f 261/273/272 250/272/271 260/253/252
f 265/217/217 254/215/215 264/220/219
f 264/220/219 254/215/215 253/222/221
f 9/219/54 261/273/272 260/253/252
f 213/274/239 292/275/273 266/276/274
f 266/276/274 292/275/273 293/277/275
f 266/276/274 293/277/275 294/278/276
f 294/278/276 293/277/275 331/279/277
f 294/278/276 331/279/277 332/280/278
f 332/280/278 331/279/277 369/281/279
f 332/280/278 369/281/279 370/282/280
f 370/282/280 369/281/279 407/283/281
f 370/282/280 407/283/281 408/284/282
f 408/284/282 407/283/281 445/285/283
f 408/284/282 445/285/283 446/286/284
f 446/286/284 445/285/283 267/287/285
f 446/286/284 267/287/285 447/288/286
f 447/288/286 267/287/285 448/289/287
f 447/288/286 448/289/287 410/290/288
f 410/290/288 448/289/287 411/291/289
f 410/290/288 411/291/289 373/292/290
f 373/292/290 411/291/289 374/293/291
f 373/292/290 374/293/291 336/294/292
f 336/294/292 374/293/291 337/295/293
f 336/294/292 337/295/293 299/296/294
f 299/296/294 337/295/293 300/297/295
f 299/296/294 300/297/295 266/276/274
f 266/276/274 300/297/295 301/298/296
f 266/276/274 301/298/296 302/299/297
f 302/299/297 301/298/296 339/300/298
f 302/299/297 339/300/298 340/301/299
f 340/301/299 339/300/298 377/302/300
f 340/301/299 377/302/300 378/303/301
f 378/303/301 377/302/300 415/304/302
f 378/303/301 415/304/302 416/305/303
f 416/305/303 415/304/302 453/306/304
f 416/305/303 453/306/304 454/307/305
f 454/307/305 453/306/304 267/287/285
f 454/307/305 267/287/285 455/308/306
f 455/308/306 267/287/285 456/309/307
f 455/308/306 456/309/307 418/310/308
f 418/310/308 456/309/307 419/311/309
f 418/310/308 419/311/309 381/312/310
f 381/312/310 419/311/309 382/313/311
f 381/312/310 382/313/311 344/314/312
f 344/314/312 382/313/311 345/315/313
f 344/314/312 345/315/313 307/316/314
f 307/316/314 345/315/313 308/317/315
f 307/316/314 308/317/315 266/276/274
f 266/276/274 308/317/315 309/318/316
f 266/276/274 309/318/316 310/319/317
f 310/319/317 309/318/316 347/320/318
f 310/319/317 347/320/318 273/321/319
f 273/321/319 347/320/318 272/322/320
f 272/322/320 347/320/318 384/323/321
f 272/322/320 384/323/321 271/324/322
f 271/324/322 384/323/321 270/325/323
f 270/325/323 384/323/321 421/326/324
f 270/325/323 421/326/324 269/327/325
f 269/327/325 421/326/324 458/328/326
f 269/327/325 458/328/326 268/329/327
f 268/329/327 458/328/326 267/287/285
f 267/287/285 458/328/326 457/330/328
f 267/287/285 457/330/328 456/309/307
f 456/309/307 457/330/328 419/311/309
f 212/331/329 274/332/330 213/274/239
f 213/274/239 274/332/330 275/333/331
f 213/274/239 275/333/331 276/334/332
f 276/334/332 275/333/331 313/335/333
f 276/334/332 313/335/333 314/336/334
f 314/336/334 313/335/333 351/337/335
f 314/336/334 351/337/335 352/338/336
f 352/338/336 351/337/335 389/339/337
f 352/338/336 389/339/337 390/340/338
f 390/340/338 389/339/337 427/341/339
f 390/340/338 427/341/339 428/342/340
f 428/342/340 427/341/339 207/343/341
f 428/342/340 207/343/341 429/344/342
f 429/344/342 207/343/341 430/345/343
f 429/344/342 430/345/343 392/346/344
f 392/346/344 430/345/343 393/347/345
f 392/346/344 393/347/345 355/348/346
f 355/348/346 393/347/345 356/349/347
f 355/348/346 356/349/347 318/350/348
f 318/350/348 356/349/347 319/351/349
f 318/350/348 319/351/349 281/352/350
f 281/352/350 319/351/349 282/353/351
f 281/352/350 282/353/351 213/274/239
f 213/274/239 282/353/351 283/354/352
f 213/274/239 283/354/352 284/355/353
f 284/355/353 283/354/352 321/356/354
f 284/355/353 321/356/354 322/357/355
f 322/357/355 321/356/354 359/358/356
f 322/357/355 359/358/356 360/359/357
f 360/359/357 359/358/356 397/360/358
f 360/359/357 397/360/358 398/361/359
f 398/361/359 397/360/358 435/362/360
f 398/361/359 435/362/360 436/363/361
f 436/363/361 435/362/360 267/287/285
f 436/363/361 267/287/285 437/364/362
f 437/364/362 267/287/285 438/365/363
f 437/364/362 438/365/363 400/366/364
f 400/366/364 438/365/363 401/367/365
f 400/366/364 401/367/365 363/368/366
f 363/368/366 401/367/365 364/369/367
f 363/368/366 364/369/367 326/370/368
f 326/370/368 364/369/367 327/371/369
f 326/370/368 327/371/369 289/372/370
f 289/372/370 327/371/369 290/373/371
f 289/372/370 290/373/371 213/274/239
f 213/274/239 290/373/371 291/374/372
f 213/274/239 291/374/372 292/275/273
f 292/275/273 291/374/372 329/375/373
f 292/275/273 329/375/373 330/376/374
f 330/376/374 329/375/373 367/377/375
f 330/376/374 367/377/375 368/378/376
f 368/378/376 367/377/375 405/379/377
f 368/378/376 405/379/377 406/380/378
f 406/380/378 405/379/377 443/381/379
f 406/380/378 443/381/379 444/382/380
f 444/382/380 443/381/379 267/287/285
f 444/382/380 267/287/285 445/285/283
f 274/332/330 212/331/329 311/383/381
f 311/383/381 212/331/329 211/384/382
f 311/383/381 211/384/382 348/385/383
f 348/385/383 211/384/382 210/386/384
f 348/385/383 210/386/384 209/387/385
f 348/385/383 209/387/385 385/388/386
f 385/388/386 209/387/385 208/389/387
f 385/388/386 208/389/387 422/390/388
f 422/390/388 208/389/387 207/343/341
f 422/390/388 207/343/341 423/391/389
f 423/391/389 207/343/341 424/392/390
f 423/391/389 424/392/390 386/393/391
f 386/393/391 424/392/390 387/394/392
f 386/393/391 387/394/392 349/395/393
f 349/395/393 387/394/392 350/396/394
f 349/395/393 350/396/394 312/397/395
f 312/397/395 350/396/394 313/335/333
f 312/397/395 313/335/333 275/333/331
f 206/398/396 267/287/285 207/343/341
f 207/343/341 267/287/285 434/399/397
f 207/343/341 434/399/397 433/400/398
f 433/400/398 434/399/397 396/401/399
f 433/400/398 396/401/399 395/402/400
f 395/402/400 396/401/399 358/403/401
f 395/402/400 358/403/401 357/404/402
f 357/404/402 358/403/401 320/405/403
f 357/404/402 320/405/403 319/351/349
f 319/351/349 320/405/403 282/353/351
f 273/321/319 266/276/274 310/319/317
f 312/397/395 275/333/331 274/332/330
f 276/334/332 277/406/404 213/274/239
f 213/274/239 277/406/404 278/407/405
f 213/274/239 278/407/405 279/408/406
f 279/408/406 278/407/405 316/409/407
f 279/408/406 316/409/407 317/410/408
f 317/410/408 316/409/407 354/411/409
f 317/410/408 354/411/409 355/348/346
f 355/348/346 354/411/409 392/346/344
f 276/334/332 314/336/334 277/406/404
f 277/406/404 314/336/334 315/412/410
f 277/406/404 315/412/410 278/407/405
f 278/407/405 315/412/410 316/409/407
f 281/352/350 213/274/239 280/413/411
f 280/413/411 213/274/239 279/408/406
f 280/413/411 279/408/406 317/410/408
f 318/350/348 281/352/350 280/413/411
f 318/350/348 280/413/411 317/410/408
f 321/356/354 283/354/352 320/405/403
f 320/405/403 283/354/352 282/353/351
f 284/355/353 285/414/412 213/274/239
f 213/274/239 285/414/412 286/415/413
f 213/274/239 286/415/413 287/416/414
f 287/416/414 286/415/413 324/417/415
f 287/416/414 324/417/415 325/418/416
f 325/418/416 324/417/415 362/419/417
f 325/418/416 362/419/417 363/368/366
f 363/368/366 362/419/417 400/366/364
f 284/355/353 322/357/355 285/414/412
f 285/414/412 322/357/355 323/420/418
f 285/414/412 323/420/418 286/415/413
f 286/415/413 323/420/418 324/417/415
f 289/372/370 213/274/239 288/421/419
f 288/421/419 213/274/239 287/416/414
f 288/421/419 287/416/414 325/418/416
f 326/370/368 289/372/370 288/421/419
f 326/370/368 288/421/419 325/418/416
f 291/374/372 290/373/371 328/422/420
f 328/422/420 290/373/371 327/371/369
f 328/422/420 327/371/369 365/423/421
f 365/423/421 327/371/369 364/369/367
f 365/423/421 364/369/367 402/424/422
f 402/424/422 364/369/367 401/367/365
f 402/424/422 401/367/365 439/425/423
f 439/425/423 401/367/365 438/365/363
f 439/425/423 438/365/363 267/287/285
f 331/279/277 293/277/275 330/376/374
f 330/376/374 293/277/275 292/275/273
f 294/278/276 295/426/424 266/276/274
f 266/276/274 295/426/424 296/427/425
f 266/276/274 296/427/425 297/428/426
f 297/428/426 296/427/425 334/429/427
f 297/428/426 334/429/427 335/430/428
f 335/430/428 334/429/427 372/431/429
f 335/430/428 372/431/429 373/292/290
f 373/292/290 372/431/429 410/290/288
f 294/278/276 332/280/278 295/426/424
f 295/426/424 332/280/278 333/432/430
f 295/426/424 333/432/430 296/427/425
f 296/427/425 333/432/430 334/429/427
f 299/296/294 266/276/274 298/433/431
f 298/433/431 266/276/274 297/428/426
f 298/433/431 297/428/426 335/430/428
f 336/294/292 299/296/294 298/433/431
f 336/294/292 298/433/431 335/430/428
f 301/298/296 300/297/295 338/434/432
f 338/434/432 300/297/295 337/295/293
f 338/434/432 337/295/293 375/435/433
f 375/435/433 337/295/293 374/293/291
f 375/435/433 374/293/291 412/436/434
f 412/436/434 374/293/291 411/291/289
f 412/436/434 411/291/289 449/437/435
f 449/437/435 411/291/289 448/289/287
f 449/437/435 448/289/287 267/287/285
f 302/299/297 303/438/436 266/276/274
f 266/276/274 303/438/436 304/439/437
f 266/276/274 304/439/437 305/440/438
f 305/440/438 304/439/437 342/441/439
f 305/440/438 342/441/439 343/442/440
f 343/442/440 342/441/439 380/443/441
f 343/442/440 380/443/441 381/312/310
f 381/312/310 380/443/441 418/310/308
f 302/299/297 340/301/299 303/438/436
f 303/438/436 340/301/299 341/444/442
f 303/438/436 341/444/442 304/439/437
f 304/439/437 341/444/442 342/441/439
f 307/316/314 266/276/274 306/445/443
f 306/445/443 266/276/274 305/440/438
f 306/445/443 305/440/438 343/442/440
f 344/314/312 307/316/314 306/445/443
f 344/314/312 306/445/443 343/442/440
f 309/318/316 308/317/315 346/446/444
f 346/446/444 308/317/315 345/315/313
f 346/446/444 345/315/313 383/447/445
f 383/447/445 345/315/313 382/313/311
f 383/447/445 382/313/311 420/448/446
f 420/448/446 382/313/311 419/311/309
f 420/448/446 419/311/309 457/330/328
f 349/395/393 312/397/395 311/383/381
f 311/383/381 312/397/395 274/332/330
f 351/337/335 313/335/333 350/396/394
f 314/336/334 352/338/336 315/412/410
f 315/412/410 352/338/336 353/449/447
f 315/412/410 353/449/447 316/409/407
f 316/409/407 353/449/447 354/411/409
f 355/348/346 318/350/348 317/410/408
f 357/404/402 319/351/349 356/349/347
f 359/358/356 321/356/354 358/403/401
f 358/403/401 321/356/354 320/405/403
f 322/357/355 360/359/357 323/420/418
f 323/420/418 360/359/357 361/450/448
f 323/420/418 361/450/448 324/417/415
f 324/417/415 361/450/448 362/419/417
f 363/368/366 326/370/368 325/418/416
f 291/374/372 328/422/420 329/375/373
f 329/375/373 328/422/420 366/451/449
f 329/375/373 366/451/449 367/377/375
f 367/377/375 366/451/449 404/452/450
f 367/377/375 404/452/450 405/379/377
f 405/379/377 404/452/450 442/453/451
f 405/379/377 442/453/451 443/381/379
f 443/381/379 442/453/451 267/287/285
f 366/451/449 328/422/420 365/423/421
f 369/281/279 331/279/277 368/378/376
f 368/378/376 331/279/277 330/376/374
f 332/280/278 370/282/280 333/432/430
f 333/432/430 370/282/280 371/454/452
f 333/432/430 371/454/452 334/429/427
f 334/429/427 371/454/452 372/431/429
f 373/292/290 336/294/292 335/430/428
f 301/298/296 338/434/432 339/300/298
f 339/300/298 338/434/432 376/455/453
f 339/300/298 376/455/453 377/302/300
f 377/302/300 376/455/453 414/456/454
f 377/302/300 414/456/454 415/304/302
f 415/304/302 414/456/454 452/457/455
f 415/304/302 452/457/455 453/306/304
f 453/306/304 452/457/455 267/287/285
f 376/455/453 338/434/432 375/435/433
f 340/301/299 378/303/301 341/444/442
f 341/444/442 378/303/301 379/458/456
f 341/444/442 379/458/456 342/441/439
f 342/441/439 379/458/456 380/443/441
f 381/312/310 344/314/312 343/442/440
f 384/323/321 347/320/318 346/446/444
f 346/446/444 347/320/318 309/318/316
f 384/323/321 346/446/444 383/447/445
f 386/393/391 349/395/393 348/385/383
f 348/385/383 349/395/393 311/383/381
f 351/337/335 350/396/394 388/459/457
f 388/459/457 350/396/394 387/394/392
f 388/459/457 387/394/392 425/460/458
f 425/460/458 387/394/392 424/392/390
f 425/460/458 424/392/390 207/343/341
f 352/338/336 390/340/338 353/449/447
f 353/449/447 390/340/338 391/461/459
f 353/449/447 391/461/459 354/411/409
f 354/411/409 391/461/459 392/346/344
f 357/404/402 356/349/347 394/462/460
f 394/462/460 356/349/347 393/347/345
f 394/462/460 393/347/345 431/463/461
f 431/463/461 393/347/345 430/345/343
f 431/463/461 430/345/343 207/343/341
f 397/360/358 359/358/356 396/401/399
f 396/401/399 359/358/356 358/403/401
f 360/359/357 398/361/359 361/450/448
f 361/450/448 398/361/359 399/464/462
f 361/450/448 399/464/462 362/419/417
f 362/419/417 399/464/462 400/366/364
f 366/451/449 365/423/421 403/465/463
f 403/465/463 365/423/421 402/424/422
f 403/465/463 402/424/422 440/466/464
f 440/466/464 402/424/422 439/425/423
f 440/466/464 439/425/423 267/287/285
f 407/283/281 369/281/279 406/380/378
f 406/380/378 369/281/279 368/378/376
f 370/282/280 408/284/282 371/454/452
f 371/454/452 408/284/282 409/467/465
f 371/454/452 409/467/465 372/431/429
f 372/431/429 409/467/465 410/290/288
f 376/455/453 375/435/433 413/468/466
f 413/468/466 375/435/433 412/436/434
f 413/468/466 412/436/434 450/469/467
f 450/469/467 412/436/434 449/437/435
f 450/469/467 449/437/435 267/287/285
f 378/303/301 416/305/303 379/458/456
f 379/458/456 416/305/303 417/470/468
f 379/458/456 417/470/468 380/443/441
f 380/443/441 417/470/468 418/310/308
f 421/326/324 384/323/321 383/447/445
f 421/326/324 383/447/445 420/448/446
f 423/391/389 386/393/391 385/388/386
f 385/388/386 386/393/391 348/385/383
f 422/390/388 423/391/389 385/388/386
f 351/337/335 388/459/457 389/339/337
f 389/339/337 388/459/457 426/471/469
f 389/339/337 426/471/469 427/341/339
f 427/341/339 426/471/469 207/343/341
f 426/471/469 388/459/457 425/460/458
f 429/344/342 392/346/344 391/461/459
f 429/344/342 391/461/459 428/342/340
f 428/342/340 391/461/459 390/340/338
f 357/404/402 394/462/460 395/402/400
f 395/402/400 394/462/460 432/472/470
f 395/402/400 432/472/470 433/400/398
f 433/400/398 432/472/470 207/343/341
f 432/472/470 394/462/460 431/463/461
f 435/362/360 397/360/358 434/399/397
f 434/399/397 397/360/358 396/401/399
f 437/364/362 400/366/364 399/464/462
f 437/364/362 399/464/462 436/363/361
f 436/363/361 399/464/462 398/361/359
f 366/451/449 403/465/463 404/452/450
f 404/452/450 403/465/463 441/473/471
f 404/452/450 441/473/471 442/453/451
f 442/453/451 441/473/471 267/287/285
f 441/473/471 403/465/463 440/466/464
f 445/285/283 407/283/281 444/382/380
f 444/382/380 407/283/281 406/380/378
f 447/288/286 410/290/288 409/467/465
f 447/288/286 409/467/465 446/286/284
f 446/286/284 409/467/465 408/284/282
f 376/455/453 413/468/466 414/456/454
f 414/456/454 413/468/466 451/474/472
f 414/456/454 451/474/472 452/457/455
f 452/457/455 451/474/472 267/287/285
f 451/474/472 413/468/466 450/469/467
f 455/308/306 418/310/308 417/470/468
f 455/308/306 417/470/468 454/307/305
f 454/307/305 417/470/468 416/305/303
f 458/328/326 421/326/324 420/448/446
f 458/328/326 420/448/446 457/330/328
f 207/343/341 426/471/469 425/460/458
f 207/343/341 432/472/470 431/463/461
f 267/287/285 435/362/360 434/399/397
f 267/287/285 441/473/471 440/466/464
f 267/287/285 451/474/472 450/469/467
f 460/475/473 461/476/474 459/477/475
f 459/477/475 461/476/474 464/478/476
f 464/478/476 461/476/474 462/479/477
f 464/478/476 462/479/477 463/480/478
f 463/480/478 462/479/477 267/481/479
f 267/481/479 462/479/477 470/482/480
f 267/481/479 470/482/480 471/483/481
f 471/483/481 470/482/480 481/484/482
f 471/483/481 481/484/482 482/485/483
f 482/485/483 481/484/482 492/486/484
f 482/485/483 492/486/484 493/487/485
f 493/487/485 492/486/484 503/488/486
f 493/487/485 503/488/486 504/489/487
f 504/489/487 503/488/486 514/490/488
f 504/489/487 514/490/488 273/491/489
f 273/491/489 514/490/488 266/492/274
f 266/492/274 514/490/488 513/493/490
f 266/492/274 513/493/490 512/494/491
f 512/494/491 513/493/490 502/495/492
f 512/494/491 502/495/492 501/496/493
f 501/496/493 502/495/492 491/497/494
f 501/496/493 491/497/494 490/498/495
f 490/498/495 491/497/494 480/499/496
f 490/498/495 480/499/496 479/500/497
f 479/500/497 480/499/496 469/501/498
f 479/500/497 469/501/498 468/502/499
f 468/502/499 469/501/498 462/479/477
f 468/502/499 462/479/477 467/503/500
f 467/503/500 462/479/477 466/504/501
f 467/503/500 466/504/501 477/505/502
f 477/505/502 466/504/501 476/506/503
f 477/505/502 476/506/503 487/507/504
f 487/507/504 476/506/503 486/508/505
f 487/507/504 486/508/505 497/509/506
f 497/509/506 486/508/505 496/510/507
f 497/509/506 496/510/507 507/511/508
f 507/511/508 496/510/507 506/512/509
f 507/511/508 506/512/509 10/513/14
f 10/513/14 506/512/509 505/514/510
f 10/513/14 505/514/510 11/515/511
f 11/515/511 505/514/510 495/516/512
f 11/515/511 495/516/512 12/517/513
f 12/517/513 495/516/512 13/518/514
f 13/518/514 495/516/512 485/519/515
f 13/518/514 485/519/515 14/520/516
f 14/520/516 485/519/515 475/521/517
f 14/520/516 475/521/517 15/522/518
f 15/522/518 475/521/517 16/523/519
f 16/523/519 475/521/517 465/524/520
f 16/523/519 465/524/520 1/525/521
f 1/525/521 465/524/520 462/479/477
f 462/479/477 465/524/520 466/504/501
f 266/492/274 509/526/522 10/513/14
f 10/513/14 509/526/522 508/527/523
f 10/513/14 508/527/523 507/511/508
f 507/511/508 508/527/523 497/509/506
f 273/491/489 272/528/524 504/489/487
f 504/489/487 272/528/524 271/529/525
f 504/489/487 271/529/525 494/530/526
f 494/530/526 271/529/525 270/531/527
f 494/530/526 270/531/527 484/532/528
f 484/532/528 270/531/527 269/533/529
f 484/532/528 269/533/529 268/534/530
f 484/532/528 268/534/530 474/535/531
f 474/535/531 268/534/530 267/481/479
f 474/535/531 267/481/479 473/536/532
f 473/536/532 267/481/479 472/537/533
f 473/536/532 472/537/533 483/538/534
f 483/538/534 472/537/533 482/485/483
f 483/538/534 482/485/483 493/487/485
f 476/506/503 466/504/501 465/524/520
f 470/482/480 462/479/477 469/501/498
f 468/502/499 467/503/500 478/539/535
f 478/539/535 467/503/500 477/505/502
f 478/539/535 477/505/502 488/540/536
f 488/540/536 477/505/502 487/507/504
f 488/540/536 487/507/504 498/541/537
f 498/541/537 487/507/504 497/509/506
f 498/541/537 497/509/506 508/527/523
f 472/537/533 267/481/479 471/483/481
f 481/484/482 470/482/480 480/499/496
f 480/499/496 470/482/480 469/501/498
f 482/485/483 472/537/533 471/483/481
f 484/532/528 474/535/531 473/536/532
f 484/532/528 473/536/532 483/538/534
f 486/508/505 476/506/503 475/521/517
f 475/521/517 476/506/503 465/524/520
f 468/502/499 478/539/535 479/500/497
f 479/500/497 478/539/535 489/542/538
f 479/500/497 489/542/538 490/498/495
f 490/498/495 489/542/538 500/543/539
f 490/498/495 500/543/539 501/496/493
f 501/496/493 500/543/539 511/544/540
f 501/496/493 511/544/540 512/494/491
f 512/494/491 511/544/540 266/492/274
f 489/542/538 478/539/535 488/540/536
f 492/486/484 481/484/482 491/497/494
f 491/497/494 481/484/482 480/499/496
f 494/530/526 484/532/528 483/538/534
f 494/530/526 483/538/534 493/487/485
f 496/510/507 486/508/505 485/519/515
f 485/519/515 486/508/505 475/521/517
f 489/542/538 488/540/536 499/545/541
f 499/545/541 488/540/536 498/541/537
f 499/545/541 498/541/537 509/526/522
f 509/526/522 498/541/537 508/527/523
f 503/488/486 492/486/484 502/495/492
f 502/495/492 492/486/484 491/497/494
f 504/489/487 494/530/526 493/487/485
f 506/512/509 496/510/507 495/516/512
f 495/516/512 496/510/507 485/519/515
f 505/514/510 506/512/509 495/516/512
f 489/542/538 499/545/541 500/543/539
f 500/543/539 499/545/541 510/546/542
f 500/543/539 510/546/542 511/544/540
f 511/544/540 510/546/542 266/492/274
f 510/546/542 499/545/541 509/526/522
f 514/490/488 503/488/486 513/493/490
f 513/493/490 503/488/486 502/495/492
f 266/492/274 510/546/542 509/526/522
f 215/547/543 461/548/544 202/549/545
f 202/549/545 461/548/544 460/550/546
f 202/549/545 460/550/546 515/551/547
f 461/548/544 215/547/543 462/552/548
f 462/552/548 215/547/543 214/553/549
f 462/552/548 214/553/549 1/554/1
f 1/554/1 214/553/549 2/555/2
f 515/551/547 516/556/550 202/549/545
f 460/557/473 459/558/475 515/559/551
f 515/559/551 459/558/475 517/560/552
f 9/561/54 213/562/239 10/563/14
f 10/563/14 213/562/239 266/564/274
f 515/565/553 517/566/554 516/567/555
f 516/567/555 517/566/554 518/568/556
f 206/569/396 205/570/557 267/571/285
f 267/571/285 205/570/557 463/572/558
f 463/572/558 205/570/557 204/573/559
f 463/572/558 204/573/559 464/574/560
f 464/574/560 204/573/559 203/575/561
f 464/574/560 203/575/561 459/576/562
f 459/576/562 203/575/561 517/577/563
f 517/577/563 203/575/561 518/578/564
f 202/579/204 516/580/565 203/581/202
f 203/581/202 516/580/565 518/582/566
g Middle

v -3.200000 9.725000 2.568000
v -3.200000 -9.725000 2.568000
v 3.200000 -9.725000 2.568000
v 3.200000 9.725000 2.568000
v -3.200000 -9.725000 2.060000
v -3.200000 9.725000 2.060000
v 3.200000 9.725000 2.060000
v 3.200000 -9.725000 2.060000
vt -0.320000 -0.972500 0.000000
vt 0.320000 -0.972500 0.000000
vt -0.320000 0.972500 0.000000
vt 0.320000 0.972500 0.000000
vt 0.320000 0.972500 0.000000
vt -0.320000 0.972500 0.000000
vt 0.320000 -0.972500 0.000000
vt -0.320000 -0.972500 0.000000
vt 0.000000 -0.010000 0.000000
vt 0.050800 -0.010000 0.000000
vt -0.000000 1.935000 0.000000
vt 0.050800 1.935000 0.000000
vt -0.000000 0.000000 0.000000
vt 0.050800 0.000000 0.000000
vt -0.000000 0.640000 0.000000
vt 0.050800 0.640000 0.000000
vt -0.000000 0.010000 0.000000
vt -0.050800 0.010000 0.000000
vt -0.000000 -1.935000 0.000000
vt -0.050800 -1.935000 0.000000
vt -0.000000 0.000000 0.000000
vt -0.050800 0.000000 0.000000
vt -0.000000 -0.640000 0.000000
vt -0.050800 -0.640000 0.000000
vn -0.000000 -0.000000 0.100000
vn -0.000000 -0.000000 0.100000
vn -0.000000 -0.000000 0.100000
vn -0.000000 -0.000000 0.100000
vn -0.000000 -0.000000 -0.100000
vn -0.000000 -0.000000 -0.100000
vn -0.000000 -0.000000 -0.100000
vn -0.000000 -0.000000 -0.100000
vn -0.100000 0.000000 0.000000
vn -0.100000 0.000000 0.000000
vn -0.100000 0.000000 0.000000
vn -0.100000 0.000000 0.000000
vn 0.000000 0.100000 0.000000
vn 0.000000 0.100000 0.000000
vn 0.000000 0.100000 0.000000
vn 0.000000 0.100000 0.000000
vn 0.100000 -0.000000 -0.000000
vn 0.100000 -0.000000 -0.000000
vn 0.100000 -0.000000 -0.000000
vn 0.100000 -0.000000 -0.000000
vn 0.000000 -0.100000 -0.000000
vn 0.000000 -0.100000 -0.000000
vn 0.000000 -0.100000 -0.000000
vn 0.000000 -0.100000 -0.000000
f 520/583/567 521/584/568 519/585/569
f 519/585/569 521/584/568 522/586/570
f 524/587/571 525/588/572 523/589/573
f 523/589/573 525/588/572 526/590/574
f 523/591/575 520/592/576 524/593/577
f 524/593/577 520/592/576 519/594/578
f 524/595/579 519/596/580 525/597/581
f 525/597/581 519/596/580 522/598/582
f 525/599/583 522/600/584 526/601/585
f 526/601/585 522/600/584 521/602/586
f 526/603/587 521/604/588 523/605/589
f 523/605/589 521/604/588 520/606/590
g Top

v -3.011571 9.624123 3.981216
v -3.011571 -9.624123 3.981216
v -3.007610 -9.620162 3.998728
v -3.000582 -9.613134 4.015249
v -2.990713 -9.603264 4.030247
v -2.978321 -9.590872 4.043238
v -2.963805 -9.576357 4.053805
v -2.947635 -9.560186 4.061605
v -2.912448 -9.525000 4.068000
v -2.912448 9.525000 4.068000
v -2.947635 9.560186 4.061605
v -2.963805 9.576357 4.053805
v -2.978321 9.590872 4.043238
v -2.990713 9.603264 4.030247
v -3.000582 9.613134 4.015249
v -3.007610 9.620162 3.998728
v -3.005599 -9.117590 4.004372
v -3.005599 -8.611057 4.004372
v -3.005599 -8.104524 4.004372
v -3.005599 -7.597992 4.004372
v -3.005599 -7.091459 4.004372
v -3.005599 -6.584926 4.004372
v -3.005599 -6.078393 4.004372
v -3.005599 -5.571861 4.004372
v -3.005599 -5.065328 4.004372
v -3.005599 -4.558795 4.004372
v -3.005599 -4.052262 4.004372
v -3.005599 -3.545729 4.004372
v -3.005599 -3.039197 4.004372
v -3.005599 -2.532664 4.004372
v -3.005599 -2.026131 4.004372
v -3.005599 -1.519598 4.004372
v -3.005599 -1.013066 4.004372
v -3.005599 -0.506533 4.004372
v -3.005599 0.000000 4.004372
v -3.005599 0.506533 4.004372
v -3.005599 1.013066 4.004372
v -3.005599 1.519598 4.004372
v -3.005599 2.026131 4.004372
v -3.005599 2.532664 4.004372
v -3.005599 3.039197 4.004372
v -3.005599 3.545729 4.004372
v -3.005599 4.052262 4.004372
v -3.005599 4.558795 4.004372
v -3.005599 5.065328 4.004372
v -3.005599 5.571861 4.004372
v -3.005599 6.078393 4.004372
v -3.005599 6.584926 4.004372
v -3.005599 7.091459 4.004372
v -3.005599 7.597992 4.004372
v -3.005599 8.104524 4.004372
v -3.005599 8.611057 4.004372
v -3.005599 9.117590 4.004372
v -2.994300 -9.117590 4.025448
v -2.994300 -8.611057 4.025448
v -2.994300 -8.104524 4.025448
v -2.994300 -7.597992 4.025448
v -2.994300 -7.091459 4.025448
v -2.994300 -6.584926 4.025448
v -2.994300 -6.078393 4.025448
v -2.994300 -5.571861 4.025448
v -2.994300 -5.065328 4.025448
v -2.994300 -4.558795 4.025448
v -2.994300 -4.052262 4.025448
v -2.994300 -3.545729 4.025448
v -2.994300 -3.039197 4.025448
v -2.994300 -2.532664 4.025448
v -2.994300 -2.026131 4.025448
v -2.994300 -1.519598 4.025448
v -2.994300 -1.013066 4.025448
v -2.994300 -0.506533 4.025448
v -2.994300 0.000000 4.025448
v -2.994300 0.506533 4.025448
v -2.994300 1.013066 4.025448
v -2.994300 1.519598 4.025448
v -2.994300 2.026131 4.025448
v -2.994300 2.532664 4.025448
v -2.994300 3.039197 4.025448
v -2.994300 3.545729 4.025448
v -2.994300 4.052262 4.025448
v -2.994300 4.558795 4.025448
v -2.994300 5.065328 4.025448
v -2.994300 5.571861 4.025448
v -2.994300 6.078393 4.025448
v -2.994300 6.584926 4.025448
v -2.994300 7.091459 4.025448
v -2.994300 7.597992 4.025448
v -2.994300 8.104524 4.025448
v -2.994300 8.611057 4.025448
v -2.994300 9.117590 4.025448
v -2.978321 -9.117590 4.043238
v -2.978321 -8.611057 4.043238
v -2.978321 -8.104524 4.043238
v -2.978321 -7.597992 4.043238
v -2.978321 -7.091459 4.043238
v -2.978321 -6.584926 4.043238
v -2.978321 -6.078393 4.043238
v -2.978321 -5.571861 4.043238
v -2.978321 -5.065328 4.043238
v -2.978321 -4.558795 4.043238
v -2.978321 -4.052262 4.043238
v -2.978321 -3.545729 4.043238
v -2.978321 -3.039197 4.043238
v -2.978321 -2.532664 4.043238
v -2.978321 -2.026131 4.043238
v -2.978321 -1.519598 4.043238
v -2.978321 -1.013066 4.043238
v -2.978321 -0.506533 4.043238
v -2.978321 0.000000 4.043238
v -2.978321 0.506533 4.043238
v -2.978321 1.013066 4.043238
v -2.978321 1.519598 4.043238
v -2.978321 2.026131 4.043238
v -2.978321 2.532664 4.043238
v -2.978321 3.039197 4.043238
v -2.978321 3.545729 4.043238
v -2.978321 4.052262 4.043238
v -2.978321 4.558795 4.043238
v -2.978321 5.065328 4.043238
v -2.978321 5.571861 4.043238
v -2.978321 6.078393 4.043238
v -2.978321 6.584926 4.043238
v -2.978321 7.091459 4.043238
v -2.978321 7.597992 4.043238
v -2.978321 8.104524 4.043238
v -2.978321 8.611057 4.043238
v -2.978321 9.117590 4.043238
v -2.958574 -9.117590 4.056726
v -2.958574 -8.611057 4.056726
v -2.958574 -8.104524 4.056726
v -2.958574 -7.597992 4.056726
v -2.958574 -7.091459 4.056726
v -2.958574 -6.584926 4.056726
v -2.958574 -6.078393 4.056726
v -2.958574 -5.571861 4.056726
v -2.958574 -5.065328 4.056726
v -2.958574 -4.558795 4.056726
v -2.958574 -4.052262 4.056726
v -2.958574 -3.545729 4.056726
v -2.958574 -3.039197 4.056726
v -2.958574 -2.532664 4.056726
v -2.958574 -2.026131 4.056726
v -2.958574 -1.519598 4.056726
v -2.958574 -1.013066 4.056726
v -2.958574 -0.506533 4.056726
v -2.958574 0.000000 4.056726
v -2.958574 0.506533 4.056726
v -2.958574 1.013066 4.056726
v -2.958574 1.519598 4.056726
v -2.958574 2.026131 4.056726
v -2.958574 2.532664 4.056726
v -2.958574 3.039197 4.056726
v -2.958574 3.545729 4.056726
v -2.958574 4.052262 4.056726
v -2.958574 4.558795 4.056726
v -2.958574 5.065328 4.056726
v -2.958574 5.571861 4.056726
v -2.958574 6.078393 4.056726
v -2.958574 6.584926 4.056726
v -2.958574 7.091459 4.056726
v -2.958574 7.597992 4.056726
v -2.958574 8.104524 4.056726
v -2.958574 8.611057 4.056726
v -2.958574 9.117590 4.056726
v -2.936190 -9.117590 4.065141
v -2.936190 -8.611057 4.065141
v -2.936190 -8.104524 4.065141
v -2.936190 -7.597992 4.065141
v -2.936190 -7.091459 4.065141
v -2.936190 -6.584926 4.065141
v -2.936190 -6.078393 4.065141
v -2.936190 -5.571861 4.065141
v -2.936190 -5.065328 4.065141
v -2.936190 -4.558795 4.065141
v -2.936190 -4.052262 4.065141
v -2.936190 -3.545729 4.065141
v -2.936190 -3.039197 4.065141
v -2.936190 -2.532664 4.065141
v -2.936190 -2.026131 4.065141
v -2.936190 -1.519598 4.065141
v -2.936190 -1.013066 4.065141
v -2.936190 -0.506533 4.065141
v -2.936190 0.000000 4.065141
v -2.936190 0.506533 4.065141
v -2.936190 1.013066 4.065141
v -2.936190 1.519598 4.065141
v -2.936190 2.026131 4.065141
v -2.936190 2.532664 4.065141
v -2.936190 3.039197 4.065141
v -2.936190 3.545729 4.065141
v -2.936190 4.052262 4.065141
v -2.936190 4.558795 4.065141
v -2.936190 5.065328 4.065141
v -2.936190 5.571861 4.065141
v -2.936190 6.078393 4.065141
v -2.936190 6.584926 4.065141
v -2.936190 7.091459 4.065141
v -2.936190 7.597992 4.065141
v -2.936190 8.104524 4.065141
v -2.936190 8.611057 4.065141
v -2.936190 9.117590 4.065141
v 2.912448 -9.525000 4.068000
v -3.012157 -9.624610 3.976825
v -3.012744 -9.624902 3.972417
v -3.013333 -9.625000 3.968000
v 3.013333 -9.625000 3.968000
v 3.012744 -9.624902 3.972417
v 3.012157 -9.624610 3.976825
v 3.011571 -9.624123 3.981216
v 3.007610 -9.620162 3.998728
v 3.000582 -9.613134 4.015249
v 2.990713 -9.603264 4.030247
v 2.978321 -9.590872 4.043238
v 2.963805 -9.576357 4.053805
v 2.947635 -9.560186 4.061605
v -2.465455 -9.550882 4.064593
v -1.917576 -9.550882 4.064593
v -1.369697 -9.550882 4.064593
v -0.821818 -9.550882 4.064593
v -0.273939 -9.550882 4.064593
v 0.273939 -9.550882 4.064593
v 0.821818 -9.550882 4.064593
v 1.369697 -9.550882 4.064593
v 1.917576 -9.550882 4.064593
v 2.465455 -9.550882 4.064593
v -2.465455 -9.575000 4.054603
v -1.917576 -9.575000 4.054603
v -1.369697 -9.575000 4.054603
v -0.821818 -9.575000 4.054603
v -0.273939 -9.575000 4.054603
v 0.273939 -9.575000 4.054603
v 0.821818 -9.575000 4.054603
v 1.369697 -9.575000 4.054603
v 1.917576 -9.575000 4.054603
v 2.465455 -9.575000 4.054603
v -2.465455 -9.595711 4.038711
v -1.917576 -9.595711 4.038711
v -1.369697 -9.595711 4.038711
v -0.821818 -9.595711 4.038711
v -0.273939 -9.595711 4.038711
v 0.273939 -9.595711 4.038711
v 0.821818 -9.595711 4.038711
v 1.369697 -9.595711 4.038711
v 1.917576 -9.595711 4.038711
v 2.465455 -9.595711 4.038711
v -2.465455 -9.611603 4.018000
v -1.917576 -9.611603 4.018000
v -1.369697 -9.611603 4.018000
v -0.821818 -9.611603 4.018000
v -0.273939 -9.611603 4.018000
v 0.273939 -9.611603 4.018000
v 0.821818 -9.611603 4.018000
v 1.369697 -9.611603 4.018000
v 1.917576 -9.611603 4.018000
v 2.465455 -9.611603 4.018000
v -2.465455 -9.621593 3.993882
v -1.917576 -9.621593 3.993882
v -1.369697 -9.621593 3.993882
v -0.821818 -9.621593 3.993882
v -0.273939 -9.621593 3.993882
v 0.273939 -9.621593 3.993882
v 0.821818 -9.621593 3.993882
v 1.369697 -9.621593 3.993882
v 1.917576 -9.621593 3.993882
v 2.465455 -9.621593 3.993882
v -1.000000 9.525000 4.068000
v -1.000000 9.550882 4.064593
v -1.000000 9.575000 4.054603
v -1.000000 9.595711 4.038711
v -1.000000 9.611603 4.018000
v -1.000000 9.621593 3.993882
v -1.000000 9.625000 3.968000
v -3.013333 9.625000 3.968000
v -3.012744 9.624902 3.972417
v -3.012157 9.624610 3.976825
v -1.503333 9.550882 4.064593
v -2.006667 9.550882 4.064593
v -2.510000 9.550882 4.064593
v -1.503333 9.575000 4.054603
v -2.006667 9.575000 4.054603
v -2.510000 9.575000 4.054603
v -1.503333 9.595711 4.038711
v -2.006667 9.595711 4.038711
v -2.510000 9.595711 4.038711
v -1.503333 9.611603 4.018000
v -2.006667 9.611603 4.018000
v -2.510000 9.611603 4.018000
v -1.503333 9.621593 3.993882
v -2.006667 9.621593 3.993882
v -2.510000 9.621593 3.993882
v 2.912448 9.525000 4.068000
v 3.011571 9.624123 3.981216
v 3.007610 9.620162 3.998728
v 3.000582 9.613134 4.015249
v 2.990713 9.603264 4.030247
v 2.978321 9.590872 4.043238
v 2.963805 9.576357 4.053805
v 2.947635 9.560186 4.061605
v 2.936190 -9.117590 4.065141
v 2.936190 -8.611057 4.065141
v 2.936190 -8.104524 4.065141
v 2.936190 -7.597992 4.065141
v 2.936190 -7.091459 4.065141
v 2.936190 -6.584926 4.065141
v 2.936190 -6.078393 4.065141
v 2.936190 -5.571861 4.065141
v 2.936190 -5.065328 4.065141
v 2.936190 -4.558795 4.065141
v 2.936190 -4.052262 4.065141
v 2.936190 -3.545729 4.065141
v 2.936190 -3.039197 4.065141
v 2.936190 -2.532664 4.065141
v 2.936190 -2.026131 4.065141
v 2.936190 -1.519598 4.065141
v 2.936190 -1.013066 4.065141
v 2.936190 -0.506533 4.065141
v 2.936190 0.000000 4.065141
v 2.936190 0.506533 4.065141
v 2.936190 1.013066 4.065141
v 2.936190 1.519598 4.065141
v 2.936190 2.026131 4.065141
v 2.936190 2.532664 4.065141
v 2.936190 3.039197 4.065141
v 2.936190 3.545729 4.065141
v 2.936190 4.052262 4.065141
v 2.936190 4.558795 4.065141
v 2.936190 5.065328 4.065141
v 2.936190 5.571861 4.065141
v 2.936190 6.078393 4.065141
v 2.936190 6.584926 4.065141
v 2.936190 7.091459 4.065141
v 2.936190 7.597992 4.065141
v 2.936190 8.104524 4.065141
v 2.936190 8.611057 4.065141
v 2.936190 9.117590 4.065141
v 2.958574 -9.117590 4.056726
v 2.958574 -8.611057 4.056726
v 2.958574 -8.104524 4.056726
v 2.958574 -7.597992 4.056726
v 2.958574 -7.091459 4.056726
v 2.958574 -6.584926 4.056726
v 2.958574 -6.078393 4.056726
v 2.958574 -5.571861 4.056726
v 2.958574 -5.065328 4.056726
v 2.958574 -4.558795 4.056726
v 2.958574 -4.052262 4.056726
v 2.958574 -3.545729 4.056726
v 2.958574 -3.039197 4.056726
v 2.958574 -2.532664 4.056726
v 2.958574 -2.026131 4.056726
v 2.958574 -1.519598 4.056726
v 2.958574 -1.013066 4.056726
v 2.958574 -0.506533 4.056726
v 2.958574 0.000000 4.056726
v 2.958574 0.506533 4.056726
v 2.958574 1.013066 4.056726
v 2.958574 1.519598 4.056726
v 2.958574 2.026131 4.056726
v 2.958574 2.532664 4.056726
v 2.958574 3.039197 4.056726
v 2.958574 3.545729 4.056726
v 2.958574 4.052262 4.056726
v 2.958574 4.558795 4.056726
v 2.958574 5.065328 4.056726
v 2.958574 5.571861 4.056726
v 2.958574 6.078393 4.056726
v 2.958574 6.584926 4.056726
v 2.958574 7.091459 4.056726
v 2.958574 7.597992 4.056726
v 2.958574 8.104524 4.056726
v 2.958574 8.611057 4.056726
v 2.958574 9.117590 4.056726
v 2.978321 -9.117590 4.043238
v 2.978321 -8.611057 4.043238
v 2.978321 -8.104524 4.043238
v 2.978321 -7.597992 4.043238
v 2.978321 -7.091459 4.043238
v 2.978321 -6.584926 4.043238
v 2.978321 -6.078393 4.043238
v 2.978321 -5.571861 4.043238
v 2.978321 -5.065328 4.043238
v 2.978321 -4.558795 4.043238
v 2.978321 -4.052262 4.043238
v 2.978321 -3.545729 4.043238
v 2.978321 -3.039197 4.043238
v 2.978321 -2.532664 4.043238
v 2.978321 -2.026131 4.043238
v 2.978321 -1.519598 4.043238
v 2.978321 -1.013066 4.043238
v 2.978321 -0.506533 4.043238
v 2.978321 0.000000 4.043238
v 2.978321 0.506533 4.043238
v 2.978321 1.013066 4.043238
v 2.978321 1.519598 4.043238
v 2.978321 2.026131 4.043238
v 2.978321 2.532664 4.043238
v 2.978321 3.039197 4.043238
v 2.978321 3.545729 4.043238
v 2.978321 4.052262 4.043238
v 2.978321 4.558795 4.043238
v 2.978321 5.065328 4.043238
v 2.978321 5.571861 4.043238
v 2.978321 6.078393 4.043238
v 2.978321 6.584926 4.043238
v 2.978321 7.091459 4.043238
v 2.978321 7.597992 4.043238
v 2.978321 8.104524 4.043238
v 2.978321 8.611057 4.043238
v 2.978321 9.117590 4.043238
v 2.994300 -9.117590 4.025448
v 2.994300 -8.611057 4.025448
v 2.994300 -8.104524 4.025448
v 2.994300 -7.597992 4.025448
v 2.994300 -7.091459 4.025448
v 2.994300 -6.584926 4.025448
v 2.994300 -6.078393 4.025448
v 2.994300 -5.571861 4.025448
v 2.994300 -5.065328 4.025448
v 2.994300 -4.558795 4.025448
v 2.994300 -4.052262 4.025448
v 2.994300 -3.545729 4.025448
v 2.994300 -3.039197 4.025448
v 2.994300 -2.532664 4.025448
v 2.994300 -2.026131 4.025448
v 2.994300 -1.519598 4.025448
v 2.994300 -1.013066 4.025448
v 2.994300 -0.506533 4.025448
v 2.994300 0.000000 4.025448
v 2.994300 0.506533 4.025448
v 2.994300 1.013066 4.025448
v 2.994300 1.519598 4.025448
v 2.994300 2.026131 4.025448
v 2.994300 2.532664 4.025448
v 2.994300 3.039197 4.025448
v 2.994300 3.545729 4.025448
v 2.994300 4.052262 4.025448
v 2.994300 4.558795 4.025448
v 2.994300 5.065328 4.025448
v 2.994300 5.571861 4.025448
v 2.994300 6.078393 4.025448
v 2.994300 6.584926 4.025448
v 2.994300 7.091459 4.025448
v 2.994300 7.597992 4.025448
v 2.994300 8.104524 4.025448
v 2.994300 8.611057 4.025448
v 2.994300 9.117590 4.025448
v 3.005599 -9.117590 4.004372
v 3.005599 -8.611057 4.004372
v 3.005599 -8.104524 4.004372
v 3.005599 -7.597992 4.004372
v 3.005599 -7.091459 4.004372
v 3.005599 -6.584926 4.004372
v 3.005599 -6.078393 4.004372
v 3.005599 -5.571861 4.004372
v 3.005599 -5.065328 4.004372
v 3.005599 -4.558795 4.004372
v 3.005599 -4.052262 4.004372
v 3.005599 -3.545729 4.004372
v 3.005599 -3.039197 4.004372
v 3.005599 -2.532664 4.004372
v 3.005599 -2.026131 4.004372
v 3.005599 -1.519598 4.004372
v 3.005599 -1.013066 4.004372
v 3.005599 -0.506533 4.004372
v 3.005599 0.000000 4.004372
v 3.005599 0.506533 4.004372
v 3.005599 1.013066 4.004372
v 3.005599 1.519598 4.004372
v 3.005599 2.026131 4.004372
v 3.005599 2.532664 4.004372
v 3.005599 3.039197 4.004372
v 3.005599 3.545729 4.004372
v 3.005599 4.052262 4.004372
v 3.005599 4.558795 4.004372
v 3.005599 5.065328 4.004372
v 3.005599 5.571861 4.004372
v 3.005599 6.078393 4.004372
v 3.005599 6.584926 4.004372
v 3.005599 7.091459 4.004372
v 3.005599 7.597992 4.004372
v 3.005599 8.104524 4.004372
v 3.005599 8.611057 4.004372
v 3.005599 9.117590 4.004372
v 3.013333 9.625000 3.968000
v 1.000000 9.625000 3.968000
v 1.000000 9.621593 3.993882
v 1.000000 9.611603 4.018000
v 1.000000 9.595711 4.038711
v 1.000000 9.575000 4.054603
v 1.000000 9.550882 4.064593
v 1.000000 9.525000 4.068000
v 3.012157 9.624610 3.976825
v 3.012744 9.624902 3.972417
v 1.503333 9.621593 3.993882
v 2.006667 9.621593 3.993882
v 2.510000 9.621593 3.993882
v 1.503333 9.611603 4.018000
v 2.006667 9.611603 4.018000
v 2.510000 9.611603 4.018000
v 1.503333 9.595711 4.038711
v 2.006667 9.595711 4.038711
v 2.510000 9.595711 4.038711
v 1.503333 9.575000 4.054603
v 2.006667 9.575000 4.054603
v 2.510000 9.575000 4.054603
v 1.503333 9.550882 4.064593
v 2.006667 9.550882 4.064593
v 2.510000 9.550882 4.064593
v -1.000000 9.425000 4.068000
v -1.000000 9.425000 3.468000
v -1.000000 9.625000 3.468000
v 1.000000 9.425000 4.068000
v 0.990686 9.288833 4.068000
v 0.962917 9.155203 4.068000
v 0.917211 9.026599 4.068000
v 0.854419 8.905416 4.068000
v 0.775711 8.793912 4.068000
v 0.682553 8.694164 4.068000
v 0.576680 8.608030 4.068000
v 0.460065 8.537115 4.068000
v 0.334880 8.482739 4.068000
v 0.203456 8.445916 4.068000
v 0.068242 8.427331 4.068000
v -0.068242 8.427331 4.068000
v -0.203456 8.445916 4.068000
v -0.334880 8.482739 4.068000
v -0.460065 8.537115 4.068000
v -0.576680 8.608030 4.068000
v -0.682553 8.694164 4.068000
v -0.775711 8.793912 4.068000
v -0.854419 8.905416 4.068000
v -0.917211 9.026599 4.068000
v -0.962917 9.155203 4.068000
v -0.990686 9.288833 4.068000
v 1.000000 9.625000 3.468000
v 3.200000 9.625000 2.568000
v -3.200000 9.625000 2.568000
v 1.000000 9.425000 3.468000
v 0.990686 9.288833 3.468000
v 0.962917 9.155203 3.468000
v 0.917211 9.026599 3.468000
v 0.854419 8.905416 3.468000
v 0.775711 8.793912 3.468000
v 0.682553 8.694164 3.468000
v 0.576680 8.608030 3.468000
v 0.460065 8.537115 3.468000
v 0.334880 8.482739 3.468000
v 0.203456 8.445916 3.468000
v 0.068242 8.427331 3.468000
v -0.068242 8.427331 3.468000
v -0.203456 8.445916 3.468000
v -0.334880 8.482739 3.468000
v -0.460065 8.537115 3.468000
v -0.576680 8.608030 3.468000
v -0.682553 8.694164 3.468000
v -0.775711 8.793912 3.468000
v -0.854419 8.905416 3.468000
v -0.917211 9.026599 3.468000
v -0.962917 9.155203 3.468000
v -0.990686 9.288833 3.468000
v 3.200000 -9.625000 2.568000
v -3.200000 -9.625000 2.568000
vt -1.443662 -0.007191 0.000000
vt 0.481162 -0.007191 0.000000
vt -1.443266 -0.005393 0.000000
vt -0.785170 -0.004794 0.000000
vt -0.835823 -0.004794 0.000000
vt -0.835823 -0.002397 0.000000
vt -0.886476 -0.002397 0.000000
vt -0.886476 0.000000 0.000000
vt -0.937130 0.000000 0.000000
vt -0.937130 0.002397 0.000000
vt -0.987783 0.002397 0.000000
vt -0.987783 0.004794 0.000000
vt -1.038436 0.004794 0.000000
vt -1.433750 0.007191 0.000000
vt -1.089089 0.004794 0.000000
vt -1.139743 0.004794 0.000000
vt -1.089089 0.002397 0.000000
vt -1.139743 0.002397 0.000000
vt -1.089089 0.000000 0.000000
vt -1.139743 0.000000 0.000000
vt -1.089089 -0.002397 0.000000
vt -1.139743 -0.002397 0.000000
vt -1.089089 -0.004794 0.000000
vt -1.139743 -0.004794 0.000000
vt -1.190396 -0.004794 0.000000
vt -1.241049 -0.004794 0.000000
vt -1.241049 -0.002397 0.000000
vt -1.291702 -0.002397 0.000000
vt -1.291702 0.000000 0.000000
vt -1.342356 0.000000 0.000000
vt -1.342356 0.002397 0.000000
vt -1.393009 0.002397 0.000000
vt -1.393009 0.004794 0.000000
vt -1.437269 0.003596 0.000000
vt -1.342356 0.004794 0.000000
vt -1.291702 0.004794 0.000000
vt -1.291702 0.002397 0.000000
vt -1.241049 0.002397 0.000000
vt -1.241049 0.000000 0.000000
vt -1.190396 0.000000 0.000000
vt -1.190396 -0.002397 0.000000
vt 0.480766 -0.005393 0.000000
vt 0.430509 -0.004794 0.000000
vt 0.379856 -0.004794 0.000000
vt 0.329202 -0.004794 0.000000
vt 0.329202 -0.002397 0.000000
vt 0.278549 -0.002397 0.000000
vt 0.278549 0.000000 0.000000
vt 0.227896 0.000000 0.000000
vt 0.227896 0.002397 0.000000
vt 0.177243 0.002397 0.000000
vt 0.177243 0.004794 0.000000
vt 0.126589 0.004794 0.000000
vt 0.471250 0.007191 0.000000
vt 0.075936 0.004794 0.000000
vt 0.025283 0.004794 0.000000
vt 0.075936 0.002397 0.000000
vt 0.025283 0.002397 0.000000
vt 0.075936 0.000000 0.000000
vt 0.025283 0.000000 0.000000
vt 0.075936 -0.002397 0.000000
vt 0.025283 -0.002397 0.000000
vt 0.075936 -0.004794 0.000000
vt 0.025283 -0.004794 0.000000
vt -0.025370 -0.004794 0.000000
vt -0.076024 -0.004794 0.000000
vt -0.076024 -0.002397 0.000000
vt -0.126677 -0.002397 0.000000
vt -0.126677 0.000000 0.000000
vt -0.177330 0.000000 0.000000
vt -0.177330 0.002397 0.000000
vt -0.227984 0.002397 0.000000
vt -0.227984 0.004794 0.000000
vt -0.278637 0.004794 0.000000
vt -0.329290 0.004794 0.000000
vt -0.379943 0.004794 0.000000
vt -0.329290 0.002397 0.000000
vt -0.379943 0.002397 0.000000
vt -0.329290 0.000000 0.000000
vt -0.379943 0.000000 0.000000
vt -0.329290 -0.002397 0.000000
vt -0.379943 -0.002397 0.000000
vt -0.329290 -0.004794 0.000000
vt -0.379943 -0.004794 0.000000
vt -0.430597 -0.004794 0.000000
vt -0.481250 -0.004794 0.000000
vt -0.481250 -0.002397 0.000000
vt -0.531903 -0.002397 0.000000
vt -0.531903 0.000000 0.000000
vt -0.582557 0.000000 0.000000
vt -0.582557 0.002397 0.000000
vt -0.633210 0.002397 0.000000
vt -0.633210 0.004794 0.000000
vt -0.683863 0.004794 0.000000
vt -0.734516 0.004794 0.000000
vt -0.785170 0.004794 0.000000
vt -0.734516 0.002397 0.000000
vt -0.785170 0.002397 0.000000
vt -0.734516 0.000000 0.000000
vt -0.785170 0.000000 0.000000
vt -0.734516 -0.002397 0.000000
vt -0.785170 -0.002397 0.000000
vt -0.734516 -0.004794 0.000000
vt 0.480063 -0.003596 0.000000
vt 0.430509 -0.002397 0.000000
vt 0.379856 -0.002397 0.000000
vt 0.379856 0.000000 0.000000
vt 0.329202 0.000000 0.000000
vt 0.329202 0.002397 0.000000
vt 0.278549 0.002397 0.000000
vt 0.278549 0.004794 0.000000
vt 0.227896 0.004794 0.000000
vt 0.479076 -0.001798 0.000000
vt 0.430509 0.000000 0.000000
vt 0.379856 0.002397 0.000000
vt 0.329202 0.004794 0.000000
vt 0.477837 0.000000 0.000000
vt 0.476386 0.001798 0.000000
vt 0.430509 0.002397 0.000000
vt 0.474769 0.003596 0.000000
vt 0.430509 0.004794 0.000000
vt 0.379856 0.004794 0.000000
vt -0.481250 0.004794 0.000000
vt -0.430597 0.004794 0.000000
vt -1.438886 0.001798 0.000000
vt -1.393009 0.000000 0.000000
vt -1.342356 -0.002397 0.000000
vt -1.291702 -0.004794 0.000000
vt -1.440337 0.000000 0.000000
vt -1.441576 -0.001798 0.000000
vt -1.393009 -0.002397 0.000000
vt -1.442563 -0.003596 0.000000
vt -1.393009 -0.004794 0.000000
vt -1.342356 -0.004794 0.000000
vt 0.278549 -0.004794 0.000000
vt 0.227896 -0.004794 0.000000
vt 0.177243 -0.004794 0.000000
vt 0.177243 -0.002397 0.000000
vt 0.126589 -0.002397 0.000000
vt 0.126589 0.000000 0.000000
vt 0.227896 -0.002397 0.000000
vt 0.126589 -0.004794 0.000000
vt -0.025370 -0.002397 0.000000
vt -0.025370 0.000000 0.000000
vt -0.025370 0.002397 0.000000
vt -0.025370 0.004794 0.000000
vt -0.126677 -0.004794 0.000000
vt -0.177330 -0.004794 0.000000
vt -0.227984 -0.004794 0.000000
vt -0.227984 -0.002397 0.000000
vt -0.278637 -0.002397 0.000000
vt -0.278637 0.000000 0.000000
vt -0.177330 -0.002397 0.000000
vt -0.278637 -0.004794 0.000000
vt -0.430597 -0.002397 0.000000
vt -0.430597 0.000000 0.000000
vt -0.430597 0.002397 0.000000
vt -0.531903 -0.004794 0.000000
vt -0.582557 -0.004794 0.000000
vt -0.633210 -0.004794 0.000000
vt -0.633210 -0.002397 0.000000
vt -0.683863 -0.002397 0.000000
vt -0.683863 0.000000 0.000000
vt -0.582557 -0.002397 0.000000
vt -0.683863 -0.004794 0.000000
vt -0.886476 -0.004794 0.000000
vt -0.937130 -0.004794 0.000000
vt -0.987783 -0.004794 0.000000
vt -0.987783 -0.002397 0.000000
vt -1.038436 -0.002397 0.000000
vt -1.038436 0.000000 0.000000
vt -0.937130 -0.002397 0.000000
vt -1.038436 -0.004794 0.000000
vt 0.177243 0.000000 0.000000
vt -0.076024 0.000000 0.000000
vt -0.126677 0.002397 0.000000
vt -0.177330 0.004794 0.000000
vt -0.227984 0.000000 0.000000
vt -0.481250 0.000000 0.000000
vt -0.531903 0.002397 0.000000
vt -0.582557 0.004794 0.000000
vt -0.633210 0.000000 0.000000
vt -0.835823 0.000000 0.000000
vt -0.835823 0.002397 0.000000
vt -0.835823 0.004794 0.000000
vt -0.987783 0.000000 0.000000
vt 0.126589 0.002397 0.000000
vt -0.076024 0.002397 0.000000
vt -0.076024 0.004794 0.000000
vt -0.278637 0.002397 0.000000
vt -0.481250 0.002397 0.000000
vt -0.683863 0.002397 0.000000
vt -0.886476 0.002397 0.000000
vt -0.937130 0.004794 0.000000
vt -1.038436 0.002397 0.000000
vt -1.190396 0.002397 0.000000
vt -1.190396 0.004794 0.000000
vt -0.126677 0.004794 0.000000
vt -0.531903 0.004794 0.000000
vt -0.886476 0.004794 0.000000
vt -1.241049 0.004794 0.000000
vt -0.451245 0.007854 0.000000
vt -0.132606 0.005236 0.000000
vt 0.131245 0.007854 0.000000
vt -0.077818 0.005236 0.000000
vt -0.023030 0.005236 0.000000
vt -0.023030 0.002618 0.000000
vt 0.031758 0.002618 0.000000
vt 0.031758 -0.000000 0.000000
vt 0.086545 -0.000000 0.000000
vt 0.086545 -0.002618 0.000000
vt 0.139071 -0.001135 0.000000
vt 0.140058 -0.002933 0.000000
vt 0.140761 -0.004731 0.000000
vt 0.086545 -0.005236 0.000000
vt 0.141157 -0.006528 0.000000
vt 0.141216 -0.006970 0.000000
vt 0.031758 -0.005236 0.000000
vt -0.023030 -0.005236 0.000000
vt -0.023030 -0.002618 0.000000
vt -0.077818 -0.002618 0.000000
vt -0.077818 -0.000000 0.000000
vt -0.132606 -0.000000 0.000000
vt -0.132606 0.002618 0.000000
vt -0.187394 0.002618 0.000000
vt -0.187394 0.005236 0.000000
vt -0.242182 0.005236 0.000000
vt -0.296970 0.005236 0.000000
vt -0.351758 0.005236 0.000000
vt -0.296970 0.002618 0.000000
vt -0.351758 0.002618 0.000000
vt -0.296970 -0.000000 0.000000
vt -0.351758 -0.000000 0.000000
vt -0.296970 -0.002618 0.000000
vt -0.351758 -0.002618 0.000000
vt -0.296970 -0.005236 0.000000
vt -0.351758 -0.005236 0.000000
vt -0.461157 -0.006528 0.000000
vt -0.406545 -0.005236 0.000000
vt -0.460761 -0.004731 0.000000
vt -0.406545 -0.002618 0.000000
vt -0.460058 -0.002933 0.000000
vt -0.459071 -0.001135 0.000000
vt -0.406545 -0.000000 0.000000
vt -0.457832 0.000663 0.000000
vt -0.406545 0.002618 0.000000
vt -0.456381 0.002461 0.000000
vt -0.454763 0.004258 0.000000
vt -0.406545 0.005236 0.000000
vt -0.461216 -0.006970 0.000000
vt -0.187394 -0.005236 0.000000
vt -0.242182 -0.005236 0.000000
vt -0.242182 -0.002618 0.000000
vt -0.461274 -0.007412 0.000000
vt 0.141274 -0.007412 0.000000
vt -0.461333 -0.007854 0.000000
vt 0.141333 -0.007854 0.000000
vt 0.137832 0.000663 0.000000
vt 0.086545 0.002618 0.000000
vt 0.031758 0.005236 0.000000
vt 0.136381 0.002461 0.000000
vt 0.134763 0.004258 0.000000
vt 0.086545 0.005236 0.000000
vt -0.242182 0.002618 0.000000
vt -0.242182 -0.000000 0.000000
vt -0.077818 0.002618 0.000000
vt -0.187394 -0.000000 0.000000
vt -0.132606 -0.002618 0.000000
vt -0.077818 -0.005236 0.000000
vt -0.023030 -0.000000 0.000000
vt -0.187394 -0.002618 0.000000
vt 0.031758 -0.002618 0.000000
vt -0.132606 -0.005236 0.000000
vt -0.060000 0.007854 0.000000
vt 0.040667 0.005236 0.000000
vt 0.131245 0.007854 0.000000
vt 0.091000 0.005236 0.000000
vt 0.134763 0.004258 0.000000
vt 0.091000 0.002618 0.000000
vt 0.136381 0.002461 0.000000
vt 0.137832 0.000663 0.000000
vt 0.091000 0.000000 0.000000
vt 0.139071 -0.001135 0.000000
vt 0.091000 -0.002618 0.000000
vt 0.140058 -0.002933 0.000000
vt 0.140761 -0.004731 0.000000
vt 0.091000 -0.005236 0.000000
vt 0.141157 -0.006528 0.000000
vt 0.141216 -0.006970 0.000000
vt 0.040667 -0.005236 0.000000
vt -0.009667 -0.005236 0.000000
vt -0.009667 -0.002618 0.000000
vt -0.060000 -0.002618 0.000000
vt -0.060000 0.000000 0.000000
vt -0.009667 0.000000 0.000000
vt -0.060000 0.002618 0.000000
vt -0.009667 0.002618 0.000000
vt -0.060000 0.005236 0.000000
vt -0.009667 0.005236 0.000000
vt -0.060000 -0.005236 0.000000
vt -0.060000 -0.007854 0.000000
vt 0.141274 -0.007412 0.000000
vt 0.141333 -0.007854 0.000000
vt 0.040667 0.002618 0.000000
vt 0.040667 0.000000 0.000000
vt 0.040667 -0.002618 0.000000
vt -1.433750 0.007191 0.000000
vt -0.481250 0.004794 0.000000
vt 0.471250 0.007191 0.000000
vt -0.430597 0.004794 0.000000
vt -0.379943 0.004794 0.000000
vt -0.379943 0.002397 0.000000
vt -0.329290 0.002397 0.000000
vt -0.329290 -0.000000 0.000000
vt -0.278637 -0.000000 0.000000
vt -0.278637 -0.002397 0.000000
vt -0.227984 -0.002397 0.000000
vt -0.227984 -0.004794 0.000000
vt -0.177330 -0.004794 0.000000
vt 0.481162 -0.007191 0.000000
vt -0.126677 -0.004794 0.000000
vt -0.076024 -0.004794 0.000000
vt -0.126677 -0.002397 0.000000
vt -0.076024 -0.002397 0.000000
vt -0.126677 -0.000000 0.000000
vt -0.076024 -0.000000 0.000000
vt -0.126677 0.002397 0.000000
vt -0.076024 0.002397 0.000000
vt -0.126677 0.004794 0.000000
vt -0.076024 0.004794 0.000000
vt -0.025370 0.004794 0.000000
vt 0.025283 0.004794 0.000000
vt 0.025283 0.002397 0.000000
vt 0.075936 0.002397 0.000000
vt 0.075936 -0.000000 0.000000
vt 0.126589 -0.000000 0.000000
vt 0.126589 -0.002397 0.000000
vt 0.177243 -0.002397 0.000000
vt 0.177243 -0.004794 0.000000
vt 0.227896 -0.004794 0.000000
vt 0.278549 -0.004794 0.000000
vt 0.329202 -0.004794 0.000000
vt 0.278549 -0.002397 0.000000
vt 0.329202 -0.002397 0.000000
vt 0.278549 -0.000000 0.000000
vt 0.329202 -0.000000 0.000000
vt 0.278549 0.002397 0.000000
vt 0.329202 0.002397 0.000000
vt 0.278549 0.004794 0.000000
vt 0.329202 0.004794 0.000000
vt 0.379856 0.004794 0.000000
vt 0.430509 0.004794 0.000000
vt 0.430509 0.002397 0.000000
vt 0.474769 0.003596 0.000000
vt 0.476386 0.001798 0.000000
vt 0.430509 -0.000000 0.000000
vt 0.477837 -0.000000 0.000000
vt 0.479076 -0.001798 0.000000
vt 0.430509 -0.002397 0.000000
vt 0.480063 -0.003596 0.000000
vt 0.430509 -0.004794 0.000000
vt 0.480766 -0.005393 0.000000
vt 0.379856 -0.004794 0.000000
vt -1.437269 0.003596 0.000000
vt -1.393009 0.004794 0.000000
vt -1.342356 0.004794 0.000000
vt -1.291702 0.004794 0.000000
vt -1.291702 0.002397 0.000000
vt -1.241049 0.002397 0.000000
vt -1.241049 -0.000000 0.000000
vt -1.190396 -0.000000 0.000000
vt -1.190396 -0.002397 0.000000
vt -1.139743 -0.002397 0.000000
vt -1.139743 -0.004794 0.000000
vt -1.089089 -0.004794 0.000000
vt -1.443266 -0.005393 0.000000
vt -1.038436 -0.004794 0.000000
vt -0.987783 -0.004794 0.000000
vt -1.038436 -0.002397 0.000000
vt -0.987783 -0.002397 0.000000
vt -1.038436 -0.000000 0.000000
vt -0.987783 -0.000000 0.000000
vt -1.038436 0.002397 0.000000
vt -0.987783 0.002397 0.000000
vt -1.038436 0.004794 0.000000
vt -0.987783 0.004794 0.000000
vt -0.937130 0.004794 0.000000
vt -0.886476 0.004794 0.000000
vt -0.886476 0.002397 0.000000
vt -0.835823 0.002397 0.000000
vt -0.835823 -0.000000 0.000000
vt -0.785170 -0.000000 0.000000
vt -0.785170 -0.002397 0.000000
vt -0.734516 -0.002397 0.000000
vt -0.734516 -0.004794 0.000000
vt -0.683863 -0.004794 0.000000
vt -0.633210 -0.004794 0.000000
vt -0.582557 -0.004794 0.000000
vt -0.633210 -0.002397 0.000000
vt -0.582557 -0.002397 0.000000
vt -0.633210 -0.000000 0.000000
vt -0.582557 -0.000000 0.000000
vt -0.633210 0.002397 0.000000
vt -0.582557 0.002397 0.000000
vt -0.633210 0.004794 0.000000
vt -0.582557 0.004794 0.000000
vt -0.531903 0.004794 0.000000
vt -0.481250 0.002397 0.000000
vt -0.430597 0.002397 0.000000
vt -0.430597 -0.000000 0.000000
vt -0.379943 -0.000000 0.000000
vt -0.379943 -0.002397 0.000000
vt -0.329290 -0.002397 0.000000
vt -0.329290 -0.004794 0.000000
vt -0.278637 -0.004794 0.000000
vt -1.393009 0.002397 0.000000
vt -1.438886 0.001798 0.000000
vt -1.393009 -0.000000 0.000000
vt -1.440337 -0.000000 0.000000
vt -1.441576 -0.001798 0.000000
vt -1.393009 -0.002397 0.000000
vt -1.442563 -0.003596 0.000000
vt -1.393009 -0.004794 0.000000
vt -1.342356 -0.004794 0.000000
vt -1.291702 -0.004794 0.000000
vt -1.342356 -0.002397 0.000000
vt -1.291702 -0.002397 0.000000
vt -1.342356 -0.000000 0.000000
vt -1.291702 -0.000000 0.000000
vt -1.342356 0.002397 0.000000
vt -1.443662 -0.007191 0.000000
vt -0.785170 -0.004794 0.000000
vt -0.835823 -0.004794 0.000000
vt -0.835823 -0.002397 0.000000
vt -0.886476 -0.002397 0.000000
vt -0.886476 -0.000000 0.000000
vt -0.937130 -0.000000 0.000000
vt -0.937130 0.002397 0.000000
vt -1.241049 0.004794 0.000000
vt -1.190396 0.004794 0.000000
vt -1.139743 0.004794 0.000000
vt -1.139743 0.002397 0.000000
vt -1.089089 0.002397 0.000000
vt -1.089089 -0.000000 0.000000
vt -1.190396 0.002397 0.000000
vt -1.089089 0.004794 0.000000
vt -0.835823 0.004794 0.000000
vt -0.785170 0.004794 0.000000
vt -0.734516 0.004794 0.000000
vt -0.734516 0.002397 0.000000
vt -0.683863 0.002397 0.000000
vt -0.683863 -0.000000 0.000000
vt -0.785170 0.002397 0.000000
vt -0.683863 0.004794 0.000000
vt -0.531903 0.002397 0.000000
vt -0.531903 -0.000000 0.000000
vt -0.531903 -0.002397 0.000000
vt -0.531903 -0.004794 0.000000
vt -0.329290 0.004794 0.000000
vt -0.278637 0.004794 0.000000
vt -0.227984 0.004794 0.000000
vt -0.227984 0.002397 0.000000
vt -0.177330 0.002397 0.000000
vt -0.177330 -0.000000 0.000000
vt -0.278637 0.002397 0.000000
vt -0.177330 0.004794 0.000000
vt -0.025370 0.002397 0.000000
vt -0.025370 -0.000000 0.000000
vt -0.025370 -0.002397 0.000000
vt -0.025370 -0.004794 0.000000
vt 0.075936 0.004794 0.000000
vt 0.126589 0.004794 0.000000
vt 0.177243 0.004794 0.000000
vt 0.177243 0.002397 0.000000
vt 0.227896 0.002397 0.000000
vt 0.227896 -0.000000 0.000000
vt 0.126589 0.002397 0.000000
vt 0.227896 0.004794 0.000000
vt 0.379856 0.002397 0.000000
vt 0.379856 -0.000000 0.000000
vt 0.379856 -0.002397 0.000000
vt -1.139743 -0.000000 0.000000
vt -0.734516 -0.000000 0.000000
vt -0.481250 -0.000000 0.000000
vt -0.430597 -0.002397 0.000000
vt -0.379943 -0.004794 0.000000
vt -0.227984 -0.000000 0.000000
vt 0.025283 -0.000000 0.000000
vt 0.075936 -0.002397 0.000000
vt 0.126589 -0.004794 0.000000
vt 0.177243 -0.000000 0.000000
vt -1.241049 -0.002397 0.000000
vt -1.241049 -0.004794 0.000000
vt -1.089089 -0.002397 0.000000
vt -0.937130 -0.002397 0.000000
vt -0.937130 -0.004794 0.000000
vt -0.683863 -0.002397 0.000000
vt -0.481250 -0.002397 0.000000
vt -0.481250 -0.004794 0.000000
vt -0.177330 -0.002397 0.000000
vt 0.025283 -0.002397 0.000000
vt 0.025283 -0.004794 0.000000
vt 0.227896 -0.002397 0.000000
vt -1.190396 -0.004794 0.000000
vt -0.886476 -0.004794 0.000000
vt -0.430597 -0.004794 0.000000
vt 0.075936 -0.004794 0.000000
vt -0.461333 -0.007854 0.000000
vt -0.260000 -0.007854 0.000000
vt -0.461274 -0.007412 0.000000
vt -0.461216 -0.006970 0.000000
vt -0.461157 -0.006528 0.000000
vt -0.360667 -0.005236 0.000000
vt -0.411000 -0.005236 0.000000
vt -0.411000 -0.002618 0.000000
vt -0.460761 -0.004731 0.000000
vt -0.460058 -0.002933 0.000000
vt -0.459071 -0.001135 0.000000
vt -0.411000 0.000000 0.000000
vt -0.457832 0.000663 0.000000
vt -0.411000 0.002618 0.000000
vt -0.456381 0.002461 0.000000
vt -0.454763 0.004258 0.000000
vt -0.411000 0.005236 0.000000
vt -0.451245 0.007854 0.000000
vt -0.360667 0.005236 0.000000
vt -0.260000 0.007854 0.000000
vt -0.310333 0.005236 0.000000
vt -0.260000 0.005236 0.000000
vt -0.260000 0.002618 0.000000
vt -0.310333 0.002618 0.000000
vt -0.260000 0.000000 0.000000
vt -0.310333 0.000000 0.000000
vt -0.260000 -0.002618 0.000000
vt -0.310333 -0.002618 0.000000
vt -0.260000 -0.005236 0.000000
vt -0.310333 -0.005236 0.000000
vt -0.360667 -0.002618 0.000000
vt -0.360667 0.000000 0.000000
vt -0.360667 0.002618 0.000000
vt -0.019659 0.007412 0.000000
vt -0.018660 0.005000 0.000000
vt -0.020000 0.010000 0.000000
vt -0.017071 0.002929 0.000000
vt -0.015000 0.001340 0.000000
vt -0.020000 0.060000 0.000000
vt -0.012588 0.000341 0.000000
vt -0.010000 0.000000 0.000000
vt -0.000000 0.000000 0.000000
vt 0.000000 0.060000 0.000000
vt -0.100000 0.952500 0.000000
vt -0.291245 0.952500 0.000000
vt -0.100000 0.942500 0.000000
vt -0.099069 0.928883 0.000000
vt -0.096292 0.915520 0.000000
vt -0.091721 0.902660 0.000000
vt -0.085442 0.890542 0.000000
vt -0.291245 -0.952500 0.000000
vt -0.077571 0.879391 0.000000
vt -0.068255 0.869416 0.000000
vt -0.057668 0.860803 0.000000
vt -0.046007 0.853711 0.000000
vt -0.033488 0.848274 0.000000
vt -0.020346 0.844592 0.000000
vt -0.006824 0.842733 0.000000
vt 0.291245 -0.952500 0.000000
vt 0.006824 0.842733 0.000000
vt 0.020346 0.844592 0.000000
vt 0.033488 0.848274 0.000000
vt 0.046007 0.853711 0.000000
vt 0.057668 0.860803 0.000000
vt 0.068255 0.869416 0.000000
vt 0.077571 0.879391 0.000000
vt 0.085442 0.890542 0.000000
vt 0.291245 0.952500 0.000000
vt 0.091721 0.902660 0.000000
vt 0.096292 0.915520 0.000000
vt 0.099069 0.928883 0.000000
vt 0.100000 0.942500 0.000000
vt 0.100000 0.952500 0.000000
vt 0.140000 0.220000 0.000000
vt 0.090000 0.220000 0.000000
vt 0.140000 0.018667 0.000000
vt -0.000000 0.000000 0.000000
vt 0.090000 0.420000 0.000000
vt -0.000000 0.640000 0.000000
vt 0.140000 0.621333 0.000000
vt 0.140000 0.420000 0.000000
vt -0.007412 0.000341 0.000000
vt -0.000000 0.060000 0.000000
vt -0.010000 -0.000000 0.000000
vt -0.020000 0.060000 0.000000
vt -0.020000 -0.000000 0.000000
vt -0.005000 0.001340 0.000000
vt 0.000000 0.010000 0.000000
vt -0.002929 0.002929 0.000000
vt -0.001340 0.005000 0.000000
vt -0.000341 0.007412 0.000000
vt 0.060000 -0.000000 0.000000
vt -0.000000 -0.000000 0.000000
vt 0.060000 -0.013659 0.000000
vt 0.000000 -0.013659 0.000000
vt 0.060000 -0.027318 0.000000
vt 0.000000 -0.027318 0.000000
vt 0.060000 -0.040977 0.000000
vt 0.000000 -0.040977 0.000000
vt 0.060000 -0.054636 0.000000
vt 0.000000 -0.054636 0.000000
vt 0.060000 -0.068295 0.000000
vt 0.000000 -0.068295 0.000000
vt 0.060000 -0.081955 0.000000
vt 0.000000 -0.081955 0.000000
vt 0.060000 -0.095614 0.000000
vt 0.000000 -0.095614 0.000000
vt 0.060000 -0.109273 0.000000
vt 0.000000 -0.109273 0.000000
vt 0.060000 -0.122932 0.000000
vt 0.000000 -0.122932 0.000000
vt 0.060000 -0.136591 0.000000
vt 0.000000 -0.136591 0.000000
vt 0.060000 -0.150250 0.000000
vt 0.000000 -0.150250 0.000000
vt 0.060000 -0.163909 0.000000
vt 0.000000 -0.163909 0.000000
vt 0.060000 -0.177568 0.000000
vt 0.000000 -0.177568 0.000000
vt 0.060000 -0.191227 0.000000
vt 0.000000 -0.191227 0.000000
vt 0.060000 -0.204886 0.000000
vt 0.000000 -0.204886 0.000000
vt 0.060000 -0.218546 0.000000
vt 0.000000 -0.218546 0.000000
vt 0.060000 -0.232205 0.000000
vt 0.000000 -0.232205 0.000000
vt 0.060000 -0.245864 0.000000
vt 0.000000 -0.245864 0.000000
vt 0.060000 -0.259523 0.000000
vt 0.000000 -0.259523 0.000000
vt 0.060000 -0.273182 0.000000
vt 0.000000 -0.273182 0.000000
vt 0.060000 -0.286841 0.000000
vt 0.000000 -0.286841 0.000000
vt 0.060000 -0.300500 0.000000
vt 0.000000 -0.300500 0.000000
vt 0.060000 -0.314159 0.000000
vt 0.000000 -0.314159 0.000000
vt 0.099069 -0.026383 0.000000
vt -0.099069 -0.026383 0.000000
vt 0.100000 -0.040000 0.000000
vt -0.100000 -0.040000 0.000000
vt 0.100000 -0.060000 0.000000
vt -0.100000 -0.060000 0.000000
vt -0.096292 -0.013020 0.000000
vt 0.096292 -0.013020 0.000000
vt -0.091721 -0.000160 0.000000
vt 0.091721 -0.000160 0.000000
vt -0.085442 0.011958 0.000000
vt 0.085442 0.011958 0.000000
vt -0.077571 0.023109 0.000000
vt 0.077571 0.023109 0.000000
vt -0.068255 0.033084 0.000000
vt 0.068255 0.033084 0.000000
vt -0.057668 0.041697 0.000000
vt 0.057668 0.041697 0.000000
vt -0.046007 0.048789 0.000000
vt 0.046007 0.048789 0.000000
vt -0.033488 0.054226 0.000000
vt 0.033488 0.054226 0.000000
vt -0.020346 0.057908 0.000000
vt 0.020346 0.057908 0.000000
vt -0.006824 0.059767 0.000000
vt 0.006824 0.059767 0.000000
vt 0.320000 0.962500 0.000000
vt -0.320000 0.962500 0.000000
vt 0.320000 -0.962500 0.000000
vt -0.320000 -0.962500 0.000000
vt -0.142572 -0.000088 0.000000
vt -0.142572 -1.924912 0.000000
vt -0.142129 -0.000039 0.000000
vt -0.142129 -1.924961 0.000000
vt -0.141685 -0.000010 0.000000
vt -0.141685 -1.924990 0.000000
vt -0.141239 -0.000000 0.000000
vt -0.141239 -1.925000 0.000000
vt -0.000000 -1.925000 0.000000
vt -0.000000 0.000000 0.000000
vt -0.140000 -0.621333 0.000000
vt 0.000000 -0.640000 0.000000
vt -0.140000 -0.018667 0.000000
vt -0.000000 0.000000 0.000000
vt 0.142572 1.924912 0.000000
vt 0.142129 1.924961 0.000000
vt 0.142572 0.000088 0.000000
vt 0.142129 0.000039 0.000000
vt 0.141685 1.924990 0.000000
vt 0.141685 0.000010 0.000000
vt 0.141239 1.925000 0.000000
vt 0.141239 0.000000 0.000000
vt -0.000000 0.000000 0.000000
vt 0.000000 1.925000 0.000000
vn -0.099123 -0.000000 0.013216
vn -0.099123 -0.000000 0.013216
vn -0.095162 -0.000000 0.030728
vn -0.093151 -0.000000 0.036372
vn -0.093151 -0.000000 0.036372
vn -0.081852 -0.000000 0.057448
vn -0.081852 -0.000000 0.057448
vn -0.065872 -0.000000 0.075238
vn -0.065872 -0.000000 0.075238
vn -0.046126 -0.000000 0.088726
vn -0.046126 -0.000000 0.088726
vn -0.023742 -0.000000 0.097141
vn -0.023742 -0.000000 0.097141
vn -0.000000 -0.000000 0.100000
vn -0.023742 -0.000000 0.097141
vn -0.023742 -0.000000 0.097141
vn -0.046126 -0.000000 0.088726
vn -0.046126 -0.000000 0.088726
vn -0.065872 -0.000000 0.075238
vn -0.065872 -0.000000 0.075238
vn -0.081852 -0.000000 0.057448
vn -0.081852 -0.000000 0.057448
vn -0.093151 -0.000000 0.036372
vn -0.093151 -0.000000 0.036372
vn -0.093151 -0.000000 0.036372
vn -0.093151 -0.000000 0.036372
vn -0.081852 -0.000000 0.057448
vn -0.081852 -0.000000 0.057448
vn -0.065872 -0.000000 0.075238
vn -0.065872 -0.000000 0.075238
vn -0.046126 -0.000000 0.088726
vn -0.046126 -0.000000 0.088726
vn -0.023742 -0.000000 0.097141
vn -0.035186 -0.000000 0.093605
vn -0.023742 -0.000000 0.097141
vn -0.023742 -0.000000 0.097141
vn -0.046126 -0.000000 0.088726
vn -0.046126 -0.000000 0.088726
vn -0.065872 -0.000000 0.075238
vn -0.065872 -0.000000 0.075238
vn -0.081852 -0.000000 0.057448
vn -0.095162 -0.000000 0.030728
vn -0.093151 -0.000000 0.036372
vn -0.093151 -0.000000 0.036372
vn -0.093151 -0.000000 0.036372
vn -0.081852 -0.000000 0.057448
vn -0.081852 -0.000000 0.057448
vn -0.065872 -0.000000 0.075238
vn -0.065872 -0.000000 0.075238
vn -0.046126 -0.000000 0.088726
vn -0.046126 -0.000000 0.088726
vn -0.023742 -0.000000 0.097141
vn -0.023742 -0.000000 0.097141
vn 0.000000 -0.000000 0.100000
vn -0.023742 -0.000000 0.097141
vn -0.023742 -0.000000 0.097141
vn -0.046126 -0.000000 0.088726
vn -0.046126 -0.000000 0.088726
vn -0.065872 -0.000000 0.075238
vn -0.065872 -0.000000 0.075238
vn -0.081852 -0.000000 0.057448
vn -0.081852 -0.000000 0.057448
vn -0.093151 -0.000000 0.036372
vn -0.093151 -0.000000 0.036372
vn -0.093151 -0.000000 0.036372
vn -0.093151 -0.000000 0.036372
vn -0.081852 -0.000000 0.057448
vn -0.081852 -0.000000 0.057448
vn -0.065872 -0.000000 0.075238
vn -0.065872 -0.000000 0.075238
vn -0.046126 -0.000000 0.088726
vn -0.046126 -0.000000 0.088726
vn -0.023742 -0.000000 0.097141
vn -0.023742 -0.000000 0.097141
vn -0.023742 -0.000000 0.097141
vn -0.023742 -0.000000 0.097141
vn -0.046126 -0.000000 0.088726
vn -0.046126 -0.000000 0.088726
vn -0.065872 -0.000000 0.075238
vn -0.065872 -0.000000 0.075238
vn -0.081852 -0.000000 0.057448
vn -0.081852 -0.000000 0.057448
vn -0.093151 -0.000000 0.036372
vn -0.093151 -0.000000 0.036372
vn -0.093151 -0.000000 0.036372
vn -0.093151 -0.000000 0.036372
vn -0.081852 -0.000000 0.057448
vn -0.081852 -0.000000 0.057448
vn -0.065872 -0.000000 0.075238
vn -0.065872 -0.000000 0.075238
vn -0.046126 -0.000000 0.088726
vn -0.046126 -0.000000 0.088726
vn -0.023742 -0.000000 0.097141
vn -0.023742 -0.000000 0.097141
vn -0.023742 -0.000000 0.097141
vn -0.023742 -0.000000 0.097141
vn -0.046126 -0.000000 0.088726
vn -0.046126 -0.000000 0.088726
vn -0.065872 -0.000000 0.075238
vn -0.065872 -0.000000 0.075238
vn -0.081852 -0.000000 0.057448
vn -0.081852 -0.000000 0.057448
vn -0.093151 -0.000000 0.036372
vn -0.088134 -0.000000 0.047249
vn -0.081852 -0.000000 0.057448
vn -0.081852 -0.000000 0.057448
vn -0.065872 -0.000000 0.075238
vn -0.065872 -0.000000 0.075238
vn -0.046126 -0.000000 0.088726
vn -0.046126 -0.000000 0.088726
vn -0.023742 -0.000000 0.097141
vn -0.023742 -0.000000 0.097141
vn -0.078264 -0.000000 0.062247
vn -0.065872 -0.000000 0.075238
vn -0.046126 -0.000000 0.088726
vn -0.023742 -0.000000 0.097141
vn -0.065872 -0.000000 0.075238
vn -0.051357 -0.000000 0.085805
vn -0.046126 -0.000000 0.088726
vn -0.035186 -0.000000 0.093605
vn -0.023742 -0.000000 0.097141
vn -0.023742 -0.000000 0.097141
vn -0.023742 -0.000000 0.097141
vn -0.023742 -0.000000 0.097141
vn -0.051357 -0.000000 0.085805
vn -0.065872 -0.000000 0.075238
vn -0.081852 -0.000000 0.057448
vn -0.093151 -0.000000 0.036372
vn -0.065872 -0.000000 0.075238
vn -0.078264 -0.000000 0.062247
vn -0.081852 -0.000000 0.057448
vn -0.088134 -0.000000 0.047249
vn -0.093151 -0.000000 0.036372
vn -0.093151 -0.000000 0.036372
vn -0.093151 -0.000000 0.036372
vn -0.093151 -0.000000 0.036372
vn -0.093151 -0.000000 0.036372
vn -0.081852 -0.000000 0.057448
vn -0.081852 -0.000000 0.057448
vn -0.065872 -0.000000 0.075238
vn -0.081852 -0.000000 0.057448
vn -0.093151 -0.000000 0.036372
vn -0.081852 -0.000000 0.057448
vn -0.065872 -0.000000 0.075238
vn -0.046126 -0.000000 0.088726
vn -0.023742 -0.000000 0.097141
vn -0.093151 -0.000000 0.036372
vn -0.093151 -0.000000 0.036372
vn -0.093151 -0.000000 0.036372
vn -0.081852 -0.000000 0.057448
vn -0.081852 -0.000000 0.057448
vn -0.065872 -0.000000 0.075238
vn -0.081852 -0.000000 0.057448
vn -0.093151 -0.000000 0.036372
vn -0.081852 -0.000000 0.057448
vn -0.065872 -0.000000 0.075238
vn -0.046126 -0.000000 0.088726
vn -0.093151 -0.000000 0.036372
vn -0.093151 -0.000000 0.036372
vn -0.093151 -0.000000 0.036372
vn -0.081852 -0.000000 0.057448
vn -0.081852 -0.000000 0.057448
vn -0.065872 -0.000000 0.075238
vn -0.081852 -0.000000 0.057448
vn -0.093151 -0.000000 0.036372
vn -0.093151 -0.000000 0.036372
vn -0.093151 -0.000000 0.036372
vn -0.093151 -0.000000 0.036372
vn -0.081852 -0.000000 0.057448
vn -0.081852 -0.000000 0.057448
vn -0.065872 -0.000000 0.075238
vn -0.081852 -0.000000 0.057448
vn -0.093151 -0.000000 0.036372
vn -0.065872 -0.000000 0.075238
vn -0.065872 -0.000000 0.075238
vn -0.046126 -0.000000 0.088726
vn -0.023742 -0.000000 0.097141
vn -0.065872 -0.000000 0.075238
vn -0.065872 -0.000000 0.075238
vn -0.046126 -0.000000 0.088726
vn -0.023742 -0.000000 0.097141
vn -0.065872 -0.000000 0.075238
vn -0.065872 -0.000000 0.075238
vn -0.046126 -0.000000 0.088726
vn -0.023742 -0.000000 0.097141
vn -0.065872 -0.000000 0.075238
vn -0.046126 -0.000000 0.088726
vn -0.046126 -0.000000 0.088726
vn -0.023742 -0.000000 0.097141
vn -0.046126 -0.000000 0.088726
vn -0.046126 -0.000000 0.088726
vn -0.046126 -0.000000 0.088726
vn -0.046126 -0.000000 0.088726
vn -0.023742 -0.000000 0.097141
vn -0.046126 -0.000000 0.088726
vn -0.046126 -0.000000 0.088726
vn -0.023742 -0.000000 0.097141
vn -0.023742 -0.000000 0.097141
vn -0.023742 -0.000000 0.097141
vn -0.023742 -0.000000 0.097141
vn -0.023742 -0.000000 0.097141
vn -0.000000 -0.025882 0.096593
vn -0.000000 -0.000000 0.100000
vn -0.000000 -0.025882 0.096593
vn -0.000000 -0.025882 0.096593
vn -0.000000 -0.050000 0.086603
vn -0.000000 -0.050000 0.086603
vn -0.000000 -0.070711 0.070711
vn -0.000000 -0.070711 0.070711
vn -0.000000 -0.086603 0.050000
vn -0.000000 -0.078264 0.062247
vn -0.000000 -0.088134 0.047249
vn -0.000000 -0.095162 0.030728
vn 0.000000 -0.096593 0.025882
vn 0.000000 -0.099123 0.013216
vn 0.000000 -0.099610 0.008825
vn 0.000000 -0.096593 0.025882
vn 0.000000 -0.096593 0.025882
vn -0.000000 -0.086603 0.050000
vn -0.000000 -0.086603 0.050000
vn -0.000000 -0.070711 0.070711
vn -0.000000 -0.070711 0.070711
vn -0.000000 -0.050000 0.086603
vn -0.000000 -0.050000 0.086603
vn -0.000000 -0.025882 0.096593
vn -0.000000 -0.025882 0.096593
vn -0.000000 -0.025882 0.096593
vn -0.000000 -0.025882 0.096593
vn -0.000000 -0.050000 0.086603
vn -0.000000 -0.050000 0.086603
vn -0.000000 -0.070711 0.070711
vn -0.000000 -0.070711 0.070711
vn -0.000000 -0.086603 0.050000
vn -0.000000 -0.086603 0.050000
vn 0.000000 -0.096593 0.025882
vn 0.000000 -0.096593 0.025882
vn 0.000000 -0.099123 0.013216
vn 0.000000 -0.096593 0.025882
vn -0.000000 -0.095162 0.030728
vn -0.000000 -0.086603 0.050000
vn -0.000000 -0.088134 0.047249
vn -0.000000 -0.078264 0.062247
vn -0.000000 -0.070711 0.070711
vn -0.000000 -0.065872 0.075238
vn -0.000000 -0.050000 0.086603
vn -0.000000 -0.051357 0.085805
vn -0.000000 -0.035186 0.093605
vn -0.000000 -0.025882 0.096593
vn 0.000000 -0.099610 0.008825
vn 0.000000 -0.096593 0.025882
vn 0.000000 -0.096593 0.025882
vn -0.000000 -0.086603 0.050000
vn 0.000000 -0.099902 0.004417
vn 0.000000 -0.099902 0.004417
vn 0.000000 -0.100000 -0.000000
vn 0.000000 -0.100000 0.000000
vn -0.000000 -0.065872 0.075238
vn -0.000000 -0.050000 0.086603
vn -0.000000 -0.025882 0.096593
vn -0.000000 -0.051357 0.085805
vn -0.000000 -0.035186 0.093605
vn -0.000000 -0.025882 0.096593
vn -0.000000 -0.050000 0.086603
vn -0.000000 -0.070711 0.070711
vn -0.000000 -0.050000 0.086603
vn -0.000000 -0.070711 0.070711
vn -0.000000 -0.086603 0.050000
vn 0.000000 -0.096593 0.025882
vn -0.000000 -0.070711 0.070711
vn -0.000000 -0.086603 0.050000
vn -0.000000 -0.086603 0.050000
vn 0.000000 -0.096593 0.025882
vn -0.000000 0.000000 0.100000
vn -0.000000 0.025882 0.096593
vn -0.000000 0.025882 0.096593
vn -0.000000 0.035186 0.093605
vn -0.000000 0.050000 0.086603
vn -0.000000 0.051357 0.085805
vn -0.000000 0.065872 0.075238
vn -0.000000 0.070711 0.070711
vn -0.000000 0.078264 0.062247
vn -0.000000 0.086603 0.050000
vn -0.000000 0.088134 0.047249
vn -0.000000 0.095162 0.030728
vn -0.000000 0.096593 0.025882
vn -0.000000 0.099123 0.013216
vn -0.000000 0.099610 0.008825
vn -0.000000 0.096593 0.025882
vn -0.000000 0.096593 0.025882
vn -0.000000 0.086603 0.050000
vn -0.000000 0.086603 0.050000
vn -0.000000 0.070711 0.070711
vn -0.000000 0.070711 0.070711
vn -0.000000 0.050000 0.086603
vn -0.000000 0.050000 0.086603
vn -0.000000 0.025882 0.096593
vn -0.000000 0.025882 0.096593
vn -0.000000 0.096593 0.025882
vn -0.000000 0.100000 0.000000
vn -0.000000 0.099902 0.004417
vn 0.000000 0.100000 -0.000000
vn -0.000000 0.050000 0.086603
vn -0.000000 0.070711 0.070711
vn -0.000000 0.086603 0.050000
vn 0.023742 -0.000000 0.097141
vn 0.000000 -0.000000 0.100000
vn 0.023742 -0.000000 0.097141
vn 0.023742 -0.000000 0.097141
vn 0.046126 -0.000000 0.088726
vn 0.046126 -0.000000 0.088726
vn 0.065872 -0.000000 0.075238
vn 0.065872 -0.000000 0.075238
vn 0.081852 -0.000000 0.057448
vn 0.081852 -0.000000 0.057448
vn 0.093151 -0.000000 0.036372
vn 0.093151 -0.000000 0.036372
vn 0.099123 0.000000 0.013216
vn 0.093151 -0.000000 0.036372
vn 0.093151 -0.000000 0.036372
vn 0.081852 -0.000000 0.057448
vn 0.081852 -0.000000 0.057448
vn 0.065872 -0.000000 0.075238
vn 0.065872 -0.000000 0.075238
vn 0.046126 -0.000000 0.088726
vn 0.046126 -0.000000 0.088726
vn 0.023742 -0.000000 0.097141
vn 0.023742 -0.000000 0.097141
vn 0.023742 -0.000000 0.097141
vn 0.023742 -0.000000 0.097141
vn 0.046126 -0.000000 0.088726
vn 0.046126 -0.000000 0.088726
vn 0.065872 -0.000000 0.075238
vn 0.065872 -0.000000 0.075238
vn 0.081852 -0.000000 0.057448
vn 0.081852 -0.000000 0.057448
vn 0.093151 -0.000000 0.036372
vn 0.093151 -0.000000 0.036372
vn 0.093151 -0.000000 0.036372
vn 0.093151 -0.000000 0.036372
vn 0.081852 -0.000000 0.057448
vn 0.081852 -0.000000 0.057448
vn 0.065872 -0.000000 0.075238
vn 0.065872 -0.000000 0.075238
vn 0.046126 -0.000000 0.088726
vn 0.046126 -0.000000 0.088726
vn 0.023742 -0.000000 0.097141
vn 0.023742 -0.000000 0.097141
vn 0.023742 -0.000000 0.097141
vn 0.023742 -0.000000 0.097141
vn 0.046126 -0.000000 0.088726
vn 0.035186 -0.000000 0.093605
vn 0.051357 -0.000000 0.085805
vn 0.065872 -0.000000 0.075238
vn 0.065872 -0.000000 0.075238
vn 0.078264 -0.000000 0.062247
vn 0.081852 -0.000000 0.057448
vn 0.088134 -0.000000 0.047249
vn 0.093151 -0.000000 0.036372
vn 0.095162 -0.000000 0.030728
vn 0.093151 -0.000000 0.036372
vn 0.035186 -0.000000 0.093605
vn 0.023742 -0.000000 0.097141
vn 0.023742 -0.000000 0.097141
vn 0.023742 -0.000000 0.097141
vn 0.046126 -0.000000 0.088726
vn 0.046126 -0.000000 0.088726
vn 0.065872 -0.000000 0.075238
vn 0.065872 -0.000000 0.075238
vn 0.081852 -0.000000 0.057448
vn 0.081852 -0.000000 0.057448
vn 0.093151 -0.000000 0.036372
vn 0.093151 -0.000000 0.036372
vn 0.095162 -0.000000 0.030728
vn 0.093151 -0.000000 0.036372
vn 0.093151 -0.000000 0.036372
vn 0.081852 -0.000000 0.057448
vn 0.081852 -0.000000 0.057448
vn 0.065872 -0.000000 0.075238
vn 0.065872 -0.000000 0.075238
vn 0.046126 -0.000000 0.088726
vn 0.046126 -0.000000 0.088726
vn 0.023742 -0.000000 0.097141
vn 0.023742 -0.000000 0.097141
vn 0.023742 -0.000000 0.097141
vn 0.023742 -0.000000 0.097141
vn 0.046126 -0.000000 0.088726
vn 0.046126 -0.000000 0.088726
vn 0.065872 -0.000000 0.075238
vn 0.065872 -0.000000 0.075238
vn 0.081852 -0.000000 0.057448
vn 0.081852 -0.000000 0.057448
vn 0.093151 -0.000000 0.036372
vn 0.093151 -0.000000 0.036372
vn 0.093151 -0.000000 0.036372
vn 0.093151 -0.000000 0.036372
vn 0.081852 -0.000000 0.057448
vn 0.081852 -0.000000 0.057448
vn 0.065872 -0.000000 0.075238
vn 0.065872 -0.000000 0.075238
vn 0.046126 -0.000000 0.088726
vn 0.046126 -0.000000 0.088726
vn 0.023742 -0.000000 0.097141
vn 0.023742 -0.000000 0.097141
vn 0.023742 -0.000000 0.097141
vn 0.046126 -0.000000 0.088726
vn 0.046126 -0.000000 0.088726
vn 0.065872 -0.000000 0.075238
vn 0.065872 -0.000000 0.075238
vn 0.081852 -0.000000 0.057448
vn 0.081852 -0.000000 0.057448
vn 0.093151 -0.000000 0.036372
vn 0.093151 -0.000000 0.036372
vn 0.046126 -0.000000 0.088726
vn 0.051357 -0.000000 0.085805
vn 0.065872 -0.000000 0.075238
vn 0.065872 -0.000000 0.075238
vn 0.078264 -0.000000 0.062247
vn 0.081852 -0.000000 0.057448
vn 0.088134 -0.000000 0.047249
vn 0.093151 -0.000000 0.036372
vn 0.093151 -0.000000 0.036372
vn 0.093151 -0.000000 0.036372
vn 0.081852 -0.000000 0.057448
vn 0.081852 -0.000000 0.057448
vn 0.065872 -0.000000 0.075238
vn 0.065872 -0.000000 0.075238
vn 0.046126 -0.000000 0.088726
vn 0.099123 0.000000 0.013216
vn 0.093151 -0.000000 0.036372
vn 0.093151 -0.000000 0.036372
vn 0.081852 -0.000000 0.057448
vn 0.081852 -0.000000 0.057448
vn 0.065872 -0.000000 0.075238
vn 0.065872 -0.000000 0.075238
vn 0.046126 -0.000000 0.088726
vn 0.023742 -0.000000 0.097141
vn 0.023742 -0.000000 0.097141
vn 0.023742 -0.000000 0.097141
vn 0.046126 -0.000000 0.088726
vn 0.046126 -0.000000 0.088726
vn 0.065872 -0.000000 0.075238
vn 0.046126 -0.000000 0.088726
vn 0.023742 -0.000000 0.097141
vn 0.023742 -0.000000 0.097141
vn 0.023742 -0.000000 0.097141
vn 0.023742 -0.000000 0.097141
vn 0.046126 -0.000000 0.088726
vn 0.046126 -0.000000 0.088726
vn 0.065872 -0.000000 0.075238
vn 0.046126 -0.000000 0.088726
vn 0.023742 -0.000000 0.097141
vn 0.046126 -0.000000 0.088726
vn 0.065872 -0.000000 0.075238
vn 0.081852 -0.000000 0.057448
vn 0.093151 -0.000000 0.036372
vn 0.023742 -0.000000 0.097141
vn 0.023742 -0.000000 0.097141
vn 0.023742 -0.000000 0.097141
vn 0.046126 -0.000000 0.088726
vn 0.046126 -0.000000 0.088726
vn 0.065872 -0.000000 0.075238
vn 0.046126 -0.000000 0.088726
vn 0.023742 -0.000000 0.097141
vn 0.046126 -0.000000 0.088726
vn 0.065872 -0.000000 0.075238
vn 0.081852 -0.000000 0.057448
vn 0.093151 -0.000000 0.036372
vn 0.023742 -0.000000 0.097141
vn 0.023742 -0.000000 0.097141
vn 0.023742 -0.000000 0.097141
vn 0.046126 -0.000000 0.088726
vn 0.046126 -0.000000 0.088726
vn 0.065872 -0.000000 0.075238
vn 0.046126 -0.000000 0.088726
vn 0.023742 -0.000000 0.097141
vn 0.046126 -0.000000 0.088726
vn 0.065872 -0.000000 0.075238
vn 0.081852 -0.000000 0.057448
vn 0.065872 -0.000000 0.075238
vn 0.065872 -0.000000 0.075238
vn 0.065872 -0.000000 0.075238
vn 0.081852 -0.000000 0.057448
vn 0.093151 -0.000000 0.036372
vn 0.065872 -0.000000 0.075238
vn 0.065872 -0.000000 0.075238
vn 0.081852 -0.000000 0.057448
vn 0.093151 -0.000000 0.036372
vn 0.065872 -0.000000 0.075238
vn 0.081852 -0.000000 0.057448
vn 0.093151 -0.000000 0.036372
vn 0.081852 -0.000000 0.057448
vn 0.081852 -0.000000 0.057448
vn 0.093151 -0.000000 0.036372
vn 0.081852 -0.000000 0.057448
vn 0.081852 -0.000000 0.057448
vn 0.093151 -0.000000 0.036372
vn 0.081852 -0.000000 0.057448
vn 0.081852 -0.000000 0.057448
vn 0.093151 -0.000000 0.036372
vn 0.081852 -0.000000 0.057448
vn 0.093151 -0.000000 0.036372
vn 0.093151 -0.000000 0.036372
vn 0.093151 -0.000000 0.036372
vn 0.093151 -0.000000 0.036372
vn -0.000000 0.100000 0.000000
vn -0.000000 0.100000 0.000000
vn -0.000000 0.099902 0.004417
vn -0.000000 0.099610 0.008825
vn -0.000000 0.099123 0.013216
vn -0.000000 0.096593 0.025882
vn -0.000000 0.096593 0.025882
vn -0.000000 0.086603 0.050000
vn -0.000000 0.095162 0.030728
vn -0.000000 0.088134 0.047249
vn -0.000000 0.078264 0.062247
vn -0.000000 0.070711 0.070711
vn -0.000000 0.065872 0.075238
vn -0.000000 0.050000 0.086603
vn -0.000000 0.051357 0.085805
vn -0.000000 0.035186 0.093605
vn -0.000000 0.025882 0.096593
vn -0.000000 0.025882 0.096593
vn -0.000000 0.000000 0.100000
vn -0.000000 0.025882 0.096593
vn -0.000000 0.025882 0.096593
vn -0.000000 0.050000 0.086603
vn -0.000000 0.050000 0.086603
vn -0.000000 0.070711 0.070711
vn -0.000000 0.070711 0.070711
vn -0.000000 0.086603 0.050000
vn -0.000000 0.086603 0.050000
vn -0.000000 0.096593 0.025882
vn -0.000000 0.096593 0.025882
vn -0.000000 0.086603 0.050000
vn -0.000000 0.070711 0.070711
vn -0.000000 0.050000 0.086603
vn 0.100000 -0.000000 0.000000
vn 0.100000 -0.000000 0.000000
vn 0.100000 -0.000000 0.000000
vn 0.100000 -0.000000 0.000000
vn 0.100000 -0.000000 0.000000
vn 0.100000 -0.000000 0.000000
vn 0.100000 -0.000000 0.000000
vn 0.100000 -0.000000 0.000000
vn 0.100000 -0.000000 0.000000
vn 0.100000 -0.000000 0.000000
vn -0.000000 -0.000000 0.100000
vn -0.000000 -0.000000 0.100000
vn -0.000000 -0.000000 0.100000
vn -0.000000 -0.000000 0.100000
vn -0.000000 -0.000000 0.100000
vn -0.000000 -0.000000 0.100000
vn -0.000000 -0.000000 0.100000
vn -0.000000 -0.000000 0.100000
vn -0.000000 -0.000000 0.100000
vn -0.000000 -0.000000 0.100000
vn -0.000000 -0.000000 0.100000
vn -0.000000 -0.000000 0.100000
vn -0.000000 -0.000000 0.100000
vn -0.000000 -0.000000 0.100000
vn -0.000000 -0.000000 0.100000
vn -0.000000 -0.000000 0.100000
vn -0.000000 -0.000000 0.100000
vn -0.000000 -0.000000 0.100000
vn -0.000000 -0.000000 0.100000
vn -0.000000 -0.000000 0.100000
vn -0.000000 -0.000000 0.100000
vn -0.000000 -0.000000 0.100000
vn -0.000000 -0.000000 0.100000
vn -0.000000 -0.000000 0.100000
vn 0.000000 0.100000 0.000000
vn 0.000000 0.100000 0.000000
vn 0.000000 0.100000 0.000000
vn 0.000000 0.100000 0.000000
vn -0.100000 0.000000 -0.000000
vn -0.100000 0.000000 -0.000000
vn -0.100000 0.000000 -0.000000
vn -0.100000 0.000000 -0.000000
vn -0.100000 0.000000 -0.000000
vn -0.100000 0.000000 -0.000000
vn -0.100000 0.000000 -0.000000
vn -0.100000 0.000000 -0.000000
vn -0.100000 0.000000 -0.000000
vn -0.100000 0.000000 -0.000000
vn 0.099069 0.013617 0.000000
vn 0.099069 0.013617 0.000000
vn 0.096292 0.026980 0.000000
vn 0.096292 0.026980 0.000000
vn 0.091721 0.039840 0.000000
vn 0.091721 0.039840 0.000000
vn 0.085442 0.051958 0.000000
vn 0.085442 0.051958 0.000000
vn 0.077571 0.063109 0.000000
vn 0.077571 0.063109 0.000000
vn 0.068255 0.073084 0.000000
vn 0.068255 0.073084 0.000000
vn 0.057668 0.081697 0.000000
vn 0.057668 0.081697 0.000000
vn 0.046007 0.088789 0.000000
vn 0.046007 0.088789 0.000000
vn 0.033488 0.094226 0.000000
vn 0.033488 0.094226 0.000000
vn 0.020346 0.097908 0.000000
vn 0.020346 0.097908 0.000000
vn 0.006824 0.099767 0.000000
vn 0.006824 0.099767 0.000000
vn -0.006824 0.099767 -0.000000
vn -0.006824 0.099767 -0.000000
vn -0.020346 0.097908 -0.000000
vn -0.020346 0.097908 -0.000000
vn -0.033488 0.094226 -0.000000
vn -0.033488 0.094226 -0.000000
vn -0.046007 0.088789 -0.000000
vn -0.046007 0.088789 -0.000000
vn -0.057668 0.081697 -0.000000
vn -0.057668 0.081697 -0.000000
vn -0.068255 0.073084 -0.000000
vn -0.068255 0.073084 -0.000000
vn -0.077571 0.063109 -0.000000
vn -0.077571 0.063109 -0.000000
vn -0.085442 0.051958 -0.000000
vn -0.085442 0.051958 -0.000000
vn -0.091721 0.039840 -0.000000
vn -0.091721 0.039840 -0.000000
vn -0.096292 0.026980 -0.000000
vn -0.096292 0.026980 -0.000000
vn -0.099069 0.013617 -0.000000
vn -0.099069 0.013617 -0.000000
vn -0.000000 -0.000000 0.100000
vn -0.000000 -0.000000 0.100000
vn -0.000000 -0.000000 0.100000
vn -0.000000 -0.000000 0.100000
vn -0.000000 -0.000000 0.100000
vn -0.000000 -0.000000 0.100000
vn -0.000000 -0.000000 0.100000
vn -0.000000 -0.000000 0.100000
vn -0.000000 -0.000000 0.100000
vn -0.000000 -0.000000 0.100000
vn -0.000000 -0.000000 0.100000
vn -0.000000 -0.000000 0.100000
vn -0.000000 -0.000000 0.100000
vn -0.000000 -0.000000 0.100000
vn -0.000000 -0.000000 0.100000
vn -0.000000 -0.000000 0.100000
vn -0.000000 -0.000000 0.100000
vn -0.000000 -0.000000 0.100000
vn -0.000000 -0.000000 0.100000
vn -0.000000 -0.000000 0.100000
vn -0.000000 -0.000000 0.100000
vn -0.000000 -0.000000 0.100000
vn -0.000000 -0.000000 0.100000
vn -0.000000 -0.000000 0.100000
vn -0.000000 -0.000000 0.100000
vn -0.000000 -0.000000 0.100000
vn 0.000000 0.000000 -0.100000
vn 0.000000 0.000000 -0.100000
vn 0.000000 0.000000 -0.100000
vn 0.000000 0.000000 -0.100000
vn 0.099123 0.000000 0.013216
vn 0.099123 0.000000 0.013216
vn 0.099123 0.000000 0.013216
vn 0.099123 0.000000 0.013216
vn 0.099123 0.000000 0.013216
vn 0.099123 0.000000 0.013216
vn 0.099123 0.000000 0.013216
vn 0.099123 0.000000 0.013216
vn 0.000000 -0.100000 0.000000
vn 0.000000 -0.100000 0.000000
vn -0.099123 -0.000000 0.013216
vn -0.099123 -0.000000 0.013216
vn -0.099123 -0.000000 0.013216
vn -0.099123 -0.000000 0.013216
vn -0.099123 -0.000000 0.013216
vn -0.099123 -0.000000 0.013216
vn -0.099123 -0.000000 0.013216
vn -0.099123 -0.000000 0.013216
f 527/607/591 528/608/592 542/609/593
f 542/609/593 528/608/592 567/610/594
f 542/609/593 567/610/594 568/611/595
f 568/611/595 567/610/594 605/612/596
f 568/611/595 605/612/596 606/613/597
f 606/613/597 605/612/596 643/614/598
f 606/613/597 643/614/598 644/615/599
f 644/615/599 643/614/598 681/616/600
f 644/615/599 681/616/600 682/617/601
f 682/617/601 681/616/600 719/618/602
f 682/617/601 719/618/602 720/619/603
f 720/619/603 719/618/602 536/620/604
f 720/619/603 536/620/604 721/621/605
f 721/621/605 536/620/604 722/622/606
f 721/621/605 722/622/606 684/623/607
f 684/623/607 722/622/606 685/624/608
f 684/623/607 685/624/608 647/625/609
f 647/625/609 685/624/608 648/626/610
f 647/625/609 648/626/610 610/627/611
f 610/627/611 648/626/610 611/628/612
f 610/627/611 611/628/612 573/629/613
f 573/629/613 611/628/612 574/630/614
f 573/629/613 574/630/614 542/609/593
f 542/609/593 574/630/614 575/631/615
f 542/609/593 575/631/615 576/632/616
f 576/632/616 575/631/615 613/633/617
f 576/632/616 613/633/617 614/634/618
f 614/634/618 613/633/617 651/635/619
f 614/634/618 651/635/619 652/636/620
f 652/636/620 651/635/619 689/637/621
f 652/636/620 689/637/621 690/638/622
f 690/638/622 689/637/621 727/639/623
f 690/638/622 727/639/623 537/640/624
f 537/640/624 727/639/623 536/620/604
f 536/620/604 727/639/623 726/641/625
f 536/620/604 726/641/625 725/642/626
f 725/642/626 726/641/625 688/643/627
f 725/642/626 688/643/627 687/644/628
f 687/644/628 688/643/627 650/645/629
f 687/644/628 650/645/629 649/646/630
f 649/646/630 650/645/629 612/647/631
f 649/646/630 612/647/631 611/628/612
f 611/628/612 612/647/631 574/630/614
f 529/648/632 543/649/633 528/608/592
f 528/608/592 543/649/633 544/650/634
f 528/608/592 544/650/634 545/651/635
f 545/651/635 544/650/634 582/652/636
f 545/651/635 582/652/636 583/653/637
f 583/653/637 582/652/636 620/654/638
f 583/653/637 620/654/638 621/655/639
f 621/655/639 620/654/638 658/656/640
f 621/655/639 658/656/640 659/657/641
f 659/657/641 658/656/640 696/658/642
f 659/657/641 696/658/642 697/659/643
f 697/659/643 696/658/642 535/660/644
f 697/659/643 535/660/644 698/661/645
f 698/661/645 535/660/644 699/662/646
f 698/661/645 699/662/646 661/663/647
f 661/663/647 699/662/646 662/664/648
f 661/663/647 662/664/648 624/665/649
f 624/665/649 662/664/648 625/666/650
f 624/665/649 625/666/650 587/667/651
f 587/667/651 625/666/650 588/668/652
f 587/667/651 588/668/652 550/669/653
f 550/669/653 588/668/652 551/670/654
f 550/669/653 551/670/654 528/608/592
f 528/608/592 551/670/654 552/671/655
f 528/608/592 552/671/655 553/672/656
f 553/672/656 552/671/655 590/673/657
f 553/672/656 590/673/657 591/674/658
f 591/674/658 590/673/657 628/675/659
f 591/674/658 628/675/659 629/676/660
f 629/676/660 628/675/659 666/677/661
f 629/676/660 666/677/661 667/678/662
f 667/678/662 666/677/661 704/679/663
f 667/678/662 704/679/663 705/680/664
f 705/680/664 704/679/663 535/660/644
f 705/680/664 535/660/644 706/681/665
f 706/681/665 535/660/644 707/682/666
f 706/681/665 707/682/666 669/683/667
f 669/683/667 707/682/666 670/684/668
f 669/683/667 670/684/668 632/685/669
f 632/685/669 670/684/668 633/686/670
f 632/685/669 633/686/670 595/687/671
f 595/687/671 633/686/670 596/688/672
f 595/687/671 596/688/672 558/689/673
f 558/689/673 596/688/672 559/690/674
f 558/689/673 559/690/674 528/608/592
f 528/608/592 559/690/674 560/691/675
f 528/608/592 560/691/675 561/692/676
f 561/692/676 560/691/675 598/693/677
f 561/692/676 598/693/677 599/694/678
f 599/694/678 598/693/677 636/695/679
f 599/694/678 636/695/679 637/696/680
f 637/696/680 636/695/679 674/697/681
f 637/696/680 674/697/681 675/698/682
f 675/698/682 674/697/681 712/699/683
f 675/698/682 712/699/683 713/700/684
f 713/700/684 712/699/683 536/620/604
f 713/700/684 536/620/604 714/701/685
f 714/701/685 536/620/604 715/702/686
f 714/701/685 715/702/686 677/703/687
f 677/703/687 715/702/686 678/704/688
f 677/703/687 678/704/688 640/705/689
f 640/705/689 678/704/688 641/706/690
f 640/705/689 641/706/690 603/707/691
f 603/707/691 641/706/690 604/708/692
f 603/707/691 604/708/692 566/709/693
f 566/709/693 604/708/692 567/610/594
f 566/709/693 567/610/594 528/608/592
f 529/648/632 530/710/694 543/649/633
f 543/649/633 530/710/694 580/711/695
f 543/649/633 580/711/695 581/712/696
f 581/712/696 580/711/695 618/713/697
f 581/712/696 618/713/697 619/714/698
f 619/714/698 618/713/697 656/715/699
f 619/714/698 656/715/699 657/716/700
f 657/716/700 656/715/699 694/717/701
f 657/716/700 694/717/701 695/718/702
f 695/718/702 694/717/701 535/660/644
f 695/718/702 535/660/644 696/658/642
f 530/710/694 531/719/703 580/711/695
f 580/711/695 531/719/703 617/720/704
f 580/711/695 617/720/704 618/713/697
f 618/713/697 617/720/704 655/721/705
f 618/713/697 655/721/705 656/715/699
f 656/715/699 655/721/705 693/722/706
f 656/715/699 693/722/706 694/717/701
f 694/717/701 693/722/706 535/660/644
f 531/719/703 532/723/707 617/720/704
f 617/720/704 532/723/707 533/724/708
f 617/720/704 533/724/708 654/725/709
f 654/725/709 533/724/708 534/726/710
f 654/725/709 534/726/710 691/727/711
f 691/727/711 534/726/710 535/660/644
f 691/727/711 535/660/644 692/728/712
f 692/728/712 535/660/644 693/722/706
f 692/728/712 693/722/706 655/721/705
f 536/620/604 709/729/713 535/660/644
f 535/660/644 709/729/713 708/730/714
f 535/660/644 708/730/714 707/682/666
f 707/682/666 708/730/714 670/684/668
f 537/640/624 538/731/715 690/638/622
f 690/638/622 538/731/715 653/732/716
f 690/638/622 653/732/716 652/636/620
f 652/636/620 653/732/716 615/733/717
f 652/636/620 615/733/717 614/634/618
f 614/634/618 615/733/717 577/734/718
f 614/634/618 577/734/718 576/632/616
f 576/632/616 577/734/718 542/609/593
f 538/731/715 539/735/719 653/732/716
f 653/732/716 539/735/719 540/736/720
f 653/732/716 540/736/720 616/737/721
f 616/737/721 540/736/720 541/738/722
f 616/737/721 541/738/722 579/739/723
f 579/739/723 541/738/722 542/609/593
f 579/739/723 542/609/593 578/740/724
f 578/740/724 542/609/593 577/734/718
f 578/740/724 577/734/718 615/733/717
f 582/652/636 544/650/634 581/712/696
f 581/712/696 544/650/634 543/649/633
f 545/651/635 546/741/725 528/608/592
f 528/608/592 546/741/725 547/742/726
f 528/608/592 547/742/726 548/743/727
f 548/743/727 547/742/726 585/744/728
f 548/743/727 585/744/728 586/745/729
f 586/745/729 585/744/728 623/746/730
f 586/745/729 623/746/730 624/665/649
f 624/665/649 623/746/730 661/663/647
f 545/651/635 583/653/637 546/741/725
f 546/741/725 583/653/637 584/747/731
f 546/741/725 584/747/731 547/742/726
f 547/742/726 584/747/731 585/744/728
f 550/669/653 528/608/592 549/748/732
f 549/748/732 528/608/592 548/743/727
f 549/748/732 548/743/727 586/745/729
f 587/667/651 550/669/653 549/748/732
f 587/667/651 549/748/732 586/745/729
f 552/671/655 551/670/654 589/749/733
f 589/749/733 551/670/654 588/668/652
f 589/749/733 588/668/652 626/750/734
f 626/750/734 588/668/652 625/666/650
f 626/750/734 625/666/650 663/751/735
f 663/751/735 625/666/650 662/664/648
f 663/751/735 662/664/648 700/752/736
f 700/752/736 662/664/648 699/662/646
f 700/752/736 699/662/646 535/660/644
f 553/672/656 554/753/737 528/608/592
f 528/608/592 554/753/737 555/754/738
f 528/608/592 555/754/738 556/755/739
f 556/755/739 555/754/738 593/756/740
f 556/755/739 593/756/740 594/757/741
f 594/757/741 593/756/740 631/758/742
f 594/757/741 631/758/742 632/685/669
f 632/685/669 631/758/742 669/683/667
f 553/672/656 591/674/658 554/753/737
f 554/753/737 591/674/658 592/759/743
f 554/753/737 592/759/743 555/754/738
f 555/754/738 592/759/743 593/756/740
f 558/689/673 528/608/592 557/760/744
f 557/760/744 528/608/592 556/755/739
f 557/760/744 556/755/739 594/757/741
f 595/687/671 558/689/673 557/760/744
f 595/687/671 557/760/744 594/757/741
f 560/691/675 559/690/674 597/761/745
f 597/761/745 559/690/674 596/688/672
f 597/761/745 596/688/672 634/762/746
f 634/762/746 596/688/672 633/686/670
f 634/762/746 633/686/670 671/763/747
f 671/763/747 633/686/670 670/684/668
f 671/763/747 670/684/668 708/730/714
f 561/692/676 562/764/748 528/608/592
f 528/608/592 562/764/748 563/765/749
f 528/608/592 563/765/749 564/766/750
f 564/766/750 563/765/749 601/767/751
f 564/766/750 601/767/751 602/768/752
f 602/768/752 601/767/751 639/769/753
f 602/768/752 639/769/753 640/705/689
f 640/705/689 639/769/753 677/703/687
f 561/692/676 599/694/678 562/764/748
f 562/764/748 599/694/678 600/770/754
f 562/764/748 600/770/754 563/765/749
f 563/765/749 600/770/754 601/767/751
f 566/709/693 528/608/592 565/771/755
f 565/771/755 528/608/592 564/766/750
f 565/771/755 564/766/750 602/768/752
f 603/707/691 566/709/693 565/771/755
f 603/707/691 565/771/755 602/768/752
f 605/612/596 567/610/594 604/708/692
f 568/611/595 569/772/756 542/609/593
f 542/609/593 569/772/756 570/773/757
f 542/609/593 570/773/757 571/774/758
f 571/774/758 570/773/757 608/775/759
f 571/774/758 608/775/759 609/776/760
f 609/776/760 608/775/759 646/777/761
f 609/776/760 646/777/761 647/625/609
f 647/625/609 646/777/761 684/623/607
f 568/611/595 606/613/597 569/772/756
f 569/772/756 606/613/597 607/778/762
f 569/772/756 607/778/762 570/773/757
f 570/773/757 607/778/762 608/775/759
f 573/629/613 542/609/593 572/779/763
f 572/779/763 542/609/593 571/774/758
f 572/779/763 571/774/758 609/776/760
f 610/627/611 573/629/613 572/779/763
f 610/627/611 572/779/763 609/776/760
f 613/633/617 575/631/615 612/647/631
f 612/647/631 575/631/615 574/630/614
f 616/737/721 579/739/723 578/740/724
f 616/737/721 578/740/724 615/733/717
f 620/654/638 582/652/636 619/714/698
f 619/714/698 582/652/636 581/712/696
f 583/653/637 621/655/639 584/747/731
f 584/747/731 621/655/639 622/780/764
f 584/747/731 622/780/764 585/744/728
f 585/744/728 622/780/764 623/746/730
f 624/665/649 587/667/651 586/745/729
f 552/671/655 589/749/733 590/673/657
f 590/673/657 589/749/733 627/781/765
f 590/673/657 627/781/765 628/675/659
f 628/675/659 627/781/765 665/782/766
f 628/675/659 665/782/766 666/677/661
f 666/677/661 665/782/766 703/783/767
f 666/677/661 703/783/767 704/679/663
f 704/679/663 703/783/767 535/660/644
f 627/781/765 589/749/733 626/750/734
f 591/674/658 629/676/660 592/759/743
f 592/759/743 629/676/660 630/784/768
f 592/759/743 630/784/768 593/756/740
f 593/756/740 630/784/768 631/758/742
f 632/685/669 595/687/671 594/757/741
f 560/691/675 597/761/745 598/693/677
f 598/693/677 597/761/745 635/785/769
f 598/693/677 635/785/769 636/695/679
f 636/695/679 635/785/769 673/786/770
f 636/695/679 673/786/770 674/697/681
f 674/697/681 673/786/770 711/787/771
f 674/697/681 711/787/771 712/699/683
f 712/699/683 711/787/771 536/620/604
f 635/785/769 597/761/745 634/762/746
f 599/694/678 637/696/680 600/770/754
f 600/770/754 637/696/680 638/788/772
f 600/770/754 638/788/772 601/767/751
f 601/767/751 638/788/772 639/769/753
f 640/705/689 603/707/691 602/768/752
f 605/612/596 604/708/692 642/789/773
f 642/789/773 604/708/692 641/706/690
f 642/789/773 641/706/690 679/790/774
f 679/790/774 641/706/690 678/704/688
f 679/790/774 678/704/688 716/791/775
f 716/791/775 678/704/688 715/702/686
f 716/791/775 715/702/686 536/620/604
f 606/613/597 644/615/599 607/778/762
f 607/778/762 644/615/599 645/792/776
f 607/778/762 645/792/776 608/775/759
f 608/775/759 645/792/776 646/777/761
f 647/625/609 610/627/611 609/776/760
f 649/646/630 611/628/612 648/626/610
f 651/635/619 613/633/617 650/645/629
f 650/645/629 613/633/617 612/647/631
f 653/732/716 616/737/721 615/733/717
f 658/656/640 620/654/638 657/716/700
f 657/716/700 620/654/638 619/714/698
f 621/655/639 659/657/641 622/780/764
f 622/780/764 659/657/641 660/793/777
f 622/780/764 660/793/777 623/746/730
f 623/746/730 660/793/777 661/663/647
f 627/781/765 626/750/734 664/794/778
f 664/794/778 626/750/734 663/751/735
f 664/794/778 663/751/735 701/795/779
f 701/795/779 663/751/735 700/752/736
f 701/795/779 700/752/736 535/660/644
f 629/676/660 667/678/662 630/784/768
f 630/784/768 667/678/662 668/796/780
f 630/784/768 668/796/780 631/758/742
f 631/758/742 668/796/780 669/683/667
f 635/785/769 634/762/746 672/797/781
f 672/797/781 634/762/746 671/763/747
f 672/797/781 671/763/747 709/729/713
f 709/729/713 671/763/747 708/730/714
f 637/696/680 675/698/682 638/788/772
f 638/788/772 675/698/682 676/798/782
f 638/788/772 676/798/782 639/769/753
f 639/769/753 676/798/782 677/703/687
f 605/612/596 642/789/773 643/614/598
f 643/614/598 642/789/773 680/799/783
f 643/614/598 680/799/783 681/616/600
f 681/616/600 680/799/783 718/800/784
f 681/616/600 718/800/784 719/618/602
f 719/618/602 718/800/784 536/620/604
f 680/799/783 642/789/773 679/790/774
f 644/615/599 682/617/601 645/792/776
f 645/792/776 682/617/601 683/801/785
f 645/792/776 683/801/785 646/777/761
f 646/777/761 683/801/785 684/623/607
f 649/646/630 648/626/610 686/802/786
f 686/802/786 648/626/610 685/624/608
f 686/802/786 685/624/608 723/803/787
f 723/803/787 685/624/608 722/622/606
f 723/803/787 722/622/606 536/620/604
f 689/637/621 651/635/619 688/643/627
f 688/643/627 651/635/619 650/645/629
f 692/728/712 655/721/705 654/725/709
f 654/725/709 655/721/705 617/720/704
f 691/727/711 692/728/712 654/725/709
f 696/658/642 658/656/640 695/718/702
f 695/718/702 658/656/640 657/716/700
f 698/661/645 661/663/647 660/793/777
f 698/661/645 660/793/777 697/659/643
f 697/659/643 660/793/777 659/657/641
f 627/781/765 664/794/778 665/782/766
f 665/782/766 664/794/778 702/804/788
f 665/782/766 702/804/788 703/783/767
f 703/783/767 702/804/788 535/660/644
f 702/804/788 664/794/778 701/795/779
f 706/681/665 669/683/667 668/796/780
f 706/681/665 668/796/780 705/680/664
f 705/680/664 668/796/780 667/678/662
f 635/785/769 672/797/781 673/786/770
f 673/786/770 672/797/781 710/805/789
f 673/786/770 710/805/789 711/787/771
f 711/787/771 710/805/789 536/620/604
f 710/805/789 672/797/781 709/729/713
f 714/701/685 677/703/687 676/798/782
f 714/701/685 676/798/782 713/700/684
f 713/700/684 676/798/782 675/698/682
f 680/799/783 679/790/774 717/806/790
f 717/806/790 679/790/774 716/791/775
f 717/806/790 716/791/775 536/620/604
f 721/621/605 684/623/607 683/801/785
f 721/621/605 683/801/785 720/619/603
f 720/619/603 683/801/785 682/617/601
f 649/646/630 686/802/786 687/644/628
f 687/644/628 686/802/786 724/807/791
f 687/644/628 724/807/791 725/642/626
f 725/642/626 724/807/791 536/620/604
f 724/807/791 686/802/786 723/803/787
f 727/639/623 689/637/621 726/641/625
f 726/641/625 689/637/621 688/643/627
f 535/660/644 702/804/788 701/795/779
f 536/620/604 710/805/789 709/729/713
f 536/620/604 718/800/784 717/806/790
f 717/806/790 718/800/784 680/799/783
f 536/620/604 724/807/791 723/803/787
f 535/808/644 747/809/792 728/810/793
f 728/810/793 747/809/792 748/811/794
f 728/810/793 748/811/794 749/812/795
f 749/812/795 748/811/794 759/813/796
f 749/812/795 759/813/796 760/814/797
f 760/814/797 759/813/796 770/815/798
f 760/814/797 770/815/798 771/816/799
f 771/816/799 770/815/798 781/817/800
f 771/816/799 781/817/800 738/818/801
f 738/818/801 781/817/800 737/819/802
f 737/819/802 781/817/800 736/820/803
f 736/820/803 781/817/800 791/821/804
f 736/820/803 791/821/804 735/822/805
f 735/822/805 791/821/804 734/823/806
f 734/823/806 791/821/804 790/824/807
f 734/823/806 790/824/807 789/825/808
f 789/825/808 790/824/807 779/826/809
f 789/825/808 779/826/809 778/827/810
f 778/827/810 779/826/809 768/828/811
f 778/827/810 768/828/811 767/829/812
f 767/829/812 768/828/811 757/830/813
f 767/829/812 757/830/813 756/831/814
f 756/831/814 757/830/813 746/832/815
f 756/831/814 746/832/815 745/833/816
f 745/833/816 746/832/815 535/808/644
f 745/833/816 535/808/644 744/834/817
f 744/834/817 535/808/644 743/835/818
f 744/834/817 743/835/818 754/836/819
f 754/836/819 743/835/818 753/837/820
f 754/836/819 753/837/820 764/838/821
f 764/838/821 753/837/820 763/839/822
f 764/838/821 763/839/822 774/840/823
f 774/840/823 763/839/822 773/841/824
f 774/840/823 773/841/824 784/842/825
f 784/842/825 773/841/824 783/843/826
f 784/842/825 783/843/826 528/844/827
f 528/844/827 783/843/826 782/845/828
f 528/844/827 782/845/828 529/846/829
f 529/846/829 782/845/828 772/847/830
f 529/846/829 772/847/830 530/848/831
f 530/848/831 772/847/830 531/849/832
f 531/849/832 772/847/830 762/850/833
f 531/849/832 762/850/833 532/851/834
f 532/851/834 762/850/833 752/852/835
f 532/851/834 752/852/835 533/853/836
f 533/853/836 752/852/835 534/854/837
f 534/854/837 752/852/835 742/855/838
f 534/854/837 742/855/838 535/808/644
f 535/808/644 742/855/838 743/835/818
f 729/856/839 734/823/806 528/844/827
f 528/844/827 734/823/806 786/857/840
f 528/844/827 786/857/840 785/858/841
f 785/858/841 786/857/840 775/859/842
f 785/858/841 775/859/842 774/840/823
f 774/840/823 775/859/842 764/838/821
f 729/856/839 730/860/843 734/823/806
f 734/823/806 730/860/843 733/861/844
f 733/861/844 730/860/843 731/862/845
f 733/861/844 731/862/845 732/863/846
f 738/818/801 739/864/847 771/816/799
f 771/816/799 739/864/847 761/865/848
f 771/816/799 761/865/848 760/814/797
f 760/814/797 761/865/848 750/866/849
f 760/814/797 750/866/849 749/812/795
f 749/812/795 750/866/849 728/810/793
f 739/864/847 740/867/850 761/865/848
f 761/865/848 740/867/850 741/868/851
f 761/865/848 741/868/851 751/869/852
f 751/869/852 741/868/851 728/810/793
f 751/869/852 728/810/793 750/866/849
f 753/837/820 743/835/818 742/855/838
f 747/809/792 535/808/644 746/832/815
f 745/833/816 744/834/817 755/870/853
f 755/870/853 744/834/817 754/836/819
f 755/870/853 754/836/819 765/871/854
f 765/871/854 754/836/819 764/838/821
f 765/871/854 764/838/821 775/859/842
f 746/832/815 757/830/813 747/809/792
f 747/809/792 757/830/813 758/872/855
f 747/809/792 758/872/855 748/811/794
f 748/811/794 758/872/855 759/813/796
f 761/865/848 751/869/852 750/866/849
f 763/839/822 753/837/820 752/852/835
f 752/852/835 753/837/820 742/855/838
f 745/833/816 755/870/853 756/831/814
f 756/831/814 755/870/853 766/873/856
f 756/831/814 766/873/856 767/829/812
f 767/829/812 766/873/856 777/874/857
f 767/829/812 777/874/857 778/827/810
f 778/827/810 777/874/857 788/875/858
f 778/827/810 788/875/858 789/825/808
f 789/825/808 788/875/858 734/823/806
f 766/873/856 755/870/853 765/871/854
f 757/830/813 768/828/811 758/872/855
f 758/872/855 768/828/811 769/876/859
f 758/872/855 769/876/859 759/813/796
f 759/813/796 769/876/859 770/815/798
f 773/841/824 763/839/822 762/850/833
f 762/850/833 763/839/822 752/852/835
f 766/873/856 765/871/854 776/877/860
f 776/877/860 765/871/854 775/859/842
f 776/877/860 775/859/842 786/857/840
f 768/828/811 779/826/809 769/876/859
f 769/876/859 779/826/809 780/878/861
f 769/876/859 780/878/861 770/815/798
f 770/815/798 780/878/861 781/817/800
f 783/843/826 773/841/824 772/847/830
f 772/847/830 773/841/824 762/850/833
f 782/845/828 783/843/826 772/847/830
f 785/858/841 774/840/823 784/842/825
f 766/873/856 776/877/860 777/874/857
f 777/874/857 776/877/860 787/879/862
f 777/874/857 787/879/862 788/875/858
f 788/875/858 787/879/862 734/823/806
f 787/879/862 776/877/860 786/857/840
f 791/821/804 781/817/800 780/878/861
f 791/821/804 780/878/861 790/824/807
f 790/824/807 780/878/861 779/826/809
f 528/844/827 785/858/841 784/842/825
f 734/823/806 787/879/862 786/857/840
f 792/880/863 803/881/864 536/882/604
f 536/882/604 803/881/864 804/883/865
f 536/882/604 804/883/865 537/884/866
f 537/884/866 804/883/865 807/885/867
f 537/884/866 807/885/867 538/886/868
f 538/886/868 807/885/867 539/887/869
f 539/887/869 807/885/867 810/888/870
f 539/887/869 810/888/870 540/889/871
f 540/889/871 810/888/870 813/890/872
f 540/889/871 813/890/872 541/891/873
f 541/891/873 813/890/872 542/892/874
f 542/892/874 813/890/872 816/893/875
f 542/892/874 816/893/875 527/894/876
f 527/894/876 816/893/875 801/895/877
f 801/895/877 816/893/875 815/896/878
f 801/895/877 815/896/878 814/897/879
f 814/897/879 815/896/878 811/898/880
f 814/897/879 811/898/880 796/899/881
f 796/899/881 811/898/880 795/900/882
f 795/900/882 811/898/880 808/901/883
f 795/900/882 808/901/883 794/902/884
f 794/902/884 808/901/883 805/903/885
f 794/902/884 805/903/885 793/904/886
f 793/904/886 805/903/885 802/905/887
f 793/904/886 802/905/887 792/880/863
f 792/880/863 802/905/887 803/881/864
f 796/899/881 797/906/888 814/897/879
f 814/897/879 797/906/888 801/895/877
f 797/906/888 798/907/889 801/895/877
f 801/895/877 798/907/889 800/908/890
f 800/908/890 798/907/889 799/909/891
f 807/885/867 804/883/865 803/881/864
f 803/881/864 802/905/887 806/910/892
f 806/910/892 802/905/887 805/903/885
f 806/910/892 805/903/885 809/911/893
f 809/911/893 805/903/885 808/901/883
f 809/911/893 808/901/883 812/912/894
f 812/912/894 808/901/883 811/898/880
f 812/912/894 811/898/880 815/896/878
f 810/888/870 807/885/867 806/910/892
f 806/910/892 807/885/867 803/881/864
f 810/888/870 806/910/892 809/911/893
f 813/890/872 810/888/870 809/911/893
f 813/890/872 809/911/893 812/912/894
f 816/893/875 813/890/872 812/912/894
f 816/893/875 812/912/894 815/896/878
f 728/913/793 843/914/895 817/915/896
f 817/915/896 843/914/895 844/916/897
f 817/915/896 844/916/897 845/917/898
f 845/917/898 844/916/897 882/918/899
f 845/917/898 882/918/899 883/919/900
f 883/919/900 882/918/899 920/920/901
f 883/919/900 920/920/901 921/921/902
f 921/921/902 920/920/901 958/922/903
f 921/921/902 958/922/903 959/923/904
f 959/923/904 958/922/903 996/924/905
f 959/923/904 996/924/905 997/925/906
f 997/925/906 996/924/905 818/926/907
f 997/925/906 818/926/907 998/927/908
f 998/927/908 818/926/907 999/928/909
f 998/927/908 999/928/909 961/929/910
f 961/929/910 999/928/909 962/930/911
f 961/929/910 962/930/911 924/931/912
f 924/931/912 962/930/911 925/932/913
f 924/931/912 925/932/913 887/933/914
f 887/933/914 925/932/913 888/934/915
f 887/933/914 888/934/915 850/935/916
f 850/935/916 888/934/915 851/936/917
f 850/935/916 851/936/917 817/915/896
f 817/915/896 851/936/917 852/937/918
f 817/915/896 852/937/918 853/938/919
f 853/938/919 852/937/918 890/939/920
f 853/938/919 890/939/920 891/940/921
f 891/940/921 890/939/920 928/941/922
f 891/940/921 928/941/922 929/942/923
f 929/942/923 928/941/922 966/943/924
f 929/942/923 966/943/924 967/944/925
f 967/944/925 966/943/924 1004/945/926
f 967/944/925 1004/945/926 1005/946/927
f 1005/946/927 1004/945/926 818/926/907
f 1005/946/927 818/926/907 1006/947/928
f 1006/947/928 818/926/907 1007/948/929
f 1006/947/928 1007/948/929 969/949/930
f 969/949/930 1007/948/929 970/950/931
f 969/949/930 970/950/931 932/951/932
f 932/951/932 970/950/931 933/952/933
f 932/951/932 933/952/933 895/953/934
f 895/953/934 933/952/933 896/954/935
f 895/953/934 896/954/935 858/955/936
f 858/955/936 896/954/935 859/956/937
f 858/955/936 859/956/937 817/915/896
f 817/915/896 859/956/937 860/957/938
f 817/915/896 860/957/938 861/958/939
f 861/958/939 860/957/938 898/959/940
f 861/958/939 898/959/940 824/960/941
f 824/960/941 898/959/940 823/961/942
f 823/961/942 898/959/940 935/962/943
f 823/961/942 935/962/943 822/963/944
f 822/963/944 935/962/943 821/964/945
f 821/964/945 935/962/943 972/965/946
f 821/964/945 972/965/946 820/966/947
f 820/966/947 972/965/946 1009/967/948
f 820/966/947 1009/967/948 819/968/949
f 819/968/949 1009/967/948 818/926/907
f 818/926/907 1009/967/948 1008/969/950
f 818/926/907 1008/969/950 1007/948/929
f 1007/948/929 1008/969/950 970/950/931
f 741/970/951 825/971/952 728/913/793
f 728/913/793 825/971/952 826/972/953
f 728/913/793 826/972/953 827/973/954
f 827/973/954 826/972/953 864/974/955
f 827/973/954 864/974/955 865/975/956
f 865/975/956 864/974/955 902/976/957
f 865/975/956 902/976/957 903/977/958
f 903/977/958 902/976/957 940/978/959
f 903/977/958 940/978/959 941/979/960
f 941/979/960 940/978/959 978/980/961
f 941/979/960 978/980/961 979/981/962
f 979/981/962 978/980/961 736/982/963
f 979/981/962 736/982/963 980/983/964
f 980/983/964 736/982/963 981/984/965
f 980/983/964 981/984/965 943/985/966
f 943/985/966 981/984/965 944/986/967
f 943/985/966 944/986/967 906/987/968
f 906/987/968 944/986/967 907/988/969
f 906/987/968 907/988/969 869/989/970
f 869/989/970 907/988/969 870/990/971
f 869/989/970 870/990/971 832/991/972
f 832/991/972 870/990/971 833/992/973
f 832/991/972 833/992/973 728/913/793
f 728/913/793 833/992/973 834/993/974
f 728/913/793 834/993/974 835/994/975
f 835/994/975 834/993/974 872/995/976
f 835/994/975 872/995/976 873/996/977
f 873/996/977 872/995/976 910/997/978
f 873/996/977 910/997/978 911/998/979
f 911/998/979 910/997/978 948/999/980
f 911/998/979 948/999/980 949/1000/981
f 949/1000/981 948/999/980 986/1001/982
f 949/1000/981 986/1001/982 987/1002/983
f 987/1002/983 986/1001/982 818/926/907
f 987/1002/983 818/926/907 988/1003/984
f 988/1003/984 818/926/907 989/1004/985
f 988/1003/984 989/1004/985 951/1005/986
f 951/1005/986 989/1004/985 952/1006/987
f 951/1005/986 952/1006/987 914/1007/988
f 914/1007/988 952/1006/987 915/1008/989
f 914/1007/988 915/1008/989 877/1009/990
f 877/1009/990 915/1008/989 878/1010/991
f 877/1009/990 878/1010/991 840/1011/992
f 840/1011/992 878/1010/991 841/1012/993
f 840/1011/992 841/1012/993 728/913/793
f 728/913/793 841/1012/993 842/1013/994
f 728/913/793 842/1013/994 843/914/895
f 843/914/895 842/1013/994 880/1014/995
f 843/914/895 880/1014/995 881/1015/996
f 881/1015/996 880/1014/995 918/1016/997
f 881/1015/996 918/1016/997 919/1017/998
f 919/1017/998 918/1016/997 956/1018/999
f 919/1017/998 956/1018/999 957/1019/1000
f 957/1019/1000 956/1018/999 994/1020/1001
f 957/1019/1000 994/1020/1001 995/1021/1002
f 995/1021/1002 994/1020/1001 818/926/907
f 995/1021/1002 818/926/907 996/924/905
f 825/971/952 741/970/951 862/1022/1003
f 862/1022/1003 741/970/951 740/1023/1004
f 862/1022/1003 740/1023/1004 899/1024/1005
f 899/1024/1005 740/1023/1004 739/1025/1006
f 899/1024/1005 739/1025/1006 738/1026/1007
f 899/1024/1005 738/1026/1007 936/1027/1008
f 936/1027/1008 738/1026/1007 737/1028/1009
f 936/1027/1008 737/1028/1009 973/1029/1010
f 973/1029/1010 737/1028/1009 736/982/963
f 973/1029/1010 736/982/963 974/1030/1011
f 974/1030/1011 736/982/963 975/1031/1012
f 974/1030/1011 975/1031/1012 937/1032/1013
f 937/1032/1013 975/1031/1012 938/1033/1014
f 937/1032/1013 938/1033/1014 900/1034/1015
f 900/1034/1015 938/1033/1014 901/1035/1016
f 900/1034/1015 901/1035/1016 863/1036/1017
f 863/1036/1017 901/1035/1016 864/974/955
f 863/1036/1017 864/974/955 826/972/953
f 735/1037/1018 818/926/907 736/982/963
f 736/982/963 818/926/907 985/1038/1019
f 736/982/963 985/1038/1019 984/1039/1020
f 984/1039/1020 985/1038/1019 947/1040/1021
f 984/1039/1020 947/1040/1021 946/1041/1022
f 946/1041/1022 947/1040/1021 909/1042/1023
f 946/1041/1022 909/1042/1023 908/1043/1024
f 908/1043/1024 909/1042/1023 871/1044/1025
f 908/1043/1024 871/1044/1025 870/990/971
f 870/990/971 871/1044/1025 833/992/973
f 824/960/941 817/915/896 861/958/939
f 863/1036/1017 826/972/953 825/971/952
f 827/973/954 828/1045/1026 728/913/793
f 728/913/793 828/1045/1026 829/1046/1027
f 728/913/793 829/1046/1027 830/1047/1028
f 830/1047/1028 829/1046/1027 867/1048/1029
f 830/1047/1028 867/1048/1029 868/1049/1030
f 868/1049/1030 867/1048/1029 905/1050/1031
f 868/1049/1030 905/1050/1031 906/987/968
f 906/987/968 905/1050/1031 943/985/966
f 827/973/954 865/975/956 828/1045/1026
f 828/1045/1026 865/975/956 866/1051/1032
f 828/1045/1026 866/1051/1032 829/1046/1027
f 829/1046/1027 866/1051/1032 867/1048/1029
f 832/991/972 728/913/793 831/1052/1033
f 831/1052/1033 728/913/793 830/1047/1028
f 831/1052/1033 830/1047/1028 868/1049/1030
f 869/989/970 832/991/972 831/1052/1033
f 869/989/970 831/1052/1033 868/1049/1030
f 872/995/976 834/993/974 871/1044/1025
f 871/1044/1025 834/993/974 833/992/973
f 835/994/975 836/1053/1034 728/913/793
f 728/913/793 836/1053/1034 837/1054/1035
f 728/913/793 837/1054/1035 838/1055/1036
f 838/1055/1036 837/1054/1035 875/1056/1037
f 838/1055/1036 875/1056/1037 876/1057/1038
f 876/1057/1038 875/1056/1037 913/1058/1039
f 876/1057/1038 913/1058/1039 914/1007/988
f 914/1007/988 913/1058/1039 951/1005/986
f 835/994/975 873/996/977 836/1053/1034
f 836/1053/1034 873/996/977 874/1059/1040
f 836/1053/1034 874/1059/1040 837/1054/1035
f 837/1054/1035 874/1059/1040 875/1056/1037
f 840/1011/992 728/913/793 839/1060/1041
f 839/1060/1041 728/913/793 838/1055/1036
f 839/1060/1041 838/1055/1036 876/1057/1038
f 877/1009/990 840/1011/992 839/1060/1041
f 877/1009/990 839/1060/1041 876/1057/1038
f 842/1013/994 841/1012/993 879/1061/1042
f 879/1061/1042 841/1012/993 878/1010/991
f 879/1061/1042 878/1010/991 916/1062/1043
f 916/1062/1043 878/1010/991 915/1008/989
f 916/1062/1043 915/1008/989 953/1063/1044
f 953/1063/1044 915/1008/989 952/1006/987
f 953/1063/1044 952/1006/987 990/1064/1045
f 990/1064/1045 952/1006/987 989/1004/985
f 990/1064/1045 989/1004/985 818/926/907
f 882/918/899 844/916/897 881/1015/996
f 881/1015/996 844/916/897 843/914/895
f 845/917/898 846/1065/1046 817/915/896
f 817/915/896 846/1065/1046 847/1066/1047
f 817/915/896 847/1066/1047 848/1067/1048
f 848/1067/1048 847/1066/1047 885/1068/1049
f 848/1067/1048 885/1068/1049 886/1069/1050
f 886/1069/1050 885/1068/1049 923/1070/1051
f 886/1069/1050 923/1070/1051 924/931/912
f 924/931/912 923/1070/1051 961/929/910
f 845/917/898 883/919/900 846/1065/1046
f 846/1065/1046 883/919/900 884/1071/1052
f 846/1065/1046 884/1071/1052 847/1066/1047
f 847/1066/1047 884/1071/1052 885/1068/1049
f 850/935/916 817/915/896 849/1072/1053
f 849/1072/1053 817/915/896 848/1067/1048
f 849/1072/1053 848/1067/1048 886/1069/1050
f 887/933/914 850/935/916 849/1072/1053
f 887/933/914 849/1072/1053 886/1069/1050
f 852/937/918 851/936/917 889/1073/1054
f 889/1073/1054 851/936/917 888/934/915
f 889/1073/1054 888/934/915 926/1074/1055
f 926/1074/1055 888/934/915 925/932/913
f 926/1074/1055 925/932/913 963/1075/1056
f 963/1075/1056 925/932/913 962/930/911
f 963/1075/1056 962/930/911 1000/1076/1057
f 1000/1076/1057 962/930/911 999/928/909
f 1000/1076/1057 999/928/909 818/926/907
f 853/938/919 854/1077/1058 817/915/896
f 817/915/896 854/1077/1058 855/1078/1059
f 817/915/896 855/1078/1059 856/1079/1060
f 856/1079/1060 855/1078/1059 893/1080/1061
f 856/1079/1060 893/1080/1061 894/1081/1062
f 894/1081/1062 893/1080/1061 931/1082/1063
f 894/1081/1062 931/1082/1063 932/951/932
f 932/951/932 931/1082/1063 969/949/930
f 853/938/919 891/940/921 854/1077/1058
f 854/1077/1058 891/940/921 892/1083/1064
f 854/1077/1058 892/1083/1064 855/1078/1059
f 855/1078/1059 892/1083/1064 893/1080/1061
f 858/955/936 817/915/896 857/1084/1065
f 857/1084/1065 817/915/896 856/1079/1060
f 857/1084/1065 856/1079/1060 894/1081/1062
f 895/953/934 858/955/936 857/1084/1065
f 895/953/934 857/1084/1065 894/1081/1062
f 860/957/938 859/956/937 897/1085/1066
f 897/1085/1066 859/956/937 896/954/935
f 897/1085/1066 896/954/935 934/1086/1067
f 934/1086/1067 896/954/935 933/952/933
f 934/1086/1067 933/952/933 971/1087/1068
f 971/1087/1068 933/952/933 970/950/931
f 971/1087/1068 970/950/931 1008/969/950
f 900/1034/1015 863/1036/1017 862/1022/1003
f 862/1022/1003 863/1036/1017 825/971/952
f 902/976/957 864/974/955 901/1035/1016
f 865/975/956 903/977/958 866/1051/1032
f 866/1051/1032 903/977/958 904/1088/1069
f 866/1051/1032 904/1088/1069 867/1048/1029
f 867/1048/1029 904/1088/1069 905/1050/1031
f 906/987/968 869/989/970 868/1049/1030
f 908/1043/1024 870/990/971 907/988/969
f 910/997/978 872/995/976 909/1042/1023
f 909/1042/1023 872/995/976 871/1044/1025
f 873/996/977 911/998/979 874/1059/1040
f 874/1059/1040 911/998/979 912/1089/1070
f 874/1059/1040 912/1089/1070 875/1056/1037
f 875/1056/1037 912/1089/1070 913/1058/1039
f 914/1007/988 877/1009/990 876/1057/1038
f 842/1013/994 879/1061/1042 880/1014/995
f 880/1014/995 879/1061/1042 917/1090/1071
f 880/1014/995 917/1090/1071 918/1016/997
f 918/1016/997 917/1090/1071 955/1091/1072
f 918/1016/997 955/1091/1072 956/1018/999
f 956/1018/999 955/1091/1072 993/1092/1073
f 956/1018/999 993/1092/1073 994/1020/1001
f 994/1020/1001 993/1092/1073 818/926/907
f 917/1090/1071 879/1061/1042 916/1062/1043
f 920/920/901 882/918/899 919/1017/998
f 919/1017/998 882/918/899 881/1015/996
f 883/919/900 921/921/902 884/1071/1052
f 884/1071/1052 921/921/902 922/1093/1074
f 884/1071/1052 922/1093/1074 885/1068/1049
f 885/1068/1049 922/1093/1074 923/1070/1051
f 924/931/912 887/933/914 886/1069/1050
f 852/937/918 889/1073/1054 890/939/920
f 890/939/920 889/1073/1054 927/1094/1075
f 890/939/920 927/1094/1075 928/941/922
f 928/941/922 927/1094/1075 965/1095/1076
f 928/941/922 965/1095/1076 966/943/924
f 966/943/924 965/1095/1076 1003/1096/1077
f 966/943/924 1003/1096/1077 1004/945/926
f 1004/945/926 1003/1096/1077 818/926/907
f 927/1094/1075 889/1073/1054 926/1074/1055
f 891/940/921 929/942/923 892/1083/1064
f 892/1083/1064 929/942/923 930/1097/1078
f 892/1083/1064 930/1097/1078 893/1080/1061
f 893/1080/1061 930/1097/1078 931/1082/1063
f 932/951/932 895/953/934 894/1081/1062
f 935/962/943 898/959/940 897/1085/1066
f 897/1085/1066 898/959/940 860/957/938
f 935/962/943 897/1085/1066 934/1086/1067
f 937/1032/1013 900/1034/1015 899/1024/1005
f 899/1024/1005 900/1034/1015 862/1022/1003
f 902/976/957 901/1035/1016 939/1098/1079
f 939/1098/1079 901/1035/1016 938/1033/1014
f 939/1098/1079 938/1033/1014 976/1099/1080
f 976/1099/1080 938/1033/1014 975/1031/1012
f 976/1099/1080 975/1031/1012 736/982/963
f 903/977/958 941/979/960 904/1088/1069
f 904/1088/1069 941/979/960 942/1100/1081
f 904/1088/1069 942/1100/1081 905/1050/1031
f 905/1050/1031 942/1100/1081 943/985/966
f 908/1043/1024 907/988/969 945/1101/1082
f 945/1101/1082 907/988/969 944/986/967
f 945/1101/1082 944/986/967 982/1102/1083
f 982/1102/1083 944/986/967 981/984/965
f 982/1102/1083 981/984/965 736/982/963
f 948/999/980 910/997/978 947/1040/1021
f 947/1040/1021 910/997/978 909/1042/1023
f 911/998/979 949/1000/981 912/1089/1070
f 912/1089/1070 949/1000/981 950/1103/1084
f 912/1089/1070 950/1103/1084 913/1058/1039
f 913/1058/1039 950/1103/1084 951/1005/986
f 917/1090/1071 916/1062/1043 954/1104/1085
f 954/1104/1085 916/1062/1043 953/1063/1044
f 954/1104/1085 953/1063/1044 991/1105/1086
f 991/1105/1086 953/1063/1044 990/1064/1045
f 991/1105/1086 990/1064/1045 818/926/907
f 958/922/903 920/920/901 957/1019/1000
f 957/1019/1000 920/920/901 919/1017/998
f 921/921/902 959/923/904 922/1093/1074
f 922/1093/1074 959/923/904 960/1106/1087
f 922/1093/1074 960/1106/1087 923/1070/1051
f 923/1070/1051 960/1106/1087 961/929/910
f 927/1094/1075 926/1074/1055 964/1107/1088
f 964/1107/1088 926/1074/1055 963/1075/1056
f 964/1107/1088 963/1075/1056 1001/1108/1089
f 1001/1108/1089 963/1075/1056 1000/1076/1057
f 1001/1108/1089 1000/1076/1057 818/926/907
f 929/942/923 967/944/925 930/1097/1078
f 930/1097/1078 967/944/925 968/1109/1090
f 930/1097/1078 968/1109/1090 931/1082/1063
f 931/1082/1063 968/1109/1090 969/949/930
f 972/965/946 935/962/943 934/1086/1067
f 972/965/946 934/1086/1067 971/1087/1068
f 974/1030/1011 937/1032/1013 936/1027/1008
f 936/1027/1008 937/1032/1013 899/1024/1005
f 973/1029/1010 974/1030/1011 936/1027/1008
f 902/976/957 939/1098/1079 940/978/959
f 940/978/959 939/1098/1079 977/1110/1091
f 940/978/959 977/1110/1091 978/980/961
f 978/980/961 977/1110/1091 736/982/963
f 977/1110/1091 939/1098/1079 976/1099/1080
f 980/983/964 943/985/966 942/1100/1081
f 980/983/964 942/1100/1081 979/981/962
f 979/981/962 942/1100/1081 941/979/960
f 908/1043/1024 945/1101/1082 946/1041/1022
f 946/1041/1022 945/1101/1082 983/1111/1092
f 946/1041/1022 983/1111/1092 984/1039/1020
f 984/1039/1020 983/1111/1092 736/982/963
f 983/1111/1092 945/1101/1082 982/1102/1083
f 986/1001/982 948/999/980 985/1038/1019
f 985/1038/1019 948/999/980 947/1040/1021
f 988/1003/984 951/1005/986 950/1103/1084
f 988/1003/984 950/1103/1084 987/1002/983
f 987/1002/983 950/1103/1084 949/1000/981
f 917/1090/1071 954/1104/1085 955/1091/1072
f 955/1091/1072 954/1104/1085 992/1112/1093
f 955/1091/1072 992/1112/1093 993/1092/1073
f 993/1092/1073 992/1112/1093 818/926/907
f 992/1112/1093 954/1104/1085 991/1105/1086
f 996/924/905 958/922/903 995/1021/1002
f 995/1021/1002 958/922/903 957/1019/1000
f 998/927/908 961/929/910 960/1106/1087
f 998/927/908 960/1106/1087 997/925/906
f 997/925/906 960/1106/1087 959/923/904
f 927/1094/1075 964/1107/1088 965/1095/1076
f 965/1095/1076 964/1107/1088 1002/1113/1094
f 965/1095/1076 1002/1113/1094 1003/1096/1077
f 1003/1096/1077 1002/1113/1094 818/926/907
f 1002/1113/1094 964/1107/1088 1001/1108/1089
f 1006/947/928 969/949/930 968/1109/1090
f 1006/947/928 968/1109/1090 1005/946/927
f 1005/946/927 968/1109/1090 967/944/925
f 1009/967/948 972/965/946 971/1087/1068
f 1009/967/948 971/1087/1068 1008/969/950
f 736/982/963 977/1110/1091 976/1099/1080
f 736/982/963 983/1111/1092 982/1102/1083
f 818/926/907 986/1001/982 985/1038/1019
f 818/926/907 992/1112/1093 991/1105/1086
f 818/926/907 1002/1113/1094 1001/1108/1089
f 1010/1114/1095 1011/1115/1096 1019/1116/1097
f 1019/1116/1097 1011/1115/1096 1018/1117/1098
f 1018/1117/1098 1011/1115/1096 818/1118/1099
f 818/1118/1099 1011/1115/1096 1021/1119/1100
f 818/1118/1099 1021/1119/1100 1022/1120/1101
f 1022/1120/1101 1021/1119/1100 1025/1121/1102
f 1022/1120/1101 1025/1121/1102 819/1122/1103
f 819/1122/1103 1025/1121/1102 820/1123/1104
f 820/1123/1104 1025/1121/1102 821/1124/1105
f 821/1124/1105 1025/1121/1102 1028/1125/1106
f 821/1124/1105 1028/1125/1106 822/1126/1107
f 822/1126/1107 1028/1125/1106 1031/1127/1108
f 822/1126/1107 1031/1127/1108 823/1128/1109
f 823/1128/1109 1031/1127/1108 824/1129/1110
f 824/1129/1110 1031/1127/1108 1034/1130/1111
f 824/1129/1110 1034/1130/1111 817/1131/896
f 817/1131/896 1034/1130/1111 1033/1132/1112
f 817/1131/896 1033/1132/1112 1017/1133/1113
f 1017/1133/1113 1033/1132/1112 1032/1134/1114
f 1017/1133/1113 1032/1134/1114 1016/1135/1115
f 1016/1135/1115 1032/1134/1114 1015/1136/1116
f 1015/1136/1116 1032/1134/1114 1029/1137/1117
f 1015/1136/1116 1029/1137/1117 1014/1138/1118
f 1014/1138/1118 1029/1137/1117 1026/1139/1119
f 1014/1138/1118 1026/1139/1119 1013/1140/1120
f 1013/1140/1120 1026/1139/1119 1023/1141/1121
f 1013/1140/1120 1023/1141/1121 1012/1142/1122
f 1012/1142/1122 1023/1141/1121 1020/1143/1123
f 1012/1142/1122 1020/1143/1123 1011/1115/1096
f 1011/1115/1096 1020/1143/1123 1021/1119/1100
f 819/1122/1103 818/1118/1099 1022/1120/1101
f 1021/1119/1100 1020/1143/1123 1024/1144/1124
f 1024/1144/1124 1020/1143/1123 1023/1141/1121
f 1024/1144/1124 1023/1141/1121 1027/1145/1125
f 1027/1145/1125 1023/1141/1121 1026/1139/1119
f 1027/1145/1125 1026/1139/1119 1030/1146/1126
f 1030/1146/1126 1026/1139/1119 1029/1137/1117
f 1030/1146/1126 1029/1137/1117 1033/1132/1112
f 1033/1132/1112 1029/1137/1117 1032/1134/1114
f 1028/1125/1106 1025/1121/1102 1024/1144/1124
f 1024/1144/1124 1025/1121/1102 1021/1119/1100
f 1028/1125/1106 1024/1144/1124 1027/1145/1125
f 1031/1127/1108 1028/1125/1106 1027/1145/1125
f 1031/1127/1108 1027/1145/1125 1030/1146/1126
f 1034/1130/1111 1031/1127/1108 1030/1146/1126
f 1034/1130/1111 1030/1146/1126 1033/1132/1112
f 797/1147/1127 796/1148/1128 798/1149/1129
f 798/1149/1129 796/1148/1128 795/1150/1130
f 798/1149/1129 795/1150/1130 794/1151/1131
f 798/1149/1129 794/1151/1131 1037/1152/1132
f 1037/1152/1132 794/1151/1131 793/1153/1133
f 1037/1152/1132 793/1153/1133 792/1154/1134
f 1035/1155/1135 1036/1156/1136 792/1154/1134
f 792/1154/1134 1036/1156/1136 1037/1152/1132
f 792/1157/863 536/1158/604 1035/1159/1137
f 1035/1159/1137 536/1158/604 1060/1160/1138
f 1060/1160/1138 536/1158/604 1059/1161/1139
f 1059/1161/1139 536/1158/604 1058/1162/1140
f 1058/1162/1140 536/1158/604 1057/1163/1141
f 1057/1163/1141 536/1158/604 535/1164/644
f 1057/1163/1141 535/1164/644 1056/1165/1142
f 1056/1165/1142 535/1164/644 1055/1166/1143
f 1055/1166/1143 535/1164/644 1054/1167/1144
f 1054/1167/1144 535/1164/644 1053/1168/1145
f 1053/1168/1145 535/1164/644 1052/1169/1146
f 1052/1169/1146 535/1164/644 1051/1170/1147
f 1051/1170/1147 535/1164/644 1050/1171/1148
f 1050/1171/1148 535/1164/644 728/1172/793
f 1050/1171/1148 728/1172/793 1049/1173/1149
f 1049/1173/1149 728/1172/793 1048/1174/1150
f 1048/1174/1150 728/1172/793 1047/1175/1151
f 1047/1175/1151 728/1172/793 1046/1176/1152
f 1046/1176/1152 728/1172/793 1045/1177/1153
f 1045/1177/1153 728/1172/793 1044/1178/1154
f 1044/1178/1154 728/1172/793 1043/1179/1155
f 1043/1179/1155 728/1172/793 1042/1180/1156
f 1042/1180/1156 728/1172/793 817/1181/896
f 1042/1180/1156 817/1181/896 1041/1182/1157
f 1041/1182/1157 817/1181/896 1040/1183/1158
f 1040/1183/1158 817/1181/896 1039/1184/1159
f 1039/1184/1159 817/1181/896 1038/1185/1160
f 1038/1185/1160 817/1181/896 1017/1186/1113
f 798/1187/889 1037/1188/1161 799/1189/891
f 799/1189/891 1037/1188/1161 1063/1190/1162
f 1063/1190/1162 1037/1188/1161 1061/1191/1163
f 1063/1190/1162 1061/1191/1163 1062/1192/1164
f 1062/1192/1164 1061/1191/1163 1010/1193/1095
f 1010/1193/1095 1061/1191/1163 1011/1194/1096
f 1016/1195/1165 1061/1196/1166 1017/1197/1167
f 1017/1197/1167 1061/1196/1166 1064/1198/1168
f 1017/1197/1167 1064/1198/1168 1038/1199/1169
f 1016/1195/1165 1015/1200/1170 1061/1196/1166
f 1061/1196/1166 1015/1200/1170 1011/1201/1171
f 1011/1201/1171 1015/1200/1170 1014/1202/1172
f 1011/1201/1171 1014/1202/1172 1013/1203/1173
f 1013/1203/1173 1012/1204/1174 1011/1201/1171
f 1036/1205/1136 1035/1206/1135 1086/1207/1175
f 1086/1207/1175 1035/1206/1135 1060/1208/1176
f 1086/1207/1175 1060/1208/1176 1085/1209/1177
f 1085/1209/1177 1060/1208/1176 1059/1210/1178
f 1085/1209/1177 1059/1210/1178 1084/1211/1179
f 1084/1211/1179 1059/1210/1178 1058/1212/1180
f 1084/1211/1179 1058/1212/1180 1083/1213/1181
f 1083/1213/1181 1058/1212/1180 1057/1214/1182
f 1083/1213/1181 1057/1214/1182 1082/1215/1183
f 1082/1215/1183 1057/1214/1182 1056/1216/1184
f 1082/1215/1183 1056/1216/1184 1081/1217/1185
f 1081/1217/1185 1056/1216/1184 1055/1218/1186
f 1081/1217/1185 1055/1218/1186 1080/1219/1187
f 1080/1219/1187 1055/1218/1186 1054/1220/1188
f 1080/1219/1187 1054/1220/1188 1079/1221/1189
f 1079/1221/1189 1054/1220/1188 1053/1222/1190
f 1079/1221/1189 1053/1222/1190 1078/1223/1191
f 1078/1223/1191 1053/1222/1190 1052/1224/1192
f 1078/1223/1191 1052/1224/1192 1077/1225/1193
f 1077/1225/1193 1052/1224/1192 1051/1226/1194
f 1077/1225/1193 1051/1226/1194 1076/1227/1195
f 1076/1227/1195 1051/1226/1194 1050/1228/1196
f 1076/1227/1195 1050/1228/1196 1075/1229/1197
f 1075/1229/1197 1050/1228/1196 1049/1230/1198
f 1075/1229/1197 1049/1230/1198 1074/1231/1199
f 1074/1231/1199 1049/1230/1198 1048/1232/1200
f 1074/1231/1199 1048/1232/1200 1073/1233/1201
f 1073/1233/1201 1048/1232/1200 1047/1234/1202
f 1073/1233/1201 1047/1234/1202 1072/1235/1203
f 1072/1235/1203 1047/1234/1202 1046/1236/1204
f 1072/1235/1203 1046/1236/1204 1071/1237/1205
f 1071/1237/1205 1046/1236/1204 1045/1238/1206
f 1071/1237/1205 1045/1238/1206 1070/1239/1207
f 1070/1239/1207 1045/1238/1206 1044/1240/1208
f 1070/1239/1207 1044/1240/1208 1069/1241/1209
f 1069/1241/1209 1044/1240/1208 1043/1242/1210
f 1069/1241/1209 1043/1242/1210 1068/1243/1211
f 1068/1243/1211 1043/1242/1210 1042/1244/1212
f 1068/1243/1211 1042/1244/1212 1067/1245/1213
f 1067/1245/1213 1042/1244/1212 1041/1246/1214
f 1067/1245/1213 1041/1246/1214 1066/1247/1215
f 1066/1247/1215 1041/1246/1214 1040/1248/1216
f 1066/1247/1215 1040/1248/1216 1065/1249/1217
f 1065/1249/1217 1040/1248/1216 1039/1250/1218
f 1065/1249/1217 1039/1250/1218 1064/1251/1168
f 1064/1251/1168 1039/1250/1218 1038/1252/1169
f 1086/1253/1219 1065/1254/1220 1036/1255/1221
f 1036/1255/1221 1065/1254/1220 1064/1256/1222
f 1036/1255/1221 1064/1256/1222 1037/1257/1223
f 1037/1257/1223 1064/1256/1222 1061/1258/1224
f 1065/1254/1220 1086/1253/1219 1066/1259/1225
f 1066/1259/1225 1086/1253/1219 1085/1260/1226
f 1066/1259/1225 1085/1260/1226 1067/1261/1227
f 1067/1261/1227 1085/1260/1226 1084/1262/1228
f 1067/1261/1227 1084/1262/1228 1068/1263/1229
f 1068/1263/1229 1084/1262/1228 1083/1264/1230
f 1068/1263/1229 1083/1264/1230 1069/1265/1231
f 1069/1265/1231 1083/1264/1230 1082/1266/1232
f 1069/1265/1231 1082/1266/1232 1070/1267/1233
f 1070/1267/1233 1082/1266/1232 1081/1268/1234
f 1070/1267/1233 1081/1268/1234 1071/1269/1235
f 1071/1269/1235 1081/1268/1234 1080/1270/1236
f 1071/1269/1235 1080/1270/1236 1072/1271/1237
f 1072/1271/1237 1080/1270/1236 1079/1272/1238
f 1072/1271/1237 1079/1272/1238 1073/1273/1239
f 1073/1273/1239 1079/1272/1238 1078/1274/1240
f 1073/1273/1239 1078/1274/1240 1074/1275/1241
f 1074/1275/1241 1078/1274/1240 1077/1276/1242
f 1074/1275/1241 1077/1276/1242 1075/1277/1243
f 1075/1277/1243 1077/1276/1242 1076/1278/1244
f 1063/1279/1245 1062/1280/1246 1088/1281/1247
f 1088/1281/1247 1062/1280/1246 1087/1282/1248
f 818/1283/907 735/1284/1018 1018/1285/1249
f 1018/1285/1249 735/1284/1018 734/1286/1250
f 1018/1285/1249 734/1286/1250 1019/1287/1251
f 1019/1287/1251 734/1286/1250 733/1288/1252
f 1019/1287/1251 733/1288/1252 1010/1289/1253
f 1010/1289/1253 733/1288/1252 732/1290/1254
f 1010/1289/1253 732/1290/1254 1087/1291/1255
f 1087/1291/1255 1062/1292/1256 1010/1289/1253
f 731/1293/845 1088/1294/1257 732/1295/846
f 732/1295/846 1088/1294/1257 1087/1296/1258
f 527/1297/591 801/1298/1259 528/1299/592
f 528/1299/592 801/1298/1259 729/1300/1260
f 729/1300/1260 801/1298/1259 800/1301/1261
f 729/1300/1260 800/1301/1261 730/1302/1262
f 730/1302/1262 800/1301/1261 799/1303/1263
f 730/1302/1262 799/1303/1263 731/1304/1264
f 731/1304/1264 799/1303/1263 1088/1305/1265
f 1088/1305/1265 799/1303/1263 1063/1306/1266
g Body1

v -3.934919 0.500081 0.000000
v -3.934919 0.700081 0.200000
v -3.684919 0.700081 0.200000
v -3.684919 0.500081 0.000000
v -3.684919 0.265081 0.000000
v -3.934919 0.265081 0.000000
v -3.684919 0.700081 2.093066
v -3.684919 -0.699919 2.093066
v -3.684919 -0.699919 0.200000
v -3.684919 -0.499919 -0.000000
v -3.684919 -0.264919 -0.000000
v -3.684919 -0.264919 -3.300000
v -3.684919 -0.064919 -3.500000
v -3.684919 0.065081 -3.500000
v -3.684919 0.265081 -3.300000
v -3.934919 -0.699919 0.200000
v -3.934919 -0.499919 -0.000000
v -3.934919 -0.699919 2.093066
v -3.934919 -0.264919 -3.300000
v -3.934919 -0.064919 -3.500000
v -3.934919 0.065081 -3.500000
v -3.934919 0.265081 -3.300000
v -3.584919 0.700081 2.443066
v -3.584919 -0.699919 2.443066
v -1.007853 -0.699919 2.443066
v -1.007853 0.700081 2.443066
v -3.584919 0.700081 2.193066
v -3.610801 0.700081 2.189659
v -3.634919 0.700081 2.179669
v -3.655630 0.700081 2.163777
v -3.671522 0.700081 2.143066
v -3.681512 0.700081 2.118948
v -3.934919 0.700081 2.093066
v -3.926144 0.700081 2.170949
v -3.900258 0.700081 2.244926
v -3.858560 0.700081 2.311288
v -3.803141 0.700081 2.366707
v -3.736779 0.700081 2.408405
v -3.662802 0.700081 2.434291
v -3.584919 -0.699919 2.193066
v -3.610801 -0.699919 2.189659
v -3.634919 -0.699919 2.179669
v -3.655630 -0.699919 2.163777
v -3.671522 -0.699919 2.143066
v -3.681512 -0.699919 2.118948
v -3.610801 -0.233253 2.189659
v -3.610801 0.233414 2.189659
v -3.634919 -0.233253 2.179669
v -3.634919 0.233414 2.179669
v -3.655630 -0.233253 2.163777
v -3.655630 0.233414 2.163777
v -3.671522 -0.233253 2.143066
v -3.671522 0.233414 2.143066
v -3.681512 -0.233253 2.118948
v -3.681512 0.233414 2.118948
v -1.007853 -0.699919 2.193066
v -1.007853 0.700081 2.193066
v -3.926144 -0.699919 2.170949
v -3.900258 -0.699919 2.244926
v -3.858560 -0.699919 2.311288
v -3.803141 -0.699919 2.366707
v -3.736779 -0.699919 2.408405
v -3.662802 -0.699919 2.434291
v -3.934919 -0.264919 -0.000000
vt 0.014142 0.012500 0.000000
vt -0.014142 0.012500 0.000000
vt 0.014142 -0.012500 0.000000
vt -0.014142 -0.012500 0.000000
vt 0.020000 -0.012500 0.000000
vt 0.043500 -0.012500 0.000000
vt 0.020000 0.012500 0.000000
vt 0.043500 0.012500 0.000000
vt 0.230000 0.070000 0.000000
vt 0.040693 0.070000 0.000000
vt 0.250000 0.050000 0.000000
vt 0.250000 0.026500 0.000000
vt 0.040693 -0.070000 0.000000
vt 0.250000 -0.026500 0.000000
vt 0.250000 -0.050000 0.000000
vt 0.230000 -0.070000 0.000000
vt 0.580000 -0.026500 0.000000
vt 0.600000 -0.006500 0.000000
vt 0.600000 0.006500 0.000000
vt 0.580000 0.026500 0.000000
vt 0.014142 0.012500 0.000000
vt -0.014142 0.012500 0.000000
vt 0.014142 -0.012500 0.000000
vt -0.014142 -0.012500 0.000000
vt 0.020000 -0.012500 0.000000
vt 0.209307 -0.012500 0.000000
vt 0.020000 0.012500 0.000000
vt 0.209307 0.012500 0.000000
vt 0.014142 0.012500 0.000000
vt -0.014142 0.012500 0.000000
vt 0.014142 -0.012500 0.000000
vt -0.014142 -0.012500 0.000000
vt 0.033000 0.012500 0.000000
vt 0.020000 0.012500 0.000000
vt 0.033000 -0.012500 0.000000
vt 0.020000 -0.012500 0.000000
vt 0.014142 0.012500 0.000000
vt -0.014142 0.012500 0.000000
vt 0.014142 -0.012500 0.000000
vt -0.014142 -0.012500 0.000000
vt -0.007707 -0.070000 0.000000
vt 0.250000 -0.070000 0.000000
vt -0.007707 0.070000 0.000000
vt 0.250000 0.070000 0.000000
vt -0.025000 0.000000 0.000000
vt 0.000000 0.000000 0.000000
vt -0.024122 0.007788 0.000000
vt 0.000341 0.002588 0.000000
vt -0.021534 0.015186 0.000000
vt 0.001340 0.005000 0.000000
vt -0.017364 0.021822 0.000000
vt 0.002929 0.007071 0.000000
vt -0.011822 0.027364 0.000000
vt 0.005000 0.008660 0.000000
vt -0.005186 0.031534 0.000000
vt 0.007412 0.009659 0.000000
vt 0.002212 0.034122 0.000000
vt 0.010000 0.010000 0.000000
vt 0.010000 0.035000 0.000000
vt 0.070000 0.013090 0.000000
vt 0.070000 0.015708 0.000000
vt 0.023333 0.013090 0.000000
vt -0.070000 0.015708 0.000000
vt -0.023333 0.013090 0.000000
vt -0.070000 0.013090 0.000000
vt -0.023333 0.010472 0.000000
vt -0.070000 0.010472 0.000000
vt -0.023333 0.007854 0.000000
vt -0.070000 0.007854 0.000000
vt -0.023333 0.005236 0.000000
vt -0.070000 0.005236 0.000000
vt -0.023333 0.002618 0.000000
vt -0.070000 0.002618 0.000000
vt -0.070000 0.000000 0.000000
vt 0.070000 0.000000 0.000000
vt 0.023333 0.002618 0.000000
vt 0.023333 0.005236 0.000000
vt 0.023333 0.007854 0.000000
vt 0.023333 0.010472 0.000000
vt 0.070000 0.002618 0.000000
vt 0.070000 0.005236 0.000000
vt 0.070000 0.007854 0.000000
vt 0.070000 0.010472 0.000000
vt 0.242293 -0.012500 0.000000
vt 0.500000 -0.012500 0.000000
vt 0.242293 0.012500 0.000000
vt 0.500000 0.012500 0.000000
vt 0.257707 0.012500 0.000000
vt -0.000000 0.012500 0.000000
vt 0.257707 -0.012500 0.000000
vt 0.000000 -0.012500 0.000000
vt 0.070000 0.054978 0.000000
vt -0.070000 0.054978 0.000000
vt 0.070000 0.047124 0.000000
vt -0.070000 0.047124 0.000000
vt 0.070000 0.039270 0.000000
vt -0.070000 0.039270 0.000000
vt 0.070000 0.031416 0.000000
vt -0.070000 0.031416 0.000000
vt 0.070000 0.023562 0.000000
vt -0.070000 0.023562 0.000000
vt 0.070000 0.015708 0.000000
vt -0.070000 0.015708 0.000000
vt 0.070000 0.007854 0.000000
vt -0.070000 0.007854 0.000000
vt 0.070000 0.000000 0.000000
vt -0.070000 0.000000 0.000000
vt 0.020000 -0.012500 0.000000
vt 0.350000 -0.012500 0.000000
vt 0.020000 0.012500 0.000000
vt 0.350000 0.012500 0.000000
vt 0.330000 0.012500 0.000000
vt 0.000000 0.012500 0.000000
vt 0.330000 -0.012500 0.000000
vt 0.000000 -0.012500 0.000000
vt 0.007707 0.070000 0.000000
vt -0.250000 0.070000 0.000000
vt 0.007707 -0.070000 0.000000
vt -0.250000 -0.070000 0.000000
vt 0.140000 0.012500 0.000000
vt 0.000000 0.012500 0.000000
vt 0.140000 -0.012500 0.000000
vt 0.000000 -0.012500 0.000000
vt -0.000000 0.000000 0.000000
vt -0.000878 0.007788 0.000000
vt -0.025000 0.000000 0.000000
vt -0.025341 0.002588 0.000000
vt -0.003466 0.015186 0.000000
vt -0.026340 0.005000 0.000000
vt -0.007636 0.021822 0.000000
vt -0.027929 0.007071 0.000000
vt -0.013178 0.027364 0.000000
vt -0.030000 0.008660 0.000000
vt -0.019814 0.031534 0.000000
vt -0.032412 0.009659 0.000000
vt -0.027212 0.034122 0.000000
vt -0.035000 0.010000 0.000000
vt -0.035000 0.035000 0.000000
vt 0.120000 0.012500 0.000000
vt 0.096500 0.012500 0.000000
vt 0.120000 -0.012500 0.000000
vt 0.096500 -0.012500 0.000000
vt 0.480000 0.012500 0.000000
vt 0.290693 0.012500 0.000000
vt 0.480000 -0.012500 0.000000
vt 0.290693 -0.012500 0.000000
vt -0.230000 0.070000 0.000000
vt -0.250000 0.050000 0.000000
vt -0.040693 0.070000 0.000000
vt -0.250000 0.026500 0.000000
vt -0.040693 -0.070000 0.000000
vt -0.250000 -0.026500 0.000000
vt -0.250000 -0.050000 0.000000
vt -0.580000 0.026500 0.000000
vt -0.600000 0.006500 0.000000
vt -0.600000 -0.006500 0.000000
vt -0.580000 -0.026500 0.000000
vt -0.230000 -0.070000 0.000000
vn -0.000000 0.070711 -0.070711
vn -0.000000 0.070711 -0.070711
vn -0.000000 0.070711 -0.070711
vn -0.000000 0.070711 -0.070711
vn -0.000000 0.000000 -0.100000
vn -0.000000 0.000000 -0.100000
vn -0.000000 0.000000 -0.100000
vn -0.000000 0.000000 -0.100000
vn 0.100000 0.000000 0.000000
vn 0.100000 0.000000 0.000000
vn 0.100000 0.000000 0.000000
vn 0.100000 0.000000 0.000000
vn 0.100000 0.000000 0.000000
vn 0.100000 0.000000 0.000000
vn 0.100000 0.000000 0.000000
vn 0.100000 0.000000 0.000000
vn 0.100000 0.000000 0.000000
vn 0.100000 0.000000 0.000000
vn 0.100000 0.000000 0.000000
vn 0.100000 0.000000 0.000000
vn 0.000000 -0.070711 -0.070711
vn 0.000000 -0.070711 -0.070711
vn 0.000000 -0.070711 -0.070711
vn 0.000000 -0.070711 -0.070711
vn 0.000000 -0.100000 -0.000000
vn 0.000000 -0.100000 -0.000000
vn 0.000000 -0.100000 -0.000000
vn 0.000000 -0.100000 -0.000000
vn 0.000000 -0.070711 -0.070711
vn 0.000000 -0.070711 -0.070711
vn 0.000000 -0.070711 -0.070711
vn 0.000000 -0.070711 -0.070711
vn -0.000000 0.000000 -0.100000
vn -0.000000 0.000000 -0.100000
vn -0.000000 0.000000 -0.100000
vn -0.000000 0.000000 -0.100000
vn -0.000000 0.070711 -0.070711
vn -0.000000 0.070711 -0.070711
vn -0.000000 0.070711 -0.070711
vn -0.000000 0.070711 -0.070711
vn -0.000000 -0.000000 0.100000
vn -0.000000 -0.000000 0.100000
vn -0.000000 -0.000000 0.100000
vn -0.000000 -0.000000 0.100000
vn -0.000000 0.100000 0.000000
vn -0.000000 0.100000 0.000000
vn -0.000000 0.100000 0.000000
vn -0.000000 0.100000 0.000000
vn -0.000000 0.100000 0.000000
vn -0.000000 0.100000 0.000000
vn -0.000000 0.100000 0.000000
vn -0.000000 0.100000 0.000000
vn -0.000000 0.100000 0.000000
vn -0.000000 0.100000 0.000000
vn -0.000000 0.100000 0.000000
vn -0.000000 0.100000 0.000000
vn -0.000000 0.100000 0.000000
vn -0.000000 0.100000 0.000000
vn -0.000000 0.100000 0.000000
vn 0.025882 0.000000 -0.096593
vn 0.000000 0.000000 -0.100000
vn 0.025882 0.000000 -0.096593
vn 0.000000 0.000000 -0.100000
vn 0.025882 0.000000 -0.096593
vn 0.025882 0.000000 -0.096593
vn 0.050000 0.000000 -0.086603
vn 0.050000 0.000000 -0.086603
vn 0.070711 0.000000 -0.070711
vn 0.070711 0.000000 -0.070711
vn 0.086603 0.000000 -0.050000
vn 0.086603 0.000000 -0.050000
vn 0.096593 0.000000 -0.025882
vn 0.096593 0.000000 -0.025882
vn 0.096593 0.000000 -0.025882
vn 0.086603 0.000000 -0.050000
vn 0.070711 0.000000 -0.070711
vn 0.050000 0.000000 -0.086603
vn 0.096593 0.000000 -0.025882
vn 0.086603 0.000000 -0.050000
vn 0.070711 0.000000 -0.070711
vn 0.050000 0.000000 -0.086603
vn 0.000000 -0.100000 -0.000000
vn 0.000000 -0.100000 -0.000000
vn 0.000000 -0.100000 -0.000000
vn 0.000000 -0.100000 -0.000000
vn -0.000000 0.100000 0.000000
vn -0.000000 0.100000 0.000000
vn -0.022252 -0.000000 0.097493
vn -0.022252 -0.000000 0.097493
vn -0.043388 -0.000000 0.090097
vn -0.043388 -0.000000 0.090097
vn -0.062349 -0.000000 0.078183
vn -0.062349 -0.000000 0.078183
vn -0.078183 -0.000000 0.062349
vn -0.078183 -0.000000 0.062349
vn -0.090097 -0.000000 0.043388
vn -0.090097 -0.000000 0.043388
vn -0.097493 -0.000000 0.022252
vn -0.097493 -0.000000 0.022252
vn -0.100000 -0.000000 -0.000000
vn -0.100000 -0.000000 0.000000
vn 0.000000 -0.100000 -0.000000
vn 0.000000 -0.100000 -0.000000
vn 0.000000 -0.100000 -0.000000
vn 0.000000 -0.100000 -0.000000
vn -0.000000 0.100000 0.000000
vn -0.000000 0.100000 0.000000
vn -0.000000 0.100000 0.000000
vn -0.000000 0.100000 0.000000
vn 0.000000 0.000000 -0.100000
vn 0.000000 0.000000 -0.100000
vn 0.100000 0.000000 0.000000
vn 0.100000 0.000000 0.000000
vn 0.100000 0.000000 0.000000
vn 0.100000 0.000000 0.000000
vn 0.000000 -0.100000 -0.000000
vn 0.000000 -0.100000 -0.000000
vn 0.000000 -0.100000 -0.000000
vn 0.000000 -0.100000 -0.000000
vn 0.000000 -0.100000 -0.000000
vn 0.000000 -0.100000 -0.000000
vn 0.000000 -0.100000 -0.000000
vn 0.000000 -0.100000 -0.000000
vn 0.000000 -0.100000 -0.000000
vn 0.000000 -0.100000 -0.000000
vn 0.000000 -0.100000 -0.000000
vn -0.000000 0.000000 -0.100000
vn -0.000000 0.000000 -0.100000
vn -0.000000 0.000000 -0.100000
vn -0.000000 0.000000 -0.100000
vn -0.000000 0.100000 0.000000
vn -0.000000 0.100000 0.000000
vn -0.100000 -0.000000 -0.000000
vn -0.100000 -0.000000 -0.000000
vn -0.100000 -0.000000 -0.000000
vn -0.100000 -0.000000 -0.000000
vn -0.100000 -0.000000 -0.000000
vn -0.100000 -0.000000 -0.000000
vn -0.100000 -0.000000 -0.000000
vn -0.100000 -0.000000 -0.000000
vn -0.100000 -0.000000 -0.000000
vn -0.100000 -0.000000 -0.000000
usemtl Aluminum_-_Satin
f 1089/1307/1267 1090/1308/1268 1092/1309/1269
f 1092/1309/1269 1090/1308/1268 1091/1310/1270
f 1092/1311/1271 1093/1312/1272 1089/1313/1273
f 1089/1313/1273 1093/1312/1272 1094/1314/1274
f 1091/1315/1275 1095/1316/1276 1092/1317/1277
f 1092/1317/1277 1095/1316/1276 1093/1318/1278
f 1093/1318/1278 1095/1316/1276 1096/1319/1279
f 1093/1318/1278 1096/1319/1279 1099/1320/1280
f 1099/1320/1280 1096/1319/1279 1098/1321/1281
f 1098/1321/1281 1096/1319/1279 1097/1322/1282
f 1100/1323/1283 1101/1324/1284 1099/1320/1280
f 1099/1320/1280 1101/1324/1284 1102/1325/1285
f 1099/1320/1280 1102/1325/1285 1093/1318/1278
f 1093/1318/1278 1102/1325/1285 1103/1326/1286
f 1104/1327/1287 1105/1328/1288 1097/1329/1289
f 1097/1329/1289 1105/1328/1288 1098/1330/1290
f 1097/1331/1291 1096/1332/1292 1104/1333/1293
f 1104/1333/1293 1096/1332/1292 1106/1334/1294
f 1107/1335/1295 1108/1336/1296 1100/1337/1297
f 1100/1337/1297 1108/1336/1296 1101/1338/1298
f 1108/1339/1299 1109/1340/1300 1101/1341/1301
f 1101/1341/1301 1109/1340/1300 1102/1342/1302
f 1109/1343/1303 1110/1344/1304 1102/1345/1305
f 1102/1345/1305 1110/1344/1304 1103/1346/1306
f 1112/1347/1307 1113/1348/1308 1111/1349/1309
f 1111/1349/1309 1113/1348/1308 1114/1350/1310
f 1111/1351/1311 1115/1352/1312 1127/1353/1313
f 1127/1353/1313 1115/1352/1312 1116/1354/1314
f 1127/1353/1313 1116/1354/1314 1126/1355/1315
f 1126/1355/1315 1116/1354/1314 1117/1356/1316
f 1126/1355/1315 1117/1356/1316 1125/1357/1317
f 1125/1357/1317 1117/1356/1316 1118/1358/1318
f 1125/1357/1317 1118/1358/1318 1124/1359/1319
f 1124/1359/1319 1118/1358/1318 1119/1360/1320
f 1124/1359/1319 1119/1360/1320 1123/1361/1321
f 1123/1361/1321 1119/1360/1320 1120/1362/1322
f 1123/1361/1321 1120/1362/1322 1122/1363/1323
f 1122/1363/1323 1120/1362/1322 1095/1364/1324
f 1122/1363/1323 1095/1364/1324 1121/1365/1325
f 1116/1366/1326 1115/1367/1327 1135/1368/1328
f 1135/1368/1328 1115/1367/1327 1128/1369/1329
f 1135/1368/1328 1128/1369/1329 1134/1370/1330
f 1134/1370/1330 1128/1369/1329 1129/1371/1331
f 1134/1370/1330 1129/1371/1331 1136/1372/1332
f 1136/1372/1332 1129/1371/1331 1130/1373/1333
f 1136/1372/1332 1130/1373/1333 1138/1374/1334
f 1138/1374/1334 1130/1373/1333 1131/1375/1335
f 1138/1374/1334 1131/1375/1335 1140/1376/1336
f 1140/1376/1336 1131/1375/1335 1132/1377/1337
f 1140/1376/1336 1132/1377/1337 1142/1378/1338
f 1142/1378/1338 1132/1377/1337 1133/1379/1339
f 1142/1378/1338 1133/1379/1339 1096/1380/1279
f 1096/1380/1279 1095/1381/1276 1142/1378/1338
f 1142/1378/1338 1095/1381/1276 1143/1382/1340
f 1142/1378/1338 1143/1382/1340 1140/1376/1336
f 1140/1376/1336 1143/1382/1340 1141/1383/1341
f 1140/1376/1336 1141/1383/1341 1138/1374/1334
f 1138/1374/1334 1141/1383/1341 1139/1384/1342
f 1138/1374/1334 1139/1384/1342 1136/1372/1332
f 1136/1372/1332 1139/1384/1342 1137/1385/1343
f 1136/1372/1332 1137/1385/1343 1134/1370/1330
f 1134/1370/1330 1137/1385/1343 1135/1368/1328
f 1095/1381/1276 1120/1386/1344 1143/1382/1340
f 1143/1382/1340 1120/1386/1344 1141/1383/1341
f 1120/1386/1344 1119/1387/1345 1141/1383/1341
f 1141/1383/1341 1119/1387/1345 1139/1384/1342
f 1119/1387/1345 1118/1388/1346 1139/1384/1342
f 1139/1384/1342 1118/1388/1346 1137/1385/1343
f 1118/1388/1346 1117/1389/1347 1137/1385/1343
f 1137/1385/1343 1117/1389/1347 1135/1368/1328
f 1117/1389/1347 1116/1366/1326 1135/1368/1328
f 1128/1390/1348 1144/1391/1349 1112/1392/1350
f 1112/1392/1350 1144/1391/1349 1113/1393/1351
f 1111/1394/1311 1114/1395/1352 1115/1396/1312
f 1115/1396/1312 1114/1395/1352 1145/1397/1353
f 1112/1398/1307 1111/1399/1309 1151/1400/1354
f 1151/1400/1354 1111/1399/1309 1127/1401/1355
f 1151/1400/1354 1127/1401/1355 1150/1402/1356
f 1150/1402/1356 1127/1401/1355 1126/1403/1357
f 1150/1402/1356 1126/1403/1357 1149/1404/1358
f 1149/1404/1358 1126/1403/1357 1125/1405/1359
f 1149/1404/1358 1125/1405/1359 1148/1406/1360
f 1148/1406/1360 1125/1405/1359 1124/1407/1361
f 1148/1406/1360 1124/1407/1361 1147/1408/1362
f 1147/1408/1362 1124/1407/1361 1123/1409/1363
f 1147/1408/1362 1123/1409/1363 1146/1410/1364
f 1146/1410/1364 1123/1409/1363 1122/1411/1365
f 1146/1410/1364 1122/1411/1365 1106/1412/1366
f 1106/1412/1366 1122/1411/1365 1121/1413/1367
f 1100/1414/1368 1099/1415/1369 1107/1416/1370
f 1107/1416/1370 1099/1415/1369 1152/1417/1371
f 1110/1418/1372 1094/1419/1373 1103/1420/1374
f 1103/1420/1374 1094/1419/1373 1093/1421/1375
f 1115/1422/1327 1145/1423/1376 1128/1424/1329
f 1128/1424/1329 1145/1423/1376 1144/1425/1377
f 1114/1426/1378 1113/1427/1379 1145/1428/1380
f 1145/1428/1380 1113/1427/1379 1144/1429/1381
f 1112/1430/1350 1151/1431/1382 1128/1432/1348
f 1128/1432/1348 1151/1431/1382 1129/1433/1383
f 1129/1433/1383 1151/1431/1382 1150/1434/1384
f 1129/1433/1383 1150/1434/1384 1130/1435/1385
f 1130/1435/1385 1150/1434/1384 1149/1436/1386
f 1130/1435/1385 1149/1436/1386 1131/1437/1387
f 1131/1437/1387 1149/1436/1386 1148/1438/1388
f 1131/1437/1387 1148/1438/1388 1132/1439/1389
f 1132/1439/1389 1148/1438/1388 1147/1440/1390
f 1132/1439/1389 1147/1440/1390 1133/1441/1391
f 1133/1441/1391 1147/1440/1390 1146/1442/1392
f 1133/1441/1391 1146/1442/1392 1096/1443/1292
f 1096/1443/1292 1146/1442/1392 1106/1444/1294
f 1105/1445/1393 1152/1446/1394 1098/1447/1395
f 1098/1447/1395 1152/1446/1394 1099/1448/1396
f 1090/1449/1397 1121/1450/1325 1091/1451/1398
f 1091/1451/1398 1121/1450/1325 1095/1452/1324
f 1090/1453/1399 1089/1454/1400 1121/1455/1367
f 1121/1455/1367 1089/1454/1400 1094/1456/1401
f 1121/1455/1367 1094/1456/1401 1106/1457/1366
f 1106/1457/1366 1094/1456/1401 1152/1458/1402
f 1106/1457/1366 1152/1458/1402 1105/1459/1403
f 1110/1460/1404 1109/1461/1405 1094/1456/1401
f 1094/1456/1401 1109/1461/1405 1152/1458/1402
f 1109/1461/1405 1108/1462/1406 1152/1458/1402
f 1152/1458/1402 1108/1462/1406 1107/1463/1407
f 1105/1459/1403 1104/1464/1408 1106/1457/1366
g Body2

v -3.934919 3.040081 -0.000000
v -3.934919 3.240081 0.200000
v -3.684919 3.240081 0.200000
v -3.684919 3.040081 -0.000000
v -3.684919 2.805081 -0.000000
v -3.934919 2.805081 -0.000000
v -3.684919 3.240081 2.093066
v -3.684919 1.840081 2.093066
v -3.684919 1.840081 0.200000
v -3.684919 2.040081 -0.000000
v -3.684919 2.275081 -0.000000
v -3.684919 2.275081 -3.300000
v -3.684919 2.475081 -3.500000
v -3.684919 2.605081 -3.500000
v -3.684919 2.805081 -3.300000
v -3.934919 1.840081 0.200000
v -3.934919 2.040081 -0.000000
v -3.934919 1.840081 2.093066
v -3.934919 2.275081 -3.300000
v -3.934919 2.475081 -3.500000
v -3.934919 2.605081 -3.500000
v -3.934919 2.805081 -3.300000
v -3.584919 3.240081 2.443066
v -3.584919 1.840081 2.443066
v -1.007853 1.840081 2.443066
v -1.007853 3.240081 2.443066
v -3.584919 3.240081 2.193066
v -3.610801 3.240081 2.189659
v -3.634919 3.240081 2.179669
v -3.655630 3.240081 2.163777
v -3.671522 3.240081 2.143066
v -3.681512 3.240081 2.118948
v -3.934919 3.240081 2.093066
v -3.926144 3.240081 2.170949
v -3.900258 3.240081 2.244926
v -3.858560 3.240081 2.311288
v -3.803141 3.240081 2.366707
v -3.736779 3.240081 2.408405
v -3.662802 3.240081 2.434291
v -3.584919 1.840081 2.193066
v -3.610801 1.840081 2.189659
v -3.634919 1.840081 2.179669
v -3.655630 1.840081 2.163777
v -3.671522 1.840081 2.143066
v -3.681512 1.840081 2.118948
v -3.610801 2.306747 2.189659
v -3.610801 2.773414 2.189659
v -3.634919 2.306747 2.179669
v -3.634919 2.773414 2.179669
v -3.655630 2.306747 2.163777
v -3.655630 2.773414 2.163777
v -3.671522 2.306747 2.143066
v -3.671522 2.773414 2.143066
v -3.681512 2.306747 2.118948
v -3.681512 2.773414 2.118948
v -1.007853 1.840081 2.193066
v -1.007853 3.240081 2.193066
v -3.926144 1.840081 2.170949
v -3.900258 1.840081 2.244926
v -3.858560 1.840081 2.311288
v -3.803141 1.840081 2.366707
v -3.736779 1.840081 2.408405
v -3.662802 1.840081 2.434291
v -3.934919 2.275081 -0.000000
vt 0.014142 0.012500 0.000000
vt -0.014142 0.012500 0.000000
vt 0.014142 -0.012500 0.000000
vt -0.014142 -0.012500 0.000000
vt 0.020000 -0.012500 0.000000
vt 0.043500 -0.012500 0.000000
vt 0.020000 0.012500 0.000000
vt 0.043500 0.012500 0.000000
vt 0.230000 0.070000 0.000000
vt 0.040693 0.070000 0.000000
vt 0.250000 0.050000 0.000000
vt 0.250000 0.026500 0.000000
vt 0.040693 -0.070000 0.000000
vt 0.250000 -0.026500 0.000000
vt 0.250000 -0.050000 0.000000
vt 0.230000 -0.070000 0.000000
vt 0.580000 -0.026500 0.000000
vt 0.600000 -0.006500 0.000000
vt 0.600000 0.006500 0.000000
vt 0.580000 0.026500 0.000000
vt 0.014142 0.012500 0.000000
vt -0.014142 0.012500 0.000000
vt 0.014142 -0.012500 0.000000
vt -0.014142 -0.012500 0.000000
vt 0.020000 -0.012500 0.000000
vt 0.209307 -0.012500 0.000000
vt 0.020000 0.012500 0.000000
vt 0.209307 0.012500 0.000000
vt 0.014142 0.012500 0.000000
vt -0.014142 0.012500 0.000000
vt 0.014142 -0.012500 0.000000
vt -0.014142 -0.012500 0.000000
vt 0.033000 0.012500 0.000000
vt 0.020000 0.012500 0.000000
vt 0.033000 -0.012500 0.000000
vt 0.020000 -0.012500 0.000000
vt 0.014142 0.012500 0.000000
vt -0.014142 0.012500 0.000000
vt 0.014142 -0.012500 0.000000
vt -0.014142 -0.012500 0.000000
vt -0.007707 -0.070000 0.000000
vt 0.250000 -0.070000 0.000000
vt -0.007707 0.070000 0.000000
vt 0.250000 0.070000 0.000000
vt -0.025000 0.000000 0.000000
vt 0.000000 0.000000 0.000000
vt -0.024122 0.007788 0.000000
vt 0.000341 0.002588 0.000000
vt -0.021534 0.015186 0.000000
vt 0.001340 0.005000 0.000000
vt -0.017364 0.021822 0.000000
vt 0.002929 0.007071 0.000000
vt -0.011822 0.027364 0.000000
vt 0.005000 0.008660 0.000000
vt -0.005186 0.031534 0.000000
vt 0.007412 0.009659 0.000000
vt 0.002212 0.034122 0.000000
vt 0.010000 0.010000 0.000000
vt 0.010000 0.035000 0.000000
vt 0.070000 0.013090 0.000000
vt 0.070000 0.015708 0.000000
vt 0.023333 0.013090 0.000000
vt -0.070000 0.015708 0.000000
vt -0.023333 0.013090 0.000000
vt -0.070000 0.013090 0.000000
vt -0.023333 0.010472 0.000000
vt -0.070000 0.010472 0.000000
vt -0.023333 0.007854 0.000000
vt -0.070000 0.007854 0.000000
vt -0.023333 0.005236 0.000000
vt -0.070000 0.005236 0.000000
vt -0.023333 0.002618 0.000000
vt -0.070000 0.002618 0.000000
vt -0.070000 0.000000 0.000000
vt 0.070000 0.000000 0.000000
vt 0.023333 0.002618 0.000000
vt 0.023333 0.005236 0.000000
vt 0.023333 0.007854 0.000000
vt 0.023333 0.010472 0.000000
vt 0.070000 0.002618 0.000000
vt 0.070000 0.005236 0.000000
vt 0.070000 0.007854 0.000000
vt 0.070000 0.010472 0.000000
vt 0.242293 -0.012500 0.000000
vt 0.500000 -0.012500 0.000000
vt 0.242293 0.012500 0.000000
vt 0.500000 0.012500 0.000000
vt 0.257707 0.012500 0.000000
vt -0.000000 0.012500 0.000000
vt 0.257707 -0.012500 0.000000
vt 0.000000 -0.012500 0.000000
vt 0.070000 0.054978 0.000000
vt -0.070000 0.054978 0.000000
vt 0.070000 0.047124 0.000000
vt -0.070000 0.047124 0.000000
vt 0.070000 0.039270 0.000000
vt -0.070000 0.039270 0.000000
vt 0.070000 0.031416 0.000000
vt -0.070000 0.031416 0.000000
vt 0.070000 0.023562 0.000000
vt -0.070000 0.023562 0.000000
vt 0.070000 0.015708 0.000000
vt -0.070000 0.015708 0.000000
vt 0.070000 0.007854 0.000000
vt -0.070000 0.007854 0.000000
vt 0.070000 0.000000 0.000000
vt -0.070000 0.000000 0.000000
vt 0.020000 -0.012500 0.000000
vt 0.350000 -0.012500 0.000000
vt 0.020000 0.012500 0.000000
vt 0.350000 0.012500 0.000000
vt 0.330000 0.012500 0.000000
vt 0.000000 0.012500 0.000000
vt 0.330000 -0.012500 0.000000
vt 0.000000 -0.012500 0.000000
vt 0.007707 0.070000 0.000000
vt -0.250000 0.070000 0.000000
vt 0.007707 -0.070000 0.000000
vt -0.250000 -0.070000 0.000000
vt 0.140000 0.012500 0.000000
vt 0.000000 0.012500 0.000000
vt 0.140000 -0.012500 0.000000
vt 0.000000 -0.012500 0.000000
vt -0.000000 0.000000 0.000000
vt -0.000878 0.007788 0.000000
vt -0.025000 0.000000 0.000000
vt -0.025341 0.002588 0.000000
vt -0.003466 0.015186 0.000000
vt -0.026340 0.005000 0.000000
vt -0.007636 0.021822 0.000000
vt -0.027929 0.007071 0.000000
vt -0.013178 0.027364 0.000000
vt -0.030000 0.008660 0.000000
vt -0.019814 0.031534 0.000000
vt -0.032412 0.009659 0.000000
vt -0.027212 0.034122 0.000000
vt -0.035000 0.010000 0.000000
vt -0.035000 0.035000 0.000000
vt 0.120000 0.012500 0.000000
vt 0.096500 0.012500 0.000000
vt 0.120000 -0.012500 0.000000
vt 0.096500 -0.012500 0.000000
vt 0.480000 0.012500 0.000000
vt 0.290693 0.012500 0.000000
vt 0.480000 -0.012500 0.000000
vt 0.290693 -0.012500 0.000000
vt -0.230000 0.070000 0.000000
vt -0.250000 0.050000 0.000000
vt -0.040693 0.070000 0.000000
vt -0.250000 0.026500 0.000000
vt -0.040693 -0.070000 0.000000
vt -0.250000 -0.026500 0.000000
vt -0.250000 -0.050000 0.000000
vt -0.580000 0.026500 0.000000
vt -0.600000 0.006500 0.000000
vt -0.600000 -0.006500 0.000000
vt -0.580000 -0.026500 0.000000
vt -0.230000 -0.070000 0.000000
vn -0.000000 0.070711 -0.070711
vn -0.000000 0.070711 -0.070711
vn -0.000000 0.070711 -0.070711
vn -0.000000 0.070711 -0.070711
vn -0.000000 0.000000 -0.100000
vn -0.000000 0.000000 -0.100000
vn -0.000000 0.000000 -0.100000
vn -0.000000 0.000000 -0.100000
vn 0.100000 0.000000 0.000000
vn 0.100000 0.000000 0.000000
vn 0.100000 0.000000 0.000000
vn 0.100000 0.000000 0.000000
vn 0.100000 0.000000 0.000000
vn 0.100000 0.000000 0.000000
vn 0.100000 0.000000 0.000000
vn 0.100000 0.000000 0.000000
vn 0.100000 0.000000 0.000000
vn 0.100000 0.000000 0.000000
vn 0.100000 0.000000 0.000000
vn 0.100000 0.000000 0.000000
vn 0.000000 -0.070711 -0.070711
vn 0.000000 -0.070711 -0.070711
vn 0.000000 -0.070711 -0.070711
vn 0.000000 -0.070711 -0.070711
vn 0.000000 -0.100000 -0.000000
vn 0.000000 -0.100000 -0.000000
vn 0.000000 -0.100000 -0.000000
vn 0.000000 -0.100000 -0.000000
vn 0.000000 -0.070711 -0.070711
vn 0.000000 -0.070711 -0.070711
vn 0.000000 -0.070711 -0.070711
vn 0.000000 -0.070711 -0.070711
vn -0.000000 0.000000 -0.100000
vn -0.000000 0.000000 -0.100000
vn -0.000000 0.000000 -0.100000
vn -0.000000 0.000000 -0.100000
vn -0.000000 0.070711 -0.070711
vn -0.000000 0.070711 -0.070711
vn -0.000000 0.070711 -0.070711
vn -0.000000 0.070711 -0.070711
vn -0.000000 -0.000000 0.100000
vn -0.000000 -0.000000 0.100000
vn -0.000000 -0.000000 0.100000
vn -0.000000 -0.000000 0.100000
vn -0.000000 0.100000 0.000000
vn -0.000000 0.100000 0.000000
vn -0.000000 0.100000 0.000000
vn -0.000000 0.100000 0.000000
vn -0.000000 0.100000 0.000000
vn -0.000000 0.100000 0.000000
vn -0.000000 0.100000 0.000000
vn -0.000000 0.100000 0.000000
vn -0.000000 0.100000 0.000000
vn -0.000000 0.100000 0.000000
vn -0.000000 0.100000 0.000000
vn -0.000000 0.100000 0.000000
vn -0.000000 0.100000 0.000000
vn -0.000000 0.100000 0.000000
vn -0.000000 0.100000 0.000000
vn 0.025882 0.000000 -0.096593
vn 0.000000 0.000000 -0.100000
vn 0.025882 0.000000 -0.096593
vn 0.000000 0.000000 -0.100000
vn 0.025882 0.000000 -0.096593
vn 0.025882 0.000000 -0.096593
vn 0.050000 0.000000 -0.086603
vn 0.050000 0.000000 -0.086603
vn 0.070711 0.000000 -0.070711
vn 0.070711 0.000000 -0.070711
vn 0.086603 0.000000 -0.050000
vn 0.086603 0.000000 -0.050000
vn 0.096593 0.000000 -0.025882
vn 0.096593 0.000000 -0.025882
vn 0.096593 0.000000 -0.025882
vn 0.086603 0.000000 -0.050000
vn 0.070711 0.000000 -0.070711
vn 0.050000 0.000000 -0.086603
vn 0.096593 0.000000 -0.025882
vn 0.086603 0.000000 -0.050000
vn 0.070711 0.000000 -0.070711
vn 0.050000 0.000000 -0.086603
vn 0.000000 -0.100000 -0.000000
vn 0.000000 -0.100000 -0.000000
vn 0.000000 -0.100000 -0.000000
vn 0.000000 -0.100000 -0.000000
vn -0.000000 0.100000 0.000000
vn -0.000000 0.100000 0.000000
vn -0.022252 -0.000000 0.097493
vn -0.022252 -0.000000 0.097493
vn -0.043388 -0.000000 0.090097
vn -0.043388 -0.000000 0.090097
vn -0.062349 -0.000000 0.078183
vn -0.062349 -0.000000 0.078183
vn -0.078183 -0.000000 0.062349
vn -0.078183 -0.000000 0.062349
vn -0.090097 -0.000000 0.043388
vn -0.090097 -0.000000 0.043388
vn -0.097493 -0.000000 0.022252
vn -0.097493 -0.000000 0.022252
vn -0.100000 -0.000000 -0.000000
vn -0.100000 -0.000000 0.000000
vn 0.000000 -0.100000 -0.000000
vn 0.000000 -0.100000 -0.000000
vn 0.000000 -0.100000 -0.000000
vn 0.000000 -0.100000 -0.000000
vn -0.000000 0.100000 0.000000
vn -0.000000 0.100000 0.000000
vn -0.000000 0.100000 0.000000
vn -0.000000 0.100000 0.000000
vn 0.000000 0.000000 -0.100000
vn 0.000000 0.000000 -0.100000
vn 0.100000 0.000000 0.000000
vn 0.100000 0.000000 0.000000
vn 0.100000 0.000000 0.000000
vn 0.100000 0.000000 0.000000
vn 0.000000 -0.100000 -0.000000
vn 0.000000 -0.100000 -0.000000
vn 0.000000 -0.100000 -0.000000
vn 0.000000 -0.100000 -0.000000
vn 0.000000 -0.100000 -0.000000
vn 0.000000 -0.100000 -0.000000
vn 0.000000 -0.100000 -0.000000
vn 0.000000 -0.100000 -0.000000
vn 0.000000 -0.100000 -0.000000
vn 0.000000 -0.100000 -0.000000
vn 0.000000 -0.100000 -0.000000
vn -0.000000 0.000000 -0.100000
vn -0.000000 0.000000 -0.100000
vn -0.000000 0.000000 -0.100000
vn -0.000000 0.000000 -0.100000
vn -0.000000 0.100000 0.000000
vn -0.000000 0.100000 0.000000
vn -0.100000 -0.000000 -0.000000
vn -0.100000 -0.000000 -0.000000
vn -0.100000 -0.000000 -0.000000
vn -0.100000 -0.000000 -0.000000
vn -0.100000 -0.000000 -0.000000
vn -0.100000 -0.000000 -0.000000
vn -0.100000 -0.000000 -0.000000
vn -0.100000 -0.000000 -0.000000
vn -0.100000 -0.000000 -0.000000
vn -0.100000 -0.000000 -0.000000
f 1153/1465/1409 1154/1466/1410 1156/1467/1411
f 1156/1467/1411 1154/1466/1410 1155/1468/1412
f 1156/1469/1413 1157/1470/1414 1153/1471/1415
f 1153/1471/1415 1157/1470/1414 1158/1472/1416
f 1155/1473/1417 1159/1474/1418 1156/1475/1419
f 1156/1475/1419 1159/1474/1418 1157/1476/1420
f 1157/1476/1420 1159/1474/1418 1160/1477/1421
f 1157/1476/1420 1160/1477/1421 1163/1478/1422
f 1163/1478/1422 1160/1477/1421 1162/1479/1423
f 1162/1479/1423 1160/1477/1421 1161/1480/1424
f 1164/1481/1425 1165/1482/1426 1163/1478/1422
f 1163/1478/1422 1165/1482/1426 1166/1483/1427
f 1163/1478/1422 1166/1483/1427 1157/1476/1420
f 1157/1476/1420 1166/1483/1427 1167/1484/1428
f 1168/1485/1429 1169/1486/1430 1161/1487/1431
f 1161/1487/1431 1169/1486/1430 1162/1488/1432
f 1161/1489/1433 1160/1490/1434 1168/1491/1435
f 1168/1491/1435 1160/1490/1434 1170/1492/1436
f 1171/1493/1437 1172/1494/1438 1164/1495/1439
f 1164/1495/1439 1172/1494/1438 1165/1496/1440
f 1172/1497/1441 1173/1498/1442 1165/1499/1443
f 1165/1499/1443 1173/1498/1442 1166/1500/1444
f 1173/1501/1445 1174/1502/1446 1166/1503/1447
f 1166/1503/1447 1174/1502/1446 1167/1504/1448
f 1176/1505/1449 1177/1506/1450 1175/1507/1451
f 1175/1507/1451 1177/1506/1450 1178/1508/1452
f 1175/1509/1453 1179/1510/1454 1191/1511/1455
f 1191/1511/1455 1179/1510/1454 1180/1512/1456
f 1191/1511/1455 1180/1512/1456 1190/1513/1457
f 1190/1513/1457 1180/1512/1456 1181/1514/1458
f 1190/1513/1457 1181/1514/1458 1189/1515/1459
f 1189/1515/1459 1181/1514/1458 1182/1516/1460
f 1189/1515/1459 1182/1516/1460 1188/1517/1461
f 1188/1517/1461 1182/1516/1460 1183/1518/1462
f 1188/1517/1461 1183/1518/1462 1187/1519/1463
f 1187/1519/1463 1183/1518/1462 1184/1520/1464
f 1187/1519/1463 1184/1520/1464 1186/1521/1465
f 1186/1521/1465 1184/1520/1464 1159/1522/1466
f 1186/1521/1465 1159/1522/1466 1185/1523/1467
f 1180/1524/1468 1179/1525/1469 1199/1526/1470
f 1199/1526/1470 1179/1525/1469 1192/1527/1471
f 1199/1526/1470 1192/1527/1471 1198/1528/1472
f 1198/1528/1472 1192/1527/1471 1193/1529/1473
f 1198/1528/1472 1193/1529/1473 1200/1530/1474
f 1200/1530/1474 1193/1529/1473 1194/1531/1475
f 1200/1530/1474 1194/1531/1475 1202/1532/1476
f 1202/1532/1476 1194/1531/1475 1195/1533/1477
f 1202/1532/1476 1195/1533/1477 1204/1534/1478
f 1204/1534/1478 1195/1533/1477 1196/1535/1479
f 1204/1534/1478 1196/1535/1479 1206/1536/1480
f 1206/1536/1480 1196/1535/1479 1197/1537/1481
f 1206/1536/1480 1197/1537/1481 1160/1538/1421
f 1160/1538/1421 1159/1539/1418 1206/1536/1480
f 1206/1536/1480 1159/1539/1418 1207/1540/1482
f 1206/1536/1480 1207/1540/1482 1204/1534/1478
f 1204/1534/1478 1207/1540/1482 1205/1541/1483
f 1204/1534/1478 1205/1541/1483 1202/1532/1476
f 1202/1532/1476 1205/1541/1483 1203/1542/1484
f 1202/1532/1476 1203/1542/1484 1200/1530/1474
f 1200/1530/1474 1203/1542/1484 1201/1543/1485
f 1200/1530/1474 1201/1543/1485 1198/1528/1472
f 1198/1528/1472 1201/1543/1485 1199/1526/1470
f 1159/1539/1418 1184/1544/1486 1207/1540/1482
f 1207/1540/1482 1184/1544/1486 1205/1541/1483
f 1184/1544/1486 1183/1545/1487 1205/1541/1483
f 1205/1541/1483 1183/1545/1487 1203/1542/1484
f 1183/1545/1487 1182/1546/1488 1203/1542/1484
f 1203/1542/1484 1182/1546/1488 1201/1543/1485
f 1182/1546/1488 1181/1547/1489 1201/1543/1485
f 1201/1543/1485 1181/1547/1489 1199/1526/1470
f 1181/1547/1489 1180/1524/1468 1199/1526/1470
f 1192/1548/1490 1208/1549/1491 1176/1550/1492
f 1176/1550/1492 1208/1549/1491 1177/1551/1493
f 1175/1552/1453 1178/1553/1494 1179/1554/1454
f 1179/1554/1454 1178/1553/1494 1209/1555/1495
f 1176/1556/1449 1175/1557/1451 1215/1558/1496
f 1215/1558/1496 1175/1557/1451 1191/1559/1497
f 1215/1558/1496 1191/1559/1497 1214/1560/1498
f 1214/1560/1498 1191/1559/1497 1190/1561/1499
f 1214/1560/1498 1190/1561/1499 1213/1562/1500
f 1213/1562/1500 1190/1561/1499 1189/1563/1501
f 1213/1562/1500 1189/1563/1501 1212/1564/1502
f 1212/1564/1502 1189/1563/1501 1188/1565/1503
f 1212/1564/1502 1188/1565/1503 1211/1566/1504
f 1211/1566/1504 1188/1565/1503 1187/1567/1505
f 1211/1566/1504 1187/1567/1505 1210/1568/1506
f 1210/1568/1506 1187/1567/1505 1186/1569/1507
f 1210/1568/1506 1186/1569/1507 1170/1570/1508
f 1170/1570/1508 1186/1569/1507 1185/1571/1509
f 1164/1572/1510 1163/1573/1511 1171/1574/1512
f 1171/1574/1512 1163/1573/1511 1216/1575/1513
f 1174/1576/1514 1158/1577/1515 1167/1578/1516
f 1167/1578/1516 1158/1577/1515 1157/1579/1517
f 1179/1580/1469 1209/1581/1518 1192/1582/1471
f 1192/1582/1471 1209/1581/1518 1208/1583/1519
f 1178/1584/1520 1177/1585/1521 1209/1586/1522
f 1209/1586/1522 1177/1585/1521 1208/1587/1523
f 1176/1588/1492 1215/1589/1524 1192/1590/1490
f 1192/1590/1490 1215/1589/1524 1193/1591/1525
f 1193/1591/1525 1215/1589/1524 1214/1592/1526
f 1193/1591/1525 1214/1592/1526 1194/1593/1527
f 1194/1593/1527 1214/1592/1526 1213/1594/1528
f 1194/1593/1527 1213/1594/1528 1195/1595/1529
f 1195/1595/1529 1213/1594/1528 1212/1596/1530
f 1195/1595/1529 1212/1596/1530 1196/1597/1531
f 1196/1597/1531 1212/1596/1530 1211/1598/1532
f 1196/1597/1531 1211/1598/1532 1197/1599/1533
f 1197/1599/1533 1211/1598/1532 1210/1600/1534
f 1197/1599/1533 1210/1600/1534 1160/1601/1434
f 1160/1601/1434 1210/1600/1534 1170/1602/1436
f 1169/1603/1535 1216/1604/1536 1162/1605/1537
f 1162/1605/1537 1216/1604/1536 1163/1606/1538
f 1154/1607/1539 1185/1608/1467 1155/1609/1540
f 1155/1609/1540 1185/1608/1467 1159/1610/1466
f 1154/1611/1541 1153/1612/1542 1185/1613/1509
f 1185/1613/1509 1153/1612/1542 1158/1614/1543
f 1185/1613/1509 1158/1614/1543 1170/1615/1508
f 1170/1615/1508 1158/1614/1543 1216/1616/1544
f 1170/1615/1508 1216/1616/1544 1169/1617/1545
f 1174/1618/1546 1173/1619/1547 1158/1614/1543
f 1158/1614/1543 1173/1619/1547 1216/1616/1544
f 1173/1619/1547 1172/1620/1548 1216/1616/1544
f 1216/1616/1544 1172/1620/1548 1171/1621/1549
f 1169/1617/1545 1168/1622/1550 1170/1615/1508
g Body3

v -3.934919 -2.039919 0.000000
v -3.934919 -1.839919 0.200000
v -3.684919 -1.839919 0.200000
v -3.684919 -2.039919 0.000000
v -3.684919 -2.274919 0.000000
v -3.934919 -2.274919 0.000000
v -3.684919 -1.839919 2.093066
v -3.684919 -3.239919 2.093066
v -3.684919 -3.239919 0.200000
v -3.684919 -3.039919 0.000000
v -3.684919 -2.804919 0.000000
v -3.684919 -2.804919 -3.300000
v -3.684919 -2.604919 -3.500000
v -3.684919 -2.474919 -3.500000
v -3.684919 -2.274919 -3.300000
v -3.934919 -3.239919 0.200000
v -3.934919 -3.039919 0.000000
v -3.934919 -3.239919 2.093066
v -3.934919 -2.804919 -3.300000
v -3.934919 -2.604919 -3.500000
v -3.934919 -2.474919 -3.500000
v -3.934919 -2.274919 -3.300000
v -3.584919 -1.839919 2.443066
v -3.584919 -3.239919 2.443066
v -1.007853 -3.239919 2.443066
v -1.007853 -1.839919 2.443066
v -3.584919 -1.839919 2.193066
v -3.610801 -1.839919 2.189659
v -3.634919 -1.839919 2.179669
v -3.655630 -1.839919 2.163777
v -3.671522 -1.839919 2.143066
v -3.681512 -1.839919 2.118948
v -3.934919 -1.839919 2.093066
v -3.926144 -1.839919 2.170949
v -3.900258 -1.839919 2.244926
v -3.858560 -1.839919 2.311288
v -3.803141 -1.839919 2.366707
v -3.736779 -1.839919 2.408405
v -3.662802 -1.839919 2.434291
v -3.584919 -3.239919 2.193066
v -3.610801 -3.239919 2.189659
v -3.634919 -3.239919 2.179669
v -3.655630 -3.239919 2.163777
v -3.671522 -3.239919 2.143066
v -3.681512 -3.239919 2.118948
v -3.610801 -2.773253 2.189659
v -3.610801 -2.306586 2.189659
v -3.634919 -2.773253 2.179669
v -3.634919 -2.306586 2.179669
v -3.655630 -2.773253 2.163777
v -3.655630 -2.306586 2.163777
v -3.671522 -2.773253 2.143066
v -3.671522 -2.306586 2.143066
v -3.681512 -2.773253 2.118948
v -3.681512 -2.306586 2.118948
v -1.007853 -3.239919 2.193066
v -1.007853 -1.839919 2.193066
v -3.926144 -3.239919 2.170949
v -3.900258 -3.239919 2.244926
v -3.858560 -3.239919 2.311288
v -3.803141 -3.239919 2.366707
v -3.736779 -3.239919 2.408405
v -3.662802 -3.239919 2.434291
v -3.934919 -2.804919 0.000000
vt 0.014142 0.012500 0.000000
vt -0.014142 0.012500 0.000000
vt 0.014142 -0.012500 0.000000
vt -0.014142 -0.012500 0.000000
vt 0.020000 -0.012500 0.000000
vt 0.043500 -0.012500 0.000000
vt 0.020000 0.012500 0.000000
vt 0.043500 0.012500 0.000000
vt 0.230000 0.070000 0.000000
vt 0.040693 0.070000 0.000000
vt 0.250000 0.050000 0.000000
vt 0.250000 0.026500 0.000000
vt 0.040693 -0.070000 0.000000
vt 0.250000 -0.026500 0.000000
vt 0.250000 -0.050000 0.000000
vt 0.230000 -0.070000 0.000000
vt 0.580000 -0.026500 0.000000
vt 0.600000 -0.006500 0.000000
vt 0.600000 0.006500 0.000000
vt 0.580000 0.026500 0.000000
vt 0.014142 0.012500 0.000000
vt -0.014142 0.012500 0.000000
vt 0.014142 -0.012500 0.000000
vt -0.014142 -0.012500 0.000000
vt 0.020000 -0.012500 0.000000
vt 0.209307 -0.012500 0.000000
vt 0.020000 0.012500 0.000000
vt 0.209307 0.012500 0.000000
vt 0.014142 0.012500 0.000000
vt -0.014142 0.012500 0.000000
vt 0.014142 -0.012500 0.000000
vt -0.014142 -0.012500 0.000000
vt 0.033000 0.012500 0.000000
vt 0.020000 0.012500 0.000000
vt 0.033000 -0.012500 0.000000
vt 0.020000 -0.012500 0.000000
vt 0.014142 0.012500 0.000000
vt -0.014142 0.012500 0.000000
vt 0.014142 -0.012500 0.000000
vt -0.014142 -0.012500 0.000000
vt -0.007707 -0.070000 0.000000
vt 0.250000 -0.070000 0.000000
vt -0.007707 0.070000 0.000000
vt 0.250000 0.070000 0.000000
vt -0.025000 0.000000 0.000000
vt 0.000000 0.000000 0.000000
vt -0.024122 0.007788 0.000000
vt 0.000341 0.002588 0.000000
vt -0.021534 0.015186 0.000000
vt 0.001340 0.005000 0.000000
vt -0.017364 0.021822 0.000000
vt 0.002929 0.007071 0.000000
vt -0.011822 0.027364 0.000000
vt 0.005000 0.008660 0.000000
vt -0.005186 0.031534 0.000000
vt 0.007412 0.009659 0.000000
vt 0.002212 0.034122 0.000000
vt 0.010000 0.010000 0.000000
vt 0.010000 0.035000 0.000000
vt 0.070000 0.013090 0.000000
vt 0.070000 0.015708 0.000000
vt 0.023333 0.013090 0.000000
vt -0.070000 0.015708 0.000000
vt -0.023333 0.013090 0.000000
vt -0.070000 0.013090 0.000000
vt -0.023333 0.010472 0.000000
vt -0.070000 0.010472 0.000000
vt -0.023333 0.007854 0.000000
vt -0.070000 0.007854 0.000000
vt -0.023333 0.005236 0.000000
vt -0.070000 0.005236 0.000000
vt -0.023333 0.002618 0.000000
vt -0.070000 0.002618 0.000000
vt -0.070000 0.000000 0.000000
vt 0.070000 0.000000 0.000000
vt 0.023333 0.002618 0.000000
vt 0.023333 0.005236 0.000000
vt 0.023333 0.007854 0.000000
vt 0.023333 0.010472 0.000000
vt 0.070000 0.002618 0.000000
vt 0.070000 0.005236 0.000000
vt 0.070000 0.007854 0.000000
vt 0.070000 0.010472 0.000000
vt 0.242293 -0.012500 0.000000
vt 0.500000 -0.012500 0.000000
vt 0.242293 0.012500 0.000000
vt 0.500000 0.012500 0.000000
vt 0.257707 0.012500 0.000000
vt -0.000000 0.012500 0.000000
vt 0.257707 -0.012500 0.000000
vt 0.000000 -0.012500 0.000000
vt 0.070000 0.054978 0.000000
vt -0.070000 0.054978 0.000000
vt 0.070000 0.047124 0.000000
vt -0.070000 0.047124 0.000000
vt 0.070000 0.039270 0.000000
vt -0.070000 0.039270 0.000000
vt 0.070000 0.031416 0.000000
vt -0.070000 0.031416 0.000000
vt 0.070000 0.023562 0.000000
vt -0.070000 0.023562 0.000000
vt 0.070000 0.015708 0.000000
vt -0.070000 0.015708 0.000000
vt 0.070000 0.007854 0.000000
vt -0.070000 0.007854 0.000000
vt 0.070000 0.000000 0.000000
vt -0.070000 0.000000 0.000000
vt 0.020000 -0.012500 0.000000
vt 0.350000 -0.012500 0.000000
vt 0.020000 0.012500 0.000000
vt 0.350000 0.012500 0.000000
vt 0.330000 0.012500 0.000000
vt 0.000000 0.012500 0.000000
vt 0.330000 -0.012500 0.000000
vt 0.000000 -0.012500 0.000000
vt 0.007707 0.070000 0.000000
vt -0.250000 0.070000 0.000000
vt 0.007707 -0.070000 0.000000
vt -0.250000 -0.070000 0.000000
vt 0.140000 0.012500 0.000000
vt 0.000000 0.012500 0.000000
vt 0.140000 -0.012500 0.000000
vt 0.000000 -0.012500 0.000000
vt -0.000000 0.000000 0.000000
vt -0.000878 0.007788 0.000000
vt -0.025000 0.000000 0.000000
vt -0.025341 0.002588 0.000000
vt -0.003466 0.015186 0.000000
vt -0.026340 0.005000 0.000000
vt -0.007636 0.021822 0.000000
vt -0.027929 0.007071 0.000000
vt -0.013178 0.027364 0.000000
vt -0.030000 0.008660 0.000000
vt -0.019814 0.031534 0.000000
vt -0.032412 0.009659 0.000000
vt -0.027212 0.034122 0.000000
vt -0.035000 0.010000 0.000000
vt -0.035000 0.035000 0.000000
vt 0.120000 0.012500 0.000000
vt 0.096500 0.012500 0.000000
vt 0.120000 -0.012500 0.000000
vt 0.096500 -0.012500 0.000000
vt 0.480000 0.012500 0.000000
vt 0.290693 0.012500 0.000000
vt 0.480000 -0.012500 0.000000
vt 0.290693 -0.012500 0.000000
vt -0.230000 0.070000 0.000000
vt -0.250000 0.050000 0.000000
vt -0.040693 0.070000 0.000000
vt -0.250000 0.026500 0.000000
vt -0.040693 -0.070000 0.000000
vt -0.250000 -0.026500 0.000000
vt -0.250000 -0.050000 0.000000
vt -0.580000 0.026500 0.000000
vt -0.600000 0.006500 0.000000
vt -0.600000 -0.006500 0.000000
vt -0.580000 -0.026500 0.000000
vt -0.230000 -0.070000 0.000000
vn -0.000000 0.070711 -0.070711
vn -0.000000 0.070711 -0.070711
vn -0.000000 0.070711 -0.070711
vn -0.000000 0.070711 -0.070711
vn -0.000000 0.000000 -0.100000
vn -0.000000 0.000000 -0.100000
vn -0.000000 0.000000 -0.100000
vn -0.000000 0.000000 -0.100000
vn 0.100000 0.000000 0.000000
vn 0.100000 0.000000 0.000000
vn 0.100000 0.000000 0.000000
vn 0.100000 0.000000 0.000000
vn 0.100000 0.000000 0.000000
vn 0.100000 0.000000 0.000000
vn 0.100000 0.000000 0.000000
vn 0.100000 0.000000 0.000000
vn 0.100000 0.000000 0.000000
vn 0.100000 0.000000 0.000000
vn 0.100000 0.000000 0.000000
vn 0.100000 0.000000 0.000000
vn 0.000000 -0.070711 -0.070711
vn 0.000000 -0.070711 -0.070711
vn 0.000000 -0.070711 -0.070711
vn 0.000000 -0.070711 -0.070711
vn 0.000000 -0.100000 -0.000000
vn 0.000000 -0.100000 -0.000000
vn 0.000000 -0.100000 -0.000000
vn 0.000000 -0.100000 -0.000000
vn 0.000000 -0.070711 -0.070711
vn 0.000000 -0.070711 -0.070711
vn 0.000000 -0.070711 -0.070711
vn 0.000000 -0.070711 -0.070711
vn -0.000000 0.000000 -0.100000
vn -0.000000 0.000000 -0.100000
vn -0.000000 0.000000 -0.100000
vn -0.000000 0.000000 -0.100000
vn -0.000000 0.070711 -0.070711
vn -0.000000 0.070711 -0.070711
vn -0.000000 0.070711 -0.070711
vn -0.000000 0.070711 -0.070711
vn -0.000000 -0.000000 0.100000
vn -0.000000 -0.000000 0.100000
vn -0.000000 -0.000000 0.100000
vn -0.000000 -0.000000 0.100000
vn -0.000000 0.100000 0.000000
vn -0.000000 0.100000 0.000000
vn -0.000000 0.100000 0.000000
vn -0.000000 0.100000 0.000000
vn -0.000000 0.100000 0.000000
vn -0.000000 0.100000 0.000000
vn -0.000000 0.100000 0.000000
vn -0.000000 0.100000 0.000000
vn -0.000000 0.100000 0.000000
vn -0.000000 0.100000 0.000000
vn -0.000000 0.100000 0.000000
vn -0.000000 0.100000 0.000000
vn -0.000000 0.100000 0.000000
vn -0.000000 0.100000 0.000000
vn -0.000000 0.100000 0.000000
vn 0.025882 0.000000 -0.096593
vn 0.000000 0.000000 -0.100000
vn 0.025882 0.000000 -0.096593
vn 0.000000 0.000000 -0.100000
vn 0.025882 0.000000 -0.096593
vn 0.025882 0.000000 -0.096593
vn 0.050000 0.000000 -0.086603
vn 0.050000 0.000000 -0.086603
vn 0.070711 0.000000 -0.070711
vn 0.070711 0.000000 -0.070711
vn 0.086603 0.000000 -0.050000
vn 0.086603 0.000000 -0.050000
vn 0.096593 0.000000 -0.025882
vn 0.096593 0.000000 -0.025882
vn 0.096593 0.000000 -0.025882
vn 0.086603 0.000000 -0.050000
vn 0.070711 0.000000 -0.070711
vn 0.050000 0.000000 -0.086603
vn 0.096593 0.000000 -0.025882
vn 0.086603 0.000000 -0.050000
vn 0.070711 0.000000 -0.070711
vn 0.050000 0.000000 -0.086603
vn 0.000000 -0.100000 -0.000000
vn 0.000000 -0.100000 -0.000000
vn 0.000000 -0.100000 -0.000000
vn 0.000000 -0.100000 -0.000000
vn -0.000000 0.100000 0.000000
vn -0.000000 0.100000 0.000000
vn -0.022252 -0.000000 0.097493
vn -0.022252 -0.000000 0.097493
vn -0.043388 -0.000000 0.090097
vn -0.043388 -0.000000 0.090097
vn -0.062349 -0.000000 0.078183
vn -0.062349 -0.000000 0.078183
vn -0.078183 -0.000000 0.062349
vn -0.078183 -0.000000 0.062349
vn -0.090097 -0.000000 0.043388
vn -0.090097 -0.000000 0.043388
vn -0.097493 -0.000000 0.022252
vn -0.097493 -0.000000 0.022252
vn -0.100000 -0.000000 -0.000000
vn -0.100000 -0.000000 0.000000
vn 0.000000 -0.100000 -0.000000
vn 0.000000 -0.100000 -0.000000
vn 0.000000 -0.100000 -0.000000
vn 0.000000 -0.100000 -0.000000
vn -0.000000 0.100000 0.000000
vn -0.000000 0.100000 0.000000
vn -0.000000 0.100000 0.000000
vn -0.000000 0.100000 0.000000
vn 0.000000 0.000000 -0.100000
vn 0.000000 0.000000 -0.100000
vn 0.100000 0.000000 0.000000
vn 0.100000 0.000000 0.000000
vn 0.100000 0.000000 0.000000
vn 0.100000 0.000000 0.000000
vn 0.000000 -0.100000 -0.000000
vn 0.000000 -0.100000 -0.000000
vn 0.000000 -0.100000 -0.000000
vn 0.000000 -0.100000 -0.000000
vn 0.000000 -0.100000 -0.000000
vn 0.000000 -0.100000 -0.000000
vn 0.000000 -0.100000 -0.000000
vn 0.000000 -0.100000 -0.000000
vn 0.000000 -0.100000 -0.000000
vn 0.000000 -0.100000 -0.000000
vn 0.000000 -0.100000 -0.000000
vn -0.000000 0.000000 -0.100000
vn -0.000000 0.000000 -0.100000
vn -0.000000 0.000000 -0.100000
vn -0.000000 0.000000 -0.100000
vn -0.000000 0.100000 0.000000
vn -0.000000 0.100000 0.000000
vn -0.100000 -0.000000 -0.000000
vn -0.100000 -0.000000 -0.000000
vn -0.100000 -0.000000 -0.000000
vn -0.100000 -0.000000 -0.000000
vn -0.100000 -0.000000 -0.000000
vn -0.100000 -0.000000 -0.000000
vn -0.100000 -0.000000 -0.000000
vn -0.100000 -0.000000 -0.000000
vn -0.100000 -0.000000 -0.000000
vn -0.100000 -0.000000 -0.000000
f 1217/1623/1551 1218/1624/1552 1220/1625/1553
f 1220/1625/1553 1218/1624/1552 1219/1626/1554
f 1220/1627/1555 1221/1628/1556 1217/1629/1557
f 1217/1629/1557 1221/1628/1556 1222/1630/1558
f 1219/1631/1559 1223/1632/1560 1220/1633/1561
f 1220/1633/1561 1223/1632/1560 1221/1634/1562
f 1221/1634/1562 1223/1632/1560 1224/1635/1563
f 1221/1634/1562 1224/1635/1563 1227/1636/1564
f 1227/1636/1564 1224/1635/1563 1226/1637/1565
f 1226/1637/1565 1224/1635/1563 1225/1638/1566
f 1228/1639/1567 1229/1640/1568 1227/1636/1564
f 1227/1636/1564 1229/1640/1568 1230/1641/1569
f 1227/1636/1564 1230/1641/1569 1221/1634/1562
f 1221/1634/1562 1230/1641/1569 1231/1642/1570
f 1232/1643/1571 1233/1644/1572 1225/1645/1573
f 1225/1645/1573 1233/1644/1572 1226/1646/1574
f 1225/1647/1575 1224/1648/1576 1232/1649/1577
f 1232/1649/1577 1224/1648/1576 1234/1650/1578
f 1235/1651/1579 1236/1652/1580 1228/1653/1581
f 1228/1653/1581 1236/1652/1580 1229/1654/1582
f 1236/1655/1583 1237/1656/1584 1229/1657/1585
f 1229/1657/1585 1237/1656/1584 1230/1658/1586
f 1237/1659/1587 1238/1660/1588 1230/1661/1589
f 1230/1661/1589 1238/1660/1588 1231/1662/1590
f 1240/1663/1591 1241/1664/1592 1239/1665/1593
f 1239/1665/1593 1241/1664/1592 1242/1666/1594
f 1239/1667/1595 1243/1668/1596 1255/1669/1597
f 1255/1669/1597 1243/1668/1596 1244/1670/1598
f 1255/1669/1597 1244/1670/1598 1254/1671/1599
f 1254/1671/1599 1244/1670/1598 1245/1672/1600
f 1254/1671/1599 1245/1672/1600 1253/1673/1601
f 1253/1673/1601 1245/1672/1600 1246/1674/1602
f 1253/1673/1601 1246/1674/1602 1252/1675/1603
f 1252/1675/1603 1246/1674/1602 1247/1676/1604
f 1252/1675/1603 1247/1676/1604 1251/1677/1605
f 1251/1677/1605 1247/1676/1604 1248/1678/1606
f 1251/1677/1605 1248/1678/1606 1250/1679/1607
f 1250/1679/1607 1248/1678/1606 1223/1680/1608
f 1250/1679/1607 1223/1680/1608 1249/1681/1609
f 1244/1682/1610 1243/1683/1611 1263/1684/1612
f 1263/1684/1612 1243/1683/1611 1256/1685/1613
f 1263/1684/1612 1256/1685/1613 1262/1686/1614
f 1262/1686/1614 1256/1685/1613 1257/1687/1615
f 1262/1686/1614 1257/1687/1615 1264/1688/1616
f 1264/1688/1616 1257/1687/1615 1258/1689/1617
f 1264/1688/1616 1258/1689/1617 1266/1690/1618
f 1266/1690/1618 1258/1689/1617 1259/1691/1619
f 1266/1690/1618 1259/1691/1619 1268/1692/1620
f 1268/1692/1620 1259/1691/1619 1260/1693/1621
f 1268/1692/1620 1260/1693/1621 1270/1694/1622
f 1270/1694/1622 1260/1693/1621 1261/1695/1623
f 1270/1694/1622 1261/1695/1623 1224/1696/1563
f 1224/1696/1563 1223/1697/1560 1270/1694/1622
f 1270/1694/1622 1223/1697/1560 1271/1698/1624
f 1270/1694/1622 1271/1698/1624 1268/1692/1620
f 1268/1692/1620 1271/1698/1624 1269/1699/1625
f 1268/1692/1620 1269/1699/1625 1266/1690/1618
f 1266/1690/1618 1269/1699/1625 1267/1700/1626
f 1266/1690/1618 1267/1700/1626 1264/1688/1616
f 1264/1688/1616 1267/1700/1626 1265/1701/1627
f 1264/1688/1616 1265/1701/1627 1262/1686/1614
f 1262/1686/1614 1265/1701/1627 1263/1684/1612
f 1223/1697/1560 1248/1702/1628 1271/1698/1624
f 1271/1698/1624 1248/1702/1628 1269/1699/1625
f 1248/1702/1628 1247/1703/1629 1269/1699/1625
f 1269/1699/1625 1247/1703/1629 1267/1700/1626
f 1247/1703/1629 1246/1704/1630 1267/1700/1626
f 1267/1700/1626 1246/1704/1630 1265/1701/1627
f 1246/1704/1630 1245/1705/1631 1265/1701/1627
f 1265/1701/1627 1245/1705/1631 1263/1684/1612
f 1245/1705/1631 1244/1682/1610 1263/1684/1612
f 1256/1706/1632 1272/1707/1633 1240/1708/1634
f 1240/1708/1634 1272/1707/1633 1241/1709/1635
f 1239/1710/1595 1242/1711/1636 1243/1712/1596
f 1243/1712/1596 1242/1711/1636 1273/1713/1637
f 1240/1714/1591 1239/1715/1593 1279/1716/1638
f 1279/1716/1638 1239/1715/1593 1255/1717/1639
f 1279/1716/1638 1255/1717/1639 1278/1718/1640
f 1278/1718/1640 1255/1717/1639 1254/1719/1641
f 1278/1718/1640 1254/1719/1641 1277/1720/1642
f 1277/1720/1642 1254/1719/1641 1253/1721/1643
f 1277/1720/1642 1253/1721/1643 1276/1722/1644
f 1276/1722/1644 1253/1721/1643 1252/1723/1645
f 1276/1722/1644 1252/1723/1645 1275/1724/1646
f 1275/1724/1646 1252/1723/1645 1251/1725/1647
f 1275/1724/1646 1251/1725/1647 1274/1726/1648
f 1274/1726/1648 1251/1725/1647 1250/1727/1649
f 1274/1726/1648 1250/1727/1649 1234/1728/1650
f 1234/1728/1650 1250/1727/1649 1249/1729/1651
f 1228/1730/1652 1227/1731/1653 1235/1732/1654
f 1235/1732/1654 1227/1731/1653 1280/1733/1655
f 1238/1734/1656 1222/1735/1657 1231/1736/1658
f 1231/1736/1658 1222/1735/1657 1221/1737/1659
f 1243/1738/1611 1273/1739/1660 1256/1740/1613
f 1256/1740/1613 1273/1739/1660 1272/1741/1661
f 1242/1742/1662 1241/1743/1663 1273/1744/1664
f 1273/1744/1664 1241/1743/1663 1272/1745/1665
f 1240/1746/1634 1279/1747/1666 1256/1748/1632
f 1256/1748/1632 1279/1747/1666 1257/1749/1667
f 1257/1749/1667 1279/1747/1666 1278/1750/1668
f 1257/1749/1667 1278/1750/1668 1258/1751/1669
f 1258/1751/1669 1278/1750/1668 1277/1752/1670
f 1258/1751/1669 1277/1752/1670 1259/1753/1671
f 1259/1753/1671 1277/1752/1670 1276/1754/1672
f 1259/1753/1671 1276/1754/1672 1260/1755/1673
f 1260/1755/1673 1276/1754/1672 1275/1756/1674
f 1260/1755/1673 1275/1756/1674 1261/1757/1675
f 1261/1757/1675 1275/1756/1674 1274/1758/1676
f 1261/1757/1675 1274/1758/1676 1224/1759/1576
f 1224/1759/1576 1274/1758/1676 1234/1760/1578
f 1233/1761/1677 1280/1762/1678 1226/1763/1679
f 1226/1763/1679 1280/1762/1678 1227/1764/1680
f 1218/1765/1681 1249/1766/1609 1219/1767/1682
f 1219/1767/1682 1249/1766/1609 1223/1768/1608
f 1218/1769/1683 1217/1770/1684 1249/1771/1651
f 1249/1771/1651 1217/1770/1684 1222/1772/1685
f 1249/1771/1651 1222/1772/1685 1234/1773/1650
f 1234/1773/1650 1222/1772/1685 1280/1774/1686
f 1234/1773/1650 1280/1774/1686 1233/1775/1687
f 1238/1776/1688 1237/1777/1689 1222/1772/1685
f 1222/1772/1685 1237/1777/1689 1280/1774/1686
f 1237/1777/1689 1236/1778/1690 1280/1774/1686
f 1280/1774/1686 1236/1778/1690 1235/1779/1691
f 1233/1775/1687 1232/1780/1692 1234/1773/1650
g Body4

v -3.934919 5.580081 0.000000
v -3.934919 5.780081 0.200000
v -3.684919 5.780081 0.200000
v -3.684919 5.580081 0.000000
v -3.684919 5.345081 0.000000
v -3.934919 5.345081 0.000000
v -3.684919 5.780081 2.093066
v -3.684919 4.380081 2.093066
v -3.684919 4.380081 0.200000
v -3.684919 4.580081 0.000000
v -3.684919 4.815081 0.000000
v -3.684919 4.815081 -3.300000
v -3.684919 5.015081 -3.500000
v -3.684919 5.145081 -3.500000
v -3.684919 5.345081 -3.300000
v -3.934919 4.380081 0.200000
v -3.934919 4.580081 0.000000
v -3.934919 4.380081 2.093066
v -3.934919 4.815081 -3.300000
v -3.934919 5.015081 -3.500000
v -3.934919 5.145081 -3.500000
v -3.934919 5.345081 -3.300000
v -3.584919 5.780081 2.443066
v -3.584919 4.380081 2.443066
v -1.007853 4.380081 2.443066
v -1.007853 5.780081 2.443066
v -3.584919 5.780081 2.193066
v -3.610801 5.780081 2.189659
v -3.634919 5.780081 2.179669
v -3.655630 5.780081 2.163777
v -3.671522 5.780081 2.143066
v -3.681512 5.780081 2.118948
v -3.934919 5.780081 2.093066
v -3.926144 5.780081 2.170949
v -3.900258 5.780081 2.244926
v -3.858560 5.780081 2.311288
v -3.803141 5.780081 2.366707
v -3.736779 5.780081 2.408405
v -3.662802 5.780081 2.434291
v -3.584919 4.380081 2.193066
v -3.610801 4.380081 2.189659
v -3.634919 4.380081 2.179669
v -3.655630 4.380081 2.163777
v -3.671522 4.380081 2.143066
v -3.681512 4.380081 2.118948
v -3.610801 4.846747 2.189659
v -3.610801 5.313414 2.189659
v -3.634919 4.846747 2.179669
v -3.634919 5.313414 2.179669
v -3.655630 4.846747 2.163777
v -3.655630 5.313414 2.163777
v -3.671522 4.846747 2.143066
v -3.671522 5.313414 2.143066
v -3.681512 4.846747 2.118948
v -3.681512 5.313414 2.118948
v -1.007853 4.380081 2.193066
v -1.007853 5.780081 2.193066
v -3.926144 4.380081 2.170949
v -3.900258 4.380081 2.244926
v -3.858560 4.380081 2.311288
v -3.803141 4.380081 2.366707
v -3.736779 4.380081 2.408405
v -3.662802 4.380081 2.434291
v -3.934919 4.815081 0.000000
vt 0.014142 0.012500 0.000000
vt -0.014142 0.012500 0.000000
vt 0.014142 -0.012500 0.000000
vt -0.014142 -0.012500 0.000000
vt 0.020000 -0.012500 0.000000
vt 0.043500 -0.012500 0.000000
vt 0.020000 0.012500 0.000000
vt 0.043500 0.012500 0.000000
vt 0.230000 0.070000 0.000000
vt 0.040693 0.070000 0.000000
vt 0.250000 0.050000 0.000000
vt 0.250000 0.026500 0.000000
vt 0.040693 -0.070000 0.000000
vt 0.250000 -0.026500 0.000000
vt 0.250000 -0.050000 0.000000
vt 0.230000 -0.070000 0.000000
vt 0.580000 -0.026500 0.000000
vt 0.600000 -0.006500 0.000000
vt 0.600000 0.006500 0.000000
vt 0.580000 0.026500 0.000000
vt 0.014142 0.012500 0.000000
vt -0.014142 0.012500 0.000000
vt 0.014142 -0.012500 0.000000
vt -0.014142 -0.012500 0.000000
vt 0.020000 -0.012500 0.000000
vt 0.209307 -0.012500 0.000000
vt 0.020000 0.012500 0.000000
vt 0.209307 0.012500 0.000000
vt 0.014142 0.012500 0.000000
vt -0.014142 0.012500 0.000000
vt 0.014142 -0.012500 0.000000
vt -0.014142 -0.012500 0.000000
vt 0.033000 0.012500 0.000000
vt 0.020000 0.012500 0.000000
vt 0.033000 -0.012500 0.000000
vt 0.020000 -0.012500 0.000000
vt 0.014142 0.012500 0.000000
vt -0.014142 0.012500 0.000000
vt 0.014142 -0.012500 0.000000
vt -0.014142 -0.012500 0.000000
vt -0.007707 -0.070000 0.000000
vt 0.250000 -0.070000 0.000000
vt -0.007707 0.070000 0.000000
vt 0.250000 0.070000 0.000000
vt -0.025000 0.000000 0.000000
vt 0.000000 0.000000 0.000000
vt -0.024122 0.007788 0.000000
vt 0.000341 0.002588 0.000000
vt -0.021534 0.015186 0.000000
vt 0.001340 0.005000 0.000000
vt -0.017364 0.021822 0.000000
vt 0.002929 0.007071 0.000000
vt -0.011822 0.027364 0.000000
vt 0.005000 0.008660 0.000000
vt -0.005186 0.031534 0.000000
vt 0.007412 0.009659 0.000000
vt 0.002212 0.034122 0.000000
vt 0.010000 0.010000 0.000000
vt 0.010000 0.035000 0.000000
vt 0.070000 0.013090 0.000000
vt 0.070000 0.015708 0.000000
vt 0.023333 0.013090 0.000000
vt -0.070000 0.015708 0.000000
vt -0.023333 0.013090 0.000000
vt -0.070000 0.013090 0.000000
vt -0.023333 0.010472 0.000000
vt -0.070000 0.010472 0.000000
vt -0.023333 0.007854 0.000000
vt -0.070000 0.007854 0.000000
vt -0.023333 0.005236 0.000000
vt -0.070000 0.005236 0.000000
vt -0.023333 0.002618 0.000000
vt -0.070000 0.002618 0.000000
vt -0.070000 0.000000 0.000000
vt 0.070000 0.000000 0.000000
vt 0.023333 0.002618 0.000000
vt 0.023333 0.005236 0.000000
vt 0.023333 0.007854 0.000000
vt 0.023333 0.010472 0.000000
vt 0.070000 0.002618 0.000000
vt 0.070000 0.005236 0.000000
vt 0.070000 0.007854 0.000000
vt 0.070000 0.010472 0.000000
vt 0.242293 -0.012500 0.000000
vt 0.500000 -0.012500 0.000000
vt 0.242293 0.012500 0.000000
vt 0.500000 0.012500 0.000000
vt 0.257707 0.012500 0.000000
vt -0.000000 0.012500 0.000000
vt 0.257707 -0.012500 0.000000
vt 0.000000 -0.012500 0.000000
vt 0.070000 0.054978 0.000000
vt -0.070000 0.054978 0.000000
vt 0.070000 0.047124 0.000000
vt -0.070000 0.047124 0.000000
vt 0.070000 0.039270 0.000000
vt -0.070000 0.039270 0.000000
vt 0.070000 0.031416 0.000000
vt -0.070000 0.031416 0.000000
vt 0.070000 0.023562 0.000000
vt -0.070000 0.023562 0.000000
vt 0.070000 0.015708 0.000000
vt -0.070000 0.015708 0.000000
vt 0.070000 0.007854 0.000000
vt -0.070000 0.007854 0.000000
vt 0.070000 0.000000 0.000000
vt -0.070000 0.000000 0.000000
vt 0.020000 -0.012500 0.000000
vt 0.350000 -0.012500 0.000000
vt 0.020000 0.012500 0.000000
vt 0.350000 0.012500 0.000000
vt 0.330000 0.012500 0.000000
vt 0.000000 0.012500 0.000000
vt 0.330000 -0.012500 0.000000
vt 0.000000 -0.012500 0.000000
vt 0.007707 0.070000 0.000000
vt -0.250000 0.070000 0.000000
vt 0.007707 -0.070000 0.000000
vt -0.250000 -0.070000 0.000000
vt 0.140000 0.012500 0.000000
vt 0.000000 0.012500 0.000000
vt 0.140000 -0.012500 0.000000
vt 0.000000 -0.012500 0.000000
vt -0.000000 0.000000 0.000000
vt -0.000878 0.007788 0.000000
vt -0.025000 0.000000 0.000000
vt -0.025341 0.002588 0.000000
vt -0.003466 0.015186 0.000000
vt -0.026340 0.005000 0.000000
vt -0.007636 0.021822 0.000000
vt -0.027929 0.007071 0.000000
vt -0.013178 0.027364 0.000000
vt -0.030000 0.008660 0.000000
vt -0.019814 0.031534 0.000000
vt -0.032412 0.009659 0.000000
vt -0.027212 0.034122 0.000000
vt -0.035000 0.010000 0.000000
vt -0.035000 0.035000 0.000000
vt 0.120000 0.012500 0.000000
vt 0.096500 0.012500 0.000000
vt 0.120000 -0.012500 0.000000
vt 0.096500 -0.012500 0.000000
vt 0.480000 0.012500 0.000000
vt 0.290693 0.012500 0.000000
vt 0.480000 -0.012500 0.000000
vt 0.290693 -0.012500 0.000000
vt -0.230000 0.070000 0.000000
vt -0.250000 0.050000 0.000000
vt -0.040693 0.070000 0.000000
vt -0.250000 0.026500 0.000000
vt -0.040693 -0.070000 0.000000
vt -0.250000 -0.026500 0.000000
vt -0.250000 -0.050000 0.000000
vt -0.580000 0.026500 0.000000
vt -0.600000 0.006500 0.000000
vt -0.600000 -0.006500 0.000000
vt -0.580000 -0.026500 0.000000
vt -0.230000 -0.070000 0.000000
vn -0.000000 0.070711 -0.070711
vn -0.000000 0.070711 -0.070711
vn -0.000000 0.070711 -0.070711
vn -0.000000 0.070711 -0.070711
vn -0.000000 0.000000 -0.100000
vn -0.000000 0.000000 -0.100000
vn -0.000000 0.000000 -0.100000
vn -0.000000 0.000000 -0.100000
vn 0.100000 0.000000 0.000000
vn 0.100000 0.000000 0.000000
vn 0.100000 0.000000 0.000000
vn 0.100000 0.000000 0.000000
vn 0.100000 0.000000 0.000000
vn 0.100000 0.000000 0.000000
vn 0.100000 0.000000 0.000000
vn 0.100000 0.000000 0.000000
vn 0.100000 0.000000 0.000000
vn 0.100000 0.000000 0.000000
vn 0.100000 0.000000 0.000000
vn 0.100000 0.000000 0.000000
vn 0.000000 -0.070711 -0.070711
vn 0.000000 -0.070711 -0.070711
vn 0.000000 -0.070711 -0.070711
vn 0.000000 -0.070711 -0.070711
vn 0.000000 -0.100000 -0.000000
vn 0.000000 -0.100000 -0.000000
vn 0.000000 -0.100000 -0.000000
vn 0.000000 -0.100000 -0.000000
vn 0.000000 -0.070711 -0.070711
vn 0.000000 -0.070711 -0.070711
vn 0.000000 -0.070711 -0.070711
vn 0.000000 -0.070711 -0.070711
vn -0.000000 0.000000 -0.100000
vn -0.000000 0.000000 -0.100000
vn -0.000000 0.000000 -0.100000
vn -0.000000 0.000000 -0.100000
vn -0.000000 0.070711 -0.070711
vn -0.000000 0.070711 -0.070711
vn -0.000000 0.070711 -0.070711
vn -0.000000 0.070711 -0.070711
vn -0.000000 -0.000000 0.100000
vn -0.000000 -0.000000 0.100000
vn -0.000000 -0.000000 0.100000
vn -0.000000 -0.000000 0.100000
vn -0.000000 0.100000 0.000000
vn -0.000000 0.100000 0.000000
vn -0.000000 0.100000 0.000000
vn -0.000000 0.100000 0.000000
vn -0.000000 0.100000 0.000000
vn -0.000000 0.100000 0.000000
vn -0.000000 0.100000 0.000000
vn -0.000000 0.100000 0.000000
vn -0.000000 0.100000 0.000000
vn -0.000000 0.100000 0.000000
vn -0.000000 0.100000 0.000000
vn -0.000000 0.100000 0.000000
vn -0.000000 0.100000 0.000000
vn -0.000000 0.100000 0.000000
vn -0.000000 0.100000 0.000000
vn 0.025882 0.000000 -0.096593
vn 0.000000 0.000000 -0.100000
vn 0.025882 0.000000 -0.096593
vn 0.000000 0.000000 -0.100000
vn 0.025882 0.000000 -0.096593
vn 0.025882 0.000000 -0.096593
vn 0.050000 0.000000 -0.086603
vn 0.050000 0.000000 -0.086603
vn 0.070711 0.000000 -0.070711
vn 0.070711 0.000000 -0.070711
vn 0.086603 0.000000 -0.050000
vn 0.086603 0.000000 -0.050000
vn 0.096593 0.000000 -0.025882
vn 0.096593 0.000000 -0.025882
vn 0.096593 0.000000 -0.025882
vn 0.086603 0.000000 -0.050000
vn 0.070711 0.000000 -0.070711
vn 0.050000 0.000000 -0.086603
vn 0.096593 0.000000 -0.025882
vn 0.086603 0.000000 -0.050000
vn 0.070711 0.000000 -0.070711
vn 0.050000 0.000000 -0.086603
vn 0.000000 -0.100000 -0.000000
vn 0.000000 -0.100000 -0.000000
vn 0.000000 -0.100000 -0.000000
vn 0.000000 -0.100000 -0.000000
vn -0.000000 0.100000 0.000000
vn -0.000000 0.100000 0.000000
vn -0.022252 -0.000000 0.097493
vn -0.022252 -0.000000 0.097493
vn -0.043388 -0.000000 0.090097
vn -0.043388 -0.000000 0.090097
vn -0.062349 -0.000000 0.078183
vn -0.062349 -0.000000 0.078183
vn -0.078183 -0.000000 0.062349
vn -0.078183 -0.000000 0.062349
vn -0.090097 -0.000000 0.043388
vn -0.090097 -0.000000 0.043388
vn -0.097493 -0.000000 0.022252
vn -0.097493 -0.000000 0.022252
vn -0.100000 -0.000000 -0.000000
vn -0.100000 -0.000000 0.000000
vn 0.000000 -0.100000 -0.000000
vn 0.000000 -0.100000 -0.000000
vn 0.000000 -0.100000 -0.000000
vn 0.000000 -0.100000 -0.000000
vn -0.000000 0.100000 0.000000
vn -0.000000 0.100000 0.000000
vn -0.000000 0.100000 0.000000
vn -0.000000 0.100000 0.000000
vn 0.000000 0.000000 -0.100000
vn 0.000000 0.000000 -0.100000
vn 0.100000 0.000000 0.000000
vn 0.100000 0.000000 0.000000
vn 0.100000 0.000000 0.000000
vn 0.100000 0.000000 0.000000
vn 0.000000 -0.100000 -0.000000
vn 0.000000 -0.100000 -0.000000
vn 0.000000 -0.100000 -0.000000
vn 0.000000 -0.100000 -0.000000
vn 0.000000 -0.100000 -0.000000
vn 0.000000 -0.100000 -0.000000
vn 0.000000 -0.100000 -0.000000
vn 0.000000 -0.100000 -0.000000
vn 0.000000 -0.100000 -0.000000
vn 0.000000 -0.100000 -0.000000
vn 0.000000 -0.100000 -0.000000
vn -0.000000 0.000000 -0.100000
vn -0.000000 0.000000 -0.100000
vn -0.000000 0.000000 -0.100000
vn -0.000000 0.000000 -0.100000
vn -0.000000 0.100000 0.000000
vn -0.000000 0.100000 0.000000
vn -0.100000 -0.000000 -0.000000
vn -0.100000 -0.000000 -0.000000
vn -0.100000 -0.000000 -0.000000
vn -0.100000 -0.000000 -0.000000
vn -0.100000 -0.000000 -0.000000
vn -0.100000 -0.000000 -0.000000
vn -0.100000 -0.000000 -0.000000
vn -0.100000 -0.000000 -0.000000
vn -0.100000 -0.000000 -0.000000
vn -0.100000 -0.000000 -0.000000
f 1281/1781/1693 1282/1782/1694 1284/1783/1695
f 1284/1783/1695 1282/1782/1694 1283/1784/1696
f 1284/1785/1697 1285/1786/1698 1281/1787/1699
f 1281/1787/1699 1285/1786/1698 1286/1788/1700
f 1283/1789/1701 1287/1790/1702 1284/1791/1703
f 1284/1791/1703 1287/1790/1702 1285/1792/1704
f 1285/1792/1704 1287/1790/1702 1288/1793/1705
f 1285/1792/1704 1288/1793/1705 1291/1794/1706
f 1291/1794/1706 1288/1793/1705 1290/1795/1707
f 1290/1795/1707 1288/1793/1705 1289/1796/1708
f 1292/1797/1709 1293/1798/1710 1291/1794/1706
f 1291/1794/1706 1293/1798/1710 1294/1799/1711
f 1291/1794/1706 1294/1799/1711 1285/1792/1704
f 1285/1792/1704 1294/1799/1711 1295/1800/1712
f 1296/1801/1713 1297/1802/1714 1289/1803/1715
f 1289/1803/1715 1297/1802/1714 1290/1804/1716
f 1289/1805/1717 1288/1806/1718 1296/1807/1719
f 1296/1807/1719 1288/1806/1718 1298/1808/1720
f 1299/1809/1721 1300/1810/1722 1292/1811/1723
f 1292/1811/1723 1300/1810/1722 1293/1812/1724
f 1300/1813/1725 1301/1814/1726 1293/1815/1727
f 1293/1815/1727 1301/1814/1726 1294/1816/1728
f 1301/1817/1729 1302/1818/1730 1294/1819/1731
f 1294/1819/1731 1302/1818/1730 1295/1820/1732
f 1304/1821/1733 1305/1822/1734 1303/1823/1735
f 1303/1823/1735 1305/1822/1734 1306/1824/1736
f 1303/1825/1737 1307/1826/1738 1319/1827/1739
f 1319/1827/1739 1307/1826/1738 1308/1828/1740
f 1319/1827/1739 1308/1828/1740 1318/1829/1741
f 1318/1829/1741 1308/1828/1740 1309/1830/1742
f 1318/1829/1741 1309/1830/1742 1317/1831/1743
f 1317/1831/1743 1309/1830/1742 1310/1832/1744
f 1317/1831/1743 1310/1832/1744 1316/1833/1745
f 1316/1833/1745 1310/1832/1744 1311/1834/1746
f 1316/1833/1745 1311/1834/1746 1315/1835/1747
f 1315/1835/1747 1311/1834/1746 1312/1836/1748
f 1315/1835/1747 1312/1836/1748 1314/1837/1749
f 1314/1837/1749 1312/1836/1748 1287/1838/1750
f 1314/1837/1749 1287/1838/1750 1313/1839/1751
f 1308/1840/1752 1307/1841/1753 1327/1842/1754
f 1327/1842/1754 1307/1841/1753 1320/1843/1755
f 1327/1842/1754 1320/1843/1755 1326/1844/1756
f 1326/1844/1756 1320/1843/1755 1321/1845/1757
f 1326/1844/1756 1321/1845/1757 1328/1846/1758
f 1328/1846/1758 1321/1845/1757 1322/1847/1759
f 1328/1846/1758 1322/1847/1759 1330/1848/1760
f 1330/1848/1760 1322/1847/1759 1323/1849/1761
f 1330/1848/1760 1323/1849/1761 1332/1850/1762
f 1332/1850/1762 1323/1849/1761 1324/1851/1763
f 1332/1850/1762 1324/1851/1763 1334/1852/1764
f 1334/1852/1764 1324/1851/1763 1325/1853/1765
f 1334/1852/1764 1325/1853/1765 1288/1854/1705
f 1288/1854/1705 1287/1855/1702 1334/1852/1764
f 1334/1852/1764 1287/1855/1702 1335/1856/1766
f 1334/1852/1764 1335/1856/1766 1332/1850/1762
f 1332/1850/1762 1335/1856/1766 1333/1857/1767
f 1332/1850/1762 1333/1857/1767 1330/1848/1760
f 1330/1848/1760 1333/1857/1767 1331/1858/1768
f 1330/1848/1760 1331/1858/1768 1328/1846/1758
f 1328/1846/1758 1331/1858/1768 1329/1859/1769
f 1328/1846/1758 1329/1859/1769 1326/1844/1756
f 1326/1844/1756 1329/1859/1769 1327/1842/1754
f 1287/1855/1702 1312/1860/1770 1335/1856/1766
f 1335/1856/1766 1312/1860/1770 1333/1857/1767
f 1312/1860/1770 1311/1861/1771 1333/1857/1767
f 1333/1857/1767 1311/1861/1771 1331/1858/1768
f 1311/1861/1771 1310/1862/1772 1331/1858/1768
f 1331/1858/1768 1310/1862/1772 1329/1859/1769
f 1310/1862/1772 1309/1863/1773 1329/1859/1769
f 1329/1859/1769 1309/1863/1773 1327/1842/1754
f 1309/1863/1773 1308/1840/1752 1327/1842/1754
f 1320/1864/1774 1336/1865/1775 1304/1866/1776
f 1304/1866/1776 1336/1865/1775 1305/1867/1777
f 1303/1868/1737 1306/1869/1778 1307/1870/1738
f 1307/1870/1738 1306/1869/1778 1337/1871/1779
f 1304/1872/1733 1303/1873/1735 1343/1874/1780
f 1343/1874/1780 1303/1873/1735 1319/1875/1781
f 1343/1874/1780 1319/1875/1781 1342/1876/1782
f 1342/1876/1782 1319/1875/1781 1318/1877/1783
f 1342/1876/1782 1318/1877/1783 1341/1878/1784
f 1341/1878/1784 1318/1877/1783 1317/1879/1785
f 1341/1878/1784 1317/1879/1785 1340/1880/1786
f 1340/1880/1786 1317/1879/1785 1316/1881/1787
f 1340/1880/1786 1316/1881/1787 1339/1882/1788
f 1339/1882/1788 1316/1881/1787 1315/1883/1789
f 1339/1882/1788 1315/1883/1789 1338/1884/1790
f 1338/1884/1790 1315/1883/1789 1314/1885/1791
f 1338/1884/1790 1314/1885/1791 1298/1886/1792
f 1298/1886/1792 1314/1885/1791 1313/1887/1793
f 1292/1888/1794 1291/1889/1795 1299/1890/1796
f 1299/1890/1796 1291/1889/1795 1344/1891/1797
f 1302/1892/1798 1286/1893/1799 1295/1894/1800
f 1295/1894/1800 1286/1893/1799 1285/1895/1801
f 1307/1896/1753 1337/1897/1802 1320/1898/1755
f 1320/1898/1755 1337/1897/1802 1336/1899/1803
f 1306/1900/1804 1305/1901/1805 1337/1902/1806
f 1337/1902/1806 1305/1901/1805 1336/1903/1807
f 1304/1904/1776 1343/1905/1808 1320/1906/1774
f 1320/1906/1774 1343/1905/1808 1321/1907/1809
f 1321/1907/1809 1343/1905/1808 1342/1908/1810
f 1321/1907/1809 1342/1908/1810 1322/1909/1811
f 1322/1909/1811 1342/1908/1810 1341/1910/1812
f 1322/1909/1811 1341/1910/1812 1323/1911/1813
f 1323/1911/1813 1341/1910/1812 1340/1912/1814
f 1323/1911/1813 1340/1912/1814 1324/1913/1815
f 1324/1913/1815 1340/1912/1814 1339/1914/1816
f 1324/1913/1815 1339/1914/1816 1325/1915/1817
f 1325/1915/1817 1339/1914/1816 1338/1916/1818
f 1325/1915/1817 1338/1916/1818 1288/1917/1718
f 1288/1917/1718 1338/1916/1818 1298/1918/1720
f 1297/1919/1819 1344/1920/1820 1290/1921/1821
f 1290/1921/1821 1344/1920/1820 1291/1922/1822
f 1282/1923/1823 1313/1924/1751 1283/1925/1824
f 1283/1925/1824 1313/1924/1751 1287/1926/1750
f 1282/1927/1825 1281/1928/1826 1313/1929/1793
f 1313/1929/1793 1281/1928/1826 1286/1930/1827
f 1313/1929/1793 1286/1930/1827 1298/1931/1792
f 1298/1931/1792 1286/1930/1827 1344/1932/1828
f 1298/1931/1792 1344/1932/1828 1297/1933/1829
f 1302/1934/1830 1301/1935/1831 1286/1930/1827
f 1286/1930/1827 1301/1935/1831 1344/1932/1828
f 1301/1935/1831 1300/1936/1832 1344/1932/1828
f 1344/1932/1828 1300/1936/1832 1299/1937/1833
f 1297/1933/1829 1296/1938/1834 1298/1931/1792
g Body5

v -3.934919 -4.579919 -0.000000
v -3.934919 -4.379919 0.200000
v -3.684919 -4.379919 0.200000
v -3.684919 -4.579919 -0.000000
v -3.684919 -4.814919 -0.000000
v -3.934919 -4.814919 -0.000000
v -3.684919 -4.379919 2.093066
v -3.684919 -5.779919 2.093066
v -3.684919 -5.779919 0.200000
v -3.684919 -5.579919 -0.000000
v -3.684919 -5.344919 -0.000000
v -3.684919 -5.344919 -3.300000
v -3.684919 -5.144919 -3.500000
v -3.684919 -5.014919 -3.500000
v -3.684919 -4.814919 -3.300000
v -3.934919 -5.779919 0.200000
v -3.934919 -5.579919 -0.000000
v -3.934919 -5.779919 2.093066
v -3.934919 -5.344919 -3.300000
v -3.934919 -5.144919 -3.500000
v -3.934919 -5.014919 -3.500000
v -3.934919 -4.814919 -3.300000
v -3.584919 -4.379919 2.443066
v -3.584919 -5.779919 2.443066
v -1.007853 -5.779919 2.443066
v -1.007853 -4.379919 2.443066
v -3.584919 -4.379919 2.193066
v -3.610801 -4.379919 2.189659
v -3.634919 -4.379919 2.179669
v -3.655630 -4.379919 2.163777
v -3.671522 -4.379919 2.143066
v -3.681512 -4.379919 2.118948
v -3.934919 -4.379919 2.093066
v -3.926144 -4.379919 2.170949
v -3.900258 -4.379919 2.244926
v -3.858560 -4.379919 2.311288
v -3.803141 -4.379919 2.366707
v -3.736779 -4.379919 2.408405
v -3.662802 -4.379919 2.434291
v -3.584919 -5.779919 2.193066
v -3.610801 -5.779919 2.189659
v -3.634919 -5.779919 2.179669
v -3.655630 -5.779919 2.163777
v -3.671522 -5.779919 2.143066
v -3.681512 -5.779919 2.118948
v -3.610801 -5.313253 2.189659
v -3.610801 -4.846586 2.189659
v -3.634919 -5.313253 2.179669
v -3.634919 -4.846586 2.179669
v -3.655630 -5.313253 2.163777
v -3.655630 -4.846586 2.163777
v -3.671522 -5.313253 2.143066
v -3.671522 -4.846586 2.143066
v -3.681512 -5.313253 2.118948
v -3.681512 -4.846586 2.118948
v -1.007853 -5.779919 2.193066
v -1.007853 -4.379919 2.193066
v -3.926144 -5.779919 2.170949
v -3.900258 -5.779919 2.244926
v -3.858560 -5.779919 2.311288
v -3.803141 -5.779919 2.366707
v -3.736779 -5.779919 2.408405
v -3.662802 -5.779919 2.434291
v -3.934919 -5.344919 -0.000000
vt 0.014142 0.012500 0.000000
vt -0.014142 0.012500 0.000000
vt 0.014142 -0.012500 0.000000
vt -0.014142 -0.012500 0.000000
vt 0.020000 -0.012500 0.000000
vt 0.043500 -0.012500 0.000000
vt 0.020000 0.012500 0.000000
vt 0.043500 0.012500 0.000000
vt 0.230000 0.070000 0.000000
vt 0.040693 0.070000 0.000000
vt 0.250000 0.050000 0.000000
vt 0.250000 0.026500 0.000000
vt 0.040693 -0.070000 0.000000
vt 0.250000 -0.026500 0.000000
vt 0.250000 -0.050000 0.000000
vt 0.230000 -0.070000 0.000000
vt 0.580000 -0.026500 0.000000
vt 0.600000 -0.006500 0.000000
vt 0.600000 0.006500 0.000000
vt 0.580000 0.026500 0.000000
vt 0.014142 0.012500 0.000000
vt -0.014142 0.012500 0.000000
vt 0.014142 -0.012500 0.000000
vt -0.014142 -0.012500 0.000000
vt 0.020000 -0.012500 0.000000
vt 0.209307 -0.012500 0.000000
vt 0.020000 0.012500 0.000000
vt 0.209307 0.012500 0.000000
vt 0.014142 0.012500 0.000000
vt -0.014142 0.012500 0.000000
vt 0.014142 -0.012500 0.000000
vt -0.014142 -0.012500 0.000000
vt 0.033000 0.012500 0.000000
vt 0.020000 0.012500 0.000000
vt 0.033000 -0.012500 0.000000
vt 0.020000 -0.012500 0.000000
vt 0.014142 0.012500 0.000000
vt -0.014142 0.012500 0.000000
vt 0.014142 -0.012500 0.000000
vt -0.014142 -0.012500 0.000000
vt -0.007707 -0.070000 0.000000
vt 0.250000 -0.070000 0.000000
vt -0.007707 0.070000 0.000000
vt 0.250000 0.070000 0.000000
vt -0.025000 0.000000 0.000000
vt 0.000000 0.000000 0.000000
vt -0.024122 0.007788 0.000000
vt 0.000341 0.002588 0.000000
vt -0.021534 0.015186 0.000000
vt 0.001340 0.005000 0.000000
vt -0.017364 0.021822 0.000000
vt 0.002929 0.007071 0.000000
vt -0.011822 0.027364 0.000000
vt 0.005000 0.008660 0.000000
vt -0.005186 0.031534 0.000000
vt 0.007412 0.009659 0.000000
vt 0.002212 0.034122 0.000000
vt 0.010000 0.010000 0.000000
vt 0.010000 0.035000 0.000000
vt 0.070000 0.013090 0.000000
vt 0.070000 0.015708 0.000000
vt 0.023333 0.013090 0.000000
vt -0.070000 0.015708 0.000000
vt -0.023333 0.013090 0.000000
vt -0.070000 0.013090 0.000000
vt -0.023333 0.010472 0.000000
vt -0.070000 0.010472 0.000000
vt -0.023333 0.007854 0.000000
vt -0.070000 0.007854 0.000000
vt -0.023333 0.005236 0.000000
vt -0.070000 0.005236 0.000000
vt -0.023333 0.002618 0.000000
vt -0.070000 0.002618 0.000000
vt -0.070000 0.000000 0.000000
vt 0.070000 0.000000 0.000000
vt 0.023333 0.002618 0.000000
vt 0.023333 0.005236 0.000000
vt 0.023333 0.007854 0.000000
vt 0.023333 0.010472 0.000000
vt 0.070000 0.002618 0.000000
vt 0.070000 0.005236 0.000000
vt 0.070000 0.007854 0.000000
vt 0.070000 0.010472 0.000000
vt 0.242293 -0.012500 0.000000
vt 0.500000 -0.012500 0.000000
vt 0.242293 0.012500 0.000000
vt 0.500000 0.012500 0.000000
vt 0.257707 0.012500 0.000000
vt -0.000000 0.012500 0.000000
vt 0.257707 -0.012500 0.000000
vt 0.000000 -0.012500 0.000000
vt 0.070000 0.054978 0.000000
vt -0.070000 0.054978 0.000000
vt 0.070000 0.047124 0.000000
vt -0.070000 0.047124 0.000000
vt 0.070000 0.039270 0.000000
vt -0.070000 0.039270 0.000000
vt 0.070000 0.031416 0.000000
vt -0.070000 0.031416 0.000000
vt 0.070000 0.023562 0.000000
vt -0.070000 0.023562 0.000000
vt 0.070000 0.015708 0.000000
vt -0.070000 0.015708 0.000000
vt 0.070000 0.007854 0.000000
vt -0.070000 0.007854 0.000000
vt 0.070000 0.000000 0.000000
vt -0.070000 0.000000 0.000000
vt 0.020000 -0.012500 0.000000
vt 0.350000 -0.012500 0.000000
vt 0.020000 0.012500 0.000000
vt 0.350000 0.012500 0.000000
vt 0.330000 0.012500 0.000000
vt 0.000000 0.012500 0.000000
vt 0.330000 -0.012500 0.000000
vt 0.000000 -0.012500 0.000000
vt 0.007707 0.070000 0.000000
vt -0.250000 0.070000 0.000000
vt 0.007707 -0.070000 0.000000
vt -0.250000 -0.070000 0.000000
vt 0.140000 0.012500 0.000000
vt 0.000000 0.012500 0.000000
vt 0.140000 -0.012500 0.000000
vt 0.000000 -0.012500 0.000000
vt -0.000000 0.000000 0.000000
vt -0.000878 0.007788 0.000000
vt -0.025000 0.000000 0.000000
vt -0.025341 0.002588 0.000000
vt -0.003466 0.015186 0.000000
vt -0.026340 0.005000 0.000000
vt -0.007636 0.021822 0.000000
vt -0.027929 0.007071 0.000000
vt -0.013178 0.027364 0.000000
vt -0.030000 0.008660 0.000000
vt -0.019814 0.031534 0.000000
vt -0.032412 0.009659 0.000000
vt -0.027212 0.034122 0.000000
vt -0.035000 0.010000 0.000000
vt -0.035000 0.035000 0.000000
vt 0.120000 0.012500 0.000000
vt 0.096500 0.012500 0.000000
vt 0.120000 -0.012500 0.000000
vt 0.096500 -0.012500 0.000000
vt 0.480000 0.012500 0.000000
vt 0.290693 0.012500 0.000000
vt 0.480000 -0.012500 0.000000
vt 0.290693 -0.012500 0.000000
vt -0.230000 0.070000 0.000000
vt -0.250000 0.050000 0.000000
vt -0.040693 0.070000 0.000000
vt -0.250000 0.026500 0.000000
vt -0.040693 -0.070000 0.000000
vt -0.250000 -0.026500 0.000000
vt -0.250000 -0.050000 0.000000
vt -0.580000 0.026500 0.000000
vt -0.600000 0.006500 0.000000
vt -0.600000 -0.006500 0.000000
vt -0.580000 -0.026500 0.000000
vt -0.230000 -0.070000 0.000000
vn -0.000000 0.070711 -0.070711
vn -0.000000 0.070711 -0.070711
vn -0.000000 0.070711 -0.070711
vn -0.000000 0.070711 -0.070711
vn -0.000000 0.000000 -0.100000
vn -0.000000 0.000000 -0.100000
vn -0.000000 0.000000 -0.100000
vn -0.000000 0.000000 -0.100000
vn 0.100000 0.000000 0.000000
vn 0.100000 0.000000 0.000000
vn 0.100000 0.000000 0.000000
vn 0.100000 0.000000 0.000000
vn 0.100000 0.000000 0.000000
vn 0.100000 0.000000 0.000000
vn 0.100000 0.000000 0.000000
vn 0.100000 0.000000 0.000000
vn 0.100000 0.000000 0.000000
vn 0.100000 0.000000 0.000000
vn 0.100000 0.000000 0.000000
vn 0.100000 0.000000 0.000000
vn 0.000000 -0.070711 -0.070711
vn 0.000000 -0.070711 -0.070711
vn 0.000000 -0.070711 -0.070711
vn 0.000000 -0.070711 -0.070711
vn 0.000000 -0.100000 -0.000000
vn 0.000000 -0.100000 -0.000000
vn 0.000000 -0.100000 -0.000000
vn 0.000000 -0.100000 -0.000000
vn 0.000000 -0.070711 -0.070711
vn 0.000000 -0.070711 -0.070711
vn 0.000000 -0.070711 -0.070711
vn 0.000000 -0.070711 -0.070711
vn -0.000000 0.000000 -0.100000
vn -0.000000 0.000000 -0.100000
vn -0.000000 0.000000 -0.100000
vn -0.000000 0.000000 -0.100000
vn -0.000000 0.070711 -0.070711
vn -0.000000 0.070711 -0.070711
vn -0.000000 0.070711 -0.070711
vn -0.000000 0.070711 -0.070711
vn -0.000000 -0.000000 0.100000
vn -0.000000 -0.000000 0.100000
vn -0.000000 -0.000000 0.100000
vn -0.000000 -0.000000 0.100000
vn -0.000000 0.100000 0.000000
vn -0.000000 0.100000 0.000000
vn -0.000000 0.100000 0.000000
vn -0.000000 0.100000 0.000000
vn -0.000000 0.100000 0.000000
vn -0.000000 0.100000 0.000000
vn -0.000000 0.100000 0.000000
vn -0.000000 0.100000 0.000000
vn -0.000000 0.100000 0.000000
vn -0.000000 0.100000 0.000000
vn -0.000000 0.100000 0.000000
vn -0.000000 0.100000 0.000000
vn -0.000000 0.100000 0.000000
vn -0.000000 0.100000 0.000000
vn -0.000000 0.100000 0.000000
vn 0.025882 0.000000 -0.096593
vn 0.000000 0.000000 -0.100000
vn 0.025882 0.000000 -0.096593
vn 0.000000 0.000000 -0.100000
vn 0.025882 0.000000 -0.096593
vn 0.025882 0.000000 -0.096593
vn 0.050000 0.000000 -0.086603
vn 0.050000 0.000000 -0.086603
vn 0.070711 0.000000 -0.070711
vn 0.070711 0.000000 -0.070711
vn 0.086603 0.000000 -0.050000
vn 0.086603 0.000000 -0.050000
vn 0.096593 0.000000 -0.025882
vn 0.096593 0.000000 -0.025882
vn 0.096593 0.000000 -0.025882
vn 0.086603 0.000000 -0.050000
vn 0.070711 0.000000 -0.070711
vn 0.050000 0.000000 -0.086603
vn 0.096593 0.000000 -0.025882
vn 0.086603 0.000000 -0.050000
vn 0.070711 0.000000 -0.070711
vn 0.050000 0.000000 -0.086603
vn 0.000000 -0.100000 -0.000000
vn 0.000000 -0.100000 -0.000000
vn 0.000000 -0.100000 -0.000000
vn 0.000000 -0.100000 -0.000000
vn -0.000000 0.100000 0.000000
vn -0.000000 0.100000 0.000000
vn -0.022252 -0.000000 0.097493
vn -0.022252 -0.000000 0.097493
vn -0.043388 -0.000000 0.090097
vn -0.043388 -0.000000 0.090097
vn -0.062349 -0.000000 0.078183
vn -0.062349 -0.000000 0.078183
vn -0.078183 -0.000000 0.062349
vn -0.078183 -0.000000 0.062349
vn -0.090097 -0.000000 0.043388
vn -0.090097 -0.000000 0.043388
vn -0.097493 -0.000000 0.022252
vn -0.097493 -0.000000 0.022252
vn -0.100000 -0.000000 -0.000000
vn -0.100000 -0.000000 0.000000
vn 0.000000 -0.100000 -0.000000
vn 0.000000 -0.100000 -0.000000
vn 0.000000 -0.100000 -0.000000
vn 0.000000 -0.100000 -0.000000
vn -0.000000 0.100000 0.000000
vn -0.000000 0.100000 0.000000
vn -0.000000 0.100000 0.000000
vn -0.000000 0.100000 0.000000
vn 0.000000 0.000000 -0.100000
vn 0.000000 0.000000 -0.100000
vn 0.100000 0.000000 0.000000
vn 0.100000 0.000000 0.000000
vn 0.100000 0.000000 0.000000
vn 0.100000 0.000000 0.000000
vn 0.000000 -0.100000 -0.000000
vn 0.000000 -0.100000 -0.000000
vn 0.000000 -0.100000 -0.000000
vn 0.000000 -0.100000 -0.000000
vn 0.000000 -0.100000 -0.000000
vn 0.000000 -0.100000 -0.000000
vn 0.000000 -0.100000 -0.000000
vn 0.000000 -0.100000 -0.000000
vn 0.000000 -0.100000 -0.000000
vn 0.000000 -0.100000 -0.000000
vn 0.000000 -0.100000 -0.000000
vn -0.000000 0.000000 -0.100000
vn -0.000000 0.000000 -0.100000
vn -0.000000 0.000000 -0.100000
vn -0.000000 0.000000 -0.100000
vn -0.000000 0.100000 0.000000
vn -0.000000 0.100000 0.000000
vn -0.100000 -0.000000 -0.000000
vn -0.100000 -0.000000 -0.000000
vn -0.100000 -0.000000 -0.000000
vn -0.100000 -0.000000 -0.000000
vn -0.100000 -0.000000 -0.000000
vn -0.100000 -0.000000 -0.000000
vn -0.100000 -0.000000 -0.000000
vn -0.100000 -0.000000 -0.000000
vn -0.100000 -0.000000 -0.000000
vn -0.100000 -0.000000 -0.000000
f 1345/1939/1835 1346/1940/1836 1348/1941/1837
f 1348/1941/1837 1346/1940/1836 1347/1942/1838
f 1348/1943/1839 1349/1944/1840 1345/1945/1841
f 1345/1945/1841 1349/1944/1840 1350/1946/1842
f 1347/1947/1843 1351/1948/1844 1348/1949/1845
f 1348/1949/1845 1351/1948/1844 1349/1950/1846
f 1349/1950/1846 1351/1948/1844 1352/1951/1847
f 1349/1950/1846 1352/1951/1847 1355/1952/1848
f 1355/1952/1848 1352/1951/1847 1354/1953/1849
f 1354/1953/1849 1352/1951/1847 1353/1954/1850
f 1356/1955/1851 1357/1956/1852 1355/1952/1848
f 1355/1952/1848 1357/1956/1852 1358/1957/1853
f 1355/1952/1848 1358/1957/1853 1349/1950/1846
f 1349/1950/1846 1358/1957/1853 1359/1958/1854
f 1360/1959/1855 1361/1960/1856 1353/1961/1857
f 1353/1961/1857 1361/1960/1856 1354/1962/1858
f 1353/1963/1859 1352/1964/1860 1360/1965/1861
f 1360/1965/1861 1352/1964/1860 1362/1966/1862
f 1363/1967/1863 1364/1968/1864 1356/1969/1865
f 1356/1969/1865 1364/1968/1864 1357/1970/1866
f 1364/1971/1867 1365/1972/1868 1357/1973/1869
f 1357/1973/1869 1365/1972/1868 1358/1974/1870
f 1365/1975/1871 1366/1976/1872 1358/1977/1873
f 1358/1977/1873 1366/1976/1872 1359/1978/1874
f 1368/1979/1875 1369/1980/1876 1367/1981/1877
f 1367/1981/1877 1369/1980/1876 1370/1982/1878
f 1367/1983/1879 1371/1984/1880 1383/1985/1881
f 1383/1985/1881 1371/1984/1880 1372/1986/1882
f 1383/1985/1881 1372/1986/1882 1382/1987/1883
f 1382/1987/1883 1372/1986/1882 1373/1988/1884
f 1382/1987/1883 1373/1988/1884 1381/1989/1885
f 1381/1989/1885 1373/1988/1884 1374/1990/1886
f 1381/1989/1885 1374/1990/1886 1380/1991/1887
f 1380/1991/1887 1374/1990/1886 1375/1992/1888
f 1380/1991/1887 1375/1992/1888 1379/1993/1889
f 1379/1993/1889 1375/1992/1888 1376/1994/1890
f 1379/1993/1889 1376/1994/1890 1378/1995/1891
f 1378/1995/1891 1376/1994/1890 1351/1996/1892
f 1378/1995/1891 1351/1996/1892 1377/1997/1893
f 1372/1998/1894 1371/1999/1895 1391/2000/1896
f 1391/2000/1896 1371/1999/1895 1384/2001/1897
f 1391/2000/1896 1384/2001/1897 1390/2002/1898
f 1390/2002/1898 1384/2001/1897 1385/2003/1899
f 1390/2002/1898 1385/2003/1899 1392/2004/1900
f 1392/2004/1900 1385/2003/1899 1386/2005/1901
f 1392/2004/1900 1386/2005/1901 1394/2006/1902
f 1394/2006/1902 1386/2005/1901 1387/2007/1903
f 1394/2006/1902 1387/2007/1903 1396/2008/1904
f 1396/2008/1904 1387/2007/1903 1388/2009/1905
f 1396/2008/1904 1388/2009/1905 1398/2010/1906
f 1398/2010/1906 1388/2009/1905 1389/2011/1907
f 1398/2010/1906 1389/2011/1907 1352/2012/1847
f 1352/2012/1847 1351/2013/1844 1398/2010/1906
f 1398/2010/1906 1351/2013/1844 1399/2014/1908
f 1398/2010/1906 1399/2014/1908 1396/2008/1904
f 1396/2008/1904 1399/2014/1908 1397/2015/1909
f 1396/2008/1904 1397/2015/1909 1394/2006/1902
f 1394/2006/1902 1397/2015/1909 1395/2016/1910
f 1394/2006/1902 1395/2016/1910 1392/2004/1900
f 1392/2004/1900 1395/2016/1910 1393/2017/1911
f 1392/2004/1900 1393/2017/1911 1390/2002/1898
f 1390/2002/1898 1393/2017/1911 1391/2000/1896
f 1351/2013/1844 1376/2018/1912 1399/2014/1908
f 1399/2014/1908 1376/2018/1912 1397/2015/1909
f 1376/2018/1912 1375/2019/1913 1397/2015/1909
f 1397/2015/1909 1375/2019/1913 1395/2016/1910
f 1375/2019/1913 1374/2020/1914 1395/2016/1910
f 1395/2016/1910 1374/2020/1914 1393/2017/1911
f 1374/2020/1914 1373/2021/1915 1393/2017/1911
f 1393/2017/1911 1373/2021/1915 1391/2000/1896
f 1373/2021/1915 1372/1998/1894 1391/2000/1896
f 1384/2022/1916 1400/2023/1917 1368/2024/1918
f 1368/2024/1918 1400/2023/1917 1369/2025/1919
f 1367/2026/1879 1370/2027/1920 1371/2028/1880
f 1371/2028/1880 1370/2027/1920 1401/2029/1921
f 1368/2030/1875 1367/2031/1877 1407/2032/1922
f 1407/2032/1922 1367/2031/1877 1383/2033/1923
f 1407/2032/1922 1383/2033/1923 1406/2034/1924
f 1406/2034/1924 1383/2033/1923 1382/2035/1925
f 1406/2034/1924 1382/2035/1925 1405/2036/1926
f 1405/2036/1926 1382/2035/1925 1381/2037/1927
f 1405/2036/1926 1381/2037/1927 1404/2038/1928
f 1404/2038/1928 1381/2037/1927 1380/2039/1929
f 1404/2038/1928 1380/2039/1929 1403/2040/1930
f 1403/2040/1930 1380/2039/1929 1379/2041/1931
f 1403/2040/1930 1379/2041/1931 1402/2042/1932
f 1402/2042/1932 1379/2041/1931 1378/2043/1933
f 1402/2042/1932 1378/2043/1933 1362/2044/1934
f 1362/2044/1934 1378/2043/1933 1377/2045/1935
f 1356/2046/1936 1355/2047/1937 1363/2048/1938
f 1363/2048/1938 1355/2047/1937 1408/2049/1939
f 1366/2050/1940 1350/2051/1941 1359/2052/1942
f 1359/2052/1942 1350/2051/1941 1349/2053/1943
f 1371/2054/1895 1401/2055/1944 1384/2056/1897
f 1384/2056/1897 1401/2055/1944 1400/2057/1945
f 1370/2058/1946 1369/2059/1947 1401/2060/1948
f 1401/2060/1948 1369/2059/1947 1400/2061/1949
f 1368/2062/1918 1407/2063/1950 1384/2064/1916
f 1384/2064/1916 1407/2063/1950 1385/2065/1951
f 1385/2065/1951 1407/2063/1950 1406/2066/1952
f 1385/2065/1951 1406/2066/1952 1386/2067/1953
f 1386/2067/1953 1406/2066/1952 1405/2068/1954
f 1386/2067/1953 1405/2068/1954 1387/2069/1955
f 1387/2069/1955 1405/2068/1954 1404/2070/1956
f 1387/2069/1955 1404/2070/1956 1388/2071/1957
f 1388/2071/1957 1404/2070/1956 1403/2072/1958
f 1388/2071/1957 1403/2072/1958 1389/2073/1959
f 1389/2073/1959 1403/2072/1958 1402/2074/1960
f 1389/2073/1959 1402/2074/1960 1352/2075/1860
f 1352/2075/1860 1402/2074/1960 1362/2076/1862
f 1361/2077/1961 1408/2078/1962 1354/2079/1963
f 1354/2079/1963 1408/2078/1962 1355/2080/1964
f 1346/2081/1965 1377/2082/1893 1347/2083/1966
f 1347/2083/1966 1377/2082/1893 1351/2084/1892
f 1346/2085/1967 1345/2086/1968 1377/2087/1935
f 1377/2087/1935 1345/2086/1968 1350/2088/1969
f 1377/2087/1935 1350/2088/1969 1362/2089/1934
f 1362/2089/1934 1350/2088/1969 1408/2090/1970
f 1362/2089/1934 1408/2090/1970 1361/2091/1971
f 1366/2092/1972 1365/2093/1973 1350/2088/1969
f 1350/2088/1969 1365/2093/1973 1408/2090/1970
f 1365/2093/1973 1364/2094/1974 1408/2090/1970
f 1408/2090/1970 1364/2094/1974 1363/2095/1975
f 1361/2091/1971 1360/2096/1976 1362/2089/1934
g Body6

v -3.934919 8.120081 0.000000
v -3.934919 8.320081 0.200000
v -3.684919 8.320081 0.200000
v -3.684919 8.120081 0.000000
v -3.684919 7.885081 0.000000
v -3.934919 7.885081 0.000000
v -3.684919 8.320081 2.093066
v -3.684919 6.920081 2.093066
v -3.684919 6.920081 0.200000
v -3.684919 7.120081 -0.000000
v -3.684919 7.355081 -0.000000
v -3.684919 7.355081 -3.300000
v -3.684919 7.555081 -3.500000
v -3.684919 7.685081 -3.500000
v -3.684919 7.885081 -3.300000
v -3.934919 6.920081 0.200000
v -3.934919 7.120081 -0.000000
v -3.934919 6.920081 2.093066
v -3.934919 7.355081 -3.300000
v -3.934919 7.555081 -3.500000
v -3.934919 7.685081 -3.500000
v -3.934919 7.885081 -3.300000
v -3.584919 8.320081 2.443066
v -3.584919 6.920081 2.443066
v -1.007853 6.920081 2.443066
v -1.007853 8.320081 2.443066
v -3.584919 8.320081 2.193066
v -3.610801 8.320081 2.189659
v -3.634919 8.320081 2.179669
v -3.655630 8.320081 2.163777
v -3.671522 8.320081 2.143066
v -3.681512 8.320081 2.118948
v -3.934919 8.320081 2.093066
v -3.926144 8.320081 2.170949
v -3.900258 8.320081 2.244926
v -3.858560 8.320081 2.311288
v -3.803141 8.320081 2.366707
v -3.736779 8.320081 2.408405
v -3.662802 8.320081 2.434291
v -3.584919 6.920081 2.193066
v -3.610801 6.920081 2.189659
v -3.634919 6.920081 2.179669
v -3.655630 6.920081 2.163777
v -3.671522 6.920081 2.143066
v -3.681512 6.920081 2.118948
v -3.610801 7.386747 2.189659
v -3.610801 7.853414 2.189659
v -3.634919 7.386747 2.179669
v -3.634919 7.853414 2.179669
v -3.655630 7.386747 2.163777
v -3.655630 7.853414 2.163777
v -3.671522 7.386747 2.143066
v -3.671522 7.853414 2.143066
v -3.681512 7.386747 2.118948
v -3.681512 7.853414 2.118948
v -1.007853 6.920081 2.193066
v -1.007853 8.320081 2.193066
v -3.926144 6.920081 2.170949
v -3.900258 6.920081 2.244926
v -3.858560 6.920081 2.311288
v -3.803141 6.920081 2.366707
v -3.736779 6.920081 2.408405
v -3.662802 6.920081 2.434291
v -3.934919 7.355081 -0.000000
vt 0.014142 0.012500 0.000000
vt -0.014142 0.012500 0.000000
vt 0.014142 -0.012500 0.000000
vt -0.014142 -0.012500 0.000000
vt 0.020000 -0.012500 0.000000
vt 0.043500 -0.012500 0.000000
vt 0.020000 0.012500 0.000000
vt 0.043500 0.012500 0.000000
vt 0.230000 0.070000 0.000000
vt 0.040693 0.070000 0.000000
vt 0.250000 0.050000 0.000000
vt 0.250000 0.026500 0.000000
vt 0.040693 -0.070000 0.000000
vt 0.250000 -0.026500 0.000000
vt 0.250000 -0.050000 0.000000
vt 0.230000 -0.070000 0.000000
vt 0.580000 -0.026500 0.000000
vt 0.600000 -0.006500 0.000000
vt 0.600000 0.006500 0.000000
vt 0.580000 0.026500 0.000000
vt 0.014142 0.012500 0.000000
vt -0.014142 0.012500 0.000000
vt 0.014142 -0.012500 0.000000
vt -0.014142 -0.012500 0.000000
vt 0.020000 -0.012500 0.000000
vt 0.209307 -0.012500 0.000000
vt 0.020000 0.012500 0.000000
vt 0.209307 0.012500 0.000000
vt 0.014142 0.012500 0.000000
vt -0.014142 0.012500 0.000000
vt 0.014142 -0.012500 0.000000
vt -0.014142 -0.012500 0.000000
vt 0.033000 0.012500 0.000000
vt 0.020000 0.012500 0.000000
vt 0.033000 -0.012500 0.000000
vt 0.020000 -0.012500 0.000000
vt 0.014142 0.012500 0.000000
vt -0.014142 0.012500 0.000000
vt 0.014142 -0.012500 0.000000
vt -0.014142 -0.012500 0.000000
vt -0.007707 -0.070000 0.000000
vt 0.250000 -0.070000 0.000000
vt -0.007707 0.070000 0.000000
vt 0.250000 0.070000 0.000000
vt -0.025000 0.000000 0.000000
vt 0.000000 0.000000 0.000000
vt -0.024122 0.007788 0.000000
vt 0.000341 0.002588 0.000000
vt -0.021534 0.015186 0.000000
vt 0.001340 0.005000 0.000000
vt -0.017364 0.021822 0.000000
vt 0.002929 0.007071 0.000000
vt -0.011822 0.027364 0.000000
vt 0.005000 0.008660 0.000000
vt -0.005186 0.031534 0.000000
vt 0.007412 0.009659 0.000000
vt 0.002212 0.034122 0.000000
vt 0.010000 0.010000 0.000000
vt 0.010000 0.035000 0.000000
vt 0.070000 0.013090 0.000000
vt 0.070000 0.015708 0.000000
vt 0.023333 0.013090 0.000000
vt -0.070000 0.015708 0.000000
vt -0.023333 0.013090 0.000000
vt -0.070000 0.013090 0.000000
vt -0.023333 0.010472 0.000000
vt -0.070000 0.010472 0.000000
vt -0.023333 0.007854 0.000000
vt -0.070000 0.007854 0.000000
vt -0.023333 0.005236 0.000000
vt -0.070000 0.005236 0.000000
vt -0.023333 0.002618 0.000000
vt -0.070000 0.002618 0.000000
vt -0.070000 0.000000 0.000000
vt 0.070000 0.000000 0.000000
vt 0.023333 0.002618 0.000000
vt 0.023333 0.005236 0.000000
vt 0.023333 0.007854 0.000000
vt 0.023333 0.010472 0.000000
vt 0.070000 0.002618 0.000000
vt 0.070000 0.005236 0.000000
vt 0.070000 0.007854 0.000000
vt 0.070000 0.010472 0.000000
vt 0.242293 -0.012500 0.000000
vt 0.500000 -0.012500 0.000000
vt 0.242293 0.012500 0.000000
vt 0.500000 0.012500 0.000000
vt 0.257707 0.012500 0.000000
vt -0.000000 0.012500 0.000000
vt 0.257707 -0.012500 0.000000
vt 0.000000 -0.012500 0.000000
vt 0.070000 0.054978 0.000000
vt -0.070000 0.054978 0.000000
vt 0.070000 0.047124 0.000000
vt -0.070000 0.047124 0.000000
vt 0.070000 0.039270 0.000000
vt -0.070000 0.039270 0.000000
vt 0.070000 0.031416 0.000000
vt -0.070000 0.031416 0.000000
vt 0.070000 0.023562 0.000000
vt -0.070000 0.023562 0.000000
vt 0.070000 0.015708 0.000000
vt -0.070000 0.015708 0.000000
vt 0.070000 0.007854 0.000000
vt -0.070000 0.007854 0.000000
vt 0.070000 0.000000 0.000000
vt -0.070000 0.000000 0.000000
vt 0.020000 -0.012500 0.000000
vt 0.350000 -0.012500 0.000000
vt 0.020000 0.012500 0.000000
vt 0.350000 0.012500 0.000000
vt 0.330000 0.012500 0.000000
vt 0.000000 0.012500 0.000000
vt 0.330000 -0.012500 0.000000
vt 0.000000 -0.012500 0.000000
vt 0.007707 0.070000 0.000000
vt -0.250000 0.070000 0.000000
vt 0.007707 -0.070000 0.000000
vt -0.250000 -0.070000 0.000000
vt 0.140000 0.012500 0.000000
vt 0.000000 0.012500 0.000000
vt 0.140000 -0.012500 0.000000
vt 0.000000 -0.012500 0.000000
vt -0.000000 0.000000 0.000000
vt -0.000878 0.007788 0.000000
vt -0.025000 0.000000 0.000000
vt -0.025341 0.002588 0.000000
vt -0.003466 0.015186 0.000000
vt -0.026340 0.005000 0.000000
vt -0.007636 0.021822 0.000000
vt -0.027929 0.007071 0.000000
vt -0.013178 0.027364 0.000000
vt -0.030000 0.008660 0.000000
vt -0.019814 0.031534 0.000000
vt -0.032412 0.009659 0.000000
vt -0.027212 0.034122 0.000000
vt -0.035000 0.010000 0.000000
vt -0.035000 0.035000 0.000000
vt 0.120000 0.012500 0.000000
vt 0.096500 0.012500 0.000000
vt 0.120000 -0.012500 0.000000
vt 0.096500 -0.012500 0.000000
vt 0.480000 0.012500 0.000000
vt 0.290693 0.012500 0.000000
vt 0.480000 -0.012500 0.000000
vt 0.290693 -0.012500 0.000000
vt -0.230000 0.070000 0.000000
vt -0.250000 0.050000 0.000000
vt -0.040693 0.070000 0.000000
vt -0.250000 0.026500 0.000000
vt -0.040693 -0.070000 0.000000
vt -0.250000 -0.026500 0.000000
vt -0.250000 -0.050000 0.000000
vt -0.580000 0.026500 0.000000
vt -0.600000 0.006500 0.000000
vt -0.600000 -0.006500 0.000000
vt -0.580000 -0.026500 0.000000
vt -0.230000 -0.070000 0.000000
vn -0.000000 0.070711 -0.070711
vn -0.000000 0.070711 -0.070711
vn -0.000000 0.070711 -0.070711
vn -0.000000 0.070711 -0.070711
vn -0.000000 0.000000 -0.100000
vn -0.000000 0.000000 -0.100000
vn -0.000000 0.000000 -0.100000
vn -0.000000 0.000000 -0.100000
vn 0.100000 0.000000 0.000000
vn 0.100000 0.000000 0.000000
vn 0.100000 0.000000 0.000000
vn 0.100000 0.000000 0.000000
vn 0.100000 0.000000 0.000000
vn 0.100000 0.000000 0.000000
vn 0.100000 0.000000 0.000000
vn 0.100000 0.000000 0.000000
vn 0.100000 0.000000 0.000000
vn 0.100000 0.000000 0.000000
vn 0.100000 0.000000 0.000000
vn 0.100000 0.000000 0.000000
vn 0.000000 -0.070711 -0.070711
vn 0.000000 -0.070711 -0.070711
vn 0.000000 -0.070711 -0.070711
vn 0.000000 -0.070711 -0.070711
vn 0.000000 -0.100000 -0.000000
vn 0.000000 -0.100000 -0.000000
vn 0.000000 -0.100000 -0.000000
vn 0.000000 -0.100000 -0.000000
vn 0.000000 -0.070711 -0.070711
vn 0.000000 -0.070711 -0.070711
vn 0.000000 -0.070711 -0.070711
vn 0.000000 -0.070711 -0.070711
vn -0.000000 0.000000 -0.100000
vn -0.000000 0.000000 -0.100000
vn -0.000000 0.000000 -0.100000
vn -0.000000 0.000000 -0.100000
vn -0.000000 0.070711 -0.070711
vn -0.000000 0.070711 -0.070711
vn -0.000000 0.070711 -0.070711
vn -0.000000 0.070711 -0.070711
vn -0.000000 -0.000000 0.100000
vn -0.000000 -0.000000 0.100000
vn -0.000000 -0.000000 0.100000
vn -0.000000 -0.000000 0.100000
vn -0.000000 0.100000 0.000000
vn -0.000000 0.100000 0.000000
vn -0.000000 0.100000 0.000000
vn -0.000000 0.100000 0.000000
vn -0.000000 0.100000 0.000000
vn -0.000000 0.100000 0.000000
vn -0.000000 0.100000 0.000000
vn -0.000000 0.100000 0.000000
vn -0.000000 0.100000 0.000000
vn -0.000000 0.100000 0.000000
vn -0.000000 0.100000 0.000000
vn -0.000000 0.100000 0.000000
vn -0.000000 0.100000 0.000000
vn -0.000000 0.100000 0.000000
vn -0.000000 0.100000 0.000000
vn 0.025882 0.000000 -0.096593
vn 0.000000 0.000000 -0.100000
vn 0.025882 0.000000 -0.096593
vn 0.000000 0.000000 -0.100000
vn 0.025882 0.000000 -0.096593
vn 0.025882 0.000000 -0.096593
vn 0.050000 0.000000 -0.086603
vn 0.050000 0.000000 -0.086603
vn 0.070711 0.000000 -0.070711
vn 0.070711 0.000000 -0.070711
vn 0.086603 0.000000 -0.050000
vn 0.086603 0.000000 -0.050000
vn 0.096593 0.000000 -0.025882
vn 0.096593 0.000000 -0.025882
vn 0.096593 0.000000 -0.025882
vn 0.086603 0.000000 -0.050000
vn 0.070711 0.000000 -0.070711
vn 0.050000 0.000000 -0.086603
vn 0.096593 0.000000 -0.025882
vn 0.086603 0.000000 -0.050000
vn 0.070711 0.000000 -0.070711
vn 0.050000 0.000000 -0.086603
vn 0.000000 -0.100000 -0.000000
vn 0.000000 -0.100000 -0.000000
vn 0.000000 -0.100000 -0.000000
vn 0.000000 -0.100000 -0.000000
vn -0.000000 0.100000 0.000000
vn -0.000000 0.100000 0.000000
vn -0.022252 -0.000000 0.097493
vn -0.022252 -0.000000 0.097493
vn -0.043388 -0.000000 0.090097
vn -0.043388 -0.000000 0.090097
vn -0.062349 -0.000000 0.078183
vn -0.062349 -0.000000 0.078183
vn -0.078183 -0.000000 0.062349
vn -0.078183 -0.000000 0.062349
vn -0.090097 -0.000000 0.043388
vn -0.090097 -0.000000 0.043388
vn -0.097493 -0.000000 0.022252
vn -0.097493 -0.000000 0.022252
vn -0.100000 -0.000000 -0.000000
vn -0.100000 -0.000000 0.000000
vn 0.000000 -0.100000 -0.000000
vn 0.000000 -0.100000 -0.000000
vn 0.000000 -0.100000 -0.000000
vn 0.000000 -0.100000 -0.000000
vn -0.000000 0.100000 0.000000
vn -0.000000 0.100000 0.000000
vn -0.000000 0.100000 0.000000
vn -0.000000 0.100000 0.000000
vn 0.000000 0.000000 -0.100000
vn 0.000000 0.000000 -0.100000
vn 0.100000 0.000000 0.000000
vn 0.100000 0.000000 0.000000
vn 0.100000 0.000000 0.000000
vn 0.100000 0.000000 0.000000
vn 0.000000 -0.100000 -0.000000
vn 0.000000 -0.100000 -0.000000
vn 0.000000 -0.100000 -0.000000
vn 0.000000 -0.100000 -0.000000
vn 0.000000 -0.100000 -0.000000
vn 0.000000 -0.100000 -0.000000
vn 0.000000 -0.100000 -0.000000
vn 0.000000 -0.100000 -0.000000
vn 0.000000 -0.100000 -0.000000
vn 0.000000 -0.100000 -0.000000
vn 0.000000 -0.100000 -0.000000
vn -0.000000 0.000000 -0.100000
vn -0.000000 0.000000 -0.100000
vn -0.000000 0.000000 -0.100000
vn -0.000000 0.000000 -0.100000
vn -0.000000 0.100000 0.000000
vn -0.000000 0.100000 0.000000
vn -0.100000 -0.000000 -0.000000
vn -0.100000 -0.000000 -0.000000
vn -0.100000 -0.000000 -0.000000
vn -0.100000 -0.000000 -0.000000
vn -0.100000 -0.000000 -0.000000
vn -0.100000 -0.000000 -0.000000
vn -0.100000 -0.000000 -0.000000
vn -0.100000 -0.000000 -0.000000
vn -0.100000 -0.000000 -0.000000
vn -0.100000 -0.000000 -0.000000
f 1409/2097/1977 1410/2098/1978 1412/2099/1979
f 1412/2099/1979 1410/2098/1978 1411/2100/1980
f 1412/2101/1981 1413/2102/1982 1409/2103/1983
f 1409/2103/1983 1413/2102/1982 1414/2104/1984
f 1411/2105/1985 1415/2106/1986 1412/2107/1987
f 1412/2107/1987 1415/2106/1986 1413/2108/1988
f 1413/2108/1988 1415/2106/1986 1416/2109/1989
f 1413/2108/1988 1416/2109/1989 1419/2110/1990
f 1419/2110/1990 1416/2109/1989 1418/2111/1991
f 1418/2111/1991 1416/2109/1989 1417/2112/1992
f 1420/2113/1993 1421/2114/1994 1419/2110/1990
f 1419/2110/1990 1421/2114/1994 1422/2115/1995
f 1419/2110/1990 1422/2115/1995 1413/2108/1988
f 1413/2108/1988 1422/2115/1995 1423/2116/1996
f 1424/2117/1997 1425/2118/1998 1417/2119/1999
f 1417/2119/1999 1425/2118/1998 1418/2120/2000
f 1417/2121/2001 1416/2122/2002 1424/2123/2003
f 1424/2123/2003 1416/2122/2002 1426/2124/2004
f 1427/2125/2005 1428/2126/2006 1420/2127/2007
f 1420/2127/2007 1428/2126/2006 1421/2128/2008
f 1428/2129/2009 1429/2130/2010 1421/2131/2011
f 1421/2131/2011 1429/2130/2010 1422/2132/2012
f 1429/2133/2013 1430/2134/2014 1422/2135/2015
f 1422/2135/2015 1430/2134/2014 1423/2136/2016
f 1432/2137/2017 1433/2138/2018 1431/2139/2019
f 1431/2139/2019 1433/2138/2018 1434/2140/2020
f 1431/2141/2021 1435/2142/2022 1447/2143/2023
f 1447/2143/2023 1435/2142/2022 1436/2144/2024
f 1447/2143/2023 1436/2144/2024 1446/2145/2025
f 1446/2145/2025 1436/2144/2024 1437/2146/2026
f 1446/2145/2025 1437/2146/2026 1445/2147/2027
f 1445/2147/2027 1437/2146/2026 1438/2148/2028
f 1445/2147/2027 1438/2148/2028 1444/2149/2029
f 1444/2149/2029 1438/2148/2028 1439/2150/2030
f 1444/2149/2029 1439/2150/2030 1443/2151/2031
f 1443/2151/2031 1439/2150/2030 1440/2152/2032
f 1443/2151/2031 1440/2152/2032 1442/2153/2033
f 1442/2153/2033 1440/2152/2032 1415/2154/2034
f 1442/2153/2033 1415/2154/2034 1441/2155/2035
f 1436/2156/2036 1435/2157/2037 1455/2158/2038
f 1455/2158/2038 1435/2157/2037 1448/2159/2039
f 1455/2158/2038 1448/2159/2039 1454/2160/2040
f 1454/2160/2040 1448/2159/2039 1449/2161/2041
f 1454/2160/2040 1449/2161/2041 1456/2162/2042
f 1456/2162/2042 1449/2161/2041 1450/2163/2043
f 1456/2162/2042 1450/2163/2043 1458/2164/2044
f 1458/2164/2044 1450/2163/2043 1451/2165/2045
f 1458/2164/2044 1451/2165/2045 1460/2166/2046
f 1460/2166/2046 1451/2165/2045 1452/2167/2047
f 1460/2166/2046 1452/2167/2047 1462/2168/2048
f 1462/2168/2048 1452/2167/2047 1453/2169/2049
f 1462/2168/2048 1453/2169/2049 1416/2170/1989
f 1416/2170/1989 1415/2171/1986 1462/2168/2048
f 1462/2168/2048 1415/2171/1986 1463/2172/2050
f 1462/2168/2048 1463/2172/2050 1460/2166/2046
f 1460/2166/2046 1463/2172/2050 1461/2173/2051
f 1460/2166/2046 1461/2173/2051 1458/2164/2044
f 1458/2164/2044 1461/2173/2051 1459/2174/2052
f 1458/2164/2044 1459/2174/2052 1456/2162/2042
f 1456/2162/2042 1459/2174/2052 1457/2175/2053
f 1456/2162/2042 1457/2175/2053 1454/2160/2040
f 1454/2160/2040 1457/2175/2053 1455/2158/2038
f 1415/2171/1986 1440/2176/2054 1463/2172/2050
f 1463/2172/2050 1440/2176/2054 1461/2173/2051
f 1440/2176/2054 1439/2177/2055 1461/2173/2051
f 1461/2173/2051 1439/2177/2055 1459/2174/2052
f 1439/2177/2055 1438/2178/2056 1459/2174/2052
f 1459/2174/2052 1438/2178/2056 1457/2175/2053
f 1438/2178/2056 1437/2179/2057 1457/2175/2053
f 1457/2175/2053 1437/2179/2057 1455/2158/2038
f 1437/2179/2057 1436/2156/2036 1455/2158/2038
f 1448/2180/2058 1464/2181/2059 1432/2182/2060
f 1432/2182/2060 1464/2181/2059 1433/2183/2061
f 1431/2184/2021 1434/2185/2062 1435/2186/2022
f 1435/2186/2022 1434/2185/2062 1465/2187/2063
f 1432/2188/2017 1431/2189/2019 1471/2190/2064
f 1471/2190/2064 1431/2189/2019 1447/2191/2065
f 1471/2190/2064 1447/2191/2065 1470/2192/2066
f 1470/2192/2066 1447/2191/2065 1446/2193/2067
f 1470/2192/2066 1446/2193/2067 1469/2194/2068
f 1469/2194/2068 1446/2193/2067 1445/2195/2069
f 1469/2194/2068 1445/2195/2069 1468/2196/2070
f 1468/2196/2070 1445/2195/2069 1444/2197/2071
f 1468/2196/2070 1444/2197/2071 1467/2198/2072
f 1467/2198/2072 1444/2197/2071 1443/2199/2073
f 1467/2198/2072 1443/2199/2073 1466/2200/2074
f 1466/2200/2074 1443/2199/2073 1442/2201/2075
f 1466/2200/2074 1442/2201/2075 1426/2202/2076
f 1426/2202/2076 1442/2201/2075 1441/2203/2077
f 1420/2204/2078 1419/2205/2079 1427/2206/2080
f 1427/2206/2080 1419/2205/2079 1472/2207/2081
f 1430/2208/2082 1414/2209/2083 1423/2210/2084
f 1423/2210/2084 1414/2209/2083 1413/2211/2085
f 1435/2212/2037 1465/2213/2086 1448/2214/2039
f 1448/2214/2039 1465/2213/2086 1464/2215/2087
f 1434/2216/2088 1433/2217/2089 1465/2218/2090
f 1465/2218/2090 1433/2217/2089 1464/2219/2091
f 1432/2220/2060 1471/2221/2092 1448/2222/2058
f 1448/2222/2058 1471/2221/2092 1449/2223/2093
f 1449/2223/2093 1471/2221/2092 1470/2224/2094
f 1449/2223/2093 1470/2224/2094 1450/2225/2095
f 1450/2225/2095 1470/2224/2094 1469/2226/2096
f 1450/2225/2095 1469/2226/2096 1451/2227/2097
f 1451/2227/2097 1469/2226/2096 1468/2228/2098
f 1451/2227/2097 1468/2228/2098 1452/2229/2099
f 1452/2229/2099 1468/2228/2098 1467/2230/2100
f 1452/2229/2099 1467/2230/2100 1453/2231/2101
f 1453/2231/2101 1467/2230/2100 1466/2232/2102
f 1453/2231/2101 1466/2232/2102 1416/2233/2002
f 1416/2233/2002 1466/2232/2102 1426/2234/2004
f 1425/2235/2103 1472/2236/2104 1418/2237/2105
f 1418/2237/2105 1472/2236/2104 1419/2238/2106
f 1410/2239/2107 1441/2240/2035 1411/2241/2108
f 1411/2241/2108 1441/2240/2035 1415/2242/2034
f 1410/2243/2109 1409/2244/2110 1441/2245/2077
f 1441/2245/2077 1409/2244/2110 1414/2246/2111
f 1441/2245/2077 1414/2246/2111 1426/2247/2076
f 1426/2247/2076 1414/2246/2111 1472/2248/2112
f 1426/2247/2076 1472/2248/2112 1425/2249/2113
f 1430/2250/2114 1429/2251/2115 1414/2246/2111
f 1414/2246/2111 1429/2251/2115 1472/2248/2112
f 1429/2251/2115 1428/2252/2116 1472/2248/2112
f 1472/2248/2112 1428/2252/2116 1427/2253/2117
f 1425/2249/2113 1424/2254/2118 1426/2247/2076
g Body7

v -3.934919 -7.119919 0.000000
v -3.934919 -6.919919 0.200000
v -3.684919 -6.919919 0.200000
v -3.684919 -7.119919 0.000000
v -3.684919 -7.354919 0.000000
v -3.934919 -7.354919 0.000000
v -3.684919 -6.919919 2.093066
v -3.684919 -8.319919 2.093066
v -3.684919 -8.319919 0.200000
v -3.684919 -8.119919 -0.000000
v -3.684919 -7.884919 -0.000000
v -3.684919 -7.884919 -3.300000
v -3.684919 -7.684919 -3.500000
v -3.684919 -7.554919 -3.500000
v -3.684919 -7.354919 -3.300000
v -3.934919 -8.319919 0.200000
v -3.934919 -8.119919 -0.000000
v -3.934919 -8.319919 2.093066
v -3.934919 -7.884919 -3.300000
v -3.934919 -7.684919 -3.500000
v -3.934919 -7.554919 -3.500000
v -3.934919 -7.354919 -3.300000
v -3.584919 -6.919919 2.443066
v -3.584919 -8.319919 2.443066
v -1.007853 -8.319919 2.443066
v -1.007853 -6.919919 2.443066
v -3.584919 -6.919919 2.193066
v -3.610801 -6.919919 2.189659
v -3.634919 -6.919919 2.179669
v -3.655630 -6.919919 2.163777
v -3.671522 -6.919919 2.143066
v -3.681512 -6.919919 2.118948
v -3.934919 -6.919919 2.093066
v -3.926144 -6.919919 2.170949
v -3.900258 -6.919919 2.244926
v -3.858560 -6.919919 2.311288
v -3.803141 -6.919919 2.366707
v -3.736779 -6.919919 2.408405
v -3.662802 -6.919919 2.434291
v -3.584919 -8.319919 2.193066
v -3.610801 -8.319919 2.189659
v -3.634919 -8.319919 2.179669
v -3.655630 -8.319919 2.163777
v -3.671522 -8.319919 2.143066
v -3.681512 -8.319919 2.118948
v -3.610801 -7.853253 2.189659
v -3.610801 -7.386586 2.189659
v -3.634919 -7.853253 2.179669
v -3.634919 -7.386586 2.179669
v -3.655630 -7.853253 2.163777
v -3.655630 -7.386586 2.163777
v -3.671522 -7.853253 2.143066
v -3.671522 -7.386586 2.143066
v -3.681512 -7.853253 2.118948
v -3.681512 -7.386586 2.118948
v -1.007853 -8.319919 2.193066
v -1.007853 -6.919919 2.193066
v -3.926144 -8.319919 2.170949
v -3.900258 -8.319919 2.244926
v -3.858560 -8.319919 2.311288
v -3.803141 -8.319919 2.366707
v -3.736779 -8.319919 2.408405
v -3.662802 -8.319919 2.434291
v -3.934919 -7.884919 -0.000000
vt 0.014142 0.012500 0.000000
vt -0.014142 0.012500 0.000000
vt 0.014142 -0.012500 0.000000
vt -0.014142 -0.012500 0.000000
vt 0.020000 -0.012500 0.000000
vt 0.043500 -0.012500 0.000000
vt 0.020000 0.012500 0.000000
vt 0.043500 0.012500 0.000000
vt 0.230000 0.070000 0.000000
vt 0.040693 0.070000 0.000000
vt 0.250000 0.050000 0.000000
vt 0.250000 0.026500 0.000000
vt 0.040693 -0.070000 0.000000
vt 0.250000 -0.026500 0.000000
vt 0.250000 -0.050000 0.000000
vt 0.230000 -0.070000 0.000000
vt 0.580000 -0.026500 0.000000
vt 0.600000 -0.006500 0.000000
vt 0.600000 0.006500 0.000000
vt 0.580000 0.026500 0.000000
vt 0.014142 0.012500 0.000000
vt -0.014142 0.012500 0.000000
vt 0.014142 -0.012500 0.000000
vt -0.014142 -0.012500 0.000000
vt 0.020000 -0.012500 0.000000
vt 0.209307 -0.012500 0.000000
vt 0.020000 0.012500 0.000000
vt 0.209307 0.012500 0.000000
vt 0.014142 0.012500 0.000000
vt -0.014142 0.012500 0.000000
vt 0.014142 -0.012500 0.000000
vt -0.014142 -0.012500 0.000000
vt 0.033000 0.012500 0.000000
vt 0.020000 0.012500 0.000000
vt 0.033000 -0.012500 0.000000
vt 0.020000 -0.012500 0.000000
vt 0.014142 0.012500 0.000000
vt -0.014142 0.012500 0.000000
vt 0.014142 -0.012500 0.000000
vt -0.014142 -0.012500 0.000000
vt -0.007707 -0.070000 0.000000
vt 0.250000 -0.070000 0.000000
vt -0.007707 0.070000 0.000000
vt 0.250000 0.070000 0.000000
vt -0.025000 0.000000 0.000000
vt 0.000000 0.000000 0.000000
vt -0.024122 0.007788 0.000000
vt 0.000341 0.002588 0.000000
vt -0.021534 0.015186 0.000000
vt 0.001340 0.005000 0.000000
vt -0.017364 0.021822 0.000000
vt 0.002929 0.007071 0.000000
vt -0.011822 0.027364 0.000000
vt 0.005000 0.008660 0.000000
vt -0.005186 0.031534 0.000000
vt 0.007412 0.009659 0.000000
vt 0.002212 0.034122 0.000000
vt 0.010000 0.010000 0.000000
vt 0.010000 0.035000 0.000000
vt 0.070000 0.013090 0.000000
vt 0.070000 0.015708 0.000000
vt 0.023333 0.013090 0.000000
vt -0.070000 0.015708 0.000000
vt -0.023333 0.013090 0.000000
vt -0.070000 0.013090 0.000000
vt -0.023333 0.010472 0.000000
vt -0.070000 0.010472 0.000000
vt -0.023333 0.007854 0.000000
vt -0.070000 0.007854 0.000000
vt -0.023333 0.005236 0.000000
vt -0.070000 0.005236 0.000000
vt -0.023333 0.002618 0.000000
vt -0.070000 0.002618 0.000000
vt -0.070000 0.000000 0.000000
vt 0.070000 0.000000 0.000000
vt 0.023333 0.002618 0.000000
vt 0.023333 0.005236 0.000000
vt 0.023333 0.007854 0.000000
vt 0.023333 0.010472 0.000000
vt 0.070000 0.002618 0.000000
vt 0.070000 0.005236 0.000000
vt 0.070000 0.007854 0.000000
vt 0.070000 0.010472 0.000000
vt 0.242293 -0.012500 0.000000
vt 0.500000 -0.012500 0.000000
vt 0.242293 0.012500 0.000000
vt 0.500000 0.012500 0.000000
vt 0.257707 0.012500 0.000000
vt -0.000000 0.012500 0.000000
vt 0.257707 -0.012500 0.000000
vt 0.000000 -0.012500 0.000000
vt 0.070000 0.054978 0.000000
vt -0.070000 0.054978 0.000000
vt 0.070000 0.047124 0.000000
vt -0.070000 0.047124 0.000000
vt 0.070000 0.039270 0.000000
vt -0.070000 0.039270 0.000000
vt 0.070000 0.031416 0.000000
vt -0.070000 0.031416 0.000000
vt 0.070000 0.023562 0.000000
vt -0.070000 0.023562 0.000000
vt 0.070000 0.015708 0.000000
vt -0.070000 0.015708 0.000000
vt 0.070000 0.007854 0.000000
vt -0.070000 0.007854 0.000000
vt 0.070000 0.000000 0.000000
vt -0.070000 0.000000 0.000000
vt 0.020000 -0.012500 0.000000
vt 0.350000 -0.012500 0.000000
vt 0.020000 0.012500 0.000000
vt 0.350000 0.012500 0.000000
vt 0.330000 0.012500 0.000000
vt 0.000000 0.012500 0.000000
vt 0.330000 -0.012500 0.000000
vt 0.000000 -0.012500 0.000000
vt 0.007707 0.070000 0.000000
vt -0.250000 0.070000 0.000000
vt 0.007707 -0.070000 0.000000
vt -0.250000 -0.070000 0.000000
vt 0.140000 0.012500 0.000000
vt 0.000000 0.012500 0.000000
vt 0.140000 -0.012500 0.000000
vt 0.000000 -0.012500 0.000000
vt -0.000000 0.000000 0.000000
vt -0.000878 0.007788 0.000000
vt -0.025000 0.000000 0.000000
vt -0.025341 0.002588 0.000000
vt -0.003466 0.015186 0.000000
vt -0.026340 0.005000 0.000000
vt -0.007636 0.021822 0.000000
vt -0.027929 0.007071 0.000000
vt -0.013178 0.027364 0.000000
vt -0.030000 0.008660 0.000000
vt -0.019814 0.031534 0.000000
vt -0.032412 0.009659 0.000000
vt -0.027212 0.034122 0.000000
vt -0.035000 0.010000 0.000000
vt -0.035000 0.035000 0.000000
vt 0.120000 0.012500 0.000000
vt 0.096500 0.012500 0.000000
vt 0.120000 -0.012500 0.000000
vt 0.096500 -0.012500 0.000000
vt 0.480000 0.012500 0.000000
vt 0.290693 0.012500 0.000000
vt 0.480000 -0.012500 0.000000
vt 0.290693 -0.012500 0.000000
vt -0.230000 0.070000 0.000000
vt -0.250000 0.050000 0.000000
vt -0.040693 0.070000 0.000000
vt -0.250000 0.026500 0.000000
vt -0.040693 -0.070000 0.000000
vt -0.250000 -0.026500 0.000000
vt -0.250000 -0.050000 0.000000
vt -0.580000 0.026500 0.000000
vt -0.600000 0.006500 0.000000
vt -0.600000 -0.006500 0.000000
vt -0.580000 -0.026500 0.000000
vt -0.230000 -0.070000 0.000000
vn -0.000000 0.070711 -0.070711
vn -0.000000 0.070711 -0.070711
vn -0.000000 0.070711 -0.070711
vn -0.000000 0.070711 -0.070711
vn -0.000000 0.000000 -0.100000
vn -0.000000 0.000000 -0.100000
vn -0.000000 0.000000 -0.100000
vn -0.000000 0.000000 -0.100000
vn 0.100000 0.000000 0.000000
vn 0.100000 0.000000 0.000000
vn 0.100000 0.000000 0.000000
vn 0.100000 0.000000 0.000000
vn 0.100000 0.000000 0.000000
vn 0.100000 0.000000 0.000000
vn 0.100000 0.000000 0.000000
vn 0.100000 0.000000 0.000000
vn 0.100000 0.000000 0.000000
vn 0.100000 0.000000 0.000000
vn 0.100000 0.000000 0.000000
vn 0.100000 0.000000 0.000000
vn 0.000000 -0.070711 -0.070711
vn 0.000000 -0.070711 -0.070711
vn 0.000000 -0.070711 -0.070711
vn 0.000000 -0.070711 -0.070711
vn 0.000000 -0.100000 -0.000000
vn 0.000000 -0.100000 -0.000000
vn 0.000000 -0.100000 -0.000000
vn 0.000000 -0.100000 -0.000000
vn 0.000000 -0.070711 -0.070711
vn 0.000000 -0.070711 -0.070711
vn 0.000000 -0.070711 -0.070711
vn 0.000000 -0.070711 -0.070711
vn -0.000000 0.000000 -0.100000
vn -0.000000 0.000000 -0.100000
vn -0.000000 0.000000 -0.100000
vn -0.000000 0.000000 -0.100000
vn -0.000000 0.070711 -0.070711
vn -0.000000 0.070711 -0.070711
vn -0.000000 0.070711 -0.070711
vn -0.000000 0.070711 -0.070711
vn -0.000000 -0.000000 0.100000
vn -0.000000 -0.000000 0.100000
vn -0.000000 -0.000000 0.100000
vn -0.000000 -0.000000 0.100000
vn -0.000000 0.100000 0.000000
vn -0.000000 0.100000 0.000000
vn -0.000000 0.100000 0.000000
vn -0.000000 0.100000 0.000000
vn -0.000000 0.100000 0.000000
vn -0.000000 0.100000 0.000000
vn -0.000000 0.100000 0.000000
vn -0.000000 0.100000 0.000000
vn -0.000000 0.100000 0.000000
vn -0.000000 0.100000 0.000000
vn -0.000000 0.100000 0.000000
vn -0.000000 0.100000 0.000000
vn -0.000000 0.100000 0.000000
vn -0.000000 0.100000 0.000000
vn -0.000000 0.100000 0.000000
vn 0.025882 0.000000 -0.096593
vn 0.000000 0.000000 -0.100000
vn 0.025882 0.000000 -0.096593
vn 0.000000 0.000000 -0.100000
vn 0.025882 0.000000 -0.096593
vn 0.025882 0.000000 -0.096593
vn 0.050000 0.000000 -0.086603
vn 0.050000 0.000000 -0.086603
vn 0.070711 0.000000 -0.070711
vn 0.070711 0.000000 -0.070711
vn 0.086603 0.000000 -0.050000
vn 0.086603 0.000000 -0.050000
vn 0.096593 0.000000 -0.025882
vn 0.096593 0.000000 -0.025882
vn 0.096593 0.000000 -0.025882
vn 0.086603 0.000000 -0.050000
vn 0.070711 0.000000 -0.070711
vn 0.050000 0.000000 -0.086603
vn 0.096593 0.000000 -0.025882
vn 0.086603 0.000000 -0.050000
vn 0.070711 0.000000 -0.070711
vn 0.050000 0.000000 -0.086603
vn 0.000000 -0.100000 -0.000000
vn 0.000000 -0.100000 -0.000000
vn 0.000000 -0.100000 -0.000000
vn 0.000000 -0.100000 -0.000000
vn -0.000000 0.100000 0.000000
vn -0.000000 0.100000 0.000000
vn -0.022252 -0.000000 0.097493
vn -0.022252 -0.000000 0.097493
vn -0.043388 -0.000000 0.090097
vn -0.043388 -0.000000 0.090097
vn -0.062349 -0.000000 0.078183
vn -0.062349 -0.000000 0.078183
vn -0.078183 -0.000000 0.062349
vn -0.078183 -0.000000 0.062349
vn -0.090097 -0.000000 0.043388
vn -0.090097 -0.000000 0.043388
vn -0.097493 -0.000000 0.022252
vn -0.097493 -0.000000 0.022252
vn -0.100000 -0.000000 -0.000000
vn -0.100000 -0.000000 0.000000
vn 0.000000 -0.100000 -0.000000
vn 0.000000 -0.100000 -0.000000
vn 0.000000 -0.100000 -0.000000
vn 0.000000 -0.100000 -0.000000
vn -0.000000 0.100000 0.000000
vn -0.000000 0.100000 0.000000
vn -0.000000 0.100000 0.000000
vn -0.000000 0.100000 0.000000
vn 0.000000 0.000000 -0.100000
vn 0.000000 0.000000 -0.100000
vn 0.100000 0.000000 0.000000
vn 0.100000 0.000000 0.000000
vn 0.100000 0.000000 0.000000
vn 0.100000 0.000000 0.000000
vn 0.000000 -0.100000 -0.000000
vn 0.000000 -0.100000 -0.000000
vn 0.000000 -0.100000 -0.000000
vn 0.000000 -0.100000 -0.000000
vn 0.000000 -0.100000 -0.000000
vn 0.000000 -0.100000 -0.000000
vn 0.000000 -0.100000 -0.000000
vn 0.000000 -0.100000 -0.000000
vn 0.000000 -0.100000 -0.000000
vn 0.000000 -0.100000 -0.000000
vn 0.000000 -0.100000 -0.000000
vn -0.000000 0.000000 -0.100000
vn -0.000000 0.000000 -0.100000
vn -0.000000 0.000000 -0.100000
vn -0.000000 0.000000 -0.100000
vn -0.000000 0.100000 0.000000
vn -0.000000 0.100000 0.000000
vn -0.100000 -0.000000 -0.000000
vn -0.100000 -0.000000 -0.000000
vn -0.100000 -0.000000 -0.000000
vn -0.100000 -0.000000 -0.000000
vn -0.100000 -0.000000 -0.000000
vn -0.100000 -0.000000 -0.000000
vn -0.100000 -0.000000 -0.000000
vn -0.100000 -0.000000 -0.000000
vn -0.100000 -0.000000 -0.000000
vn -0.100000 -0.000000 -0.000000
f 1473/2255/2119 1474/2256/2120 1476/2257/2121
f 1476/2257/2121 1474/2256/2120 1475/2258/2122
f 1476/2259/2123 1477/2260/2124 1473/2261/2125
f 1473/2261/2125 1477/2260/2124 1478/2262/2126
f 1475/2263/2127 1479/2264/2128 1476/2265/2129
f 1476/2265/2129 1479/2264/2128 1477/2266/2130
f 1477/2266/2130 1479/2264/2128 1480/2267/2131
f 1477/2266/2130 1480/2267/2131 1483/2268/2132
f 1483/2268/2132 1480/2267/2131 1482/2269/2133
f 1482/2269/2133 1480/2267/2131 1481/2270/2134
f 1484/2271/2135 1485/2272/2136 1483/2268/2132
f 1483/2268/2132 1485/2272/2136 1486/2273/2137
f 1483/2268/2132 1486/2273/2137 1477/2266/2130
f 1477/2266/2130 1486/2273/2137 1487/2274/2138
f 1488/2275/2139 1489/2276/2140 1481/2277/2141
f 1481/2277/2141 1489/2276/2140 1482/2278/2142
f 1481/2279/2143 1480/2280/2144 1488/2281/2145
f 1488/2281/2145 1480/2280/2144 1490/2282/2146
f 1491/2283/2147 1492/2284/2148 1484/2285/2149
f 1484/2285/2149 1492/2284/2148 1485/2286/2150
f 1492/2287/2151 1493/2288/2152 1485/2289/2153
f 1485/2289/2153 1493/2288/2152 1486/2290/2154
f 1493/2291/2155 1494/2292/2156 1486/2293/2157
f 1486/2293/2157 1494/2292/2156 1487/2294/2158
f 1496/2295/2159 1497/2296/2160 1495/2297/2161
f 1495/2297/2161 1497/2296/2160 1498/2298/2162
f 1495/2299/2163 1499/2300/2164 1511/2301/2165
f 1511/2301/2165 1499/2300/2164 1500/2302/2166
f 1511/2301/2165 1500/2302/2166 1510/2303/2167
f 1510/2303/2167 1500/2302/2166 1501/2304/2168
f 1510/2303/2167 1501/2304/2168 1509/2305/2169
f 1509/2305/2169 1501/2304/2168 1502/2306/2170
f 1509/2305/2169 1502/2306/2170 1508/2307/2171
f 1508/2307/2171 1502/2306/2170 1503/2308/2172
f 1508/2307/2171 1503/2308/2172 1507/2309/2173
f 1507/2309/2173 1503/2308/2172 1504/2310/2174
f 1507/2309/2173 1504/2310/2174 1506/2311/2175
f 1506/2311/2175 1504/2310/2174 1479/2312/2176
f 1506/2311/2175 1479/2312/2176 1505/2313/2177
f 1500/2314/2178 1499/2315/2179 1519/2316/2180
f 1519/2316/2180 1499/2315/2179 1512/2317/2181
f 1519/2316/2180 1512/2317/2181 1518/2318/2182
f 1518/2318/2182 1512/2317/2181 1513/2319/2183
f 1518/2318/2182 1513/2319/2183 1520/2320/2184
f 1520/2320/2184 1513/2319/2183 1514/2321/2185
f 1520/2320/2184 1514/2321/2185 1522/2322/2186
f 1522/2322/2186 1514/2321/2185 1515/2323/2187
f 1522/2322/2186 1515/2323/2187 1524/2324/2188
f 1524/2324/2188 1515/2323/2187 1516/2325/2189
f 1524/2324/2188 1516/2325/2189 1526/2326/2190
f 1526/2326/2190 1516/2325/2189 1517/2327/2191
f 1526/2326/2190 1517/2327/2191 1480/2328/2131
f 1480/2328/2131 1479/2329/2128 1526/2326/2190
f 1526/2326/2190 1479/2329/2128 1527/2330/2192
f 1526/2326/2190 1527/2330/2192 1524/2324/2188
f 1524/2324/2188 1527/2330/2192 1525/2331/2193
f 1524/2324/2188 1525/2331/2193 1522/2322/2186
f 1522/2322/2186 1525/2331/2193 1523/2332/2194
f 1522/2322/2186 1523/2332/2194 1520/2320/2184
f 1520/2320/2184 1523/2332/2194 1521/2333/2195
f 1520/2320/2184 1521/2333/2195 1518/2318/2182
f 1518/2318/2182 1521/2333/2195 1519/2316/2180
f 1479/2329/2128 1504/2334/2196 1527/2330/2192
f 1527/2330/2192 1504/2334/2196 1525/2331/2193
f 1504/2334/2196 1503/2335/2197 1525/2331/2193
f 1525/2331/2193 1503/2335/2197 1523/2332/2194
f 1503/2335/2197 1502/2336/2198 1523/2332/2194
f 1523/2332/2194 1502/2336/2198 1521/2333/2195
f 1502/2336/2198 1501/2337/2199 1521/2333/2195
f 1521/2333/2195 1501/2337/2199 1519/2316/2180
f 1501/2337/2199 1500/2314/2178 1519/2316/2180
f 1512/2338/2200 1528/2339/2201 1496/2340/2202
f 1496/2340/2202 1528/2339/2201 1497/2341/2203
f 1495/2342/2163 1498/2343/2204 1499/2344/2164
f 1499/2344/2164 1498/2343/2204 1529/2345/2205
f 1496/2346/2159 1495/2347/2161 1535/2348/2206
f 1535/2348/2206 1495/2347/2161 1511/2349/2207
f 1535/2348/2206 1511/2349/2207 1534/2350/2208
f 1534/2350/2208 1511/2349/2207 1510/2351/2209
f 1534/2350/2208 1510/2351/2209 1533/2352/2210
f 1533/2352/2210 1510/2351/2209 1509/2353/2211
f 1533/2352/2210 1509/2353/2211 1532/2354/2212
f 1532/2354/2212 1509/2353/2211 1508/2355/2213
f 1532/2354/2212 1508/2355/2213 1531/2356/2214
f 1531/2356/2214 1508/2355/2213 1507/2357/2215
f 1531/2356/2214 1507/2357/2215 1530/2358/2216
f 1530/2358/2216 1507/2357/2215 1506/2359/2217
f 1530/2358/2216 1506/2359/2217 1490/2360/2218
f 1490/2360/2218 1506/2359/2217 1505/2361/2219
f 1484/2362/2220 1483/2363/2221 1491/2364/2222
f 1491/2364/2222 1483/2363/2221 1536/2365/2223
f 1494/2366/2224 1478/2367/2225 1487/2368/2226
f 1487/2368/2226 1478/2367/2225 1477/2369/2227
f 1499/2370/2179 1529/2371/2228 1512/2372/2181
f 1512/2372/2181 1529/2371/2228 1528/2373/2229
f 1498/2374/2230 1497/2375/2231 1529/2376/2232
f 1529/2376/2232 1497/2375/2231 1528/2377/2233
f 1496/2378/2202 1535/2379/2234 1512/2380/2200
f 1512/2380/2200 1535/2379/2234 1513/2381/2235
f 1513/2381/2235 1535/2379/2234 1534/2382/2236
f 1513/2381/2235 1534/2382/2236 1514/2383/2237
f 1514/2383/2237 1534/2382/2236 1533/2384/2238
f 1514/2383/2237 1533/2384/2238 1515/2385/2239
f 1515/2385/2239 1533/2384/2238 1532/2386/2240
f 1515/2385/2239 1532/2386/2240 1516/2387/2241
f 1516/2387/2241 1532/2386/2240 1531/2388/2242
f 1516/2387/2241 1531/2388/2242 1517/2389/2243
f 1517/2389/2243 1531/2388/2242 1530/2390/2244
f 1517/2389/2243 1530/2390/2244 1480/2391/2144
f 1480/2391/2144 1530/2390/2244 1490/2392/2146
f 1489/2393/2245 1536/2394/2246 1482/2395/2247
f 1482/2395/2247 1536/2394/2246 1483/2396/2248
f 1474/2397/2249 1505/2398/2177 1475/2399/2250
f 1475/2399/2250 1505/2398/2177 1479/2400/2176
f 1474/2401/2251 1473/2402/2252 1505/2403/2219
f 1505/2403/2219 1473/2402/2252 1478/2404/2253
f 1505/2403/2219 1478/2404/2253 1490/2405/2218
f 1490/2405/2218 1478/2404/2253 1536/2406/2254
f 1490/2405/2218 1536/2406/2254 1489/2407/2255
f 1494/2408/2256 1493/2409/2257 1478/2404/2253
f 1478/2404/2253 1493/2409/2257 1536/2406/2254
f 1493/2409/2257 1492/2410/2258 1536/2406/2254
f 1536/2406/2254 1492/2410/2258 1491/2411/2259
f 1489/2407/2255 1488/2412/2260 1490/2405/2218
g Body8

v 3.934919 0.700081 0.200000
v 3.934919 0.500081 0.000000
v 3.684919 0.500081 0.000000
v 3.684919 0.700081 0.200000
v 3.934919 0.265081 0.000000
v 3.684919 0.265081 0.000000
v 3.684919 0.265081 -3.300000
v 3.684919 0.065081 -3.500000
v 3.684919 -0.064919 -3.500000
v 3.684919 -0.264919 -3.300000
v 3.684919 -0.264919 -0.000000
v 3.684919 -0.499919 -0.000000
v 3.684919 -0.699919 0.200000
v 3.684919 -0.699919 2.093066
v 3.684919 0.700081 2.093066
v 3.934919 -0.499919 -0.000000
v 3.934919 -0.699919 0.200000
v 3.934919 -0.699919 2.093066
v 3.934919 -0.064919 -3.500000
v 3.934919 -0.264919 -3.300000
v 3.934919 0.065081 -3.500000
v 3.934919 0.265081 -3.300000
v 3.584919 -0.699919 2.443066
v 3.584919 0.700081 2.443066
v 1.007853 0.700081 2.443066
v 1.007853 -0.699919 2.443066
v 3.584919 0.700081 2.193066
v 3.662802 0.700081 2.434291
v 3.736779 0.700081 2.408405
v 3.803141 0.700081 2.366707
v 3.858560 0.700081 2.311288
v 3.900258 0.700081 2.244926
v 3.926144 0.700081 2.170949
v 3.934919 0.700081 2.093066
v 3.681512 0.700081 2.118948
v 3.671522 0.700081 2.143066
v 3.655630 0.700081 2.163777
v 3.634919 0.700081 2.179669
v 3.610801 0.700081 2.189659
v 3.584919 -0.699919 2.193066
v 3.681512 -0.699919 2.118948
v 3.671522 -0.699919 2.143066
v 3.655630 -0.699919 2.163777
v 3.634919 -0.699919 2.179669
v 3.610801 -0.699919 2.189659
v 3.610801 0.233414 2.189659
v 3.610801 -0.233253 2.189659
v 3.634919 0.233414 2.179669
v 3.634919 -0.233253 2.179669
v 3.655630 0.233414 2.163777
v 3.655630 -0.233253 2.163777
v 3.671522 0.233414 2.143066
v 3.671522 -0.233253 2.143066
v 3.681512 0.233414 2.118948
v 3.681512 -0.233253 2.118948
v 1.007853 -0.699919 2.193066
v 1.007853 0.700081 2.193066
v 3.662802 -0.699919 2.434291
v 3.736779 -0.699919 2.408405
v 3.803141 -0.699919 2.366707
v 3.858560 -0.699919 2.311288
v 3.900258 -0.699919 2.244926
v 3.926144 -0.699919 2.170949
v 3.934919 -0.264919 -0.000000
vt 0.014142 0.012500 0.000000
vt -0.014142 0.012500 0.000000
vt 0.014142 -0.012500 0.000000
vt -0.014142 -0.012500 0.000000
vt -0.020000 0.012500 0.000000
vt -0.043500 0.012500 0.000000
vt -0.020000 -0.012500 0.000000
vt -0.043500 -0.012500 0.000000
vt -0.230000 0.070000 0.000000
vt -0.250000 0.050000 0.000000
vt -0.040693 0.070000 0.000000
vt -0.250000 0.026500 0.000000
vt -0.040693 -0.070000 0.000000
vt -0.250000 -0.026500 0.000000
vt -0.250000 -0.050000 0.000000
vt -0.580000 0.026500 0.000000
vt -0.600000 0.006500 0.000000
vt -0.600000 -0.006500 0.000000
vt -0.580000 -0.026500 0.000000
vt -0.230000 -0.070000 0.000000
vt 0.014142 0.012500 0.000000
vt -0.014142 0.012500 0.000000
vt 0.014142 -0.012500 0.000000
vt -0.014142 -0.012500 0.000000
vt -0.020000 0.012500 0.000000
vt -0.209307 0.012500 0.000000
vt -0.020000 -0.012500 0.000000
vt -0.209307 -0.012500 0.000000
vt 0.014142 0.012500 0.000000
vt -0.014142 0.012500 0.000000
vt 0.014142 -0.012500 0.000000
vt -0.014142 -0.012500 0.000000
vt -0.033000 -0.012500 0.000000
vt -0.020000 -0.012500 0.000000
vt -0.033000 0.012500 0.000000
vt -0.020000 0.012500 0.000000
vt 0.014142 0.012500 0.000000
vt -0.014142 0.012500 0.000000
vt 0.014142 -0.012500 0.000000
vt -0.014142 -0.012500 0.000000
vt 0.007707 0.070000 0.000000
vt -0.250000 0.070000 0.000000
vt 0.007707 -0.070000 0.000000
vt -0.250000 -0.070000 0.000000
vt 0.025000 -0.000000 0.000000
vt 0.024122 0.007788 0.000000
vt -0.000000 0.000000 0.000000
vt -0.000341 0.002588 0.000000
vt 0.021534 0.015186 0.000000
vt -0.001340 0.005000 0.000000
vt 0.017364 0.021822 0.000000
vt -0.002929 0.007071 0.000000
vt 0.011822 0.027364 0.000000
vt -0.005000 0.008660 0.000000
vt 0.005186 0.031534 0.000000
vt -0.007412 0.009659 0.000000
vt -0.002212 0.034122 0.000000
vt -0.010000 0.010000 0.000000
vt -0.010000 0.035000 0.000000
vt 0.070000 0.013090 0.000000
vt 0.070000 0.015708 0.000000
vt 0.023333 0.013090 0.000000
vt -0.070000 0.015708 0.000000
vt -0.023333 0.013090 0.000000
vt -0.070000 0.013090 0.000000
vt -0.023333 0.010472 0.000000
vt -0.070000 0.010472 0.000000
vt -0.023333 0.007854 0.000000
vt -0.070000 0.007854 0.000000
vt -0.023333 0.005236 0.000000
vt -0.070000 0.005236 0.000000
vt -0.023333 0.002618 0.000000
vt -0.070000 0.002618 0.000000
vt -0.070000 0.000000 0.000000
vt 0.070000 0.000000 0.000000
vt 0.023333 0.002618 0.000000
vt 0.023333 0.005236 0.000000
vt 0.023333 0.007854 0.000000
vt 0.023333 0.010472 0.000000
vt 0.070000 0.002618 0.000000
vt 0.070000 0.005236 0.000000
vt 0.070000 0.007854 0.000000
vt 0.070000 0.010472 0.000000
vt -0.242293 0.012500 0.000000
vt -0.500000 0.012500 0.000000
vt -0.242293 -0.012500 0.000000
vt -0.500000 -0.012500 0.000000
vt -0.257707 -0.012500 0.000000
vt -0.000000 -0.012500 0.000000
vt -0.257707 0.012500 0.000000
vt 0.000000 0.012500 0.000000
vt 0.070000 0.054978 0.000000
vt -0.070000 0.054978 0.000000
vt 0.070000 0.047124 0.000000
vt -0.070000 0.047124 0.000000
vt 0.070000 0.039270 0.000000
vt -0.070000 0.039270 0.000000
vt 0.070000 0.031416 0.000000
vt -0.070000 0.031416 0.000000
vt 0.070000 0.023562 0.000000
vt -0.070000 0.023562 0.000000
vt 0.070000 0.015708 0.000000
vt -0.070000 0.015708 0.000000
vt 0.070000 0.007854 0.000000
vt -0.070000 0.007854 0.000000
vt 0.070000 0.000000 0.000000
vt -0.070000 0.000000 0.000000
vt -0.020000 0.012500 0.000000
vt -0.350000 0.012500 0.000000
vt -0.020000 -0.012500 0.000000
vt -0.350000 -0.012500 0.000000
vt -0.330000 -0.012500 0.000000
vt 0.000000 -0.012500 0.000000
vt -0.330000 0.012500 0.000000
vt 0.000000 0.012500 0.000000
vt -0.007707 -0.070000 0.000000
vt 0.250000 -0.070000 0.000000
vt -0.007707 0.070000 0.000000
vt 0.250000 0.070000 0.000000
vt -0.140000 -0.012500 0.000000
vt -0.000000 -0.012500 0.000000
vt -0.140000 0.012500 0.000000
vt 0.000000 0.012500 0.000000
vt 0.000000 0.000000 0.000000
vt 0.025000 0.000000 0.000000
vt 0.000878 0.007788 0.000000
vt 0.025341 0.002588 0.000000
vt 0.003466 0.015186 0.000000
vt 0.026340 0.005000 0.000000
vt 0.007636 0.021822 0.000000
vt 0.027929 0.007071 0.000000
vt 0.013178 0.027364 0.000000
vt 0.030000 0.008660 0.000000
vt 0.019814 0.031534 0.000000
vt 0.032412 0.009659 0.000000
vt 0.027212 0.034122 0.000000
vt 0.035000 0.010000 0.000000
vt 0.035000 0.035000 0.000000
vt -0.120000 -0.012500 0.000000
vt -0.096500 -0.012500 0.000000
vt -0.120000 0.012500 0.000000
vt -0.096500 0.012500 0.000000
vt -0.480000 -0.012500 0.000000
vt -0.290693 -0.012500 0.000000
vt -0.480000 0.012500 0.000000
vt -0.290693 0.012500 0.000000
vt 0.230000 0.070000 0.000000
vt 0.040693 0.070000 0.000000
vt 0.250000 0.050000 0.000000
vt 0.250000 0.026500 0.000000
vt 0.040693 -0.070000 0.000000
vt 0.250000 -0.026500 0.000000
vt 0.250000 -0.050000 0.000000
vt 0.230000 -0.070000 0.000000
vt 0.580000 -0.026500 0.000000
vt 0.600000 -0.006500 0.000000
vt 0.600000 0.006500 0.000000
vt 0.580000 0.026500 0.000000
vn 0.000000 0.070711 -0.070711
vn 0.000000 0.070711 -0.070711
vn 0.000000 0.070711 -0.070711
vn 0.000000 0.070711 -0.070711
vn -0.000000 0.000000 -0.100000
vn -0.000000 0.000000 -0.100000
vn -0.000000 0.000000 -0.100000
vn -0.000000 0.000000 -0.100000
vn -0.100000 0.000000 0.000000
vn -0.100000 0.000000 0.000000
vn -0.100000 0.000000 0.000000
vn -0.100000 0.000000 0.000000
vn -0.100000 0.000000 0.000000
vn -0.100000 0.000000 0.000000
vn -0.100000 0.000000 0.000000
vn -0.100000 0.000000 0.000000
vn -0.100000 0.000000 0.000000
vn -0.100000 0.000000 0.000000
vn -0.100000 0.000000 0.000000
vn -0.100000 0.000000 0.000000
vn -0.000000 -0.070711 -0.070711
vn -0.000000 -0.070711 -0.070711
vn -0.000000 -0.070711 -0.070711
vn -0.000000 -0.070711 -0.070711
vn -0.000000 -0.100000 -0.000000
vn -0.000000 -0.100000 -0.000000
vn -0.000000 -0.100000 -0.000000
vn -0.000000 -0.100000 -0.000000
vn -0.000000 -0.070711 -0.070711
vn -0.000000 -0.070711 -0.070711
vn -0.000000 -0.070711 -0.070711
vn -0.000000 -0.070711 -0.070711
vn -0.000000 0.000000 -0.100000
vn -0.000000 0.000000 -0.100000
vn -0.000000 0.000000 -0.100000
vn -0.000000 0.000000 -0.100000
vn 0.000000 0.070711 -0.070711
vn 0.000000 0.070711 -0.070711
vn 0.000000 0.070711 -0.070711
vn 0.000000 0.070711 -0.070711
vn 0.000000 -0.000000 0.100000
vn 0.000000 -0.000000 0.100000
vn 0.000000 -0.000000 0.100000
vn 0.000000 -0.000000 0.100000
vn 0.000000 0.100000 0.000000
vn 0.000000 0.100000 0.000000
vn 0.000000 0.100000 0.000000
vn 0.000000 0.100000 0.000000
vn 0.000000 0.100000 0.000000
vn 0.000000 0.100000 0.000000
vn 0.000000 0.100000 0.000000
vn 0.000000 0.100000 0.000000
vn 0.000000 0.100000 0.000000
vn 0.000000 0.100000 0.000000
vn 0.000000 0.100000 0.000000
vn 0.000000 0.100000 0.000000
vn 0.000000 0.100000 0.000000
vn 0.000000 0.100000 0.000000
vn 0.000000 0.100000 0.000000
vn -0.025882 0.000000 -0.096593
vn 0.000000 0.000000 -0.100000
vn -0.025882 0.000000 -0.096593
vn 0.000000 0.000000 -0.100000
vn -0.025882 0.000000 -0.096593
vn -0.025882 0.000000 -0.096593
vn -0.050000 0.000000 -0.086603
vn -0.050000 0.000000 -0.086603
vn -0.070711 0.000000 -0.070711
vn -0.070711 0.000000 -0.070711
vn -0.086603 0.000000 -0.050000
vn -0.086603 0.000000 -0.050000
vn -0.096593 0.000000 -0.025882
vn -0.096593 0.000000 -0.025882
vn -0.096593 0.000000 -0.025882
vn -0.086603 0.000000 -0.050000
vn -0.070711 0.000000 -0.070711
vn -0.050000 0.000000 -0.086603
vn -0.096593 0.000000 -0.025882
vn -0.086603 0.000000 -0.050000
vn -0.070711 0.000000 -0.070711
vn -0.050000 0.000000 -0.086603
vn -0.000000 -0.100000 -0.000000
vn -0.000000 -0.100000 -0.000000
vn -0.000000 -0.100000 -0.000000
vn -0.000000 -0.100000 -0.000000
vn 0.000000 0.100000 0.000000
vn 0.000000 0.100000 0.000000
vn 0.022252 -0.000000 0.097493
vn 0.022252 -0.000000 0.097493
vn 0.043388 -0.000000 0.090097
vn 0.043388 -0.000000 0.090097
vn 0.062349 -0.000000 0.078183
vn 0.062349 -0.000000 0.078183
vn 0.078183 -0.000000 0.062349
vn 0.078183 -0.000000 0.062349
vn 0.090097 -0.000000 0.043388
vn 0.090097 -0.000000 0.043388
vn 0.097493 -0.000000 0.022252
vn 0.097493 -0.000000 0.022252
vn 0.100000 -0.000000 0.000000
vn 0.100000 -0.000000 0.000000
vn -0.000000 -0.100000 -0.000000
vn -0.000000 -0.100000 -0.000000
vn -0.000000 -0.100000 -0.000000
vn -0.000000 -0.100000 -0.000000
vn 0.000000 0.100000 0.000000
vn 0.000000 0.100000 0.000000
vn 0.000000 0.100000 0.000000
vn 0.000000 0.100000 0.000000
vn -0.000000 0.000000 -0.100000
vn -0.000000 0.000000 -0.100000
vn -0.100000 0.000000 0.000000
vn -0.100000 0.000000 0.000000
vn -0.100000 0.000000 0.000000
vn -0.100000 0.000000 0.000000
vn -0.000000 -0.100000 -0.000000
vn -0.000000 -0.100000 -0.000000
vn -0.000000 -0.100000 -0.000000
vn -0.000000 -0.100000 -0.000000
vn -0.000000 -0.100000 -0.000000
vn -0.000000 -0.100000 -0.000000
vn -0.000000 -0.100000 -0.000000
vn -0.000000 -0.100000 -0.000000
vn -0.000000 -0.100000 -0.000000
vn -0.000000 -0.100000 -0.000000
vn -0.000000 -0.100000 -0.000000
vn -0.000000 0.000000 -0.100000
vn -0.000000 0.000000 -0.100000
vn -0.000000 0.000000 -0.100000
vn -0.000000 0.000000 -0.100000
vn 0.000000 0.100000 0.000000
vn 0.000000 0.100000 0.000000
vn 0.100000 -0.000000 -0.000000
vn 0.100000 -0.000000 -0.000000
vn 0.100000 -0.000000 -0.000000
vn 0.100000 -0.000000 -0.000000
vn 0.100000 -0.000000 -0.000000
vn 0.100000 -0.000000 -0.000000
vn 0.100000 -0.000000 -0.000000
vn 0.100000 -0.000000 -0.000000
vn 0.100000 -0.000000 -0.000000
vn 0.100000 -0.000000 -0.000000
f 1537/2413/2261 1538/2414/2262 1540/2415/2263
f 1540/2415/2263 1538/2414/2262 1539/2416/2264
f 1538/2417/2265 1541/2418/2266 1539/2419/2267
f 1539/2419/2267 1541/2418/2266 1542/2420/2268
f 1540/2421/2269 1539/2422/2270 1551/2423/2271
f 1551/2423/2271 1539/2422/2270 1542/2424/2272
f 1551/2423/2271 1542/2424/2272 1550/2425/2273
f 1550/2425/2273 1542/2424/2272 1547/2426/2274
f 1550/2425/2273 1547/2426/2274 1548/2427/2275
f 1543/2428/2276 1544/2429/2277 1542/2424/2272
f 1542/2424/2272 1544/2429/2277 1547/2426/2274
f 1544/2429/2277 1545/2430/2278 1547/2426/2274
f 1547/2426/2274 1545/2430/2278 1546/2431/2279
f 1548/2427/2275 1549/2432/2280 1550/2425/2273
f 1552/2433/2281 1553/2434/2282 1548/2435/2283
f 1548/2435/2283 1553/2434/2282 1549/2436/2284
f 1553/2437/2285 1554/2438/2286 1549/2439/2287
f 1549/2439/2287 1554/2438/2286 1550/2440/2288
f 1555/2441/2289 1556/2442/2290 1545/2443/2291
f 1545/2443/2291 1556/2442/2290 1546/2444/2292
f 1545/2445/2293 1544/2446/2294 1555/2447/2295
f 1555/2447/2295 1544/2446/2294 1557/2448/2296
f 1558/2449/2297 1557/2450/2298 1543/2451/2299
f 1543/2451/2299 1557/2450/2298 1544/2452/2300
f 1560/2453/2301 1561/2454/2302 1559/2455/2303
f 1559/2455/2303 1561/2454/2302 1562/2456/2304
f 1560/2457/2305 1564/2458/2306 1563/2459/2307
f 1563/2459/2307 1564/2458/2306 1575/2460/2308
f 1575/2460/2308 1564/2458/2306 1565/2461/2309
f 1575/2460/2308 1565/2461/2309 1574/2462/2310
f 1574/2462/2310 1565/2461/2309 1566/2463/2311
f 1574/2462/2310 1566/2463/2311 1573/2464/2312
f 1573/2464/2312 1566/2463/2311 1567/2465/2313
f 1573/2464/2312 1567/2465/2313 1572/2466/2314
f 1572/2466/2314 1567/2465/2313 1568/2467/2315
f 1572/2466/2314 1568/2467/2315 1571/2468/2316
f 1571/2468/2316 1568/2467/2315 1569/2469/2317
f 1571/2468/2316 1569/2469/2317 1551/2470/2318
f 1551/2470/2318 1569/2469/2317 1570/2471/2319
f 1581/2472/2320 1576/2473/2321 1583/2474/2322
f 1583/2474/2322 1576/2473/2321 1563/2475/2323
f 1583/2474/2322 1563/2475/2323 1582/2476/2324
f 1582/2476/2324 1563/2475/2323 1575/2477/2325
f 1582/2476/2324 1575/2477/2325 1584/2478/2326
f 1584/2478/2326 1575/2477/2325 1574/2479/2327
f 1584/2478/2326 1574/2479/2327 1586/2480/2328
f 1586/2480/2328 1574/2479/2327 1573/2481/2329
f 1586/2480/2328 1573/2481/2329 1588/2482/2330
f 1588/2482/2330 1573/2481/2329 1572/2483/2331
f 1588/2482/2330 1572/2483/2331 1590/2484/2332
f 1590/2484/2332 1572/2483/2331 1571/2485/2333
f 1590/2484/2332 1571/2485/2333 1551/2486/2271
f 1551/2486/2271 1550/2487/2273 1590/2484/2332
f 1590/2484/2332 1550/2487/2273 1591/2488/2334
f 1590/2484/2332 1591/2488/2334 1588/2482/2330
f 1588/2482/2330 1591/2488/2334 1589/2489/2335
f 1588/2482/2330 1589/2489/2335 1586/2480/2328
f 1586/2480/2328 1589/2489/2335 1587/2490/2336
f 1586/2480/2328 1587/2490/2336 1584/2478/2326
f 1584/2478/2326 1587/2490/2336 1585/2491/2337
f 1584/2478/2326 1585/2491/2337 1582/2476/2324
f 1582/2476/2324 1585/2491/2337 1583/2474/2322
f 1550/2487/2273 1577/2492/2338 1591/2488/2334
f 1591/2488/2334 1577/2492/2338 1589/2489/2335
f 1577/2492/2338 1578/2493/2339 1589/2489/2335
f 1589/2489/2335 1578/2493/2339 1587/2490/2336
f 1578/2493/2339 1579/2494/2340 1587/2490/2336
f 1587/2490/2336 1579/2494/2340 1585/2491/2337
f 1579/2494/2340 1580/2495/2341 1585/2491/2337
f 1585/2491/2337 1580/2495/2341 1583/2474/2322
f 1580/2495/2341 1581/2472/2320 1583/2474/2322
f 1559/2496/2342 1562/2497/2343 1576/2498/2344
f 1576/2498/2344 1562/2497/2343 1592/2499/2345
f 1563/2500/2307 1593/2501/2346 1560/2502/2305
f 1560/2502/2305 1593/2501/2346 1561/2503/2347
f 1560/2504/2301 1559/2505/2303 1564/2506/2348
f 1564/2506/2348 1559/2505/2303 1594/2507/2349
f 1564/2506/2348 1594/2507/2349 1565/2508/2350
f 1565/2508/2350 1594/2507/2349 1595/2509/2351
f 1565/2508/2350 1595/2509/2351 1566/2510/2352
f 1566/2510/2352 1595/2509/2351 1596/2511/2353
f 1566/2510/2352 1596/2511/2353 1567/2512/2354
f 1567/2512/2354 1596/2511/2353 1597/2513/2355
f 1567/2512/2354 1597/2513/2355 1568/2514/2356
f 1568/2514/2356 1597/2513/2355 1598/2515/2357
f 1568/2514/2356 1598/2515/2357 1569/2516/2358
f 1569/2516/2358 1598/2515/2357 1599/2517/2359
f 1569/2516/2358 1599/2517/2359 1570/2518/2360
f 1570/2518/2360 1599/2517/2359 1554/2519/2361
f 1556/2520/2362 1600/2521/2363 1546/2522/2364
f 1546/2522/2364 1600/2521/2363 1547/2523/2365
f 1543/2524/2366 1542/2525/2367 1558/2526/2368
f 1558/2526/2368 1542/2525/2367 1541/2527/2369
f 1576/2528/2321 1592/2529/2370 1563/2530/2323
f 1563/2530/2323 1592/2529/2370 1593/2531/2371
f 1593/2532/2372 1592/2533/2373 1561/2534/2374
f 1561/2534/2374 1592/2533/2373 1562/2535/2375
f 1559/2536/2342 1576/2537/2344 1594/2538/2376
f 1594/2538/2376 1576/2537/2344 1581/2539/2377
f 1594/2538/2376 1581/2539/2377 1595/2540/2378
f 1595/2540/2378 1581/2539/2377 1580/2541/2379
f 1595/2540/2378 1580/2541/2379 1596/2542/2380
f 1596/2542/2380 1580/2541/2379 1579/2543/2381
f 1596/2542/2380 1579/2543/2381 1597/2544/2382
f 1597/2544/2382 1579/2543/2381 1578/2545/2383
f 1597/2544/2382 1578/2545/2383 1598/2546/2384
f 1598/2546/2384 1578/2545/2383 1577/2547/2385
f 1598/2546/2384 1577/2547/2385 1599/2548/2386
f 1599/2548/2386 1577/2547/2385 1550/2549/2288
f 1599/2548/2386 1550/2549/2288 1554/2550/2286
f 1548/2551/2387 1547/2552/2388 1552/2553/2389
f 1552/2553/2389 1547/2552/2388 1600/2554/2390
f 1540/2555/2391 1551/2556/2318 1537/2557/2392
f 1537/2557/2392 1551/2556/2318 1570/2558/2319
f 1537/2559/2393 1570/2560/2360 1538/2561/2394
f 1538/2561/2394 1570/2560/2360 1541/2562/2395
f 1541/2562/2395 1570/2560/2360 1554/2563/2361
f 1541/2562/2395 1554/2563/2361 1600/2564/2396
f 1600/2564/2396 1554/2563/2361 1552/2565/2397
f 1552/2565/2397 1554/2563/2361 1553/2566/2398
f 1556/2567/2399 1555/2568/2400 1600/2564/2396
f 1600/2564/2396 1555/2568/2400 1557/2569/2401
f 1600/2564/2396 1557/2569/2401 1541/2562/2395
f 1541/2562/2395 1557/2569/2401 1558/2570/2402
g Body9

v 3.934919 3.240081 0.200000
v 3.934919 3.040081 -0.000000
v 3.684919 3.040081 -0.000000
v 3.684919 3.240081 0.200000
v 3.934919 2.805081 -0.000000
v 3.684919 2.805081 -0.000000
v 3.684919 2.805081 -3.300000
v 3.684919 2.605081 -3.500000
v 3.684919 2.475081 -3.500000
v 3.684919 2.275081 -3.300000
v 3.684919 2.275081 -0.000000
v 3.684919 2.040081 -0.000000
v 3.684919 1.840081 0.200000
v 3.684919 1.840081 2.093066
v 3.684919 3.240081 2.093066
v 3.934919 2.040081 -0.000000
v 3.934919 1.840081 0.200000
v 3.934919 1.840081 2.093066
v 3.934919 2.475081 -3.500000
v 3.934919 2.275081 -3.300000
v 3.934919 2.605081 -3.500000
v 3.934919 2.805081 -3.300000
v 3.584919 1.840081 2.443066
v 3.584919 3.240081 2.443066
v 1.007853 3.240081 2.443066
v 1.007853 1.840081 2.443066
v 3.584919 3.240081 2.193066
v 3.662802 3.240081 2.434291
v 3.736779 3.240081 2.408405
v 3.803141 3.240081 2.366707
v 3.858560 3.240081 2.311288
v 3.900258 3.240081 2.244926
v 3.926144 3.240081 2.170949
v 3.934919 3.240081 2.093066
v 3.681512 3.240081 2.118948
v 3.671522 3.240081 2.143066
v 3.655630 3.240081 2.163777
v 3.634919 3.240081 2.179669
v 3.610801 3.240081 2.189659
v 3.584919 1.840081 2.193066
v 3.681512 1.840081 2.118948
v 3.671522 1.840081 2.143066
v 3.655630 1.840081 2.163777
v 3.634919 1.840081 2.179669
v 3.610801 1.840081 2.189659
v 3.610801 2.773414 2.189659
v 3.610801 2.306747 2.189659
v 3.634919 2.773414 2.179669
v 3.634919 2.306747 2.179669
v 3.655630 2.773414 2.163777
v 3.655630 2.306747 2.163777
v 3.671522 2.773414 2.143066
v 3.671522 2.306747 2.143066
v 3.681512 2.773414 2.118948
v 3.681512 2.306747 2.118948
v 1.007853 1.840081 2.193066
v 1.007853 3.240081 2.193066
v 3.662802 1.840081 2.434291
v 3.736779 1.840081 2.408405
v 3.803141 1.840081 2.366707
v 3.858560 1.840081 2.311288
v 3.900258 1.840081 2.244926
v 3.926144 1.840081 2.170949
v 3.934919 2.275081 -0.000000
vt 0.014142 0.012500 0.000000
vt -0.014142 0.012500 0.000000
vt 0.014142 -0.012500 0.000000
vt -0.014142 -0.012500 0.000000
vt -0.020000 0.012500 0.000000
vt -0.043500 0.012500 0.000000
vt -0.020000 -0.012500 0.000000
vt -0.043500 -0.012500 0.000000
vt -0.230000 0.070000 0.000000
vt -0.250000 0.050000 0.000000
vt -0.040693 0.070000 0.000000
vt -0.250000 0.026500 0.000000
vt -0.040693 -0.070000 0.000000
vt -0.250000 -0.026500 0.000000
vt -0.250000 -0.050000 0.000000
vt -0.580000 0.026500 0.000000
vt -0.600000 0.006500 0.000000
vt -0.600000 -0.006500 0.000000
vt -0.580000 -0.026500 0.000000
vt -0.230000 -0.070000 0.000000
vt 0.014142 0.012500 0.000000
vt -0.014142 0.012500 0.000000
vt 0.014142 -0.012500 0.000000
vt -0.014142 -0.012500 0.000000
vt -0.020000 0.012500 0.000000
vt -0.209307 0.012500 0.000000
vt -0.020000 -0.012500 0.000000
vt -0.209307 -0.012500 0.000000
vt 0.014142 0.012500 0.000000
vt -0.014142 0.012500 0.000000
vt 0.014142 -0.012500 0.000000
vt -0.014142 -0.012500 0.000000
vt -0.033000 -0.012500 0.000000
vt -0.020000 -0.012500 0.000000
vt -0.033000 0.012500 0.000000
vt -0.020000 0.012500 0.000000
vt 0.014142 0.012500 0.000000
vt -0.014142 0.012500 0.000000
vt 0.014142 -0.012500 0.000000
vt -0.014142 -0.012500 0.000000
vt 0.007707 0.070000 0.000000
vt -0.250000 0.070000 0.000000
vt 0.007707 -0.070000 0.000000
vt -0.250000 -0.070000 0.000000
vt 0.025000 0.000000 0.000000
vt 0.024122 0.007788 0.000000
vt -0.000000 0.000000 0.000000
vt -0.000341 0.002588 0.000000
vt 0.021534 0.015186 0.000000
vt -0.001340 0.005000 0.000000
vt 0.017364 0.021822 0.000000
vt -0.002929 0.007071 0.000000
vt 0.011822 0.027364 0.000000
vt -0.005000 0.008660 0.000000
vt 0.005186 0.031534 0.000000
vt -0.007412 0.009659 0.000000
vt -0.002212 0.034122 0.000000
vt -0.010000 0.010000 0.000000
vt -0.010000 0.035000 0.000000
vt 0.070000 0.013090 0.000000
vt 0.070000 0.015708 0.000000
vt 0.023333 0.013090 0.000000
vt -0.070000 0.015708 0.000000
vt -0.023333 0.013090 0.000000
vt -0.070000 0.013090 0.000000
vt -0.023333 0.010472 0.000000
vt -0.070000 0.010472 0.000000
vt -0.023333 0.007854 0.000000
vt -0.070000 0.007854 0.000000
vt -0.023333 0.005236 0.000000
vt -0.070000 0.005236 0.000000
vt -0.023333 0.002618 0.000000
vt -0.070000 0.002618 0.000000
vt -0.070000 0.000000 0.000000
vt 0.070000 0.000000 0.000000
vt 0.023333 0.002618 0.000000
vt 0.023333 0.005236 0.000000
vt 0.023333 0.007854 0.000000
vt 0.023333 0.010472 0.000000
vt 0.070000 0.002618 0.000000
vt 0.070000 0.005236 0.000000
vt 0.070000 0.007854 0.000000
vt 0.070000 0.010472 0.000000
vt -0.242293 0.012500 0.000000
vt -0.500000 0.012500 0.000000
vt -0.242293 -0.012500 0.000000
vt -0.500000 -0.012500 0.000000
vt -0.257707 -0.012500 0.000000
vt -0.000000 -0.012500 0.000000
vt -0.257707 0.012500 0.000000
vt 0.000000 0.012500 0.000000
vt 0.070000 0.054978 0.000000
vt -0.070000 0.054978 0.000000
vt 0.070000 0.047124 0.000000
vt -0.070000 0.047124 0.000000
vt 0.070000 0.039270 0.000000
vt -0.070000 0.039270 0.000000
vt 0.070000 0.031416 0.000000
vt -0.070000 0.031416 0.000000
vt 0.070000 0.023562 0.000000
vt -0.070000 0.023562 0.000000
vt 0.070000 0.015708 0.000000
vt -0.070000 0.015708 0.000000
vt 0.070000 0.007854 0.000000
vt -0.070000 0.007854 0.000000
vt 0.070000 0.000000 0.000000
vt -0.070000 0.000000 0.000000
vt -0.020000 0.012500 0.000000
vt -0.350000 0.012500 0.000000
vt -0.020000 -0.012500 0.000000
vt -0.350000 -0.012500 0.000000
vt -0.330000 -0.012500 0.000000
vt -0.000000 -0.012500 0.000000
vt -0.330000 0.012500 0.000000
vt 0.000000 0.012500 0.000000
vt -0.007707 -0.070000 0.000000
vt 0.250000 -0.070000 0.000000
vt -0.007707 0.070000 0.000000
vt 0.250000 0.070000 0.000000
vt -0.140000 -0.012500 0.000000
vt -0.000000 -0.012500 0.000000
vt -0.140000 0.012500 0.000000
vt 0.000000 0.012500 0.000000
vt 0.000000 0.000000 0.000000
vt 0.025000 0.000000 0.000000
vt 0.000878 0.007788 0.000000
vt 0.025341 0.002588 0.000000
vt 0.003466 0.015186 0.000000
vt 0.026340 0.005000 0.000000
vt 0.007636 0.021822 0.000000
vt 0.027929 0.007071 0.000000
vt 0.013178 0.027364 0.000000
vt 0.030000 0.008660 0.000000
vt 0.019814 0.031534 0.000000
vt 0.032412 0.009659 0.000000
vt 0.027212 0.034122 0.000000
vt 0.035000 0.010000 0.000000
vt 0.035000 0.035000 0.000000
vt -0.120000 -0.012500 0.000000
vt -0.096500 -0.012500 0.000000
vt -0.120000 0.012500 0.000000
vt -0.096500 0.012500 0.000000
vt -0.480000 -0.012500 0.000000
vt -0.290693 -0.012500 0.000000
vt -0.480000 0.012500 0.000000
vt -0.290693 0.012500 0.000000
vt 0.230000 0.070000 0.000000
vt 0.040693 0.070000 0.000000
vt 0.250000 0.050000 0.000000
vt 0.250000 0.026500 0.000000
vt 0.040693 -0.070000 0.000000
vt 0.250000 -0.026500 0.000000
vt 0.250000 -0.050000 0.000000
vt 0.230000 -0.070000 0.000000
vt 0.580000 -0.026500 0.000000
vt 0.600000 -0.006500 0.000000
vt 0.600000 0.006500 0.000000
vt 0.580000 0.026500 0.000000
vn 0.000000 0.070711 -0.070711
vn 0.000000 0.070711 -0.070711
vn 0.000000 0.070711 -0.070711
vn 0.000000 0.070711 -0.070711
vn -0.000000 0.000000 -0.100000
vn -0.000000 0.000000 -0.100000
vn -0.000000 0.000000 -0.100000
vn -0.000000 0.000000 -0.100000
vn -0.100000 0.000000 0.000000
vn -0.100000 0.000000 0.000000
vn -0.100000 0.000000 0.000000
vn -0.100000 0.000000 0.000000
vn -0.100000 0.000000 0.000000
vn -0.100000 0.000000 0.000000
vn -0.100000 0.000000 0.000000
vn -0.100000 0.000000 0.000000
vn -0.100000 0.000000 0.000000
vn -0.100000 0.000000 0.000000
vn -0.100000 0.000000 0.000000
vn -0.100000 0.000000 0.000000
vn -0.000000 -0.070711 -0.070711
vn -0.000000 -0.070711 -0.070711
vn -0.000000 -0.070711 -0.070711
vn -0.000000 -0.070711 -0.070711
vn -0.000000 -0.100000 -0.000000
vn -0.000000 -0.100000 -0.000000
vn -0.000000 -0.100000 -0.000000
vn -0.000000 -0.100000 -0.000000
vn -0.000000 -0.070711 -0.070711
vn -0.000000 -0.070711 -0.070711
vn -0.000000 -0.070711 -0.070711
vn -0.000000 -0.070711 -0.070711
vn -0.000000 0.000000 -0.100000
vn -0.000000 0.000000 -0.100000
vn -0.000000 0.000000 -0.100000
vn -0.000000 0.000000 -0.100000
vn 0.000000 0.070711 -0.070711
vn 0.000000 0.070711 -0.070711
vn 0.000000 0.070711 -0.070711
vn 0.000000 0.070711 -0.070711
vn 0.000000 -0.000000 0.100000
vn 0.000000 -0.000000 0.100000
vn 0.000000 -0.000000 0.100000
vn 0.000000 -0.000000 0.100000
vn 0.000000 0.100000 0.000000
vn 0.000000 0.100000 0.000000
vn 0.000000 0.100000 0.000000
vn 0.000000 0.100000 0.000000
vn 0.000000 0.100000 0.000000
vn 0.000000 0.100000 0.000000
vn 0.000000 0.100000 0.000000
vn 0.000000 0.100000 0.000000
vn 0.000000 0.100000 0.000000
vn 0.000000 0.100000 0.000000
vn 0.000000 0.100000 0.000000
vn 0.000000 0.100000 0.000000
vn 0.000000 0.100000 0.000000
vn 0.000000 0.100000 0.000000
vn 0.000000 0.100000 0.000000
vn -0.025882 0.000000 -0.096593
vn -0.000000 0.000000 -0.100000
vn -0.025882 0.000000 -0.096593
vn -0.000000 0.000000 -0.100000
vn -0.025882 0.000000 -0.096593
vn -0.025882 0.000000 -0.096593
vn -0.050000 0.000000 -0.086603
vn -0.050000 0.000000 -0.086603
vn -0.070711 0.000000 -0.070711
vn -0.070711 0.000000 -0.070711
vn -0.086603 0.000000 -0.050000
vn -0.086603 0.000000 -0.050000
vn -0.096593 0.000000 -0.025882
vn -0.096593 0.000000 -0.025882
vn -0.096593 0.000000 -0.025882
vn -0.086603 0.000000 -0.050000
vn -0.070711 0.000000 -0.070711
vn -0.050000 0.000000 -0.086603
vn -0.096593 0.000000 -0.025882
vn -0.086603 0.000000 -0.050000
vn -0.070711 0.000000 -0.070711
vn -0.050000 0.000000 -0.086603
vn -0.000000 -0.100000 -0.000000
vn -0.000000 -0.100000 -0.000000
vn -0.000000 -0.100000 -0.000000
vn -0.000000 -0.100000 -0.000000
vn 0.000000 0.100000 0.000000
vn 0.000000 0.100000 0.000000
vn 0.022252 -0.000000 0.097493
vn 0.022252 -0.000000 0.097493
vn 0.043388 -0.000000 0.090097
vn 0.043388 -0.000000 0.090097
vn 0.062349 -0.000000 0.078183
vn 0.062349 -0.000000 0.078183
vn 0.078183 -0.000000 0.062349
vn 0.078183 -0.000000 0.062349
vn 0.090097 -0.000000 0.043388
vn 0.090097 -0.000000 0.043388
vn 0.097493 -0.000000 0.022252
vn 0.097493 -0.000000 0.022252
vn 0.100000 -0.000000 0.000000
vn 0.100000 -0.000000 0.000000
vn -0.000000 -0.100000 -0.000000
vn -0.000000 -0.100000 -0.000000
vn -0.000000 -0.100000 -0.000000
vn -0.000000 -0.100000 -0.000000
vn 0.000000 0.100000 0.000000
vn 0.000000 0.100000 0.000000
vn 0.000000 0.100000 0.000000
vn 0.000000 0.100000 0.000000
vn -0.000000 0.000000 -0.100000
vn -0.000000 0.000000 -0.100000
vn -0.100000 0.000000 0.000000
vn -0.100000 0.000000 0.000000
vn -0.100000 0.000000 0.000000
vn -0.100000 0.000000 0.000000
vn -0.000000 -0.100000 -0.000000
vn -0.000000 -0.100000 -0.000000
vn -0.000000 -0.100000 -0.000000
vn -0.000000 -0.100000 -0.000000
vn -0.000000 -0.100000 -0.000000
vn -0.000000 -0.100000 -0.000000
vn -0.000000 -0.100000 -0.000000
vn -0.000000 -0.100000 -0.000000
vn -0.000000 -0.100000 -0.000000
vn -0.000000 -0.100000 -0.000000
vn -0.000000 -0.100000 -0.000000
vn -0.000000 0.000000 -0.100000
vn -0.000000 0.000000 -0.100000
vn -0.000000 0.000000 -0.100000
vn -0.000000 0.000000 -0.100000
vn 0.000000 0.100000 0.000000
vn 0.000000 0.100000 0.000000
vn 0.100000 -0.000000 -0.000000
vn 0.100000 -0.000000 -0.000000
vn 0.100000 -0.000000 -0.000000
vn 0.100000 -0.000000 -0.000000
vn 0.100000 -0.000000 -0.000000
vn 0.100000 -0.000000 -0.000000
vn 0.100000 -0.000000 -0.000000
vn 0.100000 -0.000000 -0.000000
vn 0.100000 -0.000000 -0.000000
vn 0.100000 -0.000000 -0.000000
f 1601/2571/2403 1602/2572/2404 1604/2573/2405
f 1604/2573/2405 1602/2572/2404 1603/2574/2406
f 1602/2575/2407 1605/2576/2408 1603/2577/2409
f 1603/2577/2409 1605/2576/2408 1606/2578/2410
f 1604/2579/2411 1603/2580/2412 1615/2581/2413
f 1615/2581/2413 1603/2580/2412 1606/2582/2414
f 1615/2581/2413 1606/2582/2414 1614/2583/2415
f 1614/2583/2415 1606/2582/2414 1611/2584/2416
f 1614/2583/2415 1611/2584/2416 1612/2585/2417
f 1607/2586/2418 1608/2587/2419 1606/2582/2414
f 1606/2582/2414 1608/2587/2419 1611/2584/2416
f 1608/2587/2419 1609/2588/2420 1611/2584/2416
f 1611/2584/2416 1609/2588/2420 1610/2589/2421
f 1612/2585/2417 1613/2590/2422 1614/2583/2415
f 1616/2591/2423 1617/2592/2424 1612/2593/2425
f 1612/2593/2425 1617/2592/2424 1613/2594/2426
f 1617/2595/2427 1618/2596/2428 1613/2597/2429
f 1613/2597/2429 1618/2596/2428 1614/2598/2430
f 1619/2599/2431 1620/2600/2432 1609/2601/2433
f 1609/2601/2433 1620/2600/2432 1610/2602/2434
f 1609/2603/2435 1608/2604/2436 1619/2605/2437
f 1619/2605/2437 1608/2604/2436 1621/2606/2438
f 1622/2607/2439 1621/2608/2440 1607/2609/2441
f 1607/2609/2441 1621/2608/2440 1608/2610/2442
f 1624/2611/2443 1625/2612/2444 1623/2613/2445
f 1623/2613/2445 1625/2612/2444 1626/2614/2446
f 1624/2615/2447 1628/2616/2448 1627/2617/2449
f 1627/2617/2449 1628/2616/2448 1639/2618/2450
f 1639/2618/2450 1628/2616/2448 1629/2619/2451
f 1639/2618/2450 1629/2619/2451 1638/2620/2452
f 1638/2620/2452 1629/2619/2451 1630/2621/2453
f 1638/2620/2452 1630/2621/2453 1637/2622/2454
f 1637/2622/2454 1630/2621/2453 1631/2623/2455
f 1637/2622/2454 1631/2623/2455 1636/2624/2456
f 1636/2624/2456 1631/2623/2455 1632/2625/2457
f 1636/2624/2456 1632/2625/2457 1635/2626/2458
f 1635/2626/2458 1632/2625/2457 1633/2627/2459
f 1635/2626/2458 1633/2627/2459 1615/2628/2460
f 1615/2628/2460 1633/2627/2459 1634/2629/2461
f 1645/2630/2462 1640/2631/2463 1647/2632/2464
f 1647/2632/2464 1640/2631/2463 1627/2633/2465
f 1647/2632/2464 1627/2633/2465 1646/2634/2466
f 1646/2634/2466 1627/2633/2465 1639/2635/2467
f 1646/2634/2466 1639/2635/2467 1648/2636/2468
f 1648/2636/2468 1639/2635/2467 1638/2637/2469
f 1648/2636/2468 1638/2637/2469 1650/2638/2470
f 1650/2638/2470 1638/2637/2469 1637/2639/2471
f 1650/2638/2470 1637/2639/2471 1652/2640/2472
f 1652/2640/2472 1637/2639/2471 1636/2641/2473
f 1652/2640/2472 1636/2641/2473 1654/2642/2474
f 1654/2642/2474 1636/2641/2473 1635/2643/2475
f 1654/2642/2474 1635/2643/2475 1615/2644/2413
f 1615/2644/2413 1614/2645/2415 1654/2642/2474
f 1654/2642/2474 1614/2645/2415 1655/2646/2476
f 1654/2642/2474 1655/2646/2476 1652/2640/2472
f 1652/2640/2472 1655/2646/2476 1653/2647/2477
f 1652/2640/2472 1653/2647/2477 1650/2638/2470
f 1650/2638/2470 1653/2647/2477 1651/2648/2478
f 1650/2638/2470 1651/2648/2478 1648/2636/2468
f 1648/2636/2468 1651/2648/2478 1649/2649/2479
f 1648/2636/2468 1649/2649/2479 1646/2634/2466
f 1646/2634/2466 1649/2649/2479 1647/2632/2464
f 1614/2645/2415 1641/2650/2480 1655/2646/2476
f 1655/2646/2476 1641/2650/2480 1653/2647/2477
f 1641/2650/2480 1642/2651/2481 1653/2647/2477
f 1653/2647/2477 1642/2651/2481 1651/2648/2478
f 1642/2651/2481 1643/2652/2482 1651/2648/2478
f 1651/2648/2478 1643/2652/2482 1649/2649/2479
f 1643/2652/2482 1644/2653/2483 1649/2649/2479
f 1649/2649/2479 1644/2653/2483 1647/2632/2464
f 1644/2653/2483 1645/2630/2462 1647/2632/2464
f 1623/2654/2484 1626/2655/2485 1640/2656/2486
f 1640/2656/2486 1626/2655/2485 1656/2657/2487
f 1627/2658/2449 1657/2659/2488 1624/2660/2447
f 1624/2660/2447 1657/2659/2488 1625/2661/2489
f 1624/2662/2443 1623/2663/2445 1628/2664/2490
f 1628/2664/2490 1623/2663/2445 1658/2665/2491
f 1628/2664/2490 1658/2665/2491 1629/2666/2492
f 1629/2666/2492 1658/2665/2491 1659/2667/2493
f 1629/2666/2492 1659/2667/2493 1630/2668/2494
f 1630/2668/2494 1659/2667/2493 1660/2669/2495
f 1630/2668/2494 1660/2669/2495 1631/2670/2496
f 1631/2670/2496 1660/2669/2495 1661/2671/2497
f 1631/2670/2496 1661/2671/2497 1632/2672/2498
f 1632/2672/2498 1661/2671/2497 1662/2673/2499
f 1632/2672/2498 1662/2673/2499 1633/2674/2500
f 1633/2674/2500 1662/2673/2499 1663/2675/2501
f 1633/2674/2500 1663/2675/2501 1634/2676/2502
f 1634/2676/2502 1663/2675/2501 1618/2677/2503
f 1620/2678/2504 1664/2679/2505 1610/2680/2506
f 1610/2680/2506 1664/2679/2505 1611/2681/2507
f 1607/2682/2508 1606/2683/2509 1622/2684/2510
f 1622/2684/2510 1606/2683/2509 1605/2685/2511
f 1640/2686/2463 1656/2687/2512 1627/2688/2465
f 1627/2688/2465 1656/2687/2512 1657/2689/2513
f 1657/2690/2514 1656/2691/2515 1625/2692/2516
f 1625/2692/2516 1656/2691/2515 1626/2693/2517
f 1623/2694/2484 1640/2695/2486 1658/2696/2518
f 1658/2696/2518 1640/2695/2486 1645/2697/2519
f 1658/2696/2518 1645/2697/2519 1659/2698/2520
f 1659/2698/2520 1645/2697/2519 1644/2699/2521
f 1659/2698/2520 1644/2699/2521 1660/2700/2522
f 1660/2700/2522 1644/2699/2521 1643/2701/2523
f 1660/2700/2522 1643/2701/2523 1661/2702/2524
f 1661/2702/2524 1643/2701/2523 1642/2703/2525
f 1661/2702/2524 1642/2703/2525 1662/2704/2526
f 1662/2704/2526 1642/2703/2525 1641/2705/2527
f 1662/2704/2526 1641/2705/2527 1663/2706/2528
f 1663/2706/2528 1641/2705/2527 1614/2707/2430
f 1663/2706/2528 1614/2707/2430 1618/2708/2428
f 1612/2709/2529 1611/2710/2530 1616/2711/2531
f 1616/2711/2531 1611/2710/2530 1664/2712/2532
f 1604/2713/2533 1615/2714/2460 1601/2715/2534
f 1601/2715/2534 1615/2714/2460 1634/2716/2461
f 1601/2717/2535 1634/2718/2502 1602/2719/2536
f 1602/2719/2536 1634/2718/2502 1605/2720/2537
f 1605/2720/2537 1634/2718/2502 1618/2721/2503
f 1605/2720/2537 1618/2721/2503 1664/2722/2538
f 1664/2722/2538 1618/2721/2503 1616/2723/2539
f 1616/2723/2539 1618/2721/2503 1617/2724/2540
f 1620/2725/2541 1619/2726/2542 1664/2722/2538
f 1664/2722/2538 1619/2726/2542 1621/2727/2543
f 1664/2722/2538 1621/2727/2543 1605/2720/2537
f 1605/2720/2537 1621/2727/2543 1622/2728/2544
g Body10

v 3.934919 -1.839919 0.200000
v 3.934919 -2.039919 0.000000
v 3.684919 -2.039919 0.000000
v 3.684919 -1.839919 0.200000
v 3.934919 -2.274919 0.000000
v 3.684919 -2.274919 0.000000
v 3.684919 -2.274919 -3.300000
v 3.684919 -2.474919 -3.500000
v 3.684919 -2.604919 -3.500000
v 3.684919 -2.804919 -3.300000
v 3.684919 -2.804919 0.000000
v 3.684919 -3.039919 0.000000
v 3.684919 -3.239919 0.200000
v 3.684919 -3.239919 2.093066
v 3.684919 -1.839919 2.093066
v 3.934919 -3.039919 0.000000
v 3.934919 -3.239919 0.200000
v 3.934919 -3.239919 2.093066
v 3.934919 -2.604919 -3.500000
v 3.934919 -2.804919 -3.300000
v 3.934919 -2.474919 -3.500000
v 3.934919 -2.274919 -3.300000
v 3.584919 -3.239919 2.443066
v 3.584919 -1.839919 2.443066
v 1.007853 -1.839919 2.443066
v 1.007853 -3.239919 2.443066
v 3.584919 -1.839919 2.193066
v 3.662802 -1.839919 2.434291
v 3.736779 -1.839919 2.408405
v 3.803141 -1.839919 2.366707
v 3.858560 -1.839919 2.311288
v 3.900258 -1.839919 2.244926
v 3.926144 -1.839919 2.170949
v 3.934919 -1.839919 2.093066
v 3.681512 -1.839919 2.118948
v 3.671522 -1.839919 2.143066
v 3.655630 -1.839919 2.163777
v 3.634919 -1.839919 2.179669
v 3.610801 -1.839919 2.189659
v 3.584919 -3.239919 2.193066
v 3.681512 -3.239919 2.118948
v 3.671522 -3.239919 2.143066
v 3.655630 -3.239919 2.163777
v 3.634919 -3.239919 2.179669
v 3.610801 -3.239919 2.189659
v 3.610801 -2.306586 2.189659
v 3.610801 -2.773253 2.189659
v 3.634919 -2.306586 2.179669
v 3.634919 -2.773253 2.179669
v 3.655630 -2.306586 2.163777
v 3.655630 -2.773253 2.163777
v 3.671522 -2.306586 2.143066
v 3.671522 -2.773253 2.143066
v 3.681512 -2.306586 2.118948
v 3.681512 -2.773253 2.118948
v 1.007853 -3.239919 2.193066
v 1.007853 -1.839919 2.193066
v 3.662802 -3.239919 2.434291
v 3.736779 -3.239919 2.408405
v 3.803141 -3.239919 2.366707
v 3.858560 -3.239919 2.311288
v 3.900258 -3.239919 2.244926
v 3.926144 -3.239919 2.170949
v 3.934919 -2.804919 0.000000
vt 0.014142 0.012500 0.000000
vt -0.014142 0.012500 0.000000
vt 0.014142 -0.012500 0.000000
vt -0.014142 -0.012500 0.000000
vt -0.020000 0.012500 0.000000
vt -0.043500 0.012500 0.000000
vt -0.020000 -0.012500 0.000000
vt -0.043500 -0.012500 0.000000
vt -0.230000 0.070000 0.000000
vt -0.250000 0.050000 0.000000
vt -0.040693 0.070000 0.000000
vt -0.250000 0.026500 0.000000
vt -0.040693 -0.070000 0.000000
vt -0.250000 -0.026500 0.000000
vt -0.250000 -0.050000 0.000000
vt -0.580000 0.026500 0.000000
vt -0.600000 0.006500 0.000000
vt -0.600000 -0.006500 0.000000
vt -0.580000 -0.026500 0.000000
vt -0.230000 -0.070000 0.000000
vt 0.014142 0.012500 0.000000
vt -0.014142 0.012500 0.000000
vt 0.014142 -0.012500 0.000000
vt -0.014142 -0.012500 0.000000
vt -0.020000 0.012500 0.000000
vt -0.209307 0.012500 0.000000
vt -0.020000 -0.012500 0.000000
vt -0.209307 -0.012500 0.000000
vt 0.014142 0.012500 0.000000
vt -0.014142 0.012500 0.000000
vt 0.014142 -0.012500 0.000000
vt -0.014142 -0.012500 0.000000
vt -0.033000 -0.012500 0.000000
vt -0.020000 -0.012500 0.000000
vt -0.033000 0.012500 0.000000
vt -0.020000 0.012500 0.000000
vt 0.014142 0.012500 0.000000
vt -0.014142 0.012500 0.000000
vt 0.014142 -0.012500 0.000000
vt -0.014142 -0.012500 0.000000
vt 0.007707 0.070000 0.000000
vt -0.250000 0.070000 0.000000
vt 0.007707 -0.070000 0.000000
vt -0.250000 -0.070000 0.000000
vt 0.025000 0.000000 0.000000
vt 0.024122 0.007788 0.000000
vt -0.000000 0.000000 0.000000
vt -0.000341 0.002588 0.000000
vt 0.021534 0.015186 0.000000
vt -0.001340 0.005000 0.000000
vt 0.017364 0.021822 0.000000
vt -0.002929 0.007071 0.000000
vt 0.011822 0.027364 0.000000
vt -0.005000 0.008660 0.000000
vt 0.005186 0.031534 0.000000
vt -0.007412 0.009659 0.000000
vt -0.002212 0.034122 0.000000
vt -0.010000 0.010000 0.000000
vt -0.010000 0.035000 0.000000
vt 0.070000 0.013090 0.000000
vt 0.070000 0.015708 0.000000
vt 0.023333 0.013090 0.000000
vt -0.070000 0.015708 0.000000
vt -0.023333 0.013090 0.000000
vt -0.070000 0.013090 0.000000
vt -0.023333 0.010472 0.000000
vt -0.070000 0.010472 0.000000
vt -0.023333 0.007854 0.000000
vt -0.070000 0.007854 0.000000
vt -0.023333 0.005236 0.000000
vt -0.070000 0.005236 0.000000
vt -0.023333 0.002618 0.000000
vt -0.070000 0.002618 0.000000
vt -0.070000 0.000000 0.000000
vt 0.070000 0.000000 0.000000
vt 0.023333 0.002618 0.000000
vt 0.023333 0.005236 0.000000
vt 0.023333 0.007854 0.000000
vt 0.023333 0.010472 0.000000
vt 0.070000 0.002618 0.000000
vt 0.070000 0.005236 0.000000
vt 0.070000 0.007854 0.000000
vt 0.070000 0.010472 0.000000
vt -0.242293 0.012500 0.000000
vt -0.500000 0.012500 0.000000
vt -0.242293 -0.012500 0.000000
vt -0.500000 -0.012500 0.000000
vt -0.257707 -0.012500 0.000000
vt -0.000000 -0.012500 0.000000
vt -0.257707 0.012500 0.000000
vt 0.000000 0.012500 0.000000
vt 0.070000 0.054978 0.000000
vt -0.070000 0.054978 0.000000
vt 0.070000 0.047124 0.000000
vt -0.070000 0.047124 0.000000
vt 0.070000 0.039270 0.000000
vt -0.070000 0.039270 0.000000
vt 0.070000 0.031416 0.000000
vt -0.070000 0.031416 0.000000
vt 0.070000 0.023562 0.000000
vt -0.070000 0.023562 0.000000
vt 0.070000 0.015708 0.000000
vt -0.070000 0.015708 0.000000
vt 0.070000 0.007854 0.000000
vt -0.070000 0.007854 0.000000
vt 0.070000 0.000000 0.000000
vt -0.070000 0.000000 0.000000
vt -0.020000 0.012500 0.000000
vt -0.350000 0.012500 0.000000
vt -0.020000 -0.012500 0.000000
vt -0.350000 -0.012500 0.000000
vt -0.330000 -0.012500 0.000000
vt -0.000000 -0.012500 0.000000
vt -0.330000 0.012500 0.000000
vt 0.000000 0.012500 0.000000
vt -0.007707 -0.070000 0.000000
vt 0.250000 -0.070000 0.000000
vt -0.007707 0.070000 0.000000
vt 0.250000 0.070000 0.000000
vt -0.140000 -0.012500 0.000000
vt -0.000000 -0.012500 0.000000
vt -0.140000 0.012500 0.000000
vt 0.000000 0.012500 0.000000
vt 0.000000 0.000000 0.000000
vt 0.025000 0.000000 0.000000
vt 0.000878 0.007788 0.000000
vt 0.025341 0.002588 0.000000
vt 0.003466 0.015186 0.000000
vt 0.026340 0.005000 0.000000
vt 0.007636 0.021822 0.000000
vt 0.027929 0.007071 0.000000
vt 0.013178 0.027364 0.000000
vt 0.030000 0.008660 0.000000
vt 0.019814 0.031534 0.000000
vt 0.032412 0.009659 0.000000
vt 0.027212 0.034122 0.000000
vt 0.035000 0.010000 0.000000
vt 0.035000 0.035000 0.000000
vt -0.120000 -0.012500 0.000000
vt -0.096500 -0.012500 0.000000
vt -0.120000 0.012500 0.000000
vt -0.096500 0.012500 0.000000
vt -0.480000 -0.012500 0.000000
vt -0.290693 -0.012500 0.000000
vt -0.480000 0.012500 0.000000
vt -0.290693 0.012500 0.000000
vt 0.230000 0.070000 0.000000
vt 0.040693 0.070000 0.000000
vt 0.250000 0.050000 0.000000
vt 0.250000 0.026500 0.000000
vt 0.040693 -0.070000 0.000000
vt 0.250000 -0.026500 0.000000
vt 0.250000 -0.050000 0.000000
vt 0.230000 -0.070000 0.000000
vt 0.580000 -0.026500 0.000000
vt 0.600000 -0.006500 0.000000
vt 0.600000 0.006500 0.000000
vt 0.580000 0.026500 0.000000
vn 0.000000 0.070711 -0.070711
vn 0.000000 0.070711 -0.070711
vn 0.000000 0.070711 -0.070711
vn 0.000000 0.070711 -0.070711
vn -0.000000 0.000000 -0.100000
vn -0.000000 0.000000 -0.100000
vn -0.000000 0.000000 -0.100000
vn -0.000000 0.000000 -0.100000
vn -0.100000 0.000000 0.000000
vn -0.100000 0.000000 0.000000
vn -0.100000 0.000000 0.000000
vn -0.100000 0.000000 0.000000
vn -0.100000 0.000000 0.000000
vn -0.100000 0.000000 0.000000
vn -0.100000 0.000000 0.000000
vn -0.100000 0.000000 0.000000
vn -0.100000 0.000000 0.000000
vn -0.100000 0.000000 0.000000
vn -0.100000 0.000000 0.000000
vn -0.100000 0.000000 0.000000
vn -0.000000 -0.070711 -0.070711
vn -0.000000 -0.070711 -0.070711
vn -0.000000 -0.070711 -0.070711
vn -0.000000 -0.070711 -0.070711
vn -0.000000 -0.100000 -0.000000
vn -0.000000 -0.100000 -0.000000
vn -0.000000 -0.100000 -0.000000
vn -0.000000 -0.100000 -0.000000
vn -0.000000 -0.070711 -0.070711
vn -0.000000 -0.070711 -0.070711
vn -0.000000 -0.070711 -0.070711
vn -0.000000 -0.070711 -0.070711
vn -0.000000 0.000000 -0.100000
vn -0.000000 0.000000 -0.100000
vn -0.000000 0.000000 -0.100000
vn -0.000000 0.000000 -0.100000
vn 0.000000 0.070711 -0.070711
vn 0.000000 0.070711 -0.070711
vn 0.000000 0.070711 -0.070711
vn 0.000000 0.070711 -0.070711
vn 0.000000 -0.000000 0.100000
vn 0.000000 -0.000000 0.100000
vn 0.000000 -0.000000 0.100000
vn 0.000000 -0.000000 0.100000
vn 0.000000 0.100000 0.000000
vn 0.000000 0.100000 0.000000
vn 0.000000 0.100000 0.000000
vn 0.000000 0.100000 0.000000
vn 0.000000 0.100000 0.000000
vn 0.000000 0.100000 0.000000
vn 0.000000 0.100000 0.000000
vn 0.000000 0.100000 0.000000
vn 0.000000 0.100000 0.000000
vn 0.000000 0.100000 0.000000
vn 0.000000 0.100000 0.000000
vn 0.000000 0.100000 0.000000
vn 0.000000 0.100000 0.000000
vn 0.000000 0.100000 0.000000
vn 0.000000 0.100000 0.000000
vn -0.025882 0.000000 -0.096593
vn -0.000000 0.000000 -0.100000
vn -0.025882 0.000000 -0.096593
vn -0.000000 0.000000 -0.100000
vn -0.025882 0.000000 -0.096593
vn -0.025882 0.000000 -0.096593
vn -0.050000 0.000000 -0.086603
vn -0.050000 0.000000 -0.086603
vn -0.070711 0.000000 -0.070711
vn -0.070711 0.000000 -0.070711
vn -0.086603 0.000000 -0.050000
vn -0.086603 0.000000 -0.050000
vn -0.096593 0.000000 -0.025882
vn -0.096593 0.000000 -0.025882
vn -0.096593 0.000000 -0.025882
vn -0.086603 0.000000 -0.050000
vn -0.070711 0.000000 -0.070711
vn -0.050000 0.000000 -0.086603
vn -0.096593 0.000000 -0.025882
vn -0.086603 0.000000 -0.050000
vn -0.070711 0.000000 -0.070711
vn -0.050000 0.000000 -0.086603
vn -0.000000 -0.100000 -0.000000
vn -0.000000 -0.100000 -0.000000
vn -0.000000 -0.100000 -0.000000
vn -0.000000 -0.100000 -0.000000
vn 0.000000 0.100000 0.000000
vn 0.000000 0.100000 0.000000
vn 0.022252 -0.000000 0.097493
vn 0.022252 -0.000000 0.097493
vn 0.043388 -0.000000 0.090097
vn 0.043388 -0.000000 0.090097
vn 0.062349 -0.000000 0.078183
vn 0.062349 -0.000000 0.078183
vn 0.078183 -0.000000 0.062349
vn 0.078183 -0.000000 0.062349
vn 0.090097 -0.000000 0.043388
vn 0.090097 -0.000000 0.043388
vn 0.097493 -0.000000 0.022252
vn 0.097493 -0.000000 0.022252
vn 0.100000 -0.000000 0.000000
vn 0.100000 -0.000000 0.000000
vn -0.000000 -0.100000 -0.000000
vn -0.000000 -0.100000 -0.000000
vn -0.000000 -0.100000 -0.000000
vn -0.000000 -0.100000 -0.000000
vn 0.000000 0.100000 0.000000
vn 0.000000 0.100000 0.000000
vn 0.000000 0.100000 0.000000
vn 0.000000 0.100000 0.000000
vn -0.000000 0.000000 -0.100000
vn -0.000000 0.000000 -0.100000
vn -0.100000 0.000000 0.000000
vn -0.100000 0.000000 0.000000
vn -0.100000 0.000000 0.000000
vn -0.100000 0.000000 0.000000
vn -0.000000 -0.100000 -0.000000
vn -0.000000 -0.100000 -0.000000
vn -0.000000 -0.100000 -0.000000
vn -0.000000 -0.100000 -0.000000
vn -0.000000 -0.100000 -0.000000
vn -0.000000 -0.100000 -0.000000
vn -0.000000 -0.100000 -0.000000
vn -0.000000 -0.100000 -0.000000
vn -0.000000 -0.100000 -0.000000
vn -0.000000 -0.100000 -0.000000
vn -0.000000 -0.100000 -0.000000
vn -0.000000 0.000000 -0.100000
vn -0.000000 0.000000 -0.100000
vn -0.000000 0.000000 -0.100000
vn -0.000000 0.000000 -0.100000
vn 0.000000 0.100000 0.000000
vn 0.000000 0.100000 0.000000
vn 0.100000 -0.000000 -0.000000
vn 0.100000 -0.000000 -0.000000
vn 0.100000 -0.000000 -0.000000
vn 0.100000 -0.000000 -0.000000
vn 0.100000 -0.000000 -0.000000
vn 0.100000 -0.000000 -0.000000
vn 0.100000 -0.000000 -0.000000
vn 0.100000 -0.000000 -0.000000
vn 0.100000 -0.000000 -0.000000
vn 0.100000 -0.000000 -0.000000
f 1665/2729/2545 1666/2730/2546 1668/2731/2547
f 1668/2731/2547 1666/2730/2546 1667/2732/2548
f 1666/2733/2549 1669/2734/2550 1667/2735/2551
f 1667/2735/2551 1669/2734/2550 1670/2736/2552
f 1668/2737/2553 1667/2738/2554 1679/2739/2555
f 1679/2739/2555 1667/2738/2554 1670/2740/2556
f 1679/2739/2555 1670/2740/2556 1678/2741/2557
f 1678/2741/2557 1670/2740/2556 1675/2742/2558
f 1678/2741/2557 1675/2742/2558 1676/2743/2559
f 1671/2744/2560 1672/2745/2561 1670/2740/2556
f 1670/2740/2556 1672/2745/2561 1675/2742/2558
f 1672/2745/2561 1673/2746/2562 1675/2742/2558
f 1675/2742/2558 1673/2746/2562 1674/2747/2563
f 1676/2743/2559 1677/2748/2564 1678/2741/2557
f 1680/2749/2565 1681/2750/2566 1676/2751/2567
f 1676/2751/2567 1681/2750/2566 1677/2752/2568
f 1681/2753/2569 1682/2754/2570 1677/2755/2571
f 1677/2755/2571 1682/2754/2570 1678/2756/2572
f 1683/2757/2573 1684/2758/2574 1673/2759/2575
f 1673/2759/2575 1684/2758/2574 1674/2760/2576
f 1673/2761/2577 1672/2762/2578 1683/2763/2579
f 1683/2763/2579 1672/2762/2578 1685/2764/2580
f 1686/2765/2581 1685/2766/2582 1671/2767/2583
f 1671/2767/2583 1685/2766/2582 1672/2768/2584
f 1688/2769/2585 1689/2770/2586 1687/2771/2587
f 1687/2771/2587 1689/2770/2586 1690/2772/2588
f 1688/2773/2589 1692/2774/2590 1691/2775/2591
f 1691/2775/2591 1692/2774/2590 1703/2776/2592
f 1703/2776/2592 1692/2774/2590 1693/2777/2593
f 1703/2776/2592 1693/2777/2593 1702/2778/2594
f 1702/2778/2594 1693/2777/2593 1694/2779/2595
f 1702/2778/2594 1694/2779/2595 1701/2780/2596
f 1701/2780/2596 1694/2779/2595 1695/2781/2597
f 1701/2780/2596 1695/2781/2597 1700/2782/2598
f 1700/2782/2598 1695/2781/2597 1696/2783/2599
f 1700/2782/2598 1696/2783/2599 1699/2784/2600
f 1699/2784/2600 1696/2783/2599 1697/2785/2601
f 1699/2784/2600 1697/2785/2601 1679/2786/2602
f 1679/2786/2602 1697/2785/2601 1698/2787/2603
f 1709/2788/2604 1704/2789/2605 1711/2790/2606
f 1711/2790/2606 1704/2789/2605 1691/2791/2607
f 1711/2790/2606 1691/2791/2607 1710/2792/2608
f 1710/2792/2608 1691/2791/2607 1703/2793/2609
f 1710/2792/2608 1703/2793/2609 1712/2794/2610
f 1712/2794/2610 1703/2793/2609 1702/2795/2611
f 1712/2794/2610 1702/2795/2611 1714/2796/2612
f 1714/2796/2612 1702/2795/2611 1701/2797/2613
f 1714/2796/2612 1701/2797/2613 1716/2798/2614
f 1716/2798/2614 1701/2797/2613 1700/2799/2615
f 1716/2798/2614 1700/2799/2615 1718/2800/2616
f 1718/2800/2616 1700/2799/2615 1699/2801/2617
f 1718/2800/2616 1699/2801/2617 1679/2802/2555
f 1679/2802/2555 1678/2803/2557 1718/2800/2616
f 1718/2800/2616 1678/2803/2557 1719/2804/2618
f 1718/2800/2616 1719/2804/2618 1716/2798/2614
f 1716/2798/2614 1719/2804/2618 1717/2805/2619
f 1716/2798/2614 1717/2805/2619 1714/2796/2612
f 1714/2796/2612 1717/2805/2619 1715/2806/2620
f 1714/2796/2612 1715/2806/2620 1712/2794/2610
f 1712/2794/2610 1715/2806/2620 1713/2807/2621
f 1712/2794/2610 1713/2807/2621 1710/2792/2608
f 1710/2792/2608 1713/2807/2621 1711/2790/2606
f 1678/2803/2557 1705/2808/2622 1719/2804/2618
f 1719/2804/2618 1705/2808/2622 1717/2805/2619
f 1705/2808/2622 1706/2809/2623 1717/2805/2619
f 1717/2805/2619 1706/2809/2623 1715/2806/2620
f 1706/2809/2623 1707/2810/2624 1715/2806/2620
f 1715/2806/2620 1707/2810/2624 1713/2807/2621
f 1707/2810/2624 1708/2811/2625 1713/2807/2621
f 1713/2807/2621 1708/2811/2625 1711/2790/2606
f 1708/2811/2625 1709/2788/2604 1711/2790/2606
f 1687/2812/2626 1690/2813/2627 1704/2814/2628
f 1704/2814/2628 1690/2813/2627 1720/2815/2629
f 1691/2816/2591 1721/2817/2630 1688/2818/2589
f 1688/2818/2589 1721/2817/2630 1689/2819/2631
f 1688/2820/2585 1687/2821/2587 1692/2822/2632
f 1692/2822/2632 1687/2821/2587 1722/2823/2633
f 1692/2822/2632 1722/2823/2633 1693/2824/2634
f 1693/2824/2634 1722/2823/2633 1723/2825/2635
f 1693/2824/2634 1723/2825/2635 1694/2826/2636
f 1694/2826/2636 1723/2825/2635 1724/2827/2637
f 1694/2826/2636 1724/2827/2637 1695/2828/2638
f 1695/2828/2638 1724/2827/2637 1725/2829/2639
f 1695/2828/2638 1725/2829/2639 1696/2830/2640
f 1696/2830/2640 1725/2829/2639 1726/2831/2641
f 1696/2830/2640 1726/2831/2641 1697/2832/2642
f 1697/2832/2642 1726/2831/2641 1727/2833/2643
f 1697/2832/2642 1727/2833/2643 1698/2834/2644
f 1698/2834/2644 1727/2833/2643 1682/2835/2645
f 1684/2836/2646 1728/2837/2647 1674/2838/2648
f 1674/2838/2648 1728/2837/2647 1675/2839/2649
f 1671/2840/2650 1670/2841/2651 1686/2842/2652
f 1686/2842/2652 1670/2841/2651 1669/2843/2653
f 1704/2844/2605 1720/2845/2654 1691/2846/2607
f 1691/2846/2607 1720/2845/2654 1721/2847/2655
f 1721/2848/2656 1720/2849/2657 1689/2850/2658
f 1689/2850/2658 1720/2849/2657 1690/2851/2659
f 1687/2852/2626 1704/2853/2628 1722/2854/2660
f 1722/2854/2660 1704/2853/2628 1709/2855/2661
f 1722/2854/2660 1709/2855/2661 1723/2856/2662
f 1723/2856/2662 1709/2855/2661 1708/2857/2663
f 1723/2856/2662 1708/2857/2663 1724/2858/2664
f 1724/2858/2664 1708/2857/2663 1707/2859/2665
f 1724/2858/2664 1707/2859/2665 1725/2860/2666
f 1725/2860/2666 1707/2859/2665 1706/2861/2667
f 1725/2860/2666 1706/2861/2667 1726/2862/2668
f 1726/2862/2668 1706/2861/2667 1705/2863/2669
f 1726/2862/2668 1705/2863/2669 1727/2864/2670
f 1727/2864/2670 1705/2863/2669 1678/2865/2572
f 1727/2864/2670 1678/2865/2572 1682/2866/2570
f 1676/2867/2671 1675/2868/2672 1680/2869/2673
f 1680/2869/2673 1675/2868/2672 1728/2870/2674
f 1668/2871/2675 1679/2872/2602 1665/2873/2676
f 1665/2873/2676 1679/2872/2602 1698/2874/2603
f 1665/2875/2677 1698/2876/2644 1666/2877/2678
f 1666/2877/2678 1698/2876/2644 1669/2878/2679
f 1669/2878/2679 1698/2876/2644 1682/2879/2645
f 1669/2878/2679 1682/2879/2645 1728/2880/2680
f 1728/2880/2680 1682/2879/2645 1680/2881/2681
f 1680/2881/2681 1682/2879/2645 1681/2882/2682
f 1684/2883/2683 1683/2884/2684 1728/2880/2680
f 1728/2880/2680 1683/2884/2684 1685/2885/2685
f 1728/2880/2680 1685/2885/2685 1669/2878/2679
f 1669/2878/2679 1685/2885/2685 1686/2886/2686
g Body11

v 3.934919 5.780081 0.200000
v 3.934919 5.580081 0.000000
v 3.684919 5.580081 0.000000
v 3.684919 5.780081 0.200000
v 3.934919 5.345081 0.000000
v 3.684919 5.345081 0.000000
v 3.684919 5.345081 -3.300000
v 3.684919 5.145081 -3.500000
v 3.684919 5.015081 -3.500000
v 3.684919 4.815081 -3.300000
v 3.684919 4.815081 0.000000
v 3.684919 4.580081 0.000000
v 3.684919 4.380081 0.200000
v 3.684919 4.380081 2.093066
v 3.684919 5.780081 2.093066
v 3.934919 4.580081 0.000000
v 3.934919 4.380081 0.200000
v 3.934919 4.380081 2.093066
v 3.934919 5.015081 -3.500000
v 3.934919 4.815081 -3.300000
v 3.934919 5.145081 -3.500000
v 3.934919 5.345081 -3.300000
v 3.584919 4.380081 2.443066
v 3.584919 5.780081 2.443066
v 1.007853 5.780081 2.443066
v 1.007853 4.380081 2.443066
v 3.584919 5.780081 2.193066
v 3.662802 5.780081 2.434291
v 3.736779 5.780081 2.408405
v 3.803141 5.780081 2.366707
v 3.858560 5.780081 2.311288
v 3.900258 5.780081 2.244926
v 3.926144 5.780081 2.170949
v 3.934919 5.780081 2.093066
v 3.681512 5.780081 2.118948
v 3.671522 5.780081 2.143066
v 3.655630 5.780081 2.163777
v 3.634919 5.780081 2.179669
v 3.610801 5.780081 2.189659
v 3.584919 4.380081 2.193066
v 3.681512 4.380081 2.118948
v 3.671522 4.380081 2.143066
v 3.655630 4.380081 2.163777
v 3.634919 4.380081 2.179669
v 3.610801 4.380081 2.189659
v 3.610801 5.313414 2.189659
v 3.610801 4.846747 2.189659
v 3.634919 5.313414 2.179669
v 3.634919 4.846747 2.179669
v 3.655630 5.313414 2.163777
v 3.655630 4.846747 2.163777
v 3.671522 5.313414 2.143066
v 3.671522 4.846747 2.143066
v 3.681512 5.313414 2.118948
v 3.681512 4.846747 2.118948
v 1.007853 4.380081 2.193066
v 1.007853 5.780081 2.193066
v 3.662802 4.380081 2.434291
v 3.736779 4.380081 2.408405
v 3.803141 4.380081 2.366707
v 3.858560 4.380081 2.311288
v 3.900258 4.380081 2.244926
v 3.926144 4.380081 2.170949
v 3.934919 4.815081 0.000000
vt 0.014142 0.012500 0.000000
vt -0.014142 0.012500 0.000000
vt 0.014142 -0.012500 0.000000
vt -0.014142 -0.012500 0.000000
vt -0.020000 0.012500 0.000000
vt -0.043500 0.012500 0.000000
vt -0.020000 -0.012500 0.000000
vt -0.043500 -0.012500 0.000000
vt -0.230000 0.070000 0.000000
vt -0.250000 0.050000 0.000000
vt -0.040693 0.070000 0.000000
vt -0.250000 0.026500 0.000000
vt -0.040693 -0.070000 0.000000
vt -0.250000 -0.026500 0.000000
vt -0.250000 -0.050000 0.000000
vt -0.580000 0.026500 0.000000
vt -0.600000 0.006500 0.000000
vt -0.600000 -0.006500 0.000000
vt -0.580000 -0.026500 0.000000
vt -0.230000 -0.070000 0.000000
vt 0.014142 0.012500 0.000000
vt -0.014142 0.012500 0.000000
vt 0.014142 -0.012500 0.000000
vt -0.014142 -0.012500 0.000000
vt -0.020000 0.012500 0.000000
vt -0.209307 0.012500 0.000000
vt -0.020000 -0.012500 0.000000
vt -0.209307 -0.012500 0.000000
vt 0.014142 0.012500 0.000000
vt -0.014142 0.012500 0.000000
vt 0.014142 -0.012500 0.000000
vt -0.014142 -0.012500 0.000000
vt -0.033000 -0.012500 0.000000
vt -0.020000 -0.012500 0.000000
vt -0.033000 0.012500 0.000000
vt -0.020000 0.012500 0.000000
vt 0.014142 0.012500 0.000000
vt -0.014142 0.012500 0.000000
vt 0.014142 -0.012500 0.000000
vt -0.014142 -0.012500 0.000000
vt 0.007707 0.070000 0.000000
vt -0.250000 0.070000 0.000000
vt 0.007707 -0.070000 0.000000
vt -0.250000 -0.070000 0.000000
vt 0.025000 -0.000000 0.000000
vt 0.024122 0.007788 0.000000
vt -0.000000 0.000000 0.000000
vt -0.000341 0.002588 0.000000
vt 0.021534 0.015186 0.000000
vt -0.001340 0.005000 0.000000
vt 0.017364 0.021822 0.000000
vt -0.002929 0.007071 0.000000
vt 0.011822 0.027364 0.000000
vt -0.005000 0.008660 0.000000
vt 0.005186 0.031534 0.000000
vt -0.007412 0.009659 0.000000
vt -0.002212 0.034122 0.000000
vt -0.010000 0.010000 0.000000
vt -0.010000 0.035000 0.000000
vt 0.070000 0.013090 0.000000
vt 0.070000 0.015708 0.000000
vt 0.023333 0.013090 0.000000
vt -0.070000 0.015708 0.000000
vt -0.023333 0.013090 0.000000
vt -0.070000 0.013090 0.000000
vt -0.023333 0.010472 0.000000
vt -0.070000 0.010472 0.000000
vt -0.023333 0.007854 0.000000
vt -0.070000 0.007854 0.000000
vt -0.023333 0.005236 0.000000
vt -0.070000 0.005236 0.000000
vt -0.023333 0.002618 0.000000
vt -0.070000 0.002618 0.000000
vt -0.070000 0.000000 0.000000
vt 0.070000 0.000000 0.000000
vt 0.023333 0.002618 0.000000
vt 0.023333 0.005236 0.000000
vt 0.023333 0.007854 0.000000
vt 0.023333 0.010472 0.000000
vt 0.070000 0.002618 0.000000
vt 0.070000 0.005236 0.000000
vt 0.070000 0.007854 0.000000
vt 0.070000 0.010472 0.000000
vt -0.242293 0.012500 0.000000
vt -0.500000 0.012500 0.000000
vt -0.242293 -0.012500 0.000000
vt -0.500000 -0.012500 0.000000
vt -0.257707 -0.012500 0.000000
vt -0.000000 -0.012500 0.000000
vt -0.257707 0.012500 0.000000
vt 0.000000 0.012500 0.000000
vt 0.070000 0.054978 0.000000
vt -0.070000 0.054978 0.000000
vt 0.070000 0.047124 0.000000
vt -0.070000 0.047124 0.000000
vt 0.070000 0.039270 0.000000
vt -0.070000 0.039270 0.000000
vt 0.070000 0.031416 0.000000
vt -0.070000 0.031416 0.000000
vt 0.070000 0.023562 0.000000
vt -0.070000 0.023562 0.000000
vt 0.070000 0.015708 0.000000
vt -0.070000 0.015708 0.000000
vt 0.070000 0.007854 0.000000
vt -0.070000 0.007854 0.000000
vt 0.070000 0.000000 0.000000
vt -0.070000 0.000000 0.000000
vt -0.020000 0.012500 0.000000
vt -0.350000 0.012500 0.000000
vt -0.020000 -0.012500 0.000000
vt -0.350000 -0.012500 0.000000
vt -0.330000 -0.012500 0.000000
vt -0.000000 -0.012500 0.000000
vt -0.330000 0.012500 0.000000
vt 0.000000 0.012500 0.000000
vt -0.007707 -0.070000 0.000000
vt 0.250000 -0.070000 0.000000
vt -0.007707 0.070000 0.000000
vt 0.250000 0.070000 0.000000
vt -0.140000 -0.012500 0.000000
vt -0.000000 -0.012500 0.000000
vt -0.140000 0.012500 0.000000
vt 0.000000 0.012500 0.000000
vt 0.000000 0.000000 0.000000
vt 0.025000 0.000000 0.000000
vt 0.000878 0.007788 0.000000
vt 0.025341 0.002588 0.000000
vt 0.003466 0.015186 0.000000
vt 0.026340 0.005000 0.000000
vt 0.007636 0.021822 0.000000
vt 0.027929 0.007071 0.000000
vt 0.013178 0.027364 0.000000
vt 0.030000 0.008660 0.000000
vt 0.019814 0.031534 0.000000
vt 0.032412 0.009659 0.000000
vt 0.027212 0.034122 0.000000
vt 0.035000 0.010000 0.000000
vt 0.035000 0.035000 0.000000
vt -0.120000 -0.012500 0.000000
vt -0.096500 -0.012500 0.000000
vt -0.120000 0.012500 0.000000
vt -0.096500 0.012500 0.000000
vt -0.480000 -0.012500 0.000000
vt -0.290693 -0.012500 0.000000
vt -0.480000 0.012500 0.000000
vt -0.290693 0.012500 0.000000
vt 0.230000 0.070000 0.000000
vt 0.040693 0.070000 0.000000
vt 0.250000 0.050000 0.000000
vt 0.250000 0.026500 0.000000
vt 0.040693 -0.070000 0.000000
vt 0.250000 -0.026500 0.000000
vt 0.250000 -0.050000 0.000000
vt 0.230000 -0.070000 0.000000
vt 0.580000 -0.026500 0.000000
vt 0.600000 -0.006500 0.000000
vt 0.600000 0.006500 0.000000
vt 0.580000 0.026500 0.000000
vn 0.000000 0.070711 -0.070711
vn 0.000000 0.070711 -0.070711
vn 0.000000 0.070711 -0.070711
vn 0.000000 0.070711 -0.070711
vn -0.000000 0.000000 -0.100000
vn -0.000000 0.000000 -0.100000
vn -0.000000 0.000000 -0.100000
vn -0.000000 0.000000 -0.100000
vn -0.100000 0.000000 0.000000
vn -0.100000 0.000000 0.000000
vn -0.100000 0.000000 0.000000
vn -0.100000 0.000000 0.000000
vn -0.100000 0.000000 0.000000
vn -0.100000 0.000000 0.000000
vn -0.100000 0.000000 0.000000
vn -0.100000 0.000000 0.000000
vn -0.100000 0.000000 0.000000
vn -0.100000 0.000000 0.000000
vn -0.100000 0.000000 0.000000
vn -0.100000 0.000000 0.000000
vn -0.000000 -0.070711 -0.070711
vn -0.000000 -0.070711 -0.070711
vn -0.000000 -0.070711 -0.070711
vn -0.000000 -0.070711 -0.070711
vn -0.000000 -0.100000 -0.000000
vn -0.000000 -0.100000 -0.000000
vn -0.000000 -0.100000 -0.000000
vn -0.000000 -0.100000 -0.000000
vn -0.000000 -0.070711 -0.070711
vn -0.000000 -0.070711 -0.070711
vn -0.000000 -0.070711 -0.070711
vn -0.000000 -0.070711 -0.070711
vn -0.000000 0.000000 -0.100000
vn -0.000000 0.000000 -0.100000
vn -0.000000 0.000000 -0.100000
vn -0.000000 0.000000 -0.100000
vn 0.000000 0.070711 -0.070711
vn 0.000000 0.070711 -0.070711
vn 0.000000 0.070711 -0.070711
vn 0.000000 0.070711 -0.070711
vn 0.000000 -0.000000 0.100000
vn 0.000000 -0.000000 0.100000
vn 0.000000 -0.000000 0.100000
vn 0.000000 -0.000000 0.100000
vn 0.000000 0.100000 0.000000
vn 0.000000 0.100000 0.000000
vn 0.000000 0.100000 0.000000
vn 0.000000 0.100000 0.000000
vn 0.000000 0.100000 0.000000
vn 0.000000 0.100000 0.000000
vn 0.000000 0.100000 0.000000
vn 0.000000 0.100000 0.000000
vn 0.000000 0.100000 0.000000
vn 0.000000 0.100000 0.000000
vn 0.000000 0.100000 0.000000
vn 0.000000 0.100000 0.000000
vn 0.000000 0.100000 0.000000
vn 0.000000 0.100000 0.000000
vn 0.000000 0.100000 0.000000
vn -0.025882 0.000000 -0.096593
vn -0.000000 0.000000 -0.100000
vn -0.025882 0.000000 -0.096593
vn 0.000000 0.000000 -0.100000
vn -0.025882 0.000000 -0.096593
vn -0.025882 0.000000 -0.096593
vn -0.050000 0.000000 -0.086603
vn -0.050000 0.000000 -0.086603
vn -0.070711 0.000000 -0.070711
vn -0.070711 0.000000 -0.070711
vn -0.086603 0.000000 -0.050000
vn -0.086603 0.000000 -0.050000
vn -0.096593 0.000000 -0.025882
vn -0.096593 0.000000 -0.025882
vn -0.096593 0.000000 -0.025882
vn -0.086603 0.000000 -0.050000
vn -0.070711 0.000000 -0.070711
vn -0.050000 0.000000 -0.086603
vn -0.096593 0.000000 -0.025882
vn -0.086603 0.000000 -0.050000
vn -0.070711 0.000000 -0.070711
vn -0.050000 0.000000 -0.086603
vn -0.000000 -0.100000 -0.000000
vn -0.000000 -0.100000 -0.000000
vn -0.000000 -0.100000 -0.000000
vn -0.000000 -0.100000 -0.000000
vn 0.000000 0.100000 0.000000
vn 0.000000 0.100000 0.000000
vn 0.022252 -0.000000 0.097493
vn 0.022252 -0.000000 0.097493
vn 0.043388 -0.000000 0.090097
vn 0.043388 -0.000000 0.090097
vn 0.062349 -0.000000 0.078183
vn 0.062349 -0.000000 0.078183
vn 0.078183 -0.000000 0.062349
vn 0.078183 -0.000000 0.062349
vn 0.090097 -0.000000 0.043388
vn 0.090097 -0.000000 0.043388
vn 0.097493 -0.000000 0.022252
vn 0.097493 -0.000000 0.022252
vn 0.100000 -0.000000 0.000000
vn 0.100000 -0.000000 0.000000
vn -0.000000 -0.100000 -0.000000
vn -0.000000 -0.100000 -0.000000
vn -0.000000 -0.100000 -0.000000
vn -0.000000 -0.100000 -0.000000
vn 0.000000 0.100000 0.000000
vn 0.000000 0.100000 0.000000
vn 0.000000 0.100000 0.000000
vn 0.000000 0.100000 0.000000
vn -0.000000 0.000000 -0.100000
vn -0.000000 0.000000 -0.100000
vn -0.100000 0.000000 0.000000
vn -0.100000 0.000000 0.000000
vn -0.100000 0.000000 0.000000
vn -0.100000 0.000000 0.000000
vn -0.000000 -0.100000 -0.000000
vn -0.000000 -0.100000 -0.000000
vn -0.000000 -0.100000 -0.000000
vn -0.000000 -0.100000 -0.000000
vn -0.000000 -0.100000 -0.000000
vn -0.000000 -0.100000 -0.000000
vn -0.000000 -0.100000 -0.000000
vn -0.000000 -0.100000 -0.000000
vn -0.000000 -0.100000 -0.000000
vn -0.000000 -0.100000 -0.000000
vn -0.000000 -0.100000 -0.000000
vn -0.000000 0.000000 -0.100000
vn -0.000000 0.000000 -0.100000
vn -0.000000 0.000000 -0.100000
vn -0.000000 0.000000 -0.100000
vn 0.000000 0.100000 0.000000
vn 0.000000 0.100000 0.000000
vn 0.100000 -0.000000 -0.000000
vn 0.100000 -0.000000 -0.000000
vn 0.100000 -0.000000 -0.000000
vn 0.100000 -0.000000 -0.000000
vn 0.100000 -0.000000 -0.000000
vn 0.100000 -0.000000 -0.000000
vn 0.100000 -0.000000 -0.000000
vn 0.100000 -0.000000 -0.000000
vn 0.100000 -0.000000 -0.000000
vn 0.100000 -0.000000 -0.000000
f 1729/2887/2687 1730/2888/2688 1732/2889/2689
f 1732/2889/2689 1730/2888/2688 1731/2890/2690
f 1730/2891/2691 1733/2892/2692 1731/2893/2693
f 1731/2893/2693 1733/2892/2692 1734/2894/2694
f 1732/2895/2695 1731/2896/2696 1743/2897/2697
f 1743/2897/2697 1731/2896/2696 1734/2898/2698
f 1743/2897/2697 1734/2898/2698 1742/2899/2699
f 1742/2899/2699 1734/2898/2698 1739/2900/2700
f 1742/2899/2699 1739/2900/2700 1740/2901/2701
f 1735/2902/2702 1736/2903/2703 1734/2898/2698
f 1734/2898/2698 1736/2903/2703 1739/2900/2700
f 1736/2903/2703 1737/2904/2704 1739/2900/2700
f 1739/2900/2700 1737/2904/2704 1738/2905/2705
f 1740/2901/2701 1741/2906/2706 1742/2899/2699
f 1744/2907/2707 1745/2908/2708 1740/2909/2709
f 1740/2909/2709 1745/2908/2708 1741/2910/2710
f 1745/2911/2711 1746/2912/2712 1741/2913/2713
f 1741/2913/2713 1746/2912/2712 1742/2914/2714
f 1747/2915/2715 1748/2916/2716 1737/2917/2717
f 1737/2917/2717 1748/2916/2716 1738/2918/2718
f 1737/2919/2719 1736/2920/2720 1747/2921/2721
f 1747/2921/2721 1736/2920/2720 1749/2922/2722
f 1750/2923/2723 1749/2924/2724 1735/2925/2725
f 1735/2925/2725 1749/2924/2724 1736/2926/2726
f 1752/2927/2727 1753/2928/2728 1751/2929/2729
f 1751/2929/2729 1753/2928/2728 1754/2930/2730
f 1752/2931/2731 1756/2932/2732 1755/2933/2733
f 1755/2933/2733 1756/2932/2732 1767/2934/2734
f 1767/2934/2734 1756/2932/2732 1757/2935/2735
f 1767/2934/2734 1757/2935/2735 1766/2936/2736
f 1766/2936/2736 1757/2935/2735 1758/2937/2737
f 1766/2936/2736 1758/2937/2737 1765/2938/2738
f 1765/2938/2738 1758/2937/2737 1759/2939/2739
f 1765/2938/2738 1759/2939/2739 1764/2940/2740
f 1764/2940/2740 1759/2939/2739 1760/2941/2741
f 1764/2940/2740 1760/2941/2741 1763/2942/2742
f 1763/2942/2742 1760/2941/2741 1761/2943/2743
f 1763/2942/2742 1761/2943/2743 1743/2944/2744
f 1743/2944/2744 1761/2943/2743 1762/2945/2745
f 1773/2946/2746 1768/2947/2747 1775/2948/2748
f 1775/2948/2748 1768/2947/2747 1755/2949/2749
f 1775/2948/2748 1755/2949/2749 1774/2950/2750
f 1774/2950/2750 1755/2949/2749 1767/2951/2751
f 1774/2950/2750 1767/2951/2751 1776/2952/2752
f 1776/2952/2752 1767/2951/2751 1766/2953/2753
f 1776/2952/2752 1766/2953/2753 1778/2954/2754
f 1778/2954/2754 1766/2953/2753 1765/2955/2755
f 1778/2954/2754 1765/2955/2755 1780/2956/2756
f 1780/2956/2756 1765/2955/2755 1764/2957/2757
f 1780/2956/2756 1764/2957/2757 1782/2958/2758
f 1782/2958/2758 1764/2957/2757 1763/2959/2759
f 1782/2958/2758 1763/2959/2759 1743/2960/2697
f 1743/2960/2697 1742/2961/2699 1782/2958/2758
f 1782/2958/2758 1742/2961/2699 1783/2962/2760
f 1782/2958/2758 1783/2962/2760 1780/2956/2756
f 1780/2956/2756 1783/2962/2760 1781/2963/2761
f 1780/2956/2756 1781/2963/2761 1778/2954/2754
f 1778/2954/2754 1781/2963/2761 1779/2964/2762
f 1778/2954/2754 1779/2964/2762 1776/2952/2752
f 1776/2952/2752 1779/2964/2762 1777/2965/2763
f 1776/2952/2752 1777/2965/2763 1774/2950/2750
f 1774/2950/2750 1777/2965/2763 1775/2948/2748
f 1742/2961/2699 1769/2966/2764 1783/2962/2760
f 1783/2962/2760 1769/2966/2764 1781/2963/2761
f 1769/2966/2764 1770/2967/2765 1781/2963/2761
f 1781/2963/2761 1770/2967/2765 1779/2964/2762
f 1770/2967/2765 1771/2968/2766 1779/2964/2762
f 1779/2964/2762 1771/2968/2766 1777/2965/2763
f 1771/2968/2766 1772/2969/2767 1777/2965/2763
f 1777/2965/2763 1772/2969/2767 1775/2948/2748
f 1772/2969/2767 1773/2946/2746 1775/2948/2748
f 1751/2970/2768 1754/2971/2769 1768/2972/2770
f 1768/2972/2770 1754/2971/2769 1784/2973/2771
f 1755/2974/2733 1785/2975/2772 1752/2976/2731
f 1752/2976/2731 1785/2975/2772 1753/2977/2773
f 1752/2978/2727 1751/2979/2729 1756/2980/2774
f 1756/2980/2774 1751/2979/2729 1786/2981/2775
f 1756/2980/2774 1786/2981/2775 1757/2982/2776
f 1757/2982/2776 1786/2981/2775 1787/2983/2777
f 1757/2982/2776 1787/2983/2777 1758/2984/2778
f 1758/2984/2778 1787/2983/2777 1788/2985/2779
f 1758/2984/2778 1788/2985/2779 1759/2986/2780
f 1759/2986/2780 1788/2985/2779 1789/2987/2781
f 1759/2986/2780 1789/2987/2781 1760/2988/2782
f 1760/2988/2782 1789/2987/2781 1790/2989/2783
f 1760/2988/2782 1790/2989/2783 1761/2990/2784
f 1761/2990/2784 1790/2989/2783 1791/2991/2785
f 1761/2990/2784 1791/2991/2785 1762/2992/2786
f 1762/2992/2786 1791/2991/2785 1746/2993/2787
f 1748/2994/2788 1792/2995/2789 1738/2996/2790
f 1738/2996/2790 1792/2995/2789 1739/2997/2791
f 1735/2998/2792 1734/2999/2793 1750/3000/2794
f 1750/3000/2794 1734/2999/2793 1733/3001/2795
f 1768/3002/2747 1784/3003/2796 1755/3004/2749
f 1755/3004/2749 1784/3003/2796 1785/3005/2797
f 1785/3006/2798 1784/3007/2799 1753/3008/2800
f 1753/3008/2800 1784/3007/2799 1754/3009/2801
f 1751/3010/2768 1768/3011/2770 1786/3012/2802
f 1786/3012/2802 1768/3011/2770 1773/3013/2803
f 1786/3012/2802 1773/3013/2803 1787/3014/2804
f 1787/3014/2804 1773/3013/2803 1772/3015/2805
f 1787/3014/2804 1772/3015/2805 1788/3016/2806
f 1788/3016/2806 1772/3015/2805 1771/3017/2807
f 1788/3016/2806 1771/3017/2807 1789/3018/2808
f 1789/3018/2808 1771/3017/2807 1770/3019/2809
f 1789/3018/2808 1770/3019/2809 1790/3020/2810
f 1790/3020/2810 1770/3019/2809 1769/3021/2811
f 1790/3020/2810 1769/3021/2811 1791/3022/2812
f 1791/3022/2812 1769/3021/2811 1742/3023/2714
f 1791/3022/2812 1742/3023/2714 1746/3024/2712
f 1740/3025/2813 1739/3026/2814 1744/3027/2815
f 1744/3027/2815 1739/3026/2814 1792/3028/2816
f 1732/3029/2817 1743/3030/2744 1729/3031/2818
f 1729/3031/2818 1743/3030/2744 1762/3032/2745
f 1729/3033/2819 1762/3034/2786 1730/3035/2820
f 1730/3035/2820 1762/3034/2786 1733/3036/2821
f 1733/3036/2821 1762/3034/2786 1746/3037/2787
f 1733/3036/2821 1746/3037/2787 1792/3038/2822
f 1792/3038/2822 1746/3037/2787 1744/3039/2823
f 1744/3039/2823 1746/3037/2787 1745/3040/2824
f 1748/3041/2825 1747/3042/2826 1792/3038/2822
f 1792/3038/2822 1747/3042/2826 1749/3043/2827
f 1792/3038/2822 1749/3043/2827 1733/3036/2821
f 1733/3036/2821 1749/3043/2827 1750/3044/2828
g Body12

v 3.934919 -4.379919 0.200000
v 3.934919 -4.579919 -0.000000
v 3.684919 -4.579919 -0.000000
v 3.684919 -4.379919 0.200000
v 3.934919 -4.814919 -0.000000
v 3.684919 -4.814919 -0.000000
v 3.684919 -4.814919 -3.300000
v 3.684919 -5.014919 -3.500000
v 3.684919 -5.144919 -3.500000
v 3.684919 -5.344919 -3.300000
v 3.684919 -5.344919 -0.000000
v 3.684919 -5.579919 -0.000000
v 3.684919 -5.779919 0.200000
v 3.684919 -5.779919 2.093066
v 3.684919 -4.379919 2.093066
v 3.934919 -5.579919 -0.000000
v 3.934919 -5.779919 0.200000
v 3.934919 -5.779919 2.093066
v 3.934919 -5.144919 -3.500000
v 3.934919 -5.344919 -3.300000
v 3.934919 -5.014919 -3.500000
v 3.934919 -4.814919 -3.300000
v 3.584919 -5.779919 2.443066
v 3.584919 -4.379919 2.443066
v 1.007853 -4.379919 2.443066
v 1.007853 -5.779919 2.443066
v 3.584919 -4.379919 2.193066
v 3.662802 -4.379919 2.434291
v 3.736779 -4.379919 2.408405
v 3.803141 -4.379919 2.366707
v 3.858560 -4.379919 2.311288
v 3.900258 -4.379919 2.244926
v 3.926144 -4.379919 2.170949
v 3.934919 -4.379919 2.093066
v 3.681512 -4.379919 2.118948
v 3.671522 -4.379919 2.143066
v 3.655630 -4.379919 2.163777
v 3.634919 -4.379919 2.179669
v 3.610801 -4.379919 2.189659
v 3.584919 -5.779919 2.193066
v 3.681512 -5.779919 2.118948
v 3.671522 -5.779919 2.143066
v 3.655630 -5.779919 2.163777
v 3.634919 -5.779919 2.179669
v 3.610801 -5.779919 2.189659
v 3.610801 -4.846586 2.189659
v 3.610801 -5.313253 2.189659
v 3.634919 -4.846586 2.179669
v 3.634919 -5.313253 2.179669
v 3.655630 -4.846586 2.163777
v 3.655630 -5.313253 2.163777
v 3.671522 -4.846586 2.143066
v 3.671522 -5.313253 2.143066
v 3.681512 -4.846586 2.118948
v 3.681512 -5.313253 2.118948
v 1.007853 -5.779919 2.193066
v 1.007853 -4.379919 2.193066
v 3.662802 -5.779919 2.434291
v 3.736779 -5.779919 2.408405
v 3.803141 -5.779919 2.366707
v 3.858560 -5.779919 2.311288
v 3.900258 -5.779919 2.244926
v 3.926144 -5.779919 2.170949
v 3.934919 -5.344919 -0.000000
vt 0.014142 0.012500 0.000000
vt -0.014142 0.012500 0.000000
vt 0.014142 -0.012500 0.000000
vt -0.014142 -0.012500 0.000000
vt -0.020000 0.012500 0.000000
vt -0.043500 0.012500 0.000000
vt -0.020000 -0.012500 0.000000
vt -0.043500 -0.012500 0.000000
vt -0.230000 0.070000 0.000000
vt -0.250000 0.050000 0.000000
vt -0.040693 0.070000 0.000000
vt -0.250000 0.026500 0.000000
vt -0.040693 -0.070000 0.000000
vt -0.250000 -0.026500 0.000000
vt -0.250000 -0.050000 0.000000
vt -0.580000 0.026500 0.000000
vt -0.600000 0.006500 0.000000
vt -0.600000 -0.006500 0.000000
vt -0.580000 -0.026500 0.000000
vt -0.230000 -0.070000 0.000000
vt 0.014142 0.012500 0.000000
vt -0.014142 0.012500 0.000000
vt 0.014142 -0.012500 0.000000
vt -0.014142 -0.012500 0.000000
vt -0.020000 0.012500 0.000000
vt -0.209307 0.012500 0.000000
vt -0.020000 -0.012500 0.000000
vt -0.209307 -0.012500 0.000000
vt 0.014142 0.012500 0.000000
vt -0.014142 0.012500 0.000000
vt 0.014142 -0.012500 0.000000
vt -0.014142 -0.012500 0.000000
vt -0.033000 -0.012500 0.000000
vt -0.020000 -0.012500 0.000000
vt -0.033000 0.012500 0.000000
vt -0.020000 0.012500 0.000000
vt 0.014142 0.012500 0.000000
vt -0.014142 0.012500 0.000000
vt 0.014142 -0.012500 0.000000
vt -0.014142 -0.012500 0.000000
vt 0.007707 0.070000 0.000000
vt -0.250000 0.070000 0.000000
vt 0.007707 -0.070000 0.000000
vt -0.250000 -0.070000 0.000000
vt 0.025000 -0.000000 0.000000
vt 0.024122 0.007788 0.000000
vt -0.000000 0.000000 0.000000
vt -0.000341 0.002588 0.000000
vt 0.021534 0.015186 0.000000
vt -0.001340 0.005000 0.000000
vt 0.017364 0.021822 0.000000
vt -0.002929 0.007071 0.000000
vt 0.011822 0.027364 0.000000
vt -0.005000 0.008660 0.000000
vt 0.005186 0.031534 0.000000
vt -0.007412 0.009659 0.000000
vt -0.002212 0.034122 0.000000
vt -0.010000 0.010000 0.000000
vt -0.010000 0.035000 0.000000
vt 0.070000 0.013090 0.000000
vt 0.070000 0.015708 0.000000
vt 0.023333 0.013090 0.000000
vt -0.070000 0.015708 0.000000
vt -0.023333 0.013090 0.000000
vt -0.070000 0.013090 0.000000
vt -0.023333 0.010472 0.000000
vt -0.070000 0.010472 0.000000
vt -0.023333 0.007854 0.000000
vt -0.070000 0.007854 0.000000
vt -0.023333 0.005236 0.000000
vt -0.070000 0.005236 0.000000
vt -0.023333 0.002618 0.000000
vt -0.070000 0.002618 0.000000
vt -0.070000 0.000000 0.000000
vt 0.070000 0.000000 0.000000
vt 0.023333 0.002618 0.000000
vt 0.023333 0.005236 0.000000
vt 0.023333 0.007854 0.000000
vt 0.023333 0.010472 0.000000
vt 0.070000 0.002618 0.000000
vt 0.070000 0.005236 0.000000
vt 0.070000 0.007854 0.000000
vt 0.070000 0.010472 0.000000
vt -0.242293 0.012500 0.000000
vt -0.500000 0.012500 0.000000
vt -0.242293 -0.012500 0.000000
vt -0.500000 -0.012500 0.000000
vt -0.257707 -0.012500 0.000000
vt -0.000000 -0.012500 0.000000
vt -0.257707 0.012500 0.000000
vt 0.000000 0.012500 0.000000
vt 0.070000 0.054978 0.000000
vt -0.070000 0.054978 0.000000
vt 0.070000 0.047124 0.000000
vt -0.070000 0.047124 0.000000
vt 0.070000 0.039270 0.000000
vt -0.070000 0.039270 0.000000
vt 0.070000 0.031416 0.000000
vt -0.070000 0.031416 0.000000
vt 0.070000 0.023562 0.000000
vt -0.070000 0.023562 0.000000
vt 0.070000 0.015708 0.000000
vt -0.070000 0.015708 0.000000
vt 0.070000 0.007854 0.000000
vt -0.070000 0.007854 0.000000
vt 0.070000 0.000000 0.000000
vt -0.070000 0.000000 0.000000
vt -0.020000 0.012500 0.000000
vt -0.350000 0.012500 0.000000
vt -0.020000 -0.012500 0.000000
vt -0.350000 -0.012500 0.000000
vt -0.330000 -0.012500 0.000000
vt -0.000000 -0.012500 0.000000
vt -0.330000 0.012500 0.000000
vt 0.000000 0.012500 0.000000
vt -0.007707 -0.070000 0.000000
vt 0.250000 -0.070000 0.000000
vt -0.007707 0.070000 0.000000
vt 0.250000 0.070000 0.000000
vt -0.140000 -0.012500 0.000000
vt -0.000000 -0.012500 0.000000
vt -0.140000 0.012500 0.000000
vt 0.000000 0.012500 0.000000
vt 0.000000 0.000000 0.000000
vt 0.025000 0.000000 0.000000
vt 0.000878 0.007788 0.000000
vt 0.025341 0.002588 0.000000
vt 0.003466 0.015186 0.000000
vt 0.026340 0.005000 0.000000
vt 0.007636 0.021822 0.000000
vt 0.027929 0.007071 0.000000
vt 0.013178 0.027364 0.000000
vt 0.030000 0.008660 0.000000
vt 0.019814 0.031534 0.000000
vt 0.032412 0.009659 0.000000
vt 0.027212 0.034122 0.000000
vt 0.035000 0.010000 0.000000
vt 0.035000 0.035000 0.000000
vt -0.120000 -0.012500 0.000000
vt -0.096500 -0.012500 0.000000
vt -0.120000 0.012500 0.000000
vt -0.096500 0.012500 0.000000
vt -0.480000 -0.012500 0.000000
vt -0.290693 -0.012500 0.000000
vt -0.480000 0.012500 0.000000
vt -0.290693 0.012500 0.000000
vt 0.230000 0.070000 0.000000
vt 0.040693 0.070000 0.000000
vt 0.250000 0.050000 0.000000
vt 0.250000 0.026500 0.000000
vt 0.040693 -0.070000 0.000000
vt 0.250000 -0.026500 0.000000
vt 0.250000 -0.050000 0.000000
vt 0.230000 -0.070000 0.000000
vt 0.580000 -0.026500 0.000000
vt 0.600000 -0.006500 0.000000
vt 0.600000 0.006500 0.000000
vt 0.580000 0.026500 0.000000
vn 0.000000 0.070711 -0.070711
vn 0.000000 0.070711 -0.070711
vn 0.000000 0.070711 -0.070711
vn 0.000000 0.070711 -0.070711
vn -0.000000 0.000000 -0.100000
vn -0.000000 0.000000 -0.100000
vn -0.000000 0.000000 -0.100000
vn -0.000000 0.000000 -0.100000
vn -0.100000 0.000000 0.000000
vn -0.100000 0.000000 0.000000
vn -0.100000 0.000000 0.000000
vn -0.100000 0.000000 0.000000
vn -0.100000 0.000000 0.000000
vn -0.100000 0.000000 0.000000
vn -0.100000 0.000000 0.000000
vn -0.100000 0.000000 0.000000
vn -0.100000 0.000000 0.000000
vn -0.100000 0.000000 0.000000
vn -0.100000 0.000000 0.000000
vn -0.100000 0.000000 0.000000
vn -0.000000 -0.070711 -0.070711
vn -0.000000 -0.070711 -0.070711
vn -0.000000 -0.070711 -0.070711
vn -0.000000 -0.070711 -0.070711
vn -0.000000 -0.100000 -0.000000
vn -0.000000 -0.100000 -0.000000
vn -0.000000 -0.100000 -0.000000
vn -0.000000 -0.100000 -0.000000
vn -0.000000 -0.070711 -0.070711
vn -0.000000 -0.070711 -0.070711
vn -0.000000 -0.070711 -0.070711
vn -0.000000 -0.070711 -0.070711
vn -0.000000 0.000000 -0.100000
vn -0.000000 0.000000 -0.100000
vn -0.000000 0.000000 -0.100000
vn -0.000000 0.000000 -0.100000
vn 0.000000 0.070711 -0.070711
vn 0.000000 0.070711 -0.070711
vn 0.000000 0.070711 -0.070711
vn 0.000000 0.070711 -0.070711
vn 0.000000 -0.000000 0.100000
vn 0.000000 -0.000000 0.100000
vn 0.000000 -0.000000 0.100000
vn 0.000000 -0.000000 0.100000
vn 0.000000 0.100000 0.000000
vn 0.000000 0.100000 0.000000
vn 0.000000 0.100000 0.000000
vn 0.000000 0.100000 0.000000
vn 0.000000 0.100000 0.000000
vn 0.000000 0.100000 0.000000
vn 0.000000 0.100000 0.000000
vn 0.000000 0.100000 0.000000
vn 0.000000 0.100000 0.000000
vn 0.000000 0.100000 0.000000
vn 0.000000 0.100000 0.000000
vn 0.000000 0.100000 0.000000
vn 0.000000 0.100000 0.000000
vn 0.000000 0.100000 0.000000
vn 0.000000 0.100000 0.000000
vn -0.025882 0.000000 -0.096593
vn 0.000000 0.000000 -0.100000
vn -0.025882 0.000000 -0.096593
vn 0.000000 0.000000 -0.100000
vn -0.025882 0.000000 -0.096593
vn -0.025882 0.000000 -0.096593
vn -0.050000 0.000000 -0.086603
vn -0.050000 0.000000 -0.086603
vn -0.070711 0.000000 -0.070711
vn -0.070711 0.000000 -0.070711
vn -0.086603 0.000000 -0.050000
vn -0.086603 0.000000 -0.050000
vn -0.096593 0.000000 -0.025882
vn -0.096593 0.000000 -0.025882
vn -0.096593 0.000000 -0.025882
vn -0.086603 0.000000 -0.050000
vn -0.070711 0.000000 -0.070711
vn -0.050000 0.000000 -0.086603
vn -0.096593 0.000000 -0.025882
vn -0.086603 0.000000 -0.050000
vn -0.070711 0.000000 -0.070711
vn -0.050000 0.000000 -0.086603
vn -0.000000 -0.100000 -0.000000
vn -0.000000 -0.100000 -0.000000
vn -0.000000 -0.100000 -0.000000
vn -0.000000 -0.100000 -0.000000
vn 0.000000 0.100000 0.000000
vn 0.000000 0.100000 0.000000
vn 0.022252 -0.000000 0.097493
vn 0.022252 -0.000000 0.097493
vn 0.043388 -0.000000 0.090097
vn 0.043388 -0.000000 0.090097
vn 0.062349 -0.000000 0.078183
vn 0.062349 -0.000000 0.078183
vn 0.078183 -0.000000 0.062349
vn 0.078183 -0.000000 0.062349
vn 0.090097 -0.000000 0.043388
vn 0.090097 -0.000000 0.043388
vn 0.097493 -0.000000 0.022252
vn 0.097493 -0.000000 0.022252
vn 0.100000 -0.000000 0.000000
vn 0.100000 -0.000000 0.000000
vn -0.000000 -0.100000 -0.000000
vn -0.000000 -0.100000 -0.000000
vn -0.000000 -0.100000 -0.000000
vn -0.000000 -0.100000 -0.000000
vn 0.000000 0.100000 0.000000
vn 0.000000 0.100000 0.000000
vn 0.000000 0.100000 0.000000
vn 0.000000 0.100000 0.000000
vn -0.000000 0.000000 -0.100000
vn -0.000000 0.000000 -0.100000
vn -0.100000 0.000000 0.000000
vn -0.100000 0.000000 0.000000
vn -0.100000 0.000000 0.000000
vn -0.100000 0.000000 0.000000
vn -0.000000 -0.100000 -0.000000
vn -0.000000 -0.100000 -0.000000
vn -0.000000 -0.100000 -0.000000
vn -0.000000 -0.100000 -0.000000
vn -0.000000 -0.100000 -0.000000
vn -0.000000 -0.100000 -0.000000
vn -0.000000 -0.100000 -0.000000
vn -0.000000 -0.100000 -0.000000
vn -0.000000 -0.100000 -0.000000
vn -0.000000 -0.100000 -0.000000
vn -0.000000 -0.100000 -0.000000
vn -0.000000 0.000000 -0.100000
vn -0.000000 0.000000 -0.100000
vn -0.000000 0.000000 -0.100000
vn -0.000000 0.000000 -0.100000
vn 0.000000 0.100000 0.000000
vn 0.000000 0.100000 0.000000
vn 0.100000 -0.000000 -0.000000
vn 0.100000 -0.000000 -0.000000
vn 0.100000 -0.000000 -0.000000
vn 0.100000 -0.000000 -0.000000
vn 0.100000 -0.000000 -0.000000
vn 0.100000 -0.000000 -0.000000
vn 0.100000 -0.000000 -0.000000
vn 0.100000 -0.000000 -0.000000
vn 0.100000 -0.000000 -0.000000
vn 0.100000 -0.000000 -0.000000
f 1793/3045/2829 1794/3046/2830 1796/3047/2831
f 1796/3047/2831 1794/3046/2830 1795/3048/2832
f 1794/3049/2833 1797/3050/2834 1795/3051/2835
f 1795/3051/2835 1797/3050/2834 1798/3052/2836
f 1796/3053/2837 1795/3054/2838 1807/3055/2839
f 1807/3055/2839 1795/3054/2838 1798/3056/2840
f 1807/3055/2839 1798/3056/2840 1806/3057/2841
f 1806/3057/2841 1798/3056/2840 1803/3058/2842
f 1806/3057/2841 1803/3058/2842 1804/3059/2843
f 1799/3060/2844 1800/3061/2845 1798/3056/2840
f 1798/3056/2840 1800/3061/2845 1803/3058/2842
f 1800/3061/2845 1801/3062/2846 1803/3058/2842
f 1803/3058/2842 1801/3062/2846 1802/3063/2847
f 1804/3059/2843 1805/3064/2848 1806/3057/2841
f 1808/3065/2849 1809/3066/2850 1804/3067/2851
f 1804/3067/2851 1809/3066/2850 1805/3068/2852
f 1809/3069/2853 1810/3070/2854 1805/3071/2855
f 1805/3071/2855 1810/3070/2854 1806/3072/2856
f 1811/3073/2857 1812/3074/2858 1801/3075/2859
f 1801/3075/2859 1812/3074/2858 1802/3076/2860
f 1801/3077/2861 1800/3078/2862 1811/3079/2863
f 1811/3079/2863 1800/3078/2862 1813/3080/2864
f 1814/3081/2865 1813/3082/2866 1799/3083/2867
f 1799/3083/2867 1813/3082/2866 1800/3084/2868
f 1816/3085/2869 1817/3086/2870 1815/3087/2871
f 1815/3087/2871 1817/3086/2870 1818/3088/2872
f 1816/3089/2873 1820/3090/2874 1819/3091/2875
f 1819/3091/2875 1820/3090/2874 1831/3092/2876
f 1831/3092/2876 1820/3090/2874 1821/3093/2877
f 1831/3092/2876 1821/3093/2877 1830/3094/2878
f 1830/3094/2878 1821/3093/2877 1822/3095/2879
f 1830/3094/2878 1822/3095/2879 1829/3096/2880
f 1829/3096/2880 1822/3095/2879 1823/3097/2881
f 1829/3096/2880 1823/3097/2881 1828/3098/2882
f 1828/3098/2882 1823/3097/2881 1824/3099/2883
f 1828/3098/2882 1824/3099/2883 1827/3100/2884
f 1827/3100/2884 1824/3099/2883 1825/3101/2885
f 1827/3100/2884 1825/3101/2885 1807/3102/2886
f 1807/3102/2886 1825/3101/2885 1826/3103/2887
f 1837/3104/2888 1832/3105/2889 1839/3106/2890
f 1839/3106/2890 1832/3105/2889 1819/3107/2891
f 1839/3106/2890 1819/3107/2891 1838/3108/2892
f 1838/3108/2892 1819/3107/2891 1831/3109/2893
f 1838/3108/2892 1831/3109/2893 1840/3110/2894
f 1840/3110/2894 1831/3109/2893 1830/3111/2895
f 1840/3110/2894 1830/3111/2895 1842/3112/2896
f 1842/3112/2896 1830/3111/2895 1829/3113/2897
f 1842/3112/2896 1829/3113/2897 1844/3114/2898
f 1844/3114/2898 1829/3113/2897 1828/3115/2899
f 1844/3114/2898 1828/3115/2899 1846/3116/2900
f 1846/3116/2900 1828/3115/2899 1827/3117/2901
f 1846/3116/2900 1827/3117/2901 1807/3118/2839
f 1807/3118/2839 1806/3119/2841 1846/3116/2900
f 1846/3116/2900 1806/3119/2841 1847/3120/2902
f 1846/3116/2900 1847/3120/2902 1844/3114/2898
f 1844/3114/2898 1847/3120/2902 1845/3121/2903
f 1844/3114/2898 1845/3121/2903 1842/3112/2896
f 1842/3112/2896 1845/3121/2903 1843/3122/2904
f 1842/3112/2896 1843/3122/2904 1840/3110/2894
f 1840/3110/2894 1843/3122/2904 1841/3123/2905
f 1840/3110/2894 1841/3123/2905 1838/3108/2892
f 1838/3108/2892 1841/3123/2905 1839/3106/2890
f 1806/3119/2841 1833/3124/2906 1847/3120/2902
f 1847/3120/2902 1833/3124/2906 1845/3121/2903
f 1833/3124/2906 1834/3125/2907 1845/3121/2903
f 1845/3121/2903 1834/3125/2907 1843/3122/2904
f 1834/3125/2907 1835/3126/2908 1843/3122/2904
f 1843/3122/2904 1835/3126/2908 1841/3123/2905
f 1835/3126/2908 1836/3127/2909 1841/3123/2905
f 1841/3123/2905 1836/3127/2909 1839/3106/2890
f 1836/3127/2909 1837/3104/2888 1839/3106/2890
f 1815/3128/2910 1818/3129/2911 1832/3130/2912
f 1832/3130/2912 1818/3129/2911 1848/3131/2913
f 1819/3132/2875 1849/3133/2914 1816/3134/2873
f 1816/3134/2873 1849/3133/2914 1817/3135/2915
f 1816/3136/2869 1815/3137/2871 1820/3138/2916
f 1820/3138/2916 1815/3137/2871 1850/3139/2917
f 1820/3138/2916 1850/3139/2917 1821/3140/2918
f 1821/3140/2918 1850/3139/2917 1851/3141/2919
f 1821/3140/2918 1851/3141/2919 1822/3142/2920
f 1822/3142/2920 1851/3141/2919 1852/3143/2921
f 1822/3142/2920 1852/3143/2921 1823/3144/2922
f 1823/3144/2922 1852/3143/2921 1853/3145/2923
f 1823/3144/2922 1853/3145/2923 1824/3146/2924
f 1824/3146/2924 1853/3145/2923 1854/3147/2925
f 1824/3146/2924 1854/3147/2925 1825/3148/2926
f 1825/3148/2926 1854/3147/2925 1855/3149/2927
f 1825/3148/2926 1855/3149/2927 1826/3150/2928
f 1826/3150/2928 1855/3149/2927 1810/3151/2929
f 1812/3152/2930 1856/3153/2931 1802/3154/2932
f 1802/3154/2932 1856/3153/2931 1803/3155/2933
f 1799/3156/2934 1798/3157/2935 1814/3158/2936
f 1814/3158/2936 1798/3157/2935 1797/3159/2937
f 1832/3160/2889 1848/3161/2938 1819/3162/2891
f 1819/3162/2891 1848/3161/2938 1849/3163/2939
f 1849/3164/2940 1848/3165/2941 1817/3166/2942
f 1817/3166/2942 1848/3165/2941 1818/3167/2943
f 1815/3168/2910 1832/3169/2912 1850/3170/2944
f 1850/3170/2944 1832/3169/2912 1837/3171/2945
f 1850/3170/2944 1837/3171/2945 1851/3172/2946
f 1851/3172/2946 1837/3171/2945 1836/3173/2947
f 1851/3172/2946 1836/3173/2947 1852/3174/2948
f 1852/3174/2948 1836/3173/2947 1835/3175/2949
f 1852/3174/2948 1835/3175/2949 1853/3176/2950
f 1853/3176/2950 1835/3175/2949 1834/3177/2951
f 1853/3176/2950 1834/3177/2951 1854/3178/2952
f 1854/3178/2952 1834/3177/2951 1833/3179/2953
f 1854/3178/2952 1833/3179/2953 1855/3180/2954
f 1855/3180/2954 1833/3179/2953 1806/3181/2856
f 1855/3180/2954 1806/3181/2856 1810/3182/2854
f 1804/3183/2955 1803/3184/2956 1808/3185/2957
f 1808/3185/2957 1803/3184/2956 1856/3186/2958
f 1796/3187/2959 1807/3188/2886 1793/3189/2960
f 1793/3189/2960 1807/3188/2886 1826/3190/2887
f 1793/3191/2961 1826/3192/2928 1794/3193/2962
f 1794/3193/2962 1826/3192/2928 1797/3194/2963
f 1797/3194/2963 1826/3192/2928 1810/3195/2929
f 1797/3194/2963 1810/3195/2929 1856/3196/2964
f 1856/3196/2964 1810/3195/2929 1808/3197/2965
f 1808/3197/2965 1810/3195/2929 1809/3198/2966
f 1812/3199/2967 1811/3200/2968 1856/3196/2964
f 1856/3196/2964 1811/3200/2968 1813/3201/2969
f 1856/3196/2964 1813/3201/2969 1797/3194/2963
f 1797/3194/2963 1813/3201/2969 1814/3202/2970
g Body13

v 3.934919 8.320081 0.200000
v 3.934919 8.120081 0.000000
v 3.684919 8.120081 0.000000
v 3.684919 8.320081 0.200000
v 3.934919 7.885081 0.000000
v 3.684919 7.885081 0.000000
v 3.684919 7.885081 -3.300000
v 3.684919 7.685081 -3.500000
v 3.684919 7.555081 -3.500000
v 3.684919 7.355081 -3.300000
v 3.684919 7.355081 -0.000000
v 3.684919 7.120081 -0.000000
v 3.684919 6.920081 0.200000
v 3.684919 6.920081 2.093066
v 3.684919 8.320081 2.093066
v 3.934919 7.120081 -0.000000
v 3.934919 6.920081 0.200000
v 3.934919 6.920081 2.093066
v 3.934919 7.555081 -3.500000
v 3.934919 7.355081 -3.300000
v 3.934919 7.685081 -3.500000
v 3.934919 7.885081 -3.300000
v 3.584919 6.920081 2.443066
v 3.584919 8.320081 2.443066
v 1.007853 8.320081 2.443066
v 1.007853 6.920081 2.443066
v 3.584919 8.320081 2.193066
v 3.662802 8.320081 2.434291
v 3.736779 8.320081 2.408405
v 3.803141 8.320081 2.366707
v 3.858560 8.320081 2.311288
v 3.900258 8.320081 2.244926
v 3.926144 8.320081 2.170949
v 3.934919 8.320081 2.093066
v 3.681512 8.320081 2.118948
v 3.671522 8.320081 2.143066
v 3.655630 8.320081 2.163777
v 3.634919 8.320081 2.179669
v 3.610801 8.320081 2.189659
v 3.584919 6.920081 2.193066
v 3.681512 6.920081 2.118948
v 3.671522 6.920081 2.143066
v 3.655630 6.920081 2.163777
v 3.634919 6.920081 2.179669
v 3.610801 6.920081 2.189659
v 3.610801 7.853414 2.189659
v 3.610801 7.386747 2.189659
v 3.634919 7.853414 2.179669
v 3.634919 7.386747 2.179669
v 3.655630 7.853414 2.163777
v 3.655630 7.386747 2.163777
v 3.671522 7.853414 2.143066
v 3.671522 7.386747 2.143066
v 3.681512 7.853414 2.118948
v 3.681512 7.386747 2.118948
v 1.007853 6.920081 2.193066
v 1.007853 8.320081 2.193066
v 3.662802 6.920081 2.434291
v 3.736779 6.920081 2.408405
v 3.803141 6.920081 2.366707
v 3.858560 6.920081 2.311288
v 3.900258 6.920081 2.244926
v 3.926144 6.920081 2.170949
v 3.934919 7.355081 -0.000000
vt 0.014142 0.012500 0.000000
vt -0.014142 0.012500 0.000000
vt 0.014142 -0.012500 0.000000
vt -0.014142 -0.012500 0.000000
vt -0.020000 0.012500 0.000000
vt -0.043500 0.012500 0.000000
vt -0.020000 -0.012500 0.000000
vt -0.043500 -0.012500 0.000000
vt -0.230000 0.070000 0.000000
vt -0.250000 0.050000 0.000000
vt -0.040693 0.070000 0.000000
vt -0.250000 0.026500 0.000000
vt -0.040693 -0.070000 0.000000
vt -0.250000 -0.026500 0.000000
vt -0.250000 -0.050000 0.000000
vt -0.580000 0.026500 0.000000
vt -0.600000 0.006500 0.000000
vt -0.600000 -0.006500 0.000000
vt -0.580000 -0.026500 0.000000
vt -0.230000 -0.070000 0.000000
vt 0.014142 0.012500 0.000000
vt -0.014142 0.012500 0.000000
vt 0.014142 -0.012500 0.000000
vt -0.014142 -0.012500 0.000000
vt -0.020000 0.012500 0.000000
vt -0.209307 0.012500 0.000000
vt -0.020000 -0.012500 0.000000
vt -0.209307 -0.012500 0.000000
vt 0.014142 0.012500 0.000000
vt -0.014142 0.012500 0.000000
vt 0.014142 -0.012500 0.000000
vt -0.014142 -0.012500 0.000000
vt -0.033000 -0.012500 0.000000
vt -0.020000 -0.012500 0.000000
vt -0.033000 0.012500 0.000000
vt -0.020000 0.012500 0.000000
vt 0.014142 0.012500 0.000000
vt -0.014142 0.012500 0.000000
vt 0.014142 -0.012500 0.000000
vt -0.014142 -0.012500 0.000000
vt 0.007707 0.070000 0.000000
vt -0.250000 0.070000 0.000000
vt 0.007707 -0.070000 0.000000
vt -0.250000 -0.070000 0.000000
vt 0.025000 0.000000 0.000000
vt 0.024122 0.007788 0.000000
vt -0.000000 0.000000 0.000000
vt -0.000341 0.002588 0.000000
vt 0.021534 0.015186 0.000000
vt -0.001340 0.005000 0.000000
vt 0.017364 0.021822 0.000000
vt -0.002929 0.007071 0.000000
vt 0.011822 0.027364 0.000000
vt -0.005000 0.008660 0.000000
vt 0.005186 0.031534 0.000000
vt -0.007412 0.009659 0.000000
vt -0.002212 0.034122 0.000000
vt -0.010000 0.010000 0.000000
vt -0.010000 0.035000 0.000000
vt 0.070000 0.013090 0.000000
vt 0.070000 0.015708 0.000000
vt 0.023333 0.013090 0.000000
vt -0.070000 0.015708 0.000000
vt -0.023333 0.013090 0.000000
vt -0.070000 0.013090 0.000000
vt -0.023333 0.010472 0.000000
vt -0.070000 0.010472 0.000000
vt -0.023333 0.007854 0.000000
vt -0.070000 0.007854 0.000000
vt -0.023333 0.005236 0.000000
vt -0.070000 0.005236 0.000000
vt -0.023333 0.002618 0.000000
vt -0.070000 0.002618 0.000000
vt -0.070000 0.000000 0.000000
vt 0.070000 0.000000 0.000000
vt 0.023333 0.002618 0.000000
vt 0.023333 0.005236 0.000000
vt 0.023333 0.007854 0.000000
vt 0.023333 0.010472 0.000000
vt 0.070000 0.002618 0.000000
vt 0.070000 0.005236 0.000000
vt 0.070000 0.007854 0.000000
vt 0.070000 0.010472 0.000000
vt -0.242293 0.012500 0.000000
vt -0.500000 0.012500 0.000000
vt -0.242293 -0.012500 0.000000
vt -0.500000 -0.012500 0.000000
vt -0.257707 -0.012500 0.000000
vt -0.000000 -0.012500 0.000000
vt -0.257707 0.012500 0.000000
vt 0.000000 0.012500 0.000000
vt 0.070000 0.054978 0.000000
vt -0.070000 0.054978 0.000000
vt 0.070000 0.047124 0.000000
vt -0.070000 0.047124 0.000000
vt 0.070000 0.039270 0.000000
vt -0.070000 0.039270 0.000000
vt 0.070000 0.031416 0.000000
vt -0.070000 0.031416 0.000000
vt 0.070000 0.023562 0.000000
vt -0.070000 0.023562 0.000000
vt 0.070000 0.015708 0.000000
vt -0.070000 0.015708 0.000000
vt 0.070000 0.007854 0.000000
vt -0.070000 0.007854 0.000000
vt 0.070000 0.000000 0.000000
vt -0.070000 0.000000 0.000000
vt -0.020000 0.012500 0.000000
vt -0.350000 0.012500 0.000000
vt -0.020000 -0.012500 0.000000
vt -0.350000 -0.012500 0.000000
vt -0.330000 -0.012500 0.000000
vt -0.000000 -0.012500 0.000000
vt -0.330000 0.012500 0.000000
vt 0.000000 0.012500 0.000000
vt -0.007707 -0.070000 0.000000
vt 0.250000 -0.070000 0.000000
vt -0.007707 0.070000 0.000000
vt 0.250000 0.070000 0.000000
vt -0.140000 -0.012500 0.000000
vt -0.000000 -0.012500 0.000000
vt -0.140000 0.012500 0.000000
vt 0.000000 0.012500 0.000000
vt 0.000000 0.000000 0.000000
vt 0.025000 0.000000 0.000000
vt 0.000878 0.007788 0.000000
vt 0.025341 0.002588 0.000000
vt 0.003466 0.015186 0.000000
vt 0.026340 0.005000 0.000000
vt 0.007636 0.021822 0.000000
vt 0.027929 0.007071 0.000000
vt 0.013178 0.027364 0.000000
vt 0.030000 0.008660 0.000000
vt 0.019814 0.031534 0.000000
vt 0.032412 0.009659 0.000000
vt 0.027212 0.034122 0.000000
vt 0.035000 0.010000 0.000000
vt 0.035000 0.035000 0.000000
vt -0.120000 -0.012500 0.000000
vt -0.096500 -0.012500 0.000000
vt -0.120000 0.012500 0.000000
vt -0.096500 0.012500 0.000000
vt -0.480000 -0.012500 0.000000
vt -0.290693 -0.012500 0.000000
vt -0.480000 0.012500 0.000000
vt -0.290693 0.012500 0.000000
vt 0.230000 0.070000 0.000000
vt 0.040693 0.070000 0.000000
vt 0.250000 0.050000 0.000000
vt 0.250000 0.026500 0.000000
vt 0.040693 -0.070000 0.000000
vt 0.250000 -0.026500 0.000000
vt 0.250000 -0.050000 0.000000
vt 0.230000 -0.070000 0.000000
vt 0.580000 -0.026500 0.000000
vt 0.600000 -0.006500 0.000000
vt 0.600000 0.006500 0.000000
vt 0.580000 0.026500 0.000000
vn 0.000000 0.070711 -0.070711
vn 0.000000 0.070711 -0.070711
vn 0.000000 0.070711 -0.070711
vn 0.000000 0.070711 -0.070711
vn -0.000000 0.000000 -0.100000
vn -0.000000 0.000000 -0.100000
vn -0.000000 0.000000 -0.100000
vn -0.000000 0.000000 -0.100000
vn -0.100000 0.000000 0.000000
vn -0.100000 0.000000 0.000000
vn -0.100000 0.000000 0.000000
vn -0.100000 0.000000 0.000000
vn -0.100000 0.000000 0.000000
vn -0.100000 0.000000 0.000000
vn -0.100000 0.000000 0.000000
vn -0.100000 0.000000 0.000000
vn -0.100000 0.000000 0.000000
vn -0.100000 0.000000 0.000000
vn -0.100000 0.000000 0.000000
vn -0.100000 0.000000 0.000000
vn -0.000000 -0.070711 -0.070711
vn -0.000000 -0.070711 -0.070711
vn -0.000000 -0.070711 -0.070711
vn -0.000000 -0.070711 -0.070711
vn -0.000000 -0.100000 -0.000000
vn -0.000000 -0.100000 -0.000000
vn -0.000000 -0.100000 -0.000000
vn -0.000000 -0.100000 -0.000000
vn -0.000000 -0.070711 -0.070711
vn -0.000000 -0.070711 -0.070711
vn -0.000000 -0.070711 -0.070711
vn -0.000000 -0.070711 -0.070711
vn -0.000000 0.000000 -0.100000
vn -0.000000 0.000000 -0.100000
vn -0.000000 0.000000 -0.100000
vn -0.000000 0.000000 -0.100000
vn 0.000000 0.070711 -0.070711
vn 0.000000 0.070711 -0.070711
vn 0.000000 0.070711 -0.070711
vn 0.000000 0.070711 -0.070711
vn 0.000000 -0.000000 0.100000
vn 0.000000 -0.000000 0.100000
vn 0.000000 -0.000000 0.100000
vn 0.000000 -0.000000 0.100000
vn 0.000000 0.100000 0.000000
vn 0.000000 0.100000 0.000000
vn 0.000000 0.100000 0.000000
vn 0.000000 0.100000 0.000000
vn 0.000000 0.100000 0.000000
vn 0.000000 0.100000 0.000000
vn 0.000000 0.100000 0.000000
vn 0.000000 0.100000 0.000000
vn 0.000000 0.100000 0.000000
vn 0.000000 0.100000 0.000000
vn 0.000000 0.100000 0.000000
vn 0.000000 0.100000 0.000000
vn 0.000000 0.100000 0.000000
vn 0.000000 0.100000 0.000000
vn 0.000000 0.100000 0.000000
vn -0.025882 0.000000 -0.096593
vn -0.000000 0.000000 -0.100000
vn -0.025882 0.000000 -0.096593
vn -0.000000 0.000000 -0.100000
vn -0.025882 0.000000 -0.096593
vn -0.025882 0.000000 -0.096593
vn -0.050000 0.000000 -0.086603
vn -0.050000 0.000000 -0.086603
vn -0.070711 0.000000 -0.070711
vn -0.070711 0.000000 -0.070711
vn -0.086603 0.000000 -0.050000
vn -0.086603 0.000000 -0.050000
vn -0.096593 0.000000 -0.025882
vn -0.096593 0.000000 -0.025882
vn -0.096593 0.000000 -0.025882
vn -0.086603 0.000000 -0.050000
vn -0.070711 0.000000 -0.070711
vn -0.050000 0.000000 -0.086603
vn -0.096593 0.000000 -0.025882
vn -0.086603 0.000000 -0.050000
vn -0.070711 0.000000 -0.070711
vn -0.050000 0.000000 -0.086603
vn -0.000000 -0.100000 -0.000000
vn -0.000000 -0.100000 -0.000000
vn -0.000000 -0.100000 -0.000000
vn -0.000000 -0.100000 -0.000000
vn 0.000000 0.100000 0.000000
vn 0.000000 0.100000 0.000000
vn 0.022252 -0.000000 0.097493
vn 0.022252 -0.000000 0.097493
vn 0.043388 -0.000000 0.090097
vn 0.043388 -0.000000 0.090097
vn 0.062349 -0.000000 0.078183
vn 0.062349 -0.000000 0.078183
vn 0.078183 -0.000000 0.062349
vn 0.078183 -0.000000 0.062349
vn 0.090097 -0.000000 0.043388
vn 0.090097 -0.000000 0.043388
vn 0.097493 -0.000000 0.022252
vn 0.097493 -0.000000 0.022252
vn 0.100000 -0.000000 0.000000
vn 0.100000 -0.000000 0.000000
vn -0.000000 -0.100000 -0.000000
vn -0.000000 -0.100000 -0.000000
vn -0.000000 -0.100000 -0.000000
vn -0.000000 -0.100000 -0.000000
vn 0.000000 0.100000 0.000000
vn 0.000000 0.100000 0.000000
vn 0.000000 0.100000 0.000000
vn 0.000000 0.100000 0.000000
vn -0.000000 0.000000 -0.100000
vn -0.000000 0.000000 -0.100000
vn -0.100000 0.000000 0.000000
vn -0.100000 0.000000 0.000000
vn -0.100000 0.000000 0.000000
vn -0.100000 0.000000 0.000000
vn -0.000000 -0.100000 -0.000000
vn -0.000000 -0.100000 -0.000000
vn -0.000000 -0.100000 -0.000000
vn -0.000000 -0.100000 -0.000000
vn -0.000000 -0.100000 -0.000000
vn -0.000000 -0.100000 -0.000000
vn -0.000000 -0.100000 -0.000000
vn -0.000000 -0.100000 -0.000000
vn -0.000000 -0.100000 -0.000000
vn -0.000000 -0.100000 -0.000000
vn -0.000000 -0.100000 -0.000000
vn -0.000000 0.000000 -0.100000
vn -0.000000 0.000000 -0.100000
vn -0.000000 0.000000 -0.100000
vn -0.000000 0.000000 -0.100000
vn 0.000000 0.100000 0.000000
vn 0.000000 0.100000 0.000000
vn 0.100000 -0.000000 -0.000000
vn 0.100000 -0.000000 -0.000000
vn 0.100000 -0.000000 -0.000000
vn 0.100000 -0.000000 -0.000000
vn 0.100000 -0.000000 -0.000000
vn 0.100000 -0.000000 -0.000000
vn 0.100000 -0.000000 -0.000000
vn 0.100000 -0.000000 -0.000000
vn 0.100000 -0.000000 -0.000000
vn 0.100000 -0.000000 -0.000000
f 1857/3203/2971 1858/3204/2972 1860/3205/2973
f 1860/3205/2973 1858/3204/2972 1859/3206/2974
f 1858/3207/2975 1861/3208/2976 1859/3209/2977
f 1859/3209/2977 1861/3208/2976 1862/3210/2978
f 1860/3211/2979 1859/3212/2980 1871/3213/2981
f 1871/3213/2981 1859/3212/2980 1862/3214/2982
f 1871/3213/2981 1862/3214/2982 1870/3215/2983
f 1870/3215/2983 1862/3214/2982 1867/3216/2984
f 1870/3215/2983 1867/3216/2984 1868/3217/2985
f 1863/3218/2986 1864/3219/2987 1862/3214/2982
f 1862/3214/2982 1864/3219/2987 1867/3216/2984
f 1864/3219/2987 1865/3220/2988 1867/3216/2984
f 1867/3216/2984 1865/3220/2988 1866/3221/2989
f 1868/3217/2985 1869/3222/2990 1870/3215/2983
f 1872/3223/2991 1873/3224/2992 1868/3225/2993
f 1868/3225/2993 1873/3224/2992 1869/3226/2994
f 1873/3227/2995 1874/3228/2996 1869/3229/2997
f 1869/3229/2997 1874/3228/2996 1870/3230/2998
f 1875/3231/2999 1876/3232/3000 1865/3233/3001
f 1865/3233/3001 1876/3232/3000 1866/3234/3002
f 1865/3235/3003 1864/3236/3004 1875/3237/3005
f 1875/3237/3005 1864/3236/3004 1877/3238/3006
f 1878/3239/3007 1877/3240/3008 1863/3241/3009
f 1863/3241/3009 1877/3240/3008 1864/3242/3010
f 1880/3243/3011 1881/3244/3012 1879/3245/3013
f 1879/3245/3013 1881/3244/3012 1882/3246/3014
f 1880/3247/3015 1884/3248/3016 1883/3249/3017
f 1883/3249/3017 1884/3248/3016 1895/3250/3018
f 1895/3250/3018 1884/3248/3016 1885/3251/3019
f 1895/3250/3018 1885/3251/3019 1894/3252/3020
f 1894/3252/3020 1885/3251/3019 1886/3253/3021
f 1894/3252/3020 1886/3253/3021 1893/3254/3022
f 1893/3254/3022 1886/3253/3021 1887/3255/3023
f 1893/3254/3022 1887/3255/3023 1892/3256/3024
f 1892/3256/3024 1887/3255/3023 1888/3257/3025
f 1892/3256/3024 1888/3257/3025 1891/3258/3026
f 1891/3258/3026 1888/3257/3025 1889/3259/3027
f 1891/3258/3026 1889/3259/3027 1871/3260/3028
f 1871/3260/3028 1889/3259/3027 1890/3261/3029
f 1901/3262/3030 1896/3263/3031 1903/3264/3032
f 1903/3264/3032 1896/3263/3031 1883/3265/3033
f 1903/3264/3032 1883/3265/3033 1902/3266/3034
f 1902/3266/3034 1883/3265/3033 1895/3267/3035
f 1902/3266/3034 1895/3267/3035 1904/3268/3036
f 1904/3268/3036 1895/3267/3035 1894/3269/3037
f 1904/3268/3036 1894/3269/3037 1906/3270/3038
f 1906/3270/3038 1894/3269/3037 1893/3271/3039
f 1906/3270/3038 1893/3271/3039 1908/3272/3040
f 1908/3272/3040 1893/3271/3039 1892/3273/3041
f 1908/3272/3040 1892/3273/3041 1910/3274/3042
f 1910/3274/3042 1892/3273/3041 1891/3275/3043
f 1910/3274/3042 1891/3275/3043 1871/3276/2981
f 1871/3276/2981 1870/3277/2983 1910/3274/3042
f 1910/3274/3042 1870/3277/2983 1911/3278/3044
f 1910/3274/3042 1911/3278/3044 1908/3272/3040
f 1908/3272/3040 1911/3278/3044 1909/3279/3045
f 1908/3272/3040 1909/3279/3045 1906/3270/3038
f 1906/3270/3038 1909/3279/3045 1907/3280/3046
f 1906/3270/3038 1907/3280/3046 1904/3268/3036
f 1904/3268/3036 1907/3280/3046 1905/3281/3047
f 1904/3268/3036 1905/3281/3047 1902/3266/3034
f 1902/3266/3034 1905/3281/3047 1903/3264/3032
f 1870/3277/2983 1897/3282/3048 1911/3278/3044
f 1911/3278/3044 1897/3282/3048 1909/3279/3045
f 1897/3282/3048 1898/3283/3049 1909/3279/3045
f 1909/3279/3045 1898/3283/3049 1907/3280/3046
f 1898/3283/3049 1899/3284/3050 1907/3280/3046
f 1907/3280/3046 1899/3284/3050 1905/3281/3047
f 1899/3284/3050 1900/3285/3051 1905/3281/3047
f 1905/3281/3047 1900/3285/3051 1903/3264/3032
f 1900/3285/3051 1901/3262/3030 1903/3264/3032
f 1879/3286/3052 1882/3287/3053 1896/3288/3054
f 1896/3288/3054 1882/3287/3053 1912/3289/3055
f 1883/3290/3017 1913/3291/3056 1880/3292/3015
f 1880/3292/3015 1913/3291/3056 1881/3293/3057
f 1880/3294/3011 1879/3295/3013 1884/3296/3058
f 1884/3296/3058 1879/3295/3013 1914/3297/3059
f 1884/3296/3058 1914/3297/3059 1885/3298/3060
f 1885/3298/3060 1914/3297/3059 1915/3299/3061
f 1885/3298/3060 1915/3299/3061 1886/3300/3062
f 1886/3300/3062 1915/3299/3061 1916/3301/3063
f 1886/3300/3062 1916/3301/3063 1887/3302/3064
f 1887/3302/3064 1916/3301/3063 1917/3303/3065
f 1887/3302/3064 1917/3303/3065 1888/3304/3066
f 1888/3304/3066 1917/3303/3065 1918/3305/3067
f 1888/3304/3066 1918/3305/3067 1889/3306/3068
f 1889/3306/3068 1918/3305/3067 1919/3307/3069
f 1889/3306/3068 1919/3307/3069 1890/3308/3070
f 1890/3308/3070 1919/3307/3069 1874/3309/3071
f 1876/3310/3072 1920/3311/3073 1866/3312/3074
f 1866/3312/3074 1920/3311/3073 1867/3313/3075
f 1863/3314/3076 1862/3315/3077 1878/3316/3078
f 1878/3316/3078 1862/3315/3077 1861/3317/3079
f 1896/3318/3031 1912/3319/3080 1883/3320/3033
f 1883/3320/3033 1912/3319/3080 1913/3321/3081
f 1913/3322/3082 1912/3323/3083 1881/3324/3084
f 1881/3324/3084 1912/3323/3083 1882/3325/3085
f 1879/3326/3052 1896/3327/3054 1914/3328/3086
f 1914/3328/3086 1896/3327/3054 1901/3329/3087
f 1914/3328/3086 1901/3329/3087 1915/3330/3088
f 1915/3330/3088 1901/3329/3087 1900/3331/3089
f 1915/3330/3088 1900/3331/3089 1916/3332/3090
f 1916/3332/3090 1900/3331/3089 1899/3333/3091
f 1916/3332/3090 1899/3333/3091 1917/3334/3092
f 1917/3334/3092 1899/3333/3091 1898/3335/3093
f 1917/3334/3092 1898/3335/3093 1918/3336/3094
f 1918/3336/3094 1898/3335/3093 1897/3337/3095
f 1918/3336/3094 1897/3337/3095 1919/3338/3096
f 1919/3338/3096 1897/3337/3095 1870/3339/2998
f 1919/3338/3096 1870/3339/2998 1874/3340/2996
f 1868/3341/3097 1867/3342/3098 1872/3343/3099
f 1872/3343/3099 1867/3342/3098 1920/3344/3100
f 1860/3345/3101 1871/3346/3028 1857/3347/3102
f 1857/3347/3102 1871/3346/3028 1890/3348/3029
f 1857/3349/3103 1890/3350/3070 1858/3351/3104
f 1858/3351/3104 1890/3350/3070 1861/3352/3105
f 1861/3352/3105 1890/3350/3070 1874/3353/3071
f 1861/3352/3105 1874/3353/3071 1920/3354/3106
f 1920/3354/3106 1874/3353/3071 1872/3355/3107
f 1872/3355/3107 1874/3353/3071 1873/3356/3108
f 1876/3357/3109 1875/3358/3110 1920/3354/3106
f 1920/3354/3106 1875/3358/3110 1877/3359/3111
f 1920/3354/3106 1877/3359/3111 1861/3352/3105
f 1861/3352/3105 1877/3359/3111 1878/3360/3112
g Body14

v 3.934919 -6.919919 0.200000
v 3.934919 -7.119919 0.000000
v 3.684919 -7.119919 0.000000
v 3.684919 -6.919919 0.200000
v 3.934919 -7.354919 0.000000
v 3.684919 -7.354919 0.000000
v 3.684919 -7.354919 -3.300000
v 3.684919 -7.554919 -3.500000
v 3.684919 -7.684919 -3.500000
v 3.684919 -7.884919 -3.300000
v 3.684919 -7.884919 -0.000000
v 3.684919 -8.119919 -0.000000
v 3.684919 -8.319919 0.200000
v 3.684919 -8.319919 2.093066
v 3.684919 -6.919919 2.093066
v 3.934919 -8.119919 -0.000000
v 3.934919 -8.319919 0.200000
v 3.934919 -8.319919 2.093066
v 3.934919 -7.684919 -3.500000
v 3.934919 -7.884919 -3.300000
v 3.934919 -7.554919 -3.500000
v 3.934919 -7.354919 -3.300000
v 3.584919 -8.319919 2.443066
v 3.584919 -6.919919 2.443066
v 1.007853 -6.919919 2.443066
v 1.007853 -8.319919 2.443066
v 3.584919 -6.919919 2.193066
v 3.662802 -6.919919 2.434291
v 3.736779 -6.919919 2.408405
v 3.803141 -6.919919 2.366707
v 3.858560 -6.919919 2.311288
v 3.900258 -6.919919 2.244926
v 3.926144 -6.919919 2.170949
v 3.934919 -6.919919 2.093066
v 3.681512 -6.919919 2.118948
v 3.671522 -6.919919 2.143066
v 3.655630 -6.919919 2.163777
v 3.634919 -6.919919 2.179669
v 3.610801 -6.919919 2.189659
v 3.584919 -8.319919 2.193066
v 3.681512 -8.319919 2.118948
v 3.671522 -8.319919 2.143066
v 3.655630 -8.319919 2.163777
v 3.634919 -8.319919 2.179669
v 3.610801 -8.319919 2.189659
v 3.610801 -7.386586 2.189659
v 3.610801 -7.853253 2.189659
v 3.634919 -7.386586 2.179669
v 3.634919 -7.853253 2.179669
v 3.655630 -7.386586 2.163777
v 3.655630 -7.853253 2.163777
v 3.671522 -7.386586 2.143066
v 3.671522 -7.853253 2.143066
v 3.681512 -7.386586 2.118948
v 3.681512 -7.853253 2.118948
v 1.007853 -8.319919 2.193066
v 1.007853 -6.919919 2.193066
v 3.662802 -8.319919 2.434291
v 3.736779 -8.319919 2.408405
v 3.803141 -8.319919 2.366707
v 3.858560 -8.319919 2.311288
v 3.900258 -8.319919 2.244926
v 3.926144 -8.319919 2.170949
v 3.934919 -7.884919 -0.000000
vt 0.014142 0.012500 0.000000
vt -0.014142 0.012500 0.000000
vt 0.014142 -0.012500 0.000000
vt -0.014142 -0.012500 0.000000
vt -0.020000 0.012500 0.000000
vt -0.043500 0.012500 0.000000
vt -0.020000 -0.012500 0.000000
vt -0.043500 -0.012500 0.000000
vt -0.230000 0.070000 0.000000
vt -0.250000 0.050000 0.000000
vt -0.040693 0.070000 0.000000
vt -0.250000 0.026500 0.000000
vt -0.040693 -0.070000 0.000000
vt -0.250000 -0.026500 0.000000
vt -0.250000 -0.050000 0.000000
vt -0.580000 0.026500 0.000000
vt -0.600000 0.006500 0.000000
vt -0.600000 -0.006500 0.000000
vt -0.580000 -0.026500 0.000000
vt -0.230000 -0.070000 0.000000
vt 0.014142 0.012500 0.000000
vt -0.014142 0.012500 0.000000
vt 0.014142 -0.012500 0.000000
vt -0.014142 -0.012500 0.000000
vt -0.020000 0.012500 0.000000
vt -0.209307 0.012500 0.000000
vt -0.020000 -0.012500 0.000000
vt -0.209307 -0.012500 0.000000
vt 0.014142 0.012500 0.000000
vt -0.014142 0.012500 0.000000
vt 0.014142 -0.012500 0.000000
vt -0.014142 -0.012500 0.000000
vt -0.033000 -0.012500 0.000000
vt -0.020000 -0.012500 0.000000
vt -0.033000 0.012500 0.000000
vt -0.020000 0.012500 0.000000
vt 0.014142 0.012500 0.000000
vt -0.014142 0.012500 0.000000
vt 0.014142 -0.012500 0.000000
vt -0.014142 -0.012500 0.000000
vt 0.007707 0.070000 0.000000
vt -0.250000 0.070000 0.000000
vt 0.007707 -0.070000 0.000000
vt -0.250000 -0.070000 0.000000
vt 0.025000 0.000000 0.000000
vt 0.024122 0.007788 0.000000
vt -0.000000 0.000000 0.000000
vt -0.000341 0.002588 0.000000
vt 0.021534 0.015186 0.000000
vt -0.001340 0.005000 0.000000
vt 0.017364 0.021822 0.000000
vt -0.002929 0.007071 0.000000
vt 0.011822 0.027364 0.000000
vt -0.005000 0.008660 0.000000
vt 0.005186 0.031534 0.000000
vt -0.007412 0.009659 0.000000
vt -0.002212 0.034122 0.000000
vt -0.010000 0.010000 0.000000
vt -0.010000 0.035000 0.000000
vt 0.070000 0.013090 0.000000
vt 0.070000 0.015708 0.000000
vt 0.023333 0.013090 0.000000
vt -0.070000 0.015708 0.000000
vt -0.023333 0.013090 0.000000
vt -0.070000 0.013090 0.000000
vt -0.023333 0.010472 0.000000
vt -0.070000 0.010472 0.000000
vt -0.023333 0.007854 0.000000
vt -0.070000 0.007854 0.000000
vt -0.023333 0.005236 0.000000
vt -0.070000 0.005236 0.000000
vt -0.023333 0.002618 0.000000
vt -0.070000 0.002618 0.000000
vt -0.070000 0.000000 0.000000
vt 0.070000 0.000000 0.000000
vt 0.023333 0.002618 0.000000
vt 0.023333 0.005236 0.000000
vt 0.023333 0.007854 0.000000
vt 0.023333 0.010472 0.000000
vt 0.070000 0.002618 0.000000
vt 0.070000 0.005236 0.000000
vt 0.070000 0.007854 0.000000
vt 0.070000 0.010472 0.000000
vt -0.242293 0.012500 0.000000
vt -0.500000 0.012500 0.000000
vt -0.242293 -0.012500 0.000000
vt -0.500000 -0.012500 0.000000
vt -0.257707 -0.012500 0.000000
vt -0.000000 -0.012500 0.000000
vt -0.257707 0.012500 0.000000
vt 0.000000 0.012500 0.000000
vt 0.070000 0.054978 0.000000
vt -0.070000 0.054978 0.000000
vt 0.070000 0.047124 0.000000
vt -0.070000 0.047124 0.000000
vt 0.070000 0.039270 0.000000
vt -0.070000 0.039270 0.000000
vt 0.070000 0.031416 0.000000
vt -0.070000 0.031416 0.000000
vt 0.070000 0.023562 0.000000
vt -0.070000 0.023562 0.000000
vt 0.070000 0.015708 0.000000
vt -0.070000 0.015708 0.000000
vt 0.070000 0.007854 0.000000
vt -0.070000 0.007854 0.000000
vt 0.070000 0.000000 0.000000
vt -0.070000 0.000000 0.000000
vt -0.020000 0.012500 0.000000
vt -0.350000 0.012500 0.000000
vt -0.020000 -0.012500 0.000000
vt -0.350000 -0.012500 0.000000
vt -0.330000 -0.012500 0.000000
vt -0.000000 -0.012500 0.000000
vt -0.330000 0.012500 0.000000
vt 0.000000 0.012500 0.000000
vt -0.007707 -0.070000 0.000000
vt 0.250000 -0.070000 0.000000
vt -0.007707 0.070000 0.000000
vt 0.250000 0.070000 0.000000
vt -0.140000 -0.012500 0.000000
vt -0.000000 -0.012500 0.000000
vt -0.140000 0.012500 0.000000
vt 0.000000 0.012500 0.000000
vt 0.000000 0.000000 0.000000
vt 0.025000 0.000000 0.000000
vt 0.000878 0.007788 0.000000
vt 0.025341 0.002588 0.000000
vt 0.003466 0.015186 0.000000
vt 0.026340 0.005000 0.000000
vt 0.007636 0.021822 0.000000
vt 0.027929 0.007071 0.000000
vt 0.013178 0.027364 0.000000
vt 0.030000 0.008660 0.000000
vt 0.019814 0.031534 0.000000
vt 0.032412 0.009659 0.000000
vt 0.027212 0.034122 0.000000
vt 0.035000 0.010000 0.000000
vt 0.035000 0.035000 0.000000
vt -0.120000 -0.012500 0.000000
vt -0.096500 -0.012500 0.000000
vt -0.120000 0.012500 0.000000
vt -0.096500 0.012500 0.000000
vt -0.480000 -0.012500 0.000000
vt -0.290693 -0.012500 0.000000
vt -0.480000 0.012500 0.000000
vt -0.290693 0.012500 0.000000
vt 0.230000 0.070000 0.000000
vt 0.040693 0.070000 0.000000
vt 0.250000 0.050000 0.000000
vt 0.250000 0.026500 0.000000
vt 0.040693 -0.070000 0.000000
vt 0.250000 -0.026500 0.000000
vt 0.250000 -0.050000 0.000000
vt 0.230000 -0.070000 0.000000
vt 0.580000 -0.026500 0.000000
vt 0.600000 -0.006500 0.000000
vt 0.600000 0.006500 0.000000
vt 0.580000 0.026500 0.000000
vn 0.000000 0.070711 -0.070711
vn 0.000000 0.070711 -0.070711
vn 0.000000 0.070711 -0.070711
vn 0.000000 0.070711 -0.070711
vn -0.000000 0.000000 -0.100000
vn -0.000000 0.000000 -0.100000
vn -0.000000 0.000000 -0.100000
vn -0.000000 0.000000 -0.100000
vn -0.100000 0.000000 0.000000
vn -0.100000 0.000000 0.000000
vn -0.100000 0.000000 0.000000
vn -0.100000 0.000000 0.000000
vn -0.100000 0.000000 0.000000
vn -0.100000 0.000000 0.000000
vn -0.100000 0.000000 0.000000
vn -0.100000 0.000000 0.000000
vn -0.100000 0.000000 0.000000
vn -0.100000 0.000000 0.000000
vn -0.100000 0.000000 0.000000
vn -0.100000 0.000000 0.000000
vn -0.000000 -0.070711 -0.070711
vn -0.000000 -0.070711 -0.070711
vn -0.000000 -0.070711 -0.070711
vn -0.000000 -0.070711 -0.070711
vn -0.000000 -0.100000 -0.000000
vn -0.000000 -0.100000 -0.000000
vn -0.000000 -0.100000 -0.000000
vn -0.000000 -0.100000 -0.000000
vn -0.000000 -0.070711 -0.070711
vn -0.000000 -0.070711 -0.070711
vn -0.000000 -0.070711 -0.070711
vn -0.000000 -0.070711 -0.070711
vn -0.000000 0.000000 -0.100000
vn -0.000000 0.000000 -0.100000
vn -0.000000 0.000000 -0.100000
vn -0.000000 0.000000 -0.100000
vn 0.000000 0.070711 -0.070711
vn 0.000000 0.070711 -0.070711
vn 0.000000 0.070711 -0.070711
vn 0.000000 0.070711 -0.070711
vn 0.000000 -0.000000 0.100000
vn 0.000000 -0.000000 0.100000
vn 0.000000 -0.000000 0.100000
vn 0.000000 -0.000000 0.100000
vn 0.000000 0.100000 0.000000
vn 0.000000 0.100000 0.000000
vn 0.000000 0.100000 0.000000
vn 0.000000 0.100000 0.000000
vn 0.000000 0.100000 0.000000
vn 0.000000 0.100000 0.000000
vn 0.000000 0.100000 0.000000
vn 0.000000 0.100000 0.000000
vn 0.000000 0.100000 0.000000
vn 0.000000 0.100000 0.000000
vn 0.000000 0.100000 0.000000
vn 0.000000 0.100000 0.000000
vn 0.000000 0.100000 0.000000
vn 0.000000 0.100000 0.000000
vn 0.000000 0.100000 0.000000
vn -0.025882 0.000000 -0.096593
vn -0.000000 0.000000 -0.100000
vn -0.025882 0.000000 -0.096593
vn -0.000000 0.000000 -0.100000
vn -0.025882 0.000000 -0.096593
vn -0.025882 0.000000 -0.096593
vn -0.050000 0.000000 -0.086603
vn -0.050000 0.000000 -0.086603
vn -0.070711 0.000000 -0.070711
vn -0.070711 0.000000 -0.070711
vn -0.086603 0.000000 -0.050000
vn -0.086603 0.000000 -0.050000
vn -0.096593 0.000000 -0.025882
vn -0.096593 0.000000 -0.025882
vn -0.096593 0.000000 -0.025882
vn -0.086603 0.000000 -0.050000
vn -0.070711 0.000000 -0.070711
vn -0.050000 0.000000 -0.086603
vn -0.096593 0.000000 -0.025882
vn -0.086603 0.000000 -0.050000
vn -0.070711 0.000000 -0.070711
vn -0.050000 0.000000 -0.086603
vn -0.000000 -0.100000 -0.000000
vn -0.000000 -0.100000 -0.000000
vn -0.000000 -0.100000 -0.000000
vn -0.000000 -0.100000 -0.000000
vn 0.000000 0.100000 0.000000
vn 0.000000 0.100000 0.000000
vn 0.022252 -0.000000 0.097493
vn 0.022252 -0.000000 0.097493
vn 0.043388 -0.000000 0.090097
vn 0.043388 -0.000000 0.090097
vn 0.062349 -0.000000 0.078183
vn 0.062349 -0.000000 0.078183
vn 0.078183 -0.000000 0.062349
vn 0.078183 -0.000000 0.062349
vn 0.090097 -0.000000 0.043388
vn 0.090097 -0.000000 0.043388
vn 0.097493 -0.000000 0.022252
vn 0.097493 -0.000000 0.022252
vn 0.100000 -0.000000 0.000000
vn 0.100000 -0.000000 0.000000
vn -0.000000 -0.100000 -0.000000
vn -0.000000 -0.100000 -0.000000
vn -0.000000 -0.100000 -0.000000
vn -0.000000 -0.100000 -0.000000
vn 0.000000 0.100000 0.000000
vn 0.000000 0.100000 0.000000
vn 0.000000 0.100000 0.000000
vn 0.000000 0.100000 0.000000
vn -0.000000 0.000000 -0.100000
vn -0.000000 0.000000 -0.100000
vn -0.100000 0.000000 0.000000
vn -0.100000 0.000000 0.000000
vn -0.100000 0.000000 0.000000
vn -0.100000 0.000000 0.000000
vn -0.000000 -0.100000 -0.000000
vn -0.000000 -0.100000 -0.000000
vn -0.000000 -0.100000 -0.000000
vn -0.000000 -0.100000 -0.000000
vn -0.000000 -0.100000 -0.000000
vn -0.000000 -0.100000 -0.000000
vn -0.000000 -0.100000 -0.000000
vn -0.000000 -0.100000 -0.000000
vn -0.000000 -0.100000 -0.000000
vn -0.000000 -0.100000 -0.000000
vn -0.000000 -0.100000 -0.000000
vn -0.000000 0.000000 -0.100000
vn -0.000000 0.000000 -0.100000
vn -0.000000 0.000000 -0.100000
vn -0.000000 0.000000 -0.100000
vn 0.000000 0.100000 0.000000
vn 0.000000 0.100000 0.000000
vn 0.100000 -0.000000 -0.000000
vn 0.100000 -0.000000 -0.000000
vn 0.100000 -0.000000 -0.000000
vn 0.100000 -0.000000 -0.000000
vn 0.100000 -0.000000 -0.000000
vn 0.100000 -0.000000 -0.000000
vn 0.100000 -0.000000 -0.000000
vn 0.100000 -0.000000 -0.000000
vn 0.100000 -0.000000 -0.000000
vn 0.100000 -0.000000 -0.000000
f 1921/3361/3113 1922/3362/3114 1924/3363/3115
f 1924/3363/3115 1922/3362/3114 1923/3364/3116
f 1922/3365/3117 1925/3366/3118 1923/3367/3119
f 1923/3367/3119 1925/3366/3118 1926/3368/3120
f 1924/3369/3121 1923/3370/3122 1935/3371/3123
f 1935/3371/3123 1923/3370/3122 1926/3372/3124
f 1935/3371/3123 1926/3372/3124 1934/3373/3125
f 1934/3373/3125 1926/3372/3124 1931/3374/3126
f 1934/3373/3125 1931/3374/3126 1932/3375/3127
f 1927/3376/3128 1928/3377/3129 1926/3372/3124
f 1926/3372/3124 1928/3377/3129 1931/3374/3126
f 1928/3377/3129 1929/3378/3130 1931/3374/3126
f 1931/3374/3126 1929/3378/3130 1930/3379/3131
f 1932/3375/3127 1933/3380/3132 1934/3373/3125
f 1936/3381/3133 1937/3382/3134 1932/3383/3135
f 1932/3383/3135 1937/3382/3134 1933/3384/3136
f 1937/3385/3137 1938/3386/3138 1933/3387/3139
f 1933/3387/3139 1938/3386/3138 1934/3388/3140
f 1939/3389/3141 1940/3390/3142 1929/3391/3143
f 1929/3391/3143 1940/3390/3142 1930/3392/3144
f 1929/3393/3145 1928/3394/3146 1939/3395/3147
f 1939/3395/3147 1928/3394/3146 1941/3396/3148
f 1942/3397/3149 1941/3398/3150 1927/3399/3151
f 1927/3399/3151 1941/3398/3150 1928/3400/3152
f 1944/3401/3153 1945/3402/3154 1943/3403/3155
f 1943/3403/3155 1945/3402/3154 1946/3404/3156
f 1944/3405/3157 1948/3406/3158 1947/3407/3159
f 1947/3407/3159 1948/3406/3158 1959/3408/3160
f 1959/3408/3160 1948/3406/3158 1949/3409/3161
f 1959/3408/3160 1949/3409/3161 1958/3410/3162
f 1958/3410/3162 1949/3409/3161 1950/3411/3163
f 1958/3410/3162 1950/3411/3163 1957/3412/3164
f 1957/3412/3164 1950/3411/3163 1951/3413/3165
f 1957/3412/3164 1951/3413/3165 1956/3414/3166
f 1956/3414/3166 1951/3413/3165 1952/3415/3167
f 1956/3414/3166 1952/3415/3167 1955/3416/3168
f 1955/3416/3168 1952/3415/3167 1953/3417/3169
f 1955/3416/3168 1953/3417/3169 1935/3418/3170
f 1935/3418/3170 1953/3417/3169 1954/3419/3171
f 1965/3420/3172 1960/3421/3173 1967/3422/3174
f 1967/3422/3174 1960/3421/3173 1947/3423/3175
f 1967/3422/3174 1947/3423/3175 1966/3424/3176
f 1966/3424/3176 1947/3423/3175 1959/3425/3177
f 1966/3424/3176 1959/3425/3177 1968/3426/3178
f 1968/3426/3178 1959/3425/3177 1958/3427/3179
f 1968/3426/3178 1958/3427/3179 1970/3428/3180
f 1970/3428/3180 1958/3427/3179 1957/3429/3181
f 1970/3428/3180 1957/3429/3181 1972/3430/3182
f 1972/3430/3182 1957/3429/3181 1956/3431/3183
f 1972/3430/3182 1956/3431/3183 1974/3432/3184
f 1974/3432/3184 1956/3431/3183 1955/3433/3185
f 1974/3432/3184 1955/3433/3185 1935/3434/3123
f 1935/3434/3123 1934/3435/3125 1974/3432/3184
f 1974/3432/3184 1934/3435/3125 1975/3436/3186
f 1974/3432/3184 1975/3436/3186 1972/3430/3182
f 1972/3430/3182 1975/3436/3186 1973/3437/3187
f 1972/3430/3182 1973/3437/3187 1970/3428/3180
f 1970/3428/3180 1973/3437/3187 1971/3438/3188
f 1970/3428/3180 1971/3438/3188 1968/3426/3178
f 1968/3426/3178 1971/3438/3188 1969/3439/3189
f 1968/3426/3178 1969/3439/3189 1966/3424/3176
f 1966/3424/3176 1969/3439/3189 1967/3422/3174
f 1934/3435/3125 1961/3440/3190 1975/3436/3186
f 1975/3436/3186 1961/3440/3190 1973/3437/3187
f 1961/3440/3190 1962/3441/3191 1973/3437/3187
f 1973/3437/3187 1962/3441/3191 1971/3438/3188
f 1962/3441/3191 1963/3442/3192 1971/3438/3188
f 1971/3438/3188 1963/3442/3192 1969/3439/3189
f 1963/3442/3192 1964/3443/3193 1969/3439/3189
f 1969/3439/3189 1964/3443/3193 1967/3422/3174
f 1964/3443/3193 1965/3420/3172 1967/3422/3174
f 1943/3444/3194 1946/3445/3195 1960/3446/3196
f 1960/3446/3196 1946/3445/3195 1976/3447/3197
f 1947/3448/3159 1977/3449/3198 1944/3450/3157
f 1944/3450/3157 1977/3449/3198 1945/3451/3199
f 1944/3452/3153 1943/3453/3155 1948/3454/3200
f 1948/3454/3200 1943/3453/3155 1978/3455/3201
f 1948/3454/3200 1978/3455/3201 1949/3456/3202
f 1949/3456/3202 1978/3455/3201 1979/3457/3203
f 1949/3456/3202 1979/3457/3203 1950/3458/3204
f 1950/3458/3204 1979/3457/3203 1980/3459/3205
f 1950/3458/3204 1980/3459/3205 1951/3460/3206
f 1951/3460/3206 1980/3459/3205 1981/3461/3207
f 1951/3460/3206 1981/3461/3207 1952/3462/3208
f 1952/3462/3208 1981/3461/3207 1982/3463/3209
f 1952/3462/3208 1982/3463/3209 1953/3464/3210
f 1953/3464/3210 1982/3463/3209 1983/3465/3211
f 1953/3464/3210 1983/3465/3211 1954/3466/3212
f 1954/3466/3212 1983/3465/3211 1938/3467/3213
f 1940/3468/3214 1984/3469/3215 1930/3470/3216
f 1930/3470/3216 1984/3469/3215 1931/3471/3217
f 1927/3472/3218 1926/3473/3219 1942/3474/3220
f 1942/3474/3220 1926/3473/3219 1925/3475/3221
f 1960/3476/3173 1976/3477/3222 1947/3478/3175
f 1947/3478/3175 1976/3477/3222 1977/3479/3223
f 1977/3480/3224 1976/3481/3225 1945/3482/3226
f 1945/3482/3226 1976/3481/3225 1946/3483/3227
f 1943/3484/3194 1960/3485/3196 1978/3486/3228
f 1978/3486/3228 1960/3485/3196 1965/3487/3229
f 1978/3486/3228 1965/3487/3229 1979/3488/3230
f 1979/3488/3230 1965/3487/3229 1964/3489/3231
f 1979/3488/3230 1964/3489/3231 1980/3490/3232
f 1980/3490/3232 1964/3489/3231 1963/3491/3233
f 1980/3490/3232 1963/3491/3233 1981/3492/3234
f 1981/3492/3234 1963/3491/3233 1962/3493/3235
f 1981/3492/3234 1962/3493/3235 1982/3494/3236
f 1982/3494/3236 1962/3493/3235 1961/3495/3237
f 1982/3494/3236 1961/3495/3237 1983/3496/3238
f 1983/3496/3238 1961/3495/3237 1934/3497/3140
f 1983/3496/3238 1934/3497/3140 1938/3498/3138
f 1932/3499/3239 1931/3500/3240 1936/3501/3241
f 1936/3501/3241 1931/3500/3240 1984/3502/3242
f 1924/3503/3243 1935/3504/3170 1921/3505/3244
f 1921/3505/3244 1935/3504/3170 1954/3506/3171
f 1921/3507/3245 1954/3508/3212 1922/3509/3246
f 1922/3509/3246 1954/3508/3212 1925/3510/3247
f 1925/3510/3247 1954/3508/3212 1938/3511/3213
f 1925/3510/3247 1938/3511/3213 1984/3512/3248
f 1984/3512/3248 1938/3511/3213 1936/3513/3249
f 1936/3513/3249 1938/3511/3213 1937/3514/3250
f 1940/3515/3251 1939/3516/3252 1984/3512/3248
f 1984/3512/3248 1939/3516/3252 1941/3517/3253
f 1984/3512/3248 1941/3517/3253 1925/3510/3247
f 1925/3510/3247 1941/3517/3253 1942/3518/3254
# 1984 vertices
# 3518 texture params
# 3254 normals
# 3900 facets

# 17 groups
