# WaveFront *.obj file (generated by Autodesk ATF)

mtllib CAP_AXIAL_THT_L5.1-D3.1-P12.70.mtl

g Body1

v 6.604000 -0.000000 -3.350000
v 6.597153 -0.058576 -3.350000
v 6.576983 -0.113995 -3.350000
v 6.544575 -0.163268 -3.350000
v 6.501678 -0.203739 -3.350000
v 6.450604 -0.233227 -3.350000
v 6.394107 -0.250141 -3.350000
v 6.335231 -0.253570 -3.350000
v 6.277152 -0.243329 -3.350000
v 6.223000 -0.219970 -3.350000
v 6.175695 -0.184753 -3.350000
v 6.137786 -0.139575 -3.350000
v 6.111318 -0.086873 -3.350000
v 6.097717 -0.029488 -3.350000
v 6.097717 0.029488 -3.350000
v 6.111318 0.086873 -3.350000
v 6.137786 0.139575 -3.350000
v 6.175695 0.184753 -3.350000
v 6.223000 0.219970 -3.350000
v 6.277152 0.243329 -3.350000
v 6.335231 0.253570 -3.350000
v 6.394107 0.250141 -3.350000
v 6.450604 0.233227 -3.350000
v 6.501678 0.203739 -3.350000
v 6.544575 0.163268 -3.350000
v 6.576983 0.113995 -3.350000
v 6.597153 0.058576 -3.350000
v 6.454000 0.000000 -3.500000
v 6.450456 0.026917 -3.500000
v 6.440067 0.052000 -3.500000
v 6.423539 0.073539 -3.500000
v 6.402000 0.090067 -3.500000
v 6.376917 0.100456 -3.500000
v 6.350000 0.104000 -3.500000
v 6.323083 0.100456 -3.500000
v 6.298000 0.090067 -3.500000
v 6.276461 0.073539 -3.500000
v 6.259933 0.052000 -3.500000
v 6.249544 0.026917 -3.500000
v 6.246000 0.000000 -3.500000
v 6.249544 -0.026917 -3.500000
v 6.259933 -0.052000 -3.500000
v 6.276461 -0.073539 -3.500000
v 6.298000 -0.090067 -3.500000
v 6.323083 -0.100456 -3.500000
v 6.350000 -0.104000 -3.500000
v 6.376917 -0.100456 -3.500000
v 6.402000 -0.090067 -3.500000
v 6.423539 -0.073539 -3.500000
v 6.440067 -0.052000 -3.500000
v 6.450456 -0.026917 -3.500000
v 6.598889 0.000000 -3.388823
v 6.583904 0.000000 -3.425000
v 6.560066 0.000000 -3.456066
v 6.529000 0.000000 -3.479904
v 6.492823 0.000000 -3.494889
v 6.592180 -0.057398 -3.388823
v 6.577599 -0.053942 -3.425000
v 6.554404 -0.048445 -3.456066
v 6.524175 -0.041280 -3.479904
v 6.488973 -0.032937 -3.494889
v 6.572415 -0.111701 -3.388823
v 6.559024 -0.104976 -3.425000
v 6.537722 -0.094277 -3.456066
v 6.509960 -0.080335 -3.479904
v 6.477631 -0.064099 -3.494889
v 6.540660 -0.159983 -3.388823
v 6.529181 -0.150350 -3.425000
v 6.510920 -0.135028 -3.456066
v 6.487122 -0.115059 -3.479904
v 6.459409 -0.091805 -3.494889
v 6.498626 -0.199640 -3.388823
v 6.489678 -0.187620 -3.425000
v 6.475443 -0.168499 -3.456066
v 6.456891 -0.143580 -3.479904
v 6.435288 -0.114562 -3.494889
v 6.448580 -0.228534 -3.388823
v 6.442645 -0.214774 -3.425000
v 6.433203 -0.192886 -3.456066
v 6.420898 -0.164361 -3.479904
v 6.406569 -0.131142 -3.494889
v 6.393219 -0.245108 -3.388823
v 6.390617 -0.230350 -3.425000
v 6.386478 -0.206875 -3.456066
v 6.381083 -0.176281 -3.479904
v 6.374801 -0.140653 -3.494889
v 6.335528 -0.248468 -3.388823
v 6.336400 -0.233508 -3.425000
v 6.337786 -0.209711 -3.456066
v 6.339592 -0.178697 -3.479904
v 6.341696 -0.142581 -3.494889
v 6.278618 -0.238433 -3.388823
v 6.282916 -0.224077 -3.425000
v 6.289752 -0.201241 -3.456066
v 6.298662 -0.171480 -3.479904
v 6.309038 -0.136823 -3.494889
v 6.225556 -0.215544 -3.388823
v 6.233048 -0.202567 -3.425000
v 6.244967 -0.181923 -3.456066
v 6.260500 -0.155019 -3.479904
v 6.278589 -0.123688 -3.494889
v 6.179202 -0.181035 -3.388823
v 6.189485 -0.170135 -3.425000
v 6.205844 -0.152796 -3.456066
v 6.227163 -0.130200 -3.479904
v 6.251989 -0.103886 -3.494889
v 6.142056 -0.136767 -3.388823
v 6.154576 -0.128532 -3.425000
v 6.174492 -0.115433 -3.456066
v 6.200448 -0.098362 -3.479904
v 6.230673 -0.078482 -3.494889
v 6.116121 -0.085125 -3.388823
v 6.130202 -0.080000 -3.425000
v 6.152603 -0.071847 -3.456066
v 6.181795 -0.061222 -3.479904
v 6.215790 -0.048848 -3.494889
v 6.102794 -0.028894 -3.388823
v 6.117678 -0.027155 -3.425000
v 6.141354 -0.024387 -3.456066
v 6.172210 -0.020781 -3.479904
v 6.208143 -0.016581 -3.494889
v 6.102794 0.028894 -3.388823
v 6.117678 0.027155 -3.425000
v 6.141354 0.024387 -3.456066
v 6.172210 0.020781 -3.479904
v 6.208143 0.016581 -3.494889
v 6.116121 0.085125 -3.388823
v 6.130202 0.080000 -3.425000
v 6.152603 0.071847 -3.456066
v 6.181795 0.061222 -3.479904
v 6.215790 0.048848 -3.494889
v 6.142056 0.136767 -3.388823
v 6.154576 0.128532 -3.425000
v 6.174492 0.115433 -3.456066
v 6.200448 0.098362 -3.479904
v 6.230673 0.078482 -3.494889
v 6.179202 0.181035 -3.388823
v 6.189485 0.170135 -3.425000
v 6.205844 0.152796 -3.456066
v 6.227163 0.130200 -3.479904
v 6.251989 0.103886 -3.494889
v 6.225556 0.215544 -3.388823
v 6.233048 0.202567 -3.425000
v 6.244967 0.181923 -3.456066
v 6.260500 0.155019 -3.479904
v 6.278589 0.123688 -3.494889
v 6.278618 0.238433 -3.388823
v 6.282916 0.224077 -3.425000
v 6.289752 0.201241 -3.456066
v 6.298662 0.171480 -3.479904
v 6.309038 0.136823 -3.494889
v 6.335528 0.248468 -3.388823
v 6.336400 0.233508 -3.425000
v 6.337786 0.209711 -3.456066
v 6.339592 0.178697 -3.479904
v 6.341696 0.142581 -3.494889
v 6.393219 0.245108 -3.388823
v 6.390617 0.230350 -3.425000
v 6.386478 0.206875 -3.456066
v 6.381083 0.176281 -3.479904
v 6.374801 0.140653 -3.494889
v 6.448580 0.228534 -3.388823
v 6.442645 0.214774 -3.425000
v 6.433203 0.192886 -3.456066
v 6.420898 0.164361 -3.479904
v 6.406569 0.131142 -3.494889
v 6.498626 0.199640 -3.388823
v 6.489678 0.187620 -3.425000
v 6.475443 0.168499 -3.456066
v 6.456891 0.143580 -3.479904
v 6.435288 0.114562 -3.494889
v 6.540660 0.159983 -3.388823
v 6.529181 0.150350 -3.425000
v 6.510920 0.135028 -3.456066
v 6.487122 0.115059 -3.479904
v 6.459409 0.091805 -3.494889
v 6.572415 0.111701 -3.388823
v 6.559024 0.104976 -3.425000
v 6.537722 0.094277 -3.456066
v 6.509960 0.080335 -3.479904
v 6.477631 0.064099 -3.494889
v 6.592180 0.057398 -3.388823
v 6.577599 0.053942 -3.425000
v 6.554404 0.048445 -3.456066
v 6.524175 0.041280 -3.479904
v 6.488973 0.032937 -3.494889
v 6.604000 -0.000000 1.542000
v 6.597153 -0.058576 1.542000
v 6.576983 -0.113995 1.542000
v 6.544575 -0.163268 1.542000
v 6.501678 -0.203739 1.542000
v 6.450604 -0.233227 1.542000
v 6.394107 -0.250141 1.542000
v 6.335231 -0.253570 1.542000
v 6.277152 -0.243329 1.542000
v 6.223000 -0.219970 1.542000
v 6.175695 -0.184753 1.542000
v 6.137786 -0.139575 1.542000
v 6.111318 -0.086873 1.542000
v 6.097717 -0.029488 1.542000
v 6.097717 0.029488 1.542000
v 6.111318 0.086873 1.542000
v 6.137786 0.139575 1.542000
v 6.175695 0.184753 1.542000
v 6.223000 0.219970 1.542000
v 6.277152 0.243329 1.542000
v 6.335231 0.253570 1.542000
v 6.394107 0.250141 1.542000
v 6.450604 0.233227 1.542000
v 6.501678 0.203739 1.542000
v 6.544575 0.163268 1.542000
v 6.576983 0.113995 1.542000
v 6.597153 0.058576 1.542000
v 6.604000 0.000000 0.319000
v 6.604000 0.000000 -0.904000
v 6.604000 0.000000 -2.127000
v 6.597153 -0.058576 0.319000
v 6.597153 -0.058576 -0.904000
v 6.597153 -0.058576 -2.127000
v 6.576983 -0.113995 0.319000
v 6.576983 -0.113995 -0.904000
v 6.576983 -0.113995 -2.127000
v 6.544575 -0.163268 0.319000
v 6.544575 -0.163268 -0.904000
v 6.544575 -0.163268 -2.127000
v 6.501678 -0.203739 0.319000
v 6.501678 -0.203739 -0.904000
v 6.501678 -0.203739 -2.127000
v 6.450604 -0.233227 0.319000
v 6.450604 -0.233227 -0.904000
v 6.450604 -0.233227 -2.127000
v 6.394107 -0.250141 0.319000
v 6.394107 -0.250141 -0.904000
v 6.394107 -0.250141 -2.127000
v 6.335231 -0.253570 0.319000
v 6.335231 -0.253570 -0.904000
v 6.335231 -0.253570 -2.127000
v 6.277152 -0.243329 0.319000
v 6.277152 -0.243329 -0.904000
v 6.277152 -0.243329 -2.127000
v 6.223000 -0.219970 0.319000
v 6.223000 -0.219970 -0.904000
v 6.223000 -0.219970 -2.127000
v 6.175695 -0.184753 0.319000
v 6.175695 -0.184753 -0.904000
v 6.175695 -0.184753 -2.127000
v 6.137786 -0.139575 0.319000
v 6.137786 -0.139575 -0.904000
v 6.137786 -0.139575 -2.127000
v 6.111318 -0.086873 0.319000
v 6.111318 -0.086873 -0.904000
v 6.111318 -0.086873 -2.127000
v 6.097717 -0.029488 0.319000
v 6.097717 -0.029488 -0.904000
v 6.097717 -0.029488 -2.127000
v 6.097717 0.029488 0.319000
v 6.097717 0.029488 -0.904000
v 6.097717 0.029488 -2.127000
v 6.111318 0.086873 0.319000
v 6.111318 0.086873 -0.904000
v 6.111318 0.086873 -2.127000
v 6.137786 0.139575 0.319000
v 6.137786 0.139575 -0.904000
v 6.137786 0.139575 -2.127000
v 6.175695 0.184753 0.319000
v 6.175695 0.184753 -0.904000
v 6.175695 0.184753 -2.127000
v 6.223000 0.219970 0.319000
v 6.223000 0.219970 -0.904000
v 6.223000 0.219970 -2.127000
v 6.277152 0.243329 0.319000
v 6.277152 0.243329 -0.904000
v 6.277152 0.243329 -2.127000
v 6.335231 0.253570 0.319000
v 6.335231 0.253570 -0.904000
v 6.335231 0.253570 -2.127000
v 6.394107 0.250141 0.319000
v 6.394107 0.250141 -0.904000
v 6.394107 0.250141 -2.127000
v 6.450604 0.233227 0.319000
v 6.450604 0.233227 -0.904000
v 6.450604 0.233227 -2.127000
v 6.501678 0.203739 0.319000
v 6.501678 0.203739 -0.904000
v 6.501678 0.203739 -2.127000
v 6.544575 0.163268 0.319000
v 6.544575 0.163268 -0.904000
v 6.544575 0.163268 -2.127000
v 6.576983 0.113995 0.319000
v 6.576983 0.113995 -0.904000
v 6.576983 0.113995 -2.127000
v 6.597153 0.058576 0.319000
v 6.597153 0.058576 -0.904000
v 6.597153 0.058576 -2.127000
v -6.454000 -0.000000 -3.500000
v -6.450456 -0.026917 -3.500000
v -6.440067 -0.052000 -3.500000
v -6.423539 -0.073539 -3.500000
v -6.402000 -0.090067 -3.500000
v -6.376917 -0.100456 -3.500000
v -6.350000 -0.104000 -3.500000
v -6.323083 -0.100456 -3.500000
v -6.298000 -0.090067 -3.500000
v -6.276461 -0.073539 -3.500000
v -6.259933 -0.052000 -3.500000
v -6.249544 -0.026917 -3.500000
v -6.246000 0.000000 -3.500000
v -6.249544 0.026917 -3.500000
v -6.259933 0.052000 -3.500000
v -6.276461 0.073539 -3.500000
v -6.298000 0.090067 -3.500000
v -6.323083 0.100456 -3.500000
v -6.350000 0.104000 -3.500000
v -6.376917 0.100456 -3.500000
v -6.402000 0.090067 -3.500000
v -6.423539 0.073539 -3.500000
v -6.440067 0.052000 -3.500000
v -6.450456 0.026917 -3.500000
v -6.604000 0.000000 -3.350000
v -6.597153 0.058576 -3.350000
v -6.576983 0.113995 -3.350000
v -6.544575 0.163268 -3.350000
v -6.501678 0.203739 -3.350000
v -6.450604 0.233227 -3.350000
v -6.394107 0.250141 -3.350000
v -6.335231 0.253570 -3.350000
v -6.277152 0.243329 -3.350000
v -6.223000 0.219970 -3.350000
v -6.175695 0.184753 -3.350000
v -6.137786 0.139575 -3.350000
v -6.111318 0.086873 -3.350000
v -6.097717 0.029488 -3.350000
v -6.097717 -0.029488 -3.350000
v -6.111318 -0.086873 -3.350000
v -6.137786 -0.139575 -3.350000
v -6.175695 -0.184753 -3.350000
v -6.223000 -0.219970 -3.350000
v -6.277152 -0.243329 -3.350000
v -6.335231 -0.253570 -3.350000
v -6.394107 -0.250141 -3.350000
v -6.450604 -0.233227 -3.350000
v -6.501678 -0.203739 -3.350000
v -6.544575 -0.163268 -3.350000
v -6.576983 -0.113995 -3.350000
v -6.597153 -0.058576 -3.350000
v -6.492823 0.000000 -3.494889
v -6.529000 0.000000 -3.479904
v -6.560066 0.000000 -3.456066
v -6.583904 0.000000 -3.425000
v -6.598889 0.000000 -3.388823
v -6.488973 -0.032937 -3.494889
v -6.524175 -0.041280 -3.479904
v -6.554404 -0.048445 -3.456066
v -6.577599 -0.053942 -3.425000
v -6.592180 -0.057398 -3.388823
v -6.477631 -0.064099 -3.494889
v -6.509960 -0.080335 -3.479904
v -6.537722 -0.094277 -3.456066
v -6.559024 -0.104976 -3.425000
v -6.572415 -0.111701 -3.388823
v -6.459409 -0.091805 -3.494889
v -6.487122 -0.115059 -3.479904
v -6.510920 -0.135028 -3.456066
v -6.529181 -0.150350 -3.425000
v -6.540660 -0.159983 -3.388823
v -6.435288 -0.114562 -3.494889
v -6.456891 -0.143580 -3.479904
v -6.475443 -0.168499 -3.456066
v -6.489678 -0.187620 -3.425000
v -6.498626 -0.199640 -3.388823
v -6.406569 -0.131142 -3.494889
v -6.420898 -0.164361 -3.479904
v -6.433203 -0.192886 -3.456066
v -6.442645 -0.214774 -3.425000
v -6.448580 -0.228534 -3.388823
v -6.374801 -0.140653 -3.494889
v -6.381083 -0.176281 -3.479904
v -6.386478 -0.206875 -3.456066
v -6.390617 -0.230350 -3.425000
v -6.393219 -0.245108 -3.388823
v -6.341696 -0.142581 -3.494889
v -6.339592 -0.178697 -3.479904
v -6.337786 -0.209711 -3.456066
v -6.336400 -0.233508 -3.425000
v -6.335528 -0.248468 -3.388823
v -6.309038 -0.136823 -3.494889
v -6.298662 -0.171480 -3.479904
v -6.289752 -0.201241 -3.456066
v -6.282916 -0.224077 -3.425000
v -6.278618 -0.238433 -3.388823
v -6.251989 -0.103886 -3.494889
v -6.227163 -0.130200 -3.479904
v -6.205844 -0.152796 -3.456066
v -6.189485 -0.170135 -3.425000
v -6.179202 -0.181035 -3.388823
v -6.225556 -0.215544 -3.388823
v -6.233048 -0.202567 -3.425000
v -6.244967 -0.181923 -3.456066
v -6.260500 -0.155019 -3.479904
v -6.278589 -0.123688 -3.494889
v -6.230673 -0.078482 -3.494889
v -6.200448 -0.098362 -3.479904
v -6.174492 -0.115433 -3.456066
v -6.154576 -0.128532 -3.425000
v -6.142056 -0.136767 -3.388823
v -6.215790 -0.048848 -3.494889
v -6.181795 -0.061222 -3.479904
v -6.152603 -0.071847 -3.456066
v -6.130202 -0.080000 -3.425000
v -6.116121 -0.085125 -3.388823
v -6.208143 -0.016581 -3.494889
v -6.172210 -0.020781 -3.479904
v -6.141354 -0.024387 -3.456066
v -6.117678 -0.027155 -3.425000
v -6.102794 -0.028894 -3.388823
v -6.208143 0.016581 -3.494889
v -6.172210 0.020781 -3.479904
v -6.141354 0.024387 -3.456066
v -6.117678 0.027155 -3.425000
v -6.102794 0.028894 -3.388823
v -6.215790 0.048848 -3.494889
v -6.181795 0.061222 -3.479904
v -6.152603 0.071847 -3.456066
v -6.130202 0.080000 -3.425000
v -6.116121 0.085125 -3.388823
v -6.230673 0.078482 -3.494889
v -6.200448 0.098362 -3.479904
v -6.174492 0.115433 -3.456066
v -6.154576 0.128532 -3.425000
v -6.142056 0.136767 -3.388823
v -6.251989 0.103886 -3.494889
v -6.227163 0.130200 -3.479904
v -6.205844 0.152796 -3.456066
v -6.189485 0.170135 -3.425000
v -6.179202 0.181035 -3.388823
v -6.309038 0.136823 -3.494889
v -6.298662 0.171480 -3.479904
v -6.289752 0.201241 -3.456066
v -6.282916 0.224077 -3.425000
v -6.278618 0.238433 -3.388823
v -6.225556 0.215544 -3.388823
v -6.233048 0.202567 -3.425000
v -6.244967 0.181923 -3.456066
v -6.260500 0.155019 -3.479904
v -6.278589 0.123688 -3.494889
v -6.341696 0.142581 -3.494889
v -6.339592 0.178697 -3.479904
v -6.337786 0.209711 -3.456066
v -6.336400 0.233508 -3.425000
v -6.335528 0.248468 -3.388823
v -6.374801 0.140653 -3.494889
v -6.381083 0.176281 -3.479904
v -6.386478 0.206875 -3.456066
v -6.390617 0.230350 -3.425000
v -6.393219 0.245108 -3.388823
v -6.406569 0.131142 -3.494889
v -6.420898 0.164361 -3.479904
v -6.433203 0.192886 -3.456066
v -6.442645 0.214774 -3.425000
v -6.448580 0.228534 -3.388823
v -6.435288 0.114562 -3.494889
v -6.456891 0.143580 -3.479904
v -6.475443 0.168499 -3.456066
v -6.489678 0.187620 -3.425000
v -6.498626 0.199640 -3.388823
v -6.459409 0.091805 -3.494889
v -6.487122 0.115059 -3.479904
v -6.510920 0.135028 -3.456066
v -6.529181 0.150350 -3.425000
v -6.540660 0.159983 -3.388823
v -6.477631 0.064099 -3.494889
v -6.509960 0.080335 -3.479904
v -6.537722 0.094277 -3.456066
v -6.559024 0.104976 -3.425000
v -6.572415 0.111701 -3.388823
v -6.488973 0.032937 -3.494889
v -6.524175 0.041280 -3.479904
v -6.554404 0.048445 -3.456066
v -6.577599 0.053942 -3.425000
v -6.592180 0.057398 -3.388823
v -6.604000 -0.000000 1.542000
v -6.597153 0.058576 1.542000
v -6.576983 0.113995 1.542000
v -6.544575 0.163268 1.542000
v -6.501678 0.203739 1.542000
v -6.450604 0.233227 1.542000
v -6.394107 0.250141 1.542000
v -6.335231 0.253570 1.542000
v -6.277152 0.243329 1.542000
v -6.223000 0.219970 1.542000
v -6.175695 0.184753 1.542000
v -6.137786 0.139575 1.542000
v -6.111318 0.086873 1.542000
v -6.097717 0.029488 1.542000
v -6.097717 -0.029488 1.542000
v -6.111318 -0.086873 1.542000
v -6.137786 -0.139575 1.542000
v -6.175695 -0.184753 1.542000
v -6.223000 -0.219970 1.542000
v -6.277152 -0.243329 1.542000
v -6.335231 -0.253570 1.542000
v -6.394107 -0.250141 1.542000
v -6.450604 -0.233227 1.542000
v -6.501678 -0.203739 1.542000
v -6.544575 -0.163268 1.542000
v -6.576983 -0.113995 1.542000
v -6.597153 -0.058576 1.542000
v -6.604000 -0.000000 0.319000
v -6.604000 -0.000000 -0.904000
v -6.604000 -0.000000 -2.127000
v -6.597153 0.058576 0.319000
v -6.597153 0.058576 -0.904000
v -6.597153 0.058576 -2.127000
v -6.576983 0.113995 0.319000
v -6.576983 0.113995 -0.904000
v -6.576983 0.113995 -2.127000
v -6.544575 0.163268 0.319000
v -6.544575 0.163268 -0.904000
v -6.544575 0.163268 -2.127000
v -6.501678 0.203739 0.319000
v -6.501678 0.203739 -0.904000
v -6.501678 0.203739 -2.127000
v -6.450604 0.233227 0.319000
v -6.450604 0.233227 -0.904000
v -6.450604 0.233227 -2.127000
v -6.394107 0.250141 0.319000
v -6.394107 0.250141 -0.904000
v -6.394107 0.250141 -2.127000
v -6.335231 0.253570 0.319000
v -6.335231 0.253570 -0.904000
v -6.335231 0.253570 -2.127000
v -6.277152 0.243329 0.319000
v -6.277152 0.243329 -0.904000
v -6.277152 0.243329 -2.127000
v -6.223000 0.219970 0.319000
v -6.223000 0.219970 -0.904000
v -6.223000 0.219970 -2.127000
v -6.175695 0.184753 0.319000
v -6.175695 0.184753 -0.904000
v -6.175695 0.184753 -2.127000
v -6.137786 0.139575 0.319000
v -6.137786 0.139575 -0.904000
v -6.137786 0.139575 -2.127000
v -6.111318 0.086873 0.319000
v -6.111318 0.086873 -0.904000
v -6.111318 0.086873 -2.127000
v -6.097717 0.029488 0.319000
v -6.097717 0.029488 -0.904000
v -6.097717 0.029488 -2.127000
v -6.097717 -0.029488 0.319000
v -6.097717 -0.029488 -0.904000
v -6.097717 -0.029488 -2.127000
v -6.111318 -0.086873 0.319000
v -6.111318 -0.086873 -0.904000
v -6.111318 -0.086873 -2.127000
v -6.137786 -0.139575 0.319000
v -6.137786 -0.139575 -0.904000
v -6.137786 -0.139575 -2.127000
v -6.175695 -0.184753 0.319000
v -6.175695 -0.184753 -0.904000
v -6.175695 -0.184753 -2.127000
v -6.223000 -0.219970 0.319000
v -6.223000 -0.219970 -0.904000
v -6.223000 -0.219970 -2.127000
v -6.277152 -0.243329 0.319000
v -6.277152 -0.243329 -0.904000
v -6.277152 -0.243329 -2.127000
v -6.335231 -0.253570 0.319000
v -6.335231 -0.253570 -0.904000
v -6.335231 -0.253570 -2.127000
v -6.394107 -0.250141 0.319000
v -6.394107 -0.250141 -0.904000
v -6.394107 -0.250141 -2.127000
v -6.450604 -0.233227 0.319000
v -6.450604 -0.233227 -0.904000
v -6.450604 -0.233227 -2.127000
v -6.501678 -0.203739 0.319000
v -6.501678 -0.203739 -0.904000
v -6.501678 -0.203739 -2.127000
v -6.544575 -0.163268 0.319000
v -6.544575 -0.163268 -0.904000
v -6.544575 -0.163268 -2.127000
v -6.576983 -0.113995 0.319000
v -6.576983 -0.113995 -0.904000
v -6.576983 -0.113995 -2.127000
v -6.597153 -0.058576 0.319000
v -6.597153 -0.058576 -0.904000
v -6.597153 -0.058576 -2.127000
v 5.842000 -0.000000 2.304000
v 5.842000 -0.058576 2.297153
v 5.842000 -0.113995 2.276983
v 5.842000 -0.163268 2.244575
v 5.842000 -0.203739 2.201678
v 5.842000 -0.233227 2.150604
v 5.842000 -0.250141 2.094107
v 5.842000 -0.253570 2.035231
v 5.842000 -0.243329 1.977152
v 5.842000 -0.219970 1.923000
v 5.842000 -0.184753 1.875695
v 5.842000 -0.139575 1.837786
v 5.842000 -0.086873 1.811318
v 5.842000 -0.029488 1.797717
v 5.842000 0.029488 1.797717
v 5.842000 0.086873 1.811318
v 5.842000 0.139575 1.837786
v 5.842000 0.184753 1.875695
v 5.842000 0.219970 1.923000
v 5.842000 0.243329 1.977152
v 5.842000 0.253570 2.035231
v 5.842000 0.250141 2.094107
v 5.842000 0.233227 2.150604
v 5.842000 0.203739 2.201678
v 5.842000 0.163268 2.244575
v 5.842000 0.113995 2.276983
v 5.842000 0.058576 2.297153
v 5.875154 0.000000 1.793827
v 6.093827 0.000000 1.575154
v 6.087345 0.000000 1.607740
v 6.076665 0.000000 1.639202
v 6.061970 0.000000 1.669000
v 6.043512 0.000000 1.696625
v 6.021605 0.000000 1.721605
v 5.996625 0.000000 1.743512
v 5.969000 0.000000 1.761970
v 5.939202 0.000000 1.776665
v 5.907740 0.000000 1.787345
v 6.100615 0.058576 1.576047
v 6.120613 0.113995 1.578680
v 6.152743 0.163268 1.582910
v 6.195273 0.203739 1.588509
v 6.245910 0.233227 1.595176
v 6.301925 0.250141 1.602550
v 6.360296 0.253570 1.610235
v 6.417879 0.243329 1.617816
v 6.471567 0.219970 1.624884
v 6.518468 0.184753 1.631059
v 6.556052 0.139575 1.636007
v 6.582294 0.086873 1.639462
v 6.595778 0.029488 1.641237
v 6.595778 -0.029488 1.641237
v 6.582294 -0.086873 1.639462
v 6.556052 -0.139575 1.636007
v 6.518468 -0.184753 1.631059
v 6.471567 -0.219970 1.624884
v 6.417879 -0.243329 1.617816
v 6.360296 -0.253570 1.610235
v 6.301925 -0.250141 1.602550
v 6.245910 -0.233227 1.595176
v 6.195273 -0.203739 1.588509
v 6.152743 -0.163268 1.582910
v 6.120613 -0.113995 1.578680
v 6.100615 -0.058576 1.576047
v 5.876047 -0.058576 1.800615
v 5.878680 -0.113995 1.820613
v 5.882910 -0.163268 1.852743
v 5.888509 -0.203739 1.895273
v 5.895176 -0.233227 1.945910
v 5.902550 -0.250141 2.001925
v 5.910235 -0.253570 2.060296
v 5.917816 -0.243329 2.117879
v 5.924884 -0.219970 2.171567
v 5.931059 -0.184753 2.218468
v 5.936007 -0.139575 2.256052
v 5.939462 -0.086873 2.282294
v 5.941237 -0.029488 2.295778
v 5.941237 0.029488 2.295778
v 5.939462 0.086873 2.282294
v 5.936007 0.139575 2.256052
v 5.931059 0.184753 2.218468
v 5.924884 0.219970 2.171567
v 5.917816 0.243329 2.117879
v 5.910235 0.253570 2.060296
v 5.902550 0.250141 2.001925
v 5.895176 0.233227 1.945910
v 5.888509 0.203739 1.895273
v 5.882910 0.163268 1.852743
v 5.878680 0.113995 1.820613
v 5.876047 0.058576 1.800615
v 6.093958 0.058576 1.609512
v 6.113442 0.113995 1.614733
v 6.144745 0.163268 1.623120
v 6.186180 0.203739 1.634223
v 6.235514 0.233227 1.647442
v 6.290087 0.250141 1.662064
v 6.346956 0.253570 1.677303
v 6.403056 0.243329 1.692335
v 6.455363 0.219970 1.706350
v 6.501056 0.184753 1.718594
v 6.537673 0.139575 1.728405
v 6.563239 0.086873 1.735256
v 6.576377 0.029488 1.738776
v 6.576377 -0.029488 1.738776
v 6.563239 -0.086873 1.735256
v 6.537673 -0.139575 1.728405
v 6.501056 -0.184753 1.718594
v 6.455363 -0.219970 1.706350
v 6.403056 -0.243329 1.692335
v 6.346956 -0.253570 1.677303
v 6.290087 -0.250141 1.662064
v 6.235514 -0.233227 1.647442
v 6.186180 -0.203739 1.634223
v 6.144745 -0.163268 1.623120
v 6.113442 -0.113995 1.614733
v 6.093958 -0.058576 1.609512
v 6.082991 0.058576 1.641822
v 6.101626 0.113995 1.649541
v 6.131567 0.163268 1.661942
v 6.171198 0.203739 1.678358
v 6.218385 0.233227 1.697904
v 6.270582 0.250141 1.719524
v 6.324975 0.253570 1.742055
v 6.378634 0.243329 1.764281
v 6.428664 0.219970 1.785004
v 6.472368 0.184753 1.803107
v 6.507391 0.139575 1.817614
v 6.531844 0.086873 1.827743
v 6.544409 0.029488 1.832948
v 6.544409 -0.029488 1.832948
v 6.531844 -0.086873 1.827743
v 6.507391 -0.139575 1.817614
v 6.472368 -0.184753 1.803107
v 6.428664 -0.219970 1.785004
v 6.378634 -0.243329 1.764281
v 6.324975 -0.253570 1.742055
v 6.270582 -0.250141 1.719524
v 6.218385 -0.233227 1.697904
v 6.171198 -0.203739 1.678358
v 6.131567 -0.163268 1.661942
v 6.101626 -0.113995 1.649541
v 6.082991 -0.058576 1.641822
v 6.067900 0.058576 1.672423
v 6.085368 0.113995 1.682509
v 6.113434 0.163268 1.698712
v 6.150584 0.203739 1.720161
v 6.194815 0.233227 1.745698
v 6.243743 0.250141 1.773947
v 6.294731 0.253570 1.803384
v 6.345029 0.243329 1.832424
v 6.391926 0.219970 1.859500
v 6.432894 0.184753 1.883153
v 6.465724 0.139575 1.902107
v 6.488646 0.086873 1.915341
v 6.500424 0.029488 1.922141
v 6.500424 -0.029488 1.922141
v 6.488646 -0.086873 1.915341
v 6.465724 -0.139575 1.902107
v 6.432894 -0.184753 1.883153
v 6.391926 -0.219970 1.859500
v 6.345029 -0.243329 1.832424
v 6.294731 -0.253570 1.803384
v 6.243743 -0.250141 1.773947
v 6.194815 -0.233227 1.745698
v 6.150584 -0.203739 1.720161
v 6.113434 -0.163268 1.698712
v 6.085368 -0.113995 1.682509
v 6.067900 -0.058576 1.672423
v 6.048944 0.058576 1.700793
v 6.064946 0.113995 1.713072
v 6.090657 0.163268 1.732801
v 6.124689 0.203739 1.758915
v 6.165209 0.233227 1.790007
v 6.210031 0.250141 1.824400
v 6.256740 0.253570 1.860241
v 6.302818 0.243329 1.895598
v 6.345779 0.219970 1.928564
v 6.383309 0.184753 1.957361
v 6.413384 0.139575 1.980438
v 6.434383 0.086873 1.996551
v 6.445173 0.029488 2.004831
v 6.445173 -0.029488 2.004831
v 6.434383 -0.086873 1.996551
v 6.413384 -0.139575 1.980438
v 6.383309 -0.184753 1.957361
v 6.345779 -0.219970 1.928564
v 6.302818 -0.243329 1.895598
v 6.256740 -0.253570 1.860241
v 6.210031 -0.250141 1.824400
v 6.165209 -0.233227 1.790007
v 6.124689 -0.203739 1.758915
v 6.090657 -0.163268 1.732801
v 6.064946 -0.113995 1.713072
v 6.048944 -0.058576 1.700793
v 6.026446 0.058576 1.726446
v 6.040709 0.113995 1.740709
v 6.063625 0.163268 1.763625
v 6.093958 0.203739 1.793958
v 6.130072 0.233227 1.830072
v 6.170022 0.250141 1.870022
v 6.211653 0.253570 1.911653
v 6.252722 0.243329 1.952722
v 6.291013 0.219970 1.991013
v 6.324463 0.184753 2.024463
v 6.351268 0.139575 2.051268
v 6.369984 0.086873 2.069984
v 6.379601 0.029488 2.079601
v 6.379601 -0.029488 2.079601
v 6.369984 -0.086873 2.069984
v 6.351268 -0.139575 2.051268
v 6.324463 -0.184753 2.024463
v 6.291013 -0.219970 1.991013
v 6.252722 -0.243329 1.952722
v 6.211653 -0.253570 1.911653
v 6.170022 -0.250141 1.870022
v 6.130072 -0.233227 1.830072
v 6.093958 -0.203739 1.793958
v 6.063625 -0.163268 1.763625
v 6.040709 -0.113995 1.740709
v 6.026446 -0.058576 1.726446
v 6.000793 0.058576 1.748944
v 6.013072 0.113995 1.764946
v 6.032801 0.163268 1.790657
v 6.058915 0.203739 1.824689
v 6.090007 0.233227 1.865209
v 6.124400 0.250141 1.910031
v 6.160241 0.253570 1.956740
v 6.195598 0.243329 2.002818
v 6.228564 0.219970 2.045779
v 6.257361 0.184753 2.083309
v 6.280438 0.139575 2.113384
v 6.296551 0.086873 2.134383
v 6.304831 0.029488 2.145173
v 6.304831 -0.029488 2.145173
v 6.296551 -0.086873 2.134383
v 6.280438 -0.139575 2.113384
v 6.257361 -0.184753 2.083309
v 6.228564 -0.219970 2.045779
v 6.195598 -0.243329 2.002818
v 6.160241 -0.253570 1.956740
v 6.124400 -0.250141 1.910031
v 6.090007 -0.233227 1.865209
v 6.058915 -0.203739 1.824689
v 6.032801 -0.163268 1.790657
v 6.013072 -0.113995 1.764946
v 6.000793 -0.058576 1.748944
v 5.972423 0.058576 1.767900
v 5.982509 0.113995 1.785368
v 5.998712 0.163268 1.813434
v 6.020161 0.203739 1.850584
v 6.045698 0.233227 1.894815
v 6.073947 0.250141 1.943743
v 6.103384 0.253570 1.994731
v 6.132424 0.243329 2.045029
v 6.159500 0.219970 2.091926
v 6.183153 0.184753 2.132894
v 6.202107 0.139575 2.165724
v 6.215341 0.086873 2.188646
v 6.222141 0.029488 2.200424
v 6.222141 -0.029488 2.200424
v 6.215341 -0.086873 2.188646
v 6.202107 -0.139575 2.165724
v 6.183153 -0.184753 2.132894
v 6.159500 -0.219970 2.091926
v 6.132424 -0.243329 2.045029
v 6.103384 -0.253570 1.994731
v 6.073947 -0.250141 1.943743
v 6.045698 -0.233227 1.894815
v 6.020161 -0.203739 1.850584
v 5.998712 -0.163268 1.813434
v 5.982509 -0.113995 1.785368
v 5.972423 -0.058576 1.767900
v 5.941822 0.058576 1.782991
v 5.949541 0.113995 1.801626
v 5.961942 0.163268 1.831567
v 5.978358 0.203739 1.871198
v 5.997904 0.233227 1.918385
v 6.019524 0.250141 1.970582
v 6.042055 0.253570 2.024975
v 6.064281 0.243329 2.078634
v 6.085004 0.219970 2.128664
v 6.103107 0.184753 2.172368
v 6.117614 0.139575 2.207391
v 6.127743 0.086873 2.231844
v 6.132948 0.029488 2.244409
v 6.132948 -0.029488 2.244409
v 6.127743 -0.086873 2.231844
v 6.117614 -0.139575 2.207391
v 6.103107 -0.184753 2.172368
v 6.085004 -0.219970 2.128664
v 6.064281 -0.243329 2.078634
v 6.042055 -0.253570 2.024975
v 6.019524 -0.250141 1.970582
v 5.997904 -0.233227 1.918385
v 5.978358 -0.203739 1.871198
v 5.961942 -0.163268 1.831567
v 5.949541 -0.113995 1.801626
v 5.941822 -0.058576 1.782991
v 5.909512 0.058576 1.793958
v 5.914733 0.113995 1.813442
v 5.923120 0.163268 1.844745
v 5.934223 0.203739 1.886180
v 5.947442 0.233227 1.935514
v 5.962064 0.250141 1.990087
v 5.977303 0.253570 2.046956
v 5.992335 0.243329 2.103056
v 6.006350 0.219970 2.155363
v 6.018594 0.184753 2.201056
v 6.028405 0.139575 2.237673
v 6.035256 0.086873 2.263239
v 6.038776 0.029488 2.276377
v 6.038776 -0.029488 2.276377
v 6.035256 -0.086873 2.263239
v 6.028405 -0.139575 2.237673
v 6.018594 -0.184753 2.201056
v 6.006350 -0.219970 2.155363
v 5.992335 -0.243329 2.103056
v 5.977303 -0.253570 2.046956
v 5.962064 -0.250141 1.990087
v 5.947442 -0.233227 1.935514
v 5.934223 -0.203739 1.886180
v 5.923120 -0.163268 1.844745
v 5.914733 -0.113995 1.813442
v 5.909512 -0.058576 1.793958
v -5.842000 -0.000000 2.304000
v -5.842000 -0.058576 2.297153
v -5.842000 -0.113995 2.276983
v -5.842000 -0.163268 2.244575
v -5.842000 -0.203739 2.201678
v -5.842000 -0.233227 2.150604
v -5.842000 -0.250141 2.094107
v -5.842000 -0.253570 2.035231
v -5.842000 -0.243329 1.977152
v -5.842000 -0.219970 1.923000
v -5.842000 -0.184753 1.875695
v -5.842000 -0.139575 1.837786
v -5.842000 -0.086873 1.811318
v -5.842000 -0.029488 1.797717
v -5.842000 0.029488 1.797717
v -5.842000 0.086873 1.811318
v -5.842000 0.139575 1.837786
v -5.842000 0.184753 1.875695
v -5.842000 0.219970 1.923000
v -5.842000 0.243329 1.977152
v -5.842000 0.253570 2.035231
v -5.842000 0.250141 2.094107
v -5.842000 0.233227 2.150604
v -5.842000 0.203739 2.201678
v -5.842000 0.163268 2.244575
v -5.842000 0.113995 2.276983
v -5.842000 0.058576 2.297153
v 4.673600 -0.000000 2.304000
v 3.505200 -0.000000 2.304000
v 2.336800 -0.000000 2.304000
v 1.168400 -0.000000 2.304000
v -0.000000 -0.000000 2.304000
v -1.168400 -0.000000 2.304000
v -2.336800 -0.000000 2.304000
v -3.505200 -0.000000 2.304000
v -4.673600 -0.000000 2.304000
v 4.673600 0.058576 2.297153
v 3.505200 0.058576 2.297153
v 2.336800 0.058576 2.297153
v 1.168400 0.058576 2.297153
v -0.000000 0.058576 2.297153
v -1.168400 0.058576 2.297153
v -2.336800 0.058576 2.297153
v -3.505200 0.058576 2.297153
v -4.673600 0.058576 2.297153
v 4.673600 0.113995 2.276983
v 3.505200 0.113995 2.276983
v 2.336800 0.113995 2.276983
v 1.168400 0.113995 2.276983
v -0.000000 0.113995 2.276983
v -1.168400 0.113995 2.276983
v -2.336800 0.113995 2.276983
v -3.505200 0.113995 2.276983
v -4.673600 0.113995 2.276983
v 4.673600 0.163268 2.244575
v 3.505200 0.163268 2.244575
v 2.336800 0.163268 2.244575
v 1.168400 0.163268 2.244575
v -0.000000 0.163268 2.244575
v -1.168400 0.163268 2.244575
v -2.336800 0.163268 2.244575
v -3.505200 0.163268 2.244575
v -4.673600 0.163268 2.244575
v 4.673600 0.203739 2.201678
v 3.505200 0.203739 2.201678
v 2.336800 0.203739 2.201678
v 1.168400 0.203739 2.201678
v -0.000000 0.203739 2.201678
v -1.168400 0.203739 2.201678
v -2.336800 0.203739 2.201678
v -3.505200 0.203739 2.201678
v -4.673600 0.203739 2.201678
v 4.673600 0.233227 2.150604
v 3.505200 0.233227 2.150604
v 2.336800 0.233227 2.150604
v 1.168400 0.233227 2.150604
v -0.000000 0.233227 2.150604
v -1.168400 0.233227 2.150604
v -2.336800 0.233227 2.150604
v -3.505200 0.233227 2.150604
v -4.673600 0.233227 2.150604
v 4.673600 0.250141 2.094107
v 3.505200 0.250141 2.094107
v 2.336800 0.250141 2.094107
v 1.168400 0.250141 2.094107
v -0.000000 0.250141 2.094107
v -1.168400 0.250141 2.094107
v -2.336800 0.250141 2.094107
v -3.505200 0.250141 2.094107
v -4.673600 0.250141 2.094107
v 4.673600 0.253570 2.035231
v 3.505200 0.253570 2.035231
v 2.336800 0.253570 2.035231
v 1.168400 0.253570 2.035231
v -0.000000 0.253570 2.035231
v -1.168400 0.253570 2.035231
v -2.336800 0.253570 2.035231
v -3.505200 0.253570 2.035231
v -4.673600 0.253570 2.035231
v 4.673600 0.243329 1.977152
v 3.505200 0.243329 1.977152
v 2.336800 0.243329 1.977152
v 1.168400 0.243329 1.977152
v -0.000000 0.243329 1.977152
v -1.168400 0.243329 1.977152
v -2.336800 0.243329 1.977152
v -3.505200 0.243329 1.977152
v -4.673600 0.243329 1.977152
v 4.673600 0.219970 1.923000
v 3.505200 0.219970 1.923000
v 2.336800 0.219970 1.923000
v 1.168400 0.219970 1.923000
v -0.000000 0.219970 1.923000
v -1.168400 0.219970 1.923000
v -2.336800 0.219970 1.923000
v -3.505200 0.219970 1.923000
v -4.673600 0.219970 1.923000
v 4.673600 0.184753 1.875695
v 3.505200 0.184753 1.875695
v 2.336800 0.184753 1.875695
v 1.168400 0.184753 1.875695
v -0.000000 0.184753 1.875695
v -1.168400 0.184753 1.875695
v -2.336800 0.184753 1.875695
v -3.505200 0.184753 1.875695
v -4.673600 0.184753 1.875695
v 4.673600 0.139575 1.837786
v 3.505200 0.139575 1.837786
v 2.336800 0.139575 1.837786
v 1.168400 0.139575 1.837786
v -0.000000 0.139575 1.837786
v -1.168400 0.139575 1.837786
v -2.336800 0.139575 1.837786
v -3.505200 0.139575 1.837786
v -4.673600 0.139575 1.837786
v 4.673600 0.086873 1.811318
v 3.505200 0.086873 1.811318
v 2.336800 0.086873 1.811318
v 1.168400 0.086873 1.811318
v -0.000000 0.086873 1.811318
v -1.168400 0.086873 1.811318
v -2.336800 0.086873 1.811318
v -3.505200 0.086873 1.811318
v -4.673600 0.086873 1.811318
v 4.673600 0.029488 1.797717
v 3.505200 0.029488 1.797717
v 2.336800 0.029488 1.797717
v 1.168400 0.029488 1.797717
v -0.000000 0.029488 1.797717
v -1.168400 0.029488 1.797717
v -2.336800 0.029488 1.797717
v -3.505200 0.029488 1.797717
v -4.673600 0.029488 1.797717
v 4.673600 -0.029488 1.797717
v 3.505200 -0.029488 1.797717
v 2.336800 -0.029488 1.797717
v 1.168400 -0.029488 1.797717
v -0.000000 -0.029488 1.797717
v -1.168400 -0.029488 1.797717
v -2.336800 -0.029488 1.797717
v -3.505200 -0.029488 1.797717
v -4.673600 -0.029488 1.797717
v 4.673600 -0.086873 1.811318
v 3.505200 -0.086873 1.811318
v 2.336800 -0.086873 1.811318
v 1.168400 -0.086873 1.811318
v -0.000000 -0.086873 1.811318
v -1.168400 -0.086873 1.811318
v -2.336800 -0.086873 1.811318
v -3.505200 -0.086873 1.811318
v -4.673600 -0.086873 1.811318
v 4.673600 -0.139575 1.837786
v 3.505200 -0.139575 1.837786
v 2.336800 -0.139575 1.837786
v 1.168400 -0.139575 1.837786
v -0.000000 -0.139575 1.837786
v -1.168400 -0.139575 1.837786
v -2.336800 -0.139575 1.837786
v -3.505200 -0.139575 1.837786
v -4.673600 -0.139575 1.837786
v 4.673600 -0.184753 1.875695
v 3.505200 -0.184753 1.875695
v 2.336800 -0.184753 1.875695
v 1.168400 -0.184753 1.875695
v -0.000000 -0.184753 1.875695
v -1.168400 -0.184753 1.875695
v -2.336800 -0.184753 1.875695
v -3.505200 -0.184753 1.875695
v -4.673600 -0.184753 1.875695
v 4.673600 -0.219970 1.923000
v 3.505200 -0.219970 1.923000
v 2.336800 -0.219970 1.923000
v 1.168400 -0.219970 1.923000
v -0.000000 -0.219970 1.923000
v -1.168400 -0.219970 1.923000
v -2.336800 -0.219970 1.923000
v -3.505200 -0.219970 1.923000
v -4.673600 -0.219970 1.923000
v 4.673600 -0.243329 1.977152
v 3.505200 -0.243329 1.977152
v 2.336800 -0.243329 1.977152
v 1.168400 -0.243329 1.977152
v -0.000000 -0.243329 1.977152
v -1.168400 -0.243329 1.977152
v -2.336800 -0.243329 1.977152
v -3.505200 -0.243329 1.977152
v -4.673600 -0.243329 1.977152
v 4.673600 -0.253570 2.035231
v 3.505200 -0.253570 2.035231
v 2.336800 -0.253570 2.035231
v 1.168400 -0.253570 2.035231
v -0.000000 -0.253570 2.035231
v -1.168400 -0.253570 2.035231
v -2.336800 -0.253570 2.035231
v -3.505200 -0.253570 2.035231
v -4.673600 -0.253570 2.035231
v 4.673600 -0.250141 2.094107
v 3.505200 -0.250141 2.094107
v 2.336800 -0.250141 2.094107
v 1.168400 -0.250141 2.094107
v -0.000000 -0.250141 2.094107
v -1.168400 -0.250141 2.094107
v -2.336800 -0.250141 2.094107
v -3.505200 -0.250141 2.094107
v -4.673600 -0.250141 2.094107
v 4.673600 -0.233227 2.150604
v 3.505200 -0.233227 2.150604
v 2.336800 -0.233227 2.150604
v 1.168400 -0.233227 2.150604
v -0.000000 -0.233227 2.150604
v -1.168400 -0.233227 2.150604
v -2.336800 -0.233227 2.150604
v -3.505200 -0.233227 2.150604
v -4.673600 -0.233227 2.150604
v 4.673600 -0.203739 2.201678
v 3.505200 -0.203739 2.201678
v 2.336800 -0.203739 2.201678
v 1.168400 -0.203739 2.201678
v -0.000000 -0.203739 2.201678
v -1.168400 -0.203739 2.201678
v -2.336800 -0.203739 2.201678
v -3.505200 -0.203739 2.201678
v -4.673600 -0.203739 2.201678
v 4.673600 -0.163268 2.244575
v 3.505200 -0.163268 2.244575
v 2.336800 -0.163268 2.244575
v 1.168400 -0.163268 2.244575
v -0.000000 -0.163268 2.244575
v -1.168400 -0.163268 2.244575
v -2.336800 -0.163268 2.244575
v -3.505200 -0.163268 2.244575
v -4.673600 -0.163268 2.244575
v 4.673600 -0.113995 2.276983
v 3.505200 -0.113995 2.276983
v 2.336800 -0.113995 2.276983
v 1.168400 -0.113995 2.276983
v -0.000000 -0.113995 2.276983
v -1.168400 -0.113995 2.276983
v -2.336800 -0.113995 2.276983
v -3.505200 -0.113995 2.276983
v -4.673600 -0.113995 2.276983
v 4.673600 -0.058576 2.297153
v 3.505200 -0.058576 2.297153
v 2.336800 -0.058576 2.297153
v 1.168400 -0.058576 2.297153
v -0.000000 -0.058576 2.297153
v -1.168400 -0.058576 2.297153
v -2.336800 -0.058576 2.297153
v -3.505200 -0.058576 2.297153
v -4.673600 -0.058576 2.297153
v -6.093827 0.000000 1.575154
v -5.875154 0.000000 1.793827
v -5.907740 0.000000 1.787345
v -5.939202 0.000000 1.776665
v -5.969000 0.000000 1.761970
v -5.996625 0.000000 1.743512
v -6.021605 0.000000 1.721605
v -6.043512 0.000000 1.696625
v -6.061970 0.000000 1.669000
v -6.076665 0.000000 1.639202
v -6.087345 0.000000 1.607740
v -5.876047 0.058576 1.800615
v -5.878680 0.113995 1.820613
v -5.882910 0.163268 1.852743
v -5.888509 0.203739 1.895273
v -5.895176 0.233227 1.945910
v -5.902550 0.250141 2.001925
v -5.910235 0.253570 2.060296
v -5.917816 0.243329 2.117879
v -5.924884 0.219970 2.171567
v -5.931059 0.184753 2.218468
v -5.936007 0.139575 2.256052
v -5.939462 0.086873 2.282294
v -5.941237 0.029488 2.295778
v -5.941237 -0.029488 2.295778
v -5.939462 -0.086873 2.282294
v -5.936007 -0.139575 2.256052
v -5.931059 -0.184753 2.218468
v -5.924884 -0.219970 2.171567
v -5.917816 -0.243329 2.117879
v -5.910235 -0.253570 2.060296
v -5.902550 -0.250141 2.001925
v -5.895176 -0.233227 1.945910
v -5.888509 -0.203739 1.895273
v -5.882910 -0.163268 1.852743
v -5.878680 -0.113995 1.820613
v -5.876047 -0.058576 1.800615
v -6.100615 -0.058576 1.576047
v -6.120613 -0.113995 1.578680
v -6.152743 -0.163268 1.582910
v -6.195273 -0.203739 1.588509
v -6.245910 -0.233227 1.595176
v -6.301925 -0.250141 1.602550
v -6.360296 -0.253570 1.610235
v -6.417879 -0.243329 1.617816
v -6.471567 -0.219970 1.624884
v -6.518468 -0.184753 1.631059
v -6.556052 -0.139575 1.636007
v -6.582294 -0.086873 1.639462
v -6.595778 -0.029488 1.641237
v -6.595778 0.029488 1.641237
v -6.582294 0.086873 1.639462
v -6.556052 0.139575 1.636007
v -6.518468 0.184753 1.631059
v -6.471567 0.219970 1.624884
v -6.417879 0.243329 1.617816
v -6.360296 0.253570 1.610235
v -6.301925 0.250141 1.602550
v -6.245910 0.233227 1.595176
v -6.195273 0.203739 1.588509
v -6.152743 0.163268 1.582910
v -6.120613 0.113995 1.578680
v -6.100615 0.058576 1.576047
v -5.909512 0.058576 1.793958
v -5.914733 0.113995 1.813442
v -5.923120 0.163268 1.844745
v -5.934223 0.203739 1.886180
v -5.947442 0.233227 1.935514
v -5.962064 0.250141 1.990087
v -5.977303 0.253570 2.046956
v -5.992335 0.243329 2.103056
v -6.006350 0.219970 2.155363
v -6.018594 0.184753 2.201056
v -6.028405 0.139575 2.237673
v -6.035256 0.086873 2.263239
v -6.038776 0.029488 2.276377
v -6.038776 -0.029488 2.276377
v -6.035256 -0.086873 2.263239
v -6.028405 -0.139575 2.237673
v -6.018594 -0.184753 2.201056
v -6.006350 -0.219970 2.155363
v -5.992335 -0.243329 2.103056
v -5.977303 -0.253570 2.046956
v -5.962064 -0.250141 1.990087
v -5.947442 -0.233227 1.935514
v -5.934223 -0.203739 1.886180
v -5.923120 -0.163268 1.844745
v -5.914733 -0.113995 1.813442
v -5.909512 -0.058576 1.793958
v -5.941822 0.058576 1.782991
v -5.949541 0.113995 1.801626
v -5.961942 0.163268 1.831567
v -5.978358 0.203739 1.871198
v -5.997904 0.233227 1.918385
v -6.019524 0.250141 1.970582
v -6.042055 0.253570 2.024975
v -6.064281 0.243329 2.078634
v -6.085004 0.219970 2.128664
v -6.103107 0.184753 2.172368
v -6.117614 0.139575 2.207391
v -6.127743 0.086873 2.231844
v -6.132948 0.029488 2.244409
v -6.132948 -0.029488 2.244409
v -6.127743 -0.086873 2.231844
v -6.117614 -0.139575 2.207391
v -6.103107 -0.184753 2.172368
v -6.085004 -0.219970 2.128664
v -6.064281 -0.243329 2.078634
v -6.042055 -0.253570 2.024975
v -6.019524 -0.250141 1.970582
v -5.997904 -0.233227 1.918385
v -5.978358 -0.203739 1.871198
v -5.961942 -0.163268 1.831567
v -5.949541 -0.113995 1.801626
v -5.941822 -0.058576 1.782991
v -5.972423 0.058576 1.767900
v -5.982509 0.113995 1.785368
v -5.998712 0.163268 1.813434
v -6.020161 0.203739 1.850584
v -6.045698 0.233227 1.894815
v -6.073947 0.250141 1.943743
v -6.103384 0.253570 1.994731
v -6.132424 0.243329 2.045029
v -6.159500 0.219970 2.091926
v -6.183153 0.184753 2.132894
v -6.202107 0.139575 2.165724
v -6.215341 0.086873 2.188646
v -6.222141 0.029488 2.200424
v -6.222141 -0.029488 2.200424
v -6.215341 -0.086873 2.188646
v -6.202107 -0.139575 2.165724
v -6.183153 -0.184753 2.132894
v -6.159500 -0.219970 2.091926
v -6.132424 -0.243329 2.045029
v -6.103384 -0.253570 1.994731
v -6.073947 -0.250141 1.943743
v -6.045698 -0.233227 1.894815
v -6.020161 -0.203739 1.850584
v -5.998712 -0.163268 1.813434
v -5.982509 -0.113995 1.785368
v -5.972423 -0.058576 1.767900
v -6.000793 0.058576 1.748944
v -6.013072 0.113995 1.764946
v -6.032801 0.163268 1.790657
v -6.058915 0.203739 1.824689
v -6.090007 0.233227 1.865209
v -6.124400 0.250141 1.910031
v -6.160241 0.253570 1.956740
v -6.195598 0.243329 2.002818
v -6.228564 0.219970 2.045779
v -6.257361 0.184753 2.083309
v -6.280438 0.139575 2.113384
v -6.296551 0.086873 2.134383
v -6.304831 0.029488 2.145173
v -6.304831 -0.029488 2.145173
v -6.296551 -0.086873 2.134383
v -6.280438 -0.139575 2.113384
v -6.257361 -0.184753 2.083309
v -6.228564 -0.219970 2.045779
v -6.195598 -0.243329 2.002818
v -6.160241 -0.253570 1.956740
v -6.124400 -0.250141 1.910031
v -6.090007 -0.233227 1.865209
v -6.058915 -0.203739 1.824689
v -6.032801 -0.163268 1.790657
v -6.013072 -0.113995 1.764946
v -6.000793 -0.058576 1.748944
v -6.026446 0.058576 1.726446
v -6.040709 0.113995 1.740709
v -6.063625 0.163268 1.763625
v -6.093958 0.203739 1.793958
v -6.130072 0.233227 1.830072
v -6.170022 0.250141 1.870022
v -6.211653 0.253570 1.911653
v -6.252722 0.243329 1.952722
v -6.291013 0.219970 1.991013
v -6.324463 0.184753 2.024463
v -6.351268 0.139575 2.051268
v -6.369984 0.086873 2.069984
v -6.379601 0.029488 2.079601
v -6.379601 -0.029488 2.079601
v -6.369984 -0.086873 2.069984
v -6.351268 -0.139575 2.051268
v -6.324463 -0.184753 2.024463
v -6.291013 -0.219970 1.991013
v -6.252722 -0.243329 1.952722
v -6.211653 -0.253570 1.911653
v -6.170022 -0.250141 1.870022
v -6.130072 -0.233227 1.830072
v -6.093958 -0.203739 1.793958
v -6.063625 -0.163268 1.763625
v -6.040709 -0.113995 1.740709
v -6.026446 -0.058576 1.726446
v -6.048944 0.058576 1.700793
v -6.064946 0.113995 1.713072
v -6.090657 0.163268 1.732801
v -6.124689 0.203739 1.758915
v -6.165209 0.233227 1.790007
v -6.210031 0.250141 1.824400
v -6.256740 0.253570 1.860241
v -6.302818 0.243329 1.895598
v -6.345779 0.219970 1.928564
v -6.383309 0.184753 1.957361
v -6.413384 0.139575 1.980438
v -6.434383 0.086873 1.996551
v -6.445173 0.029488 2.004831
v -6.445173 -0.029488 2.004831
v -6.434383 -0.086873 1.996551
v -6.413384 -0.139575 1.980438
v -6.383309 -0.184753 1.957361
v -6.345779 -0.219970 1.928564
v -6.302818 -0.243329 1.895598
v -6.256740 -0.253570 1.860241
v -6.210031 -0.250141 1.824400
v -6.165209 -0.233227 1.790007
v -6.124689 -0.203739 1.758915
v -6.090657 -0.163268 1.732801
v -6.064946 -0.113995 1.713072
v -6.048944 -0.058576 1.700793
v -6.067900 0.058576 1.672423
v -6.085368 0.113995 1.682509
v -6.113434 0.163268 1.698712
v -6.150584 0.203739 1.720161
v -6.194815 0.233227 1.745698
v -6.243743 0.250141 1.773947
v -6.294731 0.253570 1.803384
v -6.345029 0.243329 1.832424
v -6.391926 0.219970 1.859500
v -6.432894 0.184753 1.883153
v -6.465724 0.139575 1.902107
v -6.488646 0.086873 1.915341
v -6.500424 0.029488 1.922141
v -6.500424 -0.029488 1.922141
v -6.488646 -0.086873 1.915341
v -6.465724 -0.139575 1.902107
v -6.432894 -0.184753 1.883153
v -6.391926 -0.219970 1.859500
v -6.345029 -0.243329 1.832424
v -6.294731 -0.253570 1.803384
v -6.243743 -0.250141 1.773947
v -6.194815 -0.233227 1.745698
v -6.150584 -0.203739 1.720161
v -6.113434 -0.163268 1.698712
v -6.085368 -0.113995 1.682509
v -6.067900 -0.058576 1.672423
v -6.082991 0.058576 1.641822
v -6.101626 0.113995 1.649541
v -6.131567 0.163268 1.661942
v -6.171198 0.203739 1.678358
v -6.218385 0.233227 1.697904
v -6.270582 0.250141 1.719524
v -6.324975 0.253570 1.742055
v -6.378634 0.243329 1.764281
v -6.428664 0.219970 1.785004
v -6.472368 0.184753 1.803107
v -6.507391 0.139575 1.817614
v -6.531844 0.086873 1.827743
v -6.544409 0.029488 1.832948
v -6.544409 -0.029488 1.832948
v -6.531844 -0.086873 1.827743
v -6.507391 -0.139575 1.817614
v -6.472368 -0.184753 1.803107
v -6.428664 -0.219970 1.785004
v -6.378634 -0.243329 1.764281
v -6.324975 -0.253570 1.742055
v -6.270582 -0.250141 1.719524
v -6.218385 -0.233227 1.697904
v -6.171198 -0.203739 1.678358
v -6.131567 -0.163268 1.661942
v -6.101626 -0.113995 1.649541
v -6.082991 -0.058576 1.641822
v -6.093958 0.058576 1.609512
v -6.113442 0.113995 1.614733
v -6.144745 0.163268 1.623120
v -6.186180 0.203739 1.634223
v -6.235514 0.233227 1.647442
v -6.290087 0.250141 1.662064
v -6.346956 0.253570 1.677303
v -6.403056 0.243329 1.692335
v -6.455363 0.219970 1.706350
v -6.501056 0.184753 1.718594
v -6.537673 0.139575 1.728405
v -6.563239 0.086873 1.735256
v -6.576377 0.029488 1.738776
v -6.576377 -0.029488 1.738776
v -6.563239 -0.086873 1.735256
v -6.537673 -0.139575 1.728405
v -6.501056 -0.184753 1.718594
v -6.455363 -0.219970 1.706350
v -6.403056 -0.243329 1.692335
v -6.346956 -0.253570 1.677303
v -6.290087 -0.250141 1.662064
v -6.235514 -0.233227 1.647442
v -6.186180 -0.203739 1.634223
v -6.144745 -0.163268 1.623120
v -6.113442 -0.113995 1.614733
v -6.093958 -0.058576 1.609512
vt -0.000000 -0.061106 0.000000
vt -0.003927 -0.061106 0.000000
vt -0.000000 -0.065994 0.000000
vt -0.003927 -0.065994 0.000000
vt -0.000000 0.065994 0.000000
vt -0.003927 0.065994 0.000000
vt -0.000000 0.061106 0.000000
vt -0.003927 0.061106 0.000000
vt 0.000000 0.056217 0.000000
vt -0.003927 0.056217 0.000000
vt 0.000000 0.051329 0.000000
vt -0.003927 0.051329 0.000000
vt 0.000000 0.046440 0.000000
vt -0.003927 0.046440 0.000000
vt -0.000000 0.041552 0.000000
vt -0.003927 0.041552 0.000000
vt 0.000000 0.036663 0.000000
vt -0.003927 0.036663 0.000000
vt 0.000000 0.031775 0.000000
vt -0.003927 0.031775 0.000000
vt -0.000000 0.026887 0.000000
vt -0.003927 0.026887 0.000000
vt -0.000000 0.021998 0.000000
vt -0.003927 0.021998 0.000000
vt 0.000000 0.017110 0.000000
vt -0.003927 0.017110 0.000000
vt -0.000000 0.012221 0.000000
vt -0.003927 0.012221 0.000000
vt 0.000000 0.007333 0.000000
vt -0.003927 0.007333 0.000000
vt 0.000000 0.002444 0.000000
vt -0.003927 0.002444 0.000000
vt 0.000000 -0.002444 0.000000
vt -0.003927 -0.002444 0.000000
vt 0.000000 -0.007333 0.000000
vt -0.003927 -0.007333 0.000000
vt -0.000000 -0.012221 0.000000
vt -0.003927 -0.012221 0.000000
vt 0.000000 -0.017110 0.000000
vt -0.003927 -0.017110 0.000000
vt -0.000000 -0.021998 0.000000
vt -0.003927 -0.021998 0.000000
vt -0.000000 -0.026887 0.000000
vt -0.003927 -0.026887 0.000000
vt 0.000000 -0.031775 0.000000
vt -0.003927 -0.031775 0.000000
vt 0.000000 -0.036663 0.000000
vt -0.003927 -0.036663 0.000000
vt -0.000000 -0.041552 0.000000
vt -0.003927 -0.041552 0.000000
vt 0.000000 -0.046440 0.000000
vt -0.003927 -0.046440 0.000000
vt 0.000000 -0.051329 0.000000
vt -0.003927 -0.051329 0.000000
vt 0.000000 -0.056217 0.000000
vt -0.003927 -0.056217 0.000000
vt -0.023562 0.060495 0.000000
vt -0.019635 0.061106 0.000000
vt -0.023562 0.065994 0.000000
vt -0.019635 0.065994 0.000000
vt -0.023562 -0.065994 0.000000
vt -0.019635 -0.065994 0.000000
vt -0.019635 -0.061106 0.000000
vt -0.015708 -0.065994 0.000000
vt -0.015708 -0.061106 0.000000
vt -0.011781 -0.065994 0.000000
vt -0.011781 -0.061106 0.000000
vt -0.007854 -0.065994 0.000000
vt -0.007854 -0.061106 0.000000
vt -0.019635 0.056217 0.000000
vt -0.023562 0.054995 0.000000
vt -0.019635 0.051329 0.000000
vt -0.023562 0.049496 0.000000
vt -0.019635 0.046440 0.000000
vt -0.023562 0.043996 0.000000
vt -0.019635 0.041552 0.000000
vt -0.023562 0.038497 0.000000
vt -0.019635 0.036663 0.000000
vt -0.023562 0.032997 0.000000
vt -0.019635 0.031775 0.000000
vt -0.023562 0.027498 0.000000
vt -0.019635 0.026887 0.000000
vt -0.023562 0.021998 0.000000
vt -0.019635 0.021998 0.000000
vt -0.019635 0.017110 0.000000
vt -0.015708 0.017110 0.000000
vt -0.015708 0.012221 0.000000
vt -0.011781 0.012221 0.000000
vt -0.011781 0.007333 0.000000
vt -0.007854 0.007333 0.000000
vt -0.007854 0.002444 0.000000
vt -0.023562 0.016499 0.000000
vt -0.019635 0.012221 0.000000
vt -0.015708 0.007333 0.000000
vt -0.011781 0.002444 0.000000
vt -0.007854 -0.002444 0.000000
vt -0.023562 0.010999 0.000000
vt -0.019635 0.007333 0.000000
vt -0.015708 0.002444 0.000000
vt -0.011781 -0.002444 0.000000
vt -0.007854 -0.007333 0.000000
vt -0.023562 0.005500 0.000000
vt -0.019635 0.002444 0.000000
vt -0.015708 -0.002444 0.000000
vt -0.011781 -0.007333 0.000000
vt -0.007854 -0.012221 0.000000
vt -0.023562 0.000000 0.000000
vt -0.019635 -0.002444 0.000000
vt -0.015708 -0.007333 0.000000
vt -0.011781 -0.012221 0.000000
vt -0.007854 -0.017110 0.000000
vt -0.023562 -0.005500 0.000000
vt -0.019635 -0.007333 0.000000
vt -0.015708 -0.012221 0.000000
vt -0.011781 -0.017110 0.000000
vt -0.007854 -0.021998 0.000000
vt -0.023562 -0.010999 0.000000
vt -0.019635 -0.012221 0.000000
vt -0.015708 -0.017110 0.000000
vt -0.011781 -0.021998 0.000000
vt -0.007854 -0.026887 0.000000
vt -0.023562 -0.016499 0.000000
vt -0.019635 -0.017110 0.000000
vt -0.015708 -0.021998 0.000000
vt -0.011781 -0.026887 0.000000
vt -0.007854 -0.031775 0.000000
vt -0.023562 -0.021998 0.000000
vt -0.019635 -0.021998 0.000000
vt -0.015708 -0.026887 0.000000
vt -0.011781 -0.031775 0.000000
vt -0.007854 -0.036663 0.000000
vt -0.019635 -0.026887 0.000000
vt -0.023562 -0.027498 0.000000
vt -0.019635 -0.031775 0.000000
vt -0.023562 -0.032997 0.000000
vt -0.019635 -0.036663 0.000000
vt -0.023562 -0.038497 0.000000
vt -0.019635 -0.041552 0.000000
vt -0.023562 -0.043996 0.000000
vt -0.019635 -0.046440 0.000000
vt -0.023562 -0.049496 0.000000
vt -0.019635 -0.051329 0.000000
vt -0.023562 -0.054995 0.000000
vt -0.019635 -0.056217 0.000000
vt -0.023562 -0.060495 0.000000
vt -0.007854 0.065994 0.000000
vt -0.007854 0.061106 0.000000
vt -0.007854 0.056217 0.000000
vt -0.007854 0.051329 0.000000
vt -0.007854 0.046440 0.000000
vt -0.007854 0.041552 0.000000
vt -0.007854 0.036663 0.000000
vt -0.007854 0.031775 0.000000
vt -0.007854 0.026887 0.000000
vt -0.007854 0.021998 0.000000
vt -0.007854 0.017110 0.000000
vt -0.007854 0.012221 0.000000
vt -0.011781 0.065994 0.000000
vt -0.011781 0.061106 0.000000
vt -0.011781 0.056217 0.000000
vt -0.011781 0.051329 0.000000
vt -0.011781 0.046440 0.000000
vt -0.011781 0.041552 0.000000
vt -0.011781 0.036663 0.000000
vt -0.011781 0.031775 0.000000
vt -0.011781 0.026887 0.000000
vt -0.011781 0.021998 0.000000
vt -0.011781 0.017110 0.000000
vt -0.015708 0.065994 0.000000
vt -0.015708 0.061106 0.000000
vt -0.015708 0.056217 0.000000
vt -0.015708 0.051329 0.000000
vt -0.015708 0.046440 0.000000
vt -0.015708 0.041552 0.000000
vt -0.015708 0.036663 0.000000
vt -0.015708 0.031775 0.000000
vt -0.015708 0.026887 0.000000
vt -0.015708 0.021998 0.000000
vt -0.007854 -0.056217 0.000000
vt -0.007854 -0.051329 0.000000
vt -0.007854 -0.046440 0.000000
vt -0.007854 -0.041552 0.000000
vt -0.011781 -0.056217 0.000000
vt -0.011781 -0.051329 0.000000
vt -0.011781 -0.046440 0.000000
vt -0.011781 -0.041552 0.000000
vt -0.011781 -0.036663 0.000000
vt -0.015708 -0.056217 0.000000
vt -0.015708 -0.051329 0.000000
vt -0.015708 -0.046440 0.000000
vt -0.015708 -0.041552 0.000000
vt -0.015708 -0.036663 0.000000
vt -0.015708 -0.031775 0.000000
vt 0.000000 -0.073886 0.000000
vt -0.122300 -0.073886 0.000000
vt 0.000000 -0.079796 0.000000
vt -0.122300 -0.079796 0.000000
vt 0.000000 0.079796 0.000000
vt -0.122300 0.079796 0.000000
vt 0.000000 0.073886 0.000000
vt -0.122300 0.073886 0.000000
vt 0.000000 0.067975 0.000000
vt -0.122300 0.067975 0.000000
vt 0.000000 0.062064 0.000000
vt -0.122300 0.062064 0.000000
vt 0.000000 0.056153 0.000000
vt -0.122300 0.056153 0.000000
vt 0.000000 0.050242 0.000000
vt -0.122300 0.050242 0.000000
vt 0.000000 0.044331 0.000000
vt -0.122300 0.044331 0.000000
vt -0.000000 0.038421 0.000000
vt -0.122300 0.038421 0.000000
vt -0.000000 0.032510 0.000000
vt -0.122300 0.032510 0.000000
vt -0.000000 0.026599 0.000000
vt -0.122300 0.026599 0.000000
vt -0.000000 0.020688 0.000000
vt -0.122300 0.020688 0.000000
vt -0.000000 0.014777 0.000000
vt -0.122300 0.014777 0.000000
vt -0.000000 0.008866 0.000000
vt -0.122300 0.008866 0.000000
vt -0.000000 0.002955 0.000000
vt -0.122300 0.002955 0.000000
vt -0.000000 -0.002955 0.000000
vt -0.122300 -0.002955 0.000000
vt -0.000000 -0.008866 0.000000
vt -0.122300 -0.008866 0.000000
vt -0.000000 -0.014777 0.000000
vt -0.122300 -0.014777 0.000000
vt -0.000000 -0.020688 0.000000
vt -0.122300 -0.020688 0.000000
vt -0.000000 -0.026599 0.000000
vt -0.122300 -0.026599 0.000000
vt -0.000000 -0.032510 0.000000
vt -0.122300 -0.032510 0.000000
vt 0.000000 -0.038421 0.000000
vt -0.122300 -0.038421 0.000000
vt 0.000000 -0.044331 0.000000
vt -0.122300 -0.044331 0.000000
vt 0.000000 -0.050242 0.000000
vt -0.122300 -0.050242 0.000000
vt 0.000000 -0.056153 0.000000
vt -0.122300 -0.056153 0.000000
vt 0.000000 -0.062064 0.000000
vt -0.122300 -0.062064 0.000000
vt 0.000000 -0.067975 0.000000
vt -0.122300 -0.067975 0.000000
vt -0.489200 0.073886 0.000000
vt -0.366900 0.073886 0.000000
vt -0.489200 0.079796 0.000000
vt -0.366900 0.079796 0.000000
vt -0.489200 -0.079796 0.000000
vt -0.366900 -0.079796 0.000000
vt -0.489200 -0.073886 0.000000
vt -0.366900 -0.073886 0.000000
vt -0.489200 -0.067975 0.000000
vt -0.366900 -0.067975 0.000000
vt -0.489200 -0.062064 0.000000
vt -0.366900 -0.062064 0.000000
vt -0.489200 -0.056153 0.000000
vt -0.366900 -0.056153 0.000000
vt -0.489200 -0.050242 0.000000
vt -0.366900 -0.050242 0.000000
vt -0.489200 -0.044331 0.000000
vt -0.366900 -0.044331 0.000000
vt -0.489200 -0.038421 0.000000
vt -0.366900 -0.038421 0.000000
vt -0.489200 -0.032510 0.000000
vt -0.366900 -0.032510 0.000000
vt -0.489200 -0.026599 0.000000
vt -0.366900 -0.026599 0.000000
vt -0.489200 -0.020688 0.000000
vt -0.366900 -0.020688 0.000000
vt -0.489200 -0.014777 0.000000
vt -0.366900 -0.014777 0.000000
vt -0.489200 -0.008866 0.000000
vt -0.366900 -0.008866 0.000000
vt -0.489200 -0.002955 0.000000
vt -0.366900 -0.002955 0.000000
vt -0.489200 0.002955 0.000000
vt -0.366900 0.002955 0.000000
vt -0.489200 0.008866 0.000000
vt -0.366900 0.008866 0.000000
vt -0.489200 0.014777 0.000000
vt -0.366900 0.014777 0.000000
vt -0.489200 0.020688 0.000000
vt -0.366900 0.020688 0.000000
vt -0.489200 0.026599 0.000000
vt -0.366900 0.026599 0.000000
vt -0.489200 0.032510 0.000000
vt -0.366900 0.032510 0.000000
vt -0.489200 0.038421 0.000000
vt -0.366900 0.038421 0.000000
vt -0.489200 0.044331 0.000000
vt -0.366900 0.044331 0.000000
vt -0.489200 0.050242 0.000000
vt -0.366900 0.050242 0.000000
vt -0.489200 0.056153 0.000000
vt -0.366900 0.056153 0.000000
vt -0.489200 0.062064 0.000000
vt -0.366900 0.062064 0.000000
vt -0.489200 0.067975 0.000000
vt -0.366900 0.067975 0.000000
vt -0.244600 0.079796 0.000000
vt -0.244600 0.073886 0.000000
vt -0.244600 0.067975 0.000000
vt -0.244600 0.062064 0.000000
vt -0.244600 0.056153 0.000000
vt -0.244600 0.050242 0.000000
vt -0.244600 0.044331 0.000000
vt -0.244600 0.038421 0.000000
vt -0.244600 0.032510 0.000000
vt -0.244600 0.026599 0.000000
vt -0.244600 0.020688 0.000000
vt -0.244600 0.014777 0.000000
vt -0.244600 0.008866 0.000000
vt -0.244600 0.002955 0.000000
vt -0.244600 -0.002955 0.000000
vt -0.244600 -0.008866 0.000000
vt -0.244600 -0.014777 0.000000
vt -0.244600 -0.020688 0.000000
vt -0.244600 -0.026599 0.000000
vt -0.244600 -0.032510 0.000000
vt -0.244600 -0.038421 0.000000
vt -0.244600 -0.044331 0.000000
vt -0.244600 -0.050242 0.000000
vt -0.244600 -0.056153 0.000000
vt -0.244600 -0.062064 0.000000
vt -0.244600 -0.067975 0.000000
vt -0.244600 -0.073886 0.000000
vt -0.244600 -0.079796 0.000000
vt -0.010046 -0.002692 0.000000
vt 0.010046 -0.002692 0.000000
vt -0.010400 0.000000 0.000000
vt 0.010400 0.000000 0.000000
vt -0.010046 0.002692 0.000000
vt 0.010046 0.002692 0.000000
vt -0.009007 0.005200 0.000000
vt 0.009007 0.005200 0.000000
vt -0.007354 0.007354 0.000000
vt 0.007354 0.007354 0.000000
vt -0.005200 0.009007 0.000000
vt 0.005200 0.009007 0.000000
vt -0.002692 0.010046 0.000000
vt 0.002692 0.010046 0.000000
vt -0.000000 0.010400 0.000000
vt 0.009007 -0.005200 0.000000
vt -0.009007 -0.005200 0.000000
vt 0.007354 -0.007354 0.000000
vt -0.007354 -0.007354 0.000000
vt 0.005200 -0.009007 0.000000
vt -0.005200 -0.009007 0.000000
vt 0.002692 -0.010046 0.000000
vt -0.002692 -0.010046 0.000000
vt -0.000000 -0.010400 0.000000
vt 0.023562 -0.060495 0.000000
vt 0.019635 -0.061106 0.000000
vt 0.023562 -0.065994 0.000000
vt 0.019635 -0.065994 0.000000
vt 0.023562 0.065994 0.000000
vt 0.019635 0.065994 0.000000
vt 0.019635 0.061106 0.000000
vt 0.015708 0.065994 0.000000
vt 0.015708 0.061106 0.000000
vt 0.011781 0.065994 0.000000
vt 0.011781 0.061106 0.000000
vt 0.007854 0.065994 0.000000
vt 0.007854 0.061106 0.000000
vt 0.003927 0.065994 0.000000
vt 0.003927 0.061106 0.000000
vt -0.000000 0.065994 0.000000
vt -0.000000 0.061106 0.000000
vt 0.019635 -0.056217 0.000000
vt 0.023562 -0.054995 0.000000
vt 0.019635 -0.051329 0.000000
vt 0.023562 -0.049496 0.000000
vt 0.019635 -0.046440 0.000000
vt 0.023562 -0.043996 0.000000
vt 0.019635 -0.041552 0.000000
vt 0.023562 -0.038497 0.000000
vt 0.019635 -0.036663 0.000000
vt 0.023562 -0.032997 0.000000
vt 0.019635 -0.031775 0.000000
vt 0.023562 -0.027498 0.000000
vt 0.019635 -0.026887 0.000000
vt 0.023562 -0.021998 0.000000
vt 0.019635 -0.021998 0.000000
vt 0.019635 -0.017110 0.000000
vt 0.015708 -0.017110 0.000000
vt 0.015708 -0.012221 0.000000
vt 0.011781 -0.012221 0.000000
vt 0.011781 -0.007333 0.000000
vt 0.007854 -0.007333 0.000000
vt 0.007854 -0.002444 0.000000
vt 0.003927 -0.002444 0.000000
vt 0.003927 0.002444 0.000000
vt -0.000000 0.002444 0.000000
vt -0.000000 0.007333 0.000000
vt 0.003927 0.007333 0.000000
vt -0.000000 0.012221 0.000000
vt 0.003927 0.012221 0.000000
vt -0.000000 0.017110 0.000000
vt 0.003927 0.017110 0.000000
vt -0.000000 0.021998 0.000000
vt 0.003927 0.021998 0.000000
vt -0.000000 0.026887 0.000000
vt 0.003927 0.026887 0.000000
vt -0.000000 0.031775 0.000000
vt 0.003927 0.031775 0.000000
vt -0.000000 0.036663 0.000000
vt 0.003927 0.036663 0.000000
vt -0.000000 0.041552 0.000000
vt 0.003927 0.041552 0.000000
vt -0.000000 0.046440 0.000000
vt 0.003927 0.046440 0.000000
vt -0.000000 0.051329 0.000000
vt 0.003927 0.051329 0.000000
vt -0.000000 0.056217 0.000000
vt 0.003927 0.056217 0.000000
vt 0.023562 -0.016499 0.000000
vt 0.019635 -0.012221 0.000000
vt 0.015708 -0.007333 0.000000
vt 0.011781 -0.002444 0.000000
vt 0.007854 0.002444 0.000000
vt 0.023562 -0.010999 0.000000
vt 0.019635 -0.007333 0.000000
vt 0.015708 -0.002444 0.000000
vt 0.011781 0.002444 0.000000
vt 0.007854 0.007333 0.000000
vt 0.023562 -0.005500 0.000000
vt 0.019635 -0.002444 0.000000
vt 0.015708 0.002444 0.000000
vt 0.011781 0.007333 0.000000
vt 0.007854 0.012221 0.000000
vt 0.023562 0.000000 0.000000
vt 0.019635 0.002444 0.000000
vt 0.015708 0.007333 0.000000
vt 0.011781 0.012221 0.000000
vt 0.007854 0.017110 0.000000
vt 0.023562 0.005500 0.000000
vt 0.019635 0.007333 0.000000
vt 0.015708 0.012221 0.000000
vt 0.011781 0.017110 0.000000
vt 0.007854 0.021998 0.000000
vt 0.023562 0.010999 0.000000
vt 0.019635 0.012221 0.000000
vt 0.015708 0.017110 0.000000
vt 0.011781 0.021998 0.000000
vt 0.007854 0.026887 0.000000
vt 0.023562 0.016499 0.000000
vt 0.019635 0.017110 0.000000
vt 0.015708 0.021998 0.000000
vt 0.011781 0.026887 0.000000
vt 0.007854 0.031775 0.000000
vt 0.023562 0.021998 0.000000
vt 0.019635 0.021998 0.000000
vt 0.015708 0.026887 0.000000
vt 0.011781 0.031775 0.000000
vt 0.007854 0.036663 0.000000
vt 0.019635 0.026887 0.000000
vt 0.023562 0.027498 0.000000
vt 0.019635 0.031775 0.000000
vt 0.023562 0.032997 0.000000
vt 0.019635 0.036663 0.000000
vt 0.023562 0.038497 0.000000
vt 0.019635 0.041552 0.000000
vt 0.023562 0.043996 0.000000
vt 0.019635 0.046440 0.000000
vt 0.023562 0.049496 0.000000
vt 0.019635 0.051329 0.000000
vt 0.023562 0.054995 0.000000
vt 0.019635 0.056217 0.000000
vt 0.023562 0.060495 0.000000
vt -0.000000 -0.002444 0.000000
vt 0.003927 -0.007333 0.000000
vt 0.007854 -0.012221 0.000000
vt 0.011781 -0.017110 0.000000
vt 0.015708 -0.021998 0.000000
vt -0.000000 -0.007333 0.000000
vt 0.003927 -0.012221 0.000000
vt 0.007854 -0.017110 0.000000
vt 0.011781 -0.021998 0.000000
vt 0.015708 -0.026887 0.000000
vt -0.000000 -0.012221 0.000000
vt 0.003927 -0.017110 0.000000
vt 0.007854 -0.021998 0.000000
vt 0.011781 -0.026887 0.000000
vt 0.015708 -0.031775 0.000000
vt -0.000000 -0.017110 0.000000
vt 0.003927 -0.021998 0.000000
vt 0.007854 -0.026887 0.000000
vt 0.011781 -0.031775 0.000000
vt 0.015708 -0.036663 0.000000
vt -0.000000 -0.021998 0.000000
vt 0.003927 -0.026887 0.000000
vt 0.007854 -0.031775 0.000000
vt 0.011781 -0.036663 0.000000
vt 0.015708 -0.041552 0.000000
vt -0.000000 -0.026887 0.000000
vt 0.003927 -0.031775 0.000000
vt 0.007854 -0.036663 0.000000
vt 0.011781 -0.041552 0.000000
vt 0.015708 -0.046440 0.000000
vt -0.000000 -0.031775 0.000000
vt 0.003927 -0.036663 0.000000
vt 0.007854 -0.041552 0.000000
vt 0.011781 -0.046440 0.000000
vt 0.015708 -0.051329 0.000000
vt -0.000000 -0.036663 0.000000
vt 0.003927 -0.041552 0.000000
vt 0.007854 -0.046440 0.000000
vt 0.011781 -0.051329 0.000000
vt 0.015708 -0.056217 0.000000
vt -0.000000 -0.041552 0.000000
vt 0.003927 -0.046440 0.000000
vt 0.007854 -0.051329 0.000000
vt 0.011781 -0.056217 0.000000
vt 0.015708 -0.061106 0.000000
vt -0.000000 -0.046440 0.000000
vt 0.003927 -0.051329 0.000000
vt 0.007854 -0.056217 0.000000
vt 0.011781 -0.061106 0.000000
vt 0.015708 -0.065994 0.000000
vt -0.000000 -0.051329 0.000000
vt 0.003927 -0.056217 0.000000
vt 0.007854 -0.061106 0.000000
vt 0.011781 -0.065994 0.000000
vt -0.000000 -0.056217 0.000000
vt 0.003927 -0.061106 0.000000
vt 0.007854 -0.065994 0.000000
vt -0.000000 -0.061106 0.000000
vt 0.003927 -0.065994 0.000000
vt -0.000000 -0.065994 0.000000
vt 0.015708 0.031775 0.000000
vt 0.011781 0.036663 0.000000
vt 0.007854 0.041552 0.000000
vt 0.015708 0.036663 0.000000
vt 0.011781 0.041552 0.000000
vt 0.007854 0.046440 0.000000
vt 0.015708 0.041552 0.000000
vt 0.011781 0.046440 0.000000
vt 0.007854 0.051329 0.000000
vt 0.015708 0.046440 0.000000
vt 0.011781 0.051329 0.000000
vt 0.007854 0.056217 0.000000
vt 0.015708 0.051329 0.000000
vt 0.011781 0.056217 0.000000
vt 0.015708 0.056217 0.000000
vt -0.504200 0.073886 0.000000
vt -0.381900 0.073886 0.000000
vt -0.504200 0.079796 0.000000
vt -0.381900 0.079796 0.000000
vt -0.504200 -0.079796 0.000000
vt -0.381900 -0.079796 0.000000
vt -0.504200 -0.073886 0.000000
vt -0.381900 -0.073886 0.000000
vt -0.504200 -0.067975 0.000000
vt -0.381900 -0.067975 0.000000
vt -0.504200 -0.062064 0.000000
vt -0.381900 -0.062064 0.000000
vt -0.504200 -0.056153 0.000000
vt -0.381900 -0.056153 0.000000
vt -0.504200 -0.050242 0.000000
vt -0.381900 -0.050242 0.000000
vt -0.504200 -0.044331 0.000000
vt -0.381900 -0.044331 0.000000
vt -0.504200 -0.038421 0.000000
vt -0.381900 -0.038421 0.000000
vt -0.504200 -0.032510 0.000000
vt -0.381900 -0.032510 0.000000
vt -0.504200 -0.026599 0.000000
vt -0.381900 -0.026599 0.000000
vt -0.504200 -0.020688 0.000000
vt -0.381900 -0.020688 0.000000
vt -0.504200 -0.014777 0.000000
vt -0.381900 -0.014777 0.000000
vt -0.504200 -0.008866 0.000000
vt -0.381900 -0.008866 0.000000
vt -0.504200 -0.002955 0.000000
vt -0.381900 -0.002955 0.000000
vt -0.504200 0.002955 0.000000
vt -0.381900 0.002955 0.000000
vt -0.504200 0.008866 0.000000
vt -0.381900 0.008866 0.000000
vt -0.504200 0.014777 0.000000
vt -0.381900 0.014777 0.000000
vt -0.504200 0.020688 0.000000
vt -0.381900 0.020688 0.000000
vt -0.504200 0.026599 0.000000
vt -0.381900 0.026599 0.000000
vt -0.504200 0.032510 0.000000
vt -0.381900 0.032510 0.000000
vt -0.504200 0.038421 0.000000
vt -0.381900 0.038421 0.000000
vt -0.504200 0.044331 0.000000
vt -0.381900 0.044331 0.000000
vt -0.504200 0.050242 0.000000
vt -0.381900 0.050242 0.000000
vt -0.504200 0.056153 0.000000
vt -0.381900 0.056153 0.000000
vt -0.504200 0.062064 0.000000
vt -0.381900 0.062064 0.000000
vt -0.504200 0.067975 0.000000
vt -0.381900 0.067975 0.000000
vt -0.015000 -0.073886 0.000000
vt -0.137300 -0.073886 0.000000
vt -0.015000 -0.079796 0.000000
vt -0.137300 -0.079796 0.000000
vt -0.015000 0.079796 0.000000
vt -0.137300 0.079796 0.000000
vt -0.015000 0.073886 0.000000
vt -0.137300 0.073886 0.000000
vt -0.015000 0.067975 0.000000
vt -0.137300 0.067975 0.000000
vt -0.015000 0.062064 0.000000
vt -0.137300 0.062064 0.000000
vt -0.015000 0.056153 0.000000
vt -0.137300 0.056153 0.000000
vt -0.015000 0.050242 0.000000
vt -0.137300 0.050242 0.000000
vt -0.015000 0.044331 0.000000
vt -0.137300 0.044331 0.000000
vt -0.015000 0.038421 0.000000
vt -0.137300 0.038421 0.000000
vt -0.015000 0.032510 0.000000
vt -0.137300 0.032510 0.000000
vt -0.015000 0.026599 0.000000
vt -0.137300 0.026599 0.000000
vt -0.015000 0.020688 0.000000
vt -0.137300 0.020688 0.000000
vt -0.015000 0.014777 0.000000
vt -0.137300 0.014777 0.000000
vt -0.015000 0.008866 0.000000
vt -0.137300 0.008866 0.000000
vt -0.015000 0.002955 0.000000
vt -0.137300 0.002955 0.000000
vt -0.015000 -0.002955 0.000000
vt -0.137300 -0.002955 0.000000
vt -0.015000 -0.008866 0.000000
vt -0.137300 -0.008866 0.000000
vt -0.015000 -0.014777 0.000000
vt -0.137300 -0.014777 0.000000
vt -0.015000 -0.020688 0.000000
vt -0.137300 -0.020688 0.000000
vt -0.015000 -0.026599 0.000000
vt -0.137300 -0.026599 0.000000
vt -0.015000 -0.032510 0.000000
vt -0.137300 -0.032510 0.000000
vt -0.015000 -0.038421 0.000000
vt -0.137300 -0.038421 0.000000
vt -0.015000 -0.044331 0.000000
vt -0.137300 -0.044331 0.000000
vt -0.015000 -0.050242 0.000000
vt -0.137300 -0.050242 0.000000
vt -0.015000 -0.056153 0.000000
vt -0.137300 -0.056153 0.000000
vt -0.015000 -0.062064 0.000000
vt -0.137300 -0.062064 0.000000
vt -0.015000 -0.067975 0.000000
vt -0.137300 -0.067975 0.000000
vt -0.259600 -0.079796 0.000000
vt -0.259600 -0.073886 0.000000
vt -0.259600 -0.067975 0.000000
vt -0.259600 -0.062064 0.000000
vt -0.259600 -0.056153 0.000000
vt -0.259600 -0.050242 0.000000
vt -0.259600 -0.044331 0.000000
vt -0.259600 -0.038421 0.000000
vt -0.259600 -0.032510 0.000000
vt -0.259600 -0.026599 0.000000
vt -0.259600 -0.020688 0.000000
vt -0.259600 -0.014777 0.000000
vt -0.259600 -0.008866 0.000000
vt -0.259600 -0.002955 0.000000
vt -0.259600 0.002955 0.000000
vt -0.259600 0.008866 0.000000
vt -0.259600 0.014777 0.000000
vt -0.259600 0.020688 0.000000
vt -0.259600 0.026599 0.000000
vt -0.259600 0.032510 0.000000
vt -0.259600 0.038421 0.000000
vt -0.259600 0.044331 0.000000
vt -0.259600 0.050242 0.000000
vt -0.259600 0.056153 0.000000
vt -0.259600 0.062064 0.000000
vt -0.259600 0.067975 0.000000
vt -0.259600 0.073886 0.000000
vt -0.259600 0.079796 0.000000
vt 0.010046 0.002692 0.000000
vt -0.010046 0.002692 0.000000
vt 0.010400 -0.000000 0.000000
vt -0.010400 0.000000 0.000000
vt 0.010046 -0.002692 0.000000
vt -0.010046 -0.002692 0.000000
vt 0.009007 -0.005200 0.000000
vt -0.009007 -0.005200 0.000000
vt 0.007354 -0.007354 0.000000
vt -0.007354 -0.007354 0.000000
vt 0.005200 -0.009007 0.000000
vt -0.005200 -0.009007 0.000000
vt 0.002692 -0.010046 0.000000
vt -0.002692 -0.010046 0.000000
vt -0.000000 -0.010400 0.000000
vt -0.009007 0.005200 0.000000
vt 0.009007 0.005200 0.000000
vt -0.007354 0.007354 0.000000
vt 0.007354 0.007354 0.000000
vt -0.005200 0.009007 0.000000
vt 0.005200 0.009007 0.000000
vt -0.002692 0.010046 0.000000
vt 0.002692 0.010046 0.000000
vt -0.000000 0.010400 0.000000
vt -0.005911 0.119695 0.000000
vt -0.002955 0.109720 0.000000
vt 0.000000 0.119695 0.000000
vt 0.002955 0.109720 0.000000
vt 0.005911 0.119695 0.000000
vt 0.008866 0.109720 0.000000
vt 0.011822 0.119695 0.000000
vt 0.014777 0.109720 0.000000
vt 0.017733 0.119695 0.000000
vt 0.020688 0.109720 0.000000
vt 0.023643 0.119695 0.000000
vt 0.026599 0.109720 0.000000
vt 0.029554 0.119695 0.000000
vt 0.032510 0.109720 0.000000
vt 0.035465 0.119695 0.000000
vt 0.038421 0.109720 0.000000
vt 0.041376 0.119695 0.000000
vt 0.044331 0.109720 0.000000
vt 0.047287 0.119695 0.000000
vt 0.050242 0.109720 0.000000
vt 0.053198 0.119695 0.000000
vt 0.056153 0.109720 0.000000
vt 0.059108 0.119695 0.000000
vt 0.062064 0.109720 0.000000
vt 0.065019 0.119695 0.000000
vt 0.067975 0.109720 0.000000
vt 0.070930 0.119695 0.000000
vt 0.073886 0.109720 0.000000
vt 0.076841 0.119695 0.000000
vt 0.079796 0.109720 0.000000
vt 0.082752 0.119695 0.000000
vt 0.085707 0.109720 0.000000
vt -0.076841 0.119695 0.000000
vt -0.073886 0.109720 0.000000
vt -0.070930 0.119695 0.000000
vt -0.067975 0.109720 0.000000
vt -0.065019 0.119695 0.000000
vt -0.062064 0.109720 0.000000
vt -0.059108 0.119695 0.000000
vt -0.056153 0.109720 0.000000
vt -0.053198 0.119695 0.000000
vt -0.050242 0.109720 0.000000
vt -0.047287 0.119695 0.000000
vt -0.044331 0.109720 0.000000
vt -0.041376 0.119695 0.000000
vt -0.038421 0.109720 0.000000
vt -0.035465 0.119695 0.000000
vt -0.032510 0.109720 0.000000
vt -0.029554 0.119695 0.000000
vt -0.026599 0.109720 0.000000
vt -0.023643 0.119695 0.000000
vt -0.020688 0.109720 0.000000
vt -0.017733 0.119695 0.000000
vt -0.014777 0.109720 0.000000
vt -0.011822 0.119695 0.000000
vt -0.008866 0.109720 0.000000
vt 0.005911 0.000000 0.000000
vt 0.002955 0.009975 0.000000
vt 0.000000 0.000000 0.000000
vt -0.002955 0.009975 0.000000
vt -0.005911 0.000000 0.000000
vt -0.008866 0.009975 0.000000
vt -0.011822 0.000000 0.000000
vt -0.014777 0.009975 0.000000
vt -0.017733 0.000000 0.000000
vt -0.020688 0.009975 0.000000
vt -0.023643 0.000000 0.000000
vt -0.026599 0.009975 0.000000
vt -0.029554 0.000000 0.000000
vt -0.032510 0.009975 0.000000
vt -0.035465 0.000000 0.000000
vt -0.038421 0.009975 0.000000
vt -0.041376 0.000000 0.000000
vt -0.044331 0.009975 0.000000
vt -0.047287 0.000000 0.000000
vt -0.050242 0.009975 0.000000
vt -0.053198 0.000000 0.000000
vt -0.056153 0.009975 0.000000
vt -0.059108 0.000000 0.000000
vt -0.062064 0.009975 0.000000
vt -0.065019 0.000000 0.000000
vt -0.067975 0.009975 0.000000
vt -0.070930 0.000000 0.000000
vt -0.073886 0.009975 0.000000
vt -0.076841 0.000000 0.000000
vt -0.079796 0.009975 0.000000
vt -0.082752 0.000000 0.000000
vt -0.085707 0.009975 0.000000
vt 0.076841 0.000000 0.000000
vt 0.073886 0.009975 0.000000
vt 0.070930 0.000000 0.000000
vt 0.067975 0.009975 0.000000
vt 0.065019 0.000000 0.000000
vt 0.062064 0.009975 0.000000
vt 0.059108 0.000000 0.000000
vt 0.056153 0.009975 0.000000
vt 0.053198 0.000000 0.000000
vt 0.050242 0.009975 0.000000
vt 0.047287 0.000000 0.000000
vt 0.044331 0.009975 0.000000
vt 0.041376 0.000000 0.000000
vt 0.038421 0.009975 0.000000
vt 0.035465 0.000000 0.000000
vt 0.032510 0.009975 0.000000
vt 0.029554 0.000000 0.000000
vt 0.026599 0.009975 0.000000
vt 0.023643 0.000000 0.000000
vt 0.020688 0.009975 0.000000
vt 0.017733 0.000000 0.000000
vt 0.014777 0.009975 0.000000
vt 0.011822 0.000000 0.000000
vt 0.008866 0.009975 0.000000
vt -0.079796 0.109720 0.000000
vt -0.079796 0.099746 0.000000
vt -0.073886 0.099746 0.000000
vt -0.073886 0.089771 0.000000
vt -0.067975 0.089771 0.000000
vt -0.067975 0.079796 0.000000
vt -0.062064 0.079796 0.000000
vt -0.062064 0.069822 0.000000
vt -0.056153 0.069822 0.000000
vt -0.056153 0.059847 0.000000
vt -0.050242 0.059847 0.000000
vt -0.050242 0.049873 0.000000
vt -0.044331 0.049873 0.000000
vt -0.044331 0.039898 0.000000
vt -0.038421 0.039898 0.000000
vt -0.038421 0.029924 0.000000
vt -0.032510 0.029924 0.000000
vt -0.032510 0.019949 0.000000
vt -0.026599 0.019949 0.000000
vt -0.079796 0.089771 0.000000
vt -0.073886 0.079796 0.000000
vt -0.067975 0.069822 0.000000
vt -0.062064 0.059847 0.000000
vt -0.056153 0.049873 0.000000
vt -0.050242 0.039898 0.000000
vt -0.044331 0.029924 0.000000
vt -0.038421 0.019949 0.000000
vt 0.079796 0.099746 0.000000
vt 0.073886 0.099746 0.000000
vt 0.079796 0.089771 0.000000
vt 0.073886 0.089771 0.000000
vt 0.079796 0.079796 0.000000
vt 0.073886 0.079796 0.000000
vt 0.079796 0.069822 0.000000
vt 0.073886 0.069822 0.000000
vt 0.079796 0.059847 0.000000
vt 0.073886 0.059847 0.000000
vt 0.079796 0.049873 0.000000
vt 0.073886 0.049873 0.000000
vt 0.079796 0.039898 0.000000
vt 0.073886 0.039898 0.000000
vt 0.079796 0.029924 0.000000
vt 0.073886 0.029924 0.000000
vt 0.079796 0.019949 0.000000
vt 0.073886 0.019949 0.000000
vt 0.079796 0.009975 0.000000
vt -0.079796 0.079796 0.000000
vt -0.073886 0.069822 0.000000
vt -0.067975 0.059847 0.000000
vt -0.062064 0.049873 0.000000
vt -0.056153 0.039898 0.000000
vt -0.050242 0.029924 0.000000
vt -0.044331 0.019949 0.000000
vt -0.079796 0.069822 0.000000
vt -0.073886 0.059847 0.000000
vt -0.067975 0.049873 0.000000
vt -0.062064 0.039898 0.000000
vt -0.056153 0.029924 0.000000
vt -0.050242 0.019949 0.000000
vt -0.079796 0.059847 0.000000
vt -0.073886 0.049873 0.000000
vt -0.067975 0.039898 0.000000
vt -0.062064 0.029924 0.000000
vt -0.056153 0.019949 0.000000
vt -0.079796 0.049873 0.000000
vt -0.073886 0.039898 0.000000
vt -0.067975 0.029924 0.000000
vt -0.062064 0.019949 0.000000
vt -0.079796 0.039898 0.000000
vt -0.073886 0.029924 0.000000
vt -0.067975 0.019949 0.000000
vt -0.079796 0.029924 0.000000
vt -0.073886 0.019949 0.000000
vt -0.079796 0.019949 0.000000
vt -0.067975 0.099746 0.000000
vt -0.062064 0.099746 0.000000
vt -0.062064 0.089771 0.000000
vt -0.056153 0.099746 0.000000
vt -0.056153 0.089771 0.000000
vt -0.056153 0.079796 0.000000
vt -0.050242 0.099746 0.000000
vt -0.050242 0.089771 0.000000
vt -0.050242 0.079796 0.000000
vt -0.050242 0.069822 0.000000
vt -0.044331 0.099746 0.000000
vt -0.044331 0.089771 0.000000
vt -0.044331 0.079796 0.000000
vt -0.044331 0.069822 0.000000
vt -0.044331 0.059847 0.000000
vt -0.038421 0.099746 0.000000
vt -0.038421 0.089771 0.000000
vt -0.038421 0.079796 0.000000
vt -0.038421 0.069822 0.000000
vt -0.038421 0.059847 0.000000
vt -0.038421 0.049873 0.000000
vt -0.032510 0.099746 0.000000
vt -0.032510 0.089771 0.000000
vt -0.032510 0.079796 0.000000
vt -0.032510 0.069822 0.000000
vt -0.032510 0.059847 0.000000
vt -0.032510 0.049873 0.000000
vt -0.032510 0.039898 0.000000
vt -0.026599 0.099746 0.000000
vt -0.026599 0.089771 0.000000
vt -0.026599 0.079796 0.000000
vt -0.026599 0.069822 0.000000
vt -0.026599 0.059847 0.000000
vt -0.026599 0.049873 0.000000
vt -0.026599 0.039898 0.000000
vt -0.026599 0.029924 0.000000
vt -0.020688 0.099746 0.000000
vt -0.020688 0.089771 0.000000
vt -0.020688 0.079796 0.000000
vt -0.020688 0.069822 0.000000
vt -0.020688 0.059847 0.000000
vt -0.020688 0.049873 0.000000
vt -0.020688 0.039898 0.000000
vt -0.020688 0.029924 0.000000
vt -0.020688 0.019949 0.000000
vt -0.014777 0.099746 0.000000
vt -0.014777 0.089771 0.000000
vt -0.014777 0.079796 0.000000
vt -0.014777 0.069822 0.000000
vt -0.014777 0.059847 0.000000
vt -0.014777 0.049873 0.000000
vt -0.014777 0.039898 0.000000
vt -0.014777 0.029924 0.000000
vt -0.014777 0.019949 0.000000
vt -0.008866 0.099746 0.000000
vt -0.008866 0.089771 0.000000
vt -0.008866 0.079796 0.000000
vt -0.008866 0.069822 0.000000
vt -0.008866 0.059847 0.000000
vt -0.008866 0.049873 0.000000
vt -0.008866 0.039898 0.000000
vt -0.008866 0.029924 0.000000
vt -0.008866 0.019949 0.000000
vt -0.002955 0.099746 0.000000
vt -0.002955 0.089771 0.000000
vt -0.002955 0.079796 0.000000
vt -0.002955 0.069822 0.000000
vt -0.002955 0.059847 0.000000
vt -0.002955 0.049873 0.000000
vt -0.002955 0.039898 0.000000
vt -0.002955 0.029924 0.000000
vt -0.002955 0.019949 0.000000
vt 0.002955 0.099746 0.000000
vt 0.002955 0.089771 0.000000
vt 0.002955 0.079796 0.000000
vt 0.002955 0.069822 0.000000
vt 0.002955 0.059847 0.000000
vt 0.002955 0.049873 0.000000
vt 0.002955 0.039898 0.000000
vt 0.002955 0.029924 0.000000
vt 0.002955 0.019949 0.000000
vt 0.008866 0.099746 0.000000
vt 0.008866 0.089771 0.000000
vt 0.008866 0.079796 0.000000
vt 0.008866 0.069822 0.000000
vt 0.008866 0.059847 0.000000
vt 0.008866 0.049873 0.000000
vt 0.008866 0.039898 0.000000
vt 0.008866 0.029924 0.000000
vt 0.008866 0.019949 0.000000
vt 0.014777 0.099746 0.000000
vt 0.014777 0.089771 0.000000
vt 0.014777 0.079796 0.000000
vt 0.014777 0.069822 0.000000
vt 0.014777 0.059847 0.000000
vt 0.014777 0.049873 0.000000
vt 0.014777 0.039898 0.000000
vt 0.014777 0.029924 0.000000
vt 0.014777 0.019949 0.000000
vt 0.020688 0.099746 0.000000
vt 0.020688 0.089771 0.000000
vt 0.020688 0.079796 0.000000
vt 0.020688 0.069822 0.000000
vt 0.020688 0.059847 0.000000
vt 0.020688 0.049873 0.000000
vt 0.020688 0.039898 0.000000
vt 0.020688 0.029924 0.000000
vt 0.020688 0.019949 0.000000
vt 0.026599 0.099746 0.000000
vt 0.026599 0.089771 0.000000
vt 0.026599 0.079796 0.000000
vt 0.026599 0.069822 0.000000
vt 0.026599 0.059847 0.000000
vt 0.026599 0.049873 0.000000
vt 0.026599 0.039898 0.000000
vt 0.026599 0.029924 0.000000
vt 0.026599 0.019949 0.000000
vt 0.032510 0.099746 0.000000
vt 0.032510 0.089771 0.000000
vt 0.032510 0.079796 0.000000
vt 0.032510 0.069822 0.000000
vt 0.032510 0.059847 0.000000
vt 0.032510 0.049873 0.000000
vt 0.032510 0.039898 0.000000
vt 0.032510 0.029924 0.000000
vt 0.032510 0.019949 0.000000
vt 0.038421 0.099746 0.000000
vt 0.038421 0.089771 0.000000
vt 0.038421 0.079796 0.000000
vt 0.038421 0.069822 0.000000
vt 0.038421 0.059847 0.000000
vt 0.038421 0.049873 0.000000
vt 0.038421 0.039898 0.000000
vt 0.038421 0.029924 0.000000
vt 0.038421 0.019949 0.000000
vt 0.044331 0.099746 0.000000
vt 0.044331 0.089771 0.000000
vt 0.044331 0.079796 0.000000
vt 0.044331 0.069822 0.000000
vt 0.044331 0.059847 0.000000
vt 0.044331 0.049873 0.000000
vt 0.044331 0.039898 0.000000
vt 0.044331 0.029924 0.000000
vt 0.044331 0.019949 0.000000
vt 0.050242 0.099746 0.000000
vt 0.050242 0.089771 0.000000
vt 0.050242 0.079796 0.000000
vt 0.050242 0.069822 0.000000
vt 0.050242 0.059847 0.000000
vt 0.050242 0.049873 0.000000
vt 0.050242 0.039898 0.000000
vt 0.050242 0.029924 0.000000
vt 0.050242 0.019949 0.000000
vt 0.056153 0.099746 0.000000
vt 0.056153 0.089771 0.000000
vt 0.056153 0.079796 0.000000
vt 0.056153 0.069822 0.000000
vt 0.056153 0.059847 0.000000
vt 0.056153 0.049873 0.000000
vt 0.056153 0.039898 0.000000
vt 0.056153 0.029924 0.000000
vt 0.056153 0.019949 0.000000
vt 0.062064 0.099746 0.000000
vt 0.062064 0.089771 0.000000
vt 0.062064 0.079796 0.000000
vt 0.062064 0.069822 0.000000
vt 0.062064 0.059847 0.000000
vt 0.062064 0.049873 0.000000
vt 0.062064 0.039898 0.000000
vt 0.062064 0.029924 0.000000
vt 0.062064 0.019949 0.000000
vt 0.067975 0.099746 0.000000
vt 0.067975 0.089771 0.000000
vt 0.067975 0.079796 0.000000
vt 0.067975 0.069822 0.000000
vt 0.067975 0.059847 0.000000
vt 0.067975 0.049873 0.000000
vt 0.067975 0.039898 0.000000
vt 0.067975 0.029924 0.000000
vt 0.067975 0.019949 0.000000
vt -1.168400 0.073886 0.000000
vt -1.051560 0.073886 0.000000
vt -1.168400 0.079796 0.000000
vt -1.051560 0.079796 0.000000
vt -1.168400 -0.079796 0.000000
vt -1.051560 -0.079796 0.000000
vt -1.168400 -0.073886 0.000000
vt -1.051560 -0.073886 0.000000
vt -1.168400 -0.067975 0.000000
vt -1.051560 -0.067975 0.000000
vt -1.168400 -0.062064 0.000000
vt -1.051560 -0.062064 0.000000
vt -1.168400 -0.056153 0.000000
vt -1.051560 -0.056153 0.000000
vt -1.168400 -0.050242 0.000000
vt -1.051560 -0.050242 0.000000
vt -1.168400 -0.044331 0.000000
vt -1.051560 -0.044331 0.000000
vt -1.168400 -0.038421 0.000000
vt -1.051560 -0.038421 0.000000
vt -1.168400 -0.032510 0.000000
vt -1.051560 -0.032510 0.000000
vt -1.168400 -0.026599 0.000000
vt -1.051560 -0.026599 0.000000
vt -1.168400 -0.020688 0.000000
vt -1.051560 -0.020688 0.000000
vt -1.168400 -0.014777 0.000000
vt -1.051560 -0.014777 0.000000
vt -1.168400 -0.008866 0.000000
vt -1.051560 -0.008866 0.000000
vt -1.168400 -0.002955 0.000000
vt -1.051560 -0.002955 0.000000
vt -1.168400 0.002955 0.000000
vt -1.051560 0.002955 0.000000
vt -1.168400 0.008866 0.000000
vt -1.051560 0.008866 0.000000
vt -1.168400 0.014777 0.000000
vt -1.051560 0.014777 0.000000
vt -1.168400 0.020688 0.000000
vt -1.051560 0.020688 0.000000
vt -1.168400 0.026599 0.000000
vt -1.051560 0.026599 0.000000
vt -1.168400 0.032510 0.000000
vt -1.051560 0.032510 0.000000
vt -1.168400 0.038421 0.000000
vt -1.051560 0.038421 0.000000
vt -1.168400 0.044331 0.000000
vt -1.051560 0.044331 0.000000
vt -1.168400 0.050242 0.000000
vt -1.051560 0.050242 0.000000
vt -1.168400 0.056153 0.000000
vt -1.051560 0.056153 0.000000
vt -1.168400 0.062064 0.000000
vt -1.051560 0.062064 0.000000
vt -1.168400 0.067975 0.000000
vt -1.051560 0.067975 0.000000
vt 0.000000 -0.073886 0.000000
vt -0.116840 -0.073886 0.000000
vt 0.000000 -0.079796 0.000000
vt -0.116840 -0.079796 0.000000
vt 0.000000 0.079796 0.000000
vt -0.116840 0.079796 0.000000
vt 0.000000 0.073886 0.000000
vt -0.116840 0.073886 0.000000
vt 0.000000 0.067975 0.000000
vt -0.116840 0.067975 0.000000
vt 0.000000 0.062064 0.000000
vt -0.116840 0.062064 0.000000
vt 0.000000 0.056153 0.000000
vt -0.116840 0.056153 0.000000
vt 0.000000 0.050242 0.000000
vt -0.116840 0.050242 0.000000
vt 0.000000 0.044331 0.000000
vt -0.116840 0.044331 0.000000
vt -0.000000 0.038421 0.000000
vt -0.116840 0.038421 0.000000
vt -0.000000 0.032510 0.000000
vt -0.116840 0.032510 0.000000
vt -0.000000 0.026599 0.000000
vt -0.116840 0.026599 0.000000
vt -0.000000 0.020688 0.000000
vt -0.116840 0.020688 0.000000
vt -0.000000 0.014777 0.000000
vt -0.116840 0.014777 0.000000
vt -0.000000 0.008866 0.000000
vt -0.116840 0.008866 0.000000
vt -0.000000 0.002955 0.000000
vt -0.116840 0.002955 0.000000
vt -0.000000 -0.002955 0.000000
vt -0.116840 -0.002955 0.000000
vt -0.000000 -0.008866 0.000000
vt -0.116840 -0.008866 0.000000
vt -0.000000 -0.014777 0.000000
vt -0.116840 -0.014777 0.000000
vt -0.000000 -0.020688 0.000000
vt -0.116840 -0.020688 0.000000
vt -0.000000 -0.026599 0.000000
vt -0.116840 -0.026599 0.000000
vt -0.000000 -0.032510 0.000000
vt -0.116840 -0.032510 0.000000
vt -0.000000 -0.038421 0.000000
vt -0.116840 -0.038421 0.000000
vt 0.000000 -0.044331 0.000000
vt -0.116840 -0.044331 0.000000
vt 0.000000 -0.050242 0.000000
vt -0.116840 -0.050242 0.000000
vt 0.000000 -0.056153 0.000000
vt -0.116840 -0.056153 0.000000
vt 0.000000 -0.062064 0.000000
vt -0.116840 -0.062064 0.000000
vt 0.000000 -0.067975 0.000000
vt -0.116840 -0.067975 0.000000
vt -0.934720 -0.079796 0.000000
vt -0.934720 -0.073886 0.000000
vt -0.934720 -0.067975 0.000000
vt -0.934720 -0.062064 0.000000
vt -0.934720 -0.056153 0.000000
vt -0.934720 -0.050242 0.000000
vt -0.934720 -0.044331 0.000000
vt -0.934720 -0.038421 0.000000
vt -0.934720 -0.032510 0.000000
vt -0.934720 -0.026599 0.000000
vt -0.934720 -0.020688 0.000000
vt -0.934720 -0.014777 0.000000
vt -0.934720 -0.008866 0.000000
vt -0.934720 -0.002955 0.000000
vt -0.934720 0.002955 0.000000
vt -0.934720 0.008866 0.000000
vt -0.934720 0.014777 0.000000
vt -0.934720 0.020688 0.000000
vt -0.934720 0.026599 0.000000
vt -0.934720 0.032510 0.000000
vt -0.934720 0.038421 0.000000
vt -0.934720 0.044331 0.000000
vt -0.934720 0.050242 0.000000
vt -0.934720 0.056153 0.000000
vt -0.934720 0.062064 0.000000
vt -0.934720 0.067975 0.000000
vt -0.934720 0.073886 0.000000
vt -0.934720 0.079796 0.000000
vt -0.817880 -0.079796 0.000000
vt -0.817880 -0.073886 0.000000
vt -0.817880 -0.067975 0.000000
vt -0.817880 -0.062064 0.000000
vt -0.817880 -0.056153 0.000000
vt -0.817880 -0.050242 0.000000
vt -0.817880 -0.044331 0.000000
vt -0.817880 -0.038421 0.000000
vt -0.817880 -0.032510 0.000000
vt -0.817880 -0.026599 0.000000
vt -0.817880 -0.020688 0.000000
vt -0.817880 -0.014777 0.000000
vt -0.817880 -0.008866 0.000000
vt -0.817880 -0.002955 0.000000
vt -0.817880 0.002955 0.000000
vt -0.817880 0.008866 0.000000
vt -0.817880 0.014777 0.000000
vt -0.817880 0.020688 0.000000
vt -0.817880 0.026599 0.000000
vt -0.817880 0.032510 0.000000
vt -0.817880 0.038421 0.000000
vt -0.817880 0.044331 0.000000
vt -0.817880 0.050242 0.000000
vt -0.817880 0.056153 0.000000
vt -0.817880 0.062064 0.000000
vt -0.817880 0.067975 0.000000
vt -0.817880 0.073886 0.000000
vt -0.817880 0.079796 0.000000
vt -0.701040 -0.079796 0.000000
vt -0.701040 -0.073886 0.000000
vt -0.701040 -0.067975 0.000000
vt -0.701040 -0.062064 0.000000
vt -0.701040 -0.056153 0.000000
vt -0.701040 -0.050242 0.000000
vt -0.701040 -0.044331 0.000000
vt -0.701040 -0.038421 0.000000
vt -0.701040 -0.032510 0.000000
vt -0.701040 -0.026599 0.000000
vt -0.701040 -0.020688 0.000000
vt -0.701040 -0.014777 0.000000
vt -0.701040 -0.008866 0.000000
vt -0.701040 -0.002955 0.000000
vt -0.701040 0.002955 0.000000
vt -0.701040 0.008866 0.000000
vt -0.701040 0.014777 0.000000
vt -0.701040 0.020688 0.000000
vt -0.701040 0.026599 0.000000
vt -0.701040 0.032510 0.000000
vt -0.701040 0.038421 0.000000
vt -0.701040 0.044331 0.000000
vt -0.701040 0.050242 0.000000
vt -0.701040 0.056153 0.000000
vt -0.701040 0.062064 0.000000
vt -0.701040 0.067975 0.000000
vt -0.701040 0.073886 0.000000
vt -0.701040 0.079796 0.000000
vt -0.584200 -0.079796 0.000000
vt -0.584200 -0.073886 0.000000
vt -0.584200 -0.067975 0.000000
vt -0.584200 -0.062064 0.000000
vt -0.584200 -0.056153 0.000000
vt -0.584200 -0.050242 0.000000
vt -0.584200 -0.044331 0.000000
vt -0.584200 -0.038421 0.000000
vt -0.584200 -0.032510 0.000000
vt -0.584200 -0.026599 0.000000
vt -0.584200 -0.020688 0.000000
vt -0.584200 -0.014777 0.000000
vt -0.584200 -0.008866 0.000000
vt -0.584200 -0.002955 0.000000
vt -0.584200 0.002955 0.000000
vt -0.584200 0.008866 0.000000
vt -0.584200 0.014777 0.000000
vt -0.584200 0.020688 0.000000
vt -0.584200 0.026599 0.000000
vt -0.584200 0.032510 0.000000
vt -0.584200 0.038421 0.000000
vt -0.584200 0.044331 0.000000
vt -0.584200 0.050242 0.000000
vt -0.584200 0.056153 0.000000
vt -0.584200 0.062064 0.000000
vt -0.584200 0.067975 0.000000
vt -0.584200 0.073886 0.000000
vt -0.584200 0.079796 0.000000
vt -0.467360 -0.079796 0.000000
vt -0.467360 -0.073886 0.000000
vt -0.467360 -0.067975 0.000000
vt -0.467360 -0.062064 0.000000
vt -0.467360 -0.056153 0.000000
vt -0.467360 -0.050242 0.000000
vt -0.467360 -0.044331 0.000000
vt -0.467360 -0.038421 0.000000
vt -0.467360 -0.032510 0.000000
vt -0.467360 -0.026599 0.000000
vt -0.467360 -0.020688 0.000000
vt -0.467360 -0.014777 0.000000
vt -0.467360 -0.008866 0.000000
vt -0.467360 -0.002955 0.000000
vt -0.467360 0.002955 0.000000
vt -0.467360 0.008866 0.000000
vt -0.467360 0.014777 0.000000
vt -0.467360 0.020688 0.000000
vt -0.467360 0.026599 0.000000
vt -0.467360 0.032510 0.000000
vt -0.467360 0.038421 0.000000
vt -0.467360 0.044331 0.000000
vt -0.467360 0.050242 0.000000
vt -0.467360 0.056153 0.000000
vt -0.467360 0.062064 0.000000
vt -0.467360 0.067975 0.000000
vt -0.467360 0.073886 0.000000
vt -0.467360 0.079796 0.000000
vt -0.350520 -0.079796 0.000000
vt -0.350520 -0.073886 0.000000
vt -0.350520 -0.067975 0.000000
vt -0.350520 -0.062064 0.000000
vt -0.350520 -0.056153 0.000000
vt -0.350520 -0.050242 0.000000
vt -0.350520 -0.044331 0.000000
vt -0.350520 -0.038421 0.000000
vt -0.350520 -0.032510 0.000000
vt -0.350520 -0.026599 0.000000
vt -0.350520 -0.020688 0.000000
vt -0.350520 -0.014777 0.000000
vt -0.350520 -0.008866 0.000000
vt -0.350520 -0.002955 0.000000
vt -0.350520 0.002955 0.000000
vt -0.350520 0.008866 0.000000
vt -0.350520 0.014777 0.000000
vt -0.350520 0.020688 0.000000
vt -0.350520 0.026599 0.000000
vt -0.350520 0.032510 0.000000
vt -0.350520 0.038421 0.000000
vt -0.350520 0.044331 0.000000
vt -0.350520 0.050242 0.000000
vt -0.350520 0.056153 0.000000
vt -0.350520 0.062064 0.000000
vt -0.350520 0.067975 0.000000
vt -0.350520 0.073886 0.000000
vt -0.350520 0.079796 0.000000
vt -0.233680 -0.079796 0.000000
vt -0.233680 -0.073886 0.000000
vt -0.233680 -0.067975 0.000000
vt -0.233680 -0.062064 0.000000
vt -0.233680 -0.056153 0.000000
vt -0.233680 -0.050242 0.000000
vt -0.233680 -0.044331 0.000000
vt -0.233680 -0.038421 0.000000
vt -0.233680 -0.032510 0.000000
vt -0.233680 -0.026599 0.000000
vt -0.233680 -0.020688 0.000000
vt -0.233680 -0.014777 0.000000
vt -0.233680 -0.008866 0.000000
vt -0.233680 -0.002955 0.000000
vt -0.233680 0.002955 0.000000
vt -0.233680 0.008866 0.000000
vt -0.233680 0.014777 0.000000
vt -0.233680 0.020688 0.000000
vt -0.233680 0.026599 0.000000
vt -0.233680 0.032510 0.000000
vt -0.233680 0.038421 0.000000
vt -0.233680 0.044331 0.000000
vt -0.233680 0.050242 0.000000
vt -0.233680 0.056153 0.000000
vt -0.233680 0.062064 0.000000
vt -0.233680 0.067975 0.000000
vt -0.233680 0.073886 0.000000
vt -0.233680 0.079796 0.000000
vt -0.005911 -0.000000 0.000000
vt -0.002955 -0.009975 0.000000
vt 0.000000 -0.000000 0.000000
vt 0.002955 -0.009975 0.000000
vt 0.005911 -0.000000 0.000000
vt 0.008866 -0.009975 0.000000
vt 0.011822 -0.000000 0.000000
vt 0.014777 -0.009975 0.000000
vt 0.017733 -0.000000 0.000000
vt 0.020688 -0.009975 0.000000
vt 0.023643 -0.000000 0.000000
vt 0.026599 -0.009975 0.000000
vt 0.029554 -0.000000 0.000000
vt 0.032510 -0.009975 0.000000
vt 0.035465 -0.000000 0.000000
vt 0.038421 -0.009975 0.000000
vt 0.041376 -0.000000 0.000000
vt 0.044331 -0.009975 0.000000
vt 0.047287 -0.000000 0.000000
vt 0.050242 -0.009975 0.000000
vt 0.053198 -0.000000 0.000000
vt 0.056153 -0.009975 0.000000
vt 0.059108 -0.000000 0.000000
vt 0.062064 -0.009975 0.000000
vt 0.065019 -0.000000 0.000000
vt 0.067975 -0.009975 0.000000
vt 0.070930 -0.000000 0.000000
vt 0.073886 -0.009975 0.000000
vt 0.076841 0.000000 0.000000
vt 0.079796 -0.009975 0.000000
vt 0.082752 0.000000 0.000000
vt 0.085707 -0.009975 0.000000
vt -0.076841 0.000000 0.000000
vt -0.073886 -0.009975 0.000000
vt -0.070930 -0.000000 0.000000
vt -0.067975 -0.009975 0.000000
vt -0.065019 -0.000000 0.000000
vt -0.062064 -0.009975 0.000000
vt -0.059108 -0.000000 0.000000
vt -0.056153 -0.009975 0.000000
vt -0.053198 -0.000000 0.000000
vt -0.050242 -0.009975 0.000000
vt -0.047287 -0.000000 0.000000
vt -0.044331 -0.009975 0.000000
vt -0.041376 -0.000000 0.000000
vt -0.038421 -0.009975 0.000000
vt -0.035465 -0.000000 0.000000
vt -0.032510 -0.009975 0.000000
vt -0.029554 -0.000000 0.000000
vt -0.026599 -0.009975 0.000000
vt -0.023643 -0.000000 0.000000
vt -0.020688 -0.009975 0.000000
vt -0.017733 -0.000000 0.000000
vt -0.014777 -0.009975 0.000000
vt -0.011822 -0.000000 0.000000
vt -0.008866 -0.009975 0.000000
vt 0.005911 -0.119695 0.000000
vt 0.002955 -0.109720 0.000000
vt 0.000000 -0.119695 0.000000
vt -0.002955 -0.109720 0.000000
vt -0.005911 -0.119695 0.000000
vt -0.008866 -0.109720 0.000000
vt -0.011822 -0.119695 0.000000
vt -0.014777 -0.109720 0.000000
vt -0.017733 -0.119695 0.000000
vt -0.020688 -0.109720 0.000000
vt -0.023643 -0.119695 0.000000
vt -0.026599 -0.109720 0.000000
vt -0.029554 -0.119695 0.000000
vt -0.032510 -0.109720 0.000000
vt -0.035465 -0.119695 0.000000
vt -0.038421 -0.109720 0.000000
vt -0.041376 -0.119695 0.000000
vt -0.044331 -0.109720 0.000000
vt -0.047287 -0.119695 0.000000
vt -0.050242 -0.109720 0.000000
vt -0.053198 -0.119695 0.000000
vt -0.056153 -0.109720 0.000000
vt -0.059108 -0.119695 0.000000
vt -0.062064 -0.109720 0.000000
vt -0.065019 -0.119695 0.000000
vt -0.067975 -0.109720 0.000000
vt -0.070930 -0.119695 0.000000
vt -0.073886 -0.109720 0.000000
vt -0.076841 -0.119695 0.000000
vt -0.079796 -0.109720 0.000000
vt -0.082752 -0.119695 0.000000
vt -0.085707 -0.109720 0.000000
vt 0.076841 -0.119695 0.000000
vt 0.073886 -0.109720 0.000000
vt 0.070930 -0.119695 0.000000
vt 0.067975 -0.109720 0.000000
vt 0.065019 -0.119695 0.000000
vt 0.062064 -0.109720 0.000000
vt 0.059108 -0.119695 0.000000
vt 0.056153 -0.109720 0.000000
vt 0.053198 -0.119695 0.000000
vt 0.050242 -0.109720 0.000000
vt 0.047287 -0.119695 0.000000
vt 0.044331 -0.109720 0.000000
vt 0.041376 -0.119695 0.000000
vt 0.038421 -0.109720 0.000000
vt 0.035465 -0.119695 0.000000
vt 0.032510 -0.109720 0.000000
vt 0.029554 -0.119695 0.000000
vt 0.026599 -0.109720 0.000000
vt 0.023643 -0.119695 0.000000
vt 0.020688 -0.109720 0.000000
vt 0.017733 -0.119695 0.000000
vt 0.014777 -0.109720 0.000000
vt 0.011822 -0.119695 0.000000
vt 0.008866 -0.109720 0.000000
vt -0.079796 -0.009975 0.000000
vt -0.079796 -0.019949 0.000000
vt -0.073886 -0.019949 0.000000
vt -0.073886 -0.029924 0.000000
vt -0.067975 -0.029924 0.000000
vt -0.067975 -0.039898 0.000000
vt -0.062064 -0.039898 0.000000
vt -0.062064 -0.049873 0.000000
vt -0.056153 -0.049873 0.000000
vt -0.056153 -0.059847 0.000000
vt -0.050242 -0.059847 0.000000
vt -0.050242 -0.069822 0.000000
vt -0.044331 -0.069822 0.000000
vt -0.044331 -0.079796 0.000000
vt -0.038421 -0.079796 0.000000
vt -0.038421 -0.089771 0.000000
vt -0.032510 -0.089771 0.000000
vt -0.032510 -0.099746 0.000000
vt -0.026599 -0.099746 0.000000
vt -0.079796 -0.029924 0.000000
vt -0.073886 -0.039898 0.000000
vt -0.067975 -0.049873 0.000000
vt -0.062064 -0.059847 0.000000
vt -0.056153 -0.069822 0.000000
vt -0.050242 -0.079796 0.000000
vt -0.044331 -0.089771 0.000000
vt -0.038421 -0.099746 0.000000
vt 0.079796 -0.019949 0.000000
vt 0.073886 -0.019949 0.000000
vt 0.079796 -0.029924 0.000000
vt 0.073886 -0.029924 0.000000
vt 0.079796 -0.039898 0.000000
vt 0.073886 -0.039898 0.000000
vt 0.079796 -0.049873 0.000000
vt 0.073886 -0.049873 0.000000
vt 0.079796 -0.059847 0.000000
vt 0.073886 -0.059847 0.000000
vt 0.079796 -0.069822 0.000000
vt 0.073886 -0.069822 0.000000
vt 0.079796 -0.079796 0.000000
vt 0.073886 -0.079796 0.000000
vt 0.079796 -0.089771 0.000000
vt 0.073886 -0.089771 0.000000
vt 0.079796 -0.099746 0.000000
vt 0.073886 -0.099746 0.000000
vt 0.079796 -0.109720 0.000000
vt -0.079796 -0.039898 0.000000
vt -0.073886 -0.049873 0.000000
vt -0.067975 -0.059847 0.000000
vt -0.062064 -0.069822 0.000000
vt -0.056153 -0.079796 0.000000
vt -0.050242 -0.089771 0.000000
vt -0.044331 -0.099746 0.000000
vt -0.079796 -0.049873 0.000000
vt -0.073886 -0.059847 0.000000
vt -0.067975 -0.069822 0.000000
vt -0.062064 -0.079796 0.000000
vt -0.056153 -0.089771 0.000000
vt -0.050242 -0.099746 0.000000
vt -0.079796 -0.059847 0.000000
vt -0.073886 -0.069822 0.000000
vt -0.067975 -0.079796 0.000000
vt -0.062064 -0.089771 0.000000
vt -0.056153 -0.099746 0.000000
vt -0.079796 -0.069822 0.000000
vt -0.073886 -0.079796 0.000000
vt -0.067975 -0.089771 0.000000
vt -0.062064 -0.099746 0.000000
vt -0.079796 -0.079796 0.000000
vt -0.073886 -0.089771 0.000000
vt -0.067975 -0.099746 0.000000
vt -0.079796 -0.089771 0.000000
vt -0.073886 -0.099746 0.000000
vt -0.079796 -0.099746 0.000000
vt -0.067975 -0.019949 0.000000
vt -0.062064 -0.019949 0.000000
vt -0.062064 -0.029924 0.000000
vt -0.056153 -0.019949 0.000000
vt -0.056153 -0.029924 0.000000
vt -0.056153 -0.039898 0.000000
vt -0.050242 -0.019949 0.000000
vt -0.050242 -0.029924 0.000000
vt -0.050242 -0.039898 0.000000
vt -0.050242 -0.049873 0.000000
vt -0.044331 -0.019949 0.000000
vt -0.044331 -0.029924 0.000000
vt -0.044331 -0.039898 0.000000
vt -0.044331 -0.049873 0.000000
vt -0.044331 -0.059847 0.000000
vt -0.038421 -0.019949 0.000000
vt -0.038421 -0.029924 0.000000
vt -0.038421 -0.039898 0.000000
vt -0.038421 -0.049873 0.000000
vt -0.038421 -0.059847 0.000000
vt -0.038421 -0.069822 0.000000
vt -0.032510 -0.019949 0.000000
vt -0.032510 -0.029924 0.000000
vt -0.032510 -0.039898 0.000000
vt -0.032510 -0.049873 0.000000
vt -0.032510 -0.059847 0.000000
vt -0.032510 -0.069822 0.000000
vt -0.032510 -0.079796 0.000000
vt -0.026599 -0.019949 0.000000
vt -0.026599 -0.029924 0.000000
vt -0.026599 -0.039898 0.000000
vt -0.026599 -0.049873 0.000000
vt -0.026599 -0.059847 0.000000
vt -0.026599 -0.069822 0.000000
vt -0.026599 -0.079796 0.000000
vt -0.026599 -0.089771 0.000000
vt -0.020688 -0.019949 0.000000
vt -0.020688 -0.029924 0.000000
vt -0.020688 -0.039898 0.000000
vt -0.020688 -0.049873 0.000000
vt -0.020688 -0.059847 0.000000
vt -0.020688 -0.069822 0.000000
vt -0.020688 -0.079796 0.000000
vt -0.020688 -0.089771 0.000000
vt -0.020688 -0.099746 0.000000
vt -0.014777 -0.019949 0.000000
vt -0.014777 -0.029924 0.000000
vt -0.014777 -0.039898 0.000000
vt -0.014777 -0.049873 0.000000
vt -0.014777 -0.059847 0.000000
vt -0.014777 -0.069822 0.000000
vt -0.014777 -0.079796 0.000000
vt -0.014777 -0.089771 0.000000
vt -0.014777 -0.099746 0.000000
vt -0.008866 -0.019949 0.000000
vt -0.008866 -0.029924 0.000000
vt -0.008866 -0.039898 0.000000
vt -0.008866 -0.049873 0.000000
vt -0.008866 -0.059847 0.000000
vt -0.008866 -0.069822 0.000000
vt -0.008866 -0.079796 0.000000
vt -0.008866 -0.089771 0.000000
vt -0.008866 -0.099746 0.000000
vt -0.002955 -0.019949 0.000000
vt -0.002955 -0.029924 0.000000
vt -0.002955 -0.039898 0.000000
vt -0.002955 -0.049873 0.000000
vt -0.002955 -0.059847 0.000000
vt -0.002955 -0.069822 0.000000
vt -0.002955 -0.079796 0.000000
vt -0.002955 -0.089771 0.000000
vt -0.002955 -0.099746 0.000000
vt 0.002955 -0.019949 0.000000
vt 0.002955 -0.029924 0.000000
vt 0.002955 -0.039898 0.000000
vt 0.002955 -0.049873 0.000000
vt 0.002955 -0.059847 0.000000
vt 0.002955 -0.069822 0.000000
vt 0.002955 -0.079796 0.000000
vt 0.002955 -0.089771 0.000000
vt 0.002955 -0.099746 0.000000
vt 0.008866 -0.019949 0.000000
vt 0.008866 -0.029924 0.000000
vt 0.008866 -0.039898 0.000000
vt 0.008866 -0.049873 0.000000
vt 0.008866 -0.059847 0.000000
vt 0.008866 -0.069822 0.000000
vt 0.008866 -0.079796 0.000000
vt 0.008866 -0.089771 0.000000
vt 0.008866 -0.099746 0.000000
vt 0.014777 -0.019949 0.000000
vt 0.014777 -0.029924 0.000000
vt 0.014777 -0.039898 0.000000
vt 0.014777 -0.049873 0.000000
vt 0.014777 -0.059847 0.000000
vt 0.014777 -0.069822 0.000000
vt 0.014777 -0.079796 0.000000
vt 0.014777 -0.089771 0.000000
vt 0.014777 -0.099746 0.000000
vt 0.020688 -0.019949 0.000000
vt 0.020688 -0.029924 0.000000
vt 0.020688 -0.039898 0.000000
vt 0.020688 -0.049873 0.000000
vt 0.020688 -0.059847 0.000000
vt 0.020688 -0.069822 0.000000
vt 0.020688 -0.079796 0.000000
vt 0.020688 -0.089771 0.000000
vt 0.020688 -0.099746 0.000000
vt 0.026599 -0.019949 0.000000
vt 0.026599 -0.029924 0.000000
vt 0.026599 -0.039898 0.000000
vt 0.026599 -0.049873 0.000000
vt 0.026599 -0.059847 0.000000
vt 0.026599 -0.069822 0.000000
vt 0.026599 -0.079796 0.000000
vt 0.026599 -0.089771 0.000000
vt 0.026599 -0.099746 0.000000
vt 0.032510 -0.019949 0.000000
vt 0.032510 -0.029924 0.000000
vt 0.032510 -0.039898 0.000000
vt 0.032510 -0.049873 0.000000
vt 0.032510 -0.059847 0.000000
vt 0.032510 -0.069822 0.000000
vt 0.032510 -0.079796 0.000000
vt 0.032510 -0.089771 0.000000
vt 0.032510 -0.099746 0.000000
vt 0.038421 -0.019949 0.000000
vt 0.038421 -0.029924 0.000000
vt 0.038421 -0.039898 0.000000
vt 0.038421 -0.049873 0.000000
vt 0.038421 -0.059847 0.000000
vt 0.038421 -0.069822 0.000000
vt 0.038421 -0.079796 0.000000
vt 0.038421 -0.089771 0.000000
vt 0.038421 -0.099746 0.000000
vt 0.044331 -0.019949 0.000000
vt 0.044331 -0.029924 0.000000
vt 0.044331 -0.039898 0.000000
vt 0.044331 -0.049873 0.000000
vt 0.044331 -0.059847 0.000000
vt 0.044331 -0.069822 0.000000
vt 0.044331 -0.079796 0.000000
vt 0.044331 -0.089771 0.000000
vt 0.044331 -0.099746 0.000000
vt 0.050242 -0.019949 0.000000
vt 0.050242 -0.029924 0.000000
vt 0.050242 -0.039898 0.000000
vt 0.050242 -0.049873 0.000000
vt 0.050242 -0.059847 0.000000
vt 0.050242 -0.069822 0.000000
vt 0.050242 -0.079796 0.000000
vt 0.050242 -0.089771 0.000000
vt 0.050242 -0.099746 0.000000
vt 0.056153 -0.019949 0.000000
vt 0.056153 -0.029924 0.000000
vt 0.056153 -0.039898 0.000000
vt 0.056153 -0.049873 0.000000
vt 0.056153 -0.059847 0.000000
vt 0.056153 -0.069822 0.000000
vt 0.056153 -0.079796 0.000000
vt 0.056153 -0.089771 0.000000
vt 0.056153 -0.099746 0.000000
vt 0.062064 -0.019949 0.000000
vt 0.062064 -0.029924 0.000000
vt 0.062064 -0.039898 0.000000
vt 0.062064 -0.049873 0.000000
vt 0.062064 -0.059847 0.000000
vt 0.062064 -0.069822 0.000000
vt 0.062064 -0.079796 0.000000
vt 0.062064 -0.089771 0.000000
vt 0.062064 -0.099746 0.000000
vt 0.067975 -0.019949 0.000000
vt 0.067975 -0.029924 0.000000
vt 0.067975 -0.039898 0.000000
vt 0.067975 -0.049873 0.000000
vt 0.067975 -0.059847 0.000000
vt 0.067975 -0.069822 0.000000
vt 0.067975 -0.079796 0.000000
vt 0.067975 -0.089771 0.000000
vt 0.067975 -0.099746 0.000000
vn 0.097304 -0.023062 0.000000
vn 0.093989 -0.022276 -0.025882
vn 0.100000 -0.000000 0.000000
vn 0.096593 -0.000000 -0.025882
vn 0.097304 0.023062 0.000000
vn 0.093989 0.022276 -0.025882
vn 0.089363 0.044880 0.000000
vn 0.086318 0.043351 -0.025882
vn 0.076604 0.064279 0.000000
vn 0.073994 0.062089 -0.025882
vn 0.059716 0.080212 0.000000
vn 0.057681 0.077479 -0.025882
vn 0.039608 0.091822 0.000000
vn 0.038258 0.088693 -0.025882
vn 0.017365 0.098481 0.000000
vn 0.016773 0.095125 -0.025882
vn -0.005814 0.099831 0.000000
vn -0.005616 0.096429 -0.025882
vn -0.028680 0.095799 -0.000000
vn -0.027703 0.092535 -0.025882
vn -0.050000 0.086603 -0.000000
vn -0.048296 0.083652 -0.025882
vn -0.068624 0.072737 -0.000000
vn -0.066286 0.070259 -0.025882
vn -0.083549 0.054951 -0.000000
vn -0.080702 0.053078 -0.025882
vn -0.093969 0.034202 -0.000000
vn -0.090767 0.033037 -0.025882
vn -0.099324 0.011609 -0.000000
vn -0.095939 0.011214 -0.025882
vn -0.099324 -0.011609 -0.000000
vn -0.095939 -0.011214 -0.025882
vn -0.093969 -0.034202 -0.000000
vn -0.090767 -0.033037 -0.025882
vn -0.083549 -0.054951 -0.000000
vn -0.080702 -0.053078 -0.025882
vn -0.068624 -0.072737 -0.000000
vn -0.066286 -0.070259 -0.025882
vn -0.050000 -0.086603 -0.000000
vn -0.048296 -0.083652 -0.025882
vn -0.028680 -0.095799 -0.000000
vn -0.027703 -0.092535 -0.025882
vn -0.005814 -0.099831 0.000000
vn -0.005616 -0.096429 -0.025882
vn 0.017365 -0.098481 0.000000
vn 0.016773 -0.095125 -0.025882
vn 0.039608 -0.091822 0.000000
vn 0.038258 -0.088693 -0.025882
vn 0.059716 -0.080212 0.000000
vn 0.057681 -0.077479 -0.025882
vn 0.076604 -0.064279 0.000000
vn 0.073994 -0.062089 -0.025882
vn 0.089363 -0.044880 0.000000
vn 0.086318 -0.043351 -0.025882
vn 0.000000 0.000000 -0.100000
vn 0.025184 0.005969 -0.096593
vn 0.000000 -0.000000 -0.100000
vn 0.025882 0.000000 -0.096593
vn 0.025184 -0.005969 -0.096593
vn 0.050000 -0.000000 -0.086603
vn 0.048652 -0.011531 -0.086603
vn 0.070711 -0.000000 -0.070711
vn 0.068805 -0.016307 -0.070711
vn 0.086603 -0.000000 -0.050000
vn 0.084268 -0.019972 -0.050000
vn 0.023129 0.011616 -0.096593
vn 0.000000 -0.000000 -0.100000
vn 0.019827 0.016637 -0.096593
vn 0.000000 0.000000 -0.100000
vn 0.015456 0.020760 -0.096593
vn 0.000000 -0.000000 -0.100000
vn 0.010251 0.023765 -0.096593
vn 0.000000 0.000000 -0.100000
vn 0.004494 0.025489 -0.096593
vn 0.000000 0.000000 -0.100000
vn -0.001505 0.025838 -0.096593
vn 0.000000 0.000000 -0.100000
vn -0.007423 0.024795 -0.096593
vn 0.000000 -0.000000 -0.100000
vn -0.012941 0.022414 -0.096593
vn -0.017761 0.018826 -0.096593
vn -0.034312 0.036369 -0.086603
vn -0.041774 0.027475 -0.086603
vn -0.059078 0.038856 -0.070711
vn -0.066446 0.024184 -0.070711
vn -0.081380 0.029620 -0.050000
vn -0.086017 0.010054 -0.050000
vn 0.000000 0.000000 -0.100000
vn -0.021624 0.014222 -0.096593
vn -0.046985 0.017101 -0.086603
vn -0.070233 0.008209 -0.070711
vn -0.086017 -0.010054 -0.050000
vn 0.000000 -0.000000 -0.100000
vn -0.024321 0.008852 -0.096593
vn -0.049662 0.005805 -0.086603
vn -0.070233 -0.008209 -0.070711
vn -0.081380 -0.029620 -0.050000
vn 0.000000 0.000000 -0.100000
vn -0.025707 0.003005 -0.096593
vn -0.049662 -0.005805 -0.086603
vn -0.066446 -0.024184 -0.070711
vn -0.072355 -0.047589 -0.050000
vn 0.000000 0.000000 -0.100000
vn -0.025707 -0.003005 -0.096593
vn -0.046985 -0.017101 -0.086603
vn -0.059078 -0.038856 -0.070711
vn -0.059430 -0.062992 -0.050000
vn 0.000000 -0.000000 -0.100000
vn -0.024321 -0.008852 -0.096593
vn -0.041774 -0.027475 -0.086603
vn -0.048525 -0.051433 -0.070711
vn -0.043301 -0.075000 -0.050000
vn 0.000000 0.000000 -0.100000
vn -0.021624 -0.014222 -0.096593
vn -0.034312 -0.036369 -0.086603
vn -0.035355 -0.061237 -0.070711
vn -0.024838 -0.082964 -0.050000
vn 0.000000 -0.000000 -0.100000
vn -0.017761 -0.018826 -0.096593
vn -0.025000 -0.043301 -0.086603
vn -0.020280 -0.067740 -0.070711
vn -0.005035 -0.086456 -0.050000
vn 0.000000 0.000000 -0.100000
vn -0.012941 -0.022414 -0.096593
vn -0.014340 -0.047899 -0.086603
vn -0.004111 -0.070591 -0.070711
vn 0.015038 -0.085287 -0.050000
vn -0.007423 -0.024795 -0.096593
vn 0.000000 0.000000 -0.100000
vn -0.001505 -0.025838 -0.096593
vn 0.000000 -0.000000 -0.100000
vn 0.004494 -0.025489 -0.096593
vn 0.000000 -0.000000 -0.100000
vn 0.010251 -0.023765 -0.096593
vn 0.000000 -0.000000 -0.100000
vn 0.015456 -0.020760 -0.096593
vn 0.000000 -0.000000 -0.100000
vn 0.019827 -0.016637 -0.096593
vn 0.000000 -0.000000 -0.100000
vn 0.023129 -0.011616 -0.096593
vn 0.000000 -0.000000 -0.100000
vn 0.084268 0.019972 -0.050000
vn 0.077391 0.038867 -0.050000
vn 0.066341 0.055667 -0.050000
vn 0.051715 0.069466 -0.050000
vn 0.034302 0.079520 -0.050000
vn 0.015038 0.085287 -0.050000
vn -0.005035 0.086456 -0.050000
vn -0.024838 0.082964 -0.050000
vn -0.043301 0.075000 -0.050000
vn -0.059430 0.062992 -0.050000
vn -0.072355 0.047589 -0.050000
vn 0.068805 0.016307 -0.070711
vn 0.063189 0.031735 -0.070711
vn 0.054168 0.045452 -0.070711
vn 0.042225 0.056719 -0.070711
vn 0.028007 0.064928 -0.070711
vn 0.012279 0.069636 -0.070711
vn -0.004111 0.070591 -0.070711
vn -0.020280 0.067740 -0.070711
vn -0.035355 0.061237 -0.070711
vn -0.048525 0.051433 -0.070711
vn 0.048652 0.011531 -0.086603
vn 0.044682 0.022440 -0.086603
vn 0.038302 0.032139 -0.086603
vn 0.029858 0.040106 -0.086603
vn 0.019804 0.045911 -0.086603
vn 0.008682 0.049240 -0.086603
vn -0.002907 0.049915 -0.086603
vn -0.014340 0.047899 -0.086603
vn -0.025000 0.043301 -0.086603
vn 0.077391 -0.038867 -0.050000
vn 0.066341 -0.055667 -0.050000
vn 0.051715 -0.069466 -0.050000
vn 0.034302 -0.079520 -0.050000
vn 0.063189 -0.031735 -0.070711
vn 0.054168 -0.045452 -0.070711
vn 0.042225 -0.056719 -0.070711
vn 0.028007 -0.064928 -0.070711
vn 0.012279 -0.069636 -0.070711
vn 0.044682 -0.022440 -0.086603
vn 0.038302 -0.032139 -0.086603
vn 0.029858 -0.040106 -0.086603
vn 0.019804 -0.045911 -0.086603
vn 0.008682 -0.049240 -0.086603
vn -0.002907 -0.049915 -0.086603
vn 0.097304 -0.023062 0.000000
vn 0.097304 -0.023062 0.000000
vn 0.100000 -0.000000 0.000000
vn 0.100000 -0.000000 0.000000
vn 0.097304 0.023062 0.000000
vn 0.097304 0.023062 0.000000
vn 0.089363 0.044880 0.000000
vn 0.089363 0.044880 0.000000
vn 0.076604 0.064279 0.000000
vn 0.076604 0.064279 0.000000
vn 0.059716 0.080212 0.000000
vn 0.059716 0.080212 0.000000
vn 0.039608 0.091822 0.000000
vn 0.039608 0.091822 0.000000
vn 0.017365 0.098481 0.000000
vn 0.017365 0.098481 0.000000
vn -0.005814 0.099831 -0.000000
vn -0.005814 0.099831 -0.000000
vn -0.028680 0.095799 -0.000000
vn -0.028680 0.095799 -0.000000
vn -0.050000 0.086603 -0.000000
vn -0.050000 0.086603 -0.000000
vn -0.068624 0.072737 -0.000000
vn -0.068624 0.072737 -0.000000
vn -0.083549 0.054951 -0.000000
vn -0.083549 0.054951 -0.000000
vn -0.093969 0.034202 -0.000000
vn -0.093969 0.034202 -0.000000
vn -0.099324 0.011609 -0.000000
vn -0.099324 0.011609 -0.000000
vn -0.099324 -0.011609 0.000000
vn -0.099324 -0.011609 0.000000
vn -0.093969 -0.034202 0.000000
vn -0.093969 -0.034202 0.000000
vn -0.083549 -0.054951 0.000000
vn -0.083549 -0.054951 0.000000
vn -0.068624 -0.072737 0.000000
vn -0.068624 -0.072737 0.000000
vn -0.050000 -0.086603 0.000000
vn -0.050000 -0.086603 0.000000
vn -0.028680 -0.095799 0.000000
vn -0.028680 -0.095799 0.000000
vn -0.005814 -0.099831 0.000000
vn -0.005814 -0.099831 0.000000
vn 0.017365 -0.098481 0.000000
vn 0.017365 -0.098481 0.000000
vn 0.039608 -0.091822 0.000000
vn 0.039608 -0.091822 0.000000
vn 0.059716 -0.080212 0.000000
vn 0.059716 -0.080212 0.000000
vn 0.076604 -0.064279 0.000000
vn 0.076604 -0.064279 0.000000
vn 0.089363 -0.044880 0.000000
vn 0.089363 -0.044880 0.000000
vn 0.097304 0.023062 0.000000
vn 0.100000 0.000000 0.000000
vn 0.097304 -0.023062 0.000000
vn 0.089363 -0.044880 0.000000
vn 0.076604 -0.064279 0.000000
vn 0.059716 -0.080212 0.000000
vn 0.039608 -0.091822 0.000000
vn 0.017365 -0.098481 0.000000
vn -0.005814 -0.099831 0.000000
vn -0.028680 -0.095799 0.000000
vn -0.050000 -0.086603 0.000000
vn -0.068624 -0.072737 0.000000
vn -0.083549 -0.054951 0.000000
vn -0.093969 -0.034202 0.000000
vn -0.099324 -0.011609 0.000000
vn -0.099324 0.011609 -0.000000
vn -0.093969 0.034202 -0.000000
vn -0.083549 0.054951 -0.000000
vn -0.068624 0.072737 -0.000000
vn -0.050000 0.086603 -0.000000
vn -0.028680 0.095799 -0.000000
vn -0.005814 0.099831 -0.000000
vn 0.017365 0.098481 0.000000
vn 0.039608 0.091822 0.000000
vn 0.059716 0.080212 0.000000
vn 0.076604 0.064279 0.000000
vn 0.089363 0.044880 0.000000
vn 0.100000 0.000000 0.000000
vn 0.097304 0.023062 0.000000
vn 0.089363 0.044880 0.000000
vn 0.076604 0.064279 0.000000
vn 0.059716 0.080212 0.000000
vn 0.039608 0.091822 0.000000
vn 0.017365 0.098481 0.000000
vn -0.005814 0.099831 -0.000000
vn -0.028680 0.095799 -0.000000
vn -0.050000 0.086603 -0.000000
vn -0.068624 0.072737 -0.000000
vn -0.083549 0.054951 -0.000000
vn -0.093969 0.034202 -0.000000
vn -0.099324 0.011609 -0.000000
vn -0.099324 -0.011609 0.000000
vn -0.093969 -0.034202 0.000000
vn -0.083549 -0.054951 0.000000
vn -0.068624 -0.072737 0.000000
vn -0.050000 -0.086603 0.000000
vn -0.028680 -0.095799 0.000000
vn -0.005814 -0.099831 0.000000
vn 0.017365 -0.098481 0.000000
vn 0.039608 -0.091822 0.000000
vn 0.059716 -0.080212 0.000000
vn 0.076604 -0.064279 0.000000
vn 0.089363 -0.044880 0.000000
vn 0.097304 -0.023062 0.000000
vn -0.000000 -0.000000 -0.100000
vn -0.025184 -0.005969 -0.096593
vn 0.000000 0.000000 -0.100000
vn -0.025882 -0.000000 -0.096593
vn -0.025184 0.005969 -0.096593
vn -0.050000 0.000000 -0.086603
vn -0.048652 0.011531 -0.086603
vn -0.070711 0.000000 -0.070711
vn -0.068805 0.016307 -0.070711
vn -0.086603 0.000000 -0.050000
vn -0.084268 0.019972 -0.050000
vn -0.096593 0.000000 -0.025882
vn -0.093989 0.022276 -0.025882
vn -0.100000 0.000000 -0.000000
vn -0.097304 0.023062 -0.000000
vn -0.023129 -0.011616 -0.096593
vn 0.000000 0.000000 -0.100000
vn -0.019827 -0.016637 -0.096593
vn -0.000000 -0.000000 -0.100000
vn -0.015456 -0.020760 -0.096593
vn 0.000000 0.000000 -0.100000
vn -0.010251 -0.023765 -0.096593
vn -0.000000 -0.000000 -0.100000
vn -0.004494 -0.025489 -0.096593
vn 0.000000 -0.000000 -0.100000
vn 0.001505 -0.025838 -0.096593
vn 0.000000 -0.000000 -0.100000
vn 0.007423 -0.024795 -0.096593
vn -0.000000 0.000000 -0.100000
vn 0.012941 -0.022414 -0.096593
vn 0.017761 -0.018826 -0.096593
vn 0.034312 -0.036369 -0.086603
vn 0.041774 -0.027475 -0.086603
vn 0.059078 -0.038856 -0.070711
vn 0.066446 -0.024184 -0.070711
vn 0.081380 -0.029620 -0.050000
vn 0.086017 -0.010054 -0.050000
vn 0.095939 -0.011214 -0.025882
vn 0.095939 0.011214 -0.025882
vn 0.099324 0.011609 0.000000
vn 0.093969 0.034202 0.000000
vn 0.090767 0.033037 -0.025882
vn 0.083549 0.054951 0.000000
vn 0.080702 0.053078 -0.025882
vn 0.068624 0.072737 0.000000
vn 0.066286 0.070259 -0.025882
vn 0.050000 0.086603 0.000000
vn 0.048296 0.083652 -0.025882
vn 0.028680 0.095799 0.000000
vn 0.027703 0.092535 -0.025882
vn 0.005814 0.099831 0.000000
vn 0.005616 0.096429 -0.025882
vn -0.017365 0.098481 -0.000000
vn -0.016773 0.095125 -0.025882
vn -0.039608 0.091822 -0.000000
vn -0.038258 0.088693 -0.025882
vn -0.059716 0.080212 -0.000000
vn -0.057681 0.077479 -0.025882
vn -0.076604 0.064279 -0.000000
vn -0.073994 0.062089 -0.025882
vn -0.089363 0.044880 -0.000000
vn -0.086318 0.043351 -0.025882
vn 0.000000 -0.000000 -0.100000
vn 0.021624 -0.014222 -0.096593
vn 0.046985 -0.017101 -0.086603
vn 0.070233 -0.008209 -0.070711
vn 0.086017 0.010054 -0.050000
vn -0.000000 0.000000 -0.100000
vn 0.024321 -0.008852 -0.096593
vn 0.049662 -0.005805 -0.086603
vn 0.070233 0.008209 -0.070711
vn 0.081380 0.029620 -0.050000
vn 0.000000 -0.000000 -0.100000
vn 0.025707 -0.003005 -0.096593
vn 0.049662 0.005805 -0.086603
vn 0.066446 0.024184 -0.070711
vn 0.072355 0.047589 -0.050000
vn -0.000000 0.000000 -0.100000
vn 0.025707 0.003005 -0.096593
vn 0.046985 0.017101 -0.086603
vn 0.059078 0.038856 -0.070711
vn 0.059430 0.062992 -0.050000
vn 0.000000 0.000000 -0.100000
vn 0.024321 0.008852 -0.096593
vn 0.041774 0.027475 -0.086603
vn 0.048525 0.051433 -0.070711
vn 0.043301 0.075000 -0.050000
vn -0.000000 -0.000000 -0.100000
vn 0.021624 0.014222 -0.096593
vn 0.034312 0.036369 -0.086603
vn 0.035355 0.061237 -0.070711
vn 0.024838 0.082964 -0.050000
vn 0.000000 0.000000 -0.100000
vn 0.017761 0.018826 -0.096593
vn 0.025000 0.043301 -0.086603
vn 0.020280 0.067740 -0.070711
vn 0.005035 0.086456 -0.050000
vn -0.000000 -0.000000 -0.100000
vn 0.012941 0.022414 -0.096593
vn 0.014340 0.047899 -0.086603
vn 0.004111 0.070591 -0.070711
vn -0.015038 0.085287 -0.050000
vn 0.007423 0.024795 -0.096593
vn -0.000000 -0.000000 -0.100000
vn 0.001505 0.025838 -0.096593
vn 0.000000 0.000000 -0.100000
vn -0.004494 0.025489 -0.096593
vn -0.000000 0.000000 -0.100000
vn -0.010251 0.023765 -0.096593
vn -0.000000 0.000000 -0.100000
vn -0.015456 0.020760 -0.096593
vn -0.000000 0.000000 -0.100000
vn -0.019827 0.016637 -0.096593
vn 0.000000 -0.000000 -0.100000
vn -0.023129 0.011616 -0.096593
vn -0.000000 0.000000 -0.100000
vn 0.099324 -0.011609 0.000000
vn 0.090767 -0.033037 -0.025882
vn 0.072355 -0.047589 -0.050000
vn 0.048525 -0.051433 -0.070711
vn 0.025000 -0.043301 -0.086603
vn 0.093969 -0.034202 0.000000
vn 0.080702 -0.053078 -0.025882
vn 0.059430 -0.062992 -0.050000
vn 0.035355 -0.061237 -0.070711
vn 0.014340 -0.047899 -0.086603
vn 0.083549 -0.054951 0.000000
vn 0.066286 -0.070259 -0.025882
vn 0.043301 -0.075000 -0.050000
vn 0.020280 -0.067740 -0.070711
vn 0.002907 -0.049915 -0.086603
vn 0.068624 -0.072737 0.000000
vn 0.048296 -0.083652 -0.025882
vn 0.024838 -0.082964 -0.050000
vn 0.004111 -0.070591 -0.070711
vn -0.008682 -0.049240 -0.086603
vn 0.050000 -0.086603 0.000000
vn 0.027703 -0.092535 -0.025882
vn 0.005035 -0.086456 -0.050000
vn -0.012279 -0.069636 -0.070711
vn -0.019804 -0.045911 -0.086603
vn 0.028680 -0.095799 0.000000
vn 0.005616 -0.096429 -0.025882
vn -0.015038 -0.085287 -0.050000
vn -0.028007 -0.064928 -0.070711
vn -0.029858 -0.040106 -0.086603
vn 0.005814 -0.099831 0.000000
vn -0.016773 -0.095125 -0.025882
vn -0.034302 -0.079520 -0.050000
vn -0.042225 -0.056719 -0.070711
vn -0.038302 -0.032139 -0.086603
vn -0.017365 -0.098481 0.000000
vn -0.038258 -0.088693 -0.025882
vn -0.051715 -0.069466 -0.050000
vn -0.054168 -0.045452 -0.070711
vn -0.044682 -0.022440 -0.086603
vn -0.039608 -0.091822 0.000000
vn -0.057681 -0.077479 -0.025882
vn -0.066341 -0.055667 -0.050000
vn -0.063189 -0.031735 -0.070711
vn -0.048652 -0.011531 -0.086603
vn -0.059716 -0.080212 0.000000
vn -0.073994 -0.062089 -0.025882
vn -0.077391 -0.038867 -0.050000
vn -0.068805 -0.016307 -0.070711
vn -0.076604 -0.064279 0.000000
vn -0.086318 -0.043351 -0.025882
vn -0.084268 -0.019972 -0.050000
vn -0.089363 -0.044880 0.000000
vn -0.093989 -0.022276 -0.025882
vn -0.097304 -0.023062 0.000000
vn 0.002907 0.049915 -0.086603
vn -0.012279 0.069636 -0.070711
vn -0.034302 0.079520 -0.050000
vn -0.008682 0.049240 -0.086603
vn -0.028007 0.064928 -0.070711
vn -0.051715 0.069466 -0.050000
vn -0.019804 0.045911 -0.086603
vn -0.042225 0.056719 -0.070711
vn -0.066341 0.055667 -0.050000
vn -0.029858 0.040106 -0.086603
vn -0.054168 0.045452 -0.070711
vn -0.077391 0.038867 -0.050000
vn -0.038302 0.032139 -0.086603
vn -0.063189 0.031735 -0.070711
vn -0.044682 0.022440 -0.086603
vn -0.097304 0.023062 -0.000000
vn -0.097304 0.023062 -0.000000
vn -0.100000 0.000000 -0.000000
vn -0.100000 0.000000 -0.000000
vn -0.097304 -0.023062 0.000000
vn -0.097304 -0.023062 0.000000
vn -0.089363 -0.044880 0.000000
vn -0.089363 -0.044880 0.000000
vn -0.076604 -0.064279 0.000000
vn -0.076604 -0.064279 0.000000
vn -0.059716 -0.080212 0.000000
vn -0.059716 -0.080212 0.000000
vn -0.039608 -0.091822 0.000000
vn -0.039608 -0.091822 0.000000
vn -0.017365 -0.098481 0.000000
vn -0.017365 -0.098481 0.000000
vn 0.005814 -0.099831 0.000000
vn 0.005814 -0.099831 0.000000
vn 0.028680 -0.095799 0.000000
vn 0.028680 -0.095799 0.000000
vn 0.050000 -0.086603 0.000000
vn 0.050000 -0.086603 0.000000
vn 0.068624 -0.072737 0.000000
vn 0.068624 -0.072737 0.000000
vn 0.083549 -0.054951 0.000000
vn 0.083549 -0.054951 0.000000
vn 0.093969 -0.034202 0.000000
vn 0.093969 -0.034202 0.000000
vn 0.099324 -0.011609 0.000000
vn 0.099324 -0.011609 0.000000
vn 0.099324 0.011609 0.000000
vn 0.099324 0.011609 0.000000
vn 0.093969 0.034202 0.000000
vn 0.093969 0.034202 0.000000
vn 0.083549 0.054951 0.000000
vn 0.083549 0.054951 0.000000
vn 0.068624 0.072737 0.000000
vn 0.068624 0.072737 0.000000
vn 0.050000 0.086603 0.000000
vn 0.050000 0.086603 0.000000
vn 0.028680 0.095799 0.000000
vn 0.028680 0.095799 0.000000
vn 0.005814 0.099831 0.000000
vn 0.005814 0.099831 0.000000
vn -0.017365 0.098481 -0.000000
vn -0.017365 0.098481 -0.000000
vn -0.039608 0.091822 -0.000000
vn -0.039608 0.091822 -0.000000
vn -0.059716 0.080212 -0.000000
vn -0.059716 0.080212 -0.000000
vn -0.076604 0.064279 -0.000000
vn -0.076604 0.064279 -0.000000
vn -0.089363 0.044880 -0.000000
vn -0.089363 0.044880 -0.000000
vn -0.097304 -0.023062 0.000000
vn -0.100000 -0.000000 0.000000
vn -0.097304 0.023062 -0.000000
vn -0.089363 0.044880 -0.000000
vn -0.076604 0.064279 -0.000000
vn -0.059716 0.080212 -0.000000
vn -0.039608 0.091822 -0.000000
vn -0.017365 0.098481 -0.000000
vn 0.005814 0.099831 0.000000
vn 0.028680 0.095799 0.000000
vn 0.050000 0.086603 0.000000
vn 0.068624 0.072737 0.000000
vn 0.083549 0.054951 0.000000
vn 0.093969 0.034202 0.000000
vn 0.099324 0.011609 0.000000
vn 0.099324 -0.011609 0.000000
vn 0.093969 -0.034202 0.000000
vn 0.083549 -0.054951 0.000000
vn 0.068624 -0.072737 0.000000
vn 0.050000 -0.086603 0.000000
vn 0.028680 -0.095799 0.000000
vn 0.005814 -0.099831 0.000000
vn -0.017365 -0.098481 0.000000
vn -0.039608 -0.091822 0.000000
vn -0.059716 -0.080212 0.000000
vn -0.076604 -0.064279 0.000000
vn -0.089363 -0.044880 0.000000
vn -0.100000 -0.000000 0.000000
vn -0.097304 -0.023062 0.000000
vn -0.089363 -0.044880 0.000000
vn -0.076604 -0.064279 0.000000
vn -0.059716 -0.080212 0.000000
vn -0.039608 -0.091822 0.000000
vn -0.017365 -0.098481 0.000000
vn 0.005814 -0.099831 0.000000
vn 0.028680 -0.095799 0.000000
vn 0.050000 -0.086603 0.000000
vn 0.068624 -0.072737 0.000000
vn 0.083549 -0.054951 0.000000
vn 0.093969 -0.034202 0.000000
vn 0.099324 -0.011609 0.000000
vn 0.099324 0.011609 0.000000
vn 0.093969 0.034202 0.000000
vn 0.083549 0.054951 0.000000
vn 0.068624 0.072737 0.000000
vn 0.050000 0.086603 0.000000
vn 0.028680 0.095799 0.000000
vn 0.005814 0.099831 0.000000
vn -0.017365 0.098481 -0.000000
vn -0.039608 0.091822 -0.000000
vn -0.059716 0.080212 -0.000000
vn -0.076604 0.064279 -0.000000
vn -0.089363 0.044880 -0.000000
vn -0.097304 0.023062 -0.000000
vn 0.098474 0.011609 0.012964
vn 0.098474 -0.011609 0.012964
vn 0.093165 -0.034202 0.012265
vn 0.082834 -0.054951 0.010905
vn 0.068037 -0.072737 0.008957
vn 0.049572 -0.086603 0.006526
vn 0.028435 -0.095799 0.003744
vn 0.005765 -0.099831 0.000759
vn -0.017216 -0.098481 -0.002267
vn -0.039269 -0.091822 -0.005170
vn -0.059205 -0.080212 -0.007794
vn -0.075949 -0.064279 -0.009999
vn -0.088599 -0.044880 -0.011664
vn -0.096472 -0.023062 -0.012701
vn -0.099144 -0.000000 -0.013053
vn -0.096472 0.023062 -0.012701
vn -0.088599 0.044880 -0.011664
vn -0.075949 0.064279 -0.009999
vn -0.059205 0.080212 -0.007794
vn -0.039269 0.091822 -0.005170
vn -0.017216 0.098481 -0.002267
vn 0.005765 0.099831 0.000759
vn 0.028435 0.095799 0.003744
vn 0.049572 0.086603 0.006526
vn 0.068037 0.072737 0.008957
vn 0.082834 0.054951 0.010905
vn 0.093165 0.034202 0.012265
vn 0.000000 -0.023062 0.097304
vn 0.012964 -0.011609 0.098474
vn 0.000000 -0.000000 0.100000
vn 0.012964 0.011609 0.098474
vn 0.000000 0.023062 0.097304
vn 0.012265 0.034202 0.093165
vn 0.000000 0.044880 0.089363
vn 0.010905 0.054951 0.082834
vn 0.000000 0.064279 0.076604
vn 0.008957 0.072737 0.068037
vn 0.000000 0.080212 0.059716
vn 0.006526 0.086603 0.049572
vn 0.000000 0.091822 0.039608
vn 0.003744 0.095799 0.028435
vn 0.000000 0.098481 0.017365
vn 0.000759 0.099831 0.005765
vn -0.000000 0.099831 -0.005814
vn -0.002267 0.098481 -0.017216
vn -0.000000 0.095799 -0.028680
vn -0.005170 0.091822 -0.039269
vn -0.000000 0.086603 -0.050000
vn -0.007794 0.080212 -0.059205
vn -0.000000 0.072737 -0.068624
vn -0.009999 0.064279 -0.075949
vn -0.000000 0.054951 -0.083549
vn -0.011664 0.044880 -0.088599
vn -0.000000 0.034202 -0.093969
vn -0.012701 0.023062 -0.096472
vn -0.000000 0.011609 -0.099324
vn -0.013053 0.000000 -0.099144
vn -0.000000 -0.011609 -0.099324
vn -0.012701 -0.023062 -0.096472
vn -0.000000 -0.034202 -0.093969
vn -0.011664 -0.044880 -0.088599
vn -0.000000 -0.054951 -0.083549
vn -0.009999 -0.064279 -0.075949
vn -0.000000 -0.072737 -0.068624
vn -0.007794 -0.080212 -0.059205
vn -0.000000 -0.086603 -0.050000
vn -0.005170 -0.091822 -0.039269
vn -0.000000 -0.095799 -0.028680
vn -0.002267 -0.098481 -0.017216
vn -0.000000 -0.099831 -0.005814
vn 0.000759 -0.099831 0.005765
vn 0.000000 -0.098481 0.017365
vn 0.003744 -0.095799 0.028435
vn 0.000000 -0.091822 0.039608
vn 0.006526 -0.086603 0.049572
vn 0.000000 -0.080212 0.059716
vn 0.008957 -0.072737 0.068037
vn 0.000000 -0.064279 0.076604
vn 0.010905 -0.054951 0.082834
vn 0.000000 -0.044880 0.089363
vn 0.012265 -0.034202 0.093165
vn -0.096593 0.000000 -0.025882
vn -0.093989 0.023062 -0.025184
vn -0.089898 0.023062 -0.037237
vn -0.082561 0.044880 -0.034198
vn -0.077391 0.044880 -0.044682
vn -0.066341 0.064279 -0.038302
vn -0.060774 0.064279 -0.046634
vn -0.047376 0.080212 -0.036353
vn -0.042225 0.080212 -0.042225
vn -0.028007 0.091822 -0.028007
vn -0.024112 0.091822 -0.031423
vn -0.010571 0.098481 -0.013776
vn -0.008682 0.098481 -0.015038
vn 0.002907 0.099831 0.005035
vn 0.002225 0.099831 0.005372
vn 0.010975 0.095799 0.026497
vn 0.007423 0.095799 0.027703
vn 0.012941 0.086603 0.048296
vn -0.092388 0.000000 -0.038268
vn -0.084268 0.023062 -0.048652
vn -0.070897 0.044880 -0.054401
vn -0.054168 0.064279 -0.054168
vn -0.036353 0.080212 -0.047376
vn -0.019804 0.091822 -0.034302
vn -0.006645 0.098481 -0.016043
vn 0.001505 0.099831 0.005616
vn -0.093989 -0.023062 -0.025184
vn -0.089898 -0.023062 -0.037237
vn -0.086603 -0.000000 -0.050000
vn -0.084268 -0.023062 -0.048652
vn -0.079335 -0.000000 -0.060876
vn -0.077197 -0.023062 -0.059235
vn -0.070711 -0.000000 -0.070711
vn -0.068805 -0.023062 -0.068805
vn -0.060876 -0.000000 -0.079335
vn -0.059235 -0.023062 -0.077197
vn -0.050000 -0.000000 -0.086603
vn -0.048652 -0.023062 -0.084268
vn -0.038268 -0.000000 -0.092388
vn -0.037237 -0.023062 -0.089898
vn -0.025882 -0.000000 -0.096593
vn -0.025184 -0.023062 -0.093989
vn -0.077197 0.023062 -0.059235
vn -0.063189 0.044880 -0.063189
vn -0.046634 0.064279 -0.060774
vn -0.029858 0.080212 -0.051715
vn -0.015157 0.091822 -0.036593
vn -0.004494 0.098481 -0.016773
vn -0.068805 0.023062 -0.068805
vn -0.054401 0.044880 -0.070897
vn -0.038302 0.064279 -0.066341
vn -0.022852 0.080212 -0.055170
vn -0.010251 0.091822 -0.038258
vn -0.059235 0.023062 -0.077197
vn -0.044682 0.044880 -0.077391
vn -0.029315 0.064279 -0.070773
vn -0.015456 0.080212 -0.057681
vn -0.048652 0.023062 -0.084268
vn -0.034198 0.044880 -0.082561
vn -0.019827 0.064279 -0.073994
vn -0.037237 0.023062 -0.089898
vn -0.023129 0.044880 -0.086318
vn -0.025184 0.023062 -0.093989
vn -0.086318 0.044880 -0.023129
vn -0.073994 0.064279 -0.019827
vn -0.070773 0.064279 -0.029315
vn -0.057681 0.080212 -0.015456
vn -0.055170 0.080212 -0.022852
vn -0.051715 0.080212 -0.029858
vn -0.038258 0.091822 -0.010251
vn -0.036593 0.091822 -0.015157
vn -0.034302 0.091822 -0.019804
vn -0.031423 0.091822 -0.024112
vn -0.016773 0.098481 -0.004494
vn -0.016043 0.098481 -0.006645
vn -0.015038 0.098481 -0.008682
vn -0.013776 0.098481 -0.010571
vn -0.012279 0.098481 -0.012279
vn 0.005616 0.099831 0.001505
vn 0.005372 0.099831 0.002225
vn 0.005035 0.099831 0.002907
vn 0.004613 0.099831 0.003540
vn 0.004111 0.099831 0.004111
vn 0.003540 0.099831 0.004613
vn 0.027703 0.095799 0.007423
vn 0.026497 0.095799 0.010975
vn 0.024838 0.095799 0.014340
vn 0.022754 0.095799 0.017459
vn 0.020280 0.095799 0.020280
vn 0.017459 0.095799 0.022754
vn 0.014340 0.095799 0.024838
vn 0.048296 0.086603 0.012941
vn 0.046194 0.086603 0.019134
vn 0.043301 0.086603 0.025000
vn 0.039668 0.086603 0.030438
vn 0.035355 0.086603 0.035355
vn 0.030438 0.086603 0.039668
vn 0.025000 0.086603 0.043301
vn 0.019134 0.086603 0.046194
vn 0.066286 0.072737 0.017761
vn 0.063400 0.072737 0.026261
vn 0.059430 0.072737 0.034312
vn 0.054443 0.072737 0.041776
vn 0.048525 0.072737 0.048525
vn 0.041776 0.072737 0.054443
vn 0.034312 0.072737 0.059430
vn 0.026261 0.072737 0.063400
vn 0.017761 0.072737 0.066286
vn 0.080702 0.054951 0.021624
vn 0.077189 0.054951 0.031973
vn 0.072355 0.054951 0.041774
vn 0.066284 0.054951 0.050861
vn 0.059078 0.054951 0.059078
vn 0.050861 0.054951 0.066284
vn 0.041774 0.054951 0.072355
vn 0.031973 0.054951 0.077189
vn 0.021624 0.054951 0.080702
vn 0.090767 0.034202 0.024321
vn 0.086816 0.034202 0.035960
vn 0.081380 0.034202 0.046985
vn 0.074551 0.034202 0.057205
vn 0.066446 0.034202 0.066446
vn 0.057205 0.034202 0.074551
vn 0.046985 0.034202 0.081380
vn 0.035960 0.034202 0.086816
vn 0.024321 0.034202 0.090767
vn 0.095939 0.011609 0.025707
vn 0.091763 0.011609 0.038010
vn 0.086017 0.011609 0.049662
vn 0.078799 0.011609 0.060465
vn 0.070233 0.011609 0.070233
vn 0.060465 0.011609 0.078799
vn 0.049662 0.011609 0.086017
vn 0.038010 0.011609 0.091763
vn 0.025707 0.011609 0.095939
vn 0.095939 -0.011609 0.025707
vn 0.091763 -0.011609 0.038010
vn 0.086017 -0.011609 0.049662
vn 0.078799 -0.011609 0.060465
vn 0.070233 -0.011609 0.070233
vn 0.060465 -0.011609 0.078799
vn 0.049662 -0.011609 0.086017
vn 0.038010 -0.011609 0.091763
vn 0.025707 -0.011609 0.095939
vn 0.090767 -0.034202 0.024321
vn 0.086816 -0.034202 0.035960
vn 0.081380 -0.034202 0.046985
vn 0.074551 -0.034202 0.057205
vn 0.066446 -0.034202 0.066446
vn 0.057205 -0.034202 0.074551
vn 0.046985 -0.034202 0.081380
vn 0.035960 -0.034202 0.086816
vn 0.024321 -0.034202 0.090767
vn 0.080702 -0.054951 0.021624
vn 0.077189 -0.054951 0.031973
vn 0.072355 -0.054951 0.041774
vn 0.066284 -0.054951 0.050861
vn 0.059078 -0.054951 0.059078
vn 0.050861 -0.054951 0.066284
vn 0.041774 -0.054951 0.072355
vn 0.031973 -0.054951 0.077189
vn 0.021624 -0.054951 0.080702
vn 0.066286 -0.072737 0.017761
vn 0.063400 -0.072737 0.026261
vn 0.059430 -0.072737 0.034312
vn 0.054443 -0.072737 0.041776
vn 0.048525 -0.072737 0.048525
vn 0.041776 -0.072737 0.054443
vn 0.034312 -0.072737 0.059430
vn 0.026261 -0.072737 0.063400
vn 0.017761 -0.072737 0.066286
vn 0.048296 -0.086603 0.012941
vn 0.046194 -0.086603 0.019134
vn 0.043301 -0.086603 0.025000
vn 0.039668 -0.086603 0.030438
vn 0.035355 -0.086603 0.035355
vn 0.030438 -0.086603 0.039668
vn 0.025000 -0.086603 0.043301
vn 0.019134 -0.086603 0.046194
vn 0.012941 -0.086603 0.048296
vn 0.027703 -0.095799 0.007423
vn 0.026497 -0.095799 0.010975
vn 0.024838 -0.095799 0.014340
vn 0.022754 -0.095799 0.017459
vn 0.020280 -0.095799 0.020280
vn 0.017459 -0.095799 0.022754
vn 0.014340 -0.095799 0.024838
vn 0.010975 -0.095799 0.026497
vn 0.007423 -0.095799 0.027703
vn 0.005616 -0.099831 0.001505
vn 0.005372 -0.099831 0.002225
vn 0.005035 -0.099831 0.002907
vn 0.004613 -0.099831 0.003540
vn 0.004111 -0.099831 0.004111
vn 0.003540 -0.099831 0.004613
vn 0.002907 -0.099831 0.005035
vn 0.002225 -0.099831 0.005372
vn 0.001505 -0.099831 0.005616
vn -0.016773 -0.098481 -0.004494
vn -0.016043 -0.098481 -0.006645
vn -0.015038 -0.098481 -0.008682
vn -0.013776 -0.098481 -0.010571
vn -0.012279 -0.098481 -0.012279
vn -0.010571 -0.098481 -0.013776
vn -0.008682 -0.098481 -0.015038
vn -0.006645 -0.098481 -0.016043
vn -0.004494 -0.098481 -0.016773
vn -0.038258 -0.091822 -0.010251
vn -0.036593 -0.091822 -0.015157
vn -0.034302 -0.091822 -0.019804
vn -0.031423 -0.091822 -0.024112
vn -0.028007 -0.091822 -0.028007
vn -0.024112 -0.091822 -0.031423
vn -0.019804 -0.091822 -0.034302
vn -0.015157 -0.091822 -0.036593
vn -0.010251 -0.091822 -0.038258
vn -0.057681 -0.080212 -0.015456
vn -0.055170 -0.080212 -0.022852
vn -0.051715 -0.080212 -0.029858
vn -0.047376 -0.080212 -0.036353
vn -0.042225 -0.080212 -0.042225
vn -0.036353 -0.080212 -0.047376
vn -0.029858 -0.080212 -0.051715
vn -0.022852 -0.080212 -0.055170
vn -0.015456 -0.080212 -0.057681
vn -0.073994 -0.064279 -0.019827
vn -0.070773 -0.064279 -0.029315
vn -0.066341 -0.064279 -0.038302
vn -0.060774 -0.064279 -0.046634
vn -0.054168 -0.064279 -0.054168
vn -0.046634 -0.064279 -0.060774
vn -0.038302 -0.064279 -0.066341
vn -0.029315 -0.064279 -0.070773
vn -0.019827 -0.064279 -0.073994
vn -0.086318 -0.044880 -0.023129
vn -0.082561 -0.044880 -0.034198
vn -0.077391 -0.044880 -0.044682
vn -0.070897 -0.044880 -0.054401
vn -0.063189 -0.044880 -0.063189
vn -0.054401 -0.044880 -0.070897
vn -0.044682 -0.044880 -0.077391
vn -0.034198 -0.044880 -0.082561
vn -0.023129 -0.044880 -0.086318
vn 0.000000 0.023062 0.097304
vn 0.000000 0.000000 0.100000
vn 0.000000 -0.023062 0.097304
vn 0.000000 -0.044880 0.089363
vn 0.000000 -0.064279 0.076604
vn 0.000000 -0.080212 0.059716
vn 0.000000 -0.091822 0.039608
vn 0.000000 -0.098481 0.017365
vn -0.000000 -0.099831 -0.005814
vn -0.000000 -0.095799 -0.028680
vn -0.000000 -0.086603 -0.050000
vn -0.000000 -0.072737 -0.068624
vn -0.000000 -0.054951 -0.083549
vn -0.000000 -0.034202 -0.093969
vn -0.000000 -0.011609 -0.099324
vn -0.000000 0.011609 -0.099324
vn -0.000000 0.034202 -0.093969
vn -0.000000 0.054951 -0.083549
vn -0.000000 0.072737 -0.068624
vn -0.000000 0.086603 -0.050000
vn -0.000000 0.095799 -0.028680
vn -0.000000 0.099831 -0.005814
vn 0.000000 0.098481 0.017365
vn 0.000000 0.091822 0.039608
vn 0.000000 0.080212 0.059716
vn 0.000000 0.064279 0.076604
vn 0.000000 0.044880 0.089363
vn 0.000000 -0.023062 0.097304
vn 0.000000 -0.023062 0.097304
vn 0.000000 -0.000000 0.100000
vn 0.000000 -0.000000 0.100000
vn 0.000000 0.023062 0.097304
vn 0.000000 0.023062 0.097304
vn 0.000000 0.044880 0.089363
vn 0.000000 0.044880 0.089363
vn 0.000000 0.064279 0.076604
vn 0.000000 0.064279 0.076604
vn 0.000000 0.080212 0.059716
vn 0.000000 0.080212 0.059716
vn 0.000000 0.091822 0.039608
vn 0.000000 0.091822 0.039608
vn 0.000000 0.098481 0.017365
vn 0.000000 0.098481 0.017365
vn -0.000000 0.099831 -0.005814
vn -0.000000 0.099831 -0.005814
vn -0.000000 0.095799 -0.028680
vn -0.000000 0.095799 -0.028680
vn -0.000000 0.086603 -0.050000
vn -0.000000 0.086603 -0.050000
vn -0.000000 0.072737 -0.068624
vn -0.000000 0.072737 -0.068624
vn -0.000000 0.054951 -0.083549
vn -0.000000 0.054951 -0.083549
vn -0.000000 0.034202 -0.093969
vn -0.000000 0.034202 -0.093969
vn -0.000000 0.011609 -0.099324
vn -0.000000 0.011609 -0.099324
vn -0.000000 -0.011609 -0.099324
vn -0.000000 -0.011609 -0.099324
vn -0.000000 -0.034202 -0.093969
vn -0.000000 -0.034202 -0.093969
vn -0.000000 -0.054951 -0.083549
vn -0.000000 -0.054951 -0.083549
vn -0.000000 -0.072737 -0.068624
vn -0.000000 -0.072737 -0.068624
vn -0.000000 -0.086603 -0.050000
vn -0.000000 -0.086603 -0.050000
vn -0.000000 -0.095799 -0.028680
vn -0.000000 -0.095799 -0.028680
vn -0.000000 -0.099831 -0.005814
vn -0.000000 -0.099831 -0.005814
vn 0.000000 -0.098481 0.017365
vn 0.000000 -0.098481 0.017365
vn 0.000000 -0.091822 0.039608
vn 0.000000 -0.091822 0.039608
vn 0.000000 -0.080212 0.059716
vn 0.000000 -0.080212 0.059716
vn 0.000000 -0.064279 0.076604
vn 0.000000 -0.064279 0.076604
vn 0.000000 -0.044880 0.089363
vn 0.000000 -0.044880 0.089363
vn 0.000000 -0.000000 0.100000
vn 0.000000 -0.023062 0.097304
vn 0.000000 -0.044880 0.089363
vn 0.000000 -0.064279 0.076604
vn 0.000000 -0.080212 0.059716
vn 0.000000 -0.091822 0.039608
vn 0.000000 -0.098481 0.017365
vn -0.000000 -0.099831 -0.005814
vn -0.000000 -0.095799 -0.028680
vn -0.000000 -0.086603 -0.050000
vn -0.000000 -0.072737 -0.068624
vn -0.000000 -0.054951 -0.083549
vn -0.000000 -0.034202 -0.093969
vn -0.000000 -0.011609 -0.099324
vn -0.000000 0.011609 -0.099324
vn -0.000000 0.034202 -0.093969
vn -0.000000 0.054951 -0.083549
vn -0.000000 0.072737 -0.068624
vn -0.000000 0.086603 -0.050000
vn -0.000000 0.095799 -0.028680
vn -0.000000 0.099831 -0.005814
vn 0.000000 0.098481 0.017365
vn 0.000000 0.091822 0.039608
vn 0.000000 0.080212 0.059716
vn 0.000000 0.064279 0.076604
vn 0.000000 0.044880 0.089363
vn 0.000000 0.023062 0.097304
vn 0.000000 -0.000000 0.100000
vn 0.000000 -0.023062 0.097304
vn 0.000000 -0.044880 0.089363
vn 0.000000 -0.064279 0.076604
vn 0.000000 -0.080212 0.059716
vn 0.000000 -0.091822 0.039608
vn 0.000000 -0.098481 0.017365
vn -0.000000 -0.099831 -0.005814
vn -0.000000 -0.095799 -0.028680
vn -0.000000 -0.086603 -0.050000
vn -0.000000 -0.072737 -0.068624
vn -0.000000 -0.054951 -0.083549
vn -0.000000 -0.034202 -0.093969
vn -0.000000 -0.011609 -0.099324
vn -0.000000 0.011609 -0.099324
vn -0.000000 0.034202 -0.093969
vn -0.000000 0.054951 -0.083549
vn -0.000000 0.072737 -0.068624
vn -0.000000 0.086603 -0.050000
vn -0.000000 0.095799 -0.028680
vn -0.000000 0.099831 -0.005814
vn 0.000000 0.098481 0.017365
vn 0.000000 0.091822 0.039608
vn 0.000000 0.080212 0.059716
vn 0.000000 0.064279 0.076604
vn 0.000000 0.044880 0.089363
vn 0.000000 0.023062 0.097304
vn 0.000000 -0.000000 0.100000
vn 0.000000 -0.023062 0.097304
vn 0.000000 -0.044880 0.089363
vn 0.000000 -0.064279 0.076604
vn 0.000000 -0.080212 0.059716
vn 0.000000 -0.091822 0.039608
vn 0.000000 -0.098481 0.017365
vn -0.000000 -0.099831 -0.005814
vn -0.000000 -0.095799 -0.028680
vn -0.000000 -0.086603 -0.050000
vn -0.000000 -0.072737 -0.068624
vn -0.000000 -0.054951 -0.083549
vn -0.000000 -0.034202 -0.093969
vn -0.000000 -0.011609 -0.099324
vn -0.000000 0.011609 -0.099324
vn -0.000000 0.034202 -0.093969
vn -0.000000 0.054951 -0.083549
vn -0.000000 0.072737 -0.068624
vn -0.000000 0.086603 -0.050000
vn -0.000000 0.095799 -0.028680
vn -0.000000 0.099831 -0.005814
vn 0.000000 0.098481 0.017365
vn 0.000000 0.091822 0.039608
vn 0.000000 0.080212 0.059716
vn 0.000000 0.064279 0.076604
vn 0.000000 0.044880 0.089363
vn 0.000000 0.023062 0.097304
vn 0.000000 -0.000000 0.100000
vn 0.000000 -0.023062 0.097304
vn 0.000000 -0.044880 0.089363
vn 0.000000 -0.064279 0.076604
vn 0.000000 -0.080212 0.059716
vn 0.000000 -0.091822 0.039608
vn 0.000000 -0.098481 0.017365
vn -0.000000 -0.099831 -0.005814
vn -0.000000 -0.095799 -0.028680
vn -0.000000 -0.086603 -0.050000
vn -0.000000 -0.072737 -0.068624
vn -0.000000 -0.054951 -0.083549
vn -0.000000 -0.034202 -0.093969
vn -0.000000 -0.011609 -0.099324
vn -0.000000 0.011609 -0.099324
vn -0.000000 0.034202 -0.093969
vn -0.000000 0.054951 -0.083549
vn -0.000000 0.072737 -0.068624
vn -0.000000 0.086603 -0.050000
vn -0.000000 0.095799 -0.028680
vn -0.000000 0.099831 -0.005814
vn 0.000000 0.098481 0.017365
vn 0.000000 0.091822 0.039608
vn 0.000000 0.080212 0.059716
vn 0.000000 0.064279 0.076604
vn 0.000000 0.044880 0.089363
vn 0.000000 0.023062 0.097304
vn 0.000000 -0.000000 0.100000
vn 0.000000 -0.023062 0.097304
vn 0.000000 -0.044880 0.089363
vn 0.000000 -0.064279 0.076604
vn 0.000000 -0.080212 0.059716
vn 0.000000 -0.091822 0.039608
vn 0.000000 -0.098481 0.017365
vn -0.000000 -0.099831 -0.005814
vn -0.000000 -0.095799 -0.028680
vn -0.000000 -0.086603 -0.050000
vn -0.000000 -0.072737 -0.068624
vn -0.000000 -0.054951 -0.083549
vn -0.000000 -0.034202 -0.093969
vn -0.000000 -0.011609 -0.099324
vn -0.000000 0.011609 -0.099324
vn -0.000000 0.034202 -0.093969
vn -0.000000 0.054951 -0.083549
vn -0.000000 0.072737 -0.068624
vn -0.000000 0.086603 -0.050000
vn -0.000000 0.095799 -0.028680
vn -0.000000 0.099831 -0.005814
vn 0.000000 0.098481 0.017365
vn 0.000000 0.091822 0.039608
vn 0.000000 0.080212 0.059716
vn 0.000000 0.064279 0.076604
vn 0.000000 0.044880 0.089363
vn 0.000000 0.023062 0.097304
vn 0.000000 -0.000000 0.100000
vn 0.000000 -0.023062 0.097304
vn 0.000000 -0.044880 0.089363
vn 0.000000 -0.064279 0.076604
vn 0.000000 -0.080212 0.059716
vn 0.000000 -0.091822 0.039608
vn 0.000000 -0.098481 0.017365
vn -0.000000 -0.099831 -0.005814
vn -0.000000 -0.095799 -0.028680
vn -0.000000 -0.086603 -0.050000
vn -0.000000 -0.072737 -0.068624
vn -0.000000 -0.054951 -0.083549
vn -0.000000 -0.034202 -0.093969
vn -0.000000 -0.011609 -0.099324
vn -0.000000 0.011609 -0.099324
vn -0.000000 0.034202 -0.093969
vn -0.000000 0.054951 -0.083549
vn -0.000000 0.072737 -0.068624
vn -0.000000 0.086603 -0.050000
vn -0.000000 0.095799 -0.028680
vn -0.000000 0.099831 -0.005814
vn 0.000000 0.098481 0.017365
vn 0.000000 0.091822 0.039608
vn 0.000000 0.080212 0.059716
vn 0.000000 0.064279 0.076604
vn 0.000000 0.044880 0.089363
vn 0.000000 0.023062 0.097304
vn 0.000000 -0.000000 0.100000
vn 0.000000 -0.023062 0.097304
vn 0.000000 -0.044880 0.089363
vn 0.000000 -0.064279 0.076604
vn 0.000000 -0.080212 0.059716
vn 0.000000 -0.091822 0.039608
vn 0.000000 -0.098481 0.017365
vn -0.000000 -0.099831 -0.005814
vn -0.000000 -0.095799 -0.028680
vn -0.000000 -0.086603 -0.050000
vn -0.000000 -0.072737 -0.068624
vn -0.000000 -0.054951 -0.083549
vn -0.000000 -0.034202 -0.093969
vn -0.000000 -0.011609 -0.099324
vn -0.000000 0.011609 -0.099324
vn -0.000000 0.034202 -0.093969
vn -0.000000 0.054951 -0.083549
vn -0.000000 0.072737 -0.068624
vn -0.000000 0.086603 -0.050000
vn -0.000000 0.095799 -0.028680
vn -0.000000 0.099831 -0.005814
vn 0.000000 0.098481 0.017365
vn 0.000000 0.091822 0.039608
vn 0.000000 0.080212 0.059716
vn 0.000000 0.064279 0.076604
vn 0.000000 0.044880 0.089363
vn 0.000000 0.023062 0.097304
vn -0.012964 0.011609 0.098474
vn -0.012964 -0.011609 0.098474
vn -0.012265 -0.034202 0.093165
vn -0.010905 -0.054951 0.082834
vn -0.008957 -0.072737 0.068037
vn -0.006526 -0.086603 0.049572
vn -0.003744 -0.095799 0.028435
vn -0.000759 -0.099831 0.005765
vn 0.002267 -0.098481 -0.017216
vn 0.005170 -0.091822 -0.039269
vn 0.007794 -0.080212 -0.059205
vn 0.009999 -0.064279 -0.075949
vn 0.011664 -0.044880 -0.088599
vn 0.012701 -0.023062 -0.096472
vn 0.013053 -0.000000 -0.099144
vn 0.012701 0.023062 -0.096472
vn 0.011664 0.044880 -0.088599
vn 0.009999 0.064279 -0.075949
vn 0.007794 0.080212 -0.059205
vn 0.005170 0.091822 -0.039269
vn 0.002267 0.098481 -0.017216
vn -0.000759 0.099831 0.005765
vn -0.003744 0.095799 0.028435
vn -0.006526 0.086603 0.049572
vn -0.008957 0.072737 0.068037
vn -0.010905 0.054951 0.082834
vn -0.012265 0.034202 0.093165
vn -0.098474 -0.011609 0.012964
vn -0.098474 0.011609 0.012964
vn -0.093165 0.034202 0.012265
vn -0.082834 0.054951 0.010905
vn -0.068037 0.072737 0.008957
vn -0.049572 0.086603 0.006526
vn -0.028435 0.095799 0.003744
vn -0.005765 0.099831 0.000759
vn 0.017216 0.098481 -0.002267
vn 0.039269 0.091822 -0.005170
vn 0.059205 0.080212 -0.007794
vn 0.075949 0.064279 -0.009999
vn 0.088599 0.044880 -0.011664
vn 0.096472 0.023062 -0.012701
vn 0.099144 0.000000 -0.013053
vn 0.096472 -0.023062 -0.012701
vn 0.088599 -0.044880 -0.011664
vn 0.075949 -0.064279 -0.009999
vn 0.059205 -0.080212 -0.007794
vn 0.039269 -0.091822 -0.005170
vn 0.017216 -0.098481 -0.002267
vn -0.005765 -0.099831 0.000759
vn -0.028435 -0.095799 0.003744
vn -0.049572 -0.086603 0.006526
vn -0.068037 -0.072737 0.008957
vn -0.082834 -0.054951 0.010905
vn -0.093165 -0.034202 0.012265
vn 0.025882 0.000000 -0.096593
vn 0.025184 0.023062 -0.093989
vn 0.037237 0.023062 -0.089898
vn 0.034198 0.044880 -0.082561
vn 0.044682 0.044880 -0.077391
vn 0.038302 0.064279 -0.066341
vn 0.046634 0.064279 -0.060774
vn 0.036353 0.080212 -0.047376
vn 0.042225 0.080212 -0.042225
vn 0.028007 0.091822 -0.028007
vn 0.031423 0.091822 -0.024112
vn 0.013776 0.098481 -0.010571
vn 0.015038 0.098481 -0.008682
vn -0.005035 0.099831 0.002907
vn -0.005372 0.099831 0.002225
vn -0.026497 0.095799 0.010975
vn -0.027703 0.095799 0.007423
vn -0.048296 0.086603 0.012941
vn 0.038268 0.000000 -0.092388
vn 0.048652 0.023062 -0.084268
vn 0.054401 0.044880 -0.070897
vn 0.054168 0.064279 -0.054168
vn 0.047376 0.080212 -0.036353
vn 0.034302 0.091822 -0.019804
vn 0.016043 0.098481 -0.006645
vn -0.005616 0.099831 0.001505
vn 0.025184 -0.023062 -0.093989
vn 0.037237 -0.023062 -0.089898
vn 0.050000 -0.000000 -0.086603
vn 0.048652 -0.023062 -0.084268
vn 0.060876 -0.000000 -0.079335
vn 0.059235 -0.023062 -0.077197
vn 0.070711 -0.000000 -0.070711
vn 0.068805 -0.023062 -0.068805
vn 0.079335 -0.000000 -0.060876
vn 0.077197 -0.023062 -0.059235
vn 0.086603 -0.000000 -0.050000
vn 0.084268 -0.023062 -0.048652
vn 0.092388 -0.000000 -0.038268
vn 0.089898 -0.023062 -0.037237
vn 0.096593 -0.000000 -0.025882
vn 0.093989 -0.023062 -0.025184
vn 0.059235 0.023062 -0.077197
vn 0.063189 0.044880 -0.063189
vn 0.060774 0.064279 -0.046634
vn 0.051715 0.080212 -0.029858
vn 0.036593 0.091822 -0.015157
vn 0.016773 0.098481 -0.004494
vn 0.068805 0.023062 -0.068805
vn 0.070897 0.044880 -0.054401
vn 0.066341 0.064279 -0.038302
vn 0.055170 0.080212 -0.022852
vn 0.038258 0.091822 -0.010251
vn 0.077197 0.023062 -0.059235
vn 0.077391 0.044880 -0.044682
vn 0.070773 0.064279 -0.029315
vn 0.057681 0.080212 -0.015456
vn 0.084268 0.023062 -0.048652
vn 0.082561 0.044880 -0.034198
vn 0.073994 0.064279 -0.019827
vn 0.089898 0.023062 -0.037237
vn 0.086318 0.044880 -0.023129
vn 0.093989 0.023062 -0.025184
vn 0.023129 0.044880 -0.086318
vn 0.019827 0.064279 -0.073994
vn 0.029315 0.064279 -0.070773
vn 0.015456 0.080212 -0.057681
vn 0.022852 0.080212 -0.055170
vn 0.029858 0.080212 -0.051715
vn 0.010251 0.091822 -0.038258
vn 0.015157 0.091822 -0.036593
vn 0.019804 0.091822 -0.034302
vn 0.024112 0.091822 -0.031423
vn 0.004494 0.098481 -0.016773
vn 0.006645 0.098481 -0.016043
vn 0.008682 0.098481 -0.015038
vn 0.010571 0.098481 -0.013776
vn 0.012279 0.098481 -0.012279
vn -0.001505 0.099831 0.005616
vn -0.002225 0.099831 0.005372
vn -0.002907 0.099831 0.005035
vn -0.003540 0.099831 0.004613
vn -0.004111 0.099831 0.004111
vn -0.004613 0.099831 0.003540
vn -0.007423 0.095799 0.027703
vn -0.010975 0.095799 0.026497
vn -0.014340 0.095799 0.024838
vn -0.017459 0.095799 0.022754
vn -0.020280 0.095799 0.020280
vn -0.022754 0.095799 0.017459
vn -0.024838 0.095799 0.014340
vn -0.012941 0.086603 0.048296
vn -0.019134 0.086603 0.046194
vn -0.025000 0.086603 0.043301
vn -0.030438 0.086603 0.039668
vn -0.035355 0.086603 0.035355
vn -0.039668 0.086603 0.030438
vn -0.043301 0.086603 0.025000
vn -0.046194 0.086603 0.019134
vn -0.017761 0.072737 0.066286
vn -0.026261 0.072737 0.063400
vn -0.034312 0.072737 0.059430
vn -0.041776 0.072737 0.054443
vn -0.048525 0.072737 0.048525
vn -0.054443 0.072737 0.041776
vn -0.059430 0.072737 0.034312
vn -0.063400 0.072737 0.026261
vn -0.066286 0.072737 0.017761
vn -0.021624 0.054951 0.080702
vn -0.031973 0.054951 0.077189
vn -0.041774 0.054951 0.072355
vn -0.050861 0.054951 0.066284
vn -0.059078 0.054951 0.059078
vn -0.066284 0.054951 0.050861
vn -0.072355 0.054951 0.041774
vn -0.077189 0.054951 0.031973
vn -0.080702 0.054951 0.021624
vn -0.024321 0.034202 0.090767
vn -0.035960 0.034202 0.086816
vn -0.046985 0.034202 0.081380
vn -0.057205 0.034202 0.074551
vn -0.066446 0.034202 0.066446
vn -0.074551 0.034202 0.057205
vn -0.081380 0.034202 0.046985
vn -0.086816 0.034202 0.035960
vn -0.090767 0.034202 0.024321
vn -0.025707 0.011609 0.095939
vn -0.038010 0.011609 0.091763
vn -0.049662 0.011609 0.086017
vn -0.060465 0.011609 0.078799
vn -0.070233 0.011609 0.070233
vn -0.078799 0.011609 0.060465
vn -0.086017 0.011609 0.049662
vn -0.091763 0.011609 0.038010
vn -0.095939 0.011609 0.025707
vn -0.025707 -0.011609 0.095939
vn -0.038010 -0.011609 0.091763
vn -0.049662 -0.011609 0.086017
vn -0.060465 -0.011609 0.078799
vn -0.070233 -0.011609 0.070233
vn -0.078799 -0.011609 0.060465
vn -0.086017 -0.011609 0.049662
vn -0.091763 -0.011609 0.038010
vn -0.095939 -0.011609 0.025707
vn -0.024321 -0.034202 0.090767
vn -0.035960 -0.034202 0.086816
vn -0.046985 -0.034202 0.081380
vn -0.057205 -0.034202 0.074551
vn -0.066446 -0.034202 0.066446
vn -0.074551 -0.034202 0.057205
vn -0.081380 -0.034202 0.046985
vn -0.086816 -0.034202 0.035960
vn -0.090767 -0.034202 0.024321
vn -0.021624 -0.054951 0.080702
vn -0.031973 -0.054951 0.077189
vn -0.041774 -0.054951 0.072355
vn -0.050861 -0.054951 0.066284
vn -0.059078 -0.054951 0.059078
vn -0.066284 -0.054951 0.050861
vn -0.072355 -0.054951 0.041774
vn -0.077189 -0.054951 0.031973
vn -0.080702 -0.054951 0.021624
vn -0.017761 -0.072737 0.066286
vn -0.026261 -0.072737 0.063400
vn -0.034312 -0.072737 0.059430
vn -0.041776 -0.072737 0.054443
vn -0.048525 -0.072737 0.048525
vn -0.054443 -0.072737 0.041776
vn -0.059430 -0.072737 0.034312
vn -0.063400 -0.072737 0.026261
vn -0.066286 -0.072737 0.017761
vn -0.012941 -0.086603 0.048296
vn -0.019134 -0.086603 0.046194
vn -0.025000 -0.086603 0.043301
vn -0.030438 -0.086603 0.039668
vn -0.035355 -0.086603 0.035355
vn -0.039668 -0.086603 0.030438
vn -0.043301 -0.086603 0.025000
vn -0.046194 -0.086603 0.019134
vn -0.048296 -0.086603 0.012941
vn -0.007423 -0.095799 0.027703
vn -0.010975 -0.095799 0.026497
vn -0.014340 -0.095799 0.024838
vn -0.017459 -0.095799 0.022754
vn -0.020280 -0.095799 0.020280
vn -0.022754 -0.095799 0.017459
vn -0.024838 -0.095799 0.014340
vn -0.026497 -0.095799 0.010975
vn -0.027703 -0.095799 0.007423
vn -0.001505 -0.099831 0.005616
vn -0.002225 -0.099831 0.005372
vn -0.002907 -0.099831 0.005035
vn -0.003540 -0.099831 0.004613
vn -0.004111 -0.099831 0.004111
vn -0.004613 -0.099831 0.003540
vn -0.005035 -0.099831 0.002907
vn -0.005372 -0.099831 0.002225
vn -0.005616 -0.099831 0.001505
vn 0.004494 -0.098481 -0.016773
vn 0.006645 -0.098481 -0.016043
vn 0.008682 -0.098481 -0.015038
vn 0.010571 -0.098481 -0.013776
vn 0.012279 -0.098481 -0.012279
vn 0.013776 -0.098481 -0.010571
vn 0.015038 -0.098481 -0.008682
vn 0.016043 -0.098481 -0.006645
vn 0.016773 -0.098481 -0.004494
vn 0.010251 -0.091822 -0.038258
vn 0.015157 -0.091822 -0.036593
vn 0.019804 -0.091822 -0.034302
vn 0.024112 -0.091822 -0.031423
vn 0.028007 -0.091822 -0.028007
vn 0.031423 -0.091822 -0.024112
vn 0.034302 -0.091822 -0.019804
vn 0.036593 -0.091822 -0.015157
vn 0.038258 -0.091822 -0.010251
vn 0.015456 -0.080212 -0.057681
vn 0.022852 -0.080212 -0.055170
vn 0.029858 -0.080212 -0.051715
vn 0.036353 -0.080212 -0.047376
vn 0.042225 -0.080212 -0.042225
vn 0.047376 -0.080212 -0.036353
vn 0.051715 -0.080212 -0.029858
vn 0.055170 -0.080212 -0.022852
vn 0.057681 -0.080212 -0.015456
vn 0.019827 -0.064279 -0.073994
vn 0.029315 -0.064279 -0.070773
vn 0.038302 -0.064279 -0.066341
vn 0.046634 -0.064279 -0.060774
vn 0.054168 -0.064279 -0.054168
vn 0.060774 -0.064279 -0.046634
vn 0.066341 -0.064279 -0.038302
vn 0.070773 -0.064279 -0.029315
vn 0.073994 -0.064279 -0.019827
vn 0.023129 -0.044880 -0.086318
vn 0.034198 -0.044880 -0.082561
vn 0.044682 -0.044880 -0.077391
vn 0.054401 -0.044880 -0.070897
vn 0.063189 -0.044880 -0.063189
vn 0.070897 -0.044880 -0.054401
vn 0.077391 -0.044880 -0.044682
vn 0.082561 -0.044880 -0.034198
vn 0.086318 -0.044880 -0.023129
usemtl Aluminum_-_Satin
f 2/1/1 57/2/2 1/3/3
f 1/3/3 57/2/2 52/4/4
f 1/5/3 52/6/4 27/7/5
f 27/7/5 52/6/4 182/8/6
f 27/7/5 182/8/6 26/9/7
f 26/9/7 182/8/6 177/10/8
f 26/9/7 177/10/8 25/11/9
f 25/11/9 177/10/8 172/12/10
f 25/11/9 172/12/10 24/13/11
f 24/13/11 172/12/10 167/14/12
f 24/13/11 167/14/12 23/15/13
f 23/15/13 167/14/12 162/16/14
f 23/15/13 162/16/14 22/17/15
f 22/17/15 162/16/14 157/18/16
f 22/17/15 157/18/16 21/19/17
f 21/19/17 157/18/16 152/20/18
f 21/19/17 152/20/18 20/21/19
f 20/21/19 152/20/18 147/22/20
f 20/21/19 147/22/20 19/23/21
f 19/23/21 147/22/20 142/24/22
f 19/23/21 142/24/22 18/25/23
f 18/25/23 142/24/22 137/26/24
f 18/25/23 137/26/24 17/27/25
f 17/27/25 137/26/24 132/28/26
f 17/27/25 132/28/26 16/29/27
f 16/29/27 132/28/26 127/30/28
f 16/29/27 127/30/28 15/31/29
f 15/31/29 127/30/28 122/32/30
f 15/31/29 122/32/30 14/33/31
f 14/33/31 122/32/30 117/34/32
f 14/33/31 117/34/32 13/35/33
f 13/35/33 117/34/32 112/36/34
f 13/35/33 112/36/34 12/37/35
f 12/37/35 112/36/34 107/38/36
f 12/37/35 107/38/36 11/39/37
f 11/39/37 107/38/36 102/40/38
f 11/39/37 102/40/38 10/41/39
f 10/41/39 102/40/38 97/42/40
f 10/41/39 97/42/40 9/43/41
f 9/43/41 97/42/40 92/44/42
f 9/43/41 92/44/42 8/45/43
f 8/45/43 92/44/42 87/46/44
f 8/45/43 87/46/44 7/47/45
f 7/47/45 87/46/44 82/48/46
f 7/47/45 82/48/46 6/49/47
f 6/49/47 82/48/46 77/50/48
f 6/49/47 77/50/48 5/51/49
f 5/51/49 77/50/48 72/52/50
f 5/51/49 72/52/50 4/53/51
f 4/53/51 72/52/50 67/54/52
f 4/53/51 67/54/52 3/55/53
f 3/55/53 67/54/52 62/56/54
f 3/55/53 62/56/54 2/1/1
f 2/1/1 62/56/54 57/2/2
f 29/57/55 186/58/56 28/59/57
f 28/59/57 186/58/56 56/60/58
f 28/61/57 56/62/58 61/63/59
f 61/63/59 56/62/58 55/64/60
f 61/63/59 55/64/60 60/65/61
f 60/65/61 55/64/60 54/66/62
f 60/65/61 54/66/62 59/67/63
f 59/67/63 54/66/62 53/68/64
f 59/67/63 53/68/64 58/69/65
f 58/69/65 53/68/64 52/4/4
f 58/69/65 52/4/4 57/2/2
f 186/58/56 29/57/55 181/70/66
f 181/70/66 29/57/55 30/71/67
f 181/70/66 30/71/67 176/72/68
f 176/72/68 30/71/67 31/73/69
f 176/72/68 31/73/69 171/74/70
f 171/74/70 31/73/69 32/75/71
f 171/74/70 32/75/71 166/76/72
f 166/76/72 32/75/71 33/77/73
f 166/76/72 33/77/73 161/78/74
f 161/78/74 33/77/73 34/79/75
f 161/78/74 34/79/75 156/80/76
f 156/80/76 34/79/75 35/81/77
f 156/80/76 35/81/77 151/82/78
f 151/82/78 35/81/77 36/83/79
f 151/82/78 36/83/79 146/84/80
f 146/84/80 36/83/79 141/85/81
f 146/84/80 141/85/81 140/86/82
f 140/86/82 141/85/81 135/87/83
f 140/86/82 135/87/83 134/88/84
f 134/88/84 135/87/83 129/89/85
f 134/88/84 129/89/85 128/90/86
f 128/90/86 129/89/85 123/91/87
f 128/90/86 123/91/87 122/32/30
f 122/32/30 123/91/87 117/34/32
f 36/83/79 37/92/88 141/85/81
f 141/85/81 37/92/88 136/93/89
f 141/85/81 136/93/89 135/87/83
f 135/87/83 136/93/89 130/94/90
f 135/87/83 130/94/90 129/89/85
f 129/89/85 130/94/90 124/95/91
f 129/89/85 124/95/91 123/91/87
f 123/91/87 124/95/91 118/96/92
f 123/91/87 118/96/92 117/34/32
f 117/34/32 118/96/92 112/36/34
f 37/92/88 38/97/93 136/93/89
f 136/93/89 38/97/93 131/98/94
f 136/93/89 131/98/94 130/94/90
f 130/94/90 131/98/94 125/99/95
f 130/94/90 125/99/95 124/95/91
f 124/95/91 125/99/95 119/100/96
f 124/95/91 119/100/96 118/96/92
f 118/96/92 119/100/96 113/101/97
f 118/96/92 113/101/97 112/36/34
f 112/36/34 113/101/97 107/38/36
f 38/97/93 39/102/98 131/98/94
f 131/98/94 39/102/98 126/103/99
f 131/98/94 126/103/99 125/99/95
f 125/99/95 126/103/99 120/104/100
f 125/99/95 120/104/100 119/100/96
f 119/100/96 120/104/100 114/105/101
f 119/100/96 114/105/101 113/101/97
f 113/101/97 114/105/101 108/106/102
f 113/101/97 108/106/102 107/38/36
f 107/38/36 108/106/102 102/40/38
f 39/102/98 40/107/103 126/103/99
f 126/103/99 40/107/103 121/108/104
f 126/103/99 121/108/104 120/104/100
f 120/104/100 121/108/104 115/109/105
f 120/104/100 115/109/105 114/105/101
f 114/105/101 115/109/105 109/110/106
f 114/105/101 109/110/106 108/106/102
f 108/106/102 109/110/106 103/111/107
f 108/106/102 103/111/107 102/40/38
f 102/40/38 103/111/107 97/42/40
f 40/107/103 41/112/108 121/108/104
f 121/108/104 41/112/108 116/113/109
f 121/108/104 116/113/109 115/109/105
f 115/109/105 116/113/109 110/114/110
f 115/109/105 110/114/110 109/110/106
f 109/110/106 110/114/110 104/115/111
f 109/110/106 104/115/111 103/111/107
f 103/111/107 104/115/111 98/116/112
f 103/111/107 98/116/112 97/42/40
f 97/42/40 98/116/112 92/44/42
f 41/112/108 42/117/113 116/113/109
f 116/113/109 42/117/113 111/118/114
f 116/113/109 111/118/114 110/114/110
f 110/114/110 111/118/114 105/119/115
f 110/114/110 105/119/115 104/115/111
f 104/115/111 105/119/115 99/120/116
f 104/115/111 99/120/116 98/116/112
f 98/116/112 99/120/116 93/121/117
f 98/116/112 93/121/117 92/44/42
f 92/44/42 93/121/117 87/46/44
f 42/117/113 43/122/118 111/118/114
f 111/118/114 43/122/118 106/123/119
f 111/118/114 106/123/119 105/119/115
f 105/119/115 106/123/119 100/124/120
f 105/119/115 100/124/120 99/120/116
f 99/120/116 100/124/120 94/125/121
f 99/120/116 94/125/121 93/121/117
f 93/121/117 94/125/121 88/126/122
f 93/121/117 88/126/122 87/46/44
f 87/46/44 88/126/122 82/48/46
f 43/122/118 44/127/123 106/123/119
f 106/123/119 44/127/123 101/128/124
f 106/123/119 101/128/124 100/124/120
f 100/124/120 101/128/124 95/129/125
f 100/124/120 95/129/125 94/125/121
f 94/125/121 95/129/125 89/130/126
f 94/125/121 89/130/126 88/126/122
f 88/126/122 89/130/126 83/131/127
f 88/126/122 83/131/127 82/48/46
f 82/48/46 83/131/127 77/50/48
f 101/128/124 44/127/123 96/132/128
f 96/132/128 44/127/123 45/133/129
f 96/132/128 45/133/129 91/134/130
f 91/134/130 45/133/129 46/135/131
f 91/134/130 46/135/131 86/136/132
f 86/136/132 46/135/131 47/137/133
f 86/136/132 47/137/133 81/138/134
f 81/138/134 47/137/133 48/139/135
f 81/138/134 48/139/135 76/140/136
f 76/140/136 48/139/135 49/141/137
f 76/140/136 49/141/137 71/142/138
f 71/142/138 49/141/137 50/143/139
f 71/142/138 50/143/139 66/144/140
f 66/144/140 50/143/139 51/145/141
f 66/144/140 51/145/141 61/63/59
f 61/63/59 51/145/141 28/61/57
f 52/6/4 53/146/64 182/8/6
f 182/8/6 53/146/64 183/147/142
f 182/8/6 183/147/142 177/10/8
f 177/10/8 183/147/142 178/148/143
f 177/10/8 178/148/143 172/12/10
f 172/12/10 178/148/143 173/149/144
f 172/12/10 173/149/144 167/14/12
f 167/14/12 173/149/144 168/150/145
f 167/14/12 168/150/145 162/16/14
f 162/16/14 168/150/145 163/151/146
f 162/16/14 163/151/146 157/18/16
f 157/18/16 163/151/146 158/152/147
f 157/18/16 158/152/147 152/20/18
f 152/20/18 158/152/147 153/153/148
f 152/20/18 153/153/148 147/22/20
f 147/22/20 153/153/148 148/154/149
f 147/22/20 148/154/149 142/24/22
f 142/24/22 148/154/149 143/155/150
f 142/24/22 143/155/150 137/26/24
f 137/26/24 143/155/150 138/156/151
f 137/26/24 138/156/151 132/28/26
f 132/28/26 138/156/151 133/157/152
f 132/28/26 133/157/152 127/30/28
f 127/30/28 133/157/152 128/90/86
f 127/30/28 128/90/86 122/32/30
f 53/146/64 54/158/62 183/147/142
f 183/147/142 54/158/62 184/159/153
f 183/147/142 184/159/153 178/148/143
f 178/148/143 184/159/153 179/160/154
f 178/148/143 179/160/154 173/149/144
f 173/149/144 179/160/154 174/161/155
f 173/149/144 174/161/155 168/150/145
f 168/150/145 174/161/155 169/162/156
f 168/150/145 169/162/156 163/151/146
f 163/151/146 169/162/156 164/163/157
f 163/151/146 164/163/157 158/152/147
f 158/152/147 164/163/157 159/164/158
f 158/152/147 159/164/158 153/153/148
f 153/153/148 159/164/158 154/165/159
f 153/153/148 154/165/159 148/154/149
f 148/154/149 154/165/159 149/166/160
f 148/154/149 149/166/160 143/155/150
f 143/155/150 149/166/160 144/167/161
f 143/155/150 144/167/161 138/156/151
f 138/156/151 144/167/161 139/168/162
f 138/156/151 139/168/162 133/157/152
f 133/157/152 139/168/162 134/88/84
f 133/157/152 134/88/84 128/90/86
f 54/158/62 55/169/60 184/159/153
f 184/159/153 55/169/60 185/170/163
f 184/159/153 185/170/163 179/160/154
f 179/160/154 185/170/163 180/171/164
f 179/160/154 180/171/164 174/161/155
f 174/161/155 180/171/164 175/172/165
f 174/161/155 175/172/165 169/162/156
f 169/162/156 175/172/165 170/173/166
f 169/162/156 170/173/166 164/163/157
f 164/163/157 170/173/166 165/174/167
f 164/163/157 165/174/167 159/164/158
f 159/164/158 165/174/167 160/175/168
f 159/164/158 160/175/168 154/165/159
f 154/165/159 160/175/168 155/176/169
f 154/165/159 155/176/169 149/166/160
f 149/166/160 155/176/169 150/177/170
f 149/166/160 150/177/170 144/167/161
f 144/167/161 150/177/170 145/178/171
f 144/167/161 145/178/171 139/168/162
f 139/168/162 145/178/171 140/86/82
f 139/168/162 140/86/82 134/88/84
f 55/169/60 56/60/58 185/170/163
f 185/170/163 56/60/58 186/58/56
f 185/170/163 186/58/56 180/171/164
f 180/171/164 186/58/56 181/70/66
f 180/171/164 181/70/66 175/172/165
f 175/172/165 181/70/66 176/72/68
f 175/172/165 176/72/68 170/173/166
f 170/173/166 176/72/68 171/74/70
f 170/173/166 171/74/70 165/174/167
f 165/174/167 171/74/70 166/76/72
f 165/174/167 166/76/72 160/175/168
f 160/175/168 166/76/72 161/78/74
f 160/175/168 161/78/74 155/176/169
f 155/176/169 161/78/74 156/80/76
f 155/176/169 156/80/76 150/177/170
f 150/177/170 156/80/76 151/82/78
f 150/177/170 151/82/78 145/178/171
f 145/178/171 151/82/78 146/84/80
f 145/178/171 146/84/80 140/86/82
f 58/69/65 57/2/2 63/179/172
f 63/179/172 57/2/2 62/56/54
f 63/179/172 62/56/54 68/180/173
f 68/180/173 62/56/54 67/54/52
f 68/180/173 67/54/52 73/181/174
f 73/181/174 67/54/52 72/52/50
f 73/181/174 72/52/50 78/182/175
f 78/182/175 72/52/50 77/50/48
f 78/182/175 77/50/48 83/131/127
f 59/67/63 58/69/65 64/183/176
f 64/183/176 58/69/65 63/179/172
f 64/183/176 63/179/172 69/184/177
f 69/184/177 63/179/172 68/180/173
f 69/184/177 68/180/173 74/185/178
f 74/185/178 68/180/173 73/181/174
f 74/185/178 73/181/174 79/186/179
f 79/186/179 73/181/174 78/182/175
f 79/186/179 78/182/175 84/187/180
f 84/187/180 78/182/175 83/131/127
f 84/187/180 83/131/127 89/130/126
f 66/144/140 61/63/59 60/65/61
f 60/65/61 59/67/63 65/188/181
f 65/188/181 59/67/63 64/183/176
f 65/188/181 64/183/176 70/189/182
f 70/189/182 64/183/176 69/184/177
f 70/189/182 69/184/177 75/190/183
f 75/190/183 69/184/177 74/185/178
f 75/190/183 74/185/178 80/191/184
f 80/191/184 74/185/178 79/186/179
f 80/191/184 79/186/179 85/192/185
f 85/192/185 79/186/179 84/187/180
f 85/192/185 84/187/180 90/193/186
f 90/193/186 84/187/180 89/130/126
f 90/193/186 89/130/126 95/129/125
f 71/142/138 66/144/140 65/188/181
f 65/188/181 66/144/140 60/65/61
f 71/142/138 65/188/181 70/189/182
f 76/140/136 71/142/138 70/189/182
f 76/140/136 70/189/182 75/190/183
f 81/138/134 76/140/136 75/190/183
f 81/138/134 75/190/183 80/191/184
f 86/136/132 81/138/134 80/191/184
f 86/136/132 80/191/184 85/192/185
f 91/134/130 86/136/132 85/192/185
f 91/134/130 85/192/185 90/193/186
f 96/132/128 91/134/130 90/193/186
f 96/132/128 90/193/186 95/129/125
f 101/128/124 96/132/128 95/129/125
f 188/194/187 217/195/188 187/196/189
f 187/196/189 217/195/188 214/197/190
f 187/198/189 214/199/190 213/200/191
f 213/200/191 214/199/190 292/201/192
f 213/200/191 292/201/192 212/202/193
f 212/202/193 292/201/192 289/203/194
f 212/202/193 289/203/194 211/204/195
f 211/204/195 289/203/194 286/205/196
f 211/204/195 286/205/196 210/206/197
f 210/206/197 286/205/196 283/207/198
f 210/206/197 283/207/198 209/208/199
f 209/208/199 283/207/198 280/209/200
f 209/208/199 280/209/200 208/210/201
f 208/210/201 280/209/200 277/211/202
f 208/210/201 277/211/202 207/212/203
f 207/212/203 277/211/202 274/213/204
f 207/212/203 274/213/204 206/214/205
f 206/214/205 274/213/204 271/215/206
f 206/214/205 271/215/206 205/216/207
f 205/216/207 271/215/206 268/217/208
f 205/216/207 268/217/208 204/218/209
f 204/218/209 268/217/208 265/219/210
f 204/218/209 265/219/210 203/220/211
f 203/220/211 265/219/210 262/221/212
f 203/220/211 262/221/212 202/222/213
f 202/222/213 262/221/212 259/223/214
f 202/222/213 259/223/214 201/224/215
f 201/224/215 259/223/214 256/225/216
f 201/224/215 256/225/216 200/226/217
f 200/226/217 256/225/216 253/227/218
f 200/226/217 253/227/218 199/228/219
f 199/228/219 253/227/218 250/229/220
f 199/228/219 250/229/220 198/230/221
f 198/230/221 250/229/220 247/231/222
f 198/230/221 247/231/222 197/232/223
f 197/232/223 247/231/222 244/233/224
f 197/232/223 244/233/224 196/234/225
f 196/234/225 244/233/224 241/235/226
f 196/234/225 241/235/226 195/236/227
f 195/236/227 241/235/226 238/237/228
f 195/236/227 238/237/228 194/238/229
f 194/238/229 238/237/228 235/239/230
f 194/238/229 235/239/230 193/240/231
f 193/240/231 235/239/230 232/241/232
f 193/240/231 232/241/232 192/242/233
f 192/242/233 232/241/232 229/243/234
f 192/242/233 229/243/234 191/244/235
f 191/244/235 229/243/234 226/245/236
f 191/244/235 226/245/236 190/246/237
f 190/246/237 226/245/236 223/247/238
f 190/246/237 223/247/238 189/248/239
f 189/248/239 223/247/238 220/249/240
f 189/248/239 220/249/240 188/194/187
f 188/194/187 220/249/240 217/195/188
f 27/250/5 294/251/241 1/252/3
f 1/252/3 294/251/241 216/253/242
f 1/254/3 216/255/242 2/256/1
f 2/256/1 216/255/242 219/257/243
f 2/256/1 219/257/243 3/258/53
f 3/258/53 219/257/243 222/259/244
f 3/258/53 222/259/244 4/260/51
f 4/260/51 222/259/244 225/261/245
f 4/260/51 225/261/245 5/262/49
f 5/262/49 225/261/245 228/263/246
f 5/262/49 228/263/246 6/264/47
f 6/264/47 228/263/246 231/265/247
f 6/264/47 231/265/247 7/266/45
f 7/266/45 231/265/247 234/267/248
f 7/266/45 234/267/248 8/268/43
f 8/268/43 234/267/248 237/269/249
f 8/268/43 237/269/249 9/270/41
f 9/270/41 237/269/249 240/271/250
f 9/270/41 240/271/250 10/272/39
f 10/272/39 240/271/250 243/273/251
f 10/272/39 243/273/251 11/274/37
f 11/274/37 243/273/251 246/275/252
f 11/274/37 246/275/252 12/276/35
f 12/276/35 246/275/252 249/277/253
f 12/276/35 249/277/253 13/278/33
f 13/278/33 249/277/253 252/279/254
f 13/278/33 252/279/254 14/280/31
f 14/280/31 252/279/254 255/281/255
f 14/280/31 255/281/255 15/282/29
f 15/282/29 255/281/255 258/283/256
f 15/282/29 258/283/256 16/284/27
f 16/284/27 258/283/256 261/285/257
f 16/284/27 261/285/257 17/286/25
f 17/286/25 261/285/257 264/287/258
f 17/286/25 264/287/258 18/288/23
f 18/288/23 264/287/258 267/289/259
f 18/288/23 267/289/259 19/290/21
f 19/290/21 267/289/259 270/291/260
f 19/290/21 270/291/260 20/292/19
f 20/292/19 270/291/260 273/293/261
f 20/292/19 273/293/261 21/294/17
f 21/294/17 273/293/261 276/295/262
f 21/294/17 276/295/262 22/296/15
f 22/296/15 276/295/262 279/297/263
f 22/296/15 279/297/263 23/298/13
f 23/298/13 279/297/263 282/299/264
f 23/298/13 282/299/264 24/300/11
f 24/300/11 282/299/264 285/301/265
f 24/300/11 285/301/265 25/302/9
f 25/302/9 285/301/265 288/303/266
f 25/302/9 288/303/266 26/304/7
f 26/304/7 288/303/266 291/305/267
f 26/304/7 291/305/267 27/250/5
f 27/250/5 291/305/267 294/251/241
f 214/199/190 215/306/268 292/201/192
f 292/201/192 215/306/268 293/307/269
f 292/201/192 293/307/269 289/203/194
f 289/203/194 293/307/269 290/308/270
f 289/203/194 290/308/270 286/205/196
f 286/205/196 290/308/270 287/309/271
f 286/205/196 287/309/271 283/207/198
f 283/207/198 287/309/271 284/310/272
f 283/207/198 284/310/272 280/209/200
f 280/209/200 284/310/272 281/311/273
f 280/209/200 281/311/273 277/211/202
f 277/211/202 281/311/273 278/312/274
f 277/211/202 278/312/274 274/213/204
f 274/213/204 278/312/274 275/313/275
f 274/213/204 275/313/275 271/215/206
f 271/215/206 275/313/275 272/314/276
f 271/215/206 272/314/276 268/217/208
f 268/217/208 272/314/276 269/315/277
f 268/217/208 269/315/277 265/219/210
f 265/219/210 269/315/277 266/316/278
f 265/219/210 266/316/278 262/221/212
f 262/221/212 266/316/278 263/317/279
f 262/221/212 263/317/279 259/223/214
f 259/223/214 263/317/279 260/318/280
f 259/223/214 260/318/280 256/225/216
f 256/225/216 260/318/280 257/319/281
f 256/225/216 257/319/281 253/227/218
f 253/227/218 257/319/281 254/320/282
f 253/227/218 254/320/282 250/229/220
f 250/229/220 254/320/282 251/321/283
f 250/229/220 251/321/283 247/231/222
f 247/231/222 251/321/283 248/322/284
f 247/231/222 248/322/284 244/233/224
f 244/233/224 248/322/284 245/323/285
f 244/233/224 245/323/285 241/235/226
f 241/235/226 245/323/285 242/324/286
f 241/235/226 242/324/286 238/237/228
f 238/237/228 242/324/286 239/325/287
f 238/237/228 239/325/287 235/239/230
f 235/239/230 239/325/287 236/326/288
f 235/239/230 236/326/288 232/241/232
f 232/241/232 236/326/288 233/327/289
f 232/241/232 233/327/289 229/243/234
f 229/243/234 233/327/289 230/328/290
f 229/243/234 230/328/290 226/245/236
f 226/245/236 230/328/290 227/329/291
f 226/245/236 227/329/291 223/247/238
f 223/247/238 227/329/291 224/330/292
f 223/247/238 224/330/292 220/249/240
f 220/249/240 224/330/292 221/331/293
f 220/249/240 221/331/293 217/195/188
f 217/195/188 221/331/293 218/332/294
f 217/195/188 218/332/294 214/197/190
f 214/197/190 218/332/294 215/333/268
f 215/306/268 216/253/242 293/307/269
f 293/307/269 216/253/242 294/251/241
f 293/307/269 294/251/241 290/308/270
f 290/308/270 294/251/241 291/305/267
f 290/308/270 291/305/267 287/309/271
f 287/309/271 291/305/267 288/303/266
f 287/309/271 288/303/266 284/310/272
f 284/310/272 288/303/266 285/301/265
f 284/310/272 285/301/265 281/311/273
f 281/311/273 285/301/265 282/299/264
f 281/311/273 282/299/264 278/312/274
f 278/312/274 282/299/264 279/297/263
f 278/312/274 279/297/263 275/313/275
f 275/313/275 279/297/263 276/295/262
f 275/313/275 276/295/262 272/314/276
f 272/314/276 276/295/262 273/293/261
f 272/314/276 273/293/261 269/315/277
f 269/315/277 273/293/261 270/291/260
f 269/315/277 270/291/260 266/316/278
f 266/316/278 270/291/260 267/289/259
f 266/316/278 267/289/259 263/317/279
f 263/317/279 267/289/259 264/287/258
f 263/317/279 264/287/258 260/318/280
f 260/318/280 264/287/258 261/285/257
f 260/318/280 261/285/257 257/319/281
f 257/319/281 261/285/257 258/283/256
f 257/319/281 258/283/256 254/320/282
f 254/320/282 258/283/256 255/281/255
f 254/320/282 255/281/255 251/321/283
f 251/321/283 255/281/255 252/279/254
f 251/321/283 252/279/254 248/322/284
f 248/322/284 252/279/254 249/277/253
f 248/322/284 249/277/253 245/323/285
f 245/323/285 249/277/253 246/275/252
f 245/323/285 246/275/252 242/324/286
f 242/324/286 246/275/252 243/273/251
f 242/324/286 243/273/251 239/325/287
f 239/325/287 243/273/251 240/271/250
f 239/325/287 240/271/250 236/326/288
f 236/326/288 240/271/250 237/269/249
f 236/326/288 237/269/249 233/327/289
f 233/327/289 237/269/249 234/267/248
f 233/327/289 234/267/248 230/328/290
f 230/328/290 234/267/248 231/265/247
f 230/328/290 231/265/247 227/329/291
f 227/329/291 231/265/247 228/263/246
f 227/329/291 228/263/246 224/330/292
f 224/330/292 228/263/246 225/261/245
f 224/330/292 225/261/245 221/331/293
f 221/331/293 225/261/245 222/259/244
f 221/331/293 222/259/244 218/332/294
f 218/332/294 222/259/244 219/257/243
f 218/332/294 219/257/243 215/333/268
f 215/333/268 219/257/243 216/255/242
f 51/334/141 41/335/108 28/336/57
f 28/336/57 41/335/108 40/337/103
f 28/336/57 40/337/103 29/338/55
f 29/338/55 40/337/103 39/339/98
f 29/338/55 39/339/98 30/340/67
f 30/340/67 39/339/98 38/341/93
f 30/340/67 38/341/93 31/342/69
f 31/342/69 38/341/93 37/343/88
f 31/342/69 37/343/88 32/344/71
f 32/344/71 37/343/88 36/345/79
f 32/344/71 36/345/79 33/346/73
f 33/346/73 36/345/79 35/347/77
f 33/346/73 35/347/77 34/348/75
f 41/335/108 51/334/141 42/349/113
f 42/349/113 51/334/141 50/350/139
f 42/349/113 50/350/139 43/351/118
f 43/351/118 50/350/139 49/352/137
f 43/351/118 49/352/137 44/353/123
f 44/353/123 49/352/137 48/354/135
f 44/353/123 48/354/135 45/355/129
f 45/355/129 48/354/135 47/356/133
f 45/355/129 47/356/133 46/357/131
f 296/358/295 351/359/296 295/360/297
f 295/360/297 351/359/296 346/361/298
f 295/362/297 346/363/298 476/364/299
f 476/364/299 346/363/298 347/365/300
f 476/364/299 347/365/300 477/366/301
f 477/366/301 347/365/300 348/367/302
f 477/366/301 348/367/302 478/368/303
f 478/368/303 348/367/302 349/369/304
f 478/368/303 349/369/304 479/370/305
f 479/370/305 349/369/304 350/371/306
f 479/370/305 350/371/306 480/372/307
f 480/372/307 350/371/306 319/373/308
f 480/372/307 319/373/308 320/374/309
f 351/359/296 296/358/295 356/375/310
f 356/375/310 296/358/295 297/376/311
f 356/375/310 297/376/311 361/377/312
f 361/377/312 297/376/311 298/378/313
f 361/377/312 298/378/313 366/379/314
f 366/379/314 298/378/313 299/380/315
f 366/379/314 299/380/315 371/381/316
f 371/381/316 299/380/315 300/382/317
f 371/381/316 300/382/317 376/383/318
f 376/383/318 300/382/317 301/384/319
f 376/383/318 301/384/319 381/385/320
f 381/385/320 301/384/319 302/386/321
f 381/385/320 302/386/321 386/387/322
f 386/387/322 302/386/321 303/388/323
f 386/387/322 303/388/323 400/389/324
f 400/389/324 303/388/323 391/390/325
f 400/389/324 391/390/325 392/391/326
f 392/391/326 391/390/325 402/392/327
f 392/391/326 402/392/327 403/393/328
f 403/393/328 402/392/327 408/394/329
f 403/393/328 408/394/329 409/395/330
f 409/395/330 408/394/329 414/396/331
f 409/395/330 414/396/331 415/397/332
f 415/397/332 414/396/331 420/398/333
f 415/397/332 420/398/333 332/399/334
f 332/399/334 420/398/333 331/400/335
f 331/400/335 420/398/333 425/401/336
f 331/400/335 425/401/336 330/402/337
f 330/402/337 425/401/336 430/403/338
f 330/402/337 430/403/338 329/404/339
f 329/404/339 430/403/338 435/405/340
f 329/404/339 435/405/340 328/406/341
f 328/406/341 435/405/340 441/407/342
f 328/406/341 441/407/342 327/408/343
f 327/408/343 441/407/342 440/409/344
f 327/408/343 440/409/344 326/410/345
f 326/410/345 440/409/344 450/411/346
f 326/410/345 450/411/346 325/412/347
f 325/412/347 450/411/346 455/413/348
f 325/412/347 455/413/348 324/414/349
f 324/414/349 455/413/348 460/415/350
f 324/414/349 460/415/350 323/416/351
f 323/416/351 460/415/350 465/417/352
f 323/416/351 465/417/352 322/418/353
f 322/418/353 465/417/352 470/419/354
f 322/418/353 470/419/354 321/420/355
f 321/420/355 470/419/354 475/421/356
f 321/420/355 475/421/356 320/374/309
f 320/374/309 475/421/356 480/372/307
f 303/388/323 304/422/357 391/390/325
f 391/390/325 304/422/357 401/423/358
f 391/390/325 401/423/358 402/392/327
f 402/392/327 401/423/358 407/424/359
f 402/392/327 407/424/359 408/394/329
f 408/394/329 407/424/359 413/425/360
f 408/394/329 413/425/360 414/396/331
f 414/396/331 413/425/360 419/426/361
f 414/396/331 419/426/361 420/398/333
f 420/398/333 419/426/361 425/401/336
f 304/422/357 305/427/362 401/423/358
f 401/423/358 305/427/362 406/428/363
f 401/423/358 406/428/363 407/424/359
f 407/424/359 406/428/363 412/429/364
f 407/424/359 412/429/364 413/425/360
f 413/425/360 412/429/364 418/430/365
f 413/425/360 418/430/365 419/426/361
f 419/426/361 418/430/365 424/431/366
f 419/426/361 424/431/366 425/401/336
f 425/401/336 424/431/366 430/403/338
f 305/427/362 306/432/367 406/428/363
f 406/428/363 306/432/367 411/433/368
f 406/428/363 411/433/368 412/429/364
f 412/429/364 411/433/368 417/434/369
f 412/429/364 417/434/369 418/430/365
f 418/430/365 417/434/369 423/435/370
f 418/430/365 423/435/370 424/431/366
f 424/431/366 423/435/370 429/436/371
f 424/431/366 429/436/371 430/403/338
f 430/403/338 429/436/371 435/405/340
f 306/432/367 307/437/372 411/433/368
f 411/433/368 307/437/372 416/438/373
f 411/433/368 416/438/373 417/434/369
f 417/434/369 416/438/373 422/439/374
f 417/434/369 422/439/374 423/435/370
f 423/435/370 422/439/374 428/440/375
f 423/435/370 428/440/375 429/436/371
f 429/436/371 428/440/375 434/441/376
f 429/436/371 434/441/376 435/405/340
f 435/405/340 434/441/376 441/407/342
f 307/437/372 308/442/377 416/438/373
f 416/438/373 308/442/377 421/443/378
f 416/438/373 421/443/378 422/439/374
f 422/439/374 421/443/378 427/444/379
f 422/439/374 427/444/379 428/440/375
f 428/440/375 427/444/379 433/445/380
f 428/440/375 433/445/380 434/441/376
f 434/441/376 433/445/380 442/446/381
f 434/441/376 442/446/381 441/407/342
f 441/407/342 442/446/381 440/409/344
f 308/442/377 309/447/382 421/443/378
f 421/443/378 309/447/382 426/448/383
f 421/443/378 426/448/383 427/444/379
f 427/444/379 426/448/383 432/449/384
f 427/444/379 432/449/384 433/445/380
f 433/445/380 432/449/384 443/450/385
f 433/445/380 443/450/385 442/446/381
f 442/446/381 443/450/385 439/451/386
f 442/446/381 439/451/386 440/409/344
f 440/409/344 439/451/386 450/411/346
f 309/447/382 310/452/387 426/448/383
f 426/448/383 310/452/387 431/453/388
f 426/448/383 431/453/388 432/449/384
f 432/449/384 431/453/388 444/454/389
f 432/449/384 444/454/389 443/450/385
f 443/450/385 444/454/389 438/455/390
f 443/450/385 438/455/390 439/451/386
f 439/451/386 438/455/390 449/456/391
f 439/451/386 449/456/391 450/411/346
f 450/411/346 449/456/391 455/413/348
f 310/452/387 311/457/392 431/453/388
f 431/453/388 311/457/392 445/458/393
f 431/453/388 445/458/393 444/454/389
f 444/454/389 445/458/393 437/459/394
f 444/454/389 437/459/394 438/455/390
f 438/455/390 437/459/394 448/460/395
f 438/455/390 448/460/395 449/456/391
f 449/456/391 448/460/395 454/461/396
f 449/456/391 454/461/396 455/413/348
f 455/413/348 454/461/396 460/415/350
f 445/458/393 311/457/392 436/462/397
f 436/462/397 311/457/392 312/463/398
f 436/462/397 312/463/398 446/464/399
f 446/464/399 312/463/398 313/465/400
f 446/464/399 313/465/400 451/466/401
f 451/466/401 313/465/400 314/467/402
f 451/466/401 314/467/402 456/468/403
f 456/468/403 314/467/402 315/469/404
f 456/468/403 315/469/404 461/470/405
f 461/470/405 315/469/404 316/471/406
f 461/470/405 316/471/406 466/472/407
f 466/472/407 316/471/406 317/473/408
f 466/472/407 317/473/408 471/474/409
f 471/474/409 317/473/408 318/475/410
f 471/474/409 318/475/410 476/364/299
f 476/364/299 318/475/410 295/362/297
f 332/399/334 333/476/411 415/397/332
f 415/397/332 333/476/411 410/477/412
f 415/397/332 410/477/412 409/395/330
f 409/395/330 410/477/412 404/478/413
f 409/395/330 404/478/413 403/393/328
f 403/393/328 404/478/413 393/479/414
f 403/393/328 393/479/414 392/391/326
f 392/391/326 393/479/414 399/480/415
f 392/391/326 399/480/415 400/389/324
f 400/389/324 399/480/415 386/387/322
f 333/476/411 334/481/416 410/477/412
f 410/477/412 334/481/416 405/482/417
f 410/477/412 405/482/417 404/478/413
f 404/478/413 405/482/417 394/483/418
f 404/478/413 394/483/418 393/479/414
f 393/479/414 394/483/418 398/484/419
f 393/479/414 398/484/419 399/480/415
f 399/480/415 398/484/419 387/485/420
f 399/480/415 387/485/420 386/387/322
f 386/387/322 387/485/420 381/385/320
f 334/481/416 335/486/421 405/482/417
f 405/482/417 335/486/421 395/487/422
f 405/482/417 395/487/422 394/483/418
f 394/483/418 395/487/422 397/488/423
f 394/483/418 397/488/423 398/484/419
f 398/484/419 397/488/423 388/489/424
f 398/484/419 388/489/424 387/485/420
f 387/485/420 388/489/424 382/490/425
f 387/485/420 382/490/425 381/385/320
f 381/385/320 382/490/425 376/383/318
f 335/486/421 336/491/426 395/487/422
f 395/487/422 336/491/426 396/492/427
f 395/487/422 396/492/427 397/488/423
f 397/488/423 396/492/427 389/493/428
f 397/488/423 389/493/428 388/489/424
f 388/489/424 389/493/428 383/494/429
f 388/489/424 383/494/429 382/490/425
f 382/490/425 383/494/429 377/495/430
f 382/490/425 377/495/430 376/383/318
f 376/383/318 377/495/430 371/381/316
f 336/491/426 337/496/431 396/492/427
f 396/492/427 337/496/431 390/497/432
f 396/492/427 390/497/432 389/493/428
f 389/493/428 390/497/432 384/498/433
f 389/493/428 384/498/433 383/494/429
f 383/494/429 384/498/433 378/499/434
f 383/494/429 378/499/434 377/495/430
f 377/495/430 378/499/434 372/500/435
f 377/495/430 372/500/435 371/381/316
f 371/381/316 372/500/435 366/379/314
f 337/496/431 338/501/436 390/497/432
f 390/497/432 338/501/436 385/502/437
f 390/497/432 385/502/437 384/498/433
f 384/498/433 385/502/437 379/503/438
f 384/498/433 379/503/438 378/499/434
f 378/499/434 379/503/438 373/504/439
f 378/499/434 373/504/439 372/500/435
f 372/500/435 373/504/439 367/505/440
f 372/500/435 367/505/440 366/379/314
f 366/379/314 367/505/440 361/377/312
f 338/501/436 339/506/441 385/502/437
f 385/502/437 339/506/441 380/507/442
f 385/502/437 380/507/442 379/503/438
f 379/503/438 380/507/442 374/508/443
f 379/503/438 374/508/443 373/504/439
f 373/504/439 374/508/443 368/509/444
f 373/504/439 368/509/444 367/505/440
f 367/505/440 368/509/444 362/510/445
f 367/505/440 362/510/445 361/377/312
f 361/377/312 362/510/445 356/375/310
f 339/506/441 340/511/446 380/507/442
f 380/507/442 340/511/446 375/512/447
f 380/507/442 375/512/447 374/508/443
f 374/508/443 375/512/447 369/513/448
f 374/508/443 369/513/448 368/509/444
f 368/509/444 369/513/448 363/514/449
f 368/509/444 363/514/449 362/510/445
f 362/510/445 363/514/449 357/515/450
f 362/510/445 357/515/450 356/375/310
f 356/375/310 357/515/450 351/359/296
f 340/511/446 341/516/451 375/512/447
f 375/512/447 341/516/451 370/517/452
f 375/512/447 370/517/452 369/513/448
f 369/513/448 370/517/452 364/518/453
f 369/513/448 364/518/453 363/514/449
f 363/514/449 364/518/453 358/519/454
f 363/514/449 358/519/454 357/515/450
f 357/515/450 358/519/454 352/520/455
f 357/515/450 352/520/455 351/359/296
f 351/359/296 352/520/455 346/361/298
f 341/516/451 342/521/456 370/517/452
f 370/517/452 342/521/456 365/522/457
f 370/517/452 365/522/457 364/518/453
f 364/518/453 365/522/457 359/523/458
f 364/518/453 359/523/458 358/519/454
f 358/519/454 359/523/458 353/524/459
f 358/519/454 353/524/459 352/520/455
f 352/520/455 353/524/459 347/525/300
f 352/520/455 347/525/300 346/361/298
f 342/521/456 343/526/460 365/522/457
f 365/522/457 343/526/460 360/527/461
f 365/522/457 360/527/461 359/523/458
f 359/523/458 360/527/461 354/528/462
f 359/523/458 354/528/462 353/524/459
f 353/524/459 354/528/462 348/529/302
f 353/524/459 348/529/302 347/525/300
f 343/526/460 344/530/463 360/527/461
f 360/527/461 344/530/463 355/531/464
f 360/527/461 355/531/464 354/528/462
f 354/528/462 355/531/464 349/532/304
f 354/528/462 349/532/304 348/529/302
f 344/530/463 345/533/465 355/531/464
f 355/531/464 345/533/465 350/534/306
f 355/531/464 350/534/306 349/532/304
f 345/533/465 319/535/308 350/534/306
f 445/458/393 436/462/397 437/459/394
f 437/459/394 436/462/397 447/536/466
f 437/459/394 447/536/466 448/460/395
f 448/460/395 447/536/466 453/537/467
f 448/460/395 453/537/467 454/461/396
f 454/461/396 453/537/467 459/538/468
f 454/461/396 459/538/468 460/415/350
f 460/415/350 459/538/468 465/417/352
f 436/462/397 446/464/399 447/536/466
f 447/536/466 446/464/399 452/539/469
f 447/536/466 452/539/469 453/537/467
f 453/537/467 452/539/469 458/540/470
f 453/537/467 458/540/470 459/538/468
f 459/538/468 458/540/470 464/541/471
f 459/538/468 464/541/471 465/417/352
f 465/417/352 464/541/471 470/419/354
f 446/464/399 451/466/401 452/539/469
f 452/539/469 451/466/401 457/542/472
f 452/539/469 457/542/472 458/540/470
f 458/540/470 457/542/472 463/543/473
f 458/540/470 463/543/473 464/541/471
f 464/541/471 463/543/473 469/544/474
f 464/541/471 469/544/474 470/419/354
f 470/419/354 469/544/474 475/421/356
f 451/466/401 456/468/403 457/542/472
f 457/542/472 456/468/403 462/545/475
f 457/542/472 462/545/475 463/543/473
f 463/543/473 462/545/475 468/546/476
f 463/543/473 468/546/476 469/544/474
f 469/544/474 468/546/476 474/547/477
f 469/544/474 474/547/477 475/421/356
f 475/421/356 474/547/477 480/372/307
f 456/468/403 461/470/405 462/545/475
f 462/545/475 461/470/405 467/548/478
f 462/545/475 467/548/478 468/546/476
f 468/546/476 467/548/478 473/549/479
f 468/546/476 473/549/479 474/547/477
f 474/547/477 473/549/479 479/370/305
f 474/547/477 479/370/305 480/372/307
f 461/470/405 466/472/407 467/548/478
f 467/548/478 466/472/407 472/550/480
f 467/548/478 472/550/480 473/549/479
f 473/549/479 472/550/480 478/368/303
f 473/549/479 478/368/303 479/370/305
f 466/472/407 471/474/409 472/550/480
f 472/550/480 471/474/409 477/366/301
f 472/550/480 477/366/301 478/368/303
f 476/364/299 477/366/301 471/474/409
f 482/551/481 511/552/482 481/553/483
f 481/553/483 511/552/482 508/554/484
f 481/555/483 508/556/484 507/557/485
f 507/557/485 508/556/484 586/558/486
f 507/557/485 586/558/486 506/559/487
f 506/559/487 586/558/486 583/560/488
f 506/559/487 583/560/488 505/561/489
f 505/561/489 583/560/488 580/562/490
f 505/561/489 580/562/490 504/563/491
f 504/563/491 580/562/490 577/564/492
f 504/563/491 577/564/492 503/565/493
f 503/565/493 577/564/492 574/566/494
f 503/565/493 574/566/494 502/567/495
f 502/567/495 574/566/494 571/568/496
f 502/567/495 571/568/496 501/569/497
f 501/569/497 571/568/496 568/570/498
f 501/569/497 568/570/498 500/571/499
f 500/571/499 568/570/498 565/572/500
f 500/571/499 565/572/500 499/573/501
f 499/573/501 565/572/500 562/574/502
f 499/573/501 562/574/502 498/575/503
f 498/575/503 562/574/502 559/576/504
f 498/575/503 559/576/504 497/577/505
f 497/577/505 559/576/504 556/578/506
f 497/577/505 556/578/506 496/579/507
f 496/579/507 556/578/506 553/580/508
f 496/579/507 553/580/508 495/581/509
f 495/581/509 553/580/508 550/582/510
f 495/581/509 550/582/510 494/583/511
f 494/583/511 550/582/510 547/584/512
f 494/583/511 547/584/512 493/585/513
f 493/585/513 547/584/512 544/586/514
f 493/585/513 544/586/514 492/587/515
f 492/587/515 544/586/514 541/588/516
f 492/587/515 541/588/516 491/589/517
f 491/589/517 541/588/516 538/590/518
f 491/589/517 538/590/518 490/591/519
f 490/591/519 538/590/518 535/592/520
f 490/591/519 535/592/520 489/593/521
f 489/593/521 535/592/520 532/594/522
f 489/593/521 532/594/522 488/595/523
f 488/595/523 532/594/522 529/596/524
f 488/595/523 529/596/524 487/597/525
f 487/597/525 529/596/524 526/598/526
f 487/597/525 526/598/526 486/599/527
f 486/599/527 526/598/526 523/600/528
f 486/599/527 523/600/528 485/601/529
f 485/601/529 523/600/528 520/602/530
f 485/601/529 520/602/530 484/603/531
f 484/603/531 520/602/530 517/604/532
f 484/603/531 517/604/532 483/605/533
f 483/605/533 517/604/532 514/606/534
f 483/605/533 514/606/534 482/551/481
f 482/551/481 514/606/534 511/552/482
f 345/607/465 588/608/535 319/609/308
f 319/609/308 588/608/535 510/610/536
f 319/611/308 510/612/536 320/613/309
f 320/613/309 510/612/536 513/614/537
f 320/613/309 513/614/537 321/615/355
f 321/615/355 513/614/537 516/616/538
f 321/615/355 516/616/538 322/617/353
f 322/617/353 516/616/538 519/618/539
f 322/617/353 519/618/539 323/619/351
f 323/619/351 519/618/539 522/620/540
f 323/619/351 522/620/540 324/621/349
f 324/621/349 522/620/540 525/622/541
f 324/621/349 525/622/541 325/623/347
f 325/623/347 525/622/541 528/624/542
f 325/623/347 528/624/542 326/625/345
f 326/625/345 528/624/542 531/626/543
f 326/625/345 531/626/543 327/627/343
f 327/627/343 531/626/543 534/628/544
f 327/627/343 534/628/544 328/629/341
f 328/629/341 534/628/544 537/630/545
f 328/629/341 537/630/545 329/631/339
f 329/631/339 537/630/545 540/632/546
f 329/631/339 540/632/546 330/633/337
f 330/633/337 540/632/546 543/634/547
f 330/633/337 543/634/547 331/635/335
f 331/635/335 543/634/547 546/636/548
f 331/635/335 546/636/548 332/637/334
f 332/637/334 546/636/548 549/638/549
f 332/637/334 549/638/549 333/639/411
f 333/639/411 549/638/549 552/640/550
f 333/639/411 552/640/550 334/641/416
f 334/641/416 552/640/550 555/642/551
f 334/641/416 555/642/551 335/643/421
f 335/643/421 555/642/551 558/644/552
f 335/643/421 558/644/552 336/645/426
f 336/645/426 558/644/552 561/646/553
f 336/645/426 561/646/553 337/647/431
f 337/647/431 561/646/553 564/648/554
f 337/647/431 564/648/554 338/649/436
f 338/649/436 564/648/554 567/650/555
f 338/649/436 567/650/555 339/651/441
f 339/651/441 567/650/555 570/652/556
f 339/651/441 570/652/556 340/653/446
f 340/653/446 570/652/556 573/654/557
f 340/653/446 573/654/557 341/655/451
f 341/655/451 573/654/557 576/656/558
f 341/655/451 576/656/558 342/657/456
f 342/657/456 576/656/558 579/658/559
f 342/657/456 579/658/559 343/659/460
f 343/659/460 579/658/559 582/660/560
f 343/659/460 582/660/560 344/661/463
f 344/661/463 582/660/560 585/662/561
f 344/661/463 585/662/561 345/607/465
f 345/607/465 585/662/561 588/608/535
f 508/556/484 509/663/562 586/558/486
f 586/558/486 509/663/562 587/664/563
f 586/558/486 587/664/563 583/560/488
f 583/560/488 587/664/563 584/665/564
f 583/560/488 584/665/564 580/562/490
f 580/562/490 584/665/564 581/666/565
f 580/562/490 581/666/565 577/564/492
f 577/564/492 581/666/565 578/667/566
f 577/564/492 578/667/566 574/566/494
f 574/566/494 578/667/566 575/668/567
f 574/566/494 575/668/567 571/568/496
f 571/568/496 575/668/567 572/669/568
f 571/568/496 572/669/568 568/570/498
f 568/570/498 572/669/568 569/670/569
f 568/570/498 569/670/569 565/572/500
f 565/572/500 569/670/569 566/671/570
f 565/572/500 566/671/570 562/574/502
f 562/574/502 566/671/570 563/672/571
f 562/574/502 563/672/571 559/576/504
f 559/576/504 563/672/571 560/673/572
f 559/576/504 560/673/572 556/578/506
f 556/578/506 560/673/572 557/674/573
f 556/578/506 557/674/573 553/580/508
f 553/580/508 557/674/573 554/675/574
f 553/580/508 554/675/574 550/582/510
f 550/582/510 554/675/574 551/676/575
f 550/582/510 551/676/575 547/584/512
f 547/584/512 551/676/575 548/677/576
f 547/584/512 548/677/576 544/586/514
f 544/586/514 548/677/576 545/678/577
f 544/586/514 545/678/577 541/588/516
f 541/588/516 545/678/577 542/679/578
f 541/588/516 542/679/578 538/590/518
f 538/590/518 542/679/578 539/680/579
f 538/590/518 539/680/579 535/592/520
f 535/592/520 539/680/579 536/681/580
f 535/592/520 536/681/580 532/594/522
f 532/594/522 536/681/580 533/682/581
f 532/594/522 533/682/581 529/596/524
f 529/596/524 533/682/581 530/683/582
f 529/596/524 530/683/582 526/598/526
f 526/598/526 530/683/582 527/684/583
f 526/598/526 527/684/583 523/600/528
f 523/600/528 527/684/583 524/685/584
f 523/600/528 524/685/584 520/602/530
f 520/602/530 524/685/584 521/686/585
f 520/602/530 521/686/585 517/604/532
f 517/604/532 521/686/585 518/687/586
f 517/604/532 518/687/586 514/606/534
f 514/606/534 518/687/586 515/688/587
f 514/606/534 515/688/587 511/552/482
f 511/552/482 515/688/587 512/689/588
f 511/552/482 512/689/588 508/554/484
f 508/554/484 512/689/588 509/690/562
f 509/663/562 510/610/536 587/664/563
f 587/664/563 510/610/536 588/608/535
f 587/664/563 588/608/535 584/665/564
f 584/665/564 588/608/535 585/662/561
f 584/665/564 585/662/561 581/666/565
f 581/666/565 585/662/561 582/660/560
f 581/666/565 582/660/560 578/667/566
f 578/667/566 582/660/560 579/658/559
f 578/667/566 579/658/559 575/668/567
f 575/668/567 579/658/559 576/656/558
f 575/668/567 576/656/558 572/669/568
f 572/669/568 576/656/558 573/654/557
f 572/669/568 573/654/557 569/670/569
f 569/670/569 573/654/557 570/652/556
f 569/670/569 570/652/556 566/671/570
f 566/671/570 570/652/556 567/650/555
f 566/671/570 567/650/555 563/672/571
f 563/672/571 567/650/555 564/648/554
f 563/672/571 564/648/554 560/673/572
f 560/673/572 564/648/554 561/646/553
f 560/673/572 561/646/553 557/674/573
f 557/674/573 561/646/553 558/644/552
f 557/674/573 558/644/552 554/675/574
f 554/675/574 558/644/552 555/642/551
f 554/675/574 555/642/551 551/676/575
f 551/676/575 555/642/551 552/640/550
f 551/676/575 552/640/550 548/677/576
f 548/677/576 552/640/550 549/638/549
f 548/677/576 549/638/549 545/678/577
f 545/678/577 549/638/549 546/636/548
f 545/678/577 546/636/548 542/679/578
f 542/679/578 546/636/548 543/634/547
f 542/679/578 543/634/547 539/680/579
f 539/680/579 543/634/547 540/632/546
f 539/680/579 540/632/546 536/681/580
f 536/681/580 540/632/546 537/630/545
f 536/681/580 537/630/545 533/682/581
f 533/682/581 537/630/545 534/628/544
f 533/682/581 534/628/544 530/683/582
f 530/683/582 534/628/544 531/626/543
f 530/683/582 531/626/543 527/684/583
f 527/684/583 531/626/543 528/624/542
f 527/684/583 528/624/542 524/685/584
f 524/685/584 528/624/542 525/622/541
f 524/685/584 525/622/541 521/686/585
f 521/686/585 525/622/541 522/620/540
f 521/686/585 522/620/540 518/687/586
f 518/687/586 522/620/540 519/618/539
f 518/687/586 519/618/539 515/688/587
f 515/688/587 519/618/539 516/616/538
f 515/688/587 516/616/538 512/689/588
f 512/689/588 516/616/538 513/614/537
f 512/689/588 513/614/537 509/690/562
f 509/690/562 513/614/537 510/612/536
f 318/691/410 308/692/377 295/693/297
f 295/693/297 308/692/377 307/694/372
f 295/693/297 307/694/372 296/695/295
f 296/695/295 307/694/372 306/696/367
f 296/695/295 306/696/367 297/697/311
f 297/697/311 306/696/367 305/698/362
f 297/697/311 305/698/362 298/699/313
f 298/699/313 305/698/362 304/700/357
f 298/699/313 304/700/357 299/701/315
f 299/701/315 304/700/357 303/702/323
f 299/701/315 303/702/323 300/703/317
f 300/703/317 303/702/323 302/704/321
f 300/703/317 302/704/321 301/705/319
f 308/692/377 318/691/410 309/706/382
f 309/706/382 318/691/410 317/707/408
f 309/706/382 317/707/408 310/708/387
f 310/708/387 317/707/408 316/709/406
f 310/708/387 316/709/406 311/710/392
f 311/710/392 316/709/406 315/711/404
f 311/710/392 315/711/404 312/712/398
f 312/712/398 315/711/404 314/713/402
f 312/712/398 314/713/402 313/714/400
f 213/715/191 639/716/589 187/717/189
f 187/717/189 639/716/589 640/718/590
f 187/717/189 640/718/590 188/719/187
f 188/719/187 640/718/590 641/720/591
f 188/719/187 641/720/591 189/721/239
f 189/721/239 641/720/591 642/722/592
f 189/721/239 642/722/592 190/723/237
f 190/723/237 642/722/592 643/724/593
f 190/723/237 643/724/593 191/725/235
f 191/725/235 643/724/593 644/726/594
f 191/725/235 644/726/594 192/727/233
f 192/727/233 644/726/594 645/728/595
f 192/727/233 645/728/595 193/729/231
f 193/729/231 645/728/595 646/730/596
f 193/729/231 646/730/596 194/731/229
f 194/731/229 646/730/596 647/732/597
f 194/731/229 647/732/597 195/733/227
f 195/733/227 647/732/597 648/734/598
f 195/733/227 648/734/598 196/735/225
f 196/735/225 648/734/598 649/736/599
f 196/735/225 649/736/599 197/737/223
f 197/737/223 649/736/599 650/738/600
f 197/737/223 650/738/600 198/739/221
f 198/739/221 650/738/600 651/740/601
f 198/739/221 651/740/601 199/741/219
f 199/741/219 651/740/601 652/742/602
f 199/741/219 652/742/602 200/743/217
f 200/743/217 652/742/602 617/744/603
f 200/743/217 617/744/603 201/745/215
f 201/745/215 617/744/603 627/746/604
f 201/747/215 627/748/604 202/749/213
f 202/749/213 627/748/604 628/750/605
f 202/749/213 628/750/605 203/751/211
f 203/751/211 628/750/605 629/752/606
f 203/751/211 629/752/606 204/753/209
f 204/753/209 629/752/606 630/754/607
f 204/753/209 630/754/607 205/755/207
f 205/755/207 630/754/607 631/756/608
f 205/755/207 631/756/608 206/757/205
f 206/757/205 631/756/608 632/758/609
f 206/757/205 632/758/609 207/759/203
f 207/759/203 632/758/609 633/760/610
f 207/759/203 633/760/610 208/761/201
f 208/761/201 633/760/610 634/762/611
f 208/761/201 634/762/611 209/763/199
f 209/763/199 634/762/611 635/764/612
f 209/763/199 635/764/612 210/765/197
f 210/765/197 635/764/612 636/766/613
f 210/765/197 636/766/613 211/767/195
f 211/767/195 636/766/613 637/768/614
f 211/767/195 637/768/614 212/769/193
f 212/769/193 637/768/614 638/770/615
f 212/769/193 638/770/615 213/715/191
f 213/715/191 638/770/615 639/716/589
f 590/771/616 665/772/617 589/773/618
f 589/773/618 665/772/617 666/774/619
f 589/773/618 666/774/619 615/775/620
f 615/775/620 666/774/619 667/776/621
f 615/775/620 667/776/621 614/777/622
f 614/777/622 667/776/621 668/778/623
f 614/777/622 668/778/623 613/779/624
f 613/779/624 668/778/623 669/780/625
f 613/779/624 669/780/625 612/781/626
f 612/781/626 669/780/625 670/782/627
f 612/781/626 670/782/627 611/783/628
f 611/783/628 670/782/627 671/784/629
f 611/783/628 671/784/629 610/785/630
f 610/785/630 671/784/629 672/786/631
f 610/785/630 672/786/631 609/787/632
f 609/787/632 672/786/631 673/788/633
f 609/787/632 673/788/633 608/789/634
f 608/789/634 673/788/633 674/790/635
f 608/789/634 674/790/635 607/791/636
f 607/791/636 674/790/635 675/792/637
f 607/791/636 675/792/637 606/793/638
f 606/793/638 675/792/637 676/794/639
f 606/793/638 676/794/639 605/795/640
f 605/795/640 676/794/639 677/796/641
f 605/795/640 677/796/641 604/797/642
f 604/797/642 677/796/641 678/798/643
f 604/797/642 678/798/643 603/799/644
f 603/799/644 678/798/643 616/800/645
f 603/799/644 616/800/645 602/801/646
f 602/801/646 616/800/645 653/802/647
f 602/803/646 653/804/647 601/805/648
f 601/805/648 653/804/647 654/806/649
f 601/805/648 654/806/649 600/807/650
f 600/807/650 654/806/649 655/808/651
f 600/807/650 655/808/651 599/809/652
f 599/809/652 655/808/651 656/810/653
f 599/809/652 656/810/653 598/811/654
f 598/811/654 656/810/653 657/812/655
f 598/811/654 657/812/655 597/813/656
f 597/813/656 657/812/655 658/814/657
f 597/813/656 658/814/657 596/815/658
f 596/815/658 658/814/657 659/816/659
f 596/815/658 659/816/659 595/817/660
f 595/817/660 659/816/659 660/818/661
f 595/817/660 660/818/661 594/819/662
f 594/819/662 660/818/661 661/820/663
f 594/819/662 661/820/663 593/821/664
f 593/821/664 661/820/663 662/822/665
f 593/821/664 662/822/665 592/823/666
f 592/823/666 662/822/665 663/824/667
f 592/823/666 663/824/667 591/825/668
f 591/825/668 663/824/667 664/826/669
f 591/825/668 664/826/669 590/771/616
f 590/771/616 664/826/669 665/772/617
f 617/827/603 618/828/670 679/829/671
f 679/829/671 618/828/670 705/830/672
f 679/829/671 705/830/672 706/831/673
f 706/831/673 705/830/672 732/832/674
f 706/831/673 732/832/674 733/833/675
f 733/833/675 732/832/674 759/834/676
f 733/833/675 759/834/676 760/835/677
f 760/835/677 759/834/676 786/836/678
f 760/835/677 786/836/678 787/837/679
f 787/837/679 786/836/678 813/838/680
f 787/837/679 813/838/680 814/839/681
f 814/839/681 813/838/680 840/840/682
f 814/839/681 840/840/682 841/841/683
f 841/841/683 840/840/682 867/842/684
f 841/841/683 867/842/684 868/843/685
f 868/843/685 867/842/684 894/844/686
f 868/843/685 894/844/686 895/845/687
f 895/845/687 894/844/686 670/782/627
f 895/845/687 670/782/627 669/780/625
f 618/828/670 619/846/688 705/830/672
f 705/830/672 619/846/688 731/847/689
f 705/830/672 731/847/689 732/832/674
f 732/832/674 731/847/689 758/848/690
f 732/832/674 758/848/690 759/834/676
f 759/834/676 758/848/690 785/849/691
f 759/834/676 785/849/691 786/836/678
f 786/836/678 785/849/691 812/850/692
f 786/836/678 812/850/692 813/838/680
f 813/838/680 812/850/692 839/851/693
f 813/838/680 839/851/693 840/840/682
f 840/840/682 839/851/693 866/852/694
f 840/840/682 866/852/694 867/842/684
f 867/842/684 866/852/694 893/853/695
f 867/842/684 893/853/695 894/844/686
f 894/844/686 893/853/695 671/784/629
f 894/844/686 671/784/629 670/782/627
f 617/744/603 652/742/602 618/854/670
f 618/854/670 652/742/602 704/855/696
f 618/854/670 704/855/696 619/856/688
f 619/856/688 704/855/696 730/857/697
f 619/856/688 730/857/697 620/858/698
f 620/858/698 730/857/697 756/859/699
f 620/858/698 756/859/699 621/860/700
f 621/860/700 756/859/699 782/861/701
f 621/860/700 782/861/701 622/862/702
f 622/862/702 782/861/701 808/863/703
f 622/862/702 808/863/703 623/864/704
f 623/864/704 808/863/703 834/865/705
f 623/864/704 834/865/705 624/866/706
f 624/866/706 834/865/705 860/867/707
f 624/866/706 860/867/707 625/868/708
f 625/868/708 860/867/707 886/869/709
f 625/868/708 886/869/709 626/870/710
f 626/870/710 886/869/709 912/871/711
f 626/870/710 912/871/711 616/872/645
f 616/872/645 912/871/711 653/804/647
f 619/846/688 620/873/698 731/847/689
f 731/847/689 620/873/698 757/874/712
f 731/847/689 757/874/712 758/848/690
f 758/848/690 757/874/712 784/875/713
f 758/848/690 784/875/713 785/849/691
f 785/849/691 784/875/713 811/876/714
f 785/849/691 811/876/714 812/850/692
f 812/850/692 811/876/714 838/877/715
f 812/850/692 838/877/715 839/851/693
f 839/851/693 838/877/715 865/878/716
f 839/851/693 865/878/716 866/852/694
f 866/852/694 865/878/716 892/879/717
f 866/852/694 892/879/717 893/853/695
f 893/853/695 892/879/717 672/786/631
f 893/853/695 672/786/631 671/784/629
f 620/873/698 621/880/700 757/874/712
f 757/874/712 621/880/700 783/881/718
f 757/874/712 783/881/718 784/875/713
f 784/875/713 783/881/718 810/882/719
f 784/875/713 810/882/719 811/876/714
f 811/876/714 810/882/719 837/883/720
f 811/876/714 837/883/720 838/877/715
f 838/877/715 837/883/720 864/884/721
f 838/877/715 864/884/721 865/878/716
f 865/878/716 864/884/721 891/885/722
f 865/878/716 891/885/722 892/879/717
f 892/879/717 891/885/722 673/788/633
f 892/879/717 673/788/633 672/786/631
f 621/880/700 622/886/702 783/881/718
f 783/881/718 622/886/702 809/887/723
f 783/881/718 809/887/723 810/882/719
f 810/882/719 809/887/723 836/888/724
f 810/882/719 836/888/724 837/883/720
f 837/883/720 836/888/724 863/889/725
f 837/883/720 863/889/725 864/884/721
f 864/884/721 863/889/725 890/890/726
f 864/884/721 890/890/726 891/885/722
f 891/885/722 890/890/726 674/790/635
f 891/885/722 674/790/635 673/788/633
f 622/886/702 623/891/704 809/887/723
f 809/887/723 623/891/704 835/892/727
f 809/887/723 835/892/727 836/888/724
f 836/888/724 835/892/727 862/893/728
f 836/888/724 862/893/728 863/889/725
f 863/889/725 862/893/728 889/894/729
f 863/889/725 889/894/729 890/890/726
f 890/890/726 889/894/729 675/792/637
f 890/890/726 675/792/637 674/790/635
f 623/891/704 624/895/706 835/892/727
f 835/892/727 624/895/706 861/896/730
f 835/892/727 861/896/730 862/893/728
f 862/893/728 861/896/730 888/897/731
f 862/893/728 888/897/731 889/894/729
f 889/894/729 888/897/731 676/794/639
f 889/894/729 676/794/639 675/792/637
f 624/895/706 625/898/708 861/896/730
f 861/896/730 625/898/708 887/899/732
f 861/896/730 887/899/732 888/897/731
f 888/897/731 887/899/732 677/796/641
f 888/897/731 677/796/641 676/794/639
f 625/898/708 626/900/710 887/899/732
f 887/899/732 626/900/710 678/798/643
f 887/899/732 678/798/643 677/796/641
f 626/900/710 616/800/645 678/798/643
f 627/748/604 617/827/603 679/829/671
f 628/750/605 627/748/604 680/901/733
f 680/901/733 627/748/604 679/829/671
f 680/901/733 679/829/671 706/831/673
f 629/752/606 628/750/605 681/902/734
f 681/902/734 628/750/605 680/901/733
f 681/902/734 680/901/733 707/903/735
f 707/903/735 680/901/733 706/831/673
f 707/903/735 706/831/673 733/833/675
f 630/754/607 629/752/606 682/904/736
f 682/904/736 629/752/606 681/902/734
f 682/904/736 681/902/734 708/905/737
f 708/905/737 681/902/734 707/903/735
f 708/905/737 707/903/735 734/906/738
f 734/906/738 707/903/735 733/833/675
f 734/906/738 733/833/675 760/835/677
f 631/756/608 630/754/607 683/907/739
f 683/907/739 630/754/607 682/904/736
f 683/907/739 682/904/736 709/908/740
f 709/908/740 682/904/736 708/905/737
f 709/908/740 708/905/737 735/909/741
f 735/909/741 708/905/737 734/906/738
f 735/909/741 734/906/738 761/910/742
f 761/910/742 734/906/738 760/835/677
f 761/910/742 760/835/677 787/837/679
f 632/758/609 631/756/608 684/911/743
f 684/911/743 631/756/608 683/907/739
f 684/911/743 683/907/739 710/912/744
f 710/912/744 683/907/739 709/908/740
f 710/912/744 709/908/740 736/913/745
f 736/913/745 709/908/740 735/909/741
f 736/913/745 735/909/741 762/914/746
f 762/914/746 735/909/741 761/910/742
f 762/914/746 761/910/742 788/915/747
f 788/915/747 761/910/742 787/837/679
f 788/915/747 787/837/679 814/839/681
f 633/760/610 632/758/609 685/916/748
f 685/916/748 632/758/609 684/911/743
f 685/916/748 684/911/743 711/917/749
f 711/917/749 684/911/743 710/912/744
f 711/917/749 710/912/744 737/918/750
f 737/918/750 710/912/744 736/913/745
f 737/918/750 736/913/745 763/919/751
f 763/919/751 736/913/745 762/914/746
f 763/919/751 762/914/746 789/920/752
f 789/920/752 762/914/746 788/915/747
f 789/920/752 788/915/747 815/921/753
f 815/921/753 788/915/747 814/839/681
f 815/921/753 814/839/681 841/841/683
f 634/762/611 633/760/610 686/922/754
f 686/922/754 633/760/610 685/916/748
f 686/922/754 685/916/748 712/923/755
f 712/923/755 685/916/748 711/917/749
f 712/923/755 711/917/749 738/924/756
f 738/924/756 711/917/749 737/918/750
f 738/924/756 737/918/750 764/925/757
f 764/925/757 737/918/750 763/919/751
f 764/925/757 763/919/751 790/926/758
f 790/926/758 763/919/751 789/920/752
f 790/926/758 789/920/752 816/927/759
f 816/927/759 789/920/752 815/921/753
f 816/927/759 815/921/753 842/928/760
f 842/928/760 815/921/753 841/841/683
f 842/928/760 841/841/683 868/843/685
f 635/764/612 634/762/611 687/929/761
f 687/929/761 634/762/611 686/922/754
f 687/929/761 686/922/754 713/930/762
f 713/930/762 686/922/754 712/923/755
f 713/930/762 712/923/755 739/931/763
f 739/931/763 712/923/755 738/924/756
f 739/931/763 738/924/756 765/932/764
f 765/932/764 738/924/756 764/925/757
f 765/932/764 764/925/757 791/933/765
f 791/933/765 764/925/757 790/926/758
f 791/933/765 790/926/758 817/934/766
f 817/934/766 790/926/758 816/927/759
f 817/934/766 816/927/759 843/935/767
f 843/935/767 816/927/759 842/928/760
f 843/935/767 842/928/760 869/936/768
f 869/936/768 842/928/760 868/843/685
f 869/936/768 868/843/685 895/845/687
f 636/766/613 635/764/612 688/937/769
f 688/937/769 635/764/612 687/929/761
f 688/937/769 687/929/761 714/938/770
f 714/938/770 687/929/761 713/930/762
f 714/938/770 713/930/762 740/939/771
f 740/939/771 713/930/762 739/931/763
f 740/939/771 739/931/763 766/940/772
f 766/940/772 739/931/763 765/932/764
f 766/940/772 765/932/764 792/941/773
f 792/941/773 765/932/764 791/933/765
f 792/941/773 791/933/765 818/942/774
f 818/942/774 791/933/765 817/934/766
f 818/942/774 817/934/766 844/943/775
f 844/943/775 817/934/766 843/935/767
f 844/943/775 843/935/767 870/944/776
f 870/944/776 843/935/767 869/936/768
f 870/944/776 869/936/768 896/945/777
f 896/945/777 869/936/768 895/845/687
f 896/945/777 895/845/687 669/780/625
f 637/768/614 636/766/613 689/946/778
f 689/946/778 636/766/613 688/937/769
f 689/946/778 688/937/769 715/947/779
f 715/947/779 688/937/769 714/938/770
f 715/947/779 714/938/770 741/948/780
f 741/948/780 714/938/770 740/939/771
f 741/948/780 740/939/771 767/949/781
f 767/949/781 740/939/771 766/940/772
f 767/949/781 766/940/772 793/950/782
f 793/950/782 766/940/772 792/941/773
f 793/950/782 792/941/773 819/951/783
f 819/951/783 792/941/773 818/942/774
f 819/951/783 818/942/774 845/952/784
f 845/952/784 818/942/774 844/943/775
f 845/952/784 844/943/775 871/953/785
f 871/953/785 844/943/775 870/944/776
f 871/953/785 870/944/776 897/954/786
f 897/954/786 870/944/776 896/945/777
f 897/954/786 896/945/777 668/778/623
f 668/778/623 896/945/777 669/780/625
f 638/770/615 637/768/614 690/955/787
f 690/955/787 637/768/614 689/946/778
f 690/955/787 689/946/778 716/956/788
f 716/956/788 689/946/778 715/947/779
f 716/956/788 715/947/779 742/957/789
f 742/957/789 715/947/779 741/948/780
f 742/957/789 741/948/780 768/958/790
f 768/958/790 741/948/780 767/949/781
f 768/958/790 767/949/781 794/959/791
f 794/959/791 767/949/781 793/950/782
f 794/959/791 793/950/782 820/960/792
f 820/960/792 793/950/782 819/951/783
f 820/960/792 819/951/783 846/961/793
f 846/961/793 819/951/783 845/952/784
f 846/961/793 845/952/784 872/962/794
f 872/962/794 845/952/784 871/953/785
f 872/962/794 871/953/785 898/963/795
f 898/963/795 871/953/785 897/954/786
f 898/963/795 897/954/786 667/776/621
f 667/776/621 897/954/786 668/778/623
f 639/716/589 638/770/615 691/964/796
f 691/964/796 638/770/615 690/955/787
f 691/964/796 690/955/787 717/965/797
f 717/965/797 690/955/787 716/956/788
f 717/965/797 716/956/788 743/966/798
f 743/966/798 716/956/788 742/957/789
f 743/966/798 742/957/789 769/967/799
f 769/967/799 742/957/789 768/958/790
f 769/967/799 768/958/790 795/968/800
f 795/968/800 768/958/790 794/959/791
f 795/968/800 794/959/791 821/969/801
f 821/969/801 794/959/791 820/960/792
f 821/969/801 820/960/792 847/970/802
f 847/970/802 820/960/792 846/961/793
f 847/970/802 846/961/793 873/971/803
f 873/971/803 846/961/793 872/962/794
f 873/971/803 872/962/794 899/972/804
f 899/972/804 872/962/794 898/963/795
f 899/972/804 898/963/795 666/774/619
f 666/774/619 898/963/795 667/776/621
f 640/718/590 639/716/589 692/973/805
f 692/973/805 639/716/589 691/964/796
f 692/973/805 691/964/796 718/974/806
f 718/974/806 691/964/796 717/965/797
f 718/974/806 717/965/797 744/975/807
f 744/975/807 717/965/797 743/966/798
f 744/975/807 743/966/798 770/976/808
f 770/976/808 743/966/798 769/967/799
f 770/976/808 769/967/799 796/977/809
f 796/977/809 769/967/799 795/968/800
f 796/977/809 795/968/800 822/978/810
f 822/978/810 795/968/800 821/969/801
f 822/978/810 821/969/801 848/979/811
f 848/979/811 821/969/801 847/970/802
f 848/979/811 847/970/802 874/980/812
f 874/980/812 847/970/802 873/971/803
f 874/980/812 873/971/803 900/981/813
f 900/981/813 873/971/803 899/972/804
f 900/981/813 899/972/804 665/772/617
f 665/772/617 899/972/804 666/774/619
f 641/720/591 640/718/590 693/982/814
f 693/982/814 640/718/590 692/973/805
f 693/982/814 692/973/805 719/983/815
f 719/983/815 692/973/805 718/974/806
f 719/983/815 718/974/806 745/984/816
f 745/984/816 718/974/806 744/975/807
f 745/984/816 744/975/807 771/985/817
f 771/985/817 744/975/807 770/976/808
f 771/985/817 770/976/808 797/986/818
f 797/986/818 770/976/808 796/977/809
f 797/986/818 796/977/809 823/987/819
f 823/987/819 796/977/809 822/978/810
f 823/987/819 822/978/810 849/988/820
f 849/988/820 822/978/810 848/979/811
f 849/988/820 848/979/811 875/989/821
f 875/989/821 848/979/811 874/980/812
f 875/989/821 874/980/812 901/990/822
f 901/990/822 874/980/812 900/981/813
f 901/990/822 900/981/813 664/826/669
f 664/826/669 900/981/813 665/772/617
f 642/722/592 641/720/591 694/991/823
f 694/991/823 641/720/591 693/982/814
f 694/991/823 693/982/814 720/992/824
f 720/992/824 693/982/814 719/983/815
f 720/992/824 719/983/815 746/993/825
f 746/993/825 719/983/815 745/984/816
f 746/993/825 745/984/816 772/994/826
f 772/994/826 745/984/816 771/985/817
f 772/994/826 771/985/817 798/995/827
f 798/995/827 771/985/817 797/986/818
f 798/995/827 797/986/818 824/996/828
f 824/996/828 797/986/818 823/987/819
f 824/996/828 823/987/819 850/997/829
f 850/997/829 823/987/819 849/988/820
f 850/997/829 849/988/820 876/998/830
f 876/998/830 849/988/820 875/989/821
f 876/998/830 875/989/821 902/999/831
f 902/999/831 875/989/821 901/990/822
f 902/999/831 901/990/822 663/824/667
f 663/824/667 901/990/822 664/826/669
f 643/724/593 642/722/592 695/1000/832
f 695/1000/832 642/722/592 694/991/823
f 695/1000/832 694/991/823 721/1001/833
f 721/1001/833 694/991/823 720/992/824
f 721/1001/833 720/992/824 747/1002/834
f 747/1002/834 720/992/824 746/993/825
f 747/1002/834 746/993/825 773/1003/835
f 773/1003/835 746/993/825 772/994/826
f 773/1003/835 772/994/826 799/1004/836
f 799/1004/836 772/994/826 798/995/827
f 799/1004/836 798/995/827 825/1005/837
f 825/1005/837 798/995/827 824/996/828
f 825/1005/837 824/996/828 851/1006/838
f 851/1006/838 824/996/828 850/997/829
f 851/1006/838 850/997/829 877/1007/839
f 877/1007/839 850/997/829 876/998/830
f 877/1007/839 876/998/830 903/1008/840
f 903/1008/840 876/998/830 902/999/831
f 903/1008/840 902/999/831 662/822/665
f 662/822/665 902/999/831 663/824/667
f 644/726/594 643/724/593 696/1009/841
f 696/1009/841 643/724/593 695/1000/832
f 696/1009/841 695/1000/832 722/1010/842
f 722/1010/842 695/1000/832 721/1001/833
f 722/1010/842 721/1001/833 748/1011/843
f 748/1011/843 721/1001/833 747/1002/834
f 748/1011/843 747/1002/834 774/1012/844
f 774/1012/844 747/1002/834 773/1003/835
f 774/1012/844 773/1003/835 800/1013/845
f 800/1013/845 773/1003/835 799/1004/836
f 800/1013/845 799/1004/836 826/1014/846
f 826/1014/846 799/1004/836 825/1005/837
f 826/1014/846 825/1005/837 852/1015/847
f 852/1015/847 825/1005/837 851/1006/838
f 852/1015/847 851/1006/838 878/1016/848
f 878/1016/848 851/1006/838 877/1007/839
f 878/1016/848 877/1007/839 904/1017/849
f 904/1017/849 877/1007/839 903/1008/840
f 904/1017/849 903/1008/840 661/820/663
f 661/820/663 903/1008/840 662/822/665
f 645/728/595 644/726/594 697/1018/850
f 697/1018/850 644/726/594 696/1009/841
f 697/1018/850 696/1009/841 723/1019/851
f 723/1019/851 696/1009/841 722/1010/842
f 723/1019/851 722/1010/842 749/1020/852
f 749/1020/852 722/1010/842 748/1011/843
f 749/1020/852 748/1011/843 775/1021/853
f 775/1021/853 748/1011/843 774/1012/844
f 775/1021/853 774/1012/844 801/1022/854
f 801/1022/854 774/1012/844 800/1013/845
f 801/1022/854 800/1013/845 827/1023/855
f 827/1023/855 800/1013/845 826/1014/846
f 827/1023/855 826/1014/846 853/1024/856
f 853/1024/856 826/1014/846 852/1015/847
f 853/1024/856 852/1015/847 879/1025/857
f 879/1025/857 852/1015/847 878/1016/848
f 879/1025/857 878/1016/848 905/1026/858
f 905/1026/858 878/1016/848 904/1017/849
f 905/1026/858 904/1017/849 660/818/661
f 660/818/661 904/1017/849 661/820/663
f 646/730/596 645/728/595 698/1027/859
f 698/1027/859 645/728/595 697/1018/850
f 698/1027/859 697/1018/850 724/1028/860
f 724/1028/860 697/1018/850 723/1019/851
f 724/1028/860 723/1019/851 750/1029/861
f 750/1029/861 723/1019/851 749/1020/852
f 750/1029/861 749/1020/852 776/1030/862
f 776/1030/862 749/1020/852 775/1021/853
f 776/1030/862 775/1021/853 802/1031/863
f 802/1031/863 775/1021/853 801/1022/854
f 802/1031/863 801/1022/854 828/1032/864
f 828/1032/864 801/1022/854 827/1023/855
f 828/1032/864 827/1023/855 854/1033/865
f 854/1033/865 827/1023/855 853/1024/856
f 854/1033/865 853/1024/856 880/1034/866
f 880/1034/866 853/1024/856 879/1025/857
f 880/1034/866 879/1025/857 906/1035/867
f 906/1035/867 879/1025/857 905/1026/858
f 906/1035/867 905/1026/858 659/816/659
f 659/816/659 905/1026/858 660/818/661
f 647/732/597 646/730/596 699/1036/868
f 699/1036/868 646/730/596 698/1027/859
f 699/1036/868 698/1027/859 725/1037/869
f 725/1037/869 698/1027/859 724/1028/860
f 725/1037/869 724/1028/860 751/1038/870
f 751/1038/870 724/1028/860 750/1029/861
f 751/1038/870 750/1029/861 777/1039/871
f 777/1039/871 750/1029/861 776/1030/862
f 777/1039/871 776/1030/862 803/1040/872
f 803/1040/872 776/1030/862 802/1031/863
f 803/1040/872 802/1031/863 829/1041/873
f 829/1041/873 802/1031/863 828/1032/864
f 829/1041/873 828/1032/864 855/1042/874
f 855/1042/874 828/1032/864 854/1033/865
f 855/1042/874 854/1033/865 881/1043/875
f 881/1043/875 854/1033/865 880/1034/866
f 881/1043/875 880/1034/866 907/1044/876
f 907/1044/876 880/1034/866 906/1035/867
f 907/1044/876 906/1035/867 658/814/657
f 658/814/657 906/1035/867 659/816/659
f 648/734/598 647/732/597 700/1045/877
f 700/1045/877 647/732/597 699/1036/868
f 700/1045/877 699/1036/868 726/1046/878
f 726/1046/878 699/1036/868 725/1037/869
f 726/1046/878 725/1037/869 752/1047/879
f 752/1047/879 725/1037/869 751/1038/870
f 752/1047/879 751/1038/870 778/1048/880
f 778/1048/880 751/1038/870 777/1039/871
f 778/1048/880 777/1039/871 804/1049/881
f 804/1049/881 777/1039/871 803/1040/872
f 804/1049/881 803/1040/872 830/1050/882
f 830/1050/882 803/1040/872 829/1041/873
f 830/1050/882 829/1041/873 856/1051/883
f 856/1051/883 829/1041/873 855/1042/874
f 856/1051/883 855/1042/874 882/1052/884
f 882/1052/884 855/1042/874 881/1043/875
f 882/1052/884 881/1043/875 908/1053/885
f 908/1053/885 881/1043/875 907/1044/876
f 908/1053/885 907/1044/876 657/812/655
f 657/812/655 907/1044/876 658/814/657
f 649/736/599 648/734/598 701/1054/886
f 701/1054/886 648/734/598 700/1045/877
f 701/1054/886 700/1045/877 727/1055/887
f 727/1055/887 700/1045/877 726/1046/878
f 727/1055/887 726/1046/878 753/1056/888
f 753/1056/888 726/1046/878 752/1047/879
f 753/1056/888 752/1047/879 779/1057/889
f 779/1057/889 752/1047/879 778/1048/880
f 779/1057/889 778/1048/880 805/1058/890
f 805/1058/890 778/1048/880 804/1049/881
f 805/1058/890 804/1049/881 831/1059/891
f 831/1059/891 804/1049/881 830/1050/882
f 831/1059/891 830/1050/882 857/1060/892
f 857/1060/892 830/1050/882 856/1051/883
f 857/1060/892 856/1051/883 883/1061/893
f 883/1061/893 856/1051/883 882/1052/884
f 883/1061/893 882/1052/884 909/1062/894
f 909/1062/894 882/1052/884 908/1053/885
f 909/1062/894 908/1053/885 656/810/653
f 656/810/653 908/1053/885 657/812/655
f 650/738/600 649/736/599 702/1063/895
f 702/1063/895 649/736/599 701/1054/886
f 702/1063/895 701/1054/886 728/1064/896
f 728/1064/896 701/1054/886 727/1055/887
f 728/1064/896 727/1055/887 754/1065/897
f 754/1065/897 727/1055/887 753/1056/888
f 754/1065/897 753/1056/888 780/1066/898
f 780/1066/898 753/1056/888 779/1057/889
f 780/1066/898 779/1057/889 806/1067/899
f 806/1067/899 779/1057/889 805/1058/890
f 806/1067/899 805/1058/890 832/1068/900
f 832/1068/900 805/1058/890 831/1059/891
f 832/1068/900 831/1059/891 858/1069/901
f 858/1069/901 831/1059/891 857/1060/892
f 858/1069/901 857/1060/892 884/1070/902
f 884/1070/902 857/1060/892 883/1061/893
f 884/1070/902 883/1061/893 910/1071/903
f 910/1071/903 883/1061/893 909/1062/894
f 910/1071/903 909/1062/894 655/808/651
f 655/808/651 909/1062/894 656/810/653
f 704/855/696 652/742/602 651/740/601
f 651/740/601 650/738/600 703/1072/904
f 703/1072/904 650/738/600 702/1063/895
f 703/1072/904 702/1063/895 729/1073/905
f 729/1073/905 702/1063/895 728/1064/896
f 729/1073/905 728/1064/896 755/1074/906
f 755/1074/906 728/1064/896 754/1065/897
f 755/1074/906 754/1065/897 781/1075/907
f 781/1075/907 754/1065/897 780/1066/898
f 781/1075/907 780/1066/898 807/1076/908
f 807/1076/908 780/1066/898 806/1067/899
f 807/1076/908 806/1067/899 833/1077/909
f 833/1077/909 806/1067/899 832/1068/900
f 833/1077/909 832/1068/900 859/1078/910
f 859/1078/910 832/1068/900 858/1069/901
f 859/1078/910 858/1069/901 885/1079/911
f 885/1079/911 858/1069/901 884/1070/902
f 885/1079/911 884/1070/902 911/1080/912
f 911/1080/912 884/1070/902 910/1071/903
f 911/1080/912 910/1071/903 654/806/649
f 654/806/649 910/1071/903 655/808/651
f 911/1080/912 654/806/649 653/804/647
f 911/1080/912 653/804/647 912/871/711
f 730/857/697 704/855/696 703/1072/904
f 703/1072/904 704/855/696 651/740/601
f 730/857/697 703/1072/904 729/1073/905
f 756/859/699 730/857/697 729/1073/905
f 756/859/699 729/1073/905 755/1074/906
f 782/861/701 756/859/699 755/1074/906
f 782/861/701 755/1074/906 781/1075/907
f 808/863/703 782/861/701 781/1075/907
f 808/863/703 781/1075/907 807/1076/908
f 834/865/705 808/863/703 807/1076/908
f 834/865/705 807/1076/908 833/1077/909
f 860/867/707 834/865/705 833/1077/909
f 860/867/707 833/1077/909 859/1078/910
f 886/869/709 860/867/707 859/1078/910
f 886/869/709 859/1078/910 885/1079/911
f 912/871/711 886/869/709 885/1079/911
f 912/871/711 885/1079/911 911/1080/912
f 615/1081/620 949/1082/913 589/1083/618
f 589/1083/618 949/1082/913 940/1084/914
f 589/1085/618 940/1086/914 590/1087/616
f 590/1087/616 940/1086/914 1174/1088/915
f 590/1087/616 1174/1088/915 591/1089/668
f 591/1089/668 1174/1088/915 1165/1090/916
f 591/1089/668 1165/1090/916 592/1091/666
f 592/1091/666 1165/1090/916 1156/1092/917
f 592/1091/666 1156/1092/917 593/1093/664
f 593/1093/664 1156/1092/917 1147/1094/918
f 593/1093/664 1147/1094/918 594/1095/662
f 594/1095/662 1147/1094/918 1138/1096/919
f 594/1095/662 1138/1096/919 595/1097/660
f 595/1097/660 1138/1096/919 1129/1098/920
f 595/1097/660 1129/1098/920 596/1099/658
f 596/1099/658 1129/1098/920 1120/1100/921
f 596/1099/658 1120/1100/921 597/1101/656
f 597/1101/656 1120/1100/921 1111/1102/922
f 597/1101/656 1111/1102/922 598/1103/654
f 598/1103/654 1111/1102/922 1102/1104/923
f 598/1103/654 1102/1104/923 599/1105/652
f 599/1105/652 1102/1104/923 1093/1106/924
f 599/1105/652 1093/1106/924 600/1107/650
f 600/1107/650 1093/1106/924 1084/1108/925
f 600/1107/650 1084/1108/925 601/1109/648
f 601/1109/648 1084/1108/925 1075/1110/926
f 601/1109/648 1075/1110/926 602/1111/646
f 602/1111/646 1075/1110/926 1066/1112/927
f 602/1111/646 1066/1112/927 603/1113/644
f 603/1113/644 1066/1112/927 1057/1114/928
f 603/1113/644 1057/1114/928 604/1115/642
f 604/1115/642 1057/1114/928 1048/1116/929
f 604/1115/642 1048/1116/929 605/1117/640
f 605/1117/640 1048/1116/929 1039/1118/930
f 605/1117/640 1039/1118/930 606/1119/638
f 606/1119/638 1039/1118/930 1030/1120/931
f 606/1119/638 1030/1120/931 607/1121/636
f 607/1121/636 1030/1120/931 1021/1122/932
f 607/1121/636 1021/1122/932 608/1123/634
f 608/1123/634 1021/1122/932 1012/1124/933
f 608/1123/634 1012/1124/933 609/1125/632
f 609/1125/632 1012/1124/933 1003/1126/934
f 609/1125/632 1003/1126/934 610/1127/630
f 610/1127/630 1003/1126/934 994/1128/935
f 610/1127/630 994/1128/935 611/1129/628
f 611/1129/628 994/1128/935 985/1130/936
f 611/1129/628 985/1130/936 612/1131/626
f 612/1131/626 985/1130/936 976/1132/937
f 612/1131/626 976/1132/937 613/1133/624
f 613/1133/624 976/1132/937 967/1134/938
f 613/1133/624 967/1134/938 614/1135/622
f 614/1135/622 967/1134/938 958/1136/939
f 614/1135/622 958/1136/939 615/1081/620
f 615/1081/620 958/1136/939 949/1082/913
f 914/1137/940 1182/1138/941 913/1139/942
f 913/1139/942 1182/1138/941 948/1140/943
f 913/1141/942 948/1142/943 939/1143/944
f 939/1143/944 948/1142/943 957/1144/945
f 939/1143/944 957/1144/945 938/1145/946
f 938/1145/946 957/1144/945 966/1146/947
f 938/1145/946 966/1146/947 937/1147/948
f 937/1147/948 966/1146/947 975/1148/949
f 937/1147/948 975/1148/949 936/1149/950
f 936/1149/950 975/1148/949 984/1150/951
f 936/1149/950 984/1150/951 935/1151/952
f 935/1151/952 984/1150/951 993/1152/953
f 935/1151/952 993/1152/953 934/1153/954
f 934/1153/954 993/1152/953 1002/1154/955
f 934/1153/954 1002/1154/955 933/1155/956
f 933/1155/956 1002/1154/955 1011/1156/957
f 933/1155/956 1011/1156/957 932/1157/958
f 932/1157/958 1011/1156/957 1020/1158/959
f 932/1157/958 1020/1158/959 931/1159/960
f 931/1159/960 1020/1158/959 1029/1160/961
f 931/1159/960 1029/1160/961 930/1161/962
f 930/1161/962 1029/1160/961 1038/1162/963
f 930/1161/962 1038/1162/963 929/1163/964
f 929/1163/964 1038/1162/963 1047/1164/965
f 929/1163/964 1047/1164/965 928/1165/966
f 928/1165/966 1047/1164/965 1056/1166/967
f 928/1165/966 1056/1166/967 927/1167/968
f 927/1167/968 1056/1166/967 1065/1168/969
f 927/1167/968 1065/1168/969 926/1169/970
f 926/1169/970 1065/1168/969 1074/1170/971
f 926/1169/970 1074/1170/971 925/1171/972
f 925/1171/972 1074/1170/971 1083/1172/973
f 925/1171/972 1083/1172/973 924/1173/974
f 924/1173/974 1083/1172/973 1092/1174/975
f 924/1173/974 1092/1174/975 923/1175/976
f 923/1175/976 1092/1174/975 1101/1176/977
f 923/1175/976 1101/1176/977 922/1177/978
f 922/1177/978 1101/1176/977 1110/1178/979
f 922/1177/978 1110/1178/979 921/1179/980
f 921/1179/980 1110/1178/979 1119/1180/981
f 921/1179/980 1119/1180/981 920/1181/982
f 920/1181/982 1119/1180/981 1128/1182/983
f 920/1181/982 1128/1182/983 919/1183/984
f 919/1183/984 1128/1182/983 1137/1184/985
f 919/1183/984 1137/1184/985 918/1185/986
f 918/1185/986 1137/1184/985 1146/1186/987
f 918/1185/986 1146/1186/987 917/1187/988
f 917/1187/988 1146/1186/987 1155/1188/989
f 917/1187/988 1155/1188/989 916/1189/990
f 916/1189/990 1155/1188/989 1164/1190/991
f 916/1189/990 1164/1190/991 915/1191/992
f 915/1191/992 1164/1190/991 1173/1192/993
f 915/1191/992 1173/1192/993 914/1137/940
f 914/1137/940 1173/1192/993 1182/1138/941
f 940/1086/914 941/1193/994 1174/1088/915
f 1174/1088/915 941/1193/994 1175/1194/995
f 1174/1088/915 1175/1194/995 1165/1090/916
f 1165/1090/916 1175/1194/995 1166/1195/996
f 1165/1090/916 1166/1195/996 1156/1092/917
f 1156/1092/917 1166/1195/996 1157/1196/997
f 1156/1092/917 1157/1196/997 1147/1094/918
f 1147/1094/918 1157/1196/997 1148/1197/998
f 1147/1094/918 1148/1197/998 1138/1096/919
f 1138/1096/919 1148/1197/998 1139/1198/999
f 1138/1096/919 1139/1198/999 1129/1098/920
f 1129/1098/920 1139/1198/999 1130/1199/1000
f 1129/1098/920 1130/1199/1000 1120/1100/921
f 1120/1100/921 1130/1199/1000 1121/1200/1001
f 1120/1100/921 1121/1200/1001 1111/1102/922
f 1111/1102/922 1121/1200/1001 1112/1201/1002
f 1111/1102/922 1112/1201/1002 1102/1104/923
f 1102/1104/923 1112/1201/1002 1103/1202/1003
f 1102/1104/923 1103/1202/1003 1093/1106/924
f 1093/1106/924 1103/1202/1003 1094/1203/1004
f 1093/1106/924 1094/1203/1004 1084/1108/925
f 1084/1108/925 1094/1203/1004 1085/1204/1005
f 1084/1108/925 1085/1204/1005 1075/1110/926
f 1075/1110/926 1085/1204/1005 1076/1205/1006
f 1075/1110/926 1076/1205/1006 1066/1112/927
f 1066/1112/927 1076/1205/1006 1067/1206/1007
f 1066/1112/927 1067/1206/1007 1057/1114/928
f 1057/1114/928 1067/1206/1007 1058/1207/1008
f 1057/1114/928 1058/1207/1008 1048/1116/929
f 1048/1116/929 1058/1207/1008 1049/1208/1009
f 1048/1116/929 1049/1208/1009 1039/1118/930
f 1039/1118/930 1049/1208/1009 1040/1209/1010
f 1039/1118/930 1040/1209/1010 1030/1120/931
f 1030/1120/931 1040/1209/1010 1031/1210/1011
f 1030/1120/931 1031/1210/1011 1021/1122/932
f 1021/1122/932 1031/1210/1011 1022/1211/1012
f 1021/1122/932 1022/1211/1012 1012/1124/933
f 1012/1124/933 1022/1211/1012 1013/1212/1013
f 1012/1124/933 1013/1212/1013 1003/1126/934
f 1003/1126/934 1013/1212/1013 1004/1213/1014
f 1003/1126/934 1004/1213/1014 994/1128/935
f 994/1128/935 1004/1213/1014 995/1214/1015
f 994/1128/935 995/1214/1015 985/1130/936
f 985/1130/936 995/1214/1015 986/1215/1016
f 985/1130/936 986/1215/1016 976/1132/937
f 976/1132/937 986/1215/1016 977/1216/1017
f 976/1132/937 977/1216/1017 967/1134/938
f 967/1134/938 977/1216/1017 968/1217/1018
f 967/1134/938 968/1217/1018 958/1136/939
f 958/1136/939 968/1217/1018 959/1218/1019
f 958/1136/939 959/1218/1019 949/1082/913
f 949/1082/913 959/1218/1019 950/1219/1020
f 949/1082/913 950/1219/1020 940/1084/914
f 940/1084/914 950/1219/1020 941/1220/994
f 941/1193/994 942/1221/1021 1175/1194/995
f 1175/1194/995 942/1221/1021 1176/1222/1022
f 1175/1194/995 1176/1222/1022 1166/1195/996
f 1166/1195/996 1176/1222/1022 1167/1223/1023
f 1166/1195/996 1167/1223/1023 1157/1196/997
f 1157/1196/997 1167/1223/1023 1158/1224/1024
f 1157/1196/997 1158/1224/1024 1148/1197/998
f 1148/1197/998 1158/1224/1024 1149/1225/1025
f 1148/1197/998 1149/1225/1025 1139/1198/999
f 1139/1198/999 1149/1225/1025 1140/1226/1026
f 1139/1198/999 1140/1226/1026 1130/1199/1000
f 1130/1199/1000 1140/1226/1026 1131/1227/1027
f 1130/1199/1000 1131/1227/1027 1121/1200/1001
f 1121/1200/1001 1131/1227/1027 1122/1228/1028
f 1121/1200/1001 1122/1228/1028 1112/1201/1002
f 1112/1201/1002 1122/1228/1028 1113/1229/1029
f 1112/1201/1002 1113/1229/1029 1103/1202/1003
f 1103/1202/1003 1113/1229/1029 1104/1230/1030
f 1103/1202/1003 1104/1230/1030 1094/1203/1004
f 1094/1203/1004 1104/1230/1030 1095/1231/1031
f 1094/1203/1004 1095/1231/1031 1085/1204/1005
f 1085/1204/1005 1095/1231/1031 1086/1232/1032
f 1085/1204/1005 1086/1232/1032 1076/1205/1006
f 1076/1205/1006 1086/1232/1032 1077/1233/1033
f 1076/1205/1006 1077/1233/1033 1067/1206/1007
f 1067/1206/1007 1077/1233/1033 1068/1234/1034
f 1067/1206/1007 1068/1234/1034 1058/1207/1008
f 1058/1207/1008 1068/1234/1034 1059/1235/1035
f 1058/1207/1008 1059/1235/1035 1049/1208/1009
f 1049/1208/1009 1059/1235/1035 1050/1236/1036
f 1049/1208/1009 1050/1236/1036 1040/1209/1010
f 1040/1209/1010 1050/1236/1036 1041/1237/1037
f 1040/1209/1010 1041/1237/1037 1031/1210/1011
f 1031/1210/1011 1041/1237/1037 1032/1238/1038
f 1031/1210/1011 1032/1238/1038 1022/1211/1012
f 1022/1211/1012 1032/1238/1038 1023/1239/1039
f 1022/1211/1012 1023/1239/1039 1013/1212/1013
f 1013/1212/1013 1023/1239/1039 1014/1240/1040
f 1013/1212/1013 1014/1240/1040 1004/1213/1014
f 1004/1213/1014 1014/1240/1040 1005/1241/1041
f 1004/1213/1014 1005/1241/1041 995/1214/1015
f 995/1214/1015 1005/1241/1041 996/1242/1042
f 995/1214/1015 996/1242/1042 986/1215/1016
f 986/1215/1016 996/1242/1042 987/1243/1043
f 986/1215/1016 987/1243/1043 977/1216/1017
f 977/1216/1017 987/1243/1043 978/1244/1044
f 977/1216/1017 978/1244/1044 968/1217/1018
f 968/1217/1018 978/1244/1044 969/1245/1045
f 968/1217/1018 969/1245/1045 959/1218/1019
f 959/1218/1019 969/1245/1045 960/1246/1046
f 959/1218/1019 960/1246/1046 950/1219/1020
f 950/1219/1020 960/1246/1046 951/1247/1047
f 950/1219/1020 951/1247/1047 941/1220/994
f 941/1220/994 951/1247/1047 942/1248/1021
f 942/1221/1021 943/1249/1048 1176/1222/1022
f 1176/1222/1022 943/1249/1048 1177/1250/1049
f 1176/1222/1022 1177/1250/1049 1167/1223/1023
f 1167/1223/1023 1177/1250/1049 1168/1251/1050
f 1167/1223/1023 1168/1251/1050 1158/1224/1024
f 1158/1224/1024 1168/1251/1050 1159/1252/1051
f 1158/1224/1024 1159/1252/1051 1149/1225/1025
f 1149/1225/1025 1159/1252/1051 1150/1253/1052
f 1149/1225/1025 1150/1253/1052 1140/1226/1026
f 1140/1226/1026 1150/1253/1052 1141/1254/1053
f 1140/1226/1026 1141/1254/1053 1131/1227/1027
f 1131/1227/1027 1141/1254/1053 1132/1255/1054
f 1131/1227/1027 1132/1255/1054 1122/1228/1028
f 1122/1228/1028 1132/1255/1054 1123/1256/1055
f 1122/1228/1028 1123/1256/1055 1113/1229/1029
f 1113/1229/1029 1123/1256/1055 1114/1257/1056
f 1113/1229/1029 1114/1257/1056 1104/1230/1030
f 1104/1230/1030 1114/1257/1056 1105/1258/1057
f 1104/1230/1030 1105/1258/1057 1095/1231/1031
f 1095/1231/1031 1105/1258/1057 1096/1259/1058
f 1095/1231/1031 1096/1259/1058 1086/1232/1032
f 1086/1232/1032 1096/1259/1058 1087/1260/1059
f 1086/1232/1032 1087/1260/1059 1077/1233/1033
f 1077/1233/1033 1087/1260/1059 1078/1261/1060
f 1077/1233/1033 1078/1261/1060 1068/1234/1034
f 1068/1234/1034 1078/1261/1060 1069/1262/1061
f 1068/1234/1034 1069/1262/1061 1059/1235/1035
f 1059/1235/1035 1069/1262/1061 1060/1263/1062
f 1059/1235/1035 1060/1263/1062 1050/1236/1036
f 1050/1236/1036 1060/1263/1062 1051/1264/1063
f 1050/1236/1036 1051/1264/1063 1041/1237/1037
f 1041/1237/1037 1051/1264/1063 1042/1265/1064
f 1041/1237/1037 1042/1265/1064 1032/1238/1038
f 1032/1238/1038 1042/1265/1064 1033/1266/1065
f 1032/1238/1038 1033/1266/1065 1023/1239/1039
f 1023/1239/1039 1033/1266/1065 1024/1267/1066
f 1023/1239/1039 1024/1267/1066 1014/1240/1040
f 1014/1240/1040 1024/1267/1066 1015/1268/1067
f 1014/1240/1040 1015/1268/1067 1005/1241/1041
f 1005/1241/1041 1015/1268/1067 1006/1269/1068
f 1005/1241/1041 1006/1269/1068 996/1242/1042
f 996/1242/1042 1006/1269/1068 997/1270/1069
f 996/1242/1042 997/1270/1069 987/1243/1043
f 987/1243/1043 997/1270/1069 988/1271/1070
f 987/1243/1043 988/1271/1070 978/1244/1044
f 978/1244/1044 988/1271/1070 979/1272/1071
f 978/1244/1044 979/1272/1071 969/1245/1045
f 969/1245/1045 979/1272/1071 970/1273/1072
f 969/1245/1045 970/1273/1072 960/1246/1046
f 960/1246/1046 970/1273/1072 961/1274/1073
f 960/1246/1046 961/1274/1073 951/1247/1047
f 951/1247/1047 961/1274/1073 952/1275/1074
f 951/1247/1047 952/1275/1074 942/1248/1021
f 942/1248/1021 952/1275/1074 943/1276/1048
f 943/1249/1048 944/1277/1075 1177/1250/1049
f 1177/1250/1049 944/1277/1075 1178/1278/1076
f 1177/1250/1049 1178/1278/1076 1168/1251/1050
f 1168/1251/1050 1178/1278/1076 1169/1279/1077
f 1168/1251/1050 1169/1279/1077 1159/1252/1051
f 1159/1252/1051 1169/1279/1077 1160/1280/1078
f 1159/1252/1051 1160/1280/1078 1150/1253/1052
f 1150/1253/1052 1160/1280/1078 1151/1281/1079
f 1150/1253/1052 1151/1281/1079 1141/1254/1053
f 1141/1254/1053 1151/1281/1079 1142/1282/1080
f 1141/1254/1053 1142/1282/1080 1132/1255/1054
f 1132/1255/1054 1142/1282/1080 1133/1283/1081
f 1132/1255/1054 1133/1283/1081 1123/1256/1055
f 1123/1256/1055 1133/1283/1081 1124/1284/1082
f 1123/1256/1055 1124/1284/1082 1114/1257/1056
f 1114/1257/1056 1124/1284/1082 1115/1285/1083
f 1114/1257/1056 1115/1285/1083 1105/1258/1057
f 1105/1258/1057 1115/1285/1083 1106/1286/1084
f 1105/1258/1057 1106/1286/1084 1096/1259/1058
f 1096/1259/1058 1106/1286/1084 1097/1287/1085
f 1096/1259/1058 1097/1287/1085 1087/1260/1059
f 1087/1260/1059 1097/1287/1085 1088/1288/1086
f 1087/1260/1059 1088/1288/1086 1078/1261/1060
f 1078/1261/1060 1088/1288/1086 1079/1289/1087
f 1078/1261/1060 1079/1289/1087 1069/1262/1061
f 1069/1262/1061 1079/1289/1087 1070/1290/1088
f 1069/1262/1061 1070/1290/1088 1060/1263/1062
f 1060/1263/1062 1070/1290/1088 1061/1291/1089
f 1060/1263/1062 1061/1291/1089 1051/1264/1063
f 1051/1264/1063 1061/1291/1089 1052/1292/1090
f 1051/1264/1063 1052/1292/1090 1042/1265/1064
f 1042/1265/1064 1052/1292/1090 1043/1293/1091
f 1042/1265/1064 1043/1293/1091 1033/1266/1065
f 1033/1266/1065 1043/1293/1091 1034/1294/1092
f 1033/1266/1065 1034/1294/1092 1024/1267/1066
f 1024/1267/1066 1034/1294/1092 1025/1295/1093
f 1024/1267/1066 1025/1295/1093 1015/1268/1067
f 1015/1268/1067 1025/1295/1093 1016/1296/1094
f 1015/1268/1067 1016/1296/1094 1006/1269/1068
f 1006/1269/1068 1016/1296/1094 1007/1297/1095
f 1006/1269/1068 1007/1297/1095 997/1270/1069
f 997/1270/1069 1007/1297/1095 998/1298/1096
f 997/1270/1069 998/1298/1096 988/1271/1070
f 988/1271/1070 998/1298/1096 989/1299/1097
f 988/1271/1070 989/1299/1097 979/1272/1071
f 979/1272/1071 989/1299/1097 980/1300/1098
f 979/1272/1071 980/1300/1098 970/1273/1072
f 970/1273/1072 980/1300/1098 971/1301/1099
f 970/1273/1072 971/1301/1099 961/1274/1073
f 961/1274/1073 971/1301/1099 962/1302/1100
f 961/1274/1073 962/1302/1100 952/1275/1074
f 952/1275/1074 962/1302/1100 953/1303/1101
f 952/1275/1074 953/1303/1101 943/1276/1048
f 943/1276/1048 953/1303/1101 944/1304/1075
f 944/1277/1075 945/1305/1102 1178/1278/1076
f 1178/1278/1076 945/1305/1102 1179/1306/1103
f 1178/1278/1076 1179/1306/1103 1169/1279/1077
f 1169/1279/1077 1179/1306/1103 1170/1307/1104
f 1169/1279/1077 1170/1307/1104 1160/1280/1078
f 1160/1280/1078 1170/1307/1104 1161/1308/1105
f 1160/1280/1078 1161/1308/1105 1151/1281/1079
f 1151/1281/1079 1161/1308/1105 1152/1309/1106
f 1151/1281/1079 1152/1309/1106 1142/1282/1080
f 1142/1282/1080 1152/1309/1106 1143/1310/1107
f 1142/1282/1080 1143/1310/1107 1133/1283/1081
f 1133/1283/1081 1143/1310/1107 1134/1311/1108
f 1133/1283/1081 1134/1311/1108 1124/1284/1082
f 1124/1284/1082 1134/1311/1108 1125/1312/1109
f 1124/1284/1082 1125/1312/1109 1115/1285/1083
f 1115/1285/1083 1125/1312/1109 1116/1313/1110
f 1115/1285/1083 1116/1313/1110 1106/1286/1084
f 1106/1286/1084 1116/1313/1110 1107/1314/1111
f 1106/1286/1084 1107/1314/1111 1097/1287/1085
f 1097/1287/1085 1107/1314/1111 1098/1315/1112
f 1097/1287/1085 1098/1315/1112 1088/1288/1086
f 1088/1288/1086 1098/1315/1112 1089/1316/1113
f 1088/1288/1086 1089/1316/1113 1079/1289/1087
f 1079/1289/1087 1089/1316/1113 1080/1317/1114
f 1079/1289/1087 1080/1317/1114 1070/1290/1088
f 1070/1290/1088 1080/1317/1114 1071/1318/1115
f 1070/1290/1088 1071/1318/1115 1061/1291/1089
f 1061/1291/1089 1071/1318/1115 1062/1319/1116
f 1061/1291/1089 1062/1319/1116 1052/1292/1090
f 1052/1292/1090 1062/1319/1116 1053/1320/1117
f 1052/1292/1090 1053/1320/1117 1043/1293/1091
f 1043/1293/1091 1053/1320/1117 1044/1321/1118
f 1043/1293/1091 1044/1321/1118 1034/1294/1092
f 1034/1294/1092 1044/1321/1118 1035/1322/1119
f 1034/1294/1092 1035/1322/1119 1025/1295/1093
f 1025/1295/1093 1035/1322/1119 1026/1323/1120
f 1025/1295/1093 1026/1323/1120 1016/1296/1094
f 1016/1296/1094 1026/1323/1120 1017/1324/1121
f 1016/1296/1094 1017/1324/1121 1007/1297/1095
f 1007/1297/1095 1017/1324/1121 1008/1325/1122
f 1007/1297/1095 1008/1325/1122 998/1298/1096
f 998/1298/1096 1008/1325/1122 999/1326/1123
f 998/1298/1096 999/1326/1123 989/1299/1097
f 989/1299/1097 999/1326/1123 990/1327/1124
f 989/1299/1097 990/1327/1124 980/1300/1098
f 980/1300/1098 990/1327/1124 981/1328/1125
f 980/1300/1098 981/1328/1125 971/1301/1099
f 971/1301/1099 981/1328/1125 972/1329/1126
f 971/1301/1099 972/1329/1126 962/1302/1100
f 962/1302/1100 972/1329/1126 963/1330/1127
f 962/1302/1100 963/1330/1127 953/1303/1101
f 953/1303/1101 963/1330/1127 954/1331/1128
f 953/1303/1101 954/1331/1128 944/1304/1075
f 944/1304/1075 954/1331/1128 945/1332/1102
f 945/1305/1102 946/1333/1129 1179/1306/1103
f 1179/1306/1103 946/1333/1129 1180/1334/1130
f 1179/1306/1103 1180/1334/1130 1170/1307/1104
f 1170/1307/1104 1180/1334/1130 1171/1335/1131
f 1170/1307/1104 1171/1335/1131 1161/1308/1105
f 1161/1308/1105 1171/1335/1131 1162/1336/1132
f 1161/1308/1105 1162/1336/1132 1152/1309/1106
f 1152/1309/1106 1162/1336/1132 1153/1337/1133
f 1152/1309/1106 1153/1337/1133 1143/1310/1107
f 1143/1310/1107 1153/1337/1133 1144/1338/1134
f 1143/1310/1107 1144/1338/1134 1134/1311/1108
f 1134/1311/1108 1144/1338/1134 1135/1339/1135
f 1134/1311/1108 1135/1339/1135 1125/1312/1109
f 1125/1312/1109 1135/1339/1135 1126/1340/1136
f 1125/1312/1109 1126/1340/1136 1116/1313/1110
f 1116/1313/1110 1126/1340/1136 1117/1341/1137
f 1116/1313/1110 1117/1341/1137 1107/1314/1111
f 1107/1314/1111 1117/1341/1137 1108/1342/1138
f 1107/1314/1111 1108/1342/1138 1098/1315/1112
f 1098/1315/1112 1108/1342/1138 1099/1343/1139
f 1098/1315/1112 1099/1343/1139 1089/1316/1113
f 1089/1316/1113 1099/1343/1139 1090/1344/1140
f 1089/1316/1113 1090/1344/1140 1080/1317/1114
f 1080/1317/1114 1090/1344/1140 1081/1345/1141
f 1080/1317/1114 1081/1345/1141 1071/1318/1115
f 1071/1318/1115 1081/1345/1141 1072/1346/1142
f 1071/1318/1115 1072/1346/1142 1062/1319/1116
f 1062/1319/1116 1072/1346/1142 1063/1347/1143
f 1062/1319/1116 1063/1347/1143 1053/1320/1117
f 1053/1320/1117 1063/1347/1143 1054/1348/1144
f 1053/1320/1117 1054/1348/1144 1044/1321/1118
f 1044/1321/1118 1054/1348/1144 1045/1349/1145
f 1044/1321/1118 1045/1349/1145 1035/1322/1119
f 1035/1322/1119 1045/1349/1145 1036/1350/1146
f 1035/1322/1119 1036/1350/1146 1026/1323/1120
f 1026/1323/1120 1036/1350/1146 1027/1351/1147
f 1026/1323/1120 1027/1351/1147 1017/1324/1121
f 1017/1324/1121 1027/1351/1147 1018/1352/1148
f 1017/1324/1121 1018/1352/1148 1008/1325/1122
f 1008/1325/1122 1018/1352/1148 1009/1353/1149
f 1008/1325/1122 1009/1353/1149 999/1326/1123
f 999/1326/1123 1009/1353/1149 1000/1354/1150
f 999/1326/1123 1000/1354/1150 990/1327/1124
f 990/1327/1124 1000/1354/1150 991/1355/1151
f 990/1327/1124 991/1355/1151 981/1328/1125
f 981/1328/1125 991/1355/1151 982/1356/1152
f 981/1328/1125 982/1356/1152 972/1329/1126
f 972/1329/1126 982/1356/1152 973/1357/1153
f 972/1329/1126 973/1357/1153 963/1330/1127
f 963/1330/1127 973/1357/1153 964/1358/1154
f 963/1330/1127 964/1358/1154 954/1331/1128
f 954/1331/1128 964/1358/1154 955/1359/1155
f 954/1331/1128 955/1359/1155 945/1332/1102
f 945/1332/1102 955/1359/1155 946/1360/1129
f 946/1333/1129 947/1361/1156 1180/1334/1130
f 1180/1334/1130 947/1361/1156 1181/1362/1157
f 1180/1334/1130 1181/1362/1157 1171/1335/1131
f 1171/1335/1131 1181/1362/1157 1172/1363/1158
f 1171/1335/1131 1172/1363/1158 1162/1336/1132
f 1162/1336/1132 1172/1363/1158 1163/1364/1159
f 1162/1336/1132 1163/1364/1159 1153/1337/1133
f 1153/1337/1133 1163/1364/1159 1154/1365/1160
f 1153/1337/1133 1154/1365/1160 1144/1338/1134
f 1144/1338/1134 1154/1365/1160 1145/1366/1161
f 1144/1338/1134 1145/1366/1161 1135/1339/1135
f 1135/1339/1135 1145/1366/1161 1136/1367/1162
f 1135/1339/1135 1136/1367/1162 1126/1340/1136
f 1126/1340/1136 1136/1367/1162 1127/1368/1163
f 1126/1340/1136 1127/1368/1163 1117/1341/1137
f 1117/1341/1137 1127/1368/1163 1118/1369/1164
f 1117/1341/1137 1118/1369/1164 1108/1342/1138
f 1108/1342/1138 1118/1369/1164 1109/1370/1165
f 1108/1342/1138 1109/1370/1165 1099/1343/1139
f 1099/1343/1139 1109/1370/1165 1100/1371/1166
f 1099/1343/1139 1100/1371/1166 1090/1344/1140
f 1090/1344/1140 1100/1371/1166 1091/1372/1167
f 1090/1344/1140 1091/1372/1167 1081/1345/1141
f 1081/1345/1141 1091/1372/1167 1082/1373/1168
f 1081/1345/1141 1082/1373/1168 1072/1346/1142
f 1072/1346/1142 1082/1373/1168 1073/1374/1169
f 1072/1346/1142 1073/1374/1169 1063/1347/1143
f 1063/1347/1143 1073/1374/1169 1064/1375/1170
f 1063/1347/1143 1064/1375/1170 1054/1348/1144
f 1054/1348/1144 1064/1375/1170 1055/1376/1171
f 1054/1348/1144 1055/1376/1171 1045/1349/1145
f 1045/1349/1145 1055/1376/1171 1046/1377/1172
f 1045/1349/1145 1046/1377/1172 1036/1350/1146
f 1036/1350/1146 1046/1377/1172 1037/1378/1173
f 1036/1350/1146 1037/1378/1173 1027/1351/1147
f 1027/1351/1147 1037/1378/1173 1028/1379/1174
f 1027/1351/1147 1028/1379/1174 1018/1352/1148
f 1018/1352/1148 1028/1379/1174 1019/1380/1175
f 1018/1352/1148 1019/1380/1175 1009/1353/1149
f 1009/1353/1149 1019/1380/1175 1010/1381/1176
f 1009/1353/1149 1010/1381/1176 1000/1354/1150
f 1000/1354/1150 1010/1381/1176 1001/1382/1177
f 1000/1354/1150 1001/1382/1177 991/1355/1151
f 991/1355/1151 1001/1382/1177 992/1383/1178
f 991/1355/1151 992/1383/1178 982/1356/1152
f 982/1356/1152 992/1383/1178 983/1384/1179
f 982/1356/1152 983/1384/1179 973/1357/1153
f 973/1357/1153 983/1384/1179 974/1385/1180
f 973/1357/1153 974/1385/1180 964/1358/1154
f 964/1358/1154 974/1385/1180 965/1386/1181
f 964/1358/1154 965/1386/1181 955/1359/1155
f 955/1359/1155 965/1386/1181 956/1387/1182
f 955/1359/1155 956/1387/1182 946/1360/1129
f 946/1360/1129 956/1387/1182 947/1388/1156
f 947/1361/1156 948/1140/943 1181/1362/1157
f 1181/1362/1157 948/1140/943 1182/1138/941
f 1181/1362/1157 1182/1138/941 1172/1363/1158
f 1172/1363/1158 1182/1138/941 1173/1192/993
f 1172/1363/1158 1173/1192/993 1163/1364/1159
f 1163/1364/1159 1173/1192/993 1164/1190/991
f 1163/1364/1159 1164/1190/991 1154/1365/1160
f 1154/1365/1160 1164/1190/991 1155/1188/989
f 1154/1365/1160 1155/1188/989 1145/1366/1161
f 1145/1366/1161 1155/1188/989 1146/1186/987
f 1145/1366/1161 1146/1186/987 1136/1367/1162
f 1136/1367/1162 1146/1186/987 1137/1184/985
f 1136/1367/1162 1137/1184/985 1127/1368/1163
f 1127/1368/1163 1137/1184/985 1128/1182/983
f 1127/1368/1163 1128/1182/983 1118/1369/1164
f 1118/1369/1164 1128/1182/983 1119/1180/981
f 1118/1369/1164 1119/1180/981 1109/1370/1165
f 1109/1370/1165 1119/1180/981 1110/1178/979
f 1109/1370/1165 1110/1178/979 1100/1371/1166
f 1100/1371/1166 1110/1178/979 1101/1176/977
f 1100/1371/1166 1101/1176/977 1091/1372/1167
f 1091/1372/1167 1101/1176/977 1092/1174/975
f 1091/1372/1167 1092/1174/975 1082/1373/1168
f 1082/1373/1168 1092/1174/975 1083/1172/973
f 1082/1373/1168 1083/1172/973 1073/1374/1169
f 1073/1374/1169 1083/1172/973 1074/1170/971
f 1073/1374/1169 1074/1170/971 1064/1375/1170
f 1064/1375/1170 1074/1170/971 1065/1168/969
f 1064/1375/1170 1065/1168/969 1055/1376/1171
f 1055/1376/1171 1065/1168/969 1056/1166/967
f 1055/1376/1171 1056/1166/967 1046/1377/1172
f 1046/1377/1172 1056/1166/967 1047/1164/965
f 1046/1377/1172 1047/1164/965 1037/1378/1173
f 1037/1378/1173 1047/1164/965 1038/1162/963
f 1037/1378/1173 1038/1162/963 1028/1379/1174
f 1028/1379/1174 1038/1162/963 1029/1160/961
f 1028/1379/1174 1029/1160/961 1019/1380/1175
f 1019/1380/1175 1029/1160/961 1020/1158/959
f 1019/1380/1175 1020/1158/959 1010/1381/1176
f 1010/1381/1176 1020/1158/959 1011/1156/957
f 1010/1381/1176 1011/1156/957 1001/1382/1177
f 1001/1382/1177 1011/1156/957 1002/1154/955
f 1001/1382/1177 1002/1154/955 992/1383/1178
f 992/1383/1178 1002/1154/955 993/1152/953
f 992/1383/1178 993/1152/953 983/1384/1179
f 983/1384/1179 993/1152/953 984/1150/951
f 983/1384/1179 984/1150/951 974/1385/1180
f 974/1385/1180 984/1150/951 975/1148/949
f 974/1385/1180 975/1148/949 965/1386/1181
f 965/1386/1181 975/1148/949 966/1146/947
f 965/1386/1181 966/1146/947 956/1387/1182
f 956/1387/1182 966/1146/947 957/1144/945
f 956/1387/1182 957/1144/945 947/1388/1156
f 947/1388/1156 957/1144/945 948/1142/943
f 939/1389/944 1206/1390/1183 913/1391/942
f 913/1391/942 1206/1390/1183 1207/1392/1184
f 913/1391/942 1207/1392/1184 914/1393/940
f 914/1393/940 1207/1392/1184 1208/1394/1185
f 914/1393/940 1208/1394/1185 915/1395/992
f 915/1395/992 1208/1394/1185 1209/1396/1186
f 915/1395/992 1209/1396/1186 916/1397/990
f 916/1397/990 1209/1396/1186 1210/1398/1187
f 916/1397/990 1210/1398/1187 917/1399/988
f 917/1399/988 1210/1398/1187 1211/1400/1188
f 917/1399/988 1211/1400/1188 918/1401/986
f 918/1401/986 1211/1400/1188 1212/1402/1189
f 918/1401/986 1212/1402/1189 919/1403/984
f 919/1403/984 1212/1402/1189 1213/1404/1190
f 919/1403/984 1213/1404/1190 920/1405/982
f 920/1405/982 1213/1404/1190 1214/1406/1191
f 920/1405/982 1214/1406/1191 921/1407/980
f 921/1407/980 1214/1406/1191 1215/1408/1192
f 921/1407/980 1215/1408/1192 922/1409/978
f 922/1409/978 1215/1408/1192 1216/1410/1193
f 922/1409/978 1216/1410/1193 923/1411/976
f 923/1411/976 1216/1410/1193 1217/1412/1194
f 923/1411/976 1217/1412/1194 924/1413/974
f 924/1413/974 1217/1412/1194 1218/1414/1195
f 924/1413/974 1218/1414/1195 925/1415/972
f 925/1415/972 1218/1414/1195 1219/1416/1196
f 925/1415/972 1219/1416/1196 926/1417/970
f 926/1417/970 1219/1416/1196 1184/1418/1197
f 926/1417/970 1184/1418/1197 927/1419/968
f 927/1419/968 1184/1418/1197 1194/1420/1198
f 927/1421/968 1194/1422/1198 928/1423/966
f 928/1423/966 1194/1422/1198 1195/1424/1199
f 928/1423/966 1195/1424/1199 929/1425/964
f 929/1425/964 1195/1424/1199 1196/1426/1200
f 929/1425/964 1196/1426/1200 930/1427/962
f 930/1427/962 1196/1426/1200 1197/1428/1201
f 930/1427/962 1197/1428/1201 931/1429/960
f 931/1429/960 1197/1428/1201 1198/1430/1202
f 931/1429/960 1198/1430/1202 932/1431/958
f 932/1431/958 1198/1430/1202 1199/1432/1203
f 932/1431/958 1199/1432/1203 933/1433/956
f 933/1433/956 1199/1432/1203 1200/1434/1204
f 933/1433/956 1200/1434/1204 934/1435/954
f 934/1435/954 1200/1434/1204 1201/1436/1205
f 934/1435/954 1201/1436/1205 935/1437/952
f 935/1437/952 1201/1436/1205 1202/1438/1206
f 935/1437/952 1202/1438/1206 936/1439/950
f 936/1439/950 1202/1438/1206 1203/1440/1207
f 936/1439/950 1203/1440/1207 937/1441/948
f 937/1441/948 1203/1440/1207 1204/1442/1208
f 937/1441/948 1204/1442/1208 938/1443/946
f 938/1443/946 1204/1442/1208 1205/1444/1209
f 938/1443/946 1205/1444/1209 939/1389/944
f 939/1389/944 1205/1444/1209 1206/1390/1183
f 507/1445/485 1232/1446/1210 481/1447/483
f 481/1447/483 1232/1446/1210 1233/1448/1211
f 481/1447/483 1233/1448/1211 482/1449/481
f 482/1449/481 1233/1448/1211 1234/1450/1212
f 482/1449/481 1234/1450/1212 483/1451/533
f 483/1451/533 1234/1450/1212 1235/1452/1213
f 483/1451/533 1235/1452/1213 484/1453/531
f 484/1453/531 1235/1452/1213 1236/1454/1214
f 484/1453/531 1236/1454/1214 485/1455/529
f 485/1455/529 1236/1454/1214 1237/1456/1215
f 485/1455/529 1237/1456/1215 486/1457/527
f 486/1457/527 1237/1456/1215 1238/1458/1216
f 486/1457/527 1238/1458/1216 487/1459/525
f 487/1459/525 1238/1458/1216 1239/1460/1217
f 487/1459/525 1239/1460/1217 488/1461/523
f 488/1461/523 1239/1460/1217 1240/1462/1218
f 488/1461/523 1240/1462/1218 489/1463/521
f 489/1463/521 1240/1462/1218 1241/1464/1219
f 489/1463/521 1241/1464/1219 490/1465/519
f 490/1465/519 1241/1464/1219 1242/1466/1220
f 490/1465/519 1242/1466/1220 491/1467/517
f 491/1467/517 1242/1466/1220 1243/1468/1221
f 491/1467/517 1243/1468/1221 492/1469/515
f 492/1469/515 1243/1468/1221 1244/1470/1222
f 492/1469/515 1244/1470/1222 493/1471/513
f 493/1471/513 1244/1470/1222 1245/1472/1223
f 493/1471/513 1245/1472/1223 494/1473/511
f 494/1473/511 1245/1472/1223 1183/1474/1224
f 494/1473/511 1183/1474/1224 495/1475/509
f 495/1475/509 1183/1474/1224 1220/1476/1225
f 495/1477/509 1220/1478/1225 496/1479/507
f 496/1479/507 1220/1478/1225 1221/1480/1226
f 496/1479/507 1221/1480/1226 497/1481/505
f 497/1481/505 1221/1480/1226 1222/1482/1227
f 497/1481/505 1222/1482/1227 498/1483/503
f 498/1483/503 1222/1482/1227 1223/1484/1228
f 498/1483/503 1223/1484/1228 499/1485/501
f 499/1485/501 1223/1484/1228 1224/1486/1229
f 499/1485/501 1224/1486/1229 500/1487/499
f 500/1487/499 1224/1486/1229 1225/1488/1230
f 500/1487/499 1225/1488/1230 501/1489/497
f 501/1489/497 1225/1488/1230 1226/1490/1231
f 501/1489/497 1226/1490/1231 502/1491/495
f 502/1491/495 1226/1490/1231 1227/1492/1232
f 502/1491/495 1227/1492/1232 503/1493/493
f 503/1493/493 1227/1492/1232 1228/1494/1233
f 503/1493/493 1228/1494/1233 504/1495/491
f 504/1495/491 1228/1494/1233 1229/1496/1234
f 504/1495/491 1229/1496/1234 505/1497/489
f 505/1497/489 1229/1496/1234 1230/1498/1235
f 505/1497/489 1230/1498/1235 506/1499/487
f 506/1499/487 1230/1498/1235 1231/1500/1236
f 506/1499/487 1231/1500/1236 507/1445/485
f 507/1445/485 1231/1500/1236 1232/1446/1210
f 1184/1501/1197 1185/1502/1237 1246/1503/1238
f 1246/1503/1238 1185/1502/1237 1272/1504/1239
f 1246/1503/1238 1272/1504/1239 1273/1505/1240
f 1273/1505/1240 1272/1504/1239 1299/1506/1241
f 1273/1505/1240 1299/1506/1241 1300/1507/1242
f 1300/1507/1242 1299/1506/1241 1326/1508/1243
f 1300/1507/1242 1326/1508/1243 1327/1509/1244
f 1327/1509/1244 1326/1508/1243 1353/1510/1245
f 1327/1509/1244 1353/1510/1245 1354/1511/1246
f 1354/1511/1246 1353/1510/1245 1380/1512/1247
f 1354/1511/1246 1380/1512/1247 1381/1513/1248
f 1381/1513/1248 1380/1512/1247 1407/1514/1249
f 1381/1513/1248 1407/1514/1249 1408/1515/1250
f 1408/1515/1250 1407/1514/1249 1434/1516/1251
f 1408/1515/1250 1434/1516/1251 1435/1517/1252
f 1435/1517/1252 1434/1516/1251 1461/1518/1253
f 1435/1517/1252 1461/1518/1253 1462/1519/1254
f 1462/1519/1254 1461/1518/1253 1237/1456/1215
f 1462/1519/1254 1237/1456/1215 1236/1454/1214
f 1185/1502/1237 1186/1520/1255 1272/1504/1239
f 1272/1504/1239 1186/1520/1255 1298/1521/1256
f 1272/1504/1239 1298/1521/1256 1299/1506/1241
f 1299/1506/1241 1298/1521/1256 1325/1522/1257
f 1299/1506/1241 1325/1522/1257 1326/1508/1243
f 1326/1508/1243 1325/1522/1257 1352/1523/1258
f 1326/1508/1243 1352/1523/1258 1353/1510/1245
f 1353/1510/1245 1352/1523/1258 1379/1524/1259
f 1353/1510/1245 1379/1524/1259 1380/1512/1247
f 1380/1512/1247 1379/1524/1259 1406/1525/1260
f 1380/1512/1247 1406/1525/1260 1407/1514/1249
f 1407/1514/1249 1406/1525/1260 1433/1526/1261
f 1407/1514/1249 1433/1526/1261 1434/1516/1251
f 1434/1516/1251 1433/1526/1261 1460/1527/1262
f 1434/1516/1251 1460/1527/1262 1461/1518/1253
f 1461/1518/1253 1460/1527/1262 1238/1458/1216
f 1461/1518/1253 1238/1458/1216 1237/1456/1215
f 1184/1418/1197 1219/1416/1196 1185/1528/1237
f 1185/1528/1237 1219/1416/1196 1271/1529/1263
f 1185/1528/1237 1271/1529/1263 1186/1530/1255
f 1186/1530/1255 1271/1529/1263 1297/1531/1264
f 1186/1530/1255 1297/1531/1264 1187/1532/1265
f 1187/1532/1265 1297/1531/1264 1323/1533/1266
f 1187/1532/1265 1323/1533/1266 1188/1534/1267
f 1188/1534/1267 1323/1533/1266 1349/1535/1268
f 1188/1534/1267 1349/1535/1268 1189/1536/1269
f 1189/1536/1269 1349/1535/1268 1375/1537/1270
f 1189/1536/1269 1375/1537/1270 1190/1538/1271
f 1190/1538/1271 1375/1537/1270 1401/1539/1272
f 1190/1538/1271 1401/1539/1272 1191/1540/1273
f 1191/1540/1273 1401/1539/1272 1427/1541/1274
f 1191/1540/1273 1427/1541/1274 1192/1542/1275
f 1192/1542/1275 1427/1541/1274 1453/1543/1276
f 1192/1542/1275 1453/1543/1276 1193/1544/1277
f 1193/1544/1277 1453/1543/1276 1479/1545/1278
f 1193/1544/1277 1479/1545/1278 1183/1546/1224
f 1183/1546/1224 1479/1545/1278 1220/1478/1225
f 1186/1520/1255 1187/1547/1265 1298/1521/1256
f 1298/1521/1256 1187/1547/1265 1324/1548/1279
f 1298/1521/1256 1324/1548/1279 1325/1522/1257
f 1325/1522/1257 1324/1548/1279 1351/1549/1280
f 1325/1522/1257 1351/1549/1280 1352/1523/1258
f 1352/1523/1258 1351/1549/1280 1378/1550/1281
f 1352/1523/1258 1378/1550/1281 1379/1524/1259
f 1379/1524/1259 1378/1550/1281 1405/1551/1282
f 1379/1524/1259 1405/1551/1282 1406/1525/1260
f 1406/1525/1260 1405/1551/1282 1432/1552/1283
f 1406/1525/1260 1432/1552/1283 1433/1526/1261
f 1433/1526/1261 1432/1552/1283 1459/1553/1284
f 1433/1526/1261 1459/1553/1284 1460/1527/1262
f 1460/1527/1262 1459/1553/1284 1239/1460/1217
f 1460/1527/1262 1239/1460/1217 1238/1458/1216
f 1187/1547/1265 1188/1554/1267 1324/1548/1279
f 1324/1548/1279 1188/1554/1267 1350/1555/1285
f 1324/1548/1279 1350/1555/1285 1351/1549/1280
f 1351/1549/1280 1350/1555/1285 1377/1556/1286
f 1351/1549/1280 1377/1556/1286 1378/1550/1281
f 1378/1550/1281 1377/1556/1286 1404/1557/1287
f 1378/1550/1281 1404/1557/1287 1405/1551/1282
f 1405/1551/1282 1404/1557/1287 1431/1558/1288
f 1405/1551/1282 1431/1558/1288 1432/1552/1283
f 1432/1552/1283 1431/1558/1288 1458/1559/1289
f 1432/1552/1283 1458/1559/1289 1459/1553/1284
f 1459/1553/1284 1458/1559/1289 1240/1462/1218
f 1459/1553/1284 1240/1462/1218 1239/1460/1217
f 1188/1554/1267 1189/1560/1269 1350/1555/1285
f 1350/1555/1285 1189/1560/1269 1376/1561/1290
f 1350/1555/1285 1376/1561/1290 1377/1556/1286
f 1377/1556/1286 1376/1561/1290 1403/1562/1291
f 1377/1556/1286 1403/1562/1291 1404/1557/1287
f 1404/1557/1287 1403/1562/1291 1430/1563/1292
f 1404/1557/1287 1430/1563/1292 1431/1558/1288
f 1431/1558/1288 1430/1563/1292 1457/1564/1293
f 1431/1558/1288 1457/1564/1293 1458/1559/1289
f 1458/1559/1289 1457/1564/1293 1241/1464/1219
f 1458/1559/1289 1241/1464/1219 1240/1462/1218
f 1189/1560/1269 1190/1565/1271 1376/1561/1290
f 1376/1561/1290 1190/1565/1271 1402/1566/1294
f 1376/1561/1290 1402/1566/1294 1403/1562/1291
f 1403/1562/1291 1402/1566/1294 1429/1567/1295
f 1403/1562/1291 1429/1567/1295 1430/1563/1292
f 1430/1563/1292 1429/1567/1295 1456/1568/1296
f 1430/1563/1292 1456/1568/1296 1457/1564/1293
f 1457/1564/1293 1456/1568/1296 1242/1466/1220
f 1457/1564/1293 1242/1466/1220 1241/1464/1219
f 1190/1565/1271 1191/1569/1273 1402/1566/1294
f 1402/1566/1294 1191/1569/1273 1428/1570/1297
f 1402/1566/1294 1428/1570/1297 1429/1567/1295
f 1429/1567/1295 1428/1570/1297 1455/1571/1298
f 1429/1567/1295 1455/1571/1298 1456/1568/1296
f 1456/1568/1296 1455/1571/1298 1243/1468/1221
f 1456/1568/1296 1243/1468/1221 1242/1466/1220
f 1191/1569/1273 1192/1572/1275 1428/1570/1297
f 1428/1570/1297 1192/1572/1275 1454/1573/1299
f 1428/1570/1297 1454/1573/1299 1455/1571/1298
f 1455/1571/1298 1454/1573/1299 1244/1470/1222
f 1455/1571/1298 1244/1470/1222 1243/1468/1221
f 1192/1572/1275 1193/1574/1277 1454/1573/1299
f 1454/1573/1299 1193/1574/1277 1245/1472/1223
f 1454/1573/1299 1245/1472/1223 1244/1470/1222
f 1193/1574/1277 1183/1474/1224 1245/1472/1223
f 1194/1422/1198 1184/1501/1197 1246/1503/1238
f 1195/1424/1199 1194/1422/1198 1247/1575/1300
f 1247/1575/1300 1194/1422/1198 1246/1503/1238
f 1247/1575/1300 1246/1503/1238 1273/1505/1240
f 1196/1426/1200 1195/1424/1199 1248/1576/1301
f 1248/1576/1301 1195/1424/1199 1247/1575/1300
f 1248/1576/1301 1247/1575/1300 1274/1577/1302
f 1274/1577/1302 1247/1575/1300 1273/1505/1240
f 1274/1577/1302 1273/1505/1240 1300/1507/1242
f 1197/1428/1201 1196/1426/1200 1249/1578/1303
f 1249/1578/1303 1196/1426/1200 1248/1576/1301
f 1249/1578/1303 1248/1576/1301 1275/1579/1304
f 1275/1579/1304 1248/1576/1301 1274/1577/1302
f 1275/1579/1304 1274/1577/1302 1301/1580/1305
f 1301/1580/1305 1274/1577/1302 1300/1507/1242
f 1301/1580/1305 1300/1507/1242 1327/1509/1244
f 1198/1430/1202 1197/1428/1201 1250/1581/1306
f 1250/1581/1306 1197/1428/1201 1249/1578/1303
f 1250/1581/1306 1249/1578/1303 1276/1582/1307
f 1276/1582/1307 1249/1578/1303 1275/1579/1304
f 1276/1582/1307 1275/1579/1304 1302/1583/1308
f 1302/1583/1308 1275/1579/1304 1301/1580/1305
f 1302/1583/1308 1301/1580/1305 1328/1584/1309
f 1328/1584/1309 1301/1580/1305 1327/1509/1244
f 1328/1584/1309 1327/1509/1244 1354/1511/1246
f 1199/1432/1203 1198/1430/1202 1251/1585/1310
f 1251/1585/1310 1198/1430/1202 1250/1581/1306
f 1251/1585/1310 1250/1581/1306 1277/1586/1311
f 1277/1586/1311 1250/1581/1306 1276/1582/1307
f 1277/1586/1311 1276/1582/1307 1303/1587/1312
f 1303/1587/1312 1276/1582/1307 1302/1583/1308
f 1303/1587/1312 1302/1583/1308 1329/1588/1313
f 1329/1588/1313 1302/1583/1308 1328/1584/1309
f 1329/1588/1313 1328/1584/1309 1355/1589/1314
f 1355/1589/1314 1328/1584/1309 1354/1511/1246
f 1355/1589/1314 1354/1511/1246 1381/1513/1248
f 1200/1434/1204 1199/1432/1203 1252/1590/1315
f 1252/1590/1315 1199/1432/1203 1251/1585/1310
f 1252/1590/1315 1251/1585/1310 1278/1591/1316
f 1278/1591/1316 1251/1585/1310 1277/1586/1311
f 1278/1591/1316 1277/1586/1311 1304/1592/1317
f 1304/1592/1317 1277/1586/1311 1303/1587/1312
f 1304/1592/1317 1303/1587/1312 1330/1593/1318
f 1330/1593/1318 1303/1587/1312 1329/1588/1313
f 1330/1593/1318 1329/1588/1313 1356/1594/1319
f 1356/1594/1319 1329/1588/1313 1355/1589/1314
f 1356/1594/1319 1355/1589/1314 1382/1595/1320
f 1382/1595/1320 1355/1589/1314 1381/1513/1248
f 1382/1595/1320 1381/1513/1248 1408/1515/1250
f 1201/1436/1205 1200/1434/1204 1253/1596/1321
f 1253/1596/1321 1200/1434/1204 1252/1590/1315
f 1253/1596/1321 1252/1590/1315 1279/1597/1322
f 1279/1597/1322 1252/1590/1315 1278/1591/1316
f 1279/1597/1322 1278/1591/1316 1305/1598/1323
f 1305/1598/1323 1278/1591/1316 1304/1592/1317
f 1305/1598/1323 1304/1592/1317 1331/1599/1324
f 1331/1599/1324 1304/1592/1317 1330/1593/1318
f 1331/1599/1324 1330/1593/1318 1357/1600/1325
f 1357/1600/1325 1330/1593/1318 1356/1594/1319
f 1357/1600/1325 1356/1594/1319 1383/1601/1326
f 1383/1601/1326 1356/1594/1319 1382/1595/1320
f 1383/1601/1326 1382/1595/1320 1409/1602/1327
f 1409/1602/1327 1382/1595/1320 1408/1515/1250
f 1409/1602/1327 1408/1515/1250 1435/1517/1252
f 1202/1438/1206 1201/1436/1205 1254/1603/1328
f 1254/1603/1328 1201/1436/1205 1253/1596/1321
f 1254/1603/1328 1253/1596/1321 1280/1604/1329
f 1280/1604/1329 1253/1596/1321 1279/1597/1322
f 1280/1604/1329 1279/1597/1322 1306/1605/1330
f 1306/1605/1330 1279/1597/1322 1305/1598/1323
f 1306/1605/1330 1305/1598/1323 1332/1606/1331
f 1332/1606/1331 1305/1598/1323 1331/1599/1324
f 1332/1606/1331 1331/1599/1324 1358/1607/1332
f 1358/1607/1332 1331/1599/1324 1357/1600/1325
f 1358/1607/1332 1357/1600/1325 1384/1608/1333
f 1384/1608/1333 1357/1600/1325 1383/1601/1326
f 1384/1608/1333 1383/1601/1326 1410/1609/1334
f 1410/1609/1334 1383/1601/1326 1409/1602/1327
f 1410/1609/1334 1409/1602/1327 1436/1610/1335
f 1436/1610/1335 1409/1602/1327 1435/1517/1252
f 1436/1610/1335 1435/1517/1252 1462/1519/1254
f 1203/1440/1207 1202/1438/1206 1255/1611/1336
f 1255/1611/1336 1202/1438/1206 1254/1603/1328
f 1255/1611/1336 1254/1603/1328 1281/1612/1337
f 1281/1612/1337 1254/1603/1328 1280/1604/1329
f 1281/1612/1337 1280/1604/1329 1307/1613/1338
f 1307/1613/1338 1280/1604/1329 1306/1605/1330
f 1307/1613/1338 1306/1605/1330 1333/1614/1339
f 1333/1614/1339 1306/1605/1330 1332/1606/1331
f 1333/1614/1339 1332/1606/1331 1359/1615/1340
f 1359/1615/1340 1332/1606/1331 1358/1607/1332
f 1359/1615/1340 1358/1607/1332 1385/1616/1341
f 1385/1616/1341 1358/1607/1332 1384/1608/1333
f 1385/1616/1341 1384/1608/1333 1411/1617/1342
f 1411/1617/1342 1384/1608/1333 1410/1609/1334
f 1411/1617/1342 1410/1609/1334 1437/1618/1343
f 1437/1618/1343 1410/1609/1334 1436/1610/1335
f 1437/1618/1343 1436/1610/1335 1463/1619/1344
f 1463/1619/1344 1436/1610/1335 1462/1519/1254
f 1463/1619/1344 1462/1519/1254 1236/1454/1214
f 1204/1442/1208 1203/1440/1207 1256/1620/1345
f 1256/1620/1345 1203/1440/1207 1255/1611/1336
f 1256/1620/1345 1255/1611/1336 1282/1621/1346
f 1282/1621/1346 1255/1611/1336 1281/1612/1337
f 1282/1621/1346 1281/1612/1337 1308/1622/1347
f 1308/1622/1347 1281/1612/1337 1307/1613/1338
f 1308/1622/1347 1307/1613/1338 1334/1623/1348
f 1334/1623/1348 1307/1613/1338 1333/1614/1339
f 1334/1623/1348 1333/1614/1339 1360/1624/1349
f 1360/1624/1349 1333/1614/1339 1359/1615/1340
f 1360/1624/1349 1359/1615/1340 1386/1625/1350
f 1386/1625/1350 1359/1615/1340 1385/1616/1341
f 1386/1625/1350 1385/1616/1341 1412/1626/1351
f 1412/1626/1351 1385/1616/1341 1411/1617/1342
f 1412/1626/1351 1411/1617/1342 1438/1627/1352
f 1438/1627/1352 1411/1617/1342 1437/1618/1343
f 1438/1627/1352 1437/1618/1343 1464/1628/1353
f 1464/1628/1353 1437/1618/1343 1463/1619/1344
f 1464/1628/1353 1463/1619/1344 1235/1452/1213
f 1235/1452/1213 1463/1619/1344 1236/1454/1214
f 1205/1444/1209 1204/1442/1208 1257/1629/1354
f 1257/1629/1354 1204/1442/1208 1256/1620/1345
f 1257/1629/1354 1256/1620/1345 1283/1630/1355
f 1283/1630/1355 1256/1620/1345 1282/1621/1346
f 1283/1630/1355 1282/1621/1346 1309/1631/1356
f 1309/1631/1356 1282/1621/1346 1308/1622/1347
f 1309/1631/1356 1308/1622/1347 1335/1632/1357
f 1335/1632/1357 1308/1622/1347 1334/1623/1348
f 1335/1632/1357 1334/1623/1348 1361/1633/1358
f 1361/1633/1358 1334/1623/1348 1360/1624/1349
f 1361/1633/1358 1360/1624/1349 1387/1634/1359
f 1387/1634/1359 1360/1624/1349 1386/1625/1350
f 1387/1634/1359 1386/1625/1350 1413/1635/1360
f 1413/1635/1360 1386/1625/1350 1412/1626/1351
f 1413/1635/1360 1412/1626/1351 1439/1636/1361
f 1439/1636/1361 1412/1626/1351 1438/1627/1352
f 1439/1636/1361 1438/1627/1352 1465/1637/1362
f 1465/1637/1362 1438/1627/1352 1464/1628/1353
f 1465/1637/1362 1464/1628/1353 1234/1450/1212
f 1234/1450/1212 1464/1628/1353 1235/1452/1213
f 1206/1390/1183 1205/1444/1209 1258/1638/1363
f 1258/1638/1363 1205/1444/1209 1257/1629/1354
f 1258/1638/1363 1257/1629/1354 1284/1639/1364
f 1284/1639/1364 1257/1629/1354 1283/1630/1355
f 1284/1639/1364 1283/1630/1355 1310/1640/1365
f 1310/1640/1365 1283/1630/1355 1309/1631/1356
f 1310/1640/1365 1309/1631/1356 1336/1641/1366
f 1336/1641/1366 1309/1631/1356 1335/1632/1357
f 1336/1641/1366 1335/1632/1357 1362/1642/1367
f 1362/1642/1367 1335/1632/1357 1361/1633/1358
f 1362/1642/1367 1361/1633/1358 1388/1643/1368
f 1388/1643/1368 1361/1633/1358 1387/1634/1359
f 1388/1643/1368 1387/1634/1359 1414/1644/1369
f 1414/1644/1369 1387/1634/1359 1413/1635/1360
f 1414/1644/1369 1413/1635/1360 1440/1645/1370
f 1440/1645/1370 1413/1635/1360 1439/1636/1361
f 1440/1645/1370 1439/1636/1361 1466/1646/1371
f 1466/1646/1371 1439/1636/1361 1465/1637/1362
f 1466/1646/1371 1465/1637/1362 1233/1448/1211
f 1233/1448/1211 1465/1637/1362 1234/1450/1212
f 1207/1392/1184 1206/1390/1183 1259/1647/1372
f 1259/1647/1372 1206/1390/1183 1258/1638/1363
f 1259/1647/1372 1258/1638/1363 1285/1648/1373
f 1285/1648/1373 1258/1638/1363 1284/1639/1364
f 1285/1648/1373 1284/1639/1364 1311/1649/1374
f 1311/1649/1374 1284/1639/1364 1310/1640/1365
f 1311/1649/1374 1310/1640/1365 1337/1650/1375
f 1337/1650/1375 1310/1640/1365 1336/1641/1366
f 1337/1650/1375 1336/1641/1366 1363/1651/1376
f 1363/1651/1376 1336/1641/1366 1362/1642/1367
f 1363/1651/1376 1362/1642/1367 1389/1652/1377
f 1389/1652/1377 1362/1642/1367 1388/1643/1368
f 1389/1652/1377 1388/1643/1368 1415/1653/1378
f 1415/1653/1378 1388/1643/1368 1414/1644/1369
f 1415/1653/1378 1414/1644/1369 1441/1654/1379
f 1441/1654/1379 1414/1644/1369 1440/1645/1370
f 1441/1654/1379 1440/1645/1370 1467/1655/1380
f 1467/1655/1380 1440/1645/1370 1466/1646/1371
f 1467/1655/1380 1466/1646/1371 1232/1446/1210
f 1232/1446/1210 1466/1646/1371 1233/1448/1211
f 1208/1394/1185 1207/1392/1184 1260/1656/1381
f 1260/1656/1381 1207/1392/1184 1259/1647/1372
f 1260/1656/1381 1259/1647/1372 1286/1657/1382
f 1286/1657/1382 1259/1647/1372 1285/1648/1373
f 1286/1657/1382 1285/1648/1373 1312/1658/1383
f 1312/1658/1383 1285/1648/1373 1311/1649/1374
f 1312/1658/1383 1311/1649/1374 1338/1659/1384
f 1338/1659/1384 1311/1649/1374 1337/1650/1375
f 1338/1659/1384 1337/1650/1375 1364/1660/1385
f 1364/1660/1385 1337/1650/1375 1363/1651/1376
f 1364/1660/1385 1363/1651/1376 1390/1661/1386
f 1390/1661/1386 1363/1651/1376 1389/1652/1377
f 1390/1661/1386 1389/1652/1377 1416/1662/1387
f 1416/1662/1387 1389/1652/1377 1415/1653/1378
f 1416/1662/1387 1415/1653/1378 1442/1663/1388
f 1442/1663/1388 1415/1653/1378 1441/1654/1379
f 1442/1663/1388 1441/1654/1379 1468/1664/1389
f 1468/1664/1389 1441/1654/1379 1467/1655/1380
f 1468/1664/1389 1467/1655/1380 1231/1500/1236
f 1231/1500/1236 1467/1655/1380 1232/1446/1210
f 1209/1396/1186 1208/1394/1185 1261/1665/1390
f 1261/1665/1390 1208/1394/1185 1260/1656/1381
f 1261/1665/1390 1260/1656/1381 1287/1666/1391
f 1287/1666/1391 1260/1656/1381 1286/1657/1382
f 1287/1666/1391 1286/1657/1382 1313/1667/1392
f 1313/1667/1392 1286/1657/1382 1312/1658/1383
f 1313/1667/1392 1312/1658/1383 1339/1668/1393
f 1339/1668/1393 1312/1658/1383 1338/1659/1384
f 1339/1668/1393 1338/1659/1384 1365/1669/1394
f 1365/1669/1394 1338/1659/1384 1364/1660/1385
f 1365/1669/1394 1364/1660/1385 1391/1670/1395
f 1391/1670/1395 1364/1660/1385 1390/1661/1386
f 1391/1670/1395 1390/1661/1386 1417/1671/1396
f 1417/1671/1396 1390/1661/1386 1416/1662/1387
f 1417/1671/1396 1416/1662/1387 1443/1672/1397
f 1443/1672/1397 1416/1662/1387 1442/1663/1388
f 1443/1672/1397 1442/1663/1388 1469/1673/1398
f 1469/1673/1398 1442/1663/1388 1468/1664/1389
f 1469/1673/1398 1468/1664/1389 1230/1498/1235
f 1230/1498/1235 1468/1664/1389 1231/1500/1236
f 1210/1398/1187 1209/1396/1186 1262/1674/1399
f 1262/1674/1399 1209/1396/1186 1261/1665/1390
f 1262/1674/1399 1261/1665/1390 1288/1675/1400
f 1288/1675/1400 1261/1665/1390 1287/1666/1391
f 1288/1675/1400 1287/1666/1391 1314/1676/1401
f 1314/1676/1401 1287/1666/1391 1313/1667/1392
f 1314/1676/1401 1313/1667/1392 1340/1677/1402
f 1340/1677/1402 1313/1667/1392 1339/1668/1393
f 1340/1677/1402 1339/1668/1393 1366/1678/1403
f 1366/1678/1403 1339/1668/1393 1365/1669/1394
f 1366/1678/1403 1365/1669/1394 1392/1679/1404
f 1392/1679/1404 1365/1669/1394 1391/1670/1395
f 1392/1679/1404 1391/1670/1395 1418/1680/1405
f 1418/1680/1405 1391/1670/1395 1417/1671/1396
f 1418/1680/1405 1417/1671/1396 1444/1681/1406
f 1444/1681/1406 1417/1671/1396 1443/1672/1397
f 1444/1681/1406 1443/1672/1397 1470/1682/1407
f 1470/1682/1407 1443/1672/1397 1469/1673/1398
f 1470/1682/1407 1469/1673/1398 1229/1496/1234
f 1229/1496/1234 1469/1673/1398 1230/1498/1235
f 1211/1400/1188 1210/1398/1187 1263/1683/1408
f 1263/1683/1408 1210/1398/1187 1262/1674/1399
f 1263/1683/1408 1262/1674/1399 1289/1684/1409
f 1289/1684/1409 1262/1674/1399 1288/1675/1400
f 1289/1684/1409 1288/1675/1400 1315/1685/1410
f 1315/1685/1410 1288/1675/1400 1314/1676/1401
f 1315/1685/1410 1314/1676/1401 1341/1686/1411
f 1341/1686/1411 1314/1676/1401 1340/1677/1402
f 1341/1686/1411 1340/1677/1402 1367/1687/1412
f 1367/1687/1412 1340/1677/1402 1366/1678/1403
f 1367/1687/1412 1366/1678/1403 1393/1688/1413
f 1393/1688/1413 1366/1678/1403 1392/1679/1404
f 1393/1688/1413 1392/1679/1404 1419/1689/1414
f 1419/1689/1414 1392/1679/1404 1418/1680/1405
f 1419/1689/1414 1418/1680/1405 1445/1690/1415
f 1445/1690/1415 1418/1680/1405 1444/1681/1406
f 1445/1690/1415 1444/1681/1406 1471/1691/1416
f 1471/1691/1416 1444/1681/1406 1470/1682/1407
f 1471/1691/1416 1470/1682/1407 1228/1494/1233
f 1228/1494/1233 1470/1682/1407 1229/1496/1234
f 1212/1402/1189 1211/1400/1188 1264/1692/1417
f 1264/1692/1417 1211/1400/1188 1263/1683/1408
f 1264/1692/1417 1263/1683/1408 1290/1693/1418
f 1290/1693/1418 1263/1683/1408 1289/1684/1409
f 1290/1693/1418 1289/1684/1409 1316/1694/1419
f 1316/1694/1419 1289/1684/1409 1315/1685/1410
f 1316/1694/1419 1315/1685/1410 1342/1695/1420
f 1342/1695/1420 1315/1685/1410 1341/1686/1411
f 1342/1695/1420 1341/1686/1411 1368/1696/1421
f 1368/1696/1421 1341/1686/1411 1367/1687/1412
f 1368/1696/1421 1367/1687/1412 1394/1697/1422
f 1394/1697/1422 1367/1687/1412 1393/1688/1413
f 1394/1697/1422 1393/1688/1413 1420/1698/1423
f 1420/1698/1423 1393/1688/1413 1419/1689/1414
f 1420/1698/1423 1419/1689/1414 1446/1699/1424
f 1446/1699/1424 1419/1689/1414 1445/1690/1415
f 1446/1699/1424 1445/1690/1415 1472/1700/1425
f 1472/1700/1425 1445/1690/1415 1471/1691/1416
f 1472/1700/1425 1471/1691/1416 1227/1492/1232
f 1227/1492/1232 1471/1691/1416 1228/1494/1233
f 1213/1404/1190 1212/1402/1189 1265/1701/1426
f 1265/1701/1426 1212/1402/1189 1264/1692/1417
f 1265/1701/1426 1264/1692/1417 1291/1702/1427
f 1291/1702/1427 1264/1692/1417 1290/1693/1418
f 1291/1702/1427 1290/1693/1418 1317/1703/1428
f 1317/1703/1428 1290/1693/1418 1316/1694/1419
f 1317/1703/1428 1316/1694/1419 1343/1704/1429
f 1343/1704/1429 1316/1694/1419 1342/1695/1420
f 1343/1704/1429 1342/1695/1420 1369/1705/1430
f 1369/1705/1430 1342/1695/1420 1368/1696/1421
f 1369/1705/1430 1368/1696/1421 1395/1706/1431
f 1395/1706/1431 1368/1696/1421 1394/1697/1422
f 1395/1706/1431 1394/1697/1422 1421/1707/1432
f 1421/1707/1432 1394/1697/1422 1420/1698/1423
f 1421/1707/1432 1420/1698/1423 1447/1708/1433
f 1447/1708/1433 1420/1698/1423 1446/1699/1424
f 1447/1708/1433 1446/1699/1424 1473/1709/1434
f 1473/1709/1434 1446/1699/1424 1472/1700/1425
f 1473/1709/1434 1472/1700/1425 1226/1490/1231
f 1226/1490/1231 1472/1700/1425 1227/1492/1232
f 1214/1406/1191 1213/1404/1190 1266/1710/1435
f 1266/1710/1435 1213/1404/1190 1265/1701/1426
f 1266/1710/1435 1265/1701/1426 1292/1711/1436
f 1292/1711/1436 1265/1701/1426 1291/1702/1427
f 1292/1711/1436 1291/1702/1427 1318/1712/1437
f 1318/1712/1437 1291/1702/1427 1317/1703/1428
f 1318/1712/1437 1317/1703/1428 1344/1713/1438
f 1344/1713/1438 1317/1703/1428 1343/1704/1429
f 1344/1713/1438 1343/1704/1429 1370/1714/1439
f 1370/1714/1439 1343/1704/1429 1369/1705/1430
f 1370/1714/1439 1369/1705/1430 1396/1715/1440
f 1396/1715/1440 1369/1705/1430 1395/1706/1431
f 1396/1715/1440 1395/1706/1431 1422/1716/1441
f 1422/1716/1441 1395/1706/1431 1421/1707/1432
f 1422/1716/1441 1421/1707/1432 1448/1717/1442
f 1448/1717/1442 1421/1707/1432 1447/1708/1433
f 1448/1717/1442 1447/1708/1433 1474/1718/1443
f 1474/1718/1443 1447/1708/1433 1473/1709/1434
f 1474/1718/1443 1473/1709/1434 1225/1488/1230
f 1225/1488/1230 1473/1709/1434 1226/1490/1231
f 1215/1408/1192 1214/1406/1191 1267/1719/1444
f 1267/1719/1444 1214/1406/1191 1266/1710/1435
f 1267/1719/1444 1266/1710/1435 1293/1720/1445
f 1293/1720/1445 1266/1710/1435 1292/1711/1436
f 1293/1720/1445 1292/1711/1436 1319/1721/1446
f 1319/1721/1446 1292/1711/1436 1318/1712/1437
f 1319/1721/1446 1318/1712/1437 1345/1722/1447
f 1345/1722/1447 1318/1712/1437 1344/1713/1438
f 1345/1722/1447 1344/1713/1438 1371/1723/1448
f 1371/1723/1448 1344/1713/1438 1370/1714/1439
f 1371/1723/1448 1370/1714/1439 1397/1724/1449
f 1397/1724/1449 1370/1714/1439 1396/1715/1440
f 1397/1724/1449 1396/1715/1440 1423/1725/1450
f 1423/1725/1450 1396/1715/1440 1422/1716/1441
f 1423/1725/1450 1422/1716/1441 1449/1726/1451
f 1449/1726/1451 1422/1716/1441 1448/1717/1442
f 1449/1726/1451 1448/1717/1442 1475/1727/1452
f 1475/1727/1452 1448/1717/1442 1474/1718/1443
f 1475/1727/1452 1474/1718/1443 1224/1486/1229
f 1224/1486/1229 1474/1718/1443 1225/1488/1230
f 1216/1410/1193 1215/1408/1192 1268/1728/1453
f 1268/1728/1453 1215/1408/1192 1267/1719/1444
f 1268/1728/1453 1267/1719/1444 1294/1729/1454
f 1294/1729/1454 1267/1719/1444 1293/1720/1445
f 1294/1729/1454 1293/1720/1445 1320/1730/1455
f 1320/1730/1455 1293/1720/1445 1319/1721/1446
f 1320/1730/1455 1319/1721/1446 1346/1731/1456
f 1346/1731/1456 1319/1721/1446 1345/1722/1447
f 1346/1731/1456 1345/1722/1447 1372/1732/1457
f 1372/1732/1457 1345/1722/1447 1371/1723/1448
f 1372/1732/1457 1371/1723/1448 1398/1733/1458
f 1398/1733/1458 1371/1723/1448 1397/1724/1449
f 1398/1733/1458 1397/1724/1449 1424/1734/1459
f 1424/1734/1459 1397/1724/1449 1423/1725/1450
f 1424/1734/1459 1423/1725/1450 1450/1735/1460
f 1450/1735/1460 1423/1725/1450 1449/1726/1451
f 1450/1735/1460 1449/1726/1451 1476/1736/1461
f 1476/1736/1461 1449/1726/1451 1475/1727/1452
f 1476/1736/1461 1475/1727/1452 1223/1484/1228
f 1223/1484/1228 1475/1727/1452 1224/1486/1229
f 1217/1412/1194 1216/1410/1193 1269/1737/1462
f 1269/1737/1462 1216/1410/1193 1268/1728/1453
f 1269/1737/1462 1268/1728/1453 1295/1738/1463
f 1295/1738/1463 1268/1728/1453 1294/1729/1454
f 1295/1738/1463 1294/1729/1454 1321/1739/1464
f 1321/1739/1464 1294/1729/1454 1320/1730/1455
f 1321/1739/1464 1320/1730/1455 1347/1740/1465
f 1347/1740/1465 1320/1730/1455 1346/1731/1456
f 1347/1740/1465 1346/1731/1456 1373/1741/1466
f 1373/1741/1466 1346/1731/1456 1372/1732/1457
f 1373/1741/1466 1372/1732/1457 1399/1742/1467
f 1399/1742/1467 1372/1732/1457 1398/1733/1458
f 1399/1742/1467 1398/1733/1458 1425/1743/1468
f 1425/1743/1468 1398/1733/1458 1424/1734/1459
f 1425/1743/1468 1424/1734/1459 1451/1744/1469
f 1451/1744/1469 1424/1734/1459 1450/1735/1460
f 1451/1744/1469 1450/1735/1460 1477/1745/1470
f 1477/1745/1470 1450/1735/1460 1476/1736/1461
f 1477/1745/1470 1476/1736/1461 1222/1482/1227
f 1222/1482/1227 1476/1736/1461 1223/1484/1228
f 1271/1529/1263 1219/1416/1196 1218/1414/1195
f 1218/1414/1195 1217/1412/1194 1270/1746/1471
f 1270/1746/1471 1217/1412/1194 1269/1737/1462
f 1270/1746/1471 1269/1737/1462 1296/1747/1472
f 1296/1747/1472 1269/1737/1462 1295/1738/1463
f 1296/1747/1472 1295/1738/1463 1322/1748/1473
f 1322/1748/1473 1295/1738/1463 1321/1739/1464
f 1322/1748/1473 1321/1739/1464 1348/1749/1474
f 1348/1749/1474 1321/1739/1464 1347/1740/1465
f 1348/1749/1474 1347/1740/1465 1374/1750/1475
f 1374/1750/1475 1347/1740/1465 1373/1741/1466
f 1374/1750/1475 1373/1741/1466 1400/1751/1476
f 1400/1751/1476 1373/1741/1466 1399/1742/1467
f 1400/1751/1476 1399/1742/1467 1426/1752/1477
f 1426/1752/1477 1399/1742/1467 1425/1743/1468
f 1426/1752/1477 1425/1743/1468 1452/1753/1478
f 1452/1753/1478 1425/1743/1468 1451/1744/1469
f 1452/1753/1478 1451/1744/1469 1478/1754/1479
f 1478/1754/1479 1451/1744/1469 1477/1745/1470
f 1478/1754/1479 1477/1745/1470 1221/1480/1226
f 1221/1480/1226 1477/1745/1470 1222/1482/1227
f 1478/1754/1479 1221/1480/1226 1220/1478/1225
f 1478/1754/1479 1220/1478/1225 1479/1545/1278
f 1297/1531/1264 1271/1529/1263 1270/1746/1471
f 1270/1746/1471 1271/1529/1263 1218/1414/1195
f 1297/1531/1264 1270/1746/1471 1296/1747/1472
f 1323/1533/1266 1297/1531/1264 1296/1747/1472
f 1323/1533/1266 1296/1747/1472 1322/1748/1473
f 1349/1535/1268 1323/1533/1266 1322/1748/1473
f 1349/1535/1268 1322/1748/1473 1348/1749/1474
f 1375/1537/1270 1349/1535/1268 1348/1749/1474
f 1375/1537/1270 1348/1749/1474 1374/1750/1475
f 1401/1539/1272 1375/1537/1270 1374/1750/1475
f 1401/1539/1272 1374/1750/1475 1400/1751/1476
f 1427/1541/1274 1401/1539/1272 1400/1751/1476
f 1427/1541/1274 1400/1751/1476 1426/1752/1477
f 1453/1543/1276 1427/1541/1274 1426/1752/1477
f 1453/1543/1276 1426/1752/1477 1452/1753/1478
f 1479/1545/1278 1453/1543/1276 1452/1753/1478
f 1479/1545/1278 1452/1753/1478 1478/1754/1479
g Body1:1

v 1.550000 -1.550000 2.050000
v 1.550000 -1.542981 1.902663
v 1.550000 -1.521989 1.756661
v 1.550000 -1.487214 1.613315
v 1.550000 -1.438970 1.473923
v 1.550000 -1.377695 1.339749
v 1.550000 -1.303943 1.212007
v 1.550000 -1.218382 1.091854
v 1.550000 -1.121788 0.980378
v 1.550000 -1.015034 0.878588
v 1.550000 -0.899088 0.787407
v 1.550000 -0.775000 0.707661
v 1.550000 -0.643893 0.640070
v 1.550000 -0.506955 0.585249
v 1.550000 -0.365426 0.543692
v 1.550000 -0.220588 0.515777
v 1.550000 -0.073752 0.501756
v 1.550000 0.073752 0.501756
v 1.550000 0.220588 0.515777
v 1.550000 0.365426 0.543692
v 1.550000 0.506955 0.585249
v 1.550000 0.643893 0.640070
v 1.550000 0.775000 0.707661
v 1.550000 0.899088 0.787407
v 1.550000 1.015034 0.878588
v 1.550000 1.121788 0.980378
v 1.550000 1.218382 1.091854
v 1.550000 1.303943 1.212007
v 1.550000 1.377695 1.339749
v 1.550000 1.438970 1.473923
v 1.550000 1.487214 1.613315
v 1.550000 1.521989 1.756661
v 1.550000 1.542981 1.902663
v 1.550000 1.550000 2.050000
v 1.550000 1.542981 2.197337
v 1.550000 1.521989 2.343339
v 1.550000 1.487214 2.486685
v 1.550000 1.438970 2.626077
v 1.550000 1.377695 2.760251
v 1.550000 1.303943 2.887993
v 1.550000 1.218382 3.008146
v 1.550000 1.121788 3.119622
v 1.550000 1.015034 3.221412
v 1.550000 0.899088 3.312593
v 1.550000 0.775000 3.392339
v 1.550000 0.643893 3.459930
v 1.550000 0.506955 3.514751
v 1.550000 0.365426 3.556308
v 1.550000 0.220588 3.584223
v 1.550000 0.073752 3.598244
v 1.550000 -0.073752 3.598244
v 1.550000 -0.220588 3.584223
v 1.550000 -0.365426 3.556308
v 1.550000 -0.506955 3.514751
v 1.550000 -0.643893 3.459930
v 1.550000 -0.775000 3.392339
v 1.550000 -0.899088 3.312593
v 1.550000 -1.015034 3.221412
v 1.550000 -1.121788 3.119622
v 1.550000 -1.218382 3.008146
v 1.550000 -1.303943 2.887993
v 1.550000 -1.377695 2.760251
v 1.550000 -1.438970 2.626077
v 1.550000 -1.487214 2.486685
v 1.550000 -1.521989 2.343339
v 1.550000 -1.542981 2.197337
v 2.550000 -0.550000 2.050000
v 2.550000 -0.542878 2.138226
v 2.550000 -0.521695 2.224167
v 2.550000 -0.487001 2.305598
v 2.550000 -0.439694 2.380408
v 2.550000 -0.380998 2.446661
v 2.550000 -0.312436 2.502641
v 2.550000 -0.235781 2.546898
v 2.550000 -0.153020 2.578285
v 2.550000 -0.066295 2.595990
v 2.550000 0.022146 2.599554
v 2.550000 0.110014 2.588885
v 2.550000 0.195033 2.564259
v 2.550000 0.275000 2.526314
v 2.550000 0.347845 2.476033
v 2.550000 0.411681 2.414717
v 2.550000 0.464855 2.343956
v 2.550000 0.505989 2.265582
v 2.550000 0.534018 2.181624
v 2.550000 0.548217 2.094257
v 2.550000 0.548217 2.005743
v 2.550000 0.534018 1.918376
v 2.550000 0.505989 1.834418
v 2.550000 0.464855 1.756044
v 2.550000 0.411681 1.685283
v 2.550000 0.347845 1.623967
v 2.550000 0.275000 1.573686
v 2.550000 0.195033 1.535741
v 2.550000 0.110014 1.511115
v 2.550000 0.022146 1.500446
v 2.550000 -0.066295 1.504010
v 2.550000 -0.153020 1.521715
v 2.550000 -0.235781 1.553102
v 2.550000 -0.312436 1.597359
v 2.550000 -0.380998 1.653339
v 2.550000 -0.439694 1.719592
v 2.550000 -0.487001 1.794402
v 2.550000 -0.521695 1.875833
v 2.550000 -0.542878 1.961774
v 1.670537 0.000000 3.592709
v 1.789316 0.000000 3.570942
v 1.904605 0.000000 3.535016
v 2.014723 0.000000 3.485456
v 2.118065 0.000000 3.422984
v 2.213123 0.000000 3.348511
v 2.298511 0.000000 3.263123
v 2.372984 0.000000 3.168065
v 2.435456 0.000000 3.064723
v 2.485016 0.000000 2.954605
v 2.520942 0.000000 2.839316
v 2.542709 -0.000000 2.720537
v 2.542709 -0.249213 2.672505
v 2.542709 -0.362519 2.614091
v 2.542709 -0.414498 2.577077
v 2.542709 -0.580702 2.385268
v 2.542709 -0.609942 2.328551
v 2.542709 -0.669777 2.081905
v 2.542709 -0.669777 2.018095
v 2.542709 -0.609942 1.771449
v 2.542709 -0.580702 1.714732
v 2.542709 -0.414498 1.522923
v 2.542709 -0.307258 1.454003
v 2.542709 -0.249213 1.427495
v 2.542709 0.000000 1.379463
v 2.542709 0.063739 1.382500
v 2.542709 0.307258 1.454003
v 2.542709 0.362519 1.485909
v 2.542709 0.546203 1.661051
v 2.542709 0.580702 1.714732
v 2.542709 0.663712 1.954573
v 2.542709 0.669777 2.081905
v 2.542709 0.663712 2.145427
v 2.542709 0.580702 2.385268
v 2.542709 0.546203 2.438949
v 2.542709 0.362519 2.614091
v 2.542709 0.307258 2.645997
v 2.542709 0.063739 2.717500
v 1.670537 -1.540962 1.976595
v 1.789316 -1.519219 1.977631
v 1.904605 -1.483334 1.979340
v 2.014723 -1.433830 1.981698
v 2.118065 -1.371429 1.984671
v 2.213123 -1.297040 1.988214
v 2.298511 -1.211749 1.992277
v 2.372984 -1.116798 1.996800
v 2.435456 -1.013574 2.001718
v 2.485016 -0.903580 2.006957
v 2.520942 -0.788422 2.012443
v 2.520942 -0.788422 2.087557
v 2.485016 -0.903580 2.093043
v 2.435456 -1.013574 2.098282
v 2.372984 -1.116798 2.103200
v 2.298511 -1.211749 2.107723
v 2.213123 -1.297040 2.111786
v 2.118065 -1.371429 2.115329
v 2.014723 -1.433830 2.118302
v 1.904605 -1.483334 2.120660
v 1.789316 -1.519219 2.122369
v 1.670537 -1.540962 2.123405
v 1.670537 -1.527006 1.830450
v 1.789316 -1.505461 1.833547
v 1.904605 -1.469901 1.838660
v 2.014723 -1.420845 1.845713
v 2.118065 -1.359009 1.854604
v 2.213123 -1.285294 1.865203
v 2.298511 -1.200775 1.877355
v 2.372984 -1.106684 1.890883
v 2.435456 -1.004395 1.905590
v 2.485016 -0.895397 1.921261
v 2.520942 -0.781282 1.937669
v 2.542709 -0.663712 1.954573
v 1.670537 -1.499222 1.686293
v 1.789316 -1.478069 1.691424
v 1.904605 -1.443156 1.699894
v 2.014723 -1.394993 1.711578
v 2.118065 -1.334282 1.726307
v 2.213123 -1.261908 1.743864
v 2.298511 -1.178927 1.763995
v 2.372984 -1.086548 1.786406
v 2.435456 -0.986120 1.810770
v 2.485016 -0.879105 1.836731
v 2.520942 -0.767066 1.863912
v 2.542709 -0.651635 1.891915
v 1.670537 -1.457861 1.545429
v 1.789316 -1.437291 1.552549
v 1.904605 -1.403342 1.564299
v 2.014723 -1.356507 1.580508
v 2.118065 -1.297471 1.600941
v 2.213123 -1.227094 1.625299
v 2.298511 -1.146402 1.653226
v 2.372984 -1.056572 1.684317
v 2.435456 -0.958914 1.718117
v 2.485016 -0.854852 1.754133
v 2.520942 -0.745904 1.791840
v 2.542709 -0.633658 1.830689
v 1.670537 -1.403297 1.409136
v 1.789316 -1.383497 1.418178
v 1.904605 -1.350818 1.433102
v 2.014723 -1.305737 1.453690
v 2.118065 -1.248910 1.479642
v 2.213123 -1.181167 1.510579
v 2.298511 -1.103495 1.546051
v 2.372984 -1.017027 1.585539
v 2.435456 -0.923025 1.628469
v 2.485016 -0.822858 1.674214
v 2.520942 -0.717987 1.722106
v 1.670537 -1.336025 1.278646
v 1.789316 -1.317174 1.289529
v 1.904605 -1.286062 1.307492
v 2.014723 -1.243141 1.332272
v 2.118065 -1.189039 1.363508
v 2.213123 -1.124543 1.400745
v 2.298511 -1.050595 1.443439
v 2.372984 -0.968272 1.490968
v 2.435456 -0.878776 1.542638
v 2.485016 -0.783411 1.597698
v 2.520942 -0.683567 1.655342
v 1.670537 -1.256654 1.155141
v 1.789316 -1.238923 1.167767
v 1.904605 -1.209659 1.188606
v 2.014723 -1.169288 1.217354
v 2.118065 -1.118400 1.253591
v 2.213123 -1.057736 1.296790
v 2.298511 -0.988181 1.346320
v 2.372984 -0.910749 1.401459
v 2.435456 -0.826569 1.461403
v 2.485016 -0.736869 1.525278
v 2.520942 -0.642958 1.592152
v 2.542709 -0.546203 1.661051
v 1.670537 -1.165902 1.039741
v 1.789316 -1.149451 1.053995
v 1.904605 -1.122300 1.077521
v 2.014723 -1.084845 1.109976
v 2.118065 -1.037632 1.150887
v 2.213123 -0.981349 1.199656
v 2.298511 -0.916817 1.255574
v 2.372984 -0.844977 1.317823
v 2.435456 -0.766877 1.385498
v 2.485016 -0.683655 1.457610
v 2.520942 -0.596525 1.533108
v 2.542709 -0.506758 1.610892
v 1.670537 -1.064591 0.933489
v 1.789316 -1.049570 0.949243
v 1.904605 -1.024779 0.975243
v 2.014723 -0.990578 1.011112
v 2.118065 -0.947467 1.056325
v 2.213123 -0.896075 1.110224
v 2.298511 -0.837150 1.172022
v 2.372984 -0.771553 1.240818
v 2.435456 -0.700239 1.315610
v 2.485016 -0.624249 1.395307
v 2.520942 -0.544690 1.478745
v 2.542709 -0.462723 1.564710
v 1.670537 -0.953639 0.837349
v 1.789316 -0.940184 0.854459
v 1.904605 -0.917976 0.882698
v 2.014723 -0.887340 0.921655
v 2.118065 -0.848722 0.970762
v 2.213123 -0.802686 1.029302
v 2.298511 -0.749903 1.096421
v 2.372984 -0.691142 1.171142
v 2.435456 -0.627260 1.252374
v 2.485016 -0.559190 1.338933
v 2.520942 -0.487923 1.429556
v 1.670537 -0.834051 0.752191
v 1.789316 -0.822283 0.770502
v 1.904605 -0.802860 0.800725
v 2.014723 -0.776066 0.842418
v 2.118065 -0.742291 0.894972
v 2.213123 -0.702028 0.957623
v 2.298511 -0.655864 1.029456
v 2.372984 -0.604471 1.109424
v 2.435456 -0.548601 1.196361
v 2.485016 -0.489066 1.288998
v 2.520942 -0.426736 1.385985
v 2.542709 -0.362519 1.485909
v 1.670537 -0.706910 0.678786
v 1.789316 -0.696936 0.698133
v 1.904605 -0.680474 0.730065
v 2.014723 -0.657764 0.774116
v 2.118065 -0.629138 0.829643
v 2.213123 -0.595012 0.895838
v 2.298511 -0.555885 0.971734
v 2.372984 -0.512327 1.056224
v 2.435456 -0.464973 1.148078
v 2.485016 -0.414514 1.245955
v 2.520942 -0.361685 1.348428
v 1.670537 -0.573367 0.617799
v 1.789316 -0.565277 0.638006
v 1.904605 -0.551925 0.671359
v 2.014723 -0.533505 0.717369
v 2.118065 -0.510287 0.775366
v 2.213123 -0.482608 0.844504
v 2.298511 -0.450872 0.923776
v 2.372984 -0.415543 1.012025
v 2.435456 -0.377135 1.107964
v 2.485016 -0.336208 1.210194
v 2.520942 -0.293359 1.317225
v 1.670537 -0.434631 0.569782
v 1.789316 -0.428499 0.590667
v 1.904605 -0.418377 0.625137
v 2.014723 -0.404415 0.672690
v 2.118065 -0.386814 0.732632
v 2.213123 -0.365833 0.804088
v 2.298511 -0.341776 0.886017
v 2.372984 -0.314995 0.977225
v 2.435456 -0.285881 1.076380
v 2.485016 -0.254857 1.182038
v 2.520942 -0.222376 1.292657
v 2.542709 -0.188912 1.406625
v 1.670537 -0.291960 0.535170
v 1.789316 -0.287840 0.556544
v 1.904605 -0.281041 0.591820
v 2.014723 -0.271662 0.640485
v 2.118065 -0.259839 0.701828
v 2.213123 -0.245745 0.774955
v 2.298511 -0.229585 0.858800
v 2.372984 -0.211595 0.952140
v 2.435456 -0.192038 1.053614
v 2.485016 -0.171198 1.161743
v 2.520942 -0.149379 1.274948
v 2.542709 -0.126900 1.391581
v 1.670537 -0.146644 0.514277
v 1.789316 -0.144575 0.535945
v 1.904605 -0.141160 0.571708
v 2.014723 -0.136449 0.621044
v 2.118065 -0.130510 0.683233
v 2.213123 -0.123431 0.757369
v 2.298511 -0.115315 0.842370
v 2.372984 -0.106279 0.936998
v 2.435456 -0.096456 1.039872
v 2.485016 -0.085988 1.149491
v 2.520942 -0.075029 1.264258
v 2.542709 -0.063739 1.382500
v 1.670537 0.000000 0.507291
v 1.789316 0.000000 0.529058
v 1.904605 0.000000 0.564984
v 2.014723 0.000000 0.614544
v 2.118065 0.000000 0.677016
v 2.213123 0.000000 0.751489
v 2.298511 0.000000 0.836877
v 2.372984 0.000000 0.931935
v 2.435456 0.000000 1.035277
v 2.485016 0.000000 1.145395
v 2.520942 0.000000 1.260684
v 1.670537 0.146644 0.514277
v 1.789316 0.144575 0.535945
v 1.904605 0.141160 0.571708
v 2.014723 0.136449 0.621044
v 2.118065 0.130510 0.683233
v 2.213123 0.123431 0.757369
v 2.298511 0.115315 0.842370
v 2.372984 0.106279 0.936998
v 2.435456 0.096456 1.039872
v 2.485016 0.085988 1.149491
v 2.520942 0.075029 1.264258
v 1.670537 0.291960 0.535170
v 1.789316 0.287840 0.556544
v 1.904605 0.281041 0.591820
v 2.014723 0.271662 0.640485
v 2.118065 0.259839 0.701828
v 2.213123 0.245745 0.774955
v 2.298511 0.229585 0.858800
v 2.372984 0.211595 0.952140
v 2.435456 0.192038 1.053614
v 2.485016 0.171198 1.161743
v 2.520942 0.149379 1.274948
v 2.542709 0.126900 1.391581
v 1.670537 0.434631 0.569782
v 1.789316 0.428499 0.590667
v 1.904605 0.418377 0.625137
v 2.014723 0.404415 0.672690
v 2.118065 0.386814 0.732632
v 2.213123 0.365833 0.804088
v 2.298511 0.341776 0.886017
v 2.372984 0.314995 0.977225
v 2.435456 0.285881 1.076380
v 2.485016 0.254857 1.182038
v 2.520942 0.222376 1.292657
v 2.542709 0.188912 1.406625
v 1.670537 0.573367 0.617799
v 1.789316 0.565277 0.638006
v 1.904605 0.551925 0.671359
v 2.014723 0.533505 0.717369
v 2.118065 0.510287 0.775366
v 2.213123 0.482608 0.844504
v 2.298511 0.450872 0.923776
v 2.372984 0.415543 1.012025
v 2.435456 0.377135 1.107964
v 2.485016 0.336208 1.210194
v 2.520942 0.293359 1.317225
v 2.542709 0.249213 1.427495
v 1.670537 0.706910 0.678786
v 1.789316 0.696936 0.698133
v 1.904605 0.680474 0.730065
v 2.014723 0.657764 0.774116
v 2.118065 0.629138 0.829643
v 2.213123 0.595012 0.895838
v 2.298511 0.555885 0.971734
v 2.372984 0.512327 1.056224
v 2.435456 0.464973 1.148078
v 2.485016 0.414514 1.245955
v 2.520942 0.361685 1.348428
v 1.670537 0.834051 0.752191
v 1.789316 0.822283 0.770502
v 1.904605 0.802860 0.800725
v 2.014723 0.776066 0.842418
v 2.118065 0.742291 0.894972
v 2.213123 0.702028 0.957623
v 2.298511 0.655864 1.029456
v 2.372984 0.604471 1.109424
v 2.435456 0.548601 1.196361
v 2.485016 0.489066 1.288998
v 2.520942 0.426736 1.385985
v 1.670537 0.953639 0.837349
v 1.789316 0.940184 0.854459
v 1.904605 0.917976 0.882698
v 2.014723 0.887340 0.921655
v 2.118065 0.848722 0.970762
v 2.213123 0.802686 1.029302
v 2.298511 0.749903 1.096421
v 2.372984 0.691142 1.171142
v 2.435456 0.627260 1.252374
v 2.485016 0.559190 1.338933
v 2.520942 0.487923 1.429556
v 2.542709 0.414498 1.522923
v 1.670537 1.064591 0.933489
v 1.789316 1.049570 0.949243
v 1.904605 1.024779 0.975243
v 2.014723 0.990578 1.011112
v 2.118065 0.947467 1.056325
v 2.213123 0.896075 1.110224
v 2.298511 0.837150 1.172022
v 2.372984 0.771553 1.240818
v 2.435456 0.700239 1.315610
v 2.485016 0.624249 1.395307
v 2.520942 0.544690 1.478745
v 2.542709 0.462723 1.564710
v 1.670537 1.165902 1.039741
v 1.789316 1.149451 1.053995
v 1.904605 1.122300 1.077521
v 2.014723 1.084845 1.109976
v 2.118065 1.037632 1.150887
v 2.213123 0.981349 1.199656
v 2.298511 0.916817 1.255574
v 2.372984 0.844977 1.317823
v 2.435456 0.766877 1.385498
v 2.485016 0.683655 1.457610
v 2.520942 0.596525 1.533108
v 2.542709 0.506758 1.610892
v 1.670537 1.256654 1.155141
v 1.789316 1.238923 1.167767
v 1.904605 1.209659 1.188606
v 2.014723 1.169288 1.217354
v 2.118065 1.118400 1.253591
v 2.213123 1.057736 1.296790
v 2.298511 0.988181 1.346320
v 2.372984 0.910749 1.401459
v 2.435456 0.826569 1.461403
v 2.485016 0.736869 1.525278
v 2.520942 0.642958 1.592152
v 1.670537 1.336025 1.278646
v 1.789316 1.317174 1.289529
v 1.904605 1.286062 1.307492
v 2.014723 1.243141 1.332272
v 2.118065 1.189039 1.363508
v 2.213123 1.124543 1.400745
v 2.298511 1.050595 1.443439
v 2.372984 0.968272 1.490968
v 2.435456 0.878776 1.542638
v 2.485016 0.783411 1.597698
v 2.520942 0.683567 1.655342
v 1.670537 1.403297 1.409136
v 1.789316 1.383497 1.418178
v 1.904605 1.350818 1.433102
v 2.014723 1.305737 1.453690
v 2.118065 1.248910 1.479642
v 2.213123 1.181167 1.510579
v 2.298511 1.103495 1.546051
v 2.372984 1.017027 1.585539
v 2.435456 0.923025 1.628469
v 2.485016 0.822858 1.674214
v 2.520942 0.717987 1.722106
v 2.542709 0.609942 1.771449
v 1.670537 1.457861 1.545429
v 1.789316 1.437291 1.552549
v 1.904605 1.403342 1.564299
v 2.014723 1.356507 1.580508
v 2.118065 1.297471 1.600941
v 2.213123 1.227094 1.625299
v 2.298511 1.146402 1.653226
v 2.372984 1.056572 1.684317
v 2.435456 0.958914 1.718117
v 2.485016 0.854852 1.754133
v 2.520942 0.745904 1.791840
v 2.542709 0.633658 1.830689
v 1.670537 1.499222 1.686293
v 1.789316 1.478069 1.691424
v 1.904605 1.443156 1.699894
v 2.014723 1.394993 1.711578
v 2.118065 1.334282 1.726307
v 2.213123 1.261908 1.743864
v 2.298511 1.178927 1.763995
v 2.372984 1.086548 1.786406
v 2.435456 0.986120 1.810770
v 2.485016 0.879105 1.836731
v 2.520942 0.767066 1.863912
v 2.542709 0.651635 1.891915
v 1.670537 1.527006 1.830450
v 1.789316 1.505461 1.833547
v 1.904605 1.469901 1.838660
v 2.014723 1.420845 1.845713
v 2.118065 1.359009 1.854604
v 2.213123 1.285294 1.865203
v 2.298511 1.200775 1.877355
v 2.372984 1.106684 1.890883
v 2.435456 1.004395 1.905590
v 2.485016 0.895397 1.921261
v 2.520942 0.781282 1.937669
v 1.670537 1.540962 1.976595
v 1.789316 1.519219 1.977631
v 1.904605 1.483334 1.979340
v 2.014723 1.433830 1.981698
v 2.118065 1.371429 1.984671
v 2.213123 1.297040 1.988214
v 2.298511 1.211749 1.992277
v 2.372984 1.116798 1.996800
v 2.435456 1.013574 2.001718
v 2.485016 0.903580 2.006957
v 2.520942 0.788422 2.012443
v 2.542709 0.669777 2.018095
v 1.670537 1.540962 2.123405
v 1.789316 1.519219 2.122369
v 1.904605 1.483334 2.120660
v 2.014723 1.433830 2.118302
v 2.118065 1.371429 2.115329
v 2.213123 1.297040 2.111786
v 2.298511 1.211749 2.107723
v 2.372984 1.116798 2.103200
v 2.435456 1.013574 2.098282
v 2.485016 0.903580 2.093043
v 2.520942 0.788422 2.087557
v 1.670537 1.527006 2.269550
v 1.789316 1.505461 2.266453
v 1.904605 1.469901 2.261340
v 2.014723 1.420845 2.254287
v 2.118065 1.359009 2.245396
v 2.213123 1.285294 2.234797
v 2.298511 1.200775 2.222645
v 2.372984 1.106684 2.209117
v 2.435456 1.004395 2.194410
v 2.485016 0.895397 2.178739
v 2.520942 0.781282 2.162331
v 1.670537 1.499222 2.413707
v 1.789316 1.478069 2.408576
v 1.904605 1.443156 2.400106
v 2.014723 1.394993 2.388422
v 2.118065 1.334282 2.373693
v 2.213123 1.261908 2.356136
v 2.298511 1.178927 2.336005
v 2.372984 1.086548 2.313594
v 2.435456 0.986120 2.289230
v 2.485016 0.879105 2.263269
v 2.520942 0.767066 2.236088
v 2.542709 0.651635 2.208085
v 1.670537 1.457861 2.554571
v 1.789316 1.437291 2.547451
v 1.904605 1.403342 2.535701
v 2.014723 1.356507 2.519492
v 2.118065 1.297471 2.499059
v 2.213123 1.227094 2.474701
v 2.298511 1.146402 2.446774
v 2.372984 1.056572 2.415683
v 2.435456 0.958914 2.381883
v 2.485016 0.854852 2.345867
v 2.520942 0.745904 2.308160
v 2.542709 0.633658 2.269311
v 1.670537 1.403297 2.690864
v 1.789316 1.383497 2.681822
v 1.904605 1.350818 2.666898
v 2.014723 1.305737 2.646310
v 2.118065 1.248910 2.620358
v 2.213123 1.181167 2.589421
v 2.298511 1.103495 2.553949
v 2.372984 1.017027 2.514461
v 2.435456 0.923025 2.471531
v 2.485016 0.822858 2.425786
v 2.520942 0.717987 2.377894
v 2.542709 0.609942 2.328551
v 1.670537 1.336025 2.821354
v 1.789316 1.317174 2.810471
v 1.904605 1.286062 2.792508
v 2.014723 1.243141 2.767728
v 2.118065 1.189039 2.736492
v 2.213123 1.124543 2.699255
v 2.298511 1.050595 2.656561
v 2.372984 0.968272 2.609032
v 2.435456 0.878776 2.557362
v 2.485016 0.783411 2.502302
v 2.520942 0.683567 2.444658
v 1.670537 1.256654 2.944859
v 1.789316 1.238923 2.932233
v 1.904605 1.209659 2.911394
v 2.014723 1.169288 2.882646
v 2.118065 1.118400 2.846409
v 2.213123 1.057736 2.803210
v 2.298511 0.988181 2.753680
v 2.372984 0.910749 2.698541
v 2.435456 0.826569 2.638597
v 2.485016 0.736869 2.574722
v 2.520942 0.642958 2.507848
v 1.670537 1.165902 3.060259
v 1.789316 1.149451 3.046005
v 1.904605 1.122300 3.022479
v 2.014723 1.084845 2.990024
v 2.118065 1.037632 2.949113
v 2.213123 0.981349 2.900344
v 2.298511 0.916817 2.844426
v 2.372984 0.844977 2.782177
v 2.435456 0.766877 2.714502
v 2.485016 0.683655 2.642390
v 2.520942 0.596525 2.566892
v 2.542709 0.506758 2.489108
v 1.670537 1.064591 3.166511
v 1.789316 1.049570 3.150757
v 1.904605 1.024779 3.124757
v 2.014723 0.990578 3.088888
v 2.118065 0.947467 3.043675
v 2.213123 0.896075 2.989776
v 2.298511 0.837150 2.927978
v 2.372984 0.771553 2.859182
v 2.435456 0.700239 2.784390
v 2.485016 0.624249 2.704693
v 2.520942 0.544690 2.621255
v 2.542709 0.462723 2.535290
v 1.670537 0.953639 3.262651
v 1.789316 0.940184 3.245541
v 1.904605 0.917976 3.217302
v 2.014723 0.887340 3.178345
v 2.118065 0.848722 3.129238
v 2.213123 0.802686 3.070698
v 2.298511 0.749903 3.003579
v 2.372984 0.691142 2.928858
v 2.435456 0.627260 2.847626
v 2.485016 0.559190 2.761067
v 2.520942 0.487923 2.670444
v 2.542709 0.414498 2.577077
v 1.670537 0.834051 3.347809
v 1.789316 0.822283 3.329498
v 1.904605 0.802860 3.299275
v 2.014723 0.776066 3.257582
v 2.118065 0.742291 3.205028
v 2.213123 0.702028 3.142377
v 2.298511 0.655864 3.070544
v 2.372984 0.604471 2.990576
v 2.435456 0.548601 2.903639
v 2.485016 0.489066 2.811002
v 2.520942 0.426736 2.714015
v 1.670537 0.706910 3.421214
v 1.789316 0.696936 3.401867
v 1.904605 0.680474 3.369935
v 2.014723 0.657764 3.325884
v 2.118065 0.629138 3.270357
v 2.213123 0.595012 3.204162
v 2.298511 0.555885 3.128266
v 2.372984 0.512327 3.043776
v 2.435456 0.464973 2.951922
v 2.485016 0.414514 2.854045
v 2.520942 0.361685 2.751572
v 1.670537 0.573367 3.482201
v 1.789316 0.565277 3.461994
v 1.904605 0.551925 3.428641
v 2.014723 0.533505 3.382631
v 2.118065 0.510287 3.324634
v 2.213123 0.482608 3.255496
v 2.298511 0.450872 3.176224
v 2.372984 0.415543 3.087975
v 2.435456 0.377135 2.992036
v 2.485016 0.336208 2.889806
v 2.520942 0.293359 2.782775
v 2.542709 0.249213 2.672505
v 1.670537 0.434631 3.530218
v 1.789316 0.428499 3.509333
v 1.904605 0.418377 3.474863
v 2.014723 0.404415 3.427310
v 2.118065 0.386814 3.367368
v 2.213123 0.365833 3.295912
v 2.298511 0.341776 3.213983
v 2.372984 0.314995 3.122775
v 2.435456 0.285881 3.023620
v 2.485016 0.254857 2.917962
v 2.520942 0.222376 2.807343
v 2.542709 0.188912 2.693375
v 1.670537 0.291960 3.564830
v 1.789316 0.287840 3.543456
v 1.904605 0.281041 3.508180
v 2.014723 0.271662 3.459515
v 2.118065 0.259839 3.398172
v 2.213123 0.245745 3.325045
v 2.298511 0.229585 3.241200
v 2.372984 0.211595 3.147860
v 2.435456 0.192038 3.046386
v 2.485016 0.171198 2.938257
v 2.520942 0.149379 2.825052
v 2.542709 0.126900 2.708419
v 1.670537 0.146644 3.585723
v 1.789316 0.144575 3.564055
v 1.904605 0.141160 3.528292
v 2.014723 0.136449 3.478956
v 2.118065 0.130510 3.416767
v 2.213123 0.123431 3.342631
v 2.298511 0.115315 3.257630
v 2.372984 0.106279 3.163002
v 2.435456 0.096456 3.060128
v 2.485016 0.085988 2.950509
v 2.520942 0.075029 2.835742
v 1.670537 -0.146644 3.585723
v 1.789316 -0.144575 3.564055
v 1.904605 -0.141160 3.528292
v 2.014723 -0.136449 3.478956
v 2.118065 -0.130510 3.416767
v 2.213123 -0.123431 3.342631
v 2.298511 -0.115315 3.257630
v 2.372984 -0.106279 3.163002
v 2.435456 -0.096456 3.060128
v 2.485016 -0.085988 2.950509
v 2.520942 -0.075029 2.835742
v 2.542709 -0.063739 2.717500
v 1.670537 -0.291960 3.564830
v 1.789316 -0.287840 3.543456
v 1.904605 -0.281041 3.508180
v 2.014723 -0.271662 3.459515
v 2.118065 -0.259839 3.398172
v 2.213123 -0.245745 3.325045
v 2.298511 -0.229585 3.241200
v 2.372984 -0.211595 3.147860
v 2.435456 -0.192038 3.046386
v 2.485016 -0.171198 2.938257
v 2.520942 -0.149379 2.825052
v 2.542709 -0.126900 2.708419
v 1.670537 -0.434631 3.530218
v 1.789316 -0.428499 3.509333
v 1.904605 -0.418377 3.474863
v 2.014723 -0.404415 3.427310
v 2.118065 -0.386814 3.367368
v 2.213123 -0.365833 3.295912
v 2.298511 -0.341776 3.213983
v 2.372984 -0.314995 3.122775
v 2.435456 -0.285881 3.023620
v 2.485016 -0.254857 2.917962
v 2.520942 -0.222376 2.807343
v 2.542709 -0.188912 2.693375
v 1.670537 -0.573367 3.482201
v 1.789316 -0.565277 3.461994
v 1.904605 -0.551925 3.428641
v 2.014723 -0.533505 3.382631
v 2.118065 -0.510287 3.324634
v 2.213123 -0.482608 3.255496
v 2.298511 -0.450872 3.176224
v 2.372984 -0.415543 3.087975
v 2.435456 -0.377135 2.992036
v 2.485016 -0.336208 2.889806
v 2.520942 -0.293359 2.782775
v 1.670537 -0.706910 3.421214
v 1.789316 -0.696936 3.401867
v 1.904605 -0.680474 3.369935
v 2.014723 -0.657764 3.325884
v 2.118065 -0.629138 3.270357
v 2.213123 -0.595012 3.204162
v 2.298511 -0.555885 3.128266
v 2.372984 -0.512327 3.043776
v 2.435456 -0.464973 2.951922
v 2.485016 -0.414514 2.854045
v 2.520942 -0.361685 2.751572
v 2.542709 -0.307258 2.645997
v 1.670537 -0.834051 3.347809
v 1.789316 -0.822283 3.329498
v 1.904605 -0.802860 3.299275
v 2.014723 -0.776066 3.257582
v 2.118065 -0.742291 3.205028
v 2.213123 -0.702028 3.142377
v 2.298511 -0.655864 3.070544
v 2.372984 -0.604471 2.990576
v 2.435456 -0.548601 2.903639
v 2.485016 -0.489066 2.811002
v 2.520942 -0.426736 2.714015
v 1.670537 -0.953639 3.262651
v 1.789316 -0.940184 3.245541
v 1.904605 -0.917976 3.217302
v 2.014723 -0.887340 3.178345
v 2.118065 -0.848722 3.129238
v 2.213123 -0.802686 3.070698
v 2.298511 -0.749903 3.003579
v 2.372984 -0.691142 2.928858
v 2.435456 -0.627260 2.847626
v 2.485016 -0.559190 2.761067
v 2.520942 -0.487923 2.670444
v 1.670537 -1.064591 3.166511
v 1.789316 -1.049570 3.150757
v 1.904605 -1.024779 3.124757
v 2.014723 -0.990578 3.088888
v 2.118065 -0.947467 3.043675
v 2.213123 -0.896075 2.989776
v 2.298511 -0.837150 2.927978
v 2.372984 -0.771553 2.859182
v 2.435456 -0.700239 2.784390
v 2.485016 -0.624249 2.704693
v 2.520942 -0.544690 2.621255
v 2.542709 -0.462723 2.535290
v 1.670537 -1.165902 3.060259
v 1.789316 -1.149451 3.046005
v 1.904605 -1.122300 3.022479
v 2.014723 -1.084845 2.990024
v 2.118065 -1.037632 2.949113
v 2.213123 -0.981349 2.900344
v 2.298511 -0.916817 2.844426
v 2.372984 -0.844977 2.782177
v 2.435456 -0.766877 2.714502
v 2.485016 -0.683655 2.642390
v 2.520942 -0.596525 2.566892
v 2.542709 -0.506758 2.489108
v 1.670537 -1.256654 2.944859
v 1.789316 -1.238923 2.932233
v 1.904605 -1.209659 2.911394
v 2.014723 -1.169288 2.882646
v 2.118065 -1.118400 2.846409
v 2.213123 -1.057736 2.803210
v 2.298511 -0.988181 2.753680
v 2.372984 -0.910749 2.698541
v 2.435456 -0.826569 2.638597
v 2.485016 -0.736869 2.574722
v 2.520942 -0.642958 2.507848
v 2.542709 -0.546203 2.438949
v 1.670537 -1.336025 2.821354
v 1.789316 -1.317174 2.810471
v 1.904605 -1.286062 2.792508
v 2.014723 -1.243141 2.767728
v 2.118065 -1.189039 2.736492
v 2.213123 -1.124543 2.699255
v 2.298511 -1.050595 2.656561
v 2.372984 -0.968272 2.609032
v 2.435456 -0.878776 2.557362
v 2.485016 -0.783411 2.502302
v 2.520942 -0.683567 2.444658
v 1.670537 -1.403297 2.690864
v 1.789316 -1.383497 2.681822
v 1.904605 -1.350818 2.666898
v 2.014723 -1.305737 2.646310
v 2.118065 -1.248910 2.620358
v 2.213123 -1.181167 2.589421
v 2.298511 -1.103495 2.553949
v 2.372984 -1.017027 2.514461
v 2.435456 -0.923025 2.471531
v 2.485016 -0.822858 2.425786
v 2.520942 -0.717987 2.377894
v 1.670537 -1.457861 2.554571
v 1.789316 -1.437291 2.547451
v 1.904605 -1.403342 2.535701
v 2.014723 -1.356507 2.519492
v 2.118065 -1.297471 2.499059
v 2.213123 -1.227094 2.474701
v 2.298511 -1.146402 2.446774
v 2.372984 -1.056572 2.415683
v 2.435456 -0.958914 2.381883
v 2.485016 -0.854852 2.345867
v 2.520942 -0.745904 2.308160
v 2.542709 -0.633658 2.269311
v 1.670537 -1.499222 2.413707
v 1.789316 -1.478069 2.408576
v 1.904605 -1.443156 2.400106
v 2.014723 -1.394993 2.388422
v 2.118065 -1.334282 2.373693
v 2.213123 -1.261908 2.356136
v 2.298511 -1.178927 2.336005
v 2.372984 -1.086548 2.313594
v 2.435456 -0.986120 2.289230
v 2.485016 -0.879105 2.263269
v 2.520942 -0.767066 2.236088
v 2.542709 -0.651635 2.208085
v 1.670537 -1.527006 2.269550
v 1.789316 -1.505461 2.266453
v 1.904605 -1.469901 2.261340
v 2.014723 -1.420845 2.254287
v 2.118065 -1.359009 2.245396
v 2.213123 -1.285294 2.234797
v 2.298511 -1.200775 2.222645
v 2.372984 -1.106684 2.209117
v 2.435456 -1.004395 2.194410
v 2.485016 -0.895397 2.178739
v 2.520942 -0.781282 2.162331
v 2.542709 -0.663712 2.145427
v -1.550000 -1.550000 2.050000
v -1.550000 -1.542981 1.902663
v -1.550000 -1.521989 1.756661
v -1.550000 -1.487214 1.613315
v -1.550000 -1.438970 1.473923
v -1.550000 -1.377695 1.339749
v -1.550000 -1.303943 1.212007
v -1.550000 -1.218382 1.091854
v -1.550000 -1.121788 0.980378
v -1.550000 -1.015034 0.878588
v -1.550000 -0.899088 0.787407
v -1.550000 -0.775000 0.707661
v -1.550000 -0.643893 0.640070
v -1.550000 -0.506955 0.585249
v -1.550000 -0.365426 0.543692
v -1.550000 -0.220588 0.515777
v -1.550000 -0.073752 0.501756
v -1.550000 0.073752 0.501756
v -1.550000 0.220588 0.515777
v -1.550000 0.365426 0.543692
v -1.550000 0.506955 0.585249
v -1.550000 0.643893 0.640070
v -1.550000 0.775000 0.707661
v -1.550000 0.899088 0.787407
v -1.550000 1.015034 0.878588
v -1.550000 1.121788 0.980378
v -1.550000 1.218382 1.091854
v -1.550000 1.303943 1.212007
v -1.550000 1.377695 1.339749
v -1.550000 1.438970 1.473923
v -1.550000 1.487214 1.613315
v -1.550000 1.521989 1.756661
v -1.550000 1.542981 1.902663
v -1.550000 1.550000 2.050000
v -1.550000 1.542981 2.197337
v -1.550000 1.521989 2.343339
v -1.550000 1.487214 2.486685
v -1.550000 1.438970 2.626077
v -1.550000 1.377695 2.760251
v -1.550000 1.303943 2.887993
v -1.550000 1.218382 3.008146
v -1.550000 1.121788 3.119622
v -1.550000 1.015034 3.221412
v -1.550000 0.899088 3.312593
v -1.550000 0.775000 3.392339
v -1.550000 0.643893 3.459930
v -1.550000 0.506955 3.514751
v -1.550000 0.365426 3.556308
v -1.550000 0.220588 3.584223
v -1.550000 0.073752 3.598244
v -1.550000 -0.073752 3.598244
v -1.550000 -0.220588 3.584223
v -1.550000 -0.365426 3.556308
v -1.550000 -0.506955 3.514751
v -1.550000 -0.643893 3.459930
v -1.550000 -0.775000 3.392339
v -1.550000 -0.899088 3.312593
v -1.550000 -1.015034 3.221412
v -1.550000 -1.121788 3.119622
v -1.550000 -1.218382 3.008146
v -1.550000 -1.303943 2.887993
v -1.550000 -1.377695 2.760251
v -1.550000 -1.438970 2.626077
v -1.550000 -1.487214 2.486685
v -1.550000 -1.521989 2.343339
v -1.550000 -1.542981 2.197337
v -2.550000 -0.550000 2.050000
v -2.550000 -0.542878 1.961774
v -2.550000 -0.521695 1.875833
v -2.550000 -0.487001 1.794402
v -2.550000 -0.439694 1.719592
v -2.550000 -0.380998 1.653339
v -2.550000 -0.312436 1.597359
v -2.550000 -0.235781 1.553102
v -2.550000 -0.153020 1.521715
v -2.550000 -0.066295 1.504010
v -2.550000 0.022146 1.500446
v -2.550000 0.110014 1.511115
v -2.550000 0.195033 1.535741
v -2.550000 0.275000 1.573686
v -2.550000 0.347845 1.623967
v -2.550000 0.411681 1.685283
v -2.550000 0.464855 1.756044
v -2.550000 0.505989 1.834418
v -2.550000 0.534018 1.918376
v -2.550000 0.548217 2.005743
v -2.550000 0.548217 2.094257
v -2.550000 0.534018 2.181624
v -2.550000 0.505989 2.265582
v -2.550000 0.464855 2.343956
v -2.550000 0.411681 2.414717
v -2.550000 0.347845 2.476033
v -2.550000 0.275000 2.526314
v -2.550000 0.195033 2.564259
v -2.550000 0.110014 2.588885
v -2.550000 0.022146 2.599554
v -2.550000 -0.066295 2.595990
v -2.550000 -0.153020 2.578285
v -2.550000 -0.235781 2.546898
v -2.550000 -0.312436 2.502641
v -2.550000 -0.380998 2.446661
v -2.550000 -0.439694 2.380408
v -2.550000 -0.487001 2.305598
v -2.550000 -0.521695 2.224167
v -2.550000 -0.542878 2.138226
v -1.670537 0.000000 0.507291
v -1.789316 0.000000 0.529058
v -1.904605 0.000000 0.564984
v -2.014723 0.000000 0.614544
v -2.118065 0.000000 0.677016
v -2.213123 0.000000 0.751489
v -2.298511 0.000000 0.836877
v -2.372984 0.000000 0.931935
v -2.435456 0.000000 1.035277
v -2.485016 0.000000 1.145395
v -2.520942 0.000000 1.260684
v -2.542709 -0.000000 1.379463
v -2.542709 -0.249213 1.427495
v -2.542709 -0.362519 1.485909
v -2.542709 -0.414498 1.522923
v -2.542709 -0.580702 1.714732
v -2.542709 -0.609942 1.771449
v -2.542709 -0.669777 2.018095
v -2.542709 -0.669777 2.081905
v -2.542709 -0.609942 2.328551
v -2.542709 -0.580702 2.385268
v -2.542709 -0.414498 2.577077
v -2.542709 -0.307258 2.645997
v -2.542709 -0.249213 2.672505
v -2.542709 0.000000 2.720537
v -2.542709 0.063739 2.717500
v -2.542709 0.307258 2.645997
v -2.542709 0.362519 2.614091
v -2.542709 0.546203 2.438949
v -2.542709 0.580702 2.385268
v -2.542709 0.663712 2.145427
v -2.542709 0.669777 2.018095
v -2.542709 0.663712 1.954573
v -2.542709 0.580702 1.714732
v -2.542709 0.546203 1.661051
v -2.542709 0.362519 1.485909
v -2.542709 0.307258 1.454003
v -2.542709 0.063739 1.382500
v -1.670537 -1.540962 2.123405
v -1.789316 -1.519219 2.122369
v -1.904605 -1.483334 2.120660
v -2.014723 -1.433830 2.118302
v -2.118065 -1.371429 2.115329
v -2.213123 -1.297040 2.111786
v -2.298511 -1.211749 2.107723
v -2.372984 -1.116798 2.103200
v -2.435456 -1.013574 2.098282
v -2.485016 -0.903580 2.093043
v -2.520942 -0.788422 2.087557
v -2.520942 -0.788422 2.012443
v -2.485016 -0.903580 2.006957
v -2.435456 -1.013574 2.001718
v -2.372984 -1.116798 1.996800
v -2.298511 -1.211749 1.992277
v -2.213123 -1.297040 1.988214
v -2.118065 -1.371429 1.984671
v -2.014723 -1.433830 1.981698
v -1.904605 -1.483334 1.979340
v -1.789316 -1.519219 1.977631
v -1.670537 -1.540962 1.976595
v -1.670537 -1.527006 2.269550
v -1.789316 -1.505461 2.266453
v -1.904605 -1.469901 2.261340
v -2.014723 -1.420845 2.254287
v -2.118065 -1.359009 2.245396
v -2.213123 -1.285294 2.234797
v -2.298511 -1.200775 2.222645
v -2.372984 -1.106684 2.209117
v -2.435456 -1.004395 2.194410
v -2.485016 -0.895397 2.178739
v -2.520942 -0.781282 2.162331
v -2.542709 -0.663712 2.145427
v -1.670537 -1.499222 2.413707
v -1.789316 -1.478069 2.408576
v -1.904605 -1.443156 2.400106
v -2.014723 -1.394993 2.388422
v -2.118065 -1.334282 2.373693
v -2.213123 -1.261908 2.356136
v -2.298511 -1.178927 2.336005
v -2.372984 -1.086548 2.313594
v -2.435456 -0.986120 2.289230
v -2.485016 -0.879105 2.263269
v -2.520942 -0.767066 2.236088
v -2.542709 -0.651635 2.208085
v -1.670537 -1.457861 2.554571
v -1.789316 -1.437291 2.547451
v -1.904605 -1.403342 2.535701
v -2.014723 -1.356507 2.519492
v -2.118065 -1.297471 2.499059
v -2.213123 -1.227094 2.474701
v -2.298511 -1.146402 2.446774
v -2.372984 -1.056572 2.415683
v -2.435456 -0.958914 2.381883
v -2.485016 -0.854852 2.345867
v -2.520942 -0.745904 2.308160
v -2.542709 -0.633658 2.269311
v -1.670537 -1.403297 2.690864
v -1.789316 -1.383497 2.681822
v -1.904605 -1.350818 2.666898
v -2.014723 -1.305737 2.646310
v -2.118065 -1.248910 2.620358
v -2.213123 -1.181167 2.589421
v -2.298511 -1.103495 2.553949
v -2.372984 -1.017027 2.514461
v -2.435456 -0.923025 2.471531
v -2.485016 -0.822858 2.425786
v -2.520942 -0.717987 2.377894
v -1.670537 -1.336025 2.821354
v -1.789316 -1.317174 2.810471
v -1.904605 -1.286062 2.792508
v -2.014723 -1.243141 2.767728
v -2.118065 -1.189039 2.736492
v -2.213123 -1.124543 2.699255
v -2.298511 -1.050595 2.656561
v -2.372984 -0.968272 2.609032
v -2.435456 -0.878776 2.557362
v -2.485016 -0.783411 2.502302
v -2.520942 -0.683567 2.444658
v -1.670537 -1.256654 2.944859
v -1.789316 -1.238923 2.932233
v -1.904605 -1.209659 2.911394
v -2.014723 -1.169288 2.882646
v -2.118065 -1.118400 2.846409
v -2.213123 -1.057736 2.803210
v -2.298511 -0.988181 2.753680
v -2.372984 -0.910749 2.698541
v -2.435456 -0.826569 2.638597
v -2.485016 -0.736869 2.574722
v -2.520942 -0.642958 2.507848
v -2.542709 -0.546203 2.438949
v -1.670537 -1.165902 3.060259
v -1.789316 -1.149451 3.046005
v -1.904605 -1.122300 3.022479
v -2.014723 -1.084845 2.990024
v -2.118065 -1.037632 2.949113
v -2.213123 -0.981349 2.900344
v -2.298511 -0.916817 2.844426
v -2.372984 -0.844977 2.782177
v -2.435456 -0.766877 2.714502
v -2.485016 -0.683655 2.642390
v -2.520942 -0.596525 2.566892
v -2.542709 -0.506758 2.489108
v -1.670537 -1.064591 3.166511
v -1.789316 -1.049570 3.150757
v -1.904605 -1.024779 3.124757
v -2.014723 -0.990578 3.088888
v -2.118065 -0.947467 3.043675
v -2.213123 -0.896075 2.989776
v -2.298511 -0.837150 2.927978
v -2.372984 -0.771553 2.859182
v -2.435456 -0.700239 2.784390
v -2.485016 -0.624249 2.704693
v -2.520942 -0.544690 2.621255
v -2.542709 -0.462723 2.535290
v -1.670537 -0.953639 3.262651
v -1.789316 -0.940184 3.245541
v -1.904605 -0.917976 3.217302
v -2.014723 -0.887340 3.178345
v -2.118065 -0.848722 3.129238
v -2.213123 -0.802686 3.070698
v -2.298511 -0.749903 3.003579
v -2.372984 -0.691142 2.928858
v -2.435456 -0.627260 2.847626
v -2.485016 -0.559190 2.761067
v -2.520942 -0.487923 2.670444
v -1.670537 -0.834051 3.347809
v -1.789316 -0.822283 3.329498
v -1.904605 -0.802860 3.299275
v -2.014723 -0.776066 3.257582
v -2.118065 -0.742291 3.205028
v -2.213123 -0.702028 3.142377
v -2.298511 -0.655864 3.070544
v -2.372984 -0.604471 2.990576
v -2.435456 -0.548601 2.903639
v -2.485016 -0.489066 2.811002
v -2.520942 -0.426736 2.714015
v -2.542709 -0.362519 2.614091
v -1.670537 -0.706910 3.421214
v -1.789316 -0.696936 3.401867
v -1.904605 -0.680474 3.369935
v -2.014723 -0.657764 3.325884
v -2.118065 -0.629138 3.270357
v -2.213123 -0.595012 3.204162
v -2.298511 -0.555885 3.128266
v -2.372984 -0.512327 3.043776
v -2.435456 -0.464973 2.951922
v -2.485016 -0.414514 2.854045
v -2.520942 -0.361685 2.751572
v -1.670537 -0.573367 3.482201
v -1.789316 -0.565277 3.461994
v -1.904605 -0.551925 3.428641
v -2.014723 -0.533505 3.382631
v -2.118065 -0.510287 3.324634
v -2.213123 -0.482608 3.255496
v -2.298511 -0.450872 3.176224
v -2.372984 -0.415543 3.087975
v -2.435456 -0.377135 2.992036
v -2.485016 -0.336208 2.889806
v -2.520942 -0.293359 2.782775
v -1.670537 -0.434631 3.530218
v -1.789316 -0.428499 3.509333
v -1.904605 -0.418377 3.474863
v -2.014723 -0.404415 3.427310
v -2.118065 -0.386814 3.367368
v -2.213123 -0.365833 3.295912
v -2.298511 -0.341776 3.213983
v -2.372984 -0.314995 3.122775
v -2.435456 -0.285881 3.023620
v -2.485016 -0.254857 2.917962
v -2.520942 -0.222376 2.807343
v -2.542709 -0.188912 2.693375
v -1.670537 -0.291960 3.564830
v -1.789316 -0.287840 3.543456
v -1.904605 -0.281041 3.508180
v -2.014723 -0.271662 3.459515
v -2.118065 -0.259839 3.398172
v -2.213123 -0.245745 3.325045
v -2.298511 -0.229585 3.241200
v -2.372984 -0.211595 3.147860
v -2.435456 -0.192038 3.046386
v -2.485016 -0.171198 2.938257
v -2.520942 -0.149379 2.825052
v -2.542709 -0.126900 2.708419
v -1.670537 -0.146644 3.585723
v -1.789316 -0.144575 3.564055
v -1.904605 -0.141160 3.528292
v -2.014723 -0.136449 3.478956
v -2.118065 -0.130510 3.416767
v -2.213123 -0.123431 3.342631
v -2.298511 -0.115315 3.257630
v -2.372984 -0.106279 3.163002
v -2.435456 -0.096456 3.060128
v -2.485016 -0.085988 2.950509
v -2.520942 -0.075029 2.835742
v -2.542709 -0.063739 2.717500
v -1.670537 0.000000 3.592709
v -1.789316 0.000000 3.570942
v -1.904605 0.000000 3.535016
v -2.014723 0.000000 3.485456
v -2.118065 0.000000 3.422984
v -2.213123 0.000000 3.348511
v -2.298511 0.000000 3.263123
v -2.372984 0.000000 3.168065
v -2.435456 0.000000 3.064723
v -2.485016 0.000000 2.954605
v -2.520942 0.000000 2.839316
v -1.670537 0.146644 3.585723
v -1.789316 0.144575 3.564055
v -1.904605 0.141160 3.528292
v -2.014723 0.136449 3.478956
v -2.118065 0.130510 3.416767
v -2.213123 0.123431 3.342631
v -2.298511 0.115315 3.257630
v -2.372984 0.106279 3.163002
v -2.435456 0.096456 3.060128
v -2.485016 0.085988 2.950509
v -2.520942 0.075029 2.835742
v -1.670537 0.291960 3.564830
v -1.789316 0.287840 3.543456
v -1.904605 0.281041 3.508180
v -2.014723 0.271662 3.459515
v -2.118065 0.259839 3.398172
v -2.213123 0.245745 3.325045
v -2.298511 0.229585 3.241200
v -2.372984 0.211595 3.147860
v -2.435456 0.192038 3.046386
v -2.485016 0.171198 2.938257
v -2.520942 0.149379 2.825052
v -2.542709 0.126900 2.708419
v -1.670537 0.434631 3.530218
v -1.789316 0.428499 3.509333
v -1.904605 0.418377 3.474863
v -2.014723 0.404415 3.427310
v -2.118065 0.386814 3.367368
v -2.213123 0.365833 3.295912
v -2.298511 0.341776 3.213983
v -2.372984 0.314995 3.122775
v -2.435456 0.285881 3.023620
v -2.485016 0.254857 2.917962
v -2.520942 0.222376 2.807343
v -2.542709 0.188912 2.693375
v -1.670537 0.573367 3.482201
v -1.789316 0.565277 3.461994
v -1.904605 0.551925 3.428641
v -2.014723 0.533505 3.382631
v -2.118065 0.510287 3.324634
v -2.213123 0.482608 3.255496
v -2.298511 0.450872 3.176224
v -2.372984 0.415543 3.087975
v -2.435456 0.377135 2.992036
v -2.485016 0.336208 2.889806
v -2.520942 0.293359 2.782775
v -2.542709 0.249213 2.672505
v -1.670537 0.706910 3.421214
v -1.789316 0.696936 3.401867
v -1.904605 0.680474 3.369935
v -2.014723 0.657764 3.325884
v -2.118065 0.629138 3.270357
v -2.213123 0.595012 3.204162
v -2.298511 0.555885 3.128266
v -2.372984 0.512327 3.043776
v -2.435456 0.464973 2.951922
v -2.485016 0.414514 2.854045
v -2.520942 0.361685 2.751572
v -1.670537 0.834051 3.347809
v -1.789316 0.822283 3.329498
v -1.904605 0.802860 3.299275
v -2.014723 0.776066 3.257582
v -2.118065 0.742291 3.205028
v -2.213123 0.702028 3.142377
v -2.298511 0.655864 3.070544
v -2.372984 0.604471 2.990576
v -2.435456 0.548601 2.903639
v -2.485016 0.489066 2.811002
v -2.520942 0.426736 2.714015
v -1.670537 0.953639 3.262651
v -1.789316 0.940184 3.245541
v -1.904605 0.917976 3.217302
v -2.014723 0.887340 3.178345
v -2.118065 0.848722 3.129238
v -2.213123 0.802686 3.070698
v -2.298511 0.749903 3.003579
v -2.372984 0.691142 2.928858
v -2.435456 0.627260 2.847626
v -2.485016 0.559190 2.761067
v -2.520942 0.487923 2.670444
v -2.542709 0.414498 2.577077
v -1.670537 1.064591 3.166511
v -1.789316 1.049570 3.150757
v -1.904605 1.024779 3.124757
v -2.014723 0.990578 3.088888
v -2.118065 0.947467 3.043675
v -2.213123 0.896075 2.989776
v -2.298511 0.837150 2.927978
v -2.372984 0.771553 2.859182
v -2.435456 0.700239 2.784390
v -2.485016 0.624249 2.704693
v -2.520942 0.544690 2.621255
v -2.542709 0.462723 2.535290
v -1.670537 1.165902 3.060259
v -1.789316 1.149451 3.046005
v -1.904605 1.122300 3.022479
v -2.014723 1.084845 2.990024
v -2.118065 1.037632 2.949113
v -2.213123 0.981349 2.900344
v -2.298511 0.916817 2.844426
v -2.372984 0.844977 2.782177
v -2.435456 0.766877 2.714502
v -2.485016 0.683655 2.642390
v -2.520942 0.596525 2.566892
v -2.542709 0.506758 2.489108
v -1.670537 1.256654 2.944859
v -1.789316 1.238923 2.932233
v -1.904605 1.209659 2.911394
v -2.014723 1.169288 2.882646
v -2.118065 1.118400 2.846409
v -2.213123 1.057736 2.803210
v -2.298511 0.988181 2.753680
v -2.372984 0.910749 2.698541
v -2.435456 0.826569 2.638597
v -2.485016 0.736869 2.574722
v -2.520942 0.642958 2.507848
v -1.670537 1.336025 2.821354
v -1.789316 1.317174 2.810471
v -1.904605 1.286062 2.792508
v -2.014723 1.243141 2.767728
v -2.118065 1.189039 2.736492
v -2.213123 1.124543 2.699255
v -2.298511 1.050595 2.656561
v -2.372984 0.968272 2.609032
v -2.435456 0.878776 2.557362
v -2.485016 0.783411 2.502302
v -2.520942 0.683567 2.444658
v -1.670537 1.403297 2.690864
v -1.789316 1.383497 2.681822
v -1.904605 1.350818 2.666898
v -2.014723 1.305737 2.646310
v -2.118065 1.248910 2.620358
v -2.213123 1.181167 2.589421
v -2.298511 1.103495 2.553949
v -2.372984 1.017027 2.514461
v -2.435456 0.923025 2.471531
v -2.485016 0.822858 2.425786
v -2.520942 0.717987 2.377894
v -2.542709 0.609942 2.328551
v -1.670537 1.457861 2.554571
v -1.789316 1.437291 2.547451
v -1.904605 1.403342 2.535701
v -2.014723 1.356507 2.519492
v -2.118065 1.297471 2.499059
v -2.213123 1.227094 2.474701
v -2.298511 1.146402 2.446774
v -2.372984 1.056572 2.415683
v -2.435456 0.958914 2.381883
v -2.485016 0.854852 2.345867
v -2.520942 0.745904 2.308160
v -2.542709 0.633658 2.269311
v -1.670537 1.499222 2.413707
v -1.789316 1.478069 2.408576
v -1.904605 1.443156 2.400106
v -2.014723 1.394993 2.388422
v -2.118065 1.334282 2.373693
v -2.213123 1.261908 2.356136
v -2.298511 1.178927 2.336005
v -2.372984 1.086548 2.313594
v -2.435456 0.986120 2.289230
v -2.485016 0.879105 2.263269
v -2.520942 0.767066 2.236088
v -2.542709 0.651635 2.208085
v -1.670537 1.527006 2.269550
v -1.789316 1.505461 2.266453
v -1.904605 1.469901 2.261340
v -2.014723 1.420845 2.254287
v -2.118065 1.359009 2.245396
v -2.213123 1.285294 2.234797
v -2.298511 1.200775 2.222645
v -2.372984 1.106684 2.209117
v -2.435456 1.004395 2.194410
v -2.485016 0.895397 2.178739
v -2.520942 0.781282 2.162331
v -1.670537 1.540962 2.123405
v -1.789316 1.519219 2.122369
v -1.904605 1.483334 2.120660
v -2.014723 1.433830 2.118302
v -2.118065 1.371429 2.115329
v -2.213123 1.297040 2.111786
v -2.298511 1.211749 2.107723
v -2.372984 1.116798 2.103200
v -2.435456 1.013574 2.098282
v -2.485016 0.903580 2.093043
v -2.520942 0.788422 2.087557
v -2.542709 0.669777 2.081905
v -1.670537 1.540962 1.976595
v -1.789316 1.519219 1.977631
v -1.904605 1.483334 1.979340
v -2.014723 1.433830 1.981698
v -2.118065 1.371429 1.984671
v -2.213123 1.297040 1.988214
v -2.298511 1.211749 1.992277
v -2.372984 1.116798 1.996800
v -2.435456 1.013574 2.001718
v -2.485016 0.903580 2.006957
v -2.520942 0.788422 2.012443
v -1.670537 1.527006 1.830450
v -1.789316 1.505461 1.833547
v -1.904605 1.469901 1.838660
v -2.014723 1.420845 1.845713
v -2.118065 1.359009 1.854604
v -2.213123 1.285294 1.865203
v -2.298511 1.200775 1.877355
v -2.372984 1.106684 1.890883
v -2.435456 1.004395 1.905590
v -2.485016 0.895397 1.921261
v -2.520942 0.781282 1.937669
v -1.670537 1.499222 1.686293
v -1.789316 1.478069 1.691424
v -1.904605 1.443156 1.699894
v -2.014723 1.394993 1.711578
v -2.118065 1.334282 1.726307
v -2.213123 1.261908 1.743864
v -2.298511 1.178927 1.763995
v -2.372984 1.086548 1.786406
v -2.435456 0.986120 1.810770
v -2.485016 0.879105 1.836731
v -2.520942 0.767066 1.863912
v -2.542709 0.651635 1.891915
v -1.670537 1.457861 1.545429
v -1.789316 1.437291 1.552549
v -1.904605 1.403342 1.564299
v -2.014723 1.356507 1.580508
v -2.118065 1.297471 1.600941
v -2.213123 1.227094 1.625299
v -2.298511 1.146402 1.653226
v -2.372984 1.056572 1.684317
v -2.435456 0.958914 1.718117
v -2.485016 0.854852 1.754133
v -2.520942 0.745904 1.791840
v -2.542709 0.633658 1.830689
v -1.670537 1.403297 1.409136
v -1.789316 1.383497 1.418178
v -1.904605 1.350818 1.433102
v -2.014723 1.305737 1.453690
v -2.118065 1.248910 1.479642
v -2.213123 1.181167 1.510579
v -2.298511 1.103495 1.546051
v -2.372984 1.017027 1.585539
v -2.435456 0.923025 1.628469
v -2.485016 0.822858 1.674214
v -2.520942 0.717987 1.722106
v -2.542709 0.609942 1.771449
v -1.670537 1.336025 1.278646
v -1.789316 1.317174 1.289529
v -1.904605 1.286062 1.307492
v -2.014723 1.243141 1.332272
v -2.118065 1.189039 1.363508
v -2.213123 1.124543 1.400745
v -2.298511 1.050595 1.443439
v -2.372984 0.968272 1.490968
v -2.435456 0.878776 1.542638
v -2.485016 0.783411 1.597698
v -2.520942 0.683567 1.655342
v -1.670537 1.256654 1.155141
v -1.789316 1.238923 1.167767
v -1.904605 1.209659 1.188606
v -2.014723 1.169288 1.217354
v -2.118065 1.118400 1.253591
v -2.213123 1.057736 1.296790
v -2.298511 0.988181 1.346320
v -2.372984 0.910749 1.401459
v -2.435456 0.826569 1.461403
v -2.485016 0.736869 1.525278
v -2.520942 0.642958 1.592152
v -1.670537 1.165902 1.039741
v -1.789316 1.149451 1.053995
v -1.904605 1.122300 1.077521
v -2.014723 1.084845 1.109976
v -2.118065 1.037632 1.150887
v -2.213123 0.981349 1.199656
v -2.298511 0.916817 1.255574
v -2.372984 0.844977 1.317823
v -2.435456 0.766877 1.385498
v -2.485016 0.683655 1.457610
v -2.520942 0.596525 1.533108
v -2.542709 0.506758 1.610892
v -1.670537 1.064591 0.933489
v -1.789316 1.049570 0.949243
v -1.904605 1.024779 0.975243
v -2.014723 0.990578 1.011112
v -2.118065 0.947467 1.056325
v -2.213123 0.896075 1.110224
v -2.298511 0.837150 1.172022
v -2.372984 0.771553 1.240818
v -2.435456 0.700239 1.315610
v -2.485016 0.624249 1.395307
v -2.520942 0.544690 1.478745
v -2.542709 0.462723 1.564710
v -1.670537 0.953639 0.837349
v -1.789316 0.940184 0.854459
v -1.904605 0.917976 0.882698
v -2.014723 0.887340 0.921655
v -2.118065 0.848722 0.970762
v -2.213123 0.802686 1.029302
v -2.298511 0.749903 1.096421
v -2.372984 0.691142 1.171142
v -2.435456 0.627260 1.252374
v -2.485016 0.559190 1.338933
v -2.520942 0.487923 1.429556
v -2.542709 0.414498 1.522923
v -1.670537 0.834051 0.752191
v -1.789316 0.822283 0.770502
v -1.904605 0.802860 0.800725
v -2.014723 0.776066 0.842418
v -2.118065 0.742291 0.894972
v -2.213123 0.702028 0.957623
v -2.298511 0.655864 1.029456
v -2.372984 0.604471 1.109424
v -2.435456 0.548601 1.196361
v -2.485016 0.489066 1.288998
v -2.520942 0.426736 1.385985
v -1.670537 0.706910 0.678786
v -1.789316 0.696936 0.698133
v -1.904605 0.680474 0.730065
v -2.014723 0.657764 0.774116
v -2.118065 0.629138 0.829643
v -2.213123 0.595012 0.895838
v -2.298511 0.555885 0.971734
v -2.372984 0.512327 1.056224
v -2.435456 0.464973 1.148078
v -2.485016 0.414514 1.245955
v -2.520942 0.361685 1.348428
v -1.670537 0.573367 0.617799
v -1.789316 0.565277 0.638006
v -1.904605 0.551925 0.671359
v -2.014723 0.533505 0.717369
v -2.118065 0.510287 0.775366
v -2.213123 0.482608 0.844504
v -2.298511 0.450872 0.923776
v -2.372984 0.415543 1.012025
v -2.435456 0.377135 1.107964
v -2.485016 0.336208 1.210194
v -2.520942 0.293359 1.317225
v -2.542709 0.249213 1.427495
v -1.670537 0.434631 0.569782
v -1.789316 0.428499 0.590667
v -1.904605 0.418377 0.625137
v -2.014723 0.404415 0.672690
v -2.118065 0.386814 0.732632
v -2.213123 0.365833 0.804088
v -2.298511 0.341776 0.886017
v -2.372984 0.314995 0.977225
v -2.435456 0.285881 1.076380
v -2.485016 0.254857 1.182038
v -2.520942 0.222376 1.292657
v -2.542709 0.188912 1.406625
v -1.670537 0.291960 0.535170
v -1.789316 0.287840 0.556544
v -1.904605 0.281041 0.591820
v -2.014723 0.271662 0.640485
v -2.118065 0.259839 0.701828
v -2.213123 0.245745 0.774955
v -2.298511 0.229585 0.858800
v -2.372984 0.211595 0.952140
v -2.435456 0.192038 1.053614
v -2.485016 0.171198 1.161743
v -2.520942 0.149379 1.274948
v -2.542709 0.126900 1.391581
v -1.670537 0.146644 0.514277
v -1.789316 0.144575 0.535945
v -1.904605 0.141160 0.571708
v -2.014723 0.136449 0.621044
v -2.118065 0.130510 0.683233
v -2.213123 0.123431 0.757369
v -2.298511 0.115315 0.842370
v -2.372984 0.106279 0.936998
v -2.435456 0.096456 1.039872
v -2.485016 0.085988 1.149491
v -2.520942 0.075029 1.264258
v -1.670537 -0.146644 0.514277
v -1.789316 -0.144575 0.535945
v -1.904605 -0.141160 0.571708
v -2.014723 -0.136449 0.621044
v -2.118065 -0.130510 0.683233
v -2.213123 -0.123431 0.757369
v -2.298511 -0.115315 0.842370
v -2.372984 -0.106279 0.936998
v -2.435456 -0.096456 1.039872
v -2.485016 -0.085988 1.149491
v -2.520942 -0.075029 1.264258
v -2.542709 -0.063739 1.382500
v -1.670537 -0.291960 0.535170
v -1.789316 -0.287840 0.556544
v -1.904605 -0.281041 0.591820
v -2.014723 -0.271662 0.640485
v -2.118065 -0.259839 0.701828
v -2.213123 -0.245745 0.774955
v -2.298511 -0.229585 0.858800
v -2.372984 -0.211595 0.952140
v -2.435456 -0.192038 1.053614
v -2.485016 -0.171198 1.161743
v -2.520942 -0.149379 1.274948
v -2.542709 -0.126900 1.391581
v -1.670537 -0.434631 0.569782
v -1.789316 -0.428499 0.590667
v -1.904605 -0.418377 0.625137
v -2.014723 -0.404415 0.672690
v -2.118065 -0.386814 0.732632
v -2.213123 -0.365833 0.804088
v -2.298511 -0.341776 0.886017
v -2.372984 -0.314995 0.977225
v -2.435456 -0.285881 1.076380
v -2.485016 -0.254857 1.182038
v -2.520942 -0.222376 1.292657
v -2.542709 -0.188912 1.406625
v -1.670537 -0.573367 0.617799
v -1.789316 -0.565277 0.638006
v -1.904605 -0.551925 0.671359
v -2.014723 -0.533505 0.717369
v -2.118065 -0.510287 0.775366
v -2.213123 -0.482608 0.844504
v -2.298511 -0.450872 0.923776
v -2.372984 -0.415543 1.012025
v -2.435456 -0.377135 1.107964
v -2.485016 -0.336208 1.210194
v -2.520942 -0.293359 1.317225
v -1.670537 -0.706910 0.678786
v -1.789316 -0.696936 0.698133
v -1.904605 -0.680474 0.730065
v -2.014723 -0.657764 0.774116
v -2.118065 -0.629138 0.829643
v -2.213123 -0.595012 0.895838
v -2.298511 -0.555885 0.971734
v -2.372984 -0.512327 1.056224
v -2.435456 -0.464973 1.148078
v -2.485016 -0.414514 1.245955
v -2.520942 -0.361685 1.348428
v -2.542709 -0.307258 1.454003
v -1.670537 -0.834051 0.752191
v -1.789316 -0.822283 0.770502
v -1.904605 -0.802860 0.800725
v -2.014723 -0.776066 0.842418
v -2.118065 -0.742291 0.894972
v -2.213123 -0.702028 0.957623
v -2.298511 -0.655864 1.029456
v -2.372984 -0.604471 1.109424
v -2.435456 -0.548601 1.196361
v -2.485016 -0.489066 1.288998
v -2.520942 -0.426736 1.385985
v -1.670537 -0.953639 0.837349
v -1.789316 -0.940184 0.854459
v -1.904605 -0.917976 0.882698
v -2.014723 -0.887340 0.921655
v -2.118065 -0.848722 0.970762
v -2.213123 -0.802686 1.029302
v -2.298511 -0.749903 1.096421
v -2.372984 -0.691142 1.171142
v -2.435456 -0.627260 1.252374
v -2.485016 -0.559190 1.338933
v -2.520942 -0.487923 1.429556
v -1.670537 -1.064591 0.933489
v -1.789316 -1.049570 0.949243
v -1.904605 -1.024779 0.975243
v -2.014723 -0.990578 1.011112
v -2.118065 -0.947467 1.056325
v -2.213123 -0.896075 1.110224
v -2.298511 -0.837150 1.172022
v -2.372984 -0.771553 1.240818
v -2.435456 -0.700239 1.315610
v -2.485016 -0.624249 1.395307
v -2.520942 -0.544690 1.478745
v -2.542709 -0.462723 1.564710
v -1.670537 -1.165902 1.039741
v -1.789316 -1.149451 1.053995
v -1.904605 -1.122300 1.077521
v -2.014723 -1.084845 1.109976
v -2.118065 -1.037632 1.150887
v -2.213123 -0.981349 1.199656
v -2.298511 -0.916817 1.255574
v -2.372984 -0.844977 1.317823
v -2.435456 -0.766877 1.385498
v -2.485016 -0.683655 1.457610
v -2.520942 -0.596525 1.533108
v -2.542709 -0.506758 1.610892
v -1.670537 -1.256654 1.155141
v -1.789316 -1.238923 1.167767
v -1.904605 -1.209659 1.188606
v -2.014723 -1.169288 1.217354
v -2.118065 -1.118400 1.253591
v -2.213123 -1.057736 1.296790
v -2.298511 -0.988181 1.346320
v -2.372984 -0.910749 1.401459
v -2.435456 -0.826569 1.461403
v -2.485016 -0.736869 1.525278
v -2.520942 -0.642958 1.592152
v -2.542709 -0.546203 1.661051
v -1.670537 -1.336025 1.278646
v -1.789316 -1.317174 1.289529
v -1.904605 -1.286062 1.307492
v -2.014723 -1.243141 1.332272
v -2.118065 -1.189039 1.363508
v -2.213123 -1.124543 1.400745
v -2.298511 -1.050595 1.443439
v -2.372984 -0.968272 1.490968
v -2.435456 -0.878776 1.542638
v -2.485016 -0.783411 1.597698
v -2.520942 -0.683567 1.655342
v -1.670537 -1.403297 1.409136
v -1.789316 -1.383497 1.418178
v -1.904605 -1.350818 1.433102
v -2.014723 -1.305737 1.453690
v -2.118065 -1.248910 1.479642
v -2.213123 -1.181167 1.510579
v -2.298511 -1.103495 1.546051
v -2.372984 -1.017027 1.585539
v -2.435456 -0.923025 1.628469
v -2.485016 -0.822858 1.674214
v -2.520942 -0.717987 1.722106
v -1.670537 -1.457861 1.545429
v -1.789316 -1.437291 1.552549
v -1.904605 -1.403342 1.564299
v -2.014723 -1.356507 1.580508
v -2.118065 -1.297471 1.600941
v -2.213123 -1.227094 1.625299
v -2.298511 -1.146402 1.653226
v -2.372984 -1.056572 1.684317
v -2.435456 -0.958914 1.718117
v -2.485016 -0.854852 1.754133
v -2.520942 -0.745904 1.791840
v -2.542709 -0.633658 1.830689
v -1.670537 -1.499222 1.686293
v -1.789316 -1.478069 1.691424
v -1.904605 -1.443156 1.699894
v -2.014723 -1.394993 1.711578
v -2.118065 -1.334282 1.726307
v -2.213123 -1.261908 1.743864
v -2.298511 -1.178927 1.763995
v -2.372984 -1.086548 1.786406
v -2.435456 -0.986120 1.810770
v -2.485016 -0.879105 1.836731
v -2.520942 -0.767066 1.863912
v -2.542709 -0.651635 1.891915
v -1.670537 -1.527006 1.830450
v -1.789316 -1.505461 1.833547
v -1.904605 -1.469901 1.838660
v -2.014723 -1.420845 1.845713
v -2.118065 -1.359009 1.854604
v -2.213123 -1.285294 1.865203
v -2.298511 -1.200775 1.877355
v -2.372984 -1.106684 1.890883
v -2.435456 -1.004395 1.905590
v -2.485016 -0.895397 1.921261
v -2.520942 -0.781282 1.937669
v -2.542709 -0.663712 1.954573
vt -0.000000 -0.185498 0.000000
vt -0.012083 -0.191482 0.000000
vt -0.000000 -0.197466 0.000000
vt -0.012083 -0.203450 0.000000
vt -0.000000 -0.209433 0.000000
vt -0.012083 -0.215417 0.000000
vt -0.000000 -0.221401 0.000000
vt -0.012083 -0.227385 0.000000
vt -0.000000 -0.233369 0.000000
vt -0.012083 -0.239353 0.000000
vt -0.000000 -0.245336 0.000000
vt -0.012083 -0.251320 0.000000
vt -0.000000 -0.257304 0.000000
vt -0.012083 -0.263288 0.000000
vt -0.000000 -0.269272 0.000000
vt -0.012083 -0.275255 0.000000
vt -0.000000 -0.281239 0.000000
vt -0.012083 -0.287223 0.000000
vt -0.000000 -0.293207 0.000000
vt -0.012083 -0.299191 0.000000
vt -0.000000 -0.305175 0.000000
vt -0.012083 -0.311158 0.000000
vt -0.000000 -0.317142 0.000000
vt -0.012083 -0.323126 0.000000
vt -0.000000 -0.329110 0.000000
vt -0.012083 -0.335094 0.000000
vt -0.000000 -0.341077 0.000000
vt -0.012083 -0.347061 0.000000
vt -0.000000 -0.353045 0.000000
vt -0.012083 -0.359029 0.000000
vt -0.000000 -0.365013 0.000000
vt -0.012083 -0.370996 0.000000
vt -0.000000 -0.376980 0.000000
vt -0.012083 -0.382964 0.000000
vt -0.000000 -0.388948 0.000000
vt -0.012083 -0.394932 0.000000
vt 0.000000 -0.400916 0.000000
vt -0.000000 0.388948 0.000000
vt -0.012083 0.394932 0.000000
vt -0.012083 0.382964 0.000000
vt -0.000000 0.376980 0.000000
vt -0.012083 0.370996 0.000000
vt -0.000000 0.365013 0.000000
vt -0.012083 0.359029 0.000000
vt -0.000000 0.353045 0.000000
vt -0.012083 0.347061 0.000000
vt -0.000000 0.341077 0.000000
vt -0.012083 0.335094 0.000000
vt -0.000000 0.329110 0.000000
vt -0.012083 0.323126 0.000000
vt -0.000000 0.317142 0.000000
vt -0.012083 0.311158 0.000000
vt -0.000000 0.305175 0.000000
vt -0.012083 0.299191 0.000000
vt -0.000000 0.293207 0.000000
vt -0.012083 0.287223 0.000000
vt -0.000000 0.281239 0.000000
vt -0.012083 0.275255 0.000000
vt -0.000000 0.269272 0.000000
vt -0.012083 0.263288 0.000000
vt -0.000000 0.257304 0.000000
vt -0.012083 0.251320 0.000000
vt -0.000000 0.245336 0.000000
vt -0.012083 0.239353 0.000000
vt -0.000000 0.233369 0.000000
vt -0.012083 0.227385 0.000000
vt -0.000000 0.221401 0.000000
vt -0.012083 0.215417 0.000000
vt -0.000000 0.209433 0.000000
vt -0.012083 0.203450 0.000000
vt -0.000000 0.197466 0.000000
vt -0.012083 0.191482 0.000000
vt -0.000000 0.185498 0.000000
vt -0.012083 0.179514 0.000000
vt -0.000000 0.173531 0.000000
vt -0.012083 0.167547 0.000000
vt -0.000000 0.161563 0.000000
vt -0.012083 0.155579 0.000000
vt -0.000000 0.149595 0.000000
vt -0.012083 0.143612 0.000000
vt -0.000000 0.137628 0.000000
vt -0.012083 0.131644 0.000000
vt -0.000000 0.125660 0.000000
vt -0.012083 0.119676 0.000000
vt -0.000000 0.113692 0.000000
vt -0.012083 0.107709 0.000000
vt -0.000000 0.101725 0.000000
vt -0.012083 0.095741 0.000000
vt -0.000000 0.089757 0.000000
vt -0.012083 0.083773 0.000000
vt -0.000000 0.077790 0.000000
vt -0.012083 0.071806 0.000000
vt -0.000000 0.065822 0.000000
vt -0.012083 0.059838 0.000000
vt -0.000000 0.053854 0.000000
vt -0.012083 0.047871 0.000000
vt -0.000000 0.041887 0.000000
vt -0.012083 0.035903 0.000000
vt -0.000000 0.029919 0.000000
vt -0.012083 0.023935 0.000000
vt -0.000000 0.017951 0.000000
vt -0.012083 0.011968 0.000000
vt -0.000000 0.005984 0.000000
vt -0.012083 0.000000 0.000000
vt -0.000000 -0.005984 0.000000
vt -0.012083 -0.011968 0.000000
vt -0.000000 -0.017951 0.000000
vt -0.012083 -0.023935 0.000000
vt -0.000000 -0.029919 0.000000
vt -0.012083 -0.035903 0.000000
vt -0.000000 -0.041887 0.000000
vt -0.012083 -0.047871 0.000000
vt -0.000000 -0.053854 0.000000
vt -0.012083 -0.059838 0.000000
vt -0.000000 -0.065822 0.000000
vt -0.012083 -0.071806 0.000000
vt -0.000000 -0.077790 0.000000
vt -0.012083 -0.083773 0.000000
vt -0.000000 -0.089757 0.000000
vt -0.012083 -0.095741 0.000000
vt -0.000000 -0.101725 0.000000
vt -0.012083 -0.107709 0.000000
vt -0.000000 -0.113692 0.000000
vt -0.012083 -0.119676 0.000000
vt -0.000000 -0.125660 0.000000
vt -0.012083 -0.131644 0.000000
vt -0.000000 -0.137628 0.000000
vt -0.012083 -0.143612 0.000000
vt -0.000000 -0.149595 0.000000
vt -0.012083 -0.155579 0.000000
vt -0.000000 -0.161563 0.000000
vt -0.012083 -0.167547 0.000000
vt -0.000000 -0.173531 0.000000
vt -0.012083 -0.179514 0.000000
vt -0.157080 -0.217719 0.000000
vt -0.144997 -0.203450 0.000000
vt -0.157080 -0.197466 0.000000
vt -0.144997 -0.191482 0.000000
vt -0.157080 -0.177213 0.000000
vt -0.144997 -0.179514 0.000000
vt -0.144997 -0.167547 0.000000
vt -0.132914 -0.179514 0.000000
vt -0.132914 -0.167547 0.000000
vt -0.120830 -0.179514 0.000000
vt -0.120830 -0.167547 0.000000
vt -0.108747 -0.179514 0.000000
vt -0.108747 -0.167547 0.000000
vt -0.096664 -0.179514 0.000000
vt -0.096664 -0.167547 0.000000
vt -0.084581 -0.179514 0.000000
vt -0.084581 -0.167547 0.000000
vt -0.072498 -0.179514 0.000000
vt -0.072498 -0.167547 0.000000
vt -0.060415 -0.179514 0.000000
vt -0.060415 -0.167547 0.000000
vt -0.048332 -0.179514 0.000000
vt -0.048332 -0.167547 0.000000
vt -0.036249 -0.179514 0.000000
vt -0.036249 -0.167547 0.000000
vt -0.024166 -0.179514 0.000000
vt -0.024166 -0.167547 0.000000
vt -0.157080 -0.237972 0.000000
vt -0.144997 -0.227385 0.000000
vt -0.144997 -0.215417 0.000000
vt -0.132914 -0.215417 0.000000
vt -0.132914 -0.203450 0.000000
vt -0.120830 -0.215417 0.000000
vt -0.120830 -0.203450 0.000000
vt -0.108747 -0.215417 0.000000
vt -0.108747 -0.203450 0.000000
vt -0.096664 -0.215417 0.000000
vt -0.096664 -0.203450 0.000000
vt -0.084581 -0.215417 0.000000
vt -0.084581 -0.203450 0.000000
vt -0.072498 -0.215417 0.000000
vt -0.072498 -0.203450 0.000000
vt -0.060415 -0.215417 0.000000
vt -0.060415 -0.203450 0.000000
vt -0.048332 -0.215417 0.000000
vt -0.048332 -0.203450 0.000000
vt -0.036249 -0.215417 0.000000
vt -0.036249 -0.203450 0.000000
vt -0.024166 -0.215417 0.000000
vt -0.024166 -0.203450 0.000000
vt -0.157080 -0.258225 0.000000
vt -0.144997 -0.251320 0.000000
vt -0.144997 -0.239353 0.000000
vt -0.132914 -0.239353 0.000000
vt -0.132914 -0.227385 0.000000
vt -0.120830 -0.239353 0.000000
vt -0.120830 -0.227385 0.000000
vt -0.108747 -0.239353 0.000000
vt -0.108747 -0.227385 0.000000
vt -0.096664 -0.239353 0.000000
vt -0.096664 -0.227385 0.000000
vt -0.084581 -0.239353 0.000000
vt -0.084581 -0.227385 0.000000
vt -0.072498 -0.239353 0.000000
vt -0.072498 -0.227385 0.000000
vt -0.060415 -0.239353 0.000000
vt -0.060415 -0.227385 0.000000
vt -0.048332 -0.239353 0.000000
vt -0.048332 -0.227385 0.000000
vt -0.036249 -0.239353 0.000000
vt -0.036249 -0.227385 0.000000
vt -0.024166 -0.239353 0.000000
vt -0.024166 -0.227385 0.000000
vt -0.144997 -0.263288 0.000000
vt -0.157080 -0.278478 0.000000
vt -0.144997 -0.275255 0.000000
vt -0.144997 -0.287223 0.000000
vt -0.132914 -0.287223 0.000000
vt -0.132914 -0.299191 0.000000
vt -0.120830 -0.299191 0.000000
vt -0.120830 -0.311158 0.000000
vt -0.108747 -0.311158 0.000000
vt -0.108747 -0.323126 0.000000
vt -0.096664 -0.323126 0.000000
vt -0.096664 -0.335094 0.000000
vt -0.084581 -0.335094 0.000000
vt -0.084581 -0.347061 0.000000
vt -0.072498 -0.347061 0.000000
vt -0.072498 -0.359029 0.000000
vt -0.060415 -0.359029 0.000000
vt -0.060415 -0.370996 0.000000
vt -0.048332 -0.370996 0.000000
vt -0.048332 -0.382964 0.000000
vt -0.036249 -0.382964 0.000000
vt -0.036249 -0.394932 0.000000
vt -0.024166 -0.394932 0.000000
vt -0.024166 0.394932 0.000000
vt -0.036249 0.394932 0.000000
vt -0.024166 0.382964 0.000000
vt -0.157080 -0.298730 0.000000
vt -0.144997 -0.299191 0.000000
vt -0.132914 -0.311158 0.000000
vt -0.120830 -0.323126 0.000000
vt -0.108747 -0.335094 0.000000
vt -0.096664 -0.347061 0.000000
vt -0.084581 -0.359029 0.000000
vt -0.072498 -0.370996 0.000000
vt -0.060415 -0.382964 0.000000
vt -0.048332 -0.394932 0.000000
vt -0.048332 0.394932 0.000000
vt -0.036249 0.382964 0.000000
vt -0.024166 0.370996 0.000000
vt -0.144997 -0.311158 0.000000
vt -0.157080 -0.318983 0.000000
vt -0.144997 -0.323126 0.000000
vt -0.157080 -0.339236 0.000000
vt -0.144997 -0.335094 0.000000
vt -0.144997 -0.347061 0.000000
vt -0.132914 -0.347061 0.000000
vt -0.132914 -0.359029 0.000000
vt -0.120830 -0.359029 0.000000
vt -0.120830 -0.370996 0.000000
vt -0.108747 -0.370996 0.000000
vt -0.108747 -0.382964 0.000000
vt -0.096664 -0.382964 0.000000
vt -0.096664 -0.394932 0.000000
vt -0.084581 -0.394932 0.000000
vt -0.084581 0.394932 0.000000
vt -0.096664 0.394932 0.000000
vt -0.084581 0.382964 0.000000
vt -0.072498 0.382964 0.000000
vt -0.072498 0.370996 0.000000
vt -0.060415 0.370996 0.000000
vt -0.060415 0.359029 0.000000
vt -0.048332 0.359029 0.000000
vt -0.048332 0.347061 0.000000
vt -0.036249 0.347061 0.000000
vt -0.036249 0.335094 0.000000
vt -0.024166 0.335094 0.000000
vt -0.024166 0.323126 0.000000
vt -0.157080 -0.359489 0.000000
vt -0.144997 -0.359029 0.000000
vt -0.132914 -0.370996 0.000000
vt -0.120830 -0.382964 0.000000
vt -0.108747 -0.394932 0.000000
vt -0.108747 0.394932 0.000000
vt -0.096664 0.382964 0.000000
vt -0.084581 0.370996 0.000000
vt -0.072498 0.359029 0.000000
vt -0.060415 0.347061 0.000000
vt -0.048332 0.335094 0.000000
vt -0.036249 0.323126 0.000000
vt -0.024166 0.311158 0.000000
vt -0.144997 -0.370996 0.000000
vt -0.157080 -0.379742 0.000000
vt -0.144997 -0.382964 0.000000
vt -0.144997 0.406899 0.000000
vt -0.157080 0.410121 0.000000
vt -0.144997 0.394932 0.000000
vt -0.144997 -0.394932 0.000000
vt -0.132914 -0.394932 0.000000
vt -0.132914 0.394932 0.000000
vt -0.132914 0.382964 0.000000
vt -0.120830 0.382964 0.000000
vt -0.120830 0.370996 0.000000
vt -0.108747 0.370996 0.000000
vt -0.108747 0.359029 0.000000
vt -0.096664 0.359029 0.000000
vt -0.096664 0.347061 0.000000
vt -0.084581 0.347061 0.000000
vt -0.084581 0.335094 0.000000
vt -0.072498 0.335094 0.000000
vt -0.072498 0.323126 0.000000
vt -0.060415 0.323126 0.000000
vt -0.060415 0.311158 0.000000
vt -0.048332 0.311158 0.000000
vt -0.048332 0.299191 0.000000
vt -0.036249 0.299191 0.000000
vt -0.036249 0.287223 0.000000
vt -0.024166 0.287223 0.000000
vt -0.024166 0.275255 0.000000
vt -0.157080 0.389869 0.000000
vt -0.144997 0.382964 0.000000
vt -0.132914 0.370996 0.000000
vt -0.120830 0.359029 0.000000
vt -0.108747 0.347061 0.000000
vt -0.096664 0.335094 0.000000
vt -0.084581 0.323126 0.000000
vt -0.072498 0.311158 0.000000
vt -0.060415 0.299191 0.000000
vt -0.048332 0.287223 0.000000
vt -0.036249 0.275255 0.000000
vt -0.024166 0.263288 0.000000
vt -0.157080 0.369616 0.000000
vt -0.144997 0.370996 0.000000
vt -0.132914 0.359029 0.000000
vt -0.120830 0.347061 0.000000
vt -0.108747 0.335094 0.000000
vt -0.096664 0.323126 0.000000
vt -0.084581 0.311158 0.000000
vt -0.072498 0.299191 0.000000
vt -0.060415 0.287223 0.000000
vt -0.048332 0.275255 0.000000
vt -0.036249 0.263288 0.000000
vt -0.024166 0.251320 0.000000
vt -0.144997 0.359029 0.000000
vt -0.157080 0.349363 0.000000
vt -0.144997 0.347061 0.000000
vt -0.144997 0.335094 0.000000
vt -0.132914 0.335094 0.000000
vt -0.132914 0.323126 0.000000
vt -0.120830 0.323126 0.000000
vt -0.120830 0.311158 0.000000
vt -0.108747 0.311158 0.000000
vt -0.108747 0.299191 0.000000
vt -0.096664 0.299191 0.000000
vt -0.096664 0.287223 0.000000
vt -0.084581 0.287223 0.000000
vt -0.084581 0.275255 0.000000
vt -0.072498 0.275255 0.000000
vt -0.072498 0.263288 0.000000
vt -0.060415 0.263288 0.000000
vt -0.060415 0.251320 0.000000
vt -0.048332 0.251320 0.000000
vt -0.048332 0.239353 0.000000
vt -0.036249 0.239353 0.000000
vt -0.036249 0.227385 0.000000
vt -0.024166 0.227385 0.000000
vt -0.024166 0.215417 0.000000
vt -0.157080 0.329110 0.000000
vt -0.144997 0.323126 0.000000
vt -0.132914 0.311158 0.000000
vt -0.120830 0.299191 0.000000
vt -0.108747 0.287223 0.000000
vt -0.096664 0.275255 0.000000
vt -0.084581 0.263288 0.000000
vt -0.072498 0.251320 0.000000
vt -0.060415 0.239353 0.000000
vt -0.048332 0.227385 0.000000
vt -0.036249 0.215417 0.000000
vt -0.024166 0.203450 0.000000
vt -0.157080 0.308857 0.000000
vt -0.144997 0.311158 0.000000
vt -0.132914 0.299191 0.000000
vt -0.120830 0.287223 0.000000
vt -0.108747 0.275255 0.000000
vt -0.096664 0.263288 0.000000
vt -0.084581 0.251320 0.000000
vt -0.072498 0.239353 0.000000
vt -0.060415 0.227385 0.000000
vt -0.048332 0.215417 0.000000
vt -0.036249 0.203450 0.000000
vt -0.024166 0.191482 0.000000
vt -0.144997 0.299191 0.000000
vt -0.157080 0.288604 0.000000
vt -0.144997 0.287223 0.000000
vt -0.144997 0.275255 0.000000
vt -0.132914 0.275255 0.000000
vt -0.132914 0.263288 0.000000
vt -0.120830 0.263288 0.000000
vt -0.120830 0.251320 0.000000
vt -0.108747 0.251320 0.000000
vt -0.108747 0.239353 0.000000
vt -0.096664 0.239353 0.000000
vt -0.096664 0.227385 0.000000
vt -0.084581 0.227385 0.000000
vt -0.084581 0.215417 0.000000
vt -0.072498 0.215417 0.000000
vt -0.072498 0.203450 0.000000
vt -0.060415 0.203450 0.000000
vt -0.060415 0.191482 0.000000
vt -0.048332 0.191482 0.000000
vt -0.048332 0.179514 0.000000
vt -0.036249 0.179514 0.000000
vt -0.036249 0.167547 0.000000
vt -0.024166 0.167547 0.000000
vt -0.024166 0.155579 0.000000
vt -0.157080 0.268351 0.000000
vt -0.144997 0.263288 0.000000
vt -0.132914 0.251320 0.000000
vt -0.120830 0.239353 0.000000
vt -0.108747 0.227385 0.000000
vt -0.096664 0.215417 0.000000
vt -0.084581 0.203450 0.000000
vt -0.072498 0.191482 0.000000
vt -0.060415 0.179514 0.000000
vt -0.048332 0.167547 0.000000
vt -0.036249 0.155579 0.000000
vt -0.024166 0.143612 0.000000
vt -0.157080 0.248098 0.000000
vt -0.144997 0.251320 0.000000
vt -0.132914 0.239353 0.000000
vt -0.120830 0.227385 0.000000
vt -0.108747 0.215417 0.000000
vt -0.096664 0.203450 0.000000
vt -0.084581 0.191482 0.000000
vt -0.072498 0.179514 0.000000
vt -0.060415 0.167547 0.000000
vt -0.048332 0.155579 0.000000
vt -0.036249 0.143612 0.000000
vt -0.024166 0.131644 0.000000
vt -0.144997 0.239353 0.000000
vt -0.157080 0.227845 0.000000
vt -0.144997 0.227385 0.000000
vt -0.144997 0.215417 0.000000
vt -0.132914 0.215417 0.000000
vt -0.132914 0.203450 0.000000
vt -0.120830 0.203450 0.000000
vt -0.120830 0.191482 0.000000
vt -0.108747 0.191482 0.000000
vt -0.108747 0.179514 0.000000
vt -0.096664 0.179514 0.000000
vt -0.096664 0.167547 0.000000
vt -0.084581 0.167547 0.000000
vt -0.084581 0.155579 0.000000
vt -0.072498 0.155579 0.000000
vt -0.072498 0.143612 0.000000
vt -0.060415 0.143612 0.000000
vt -0.060415 0.131644 0.000000
vt -0.048332 0.131644 0.000000
vt -0.048332 0.119676 0.000000
vt -0.036249 0.119676 0.000000
vt -0.036249 0.107709 0.000000
vt -0.024166 0.107709 0.000000
vt -0.024166 0.095741 0.000000
vt -0.157080 0.207592 0.000000
vt -0.144997 0.203450 0.000000
vt -0.132914 0.191482 0.000000
vt -0.120830 0.179514 0.000000
vt -0.108747 0.167547 0.000000
vt -0.096664 0.155579 0.000000
vt -0.084581 0.143612 0.000000
vt -0.072498 0.131644 0.000000
vt -0.060415 0.119676 0.000000
vt -0.048332 0.107709 0.000000
vt -0.036249 0.095741 0.000000
vt -0.024166 0.083773 0.000000
vt -0.157080 0.187339 0.000000
vt -0.144997 0.191482 0.000000
vt -0.132914 0.179514 0.000000
vt -0.120830 0.167547 0.000000
vt -0.108747 0.155579 0.000000
vt -0.096664 0.143612 0.000000
vt -0.084581 0.131644 0.000000
vt -0.072498 0.119676 0.000000
vt -0.060415 0.107709 0.000000
vt -0.048332 0.095741 0.000000
vt -0.036249 0.083773 0.000000
vt -0.024166 0.071806 0.000000
vt -0.144997 0.179514 0.000000
vt -0.157080 0.167087 0.000000
vt -0.144997 0.167547 0.000000
vt -0.144997 0.155579 0.000000
vt -0.132914 0.155579 0.000000
vt -0.132914 0.143612 0.000000
vt -0.120830 0.143612 0.000000
vt -0.120830 0.131644 0.000000
vt -0.108747 0.131644 0.000000
vt -0.108747 0.119676 0.000000
vt -0.096664 0.119676 0.000000
vt -0.096664 0.107709 0.000000
vt -0.084581 0.107709 0.000000
vt -0.084581 0.095741 0.000000
vt -0.072498 0.095741 0.000000
vt -0.072498 0.083773 0.000000
vt -0.060415 0.083773 0.000000
vt -0.060415 0.071806 0.000000
vt -0.048332 0.071806 0.000000
vt -0.048332 0.059838 0.000000
vt -0.036249 0.059838 0.000000
vt -0.036249 0.047871 0.000000
vt -0.024166 0.047871 0.000000
vt -0.024166 0.035903 0.000000
vt -0.157080 0.146834 0.000000
vt -0.144997 0.143612 0.000000
vt -0.132914 0.131644 0.000000
vt -0.120830 0.119676 0.000000
vt -0.108747 0.107709 0.000000
vt -0.096664 0.095741 0.000000
vt -0.084581 0.083773 0.000000
vt -0.072498 0.071806 0.000000
vt -0.060415 0.059838 0.000000
vt -0.048332 0.047871 0.000000
vt -0.036249 0.035903 0.000000
vt -0.024166 0.023935 0.000000
vt -0.144997 0.131644 0.000000
vt -0.157080 0.126581 0.000000
vt -0.144997 0.119676 0.000000
vt -0.157080 0.106328 0.000000
vt -0.144997 0.107709 0.000000
vt -0.144997 0.095741 0.000000
vt -0.132914 0.095741 0.000000
vt -0.132914 0.083773 0.000000
vt -0.120830 0.083773 0.000000
vt -0.120830 0.071806 0.000000
vt -0.108747 0.071806 0.000000
vt -0.108747 0.059838 0.000000
vt -0.096664 0.059838 0.000000
vt -0.096664 0.047871 0.000000
vt -0.084581 0.047871 0.000000
vt -0.084581 0.035903 0.000000
vt -0.072498 0.035903 0.000000
vt -0.072498 0.023935 0.000000
vt -0.060415 0.023935 0.000000
vt -0.060415 0.011968 0.000000
vt -0.048332 0.011968 0.000000
vt -0.048332 0.000000 0.000000
vt -0.036249 0.000000 0.000000
vt -0.036249 -0.011968 0.000000
vt -0.024166 -0.011968 0.000000
vt -0.024166 -0.023935 0.000000
vt -0.157080 0.086075 0.000000
vt -0.144997 0.083773 0.000000
vt -0.132914 0.071806 0.000000
vt -0.120830 0.059838 0.000000
vt -0.108747 0.047871 0.000000
vt -0.096664 0.035903 0.000000
vt -0.084581 0.023935 0.000000
vt -0.072498 0.011968 0.000000
vt -0.060415 0.000000 0.000000
vt -0.048332 -0.011968 0.000000
vt -0.036249 -0.023935 0.000000
vt -0.024166 -0.035903 0.000000
vt -0.144997 0.071806 0.000000
vt -0.157080 0.065822 0.000000
vt -0.144997 0.059838 0.000000
vt -0.157080 0.045569 0.000000
vt -0.144997 0.047871 0.000000
vt -0.144997 0.035903 0.000000
vt -0.132914 0.035903 0.000000
vt -0.132914 0.023935 0.000000
vt -0.120830 0.023935 0.000000
vt -0.120830 0.011968 0.000000
vt -0.108747 0.011968 0.000000
vt -0.108747 0.000000 0.000000
vt -0.096664 0.000000 0.000000
vt -0.096664 -0.011968 0.000000
vt -0.084581 -0.011968 0.000000
vt -0.084581 -0.023935 0.000000
vt -0.072498 -0.023935 0.000000
vt -0.072498 -0.035903 0.000000
vt -0.060415 -0.035903 0.000000
vt -0.060415 -0.047871 0.000000
vt -0.048332 -0.047871 0.000000
vt -0.048332 -0.059838 0.000000
vt -0.036249 -0.059838 0.000000
vt -0.036249 -0.071806 0.000000
vt -0.024166 -0.071806 0.000000
vt -0.024166 -0.083773 0.000000
vt -0.157080 0.025316 0.000000
vt -0.144997 0.023935 0.000000
vt -0.132914 0.011968 0.000000
vt -0.120830 0.000000 0.000000
vt -0.108747 -0.011968 0.000000
vt -0.096664 -0.023935 0.000000
vt -0.084581 -0.035903 0.000000
vt -0.072498 -0.047871 0.000000
vt -0.060415 -0.059838 0.000000
vt -0.048332 -0.071806 0.000000
vt -0.036249 -0.083773 0.000000
vt -0.024166 -0.095741 0.000000
vt -0.144997 0.011968 0.000000
vt -0.157080 0.005063 0.000000
vt -0.144997 0.000000 0.000000
vt -0.157080 -0.015190 0.000000
vt -0.144997 -0.011968 0.000000
vt -0.144997 -0.023935 0.000000
vt -0.132914 -0.023935 0.000000
vt -0.132914 -0.035903 0.000000
vt -0.120830 -0.035903 0.000000
vt -0.120830 -0.047871 0.000000
vt -0.108747 -0.047871 0.000000
vt -0.108747 -0.059838 0.000000
vt -0.096664 -0.059838 0.000000
vt -0.096664 -0.071806 0.000000
vt -0.084581 -0.071806 0.000000
vt -0.084581 -0.083773 0.000000
vt -0.072498 -0.083773 0.000000
vt -0.072498 -0.095741 0.000000
vt -0.060415 -0.095741 0.000000
vt -0.060415 -0.107709 0.000000
vt -0.048332 -0.107709 0.000000
vt -0.048332 -0.119676 0.000000
vt -0.036249 -0.119676 0.000000
vt -0.036249 -0.131644 0.000000
vt -0.024166 -0.131644 0.000000
vt -0.024166 -0.143612 0.000000
vt -0.157080 -0.035443 0.000000
vt -0.144997 -0.035903 0.000000
vt -0.132914 -0.047871 0.000000
vt -0.120830 -0.059838 0.000000
vt -0.108747 -0.071806 0.000000
vt -0.096664 -0.083773 0.000000
vt -0.084581 -0.095741 0.000000
vt -0.072498 -0.107709 0.000000
vt -0.060415 -0.119676 0.000000
vt -0.048332 -0.131644 0.000000
vt -0.036249 -0.143612 0.000000
vt -0.024166 -0.155579 0.000000
vt -0.144997 -0.047871 0.000000
vt -0.157080 -0.055696 0.000000
vt -0.144997 -0.059838 0.000000
vt -0.157080 -0.075948 0.000000
vt -0.144997 -0.071806 0.000000
vt -0.144997 -0.083773 0.000000
vt -0.132914 -0.083773 0.000000
vt -0.132914 -0.095741 0.000000
vt -0.120830 -0.095741 0.000000
vt -0.120830 -0.107709 0.000000
vt -0.108747 -0.107709 0.000000
vt -0.108747 -0.119676 0.000000
vt -0.096664 -0.119676 0.000000
vt -0.096664 -0.131644 0.000000
vt -0.084581 -0.131644 0.000000
vt -0.084581 -0.143612 0.000000
vt -0.072498 -0.143612 0.000000
vt -0.072498 -0.155579 0.000000
vt -0.060415 -0.155579 0.000000
vt -0.157080 -0.096201 0.000000
vt -0.144997 -0.095741 0.000000
vt -0.132914 -0.107709 0.000000
vt -0.120830 -0.119676 0.000000
vt -0.108747 -0.131644 0.000000
vt -0.096664 -0.143612 0.000000
vt -0.084581 -0.155579 0.000000
vt -0.144997 -0.107709 0.000000
vt -0.157080 -0.116454 0.000000
vt -0.144997 -0.119676 0.000000
vt -0.144997 -0.131644 0.000000
vt -0.132914 -0.131644 0.000000
vt -0.132914 -0.143612 0.000000
vt -0.120830 -0.143612 0.000000
vt -0.120830 -0.155579 0.000000
vt -0.108747 -0.155579 0.000000
vt -0.157080 -0.136707 0.000000
vt -0.144997 -0.143612 0.000000
vt -0.132914 -0.155579 0.000000
vt -0.157080 -0.156960 0.000000
vt -0.144997 -0.155579 0.000000
vt -0.024166 -0.382964 0.000000
vt -0.036249 -0.370996 0.000000
vt -0.048332 -0.359029 0.000000
vt -0.060415 -0.347061 0.000000
vt -0.072498 -0.335094 0.000000
vt -0.084581 -0.323126 0.000000
vt -0.096664 -0.311158 0.000000
vt -0.108747 -0.299191 0.000000
vt -0.120830 -0.287223 0.000000
vt -0.132914 -0.275255 0.000000
vt -0.060415 0.394932 0.000000
vt -0.048332 0.382964 0.000000
vt -0.060415 0.382964 0.000000
vt -0.048332 0.370996 0.000000
vt -0.072498 0.394932 0.000000
vt -0.060415 -0.394932 0.000000
vt -0.072498 -0.382964 0.000000
vt -0.072498 -0.394932 0.000000
vt -0.084581 -0.382964 0.000000
vt -0.120830 0.394932 0.000000
vt -0.108747 0.382964 0.000000
vt -0.120830 -0.394932 0.000000
vt -0.132914 -0.382964 0.000000
vt -0.024166 -0.191482 0.000000
vt -0.036249 -0.191482 0.000000
vt -0.048332 -0.191482 0.000000
vt -0.060415 -0.191482 0.000000
vt -0.072498 -0.191482 0.000000
vt -0.084581 -0.191482 0.000000
vt -0.096664 -0.191482 0.000000
vt -0.108747 -0.191482 0.000000
vt -0.120830 -0.191482 0.000000
vt -0.132914 -0.191482 0.000000
vt -0.036249 -0.155579 0.000000
vt -0.048332 -0.155579 0.000000
vt -0.096664 -0.155579 0.000000
vt -0.048332 -0.143612 0.000000
vt -0.060415 -0.143612 0.000000
vt -0.108747 -0.143612 0.000000
vt -0.060415 -0.131644 0.000000
vt -0.072498 -0.131644 0.000000
vt -0.120830 -0.131644 0.000000
vt -0.024166 -0.119676 0.000000
vt -0.036249 -0.107709 0.000000
vt -0.048332 -0.095741 0.000000
vt -0.060415 -0.083773 0.000000
vt -0.072498 -0.071806 0.000000
vt -0.084581 -0.059838 0.000000
vt -0.096664 -0.047871 0.000000
vt -0.108747 -0.035903 0.000000
vt -0.120830 -0.023935 0.000000
vt -0.132914 -0.011968 0.000000
vt -0.072498 -0.119676 0.000000
vt -0.084581 -0.119676 0.000000
vt -0.132914 -0.119676 0.000000
vt -0.024166 -0.107709 0.000000
vt -0.036249 -0.095741 0.000000
vt -0.048332 -0.083773 0.000000
vt -0.060415 -0.071806 0.000000
vt -0.072498 -0.059838 0.000000
vt -0.084581 -0.047871 0.000000
vt -0.096664 -0.035903 0.000000
vt -0.108747 -0.023935 0.000000
vt -0.120830 -0.011968 0.000000
vt -0.132914 0.000000 0.000000
vt -0.084581 -0.107709 0.000000
vt -0.096664 -0.107709 0.000000
vt -0.096664 -0.095741 0.000000
vt -0.108747 -0.095741 0.000000
vt -0.108747 -0.083773 0.000000
vt -0.120830 -0.083773 0.000000
vt -0.120830 -0.071806 0.000000
vt -0.132914 -0.071806 0.000000
vt -0.024166 -0.059838 0.000000
vt -0.036249 -0.047871 0.000000
vt -0.048332 -0.035903 0.000000
vt -0.060415 -0.023935 0.000000
vt -0.072498 -0.011968 0.000000
vt -0.084581 0.000000 0.000000
vt -0.096664 0.011968 0.000000
vt -0.108747 0.023935 0.000000
vt -0.120830 0.035903 0.000000
vt -0.132914 0.047871 0.000000
vt -0.132914 -0.059838 0.000000
vt -0.024166 -0.047871 0.000000
vt -0.036249 -0.035903 0.000000
vt -0.048332 -0.023935 0.000000
vt -0.060415 -0.011968 0.000000
vt -0.072498 0.000000 0.000000
vt -0.084581 0.011968 0.000000
vt -0.096664 0.023935 0.000000
vt -0.108747 0.035903 0.000000
vt -0.120830 0.047871 0.000000
vt -0.132914 0.059838 0.000000
vt -0.024166 0.000000 0.000000
vt -0.036249 0.011968 0.000000
vt -0.048332 0.023935 0.000000
vt -0.060415 0.035903 0.000000
vt -0.072498 0.047871 0.000000
vt -0.084581 0.059838 0.000000
vt -0.096664 0.071806 0.000000
vt -0.108747 0.083773 0.000000
vt -0.120830 0.095741 0.000000
vt -0.132914 0.107709 0.000000
vt -0.024166 0.011968 0.000000
vt -0.036249 0.023935 0.000000
vt -0.048332 0.035903 0.000000
vt -0.060415 0.047871 0.000000
vt -0.072498 0.059838 0.000000
vt -0.084581 0.071806 0.000000
vt -0.096664 0.083773 0.000000
vt -0.108747 0.095741 0.000000
vt -0.120830 0.107709 0.000000
vt -0.132914 0.119676 0.000000
vt -0.024166 0.059838 0.000000
vt -0.036249 0.071806 0.000000
vt -0.048332 0.083773 0.000000
vt -0.060415 0.095741 0.000000
vt -0.072498 0.107709 0.000000
vt -0.084581 0.119676 0.000000
vt -0.096664 0.131644 0.000000
vt -0.108747 0.143612 0.000000
vt -0.120830 0.155579 0.000000
vt -0.132914 0.167547 0.000000
vt -0.024166 0.119676 0.000000
vt -0.036249 0.131644 0.000000
vt -0.048332 0.143612 0.000000
vt -0.060415 0.155579 0.000000
vt -0.072498 0.167547 0.000000
vt -0.084581 0.179514 0.000000
vt -0.096664 0.191482 0.000000
vt -0.108747 0.203450 0.000000
vt -0.120830 0.215417 0.000000
vt -0.132914 0.227385 0.000000
vt -0.024166 0.179514 0.000000
vt -0.036249 0.191482 0.000000
vt -0.048332 0.203450 0.000000
vt -0.060415 0.215417 0.000000
vt -0.072498 0.227385 0.000000
vt -0.084581 0.239353 0.000000
vt -0.096664 0.251320 0.000000
vt -0.108747 0.263288 0.000000
vt -0.120830 0.275255 0.000000
vt -0.132914 0.287223 0.000000
vt -0.024166 0.239353 0.000000
vt -0.036249 0.251320 0.000000
vt -0.048332 0.263288 0.000000
vt -0.060415 0.275255 0.000000
vt -0.072498 0.287223 0.000000
vt -0.084581 0.299191 0.000000
vt -0.096664 0.311158 0.000000
vt -0.108747 0.323126 0.000000
vt -0.120830 0.335094 0.000000
vt -0.132914 0.347061 0.000000
vt -0.024166 0.299191 0.000000
vt -0.036249 0.311158 0.000000
vt -0.048332 0.323126 0.000000
vt -0.060415 0.335094 0.000000
vt -0.072498 0.347061 0.000000
vt -0.084581 0.359029 0.000000
vt -0.096664 0.370996 0.000000
vt -0.024166 0.347061 0.000000
vt -0.036249 0.359029 0.000000
vt -0.024166 0.359029 0.000000
vt -0.036249 0.370996 0.000000
vt -0.024166 -0.370996 0.000000
vt -0.036249 -0.359029 0.000000
vt -0.048332 -0.347061 0.000000
vt -0.060415 -0.335094 0.000000
vt -0.072498 -0.323126 0.000000
vt -0.084581 -0.311158 0.000000
vt -0.096664 -0.299191 0.000000
vt -0.108747 -0.287223 0.000000
vt -0.120830 -0.275255 0.000000
vt -0.132914 -0.263288 0.000000
vt -0.084581 -0.370996 0.000000
vt -0.096664 -0.370996 0.000000
vt -0.024166 -0.359029 0.000000
vt -0.036249 -0.347061 0.000000
vt -0.048332 -0.335094 0.000000
vt -0.060415 -0.323126 0.000000
vt -0.072498 -0.311158 0.000000
vt -0.084581 -0.299191 0.000000
vt -0.096664 -0.287223 0.000000
vt -0.108747 -0.275255 0.000000
vt -0.120830 -0.263288 0.000000
vt -0.132914 -0.251320 0.000000
vt -0.096664 -0.359029 0.000000
vt -0.108747 -0.359029 0.000000
vt -0.024166 -0.347061 0.000000
vt -0.036249 -0.335094 0.000000
vt -0.048332 -0.323126 0.000000
vt -0.060415 -0.311158 0.000000
vt -0.072498 -0.299191 0.000000
vt -0.084581 -0.287223 0.000000
vt -0.096664 -0.275255 0.000000
vt -0.108747 -0.263288 0.000000
vt -0.120830 -0.251320 0.000000
vt -0.108747 -0.347061 0.000000
vt -0.120830 -0.347061 0.000000
vt -0.024166 -0.335094 0.000000
vt -0.036249 -0.323126 0.000000
vt -0.048332 -0.311158 0.000000
vt -0.060415 -0.299191 0.000000
vt -0.072498 -0.287223 0.000000
vt -0.084581 -0.275255 0.000000
vt -0.096664 -0.263288 0.000000
vt -0.108747 -0.251320 0.000000
vt -0.120830 -0.335094 0.000000
vt -0.132914 -0.335094 0.000000
vt -0.024166 -0.323126 0.000000
vt -0.036249 -0.311158 0.000000
vt -0.048332 -0.299191 0.000000
vt -0.060415 -0.287223 0.000000
vt -0.072498 -0.275255 0.000000
vt -0.084581 -0.263288 0.000000
vt -0.096664 -0.251320 0.000000
vt -0.132914 -0.323126 0.000000
vt -0.024166 -0.311158 0.000000
vt -0.036249 -0.299191 0.000000
vt -0.048332 -0.287223 0.000000
vt -0.060415 -0.275255 0.000000
vt -0.072498 -0.263288 0.000000
vt -0.084581 -0.251320 0.000000
vt -0.024166 -0.299191 0.000000
vt -0.036249 -0.287223 0.000000
vt -0.048332 -0.275255 0.000000
vt -0.060415 -0.263288 0.000000
vt -0.072498 -0.251320 0.000000
vt -0.024166 -0.287223 0.000000
vt -0.036249 -0.275255 0.000000
vt -0.048332 -0.263288 0.000000
vt -0.060415 -0.251320 0.000000
vt -0.024166 -0.275255 0.000000
vt -0.036249 -0.263288 0.000000
vt -0.048332 -0.251320 0.000000
vt -0.024166 -0.263288 0.000000
vt -0.036249 -0.251320 0.000000
vt -0.024166 -0.251320 0.000000
vt 0.155000 -0.472191 0.000000
vt -0.155000 -0.472191 0.000000
vt 0.155000 -0.486947 0.000000
vt -0.155000 -0.486947 0.000000
vt 0.155000 0.486947 0.000000
vt -0.155000 0.486947 0.000000
vt 0.155000 0.472191 0.000000
vt -0.155000 0.472191 0.000000
vt 0.155000 0.457435 0.000000
vt -0.155000 0.457435 0.000000
vt 0.155000 0.442679 0.000000
vt -0.155000 0.442679 0.000000
vt 0.155000 0.427923 0.000000
vt -0.155000 0.427923 0.000000
vt 0.155000 0.413167 0.000000
vt -0.155000 0.413167 0.000000
vt 0.155000 0.398411 0.000000
vt -0.155000 0.398411 0.000000
vt 0.155000 0.383655 0.000000
vt -0.155000 0.383655 0.000000
vt 0.155000 0.368899 0.000000
vt -0.155000 0.368899 0.000000
vt 0.155000 0.354143 0.000000
vt -0.155000 0.354143 0.000000
vt 0.155000 0.339387 0.000000
vt -0.155000 0.339387 0.000000
vt 0.155000 0.324631 0.000000
vt -0.155000 0.324631 0.000000
vt 0.155000 0.309875 0.000000
vt -0.155000 0.309875 0.000000
vt 0.155000 0.295119 0.000000
vt -0.155000 0.295119 0.000000
vt 0.155000 0.280363 0.000000
vt -0.155000 0.280363 0.000000
vt 0.155000 0.265607 0.000000
vt -0.155000 0.265607 0.000000
vt 0.155000 0.250851 0.000000
vt -0.155000 0.250851 0.000000
vt 0.155000 0.236095 0.000000
vt -0.155000 0.236095 0.000000
vt 0.155000 0.221339 0.000000
vt -0.155000 0.221339 0.000000
vt 0.155000 0.206584 0.000000
vt -0.155000 0.206584 0.000000
vt 0.155000 0.191828 0.000000
vt -0.155000 0.191828 0.000000
vt 0.155000 0.177072 0.000000
vt -0.155000 0.177072 0.000000
vt 0.155000 0.162316 0.000000
vt -0.155000 0.162316 0.000000
vt 0.155000 0.147560 0.000000
vt -0.155000 0.147560 0.000000
vt 0.155000 0.132804 0.000000
vt -0.155000 0.132804 0.000000
vt 0.155000 0.118048 0.000000
vt -0.155000 0.118048 0.000000
vt 0.155000 0.103292 0.000000
vt -0.155000 0.103292 0.000000
vt 0.155000 0.088536 0.000000
vt -0.155000 0.088536 0.000000
vt 0.155000 0.073780 0.000000
vt -0.155000 0.073780 0.000000
vt 0.155000 0.059024 0.000000
vt -0.155000 0.059024 0.000000
vt 0.155000 0.044268 0.000000
vt -0.155000 0.044268 0.000000
vt 0.155000 0.029512 0.000000
vt -0.155000 0.029512 0.000000
vt 0.155000 0.014756 0.000000
vt -0.155000 0.014756 0.000000
vt 0.155000 0.000000 0.000000
vt -0.155000 0.000000 0.000000
vt 0.155000 -0.014756 0.000000
vt -0.155000 -0.014756 0.000000
vt 0.155000 -0.029512 0.000000
vt -0.155000 -0.029512 0.000000
vt 0.155000 -0.044268 0.000000
vt -0.155000 -0.044268 0.000000
vt 0.155000 -0.059024 0.000000
vt -0.155000 -0.059024 0.000000
vt 0.155000 -0.073780 0.000000
vt -0.155000 -0.073780 0.000000
vt 0.155000 -0.088536 0.000000
vt -0.155000 -0.088536 0.000000
vt 0.155000 -0.103292 0.000000
vt -0.155000 -0.103292 0.000000
vt 0.155000 -0.118048 0.000000
vt -0.155000 -0.118048 0.000000
vt 0.155000 -0.132804 0.000000
vt -0.155000 -0.132804 0.000000
vt 0.155000 -0.147560 0.000000
vt -0.155000 -0.147560 0.000000
vt 0.155000 -0.162316 0.000000
vt -0.155000 -0.162316 0.000000
vt 0.155000 -0.177072 0.000000
vt -0.155000 -0.177072 0.000000
vt 0.155000 -0.191828 0.000000
vt -0.155000 -0.191828 0.000000
vt 0.155000 -0.206584 0.000000
vt -0.155000 -0.206584 0.000000
vt 0.155000 -0.221339 0.000000
vt -0.155000 -0.221339 0.000000
vt 0.155000 -0.236095 0.000000
vt -0.155000 -0.236095 0.000000
vt 0.155000 -0.250851 0.000000
vt -0.155000 -0.250851 0.000000
vt 0.155000 -0.265607 0.000000
vt -0.155000 -0.265607 0.000000
vt 0.155000 -0.280363 0.000000
vt -0.155000 -0.280363 0.000000
vt 0.155000 -0.295119 0.000000
vt -0.155000 -0.295119 0.000000
vt 0.155000 -0.309875 0.000000
vt -0.155000 -0.309875 0.000000
vt 0.155000 -0.324631 0.000000
vt -0.155000 -0.324631 0.000000
vt 0.155000 -0.339387 0.000000
vt -0.155000 -0.339387 0.000000
vt 0.155000 -0.354143 0.000000
vt -0.155000 -0.354143 0.000000
vt 0.155000 -0.368899 0.000000
vt -0.155000 -0.368899 0.000000
vt 0.155000 -0.383655 0.000000
vt -0.155000 -0.383655 0.000000
vt 0.155000 -0.398411 0.000000
vt -0.155000 -0.398411 0.000000
vt 0.155000 -0.413167 0.000000
vt -0.155000 -0.413167 0.000000
vt 0.155000 -0.427923 0.000000
vt -0.155000 -0.427923 0.000000
vt 0.155000 -0.442679 0.000000
vt -0.155000 -0.442679 0.000000
vt 0.155000 -0.457435 0.000000
vt -0.155000 -0.457435 0.000000
vt -0.055000 0.000000 0.000000
vt -0.054288 -0.008823 0.000000
vt -0.054288 0.008823 0.000000
vt -0.052170 0.017417 0.000000
vt -0.052170 -0.017417 0.000000
vt -0.048700 0.025560 0.000000
vt -0.048700 -0.025560 0.000000
vt -0.043969 0.033041 0.000000
vt -0.038100 0.039666 0.000000
vt -0.031244 0.045264 0.000000
vt -0.023578 0.049690 0.000000
vt -0.015302 0.052828 0.000000
vt -0.006630 0.054599 0.000000
vt 0.002215 0.054955 0.000000
vt 0.011001 0.053888 0.000000
vt 0.019503 0.051426 0.000000
vt 0.027500 0.047631 0.000000
vt -0.043969 -0.033041 0.000000
vt 0.034784 0.042603 0.000000
vt 0.041168 0.036472 0.000000
vt 0.046485 0.029396 0.000000
vt 0.050599 0.021558 0.000000
vt 0.053402 0.013162 0.000000
vt 0.054822 0.004426 0.000000
vt 0.054822 -0.004426 0.000000
vt 0.053402 -0.013162 0.000000
vt 0.050599 -0.021558 0.000000
vt 0.046485 -0.029396 0.000000
vt 0.041168 -0.036472 0.000000
vt -0.038100 -0.039666 0.000000
vt 0.034784 -0.042603 0.000000
vt -0.031244 -0.045264 0.000000
vt 0.027500 -0.047631 0.000000
vt -0.023578 -0.049690 0.000000
vt 0.019503 -0.051426 0.000000
vt -0.015302 -0.052828 0.000000
vt 0.011001 -0.053888 0.000000
vt -0.006630 -0.054599 0.000000
vt 0.002215 -0.054955 0.000000
vt -0.000000 -0.185498 0.000000
vt -0.012083 -0.191482 0.000000
vt -0.000000 -0.197466 0.000000
vt -0.012083 -0.203450 0.000000
vt -0.000000 -0.209433 0.000000
vt -0.012083 -0.215417 0.000000
vt -0.000000 -0.221401 0.000000
vt -0.012083 -0.227385 0.000000
vt -0.000000 -0.233369 0.000000
vt -0.012083 -0.239353 0.000000
vt -0.000000 -0.245336 0.000000
vt -0.012083 -0.251320 0.000000
vt -0.000000 -0.257304 0.000000
vt -0.012083 -0.263288 0.000000
vt -0.000000 -0.269272 0.000000
vt -0.012083 -0.275255 0.000000
vt -0.000000 -0.281239 0.000000
vt -0.012083 -0.287223 0.000000
vt -0.000000 -0.293207 0.000000
vt -0.012083 -0.299191 0.000000
vt -0.000000 -0.305175 0.000000
vt -0.012083 -0.311158 0.000000
vt -0.000000 -0.317142 0.000000
vt -0.012083 -0.323126 0.000000
vt -0.000000 -0.329110 0.000000
vt -0.012083 -0.335094 0.000000
vt -0.000000 -0.341077 0.000000
vt -0.012083 -0.347061 0.000000
vt -0.000000 -0.353045 0.000000
vt -0.012083 -0.359029 0.000000
vt -0.000000 -0.365013 0.000000
vt -0.012083 -0.370996 0.000000
vt -0.000000 -0.376980 0.000000
vt -0.012083 -0.382964 0.000000
vt -0.000000 -0.388948 0.000000
vt -0.012083 -0.394932 0.000000
vt 0.000000 -0.400916 0.000000
vt -0.000000 0.388948 0.000000
vt -0.012083 0.394932 0.000000
vt -0.012083 0.382964 0.000000
vt -0.000000 0.376980 0.000000
vt -0.012083 0.370996 0.000000
vt -0.000000 0.365013 0.000000
vt -0.012083 0.359029 0.000000
vt -0.000000 0.353045 0.000000
vt -0.012083 0.347061 0.000000
vt -0.000000 0.341077 0.000000
vt -0.012083 0.335094 0.000000
vt -0.000000 0.329110 0.000000
vt -0.012083 0.323126 0.000000
vt -0.000000 0.317142 0.000000
vt -0.012083 0.311158 0.000000
vt -0.000000 0.305175 0.000000
vt -0.012083 0.299191 0.000000
vt -0.000000 0.293207 0.000000
vt -0.012083 0.287223 0.000000
vt -0.000000 0.281239 0.000000
vt -0.012083 0.275255 0.000000
vt -0.000000 0.269272 0.000000
vt -0.012083 0.263288 0.000000
vt -0.000000 0.257304 0.000000
vt -0.012083 0.251320 0.000000
vt -0.000000 0.245336 0.000000
vt -0.012083 0.239353 0.000000
vt -0.000000 0.233369 0.000000
vt -0.012083 0.227385 0.000000
vt -0.000000 0.221401 0.000000
vt -0.012083 0.215417 0.000000
vt -0.000000 0.209433 0.000000
vt -0.012083 0.203450 0.000000
vt 0.000000 0.197466 0.000000
vt -0.012083 0.191482 0.000000
vt 0.000000 0.185498 0.000000
vt -0.012083 0.179514 0.000000
vt 0.000000 0.173531 0.000000
vt -0.012083 0.167547 0.000000
vt 0.000000 0.161563 0.000000
vt -0.012083 0.155579 0.000000
vt 0.000000 0.149595 0.000000
vt -0.012083 0.143612 0.000000
vt 0.000000 0.137628 0.000000
vt -0.012083 0.131644 0.000000
vt 0.000000 0.125660 0.000000
vt -0.012083 0.119676 0.000000
vt 0.000000 0.113692 0.000000
vt -0.012083 0.107709 0.000000
vt 0.000000 0.101725 0.000000
vt -0.012083 0.095741 0.000000
vt 0.000000 0.089757 0.000000
vt -0.012083 0.083773 0.000000
vt 0.000000 0.077790 0.000000
vt -0.012083 0.071806 0.000000
vt 0.000000 0.065822 0.000000
vt -0.012083 0.059838 0.000000
vt 0.000000 0.053854 0.000000
vt -0.012083 0.047871 0.000000
vt 0.000000 0.041887 0.000000
vt -0.012083 0.035903 0.000000
vt 0.000000 0.029919 0.000000
vt -0.012083 0.023935 0.000000
vt 0.000000 0.017951 0.000000
vt -0.012083 0.011968 0.000000
vt 0.000000 0.005984 0.000000
vt -0.012083 0.000000 0.000000
vt -0.000000 -0.005984 0.000000
vt -0.012083 -0.011968 0.000000
vt -0.000000 -0.017951 0.000000
vt -0.012083 -0.023935 0.000000
vt -0.000000 -0.029919 0.000000
vt -0.012083 -0.035903 0.000000
vt -0.000000 -0.041887 0.000000
vt -0.012083 -0.047871 0.000000
vt -0.000000 -0.053854 0.000000
vt -0.012083 -0.059838 0.000000
vt -0.000000 -0.065822 0.000000
vt -0.012083 -0.071806 0.000000
vt -0.000000 -0.077790 0.000000
vt -0.012083 -0.083773 0.000000
vt -0.000000 -0.089757 0.000000
vt -0.012083 -0.095741 0.000000
vt -0.000000 -0.101725 0.000000
vt -0.012083 -0.107709 0.000000
vt -0.000000 -0.113692 0.000000
vt -0.012083 -0.119676 0.000000
vt -0.000000 -0.125660 0.000000
vt -0.012083 -0.131644 0.000000
vt -0.000000 -0.137628 0.000000
vt -0.012083 -0.143612 0.000000
vt -0.000000 -0.149595 0.000000
vt -0.012083 -0.155579 0.000000
vt -0.000000 -0.161563 0.000000
vt -0.012083 -0.167547 0.000000
vt -0.000000 -0.173531 0.000000
vt -0.012083 -0.179514 0.000000
vt -0.157080 -0.217719 0.000000
vt -0.144997 -0.203450 0.000000
vt -0.157080 -0.197466 0.000000
vt -0.144997 -0.191482 0.000000
vt -0.157080 -0.177213 0.000000
vt -0.144997 -0.179514 0.000000
vt -0.144997 -0.167547 0.000000
vt -0.132914 -0.179514 0.000000
vt -0.132914 -0.167547 0.000000
vt -0.120830 -0.179514 0.000000
vt -0.120830 -0.167547 0.000000
vt -0.108747 -0.179514 0.000000
vt -0.108747 -0.167547 0.000000
vt -0.096664 -0.179514 0.000000
vt -0.096664 -0.167547 0.000000
vt -0.084581 -0.179514 0.000000
vt -0.084581 -0.167547 0.000000
vt -0.072498 -0.179514 0.000000
vt -0.072498 -0.167547 0.000000
vt -0.060415 -0.179514 0.000000
vt -0.060415 -0.167547 0.000000
vt -0.048332 -0.179514 0.000000
vt -0.048332 -0.167547 0.000000
vt -0.036249 -0.179514 0.000000
vt -0.036249 -0.167547 0.000000
vt -0.024166 -0.179514 0.000000
vt -0.024166 -0.167547 0.000000
vt -0.157080 -0.237972 0.000000
vt -0.144997 -0.227385 0.000000
vt -0.144997 -0.215417 0.000000
vt -0.132914 -0.215417 0.000000
vt -0.132914 -0.203450 0.000000
vt -0.120830 -0.215417 0.000000
vt -0.120830 -0.203450 0.000000
vt -0.108747 -0.215417 0.000000
vt -0.108747 -0.203450 0.000000
vt -0.096664 -0.215417 0.000000
vt -0.096664 -0.203450 0.000000
vt -0.084581 -0.215417 0.000000
vt -0.084581 -0.203450 0.000000
vt -0.072498 -0.215417 0.000000
vt -0.072498 -0.203450 0.000000
vt -0.060415 -0.215417 0.000000
vt -0.060415 -0.203450 0.000000
vt -0.048332 -0.215417 0.000000
vt -0.048332 -0.203450 0.000000
vt -0.036249 -0.215417 0.000000
vt -0.036249 -0.203450 0.000000
vt -0.024166 -0.215417 0.000000
vt -0.024166 -0.203450 0.000000
vt -0.157080 -0.258225 0.000000
vt -0.144997 -0.251320 0.000000
vt -0.144997 -0.239353 0.000000
vt -0.132914 -0.239353 0.000000
vt -0.132914 -0.227385 0.000000
vt -0.120830 -0.239353 0.000000
vt -0.120830 -0.227385 0.000000
vt -0.108747 -0.239353 0.000000
vt -0.108747 -0.227385 0.000000
vt -0.096664 -0.239353 0.000000
vt -0.096664 -0.227385 0.000000
vt -0.084581 -0.239353 0.000000
vt -0.084581 -0.227385 0.000000
vt -0.072498 -0.239353 0.000000
vt -0.072498 -0.227385 0.000000
vt -0.060415 -0.239353 0.000000
vt -0.060415 -0.227385 0.000000
vt -0.048332 -0.239353 0.000000
vt -0.048332 -0.227385 0.000000
vt -0.036249 -0.239353 0.000000
vt -0.036249 -0.227385 0.000000
vt -0.024166 -0.239353 0.000000
vt -0.024166 -0.227385 0.000000
vt -0.144997 -0.263288 0.000000
vt -0.157080 -0.278478 0.000000
vt -0.144997 -0.275255 0.000000
vt -0.144997 -0.287223 0.000000
vt -0.132914 -0.287223 0.000000
vt -0.132914 -0.299191 0.000000
vt -0.120830 -0.299191 0.000000
vt -0.120830 -0.311158 0.000000
vt -0.108747 -0.311158 0.000000
vt -0.108747 -0.323126 0.000000
vt -0.096664 -0.323126 0.000000
vt -0.096664 -0.335094 0.000000
vt -0.084581 -0.335094 0.000000
vt -0.084581 -0.347061 0.000000
vt -0.072498 -0.347061 0.000000
vt -0.072498 -0.359029 0.000000
vt -0.060415 -0.359029 0.000000
vt -0.060415 -0.370996 0.000000
vt -0.048332 -0.370996 0.000000
vt -0.048332 -0.382964 0.000000
vt -0.036249 -0.382964 0.000000
vt -0.036249 -0.394932 0.000000
vt -0.024166 -0.394932 0.000000
vt -0.024166 0.394932 0.000000
vt -0.036249 0.394932 0.000000
vt -0.024166 0.382964 0.000000
vt -0.157080 -0.298730 0.000000
vt -0.144997 -0.299191 0.000000
vt -0.132914 -0.311158 0.000000
vt -0.120830 -0.323126 0.000000
vt -0.108747 -0.335094 0.000000
vt -0.096664 -0.347061 0.000000
vt -0.084581 -0.359029 0.000000
vt -0.072498 -0.370996 0.000000
vt -0.060415 -0.382964 0.000000
vt -0.048332 -0.394932 0.000000
vt -0.048332 0.394932 0.000000
vt -0.036249 0.382964 0.000000
vt -0.024166 0.370996 0.000000
vt -0.144997 -0.311158 0.000000
vt -0.157080 -0.318983 0.000000
vt -0.144997 -0.323126 0.000000
vt -0.157080 -0.339236 0.000000
vt -0.144997 -0.335094 0.000000
vt -0.144997 -0.347061 0.000000
vt -0.132914 -0.347061 0.000000
vt -0.132914 -0.359029 0.000000
vt -0.120830 -0.359029 0.000000
vt -0.120830 -0.370996 0.000000
vt -0.108747 -0.370996 0.000000
vt -0.108747 -0.382964 0.000000
vt -0.096664 -0.382964 0.000000
vt -0.096664 -0.394932 0.000000
vt -0.084581 -0.394932 0.000000
vt -0.084581 0.394932 0.000000
vt -0.096664 0.394932 0.000000
vt -0.084581 0.382964 0.000000
vt -0.072498 0.382964 0.000000
vt -0.072498 0.370996 0.000000
vt -0.060415 0.370996 0.000000
vt -0.060415 0.359029 0.000000
vt -0.048332 0.359029 0.000000
vt -0.048332 0.347061 0.000000
vt -0.036249 0.347061 0.000000
vt -0.036249 0.335094 0.000000
vt -0.024166 0.335094 0.000000
vt -0.024166 0.323126 0.000000
vt -0.157080 -0.359489 0.000000
vt -0.144997 -0.359029 0.000000
vt -0.132914 -0.370996 0.000000
vt -0.120830 -0.382964 0.000000
vt -0.108747 -0.394932 0.000000
vt -0.108747 0.394932 0.000000
vt -0.096664 0.382964 0.000000
vt -0.084581 0.370996 0.000000
vt -0.072498 0.359029 0.000000
vt -0.060415 0.347061 0.000000
vt -0.048332 0.335094 0.000000
vt -0.036249 0.323126 0.000000
vt -0.024166 0.311158 0.000000
vt -0.144997 -0.370996 0.000000
vt -0.157080 -0.379742 0.000000
vt -0.144997 -0.382964 0.000000
vt -0.144997 0.406899 0.000000
vt -0.157080 0.410121 0.000000
vt -0.144997 0.394932 0.000000
vt -0.144997 -0.394932 0.000000
vt -0.132914 -0.394932 0.000000
vt -0.132914 0.394932 0.000000
vt -0.132914 0.382964 0.000000
vt -0.120830 0.382964 0.000000
vt -0.120830 0.370996 0.000000
vt -0.108747 0.370996 0.000000
vt -0.108747 0.359029 0.000000
vt -0.096664 0.359029 0.000000
vt -0.096664 0.347061 0.000000
vt -0.084581 0.347061 0.000000
vt -0.084581 0.335094 0.000000
vt -0.072498 0.335094 0.000000
vt -0.072498 0.323126 0.000000
vt -0.060415 0.323126 0.000000
vt -0.060415 0.311158 0.000000
vt -0.048332 0.311158 0.000000
vt -0.048332 0.299191 0.000000
vt -0.036249 0.299191 0.000000
vt -0.036249 0.287223 0.000000
vt -0.024166 0.287223 0.000000
vt -0.024166 0.275255 0.000000
vt -0.157080 0.389869 0.000000
vt -0.144997 0.382964 0.000000
vt -0.132914 0.370996 0.000000
vt -0.120830 0.359029 0.000000
vt -0.108747 0.347061 0.000000
vt -0.096664 0.335094 0.000000
vt -0.084581 0.323126 0.000000
vt -0.072498 0.311158 0.000000
vt -0.060415 0.299191 0.000000
vt -0.048332 0.287223 0.000000
vt -0.036249 0.275255 0.000000
vt -0.024166 0.263288 0.000000
vt -0.157080 0.369616 0.000000
vt -0.144997 0.370996 0.000000
vt -0.132914 0.359029 0.000000
vt -0.120830 0.347061 0.000000
vt -0.108747 0.335094 0.000000
vt -0.096664 0.323126 0.000000
vt -0.084581 0.311158 0.000000
vt -0.072498 0.299191 0.000000
vt -0.060415 0.287223 0.000000
vt -0.048332 0.275255 0.000000
vt -0.036249 0.263288 0.000000
vt -0.024166 0.251320 0.000000
vt -0.144997 0.359029 0.000000
vt -0.157080 0.349363 0.000000
vt -0.144997 0.347061 0.000000
vt -0.144997 0.335094 0.000000
vt -0.132914 0.335094 0.000000
vt -0.132914 0.323126 0.000000
vt -0.120830 0.323126 0.000000
vt -0.120830 0.311158 0.000000
vt -0.108747 0.311158 0.000000
vt -0.108747 0.299191 0.000000
vt -0.096664 0.299191 0.000000
vt -0.096664 0.287223 0.000000
vt -0.084581 0.287223 0.000000
vt -0.084581 0.275255 0.000000
vt -0.072498 0.275255 0.000000
vt -0.072498 0.263288 0.000000
vt -0.060415 0.263288 0.000000
vt -0.060415 0.251320 0.000000
vt -0.048332 0.251320 0.000000
vt -0.048332 0.239353 0.000000
vt -0.036249 0.239353 0.000000
vt -0.036249 0.227385 0.000000
vt -0.024166 0.227385 0.000000
vt -0.024166 0.215417 0.000000
vt -0.157080 0.329110 0.000000
vt -0.144997 0.323126 0.000000
vt -0.132914 0.311158 0.000000
vt -0.120830 0.299191 0.000000
vt -0.108747 0.287223 0.000000
vt -0.096664 0.275255 0.000000
vt -0.084581 0.263288 0.000000
vt -0.072498 0.251320 0.000000
vt -0.060415 0.239353 0.000000
vt -0.048332 0.227385 0.000000
vt -0.036249 0.215417 0.000000
vt -0.024166 0.203450 0.000000
vt -0.157080 0.308857 0.000000
vt -0.144997 0.311158 0.000000
vt -0.132914 0.299191 0.000000
vt -0.120830 0.287223 0.000000
vt -0.108747 0.275255 0.000000
vt -0.096664 0.263288 0.000000
vt -0.084581 0.251320 0.000000
vt -0.072498 0.239353 0.000000
vt -0.060415 0.227385 0.000000
vt -0.048332 0.215417 0.000000
vt -0.036249 0.203450 0.000000
vt -0.024166 0.191482 0.000000
vt -0.144997 0.299191 0.000000
vt -0.157080 0.288604 0.000000
vt -0.144997 0.287223 0.000000
vt -0.144997 0.275255 0.000000
vt -0.132914 0.275255 0.000000
vt -0.132914 0.263288 0.000000
vt -0.120830 0.263288 0.000000
vt -0.120830 0.251320 0.000000
vt -0.108747 0.251320 0.000000
vt -0.108747 0.239353 0.000000
vt -0.096664 0.239353 0.000000
vt -0.096664 0.227385 0.000000
vt -0.084581 0.227385 0.000000
vt -0.084581 0.215417 0.000000
vt -0.072498 0.215417 0.000000
vt -0.072498 0.203450 0.000000
vt -0.060415 0.203450 0.000000
vt -0.060415 0.191482 0.000000
vt -0.048332 0.191482 0.000000
vt -0.048332 0.179514 0.000000
vt -0.036249 0.179514 0.000000
vt -0.036249 0.167547 0.000000
vt -0.024166 0.167547 0.000000
vt -0.024166 0.155579 0.000000
vt -0.157080 0.268351 0.000000
vt -0.144997 0.263288 0.000000
vt -0.132914 0.251320 0.000000
vt -0.120830 0.239353 0.000000
vt -0.108747 0.227385 0.000000
vt -0.096664 0.215417 0.000000
vt -0.084581 0.203450 0.000000
vt -0.072498 0.191482 0.000000
vt -0.060415 0.179514 0.000000
vt -0.048332 0.167547 0.000000
vt -0.036249 0.155579 0.000000
vt -0.024166 0.143612 0.000000
vt -0.157080 0.248098 0.000000
vt -0.144997 0.251320 0.000000
vt -0.132914 0.239353 0.000000
vt -0.120830 0.227385 0.000000
vt -0.108747 0.215417 0.000000
vt -0.096664 0.203450 0.000000
vt -0.084581 0.191482 0.000000
vt -0.072498 0.179514 0.000000
vt -0.060415 0.167547 0.000000
vt -0.048332 0.155579 0.000000
vt -0.036249 0.143612 0.000000
vt -0.024166 0.131644 0.000000
vt -0.144997 0.239353 0.000000
vt -0.157080 0.227845 0.000000
vt -0.144997 0.227385 0.000000
vt -0.144997 0.215417 0.000000
vt -0.132914 0.215417 0.000000
vt -0.132914 0.203450 0.000000
vt -0.120830 0.203450 0.000000
vt -0.120830 0.191482 0.000000
vt -0.108747 0.191482 0.000000
vt -0.108747 0.179514 0.000000
vt -0.096664 0.179514 0.000000
vt -0.096664 0.167547 0.000000
vt -0.084581 0.167547 0.000000
vt -0.084581 0.155579 0.000000
vt -0.072498 0.155579 0.000000
vt -0.072498 0.143612 0.000000
vt -0.060415 0.143612 0.000000
vt -0.060415 0.131644 0.000000
vt -0.048332 0.131644 0.000000
vt -0.048332 0.119676 0.000000
vt -0.036249 0.119676 0.000000
vt -0.036249 0.107709 0.000000
vt -0.024166 0.107709 0.000000
vt -0.024166 0.095741 0.000000
vt -0.157080 0.207592 0.000000
vt -0.144997 0.203450 0.000000
vt -0.132914 0.191482 0.000000
vt -0.120830 0.179514 0.000000
vt -0.108747 0.167547 0.000000
vt -0.096664 0.155579 0.000000
vt -0.084581 0.143612 0.000000
vt -0.072498 0.131644 0.000000
vt -0.060415 0.119676 0.000000
vt -0.048332 0.107709 0.000000
vt -0.036249 0.095741 0.000000
vt -0.024166 0.083773 0.000000
vt -0.157080 0.187339 0.000000
vt -0.144997 0.191482 0.000000
vt -0.132914 0.179514 0.000000
vt -0.120830 0.167547 0.000000
vt -0.108747 0.155579 0.000000
vt -0.096664 0.143612 0.000000
vt -0.084581 0.131644 0.000000
vt -0.072498 0.119676 0.000000
vt -0.060415 0.107709 0.000000
vt -0.048332 0.095741 0.000000
vt -0.036249 0.083773 0.000000
vt -0.024166 0.071806 0.000000
vt -0.144997 0.179514 0.000000
vt -0.157080 0.167087 0.000000
vt -0.144997 0.167547 0.000000
vt -0.144997 0.155579 0.000000
vt -0.132914 0.155579 0.000000
vt -0.132914 0.143612 0.000000
vt -0.120830 0.143612 0.000000
vt -0.120830 0.131644 0.000000
vt -0.108747 0.131644 0.000000
vt -0.108747 0.119676 0.000000
vt -0.096664 0.119676 0.000000
vt -0.096664 0.107709 0.000000
vt -0.084581 0.107709 0.000000
vt -0.084581 0.095741 0.000000
vt -0.072498 0.095741 0.000000
vt -0.072498 0.083773 0.000000
vt -0.060415 0.083773 0.000000
vt -0.060415 0.071806 0.000000
vt -0.048332 0.071806 0.000000
vt -0.048332 0.059838 0.000000
vt -0.036249 0.059838 0.000000
vt -0.036249 0.047871 0.000000
vt -0.024166 0.047871 0.000000
vt -0.024166 0.035903 0.000000
vt -0.157080 0.146834 0.000000
vt -0.144997 0.143612 0.000000
vt -0.132914 0.131644 0.000000
vt -0.120830 0.119676 0.000000
vt -0.108747 0.107709 0.000000
vt -0.096664 0.095741 0.000000
vt -0.084581 0.083773 0.000000
vt -0.072498 0.071806 0.000000
vt -0.060415 0.059838 0.000000
vt -0.048332 0.047871 0.000000
vt -0.036249 0.035903 0.000000
vt -0.024166 0.023935 0.000000
vt -0.144997 0.131644 0.000000
vt -0.157080 0.126581 0.000000
vt -0.144997 0.119676 0.000000
vt -0.157080 0.106328 0.000000
vt -0.144997 0.107709 0.000000
vt -0.144997 0.095741 0.000000
vt -0.132914 0.095741 0.000000
vt -0.132914 0.083773 0.000000
vt -0.120830 0.083773 0.000000
vt -0.120830 0.071806 0.000000
vt -0.108747 0.071806 0.000000
vt -0.108747 0.059838 0.000000
vt -0.096664 0.059838 0.000000
vt -0.096664 0.047871 0.000000
vt -0.084581 0.047871 0.000000
vt -0.084581 0.035903 0.000000
vt -0.072498 0.035903 0.000000
vt -0.072498 0.023935 0.000000
vt -0.060415 0.023935 0.000000
vt -0.060415 0.011968 0.000000
vt -0.048332 0.011968 0.000000
vt -0.048332 0.000000 0.000000
vt -0.036249 0.000000 0.000000
vt -0.036249 -0.011968 0.000000
vt -0.024166 -0.011968 0.000000
vt -0.024166 -0.023935 0.000000
vt -0.157080 0.086075 0.000000
vt -0.144997 0.083773 0.000000
vt -0.132914 0.071806 0.000000
vt -0.120830 0.059838 0.000000
vt -0.108747 0.047871 0.000000
vt -0.096664 0.035903 0.000000
vt -0.084581 0.023935 0.000000
vt -0.072498 0.011968 0.000000
vt -0.060415 0.000000 0.000000
vt -0.048332 -0.011968 0.000000
vt -0.036249 -0.023935 0.000000
vt -0.024166 -0.035903 0.000000
vt -0.144997 0.071806 0.000000
vt -0.157080 0.065822 0.000000
vt -0.144997 0.059838 0.000000
vt -0.157080 0.045569 0.000000
vt -0.144997 0.047871 0.000000
vt -0.144997 0.035903 0.000000
vt -0.132914 0.035903 0.000000
vt -0.132914 0.023935 0.000000
vt -0.120830 0.023935 0.000000
vt -0.120830 0.011968 0.000000
vt -0.108747 0.011968 0.000000
vt -0.108747 0.000000 0.000000
vt -0.096664 0.000000 0.000000
vt -0.096664 -0.011968 0.000000
vt -0.084581 -0.011968 0.000000
vt -0.084581 -0.023935 0.000000
vt -0.072498 -0.023935 0.000000
vt -0.072498 -0.035903 0.000000
vt -0.060415 -0.035903 0.000000
vt -0.060415 -0.047871 0.000000
vt -0.048332 -0.047871 0.000000
vt -0.048332 -0.059838 0.000000
vt -0.036249 -0.059838 0.000000
vt -0.036249 -0.071806 0.000000
vt -0.024166 -0.071806 0.000000
vt -0.024166 -0.083773 0.000000
vt -0.157080 0.025316 0.000000
vt -0.144997 0.023935 0.000000
vt -0.132914 0.011968 0.000000
vt -0.120830 0.000000 0.000000
vt -0.108747 -0.011968 0.000000
vt -0.096664 -0.023935 0.000000
vt -0.084581 -0.035903 0.000000
vt -0.072498 -0.047871 0.000000
vt -0.060415 -0.059838 0.000000
vt -0.048332 -0.071806 0.000000
vt -0.036249 -0.083773 0.000000
vt -0.024166 -0.095741 0.000000
vt -0.144997 0.011968 0.000000
vt -0.157080 0.005063 0.000000
vt -0.144997 0.000000 0.000000
vt -0.157080 -0.015190 0.000000
vt -0.144997 -0.011968 0.000000
vt -0.144997 -0.023935 0.000000
vt -0.132914 -0.023935 0.000000
vt -0.132914 -0.035903 0.000000
vt -0.120830 -0.035903 0.000000
vt -0.120830 -0.047871 0.000000
vt -0.108747 -0.047871 0.000000
vt -0.108747 -0.059838 0.000000
vt -0.096664 -0.059838 0.000000
vt -0.096664 -0.071806 0.000000
vt -0.084581 -0.071806 0.000000
vt -0.084581 -0.083773 0.000000
vt -0.072498 -0.083773 0.000000
vt -0.072498 -0.095741 0.000000
vt -0.060415 -0.095741 0.000000
vt -0.060415 -0.107709 0.000000
vt -0.048332 -0.107709 0.000000
vt -0.048332 -0.119676 0.000000
vt -0.036249 -0.119676 0.000000
vt -0.036249 -0.131644 0.000000
vt -0.024166 -0.131644 0.000000
vt -0.024166 -0.143612 0.000000
vt -0.157080 -0.035443 0.000000
vt -0.144997 -0.035903 0.000000
vt -0.132914 -0.047871 0.000000
vt -0.120830 -0.059838 0.000000
vt -0.108747 -0.071806 0.000000
vt -0.096664 -0.083773 0.000000
vt -0.084581 -0.095741 0.000000
vt -0.072498 -0.107709 0.000000
vt -0.060415 -0.119676 0.000000
vt -0.048332 -0.131644 0.000000
vt -0.036249 -0.143612 0.000000
vt -0.024166 -0.155579 0.000000
vt -0.144997 -0.047871 0.000000
vt -0.157080 -0.055696 0.000000
vt -0.144997 -0.059838 0.000000
vt -0.157080 -0.075948 0.000000
vt -0.144997 -0.071806 0.000000
vt -0.144997 -0.083773 0.000000
vt -0.132914 -0.083773 0.000000
vt -0.132914 -0.095741 0.000000
vt -0.120830 -0.095741 0.000000
vt -0.120830 -0.107709 0.000000
vt -0.108747 -0.107709 0.000000
vt -0.108747 -0.119676 0.000000
vt -0.096664 -0.119676 0.000000
vt -0.096664 -0.131644 0.000000
vt -0.084581 -0.131644 0.000000
vt -0.084581 -0.143612 0.000000
vt -0.072498 -0.143612 0.000000
vt -0.072498 -0.155579 0.000000
vt -0.060415 -0.155579 0.000000
vt -0.157080 -0.096201 0.000000
vt -0.144997 -0.095741 0.000000
vt -0.132914 -0.107709 0.000000
vt -0.120830 -0.119676 0.000000
vt -0.108747 -0.131644 0.000000
vt -0.096664 -0.143612 0.000000
vt -0.084581 -0.155579 0.000000
vt -0.144997 -0.107709 0.000000
vt -0.157080 -0.116454 0.000000
vt -0.144997 -0.119676 0.000000
vt -0.144997 -0.131644 0.000000
vt -0.132914 -0.131644 0.000000
vt -0.132914 -0.143612 0.000000
vt -0.120830 -0.143612 0.000000
vt -0.120830 -0.155579 0.000000
vt -0.108747 -0.155579 0.000000
vt -0.157080 -0.136707 0.000000
vt -0.144997 -0.143612 0.000000
vt -0.132914 -0.155579 0.000000
vt -0.157080 -0.156960 0.000000
vt -0.144997 -0.155579 0.000000
vt -0.024166 -0.382964 0.000000
vt -0.036249 -0.370996 0.000000
vt -0.048332 -0.359029 0.000000
vt -0.060415 -0.347061 0.000000
vt -0.072498 -0.335094 0.000000
vt -0.084581 -0.323126 0.000000
vt -0.096664 -0.311158 0.000000
vt -0.108747 -0.299191 0.000000
vt -0.120830 -0.287223 0.000000
vt -0.132914 -0.275255 0.000000
vt -0.060415 0.394932 0.000000
vt -0.048332 0.382964 0.000000
vt -0.060415 0.382964 0.000000
vt -0.048332 0.370996 0.000000
vt -0.072498 0.394932 0.000000
vt -0.060415 -0.394932 0.000000
vt -0.072498 -0.382964 0.000000
vt -0.072498 -0.394932 0.000000
vt -0.084581 -0.382964 0.000000
vt -0.120830 0.394932 0.000000
vt -0.108747 0.382964 0.000000
vt -0.120830 -0.394932 0.000000
vt -0.132914 -0.382964 0.000000
vt -0.024166 -0.191482 0.000000
vt -0.036249 -0.191482 0.000000
vt -0.048332 -0.191482 0.000000
vt -0.060415 -0.191482 0.000000
vt -0.072498 -0.191482 0.000000
vt -0.084581 -0.191482 0.000000
vt -0.096664 -0.191482 0.000000
vt -0.108747 -0.191482 0.000000
vt -0.120830 -0.191482 0.000000
vt -0.132914 -0.191482 0.000000
vt -0.036249 -0.155579 0.000000
vt -0.048332 -0.155579 0.000000
vt -0.096664 -0.155579 0.000000
vt -0.048332 -0.143612 0.000000
vt -0.060415 -0.143612 0.000000
vt -0.108747 -0.143612 0.000000
vt -0.060415 -0.131644 0.000000
vt -0.072498 -0.131644 0.000000
vt -0.120830 -0.131644 0.000000
vt -0.024166 -0.119676 0.000000
vt -0.036249 -0.107709 0.000000
vt -0.048332 -0.095741 0.000000
vt -0.060415 -0.083773 0.000000
vt -0.072498 -0.071806 0.000000
vt -0.084581 -0.059838 0.000000
vt -0.096664 -0.047871 0.000000
vt -0.108747 -0.035903 0.000000
vt -0.120830 -0.023935 0.000000
vt -0.132914 -0.011968 0.000000
vt -0.072498 -0.119676 0.000000
vt -0.084581 -0.119676 0.000000
vt -0.132914 -0.119676 0.000000
vt -0.024166 -0.107709 0.000000
vt -0.036249 -0.095741 0.000000
vt -0.048332 -0.083773 0.000000
vt -0.060415 -0.071806 0.000000
vt -0.072498 -0.059838 0.000000
vt -0.084581 -0.047871 0.000000
vt -0.096664 -0.035903 0.000000
vt -0.108747 -0.023935 0.000000
vt -0.120830 -0.011968 0.000000
vt -0.132914 0.000000 0.000000
vt -0.084581 -0.107709 0.000000
vt -0.096664 -0.107709 0.000000
vt -0.096664 -0.095741 0.000000
vt -0.108747 -0.095741 0.000000
vt -0.108747 -0.083773 0.000000
vt -0.120830 -0.083773 0.000000
vt -0.120830 -0.071806 0.000000
vt -0.132914 -0.071806 0.000000
vt -0.024166 -0.059838 0.000000
vt -0.036249 -0.047871 0.000000
vt -0.048332 -0.035903 0.000000
vt -0.060415 -0.023935 0.000000
vt -0.072498 -0.011968 0.000000
vt -0.084581 0.000000 0.000000
vt -0.096664 0.011968 0.000000
vt -0.108747 0.023935 0.000000
vt -0.120830 0.035903 0.000000
vt -0.132914 0.047871 0.000000
vt -0.132914 -0.059838 0.000000
vt -0.024166 -0.047871 0.000000
vt -0.036249 -0.035903 0.000000
vt -0.048332 -0.023935 0.000000
vt -0.060415 -0.011968 0.000000
vt -0.072498 0.000000 0.000000
vt -0.084581 0.011968 0.000000
vt -0.096664 0.023935 0.000000
vt -0.108747 0.035903 0.000000
vt -0.120830 0.047871 0.000000
vt -0.132914 0.059838 0.000000
vt -0.024166 0.000000 0.000000
vt -0.036249 0.011968 0.000000
vt -0.048332 0.023935 0.000000
vt -0.060415 0.035903 0.000000
vt -0.072498 0.047871 0.000000
vt -0.084581 0.059838 0.000000
vt -0.096664 0.071806 0.000000
vt -0.108747 0.083773 0.000000
vt -0.120830 0.095741 0.000000
vt -0.132914 0.107709 0.000000
vt -0.024166 0.011968 0.000000
vt -0.036249 0.023935 0.000000
vt -0.048332 0.035903 0.000000
vt -0.060415 0.047871 0.000000
vt -0.072498 0.059838 0.000000
vt -0.084581 0.071806 0.000000
vt -0.096664 0.083773 0.000000
vt -0.108747 0.095741 0.000000
vt -0.120830 0.107709 0.000000
vt -0.132914 0.119676 0.000000
vt -0.024166 0.059838 0.000000
vt -0.036249 0.071806 0.000000
vt -0.048332 0.083773 0.000000
vt -0.060415 0.095741 0.000000
vt -0.072498 0.107709 0.000000
vt -0.084581 0.119676 0.000000
vt -0.096664 0.131644 0.000000
vt -0.108747 0.143612 0.000000
vt -0.120830 0.155579 0.000000
vt -0.132914 0.167547 0.000000
vt -0.024166 0.119676 0.000000
vt -0.036249 0.131644 0.000000
vt -0.048332 0.143612 0.000000
vt -0.060415 0.155579 0.000000
vt -0.072498 0.167547 0.000000
vt -0.084581 0.179514 0.000000
vt -0.096664 0.191482 0.000000
vt -0.108747 0.203450 0.000000
vt -0.120830 0.215417 0.000000
vt -0.132914 0.227385 0.000000
vt -0.024166 0.179514 0.000000
vt -0.036249 0.191482 0.000000
vt -0.048332 0.203450 0.000000
vt -0.060415 0.215417 0.000000
vt -0.072498 0.227385 0.000000
vt -0.084581 0.239353 0.000000
vt -0.096664 0.251320 0.000000
vt -0.108747 0.263288 0.000000
vt -0.120830 0.275255 0.000000
vt -0.132914 0.287223 0.000000
vt -0.024166 0.239353 0.000000
vt -0.036249 0.251320 0.000000
vt -0.048332 0.263288 0.000000
vt -0.060415 0.275255 0.000000
vt -0.072498 0.287223 0.000000
vt -0.084581 0.299191 0.000000
vt -0.096664 0.311158 0.000000
vt -0.108747 0.323126 0.000000
vt -0.120830 0.335094 0.000000
vt -0.132914 0.347061 0.000000
vt -0.024166 0.299191 0.000000
vt -0.036249 0.311158 0.000000
vt -0.048332 0.323126 0.000000
vt -0.060415 0.335094 0.000000
vt -0.072498 0.347061 0.000000
vt -0.084581 0.359029 0.000000
vt -0.096664 0.370996 0.000000
vt -0.024166 0.347061 0.000000
vt -0.036249 0.359029 0.000000
vt -0.024166 0.359029 0.000000
vt -0.036249 0.370996 0.000000
vt -0.024166 -0.370996 0.000000
vt -0.036249 -0.359029 0.000000
vt -0.048332 -0.347061 0.000000
vt -0.060415 -0.335094 0.000000
vt -0.072498 -0.323126 0.000000
vt -0.084581 -0.311158 0.000000
vt -0.096664 -0.299191 0.000000
vt -0.108747 -0.287223 0.000000
vt -0.120830 -0.275255 0.000000
vt -0.132914 -0.263288 0.000000
vt -0.084581 -0.370996 0.000000
vt -0.096664 -0.370996 0.000000
vt -0.024166 -0.359029 0.000000
vt -0.036249 -0.347061 0.000000
vt -0.048332 -0.335094 0.000000
vt -0.060415 -0.323126 0.000000
vt -0.072498 -0.311158 0.000000
vt -0.084581 -0.299191 0.000000
vt -0.096664 -0.287223 0.000000
vt -0.108747 -0.275255 0.000000
vt -0.120830 -0.263288 0.000000
vt -0.132914 -0.251320 0.000000
vt -0.096664 -0.359029 0.000000
vt -0.108747 -0.359029 0.000000
vt -0.024166 -0.347061 0.000000
vt -0.036249 -0.335094 0.000000
vt -0.048332 -0.323126 0.000000
vt -0.060415 -0.311158 0.000000
vt -0.072498 -0.299191 0.000000
vt -0.084581 -0.287223 0.000000
vt -0.096664 -0.275255 0.000000
vt -0.108747 -0.263288 0.000000
vt -0.120830 -0.251320 0.000000
vt -0.108747 -0.347061 0.000000
vt -0.120830 -0.347061 0.000000
vt -0.024166 -0.335094 0.000000
vt -0.036249 -0.323126 0.000000
vt -0.048332 -0.311158 0.000000
vt -0.060415 -0.299191 0.000000
vt -0.072498 -0.287223 0.000000
vt -0.084581 -0.275255 0.000000
vt -0.096664 -0.263288 0.000000
vt -0.108747 -0.251320 0.000000
vt -0.120830 -0.335094 0.000000
vt -0.132914 -0.335094 0.000000
vt -0.024166 -0.323126 0.000000
vt -0.036249 -0.311158 0.000000
vt -0.048332 -0.299191 0.000000
vt -0.060415 -0.287223 0.000000
vt -0.072498 -0.275255 0.000000
vt -0.084581 -0.263288 0.000000
vt -0.096664 -0.251320 0.000000
vt -0.132914 -0.323126 0.000000
vt -0.024166 -0.311158 0.000000
vt -0.036249 -0.299191 0.000000
vt -0.048332 -0.287223 0.000000
vt -0.060415 -0.275255 0.000000
vt -0.072498 -0.263288 0.000000
vt -0.084581 -0.251320 0.000000
vt -0.024166 -0.299191 0.000000
vt -0.036249 -0.287223 0.000000
vt -0.048332 -0.275255 0.000000
vt -0.060415 -0.263288 0.000000
vt -0.072498 -0.251320 0.000000
vt -0.024166 -0.287223 0.000000
vt -0.036249 -0.275255 0.000000
vt -0.048332 -0.263288 0.000000
vt -0.060415 -0.251320 0.000000
vt -0.024166 -0.275255 0.000000
vt -0.036249 -0.263288 0.000000
vt -0.048332 -0.251320 0.000000
vt -0.024166 -0.263288 0.000000
vt -0.036249 -0.251320 0.000000
vt -0.024166 -0.251320 0.000000
vt 0.055000 0.000000 0.000000
vt 0.054288 0.008823 0.000000
vt 0.054288 -0.008823 0.000000
vt 0.052170 0.017417 0.000000
vt 0.052170 -0.017417 0.000000
vt 0.048700 0.025560 0.000000
vt 0.048700 -0.025560 0.000000
vt 0.043969 0.033041 0.000000
vt 0.038100 0.039666 0.000000
vt 0.031244 0.045264 0.000000
vt 0.023578 0.049690 0.000000
vt 0.015302 0.052828 0.000000
vt 0.006630 0.054599 0.000000
vt -0.002215 0.054955 0.000000
vt -0.011001 0.053888 0.000000
vt -0.019503 0.051426 0.000000
vt -0.027500 0.047631 0.000000
vt 0.043969 -0.033041 0.000000
vt -0.034784 0.042603 0.000000
vt -0.041168 0.036472 0.000000
vt -0.046485 0.029396 0.000000
vt -0.050599 0.021558 0.000000
vt -0.053402 0.013162 0.000000
vt -0.054822 0.004426 0.000000
vt -0.054822 -0.004426 0.000000
vt -0.053402 -0.013162 0.000000
vt -0.050599 -0.021558 0.000000
vt -0.046485 -0.029396 0.000000
vt -0.041168 -0.036472 0.000000
vt 0.038100 -0.039666 0.000000
vt -0.034784 -0.042603 0.000000
vt 0.031244 -0.045264 0.000000
vt -0.027500 -0.047631 0.000000
vt 0.023578 -0.049690 0.000000
vt -0.019503 -0.051426 0.000000
vt 0.015302 -0.052828 0.000000
vt -0.011001 -0.053888 0.000000
vt 0.006630 -0.054599 0.000000
vt -0.002215 -0.054955 0.000000
vn 0.000000 -0.099547 -0.009506
vn 0.012054 -0.099158 -0.004723
vn 0.000000 -0.100000 -0.000000
vn 0.012054 -0.099158 0.004723
vn 0.000000 -0.099547 0.009506
vn 0.012054 -0.098260 0.014128
vn 0.000000 -0.098193 0.018925
vn 0.012054 -0.096473 0.023404
vn 0.000000 -0.095949 0.028173
vn 0.012054 -0.093811 0.032468
vn 0.000000 -0.092837 0.037166
vn 0.012054 -0.090300 0.041239
vn 0.000000 -0.088884 0.045823
vn 0.012054 -0.085971 0.049635
vn 0.000000 -0.084125 0.054064
vn 0.012054 -0.080864 0.057583
vn 0.000000 -0.078605 0.061816
vn 0.012054 -0.075024 0.065009
vn 0.000000 -0.072373 0.069008
vn 0.012054 -0.068505 0.071846
vn 0.000000 -0.065486 0.075575
vn 0.012054 -0.061365 0.078032
vn 0.000000 -0.058006 0.081458
vn 0.012054 -0.053670 0.083512
vn 0.000000 -0.050000 0.086603
vn 0.012054 -0.045489 0.088235
vn 0.000000 -0.041542 0.090963
vn 0.012054 -0.036895 0.092160
vn 0.000000 -0.032707 0.094500
vn 0.012054 -0.027968 0.095250
vn 0.000000 -0.023576 0.097181
vn 0.012054 -0.018787 0.097477
vn 0.000000 -0.014231 0.098982
vn 0.012054 -0.009436 0.098821
vn 0.000000 -0.004758 0.099887
vn 0.012054 -0.000000 0.099271
vn 0.000000 0.004758 0.099887
vn 0.012054 0.009436 0.098821
vn 0.000000 0.014231 0.098982
vn 0.012054 0.018787 0.097477
vn 0.000000 0.023576 0.097181
vn 0.012054 0.027968 0.095250
vn 0.000000 0.032707 0.094500
vn 0.012054 0.036895 0.092160
vn 0.000000 0.041542 0.090963
vn 0.012054 0.045489 0.088235
vn 0.000000 0.050000 0.086603
vn 0.012054 0.053670 0.083512
vn 0.000000 0.058006 0.081458
vn 0.012054 0.061365 0.078032
vn 0.000000 0.065486 0.075575
vn 0.012054 0.068505 0.071846
vn 0.000000 0.072373 0.069008
vn 0.012054 0.075024 0.065009
vn 0.000000 0.078605 0.061816
vn 0.012054 0.080864 0.057583
vn 0.000000 0.084125 0.054064
vn 0.012054 0.085971 0.049635
vn 0.000000 0.088884 0.045823
vn 0.012054 0.090300 0.041239
vn 0.000000 0.092837 0.037166
vn 0.012054 0.093811 0.032468
vn 0.000000 0.095949 0.028173
vn 0.012054 0.096473 0.023404
vn 0.000000 0.098193 0.018925
vn 0.012054 0.098260 0.014128
vn 0.000000 0.099547 0.009506
vn 0.012054 0.099158 0.004723
vn -0.000000 0.100000 -0.000000
vn 0.012054 0.099158 -0.004723
vn -0.000000 0.099547 -0.009506
vn 0.012054 0.098260 -0.014128
vn -0.000000 0.098193 -0.018925
vn 0.012054 0.096473 -0.023404
vn -0.000000 0.095949 -0.028173
vn 0.012054 0.093811 -0.032468
vn -0.000000 0.092837 -0.037166
vn 0.012054 0.090300 -0.041239
vn -0.000000 0.088884 -0.045823
vn 0.012054 0.085971 -0.049635
vn -0.000000 0.084125 -0.054064
vn 0.012054 0.080864 -0.057583
vn -0.000000 0.078605 -0.061816
vn 0.012054 0.075024 -0.065009
vn -0.000000 0.072373 -0.069008
vn 0.012054 0.068505 -0.071846
vn -0.000000 0.065486 -0.075575
vn 0.012054 0.061365 -0.078032
vn -0.000000 0.058006 -0.081458
vn 0.012054 0.053670 -0.083512
vn -0.000000 0.050000 -0.086603
vn 0.012054 0.045489 -0.088235
vn -0.000000 0.041542 -0.090963
vn 0.012054 0.036895 -0.092160
vn -0.000000 0.032707 -0.094500
vn 0.012054 0.027968 -0.095250
vn -0.000000 0.023576 -0.097181
vn 0.012054 0.018787 -0.097477
vn -0.000000 0.014231 -0.098982
vn 0.012054 0.009436 -0.098821
vn -0.000000 0.004758 -0.099887
vn 0.012054 0.000000 -0.099271
vn 0.000000 -0.004758 -0.099887
vn 0.012054 -0.009436 -0.098821
vn 0.000000 -0.014231 -0.098982
vn 0.012054 -0.018787 -0.097477
vn 0.000000 -0.023576 -0.097181
vn 0.012054 -0.027968 -0.095250
vn 0.000000 -0.032707 -0.094500
vn 0.012054 -0.036895 -0.092160
vn 0.000000 -0.041542 -0.090963
vn 0.012054 -0.045489 -0.088235
vn 0.000000 -0.050000 -0.086603
vn 0.012054 -0.053670 -0.083512
vn 0.000000 -0.058006 -0.081458
vn 0.012054 -0.061365 -0.078032
vn 0.000000 -0.065486 -0.075575
vn 0.012054 -0.068505 -0.071846
vn 0.000000 -0.072373 -0.069008
vn 0.012054 -0.075024 -0.065009
vn 0.000000 -0.078605 -0.061816
vn 0.012054 -0.080864 -0.057583
vn 0.000000 -0.084125 -0.054064
vn 0.012054 -0.085971 -0.049635
vn 0.000000 -0.088884 -0.045823
vn 0.012054 -0.090300 -0.041239
vn 0.000000 -0.092837 -0.037166
vn 0.012054 -0.093811 -0.032468
vn 0.000000 -0.095949 -0.028173
vn 0.012054 -0.096473 -0.023404
vn 0.000000 -0.098193 -0.018925
vn 0.012054 -0.098260 -0.014128
vn 0.100000 -0.000000 0.000000
vn 0.099271 -0.012040 0.000574
vn 0.100000 -0.000000 -0.000000
vn 0.099271 -0.012040 -0.000574
vn 0.100000 -0.000000 -0.000000
vn 0.099271 -0.011931 -0.001715
vn 0.099271 -0.011714 -0.002842
vn 0.097094 -0.023688 -0.003406
vn 0.097094 -0.023257 -0.005642
vn 0.093502 -0.035100 -0.005047
vn 0.093502 -0.034461 -0.008360
vn 0.088546 -0.045999 -0.006614
vn 0.088546 -0.045162 -0.010956
vn 0.082298 -0.056228 -0.008084
vn 0.082298 -0.055205 -0.013393
vn 0.074851 -0.065637 -0.009437
vn 0.074851 -0.064443 -0.015634
vn 0.066312 -0.074089 -0.010652
vn 0.066312 -0.072741 -0.017647
vn 0.056806 -0.081461 -0.011712
vn 0.056806 -0.079979 -0.019403
vn 0.046472 -0.087644 -0.012601
vn 0.046472 -0.086050 -0.020875
vn 0.035460 -0.092550 -0.013307
vn 0.035460 -0.090866 -0.022044
vn 0.023932 -0.096106 -0.013818
vn 0.023932 -0.094357 -0.022891
vn 0.100000 -0.000000 0.000000
vn 0.099271 -0.011714 0.002842
vn 0.099271 -0.011931 0.001715
vn 0.097094 -0.023688 0.003406
vn 0.097094 -0.023904 0.001139
vn 0.093502 -0.035100 0.005047
vn 0.093502 -0.035420 0.001687
vn 0.088546 -0.045999 0.006614
vn 0.088546 -0.046420 0.002211
vn 0.082298 -0.056228 0.008084
vn 0.082298 -0.056742 0.002703
vn 0.074851 -0.065637 0.009437
vn 0.074851 -0.066237 0.003155
vn 0.066312 -0.074089 0.010652
vn 0.066312 -0.074766 0.003562
vn 0.056806 -0.081461 0.011712
vn 0.056806 -0.082205 0.003916
vn 0.046472 -0.087644 0.012601
vn 0.046472 -0.088445 0.004213
vn 0.035460 -0.092550 0.013307
vn 0.035460 -0.093396 0.004449
vn 0.023932 -0.096106 0.013818
vn 0.023932 -0.096984 0.004620
vn 0.100000 0.000000 -0.000000
vn 0.099271 -0.010964 0.005007
vn 0.099271 -0.011391 0.003942
vn 0.097094 -0.022615 0.007827
vn 0.097094 -0.023257 0.005642
vn 0.093502 -0.033510 0.011598
vn 0.093502 -0.034461 0.008360
vn 0.088546 -0.043916 0.015200
vn 0.088546 -0.045162 0.010956
vn 0.082298 -0.053682 0.018580
vn 0.082298 -0.055205 0.013393
vn 0.074851 -0.062665 0.021689
vn 0.074851 -0.064443 0.015634
vn 0.066312 -0.070734 0.024481
vn 0.066312 -0.072741 0.017647
vn 0.056806 -0.077772 0.026917
vn 0.056806 -0.079979 0.019403
vn 0.046472 -0.083676 0.028960
vn 0.046472 -0.086050 0.020875
vn 0.035460 -0.088359 0.030581
vn 0.035460 -0.090866 0.022044
vn 0.023932 -0.091754 0.031756
vn 0.023932 -0.094357 0.022891
vn 0.099271 -0.010439 0.006027
vn 0.100000 -0.000000 0.000000
vn 0.099271 -0.009819 0.006992
vn 0.099271 -0.009110 0.007893
vn 0.097094 -0.018086 0.015672
vn 0.097094 -0.016515 0.017320
vn 0.093502 -0.024471 0.025664
vn 0.093502 -0.021920 0.027874
vn 0.088546 -0.028727 0.036530
vn 0.088546 -0.025125 0.039095
vn 0.082298 -0.030712 0.047789
vn 0.082298 -0.026030 0.050492
vn 0.074851 -0.030386 0.058941
vn 0.074851 -0.024646 0.061562
vn 0.066312 -0.027819 0.069489
vn 0.066312 -0.021088 0.071819
vn 0.056806 -0.023186 0.078965
vn 0.056806 -0.015575 0.080811
vn 0.046472 -0.016757 0.086945
vn 0.046472 -0.008417 0.088145
vn 0.035460 -0.008888 0.093078
vn 0.035460 -0.000000 0.093502
vn 0.023932 -0.000000 0.097094
vn 0.023932 0.009229 0.096655
vn 0.100000 0.000000 -0.000000
vn 0.099271 -0.008318 0.008724
vn 0.097094 -0.014794 0.018811
vn 0.093502 -0.019171 0.029831
vn 0.088546 -0.021295 0.041306
vn 0.082298 -0.021113 0.052737
vn 0.074851 -0.018682 0.063626
vn 0.066312 -0.014166 0.073498
vn 0.056806 -0.007823 0.081926
vn 0.046472 -0.000000 0.088546
vn 0.035460 0.008888 0.093078
vn 0.023932 0.018375 0.095340
vn 0.099271 -0.007451 0.009475
vn 0.100000 0.000000 -0.000000
vn 0.099271 -0.006517 0.010140
vn 0.100000 -0.000000 0.000000
vn 0.099271 -0.005523 0.010714
vn 0.099271 -0.004480 0.011190
vn 0.097094 -0.008894 0.022217
vn 0.097094 -0.006742 0.022962
vn 0.093502 -0.009990 0.034024
vn 0.093502 -0.006711 0.034820
vn 0.088546 -0.008795 0.045633
vn 0.088546 -0.004417 0.046262
vn 0.082298 -0.005400 0.056549
vn 0.082298 -0.000000 0.056806
vn 0.074851 -0.000000 0.066312
vn 0.074851 0.006303 0.066012
vn 0.066312 0.007115 0.074512
vn 0.066312 0.014166 0.073498
vn 0.056806 0.015575 0.080811
vn 0.056806 0.023186 0.078965
vn 0.046472 0.024946 0.084959
vn 0.046472 0.032909 0.082203
vn 0.035460 0.034751 0.086804
vn 0.035460 0.042845 0.083108
vn 0.023932 0.044491 0.086301
vn 0.023932 0.052493 0.081681
vn 0.100000 0.000000 -0.000000
vn 0.099271 -0.003396 0.011565
vn 0.097094 -0.004529 0.023499
vn 0.093502 -0.003371 0.035300
vn 0.088546 -0.000000 0.046472
vn 0.082298 0.005400 0.056549
vn 0.074851 0.012550 0.065114
vn 0.066312 0.021088 0.071819
vn 0.056806 0.030587 0.076403
vn 0.046472 0.040574 0.078702
vn 0.035460 0.050551 0.078659
vn 0.023932 0.060020 0.076321
vn 0.099271 -0.002281 0.011836
vn 0.100000 -0.000000 0.000000
vn 0.099271 -0.001146 0.011999
vn 0.099271 0.000000 0.012054
vn 0.097094 -0.000000 0.023932
vn 0.097094 0.002275 0.023823
vn 0.093502 0.003371 0.035300
vn 0.093502 0.006711 0.034820
vn 0.088546 0.008795 0.045633
vn 0.088546 0.013093 0.044590
vn 0.082298 0.016004 0.054505
vn 0.082298 0.021113 0.052737
vn 0.074851 0.024646 0.061562
vn 0.074851 0.030386 0.058941
vn 0.066312 0.034299 0.066530
vn 0.066312 0.040468 0.062969
vn 0.056806 0.044494 0.069234
vn 0.056806 0.050873 0.064691
vn 0.046472 0.054735 0.069602
vn 0.046472 0.061103 0.064083
vn 0.035460 0.064524 0.067670
vn 0.035460 0.070664 0.061231
vn 0.023932 0.073379 0.063583
vn 0.023932 0.079091 0.056320
vn 0.100000 0.000000 0.000000
vn 0.099271 0.001146 0.011999
vn 0.097094 0.004529 0.023499
vn 0.093502 0.009990 0.034024
vn 0.088546 0.017272 0.043143
vn 0.082298 0.026030 0.050492
vn 0.074851 0.035851 0.055785
vn 0.066312 0.046270 0.058837
vn 0.056806 0.056792 0.059562
vn 0.046472 0.066918 0.057985
vn 0.035460 0.076164 0.054236
vn 0.023932 0.084086 0.048547
vn 0.100000 -0.000000 -0.000000
vn 0.099271 0.002281 0.011836
vn 0.097094 0.006742 0.022962
vn 0.093502 0.013179 0.032920
vn 0.088546 0.021295 0.041306
vn 0.082298 0.030712 0.047789
vn 0.074851 0.040992 0.052125
vn 0.066312 0.051653 0.054172
vn 0.056806 0.062197 0.053894
vn 0.046472 0.072127 0.051361
vn 0.035460 0.080975 0.046751
vn 0.023932 0.088320 0.040334
vn 0.099271 0.003396 0.011565
vn 0.100000 0.000000 0.000000
vn 0.099271 0.004480 0.011190
vn 0.099271 0.005523 0.010714
vn 0.097094 0.010966 0.021271
vn 0.097094 0.012938 0.020133
vn 0.093502 0.019171 0.029831
vn 0.093502 0.021920 0.027874
vn 0.088546 0.028727 0.036530
vn 0.088546 0.032070 0.033634
vn 0.082298 0.039201 0.041113
vn 0.082298 0.042931 0.037200
vn 0.074851 0.050115 0.043425
vn 0.074851 0.054016 0.038465
vn 0.066312 0.060972 0.043418
vn 0.066312 0.064823 0.037426
vn 0.056806 0.071272 0.041149
vn 0.056806 0.074861 0.034188
vn 0.046472 0.080544 0.036783
vn 0.046472 0.083676 0.028960
vn 0.035460 0.088359 0.030581
vn 0.035460 0.090866 0.022044
vn 0.023932 0.094357 0.022891
vn 0.023932 0.096106 0.013818
vn 0.100000 0.000000 0.000000
vn 0.099271 0.006517 0.010140
vn 0.097094 0.014794 0.018811
vn 0.093502 0.024471 0.025664
vn 0.088546 0.035121 0.030433
vn 0.082298 0.046273 0.032951
vn 0.074851 0.057428 0.033156
vn 0.066312 0.068087 0.031094
vn 0.056806 0.077772 0.026917
vn 0.046472 0.086050 0.020875
vn 0.035460 0.092550 0.013307
vn 0.023932 0.096984 0.004620
vn 0.100000 0.000000 0.000000
vn 0.099271 0.007451 0.009475
vn 0.097094 0.016515 0.017320
vn 0.093502 0.026799 0.023222
vn 0.088546 0.037855 0.026957
vn 0.082298 0.049196 0.028403
vn 0.074851 0.060320 0.027547
vn 0.066312 0.070734 0.024481
vn 0.056806 0.079979 0.019403
vn 0.046472 0.087644 0.012601
vn 0.035460 0.093396 0.004449
vn 0.023932 0.096984 -0.004620
vn 0.099271 0.008318 0.008724
vn 0.100000 0.000000 0.000000
vn 0.099271 0.009110 0.007893
vn 0.099271 0.009819 0.006992
vn 0.097094 0.019494 0.013882
vn 0.097094 0.020725 0.011966
vn 0.093502 0.030710 0.017730
vn 0.093502 0.032256 0.014731
vn 0.088546 0.042273 0.019305
vn 0.088546 0.043916 0.015200
vn 0.082298 0.053682 0.018580
vn 0.082298 0.055205 0.013393
vn 0.074851 0.064443 0.015634
vn 0.074851 0.065637 0.009437
vn 0.066312 0.074089 0.010652
vn 0.066312 0.074766 0.003562
vn 0.056806 0.082205 0.003916
vn 0.056806 0.082205 -0.003916
vn 0.046472 0.088445 -0.004213
vn 0.046472 0.087644 -0.012601
vn 0.035460 0.092550 -0.013307
vn 0.035460 0.090866 -0.022044
vn 0.023932 0.094357 -0.022891
vn 0.023932 0.091754 -0.031756
vn 0.100000 -0.000000 -0.000000
vn 0.099271 0.010439 0.006027
vn 0.097094 0.021769 0.009942
vn 0.093502 0.033510 0.011598
vn 0.088546 0.045162 0.010956
vn 0.082298 0.056228 0.008084
vn 0.074851 0.066237 0.003155
vn 0.066312 0.074766 -0.003562
vn 0.056806 0.081461 -0.011712
vn 0.046472 0.086050 -0.020875
vn 0.035460 0.088359 -0.030581
vn 0.023932 0.088320 -0.040334
vn 0.100000 0.000000 0.000000
vn 0.099271 0.010964 0.005007
vn 0.097094 0.022615 0.007827
vn 0.093502 0.034461 0.008360
vn 0.088546 0.045999 0.006614
vn 0.082298 0.056742 0.002703
vn 0.074851 0.066237 -0.003155
vn 0.066312 0.074089 -0.010652
vn 0.056806 0.079979 -0.019403
vn 0.046472 0.083676 -0.028960
vn 0.035460 0.085052 -0.038842
vn 0.023932 0.084086 -0.048547
vn 0.099271 0.011391 0.003942
vn 0.100000 0.000000 0.000000
vn 0.099271 0.011714 0.002842
vn 0.099271 0.011931 0.001715
vn 0.097094 0.023688 0.003406
vn 0.097094 0.023904 0.001139
vn 0.093502 0.035420 0.001687
vn 0.093502 0.035420 -0.001687
vn 0.088546 0.046420 -0.002211
vn 0.088546 0.045999 -0.006614
vn 0.082298 0.056228 -0.008084
vn 0.082298 0.055205 -0.013393
vn 0.074851 0.064443 -0.015634
vn 0.074851 0.062665 -0.021689
vn 0.066312 0.070734 -0.024481
vn 0.066312 0.068087 -0.031094
vn 0.056806 0.074861 -0.034188
vn 0.056806 0.071272 -0.041149
vn 0.046472 0.076683 -0.044273
vn 0.046472 0.072127 -0.051361
vn 0.035460 0.076164 -0.054236
vn 0.035460 0.070664 -0.061231
vn 0.023932 0.073379 -0.063583
vn 0.023932 0.067003 -0.070270
vn 0.100000 0.000000 0.000000
vn 0.099271 0.012040 0.000574
vn 0.097094 0.023904 -0.001139
vn 0.093502 0.035100 -0.005047
vn 0.088546 0.045162 -0.010956
vn 0.082298 0.053682 -0.018580
vn 0.074851 0.060320 -0.027547
vn 0.066312 0.064823 -0.037426
vn 0.056806 0.067038 -0.047738
vn 0.046472 0.066918 -0.057985
vn 0.035460 0.064524 -0.067670
vn 0.023932 0.060020 -0.076321
vn 0.100000 0.000000 -0.000000
vn 0.099271 0.012040 -0.000574
vn 0.097094 0.023688 -0.003406
vn 0.093502 0.034461 -0.008360
vn 0.088546 0.043916 -0.015200
vn 0.082298 0.051673 -0.023598
vn 0.074851 0.057428 -0.033156
vn 0.066312 0.060972 -0.043418
vn 0.056806 0.062197 -0.053894
vn 0.046472 0.061103 -0.064083
vn 0.035460 0.057799 -0.073497
vn 0.023932 0.052493 -0.081681
vn 0.099271 0.011931 -0.001715
vn 0.100000 0.000000 -0.000000
vn 0.099271 0.011714 -0.002842
vn 0.099271 0.011391 -0.003942
vn 0.097094 0.022615 -0.007827
vn 0.097094 0.021769 -0.009942
vn 0.093502 0.032256 -0.014731
vn 0.093502 0.030710 -0.017730
vn 0.088546 0.040246 -0.023236
vn 0.088546 0.037855 -0.026957
vn 0.082298 0.046273 -0.032951
vn 0.082298 0.042931 -0.037200
vn 0.074851 0.050115 -0.043425
vn 0.074851 0.045761 -0.047992
vn 0.066312 0.051653 -0.054172
vn 0.066312 0.046270 -0.058837
vn 0.056806 0.050873 -0.064691
vn 0.056806 0.044494 -0.069234
vn 0.046472 0.047871 -0.074489
vn 0.046472 0.040574 -0.078702
vn 0.035460 0.042845 -0.083108
vn 0.035460 0.034751 -0.086804
vn 0.023932 0.036086 -0.090139
vn 0.023932 0.027355 -0.093161
vn 0.100000 0.000000 -0.000000
vn 0.099271 0.010964 -0.005007
vn 0.097094 0.020725 -0.011966
vn 0.093502 0.028885 -0.020569
vn 0.088546 0.035121 -0.030433
vn 0.082298 0.039201 -0.041113
vn 0.074851 0.040992 -0.052125
vn 0.066312 0.040468 -0.062969
vn 0.056806 0.037711 -0.073150
vn 0.046472 0.032909 -0.082203
vn 0.035460 0.026342 -0.089714
vn 0.023932 0.018375 -0.095340
vn 0.099271 0.010439 -0.006027
vn 0.100000 0.000000 -0.000000
vn 0.099271 0.009819 -0.006992
vn 0.100000 0.000000 -0.000000
vn 0.099271 0.009110 -0.007893
vn 0.099271 0.008318 -0.008724
vn 0.097094 0.016515 -0.017320
vn 0.097094 0.014794 -0.018811
vn 0.093502 0.021920 -0.027874
vn 0.093502 0.019171 -0.029831
vn 0.088546 0.025125 -0.039095
vn 0.088546 0.021295 -0.041306
vn 0.082298 0.026030 -0.050492
vn 0.082298 0.021113 -0.052737
vn 0.074851 0.024646 -0.061562
vn 0.074851 0.018682 -0.063626
vn 0.066312 0.021088 -0.071819
vn 0.066312 0.014166 -0.073498
vn 0.056806 0.015575 -0.080811
vn 0.056806 0.007823 -0.081926
vn 0.046472 0.008417 -0.088145
vn 0.046472 0.000000 -0.088546
vn 0.035460 0.000000 -0.093502
vn 0.035460 -0.008888 -0.093078
vn 0.023932 -0.009229 -0.096655
vn 0.023932 -0.018375 -0.095340
vn 0.100000 -0.000000 0.000000
vn 0.099271 0.007451 -0.009475
vn 0.097094 0.012938 -0.020133
vn 0.093502 0.016249 -0.031519
vn 0.088546 0.017272 -0.043143
vn 0.082298 0.016004 -0.054505
vn 0.074851 0.012550 -0.065114
vn 0.066312 0.007115 -0.074512
vn 0.056806 0.000000 -0.082298
vn 0.046472 -0.008417 -0.088145
vn 0.035460 -0.017695 -0.091812
vn 0.023932 -0.027355 -0.093161
vn 0.099271 0.006517 -0.010140
vn 0.100000 0.000000 -0.000000
vn 0.099271 0.005523 -0.010714
vn 0.100000 0.000000 -0.000000
vn 0.099271 0.004480 -0.011190
vn 0.099271 0.003396 -0.011565
vn 0.097094 0.006742 -0.022962
vn 0.097094 0.004529 -0.023499
vn 0.093502 0.006711 -0.034820
vn 0.093502 0.003371 -0.035300
vn 0.088546 0.004417 -0.046262
vn 0.088546 0.000000 -0.046472
vn 0.082298 0.000000 -0.056806
vn 0.082298 -0.005400 -0.056549
vn 0.074851 -0.006303 -0.066012
vn 0.074851 -0.012550 -0.065114
vn 0.066312 -0.014166 -0.073498
vn 0.066312 -0.021088 -0.071819
vn 0.056806 -0.023186 -0.078965
vn 0.056806 -0.030587 -0.076403
vn 0.046472 -0.032909 -0.082203
vn 0.046472 -0.040574 -0.078702
vn 0.035460 -0.042845 -0.083108
vn 0.035460 -0.050551 -0.078659
vn 0.023932 -0.052493 -0.081681
vn 0.023932 -0.060020 -0.076321
vn 0.100000 -0.000000 0.000000
vn 0.099271 0.002281 -0.011836
vn 0.097094 0.002275 -0.023823
vn 0.093502 0.000000 -0.035460
vn 0.088546 -0.004417 -0.046262
vn 0.082298 -0.010751 -0.055780
vn 0.074851 -0.018682 -0.063626
vn 0.066312 -0.027819 -0.069489
vn 0.056806 -0.037711 -0.073150
vn 0.046472 -0.047871 -0.074489
vn 0.035460 -0.057799 -0.073497
vn 0.023932 -0.067003 -0.070270
vn 0.099271 0.001146 -0.011999
vn 0.100000 0.000000 -0.000000
vn 0.099271 0.000000 -0.012054
vn 0.100000 -0.000000 -0.000000
vn 0.099271 -0.001146 -0.011999
vn 0.099271 -0.002281 -0.011836
vn 0.097094 -0.004529 -0.023499
vn 0.097094 -0.006742 -0.022962
vn 0.093502 -0.009990 -0.034024
vn 0.093502 -0.013179 -0.032920
vn 0.088546 -0.017272 -0.043143
vn 0.088546 -0.021295 -0.041306
vn 0.082298 -0.026030 -0.050492
vn 0.082298 -0.030712 -0.047789
vn 0.074851 -0.035851 -0.055785
vn 0.074851 -0.040992 -0.052125
vn 0.066312 -0.046270 -0.058837
vn 0.066312 -0.051653 -0.054172
vn 0.056806 -0.056792 -0.059562
vn 0.056806 -0.062197 -0.053894
vn 0.046472 -0.066918 -0.057985
vn 0.046472 -0.072127 -0.051361
vn 0.035460 -0.076164 -0.054236
vn 0.035460 -0.080975 -0.046751
vn 0.023932 -0.084086 -0.048547
vn 0.023932 -0.088320 -0.040334
vn 0.100000 -0.000000 -0.000000
vn 0.099271 -0.003396 -0.011565
vn 0.097094 -0.008894 -0.022217
vn 0.093502 -0.016249 -0.031519
vn 0.088546 -0.025125 -0.039095
vn 0.082298 -0.035115 -0.044653
vn 0.074851 -0.045761 -0.047992
vn 0.066312 -0.056569 -0.049017
vn 0.056806 -0.067038 -0.047738
vn 0.046472 -0.076683 -0.044273
vn 0.035460 -0.085052 -0.038842
vn 0.023932 -0.091754 -0.031756
vn 0.099271 -0.004480 -0.011190
vn 0.100000 0.000000 0.000000
vn 0.099271 -0.005523 -0.010714
vn 0.100000 0.000000 0.000000
vn 0.099271 -0.006517 -0.010140
vn 0.099271 -0.007451 -0.009475
vn 0.097094 -0.014794 -0.018811
vn 0.097094 -0.016515 -0.017320
vn 0.093502 -0.024471 -0.025664
vn 0.093502 -0.026799 -0.023222
vn 0.088546 -0.035121 -0.030433
vn 0.088546 -0.037855 -0.026957
vn 0.082298 -0.046273 -0.032951
vn 0.082298 -0.049196 -0.028403
vn 0.074851 -0.057428 -0.033156
vn 0.074851 -0.060320 -0.027547
vn 0.066312 -0.068087 -0.031094
vn 0.066312 -0.070734 -0.024481
vn 0.056806 -0.077772 -0.026917
vn 0.100000 0.000000 0.000000
vn 0.099271 -0.008318 -0.008724
vn 0.097094 -0.018086 -0.015672
vn 0.093502 -0.028885 -0.020569
vn 0.088546 -0.040246 -0.023236
vn 0.082298 -0.051673 -0.023598
vn 0.074851 -0.062665 -0.021689
vn 0.099271 -0.009110 -0.007893
vn 0.100000 0.000000 0.000000
vn 0.099271 -0.009819 -0.006992
vn 0.099271 -0.010439 -0.006027
vn 0.097094 -0.020725 -0.011966
vn 0.097094 -0.021769 -0.009942
vn 0.093502 -0.032256 -0.014731
vn 0.093502 -0.033510 -0.011598
vn 0.088546 -0.043916 -0.015200
vn 0.100000 -0.000000 -0.000000
vn 0.099271 -0.010964 -0.005007
vn 0.097094 -0.022615 -0.007827
vn 0.100000 -0.000000 -0.000000
vn 0.099271 -0.011391 -0.003942
vn 0.023932 -0.009229 0.096655
vn 0.035460 -0.017695 0.091812
vn 0.046472 -0.024946 0.084959
vn 0.056806 -0.030587 0.076403
vn 0.066312 -0.034299 0.066530
vn 0.074851 -0.035851 0.055785
vn 0.082298 -0.035115 0.044653
vn 0.088546 -0.032070 0.033634
vn 0.093502 -0.026799 0.023222
vn 0.097094 -0.019494 0.013882
vn 0.056806 0.000000 0.082298
vn 0.046472 0.008417 0.088145
vn 0.056806 0.007823 0.081926
vn 0.046472 0.016757 0.086945
vn 0.066312 0.000000 0.074851
vn 0.066312 -0.007115 0.074512
vn 0.074851 -0.006303 0.066012
vn 0.093502 0.000000 0.035460
vn 0.088546 0.004417 0.046262
vn 0.097094 -0.002275 0.023823
vn 0.023932 -0.096984 -0.004620
vn 0.035460 -0.093396 -0.004449
vn 0.046472 -0.088445 -0.004213
vn 0.056806 -0.082205 -0.003916
vn 0.066312 -0.074766 -0.003562
vn 0.074851 -0.066237 -0.003155
vn 0.082298 -0.056742 -0.002703
vn 0.088546 -0.046420 -0.002211
vn 0.093502 -0.035420 -0.001687
vn 0.097094 -0.023904 -0.001139
vn 0.035460 -0.088359 -0.030581
vn 0.046472 -0.083676 -0.028960
vn 0.082298 -0.053682 -0.018580
vn 0.046472 -0.080544 -0.036783
vn 0.056806 -0.074861 -0.034188
vn 0.088546 -0.042273 -0.019305
vn 0.056806 -0.071272 -0.041149
vn 0.066312 -0.064823 -0.037426
vn 0.093502 -0.030710 -0.017730
vn 0.023932 -0.079091 -0.056320
vn 0.035460 -0.070664 -0.061231
vn 0.046472 -0.061103 -0.064083
vn 0.056806 -0.050873 -0.064691
vn 0.066312 -0.040468 -0.062969
vn 0.074851 -0.030386 -0.058941
vn 0.082298 -0.021113 -0.052737
vn 0.088546 -0.013093 -0.044590
vn 0.093502 -0.006711 -0.034820
vn 0.097094 -0.002275 -0.023823
vn 0.066312 -0.060972 -0.043418
vn 0.074851 -0.054016 -0.038465
vn 0.097094 -0.019494 -0.013882
vn 0.023932 -0.073379 -0.063583
vn 0.035460 -0.064524 -0.067670
vn 0.046472 -0.054735 -0.069602
vn 0.056806 -0.044494 -0.069234
vn 0.066312 -0.034299 -0.066530
vn 0.074851 -0.024646 -0.061562
vn 0.082298 -0.016004 -0.054505
vn 0.088546 -0.008795 -0.045633
vn 0.093502 -0.003371 -0.035300
vn 0.097094 0.000000 -0.023932
vn 0.074851 -0.050115 -0.043425
vn 0.082298 -0.042931 -0.037200
vn 0.082298 -0.039201 -0.041113
vn 0.088546 -0.032070 -0.033634
vn 0.088546 -0.028727 -0.036530
vn 0.093502 -0.021920 -0.027874
vn 0.093502 -0.019171 -0.029831
vn 0.097094 -0.012938 -0.020133
vn 0.023932 -0.044491 -0.086301
vn 0.035460 -0.034751 -0.086804
vn 0.046472 -0.024946 -0.084959
vn 0.056806 -0.015575 -0.080811
vn 0.066312 -0.007115 -0.074512
vn 0.074851 0.000000 -0.066312
vn 0.082298 0.005400 -0.056549
vn 0.088546 0.008795 -0.045633
vn 0.093502 0.009990 -0.034024
vn 0.097094 0.008894 -0.022217
vn 0.097094 -0.010966 -0.021271
vn 0.023932 -0.036086 -0.090139
vn 0.035460 -0.026342 -0.089714
vn 0.046472 -0.016757 -0.086945
vn 0.056806 -0.007823 -0.081926
vn 0.066312 0.000000 -0.074851
vn 0.074851 0.006303 -0.066012
vn 0.082298 0.010751 -0.055780
vn 0.088546 0.013093 -0.044590
vn 0.093502 0.013179 -0.032920
vn 0.097094 0.010966 -0.021271
vn 0.023932 0.000000 -0.097094
vn 0.035460 0.008888 -0.093078
vn 0.046472 0.016757 -0.086945
vn 0.056806 0.023186 -0.078965
vn 0.066312 0.027819 -0.069489
vn 0.074851 0.030386 -0.058941
vn 0.082298 0.030712 -0.047789
vn 0.088546 0.028727 -0.036530
vn 0.093502 0.024471 -0.025664
vn 0.097094 0.018086 -0.015672
vn 0.023932 0.009229 -0.096655
vn 0.035460 0.017695 -0.091812
vn 0.046472 0.024946 -0.084959
vn 0.056806 0.030587 -0.076403
vn 0.066312 0.034299 -0.066530
vn 0.074851 0.035851 -0.055785
vn 0.082298 0.035115 -0.044653
vn 0.088546 0.032070 -0.033634
vn 0.093502 0.026799 -0.023222
vn 0.097094 0.019494 -0.013882
vn 0.023932 0.044491 -0.086301
vn 0.035460 0.050551 -0.078659
vn 0.046472 0.054735 -0.069602
vn 0.056806 0.056792 -0.059562
vn 0.066312 0.056569 -0.049017
vn 0.074851 0.054016 -0.038465
vn 0.082298 0.049196 -0.028403
vn 0.088546 0.042273 -0.019305
vn 0.093502 0.033510 -0.011598
vn 0.097094 0.023257 -0.005642
vn 0.023932 0.079091 -0.056320
vn 0.035460 0.080975 -0.046751
vn 0.046472 0.080544 -0.036783
vn 0.056806 0.077772 -0.026917
vn 0.066312 0.072741 -0.017647
vn 0.074851 0.065637 -0.009437
vn 0.082298 0.056742 -0.002703
vn 0.088546 0.046420 0.002211
vn 0.093502 0.035100 0.005047
vn 0.097094 0.023257 0.005642
vn 0.023932 0.096106 -0.013818
vn 0.035460 0.093396 -0.004449
vn 0.046472 0.088445 0.004213
vn 0.056806 0.081461 0.011712
vn 0.066312 0.072741 0.017647
vn 0.074851 0.062665 0.021689
vn 0.082298 0.051673 0.023598
vn 0.088546 0.040246 0.023236
vn 0.093502 0.028885 0.020569
vn 0.097094 0.018086 0.015672
vn 0.023932 0.091754 0.031756
vn 0.035460 0.085052 0.038842
vn 0.046472 0.076683 0.044273
vn 0.056806 0.067038 0.047738
vn 0.066312 0.056569 0.049017
vn 0.074851 0.045761 0.047992
vn 0.082298 0.035115 0.044653
vn 0.088546 0.025125 0.039095
vn 0.093502 0.016249 0.031519
vn 0.097094 0.008894 0.022217
vn 0.023932 0.067003 0.070270
vn 0.035460 0.057799 0.073497
vn 0.046472 0.047871 0.074489
vn 0.056806 0.037711 0.073150
vn 0.066312 0.027819 0.069489
vn 0.074851 0.018682 0.063626
vn 0.082298 0.010751 0.055780
vn 0.023932 0.036086 0.090139
vn 0.035460 0.026342 0.089714
vn 0.023932 0.027355 0.093161
vn 0.035460 0.017695 0.091812
vn 0.023932 -0.018375 0.095340
vn 0.035460 -0.026342 0.089714
vn 0.046472 -0.032909 0.082203
vn 0.056806 -0.037711 0.073150
vn 0.066312 -0.040468 0.062969
vn 0.074851 -0.040992 0.052125
vn 0.082298 -0.039201 0.041113
vn 0.088546 -0.035121 0.030433
vn 0.093502 -0.028885 0.020569
vn 0.097094 -0.020725 0.011966
vn 0.074851 -0.012550 0.065114
vn 0.082298 -0.010751 0.055780
vn 0.023932 -0.027355 0.093161
vn 0.035460 -0.034751 0.086804
vn 0.046472 -0.040574 0.078702
vn 0.056806 -0.044494 0.069234
vn 0.066312 -0.046270 0.058837
vn 0.074851 -0.045761 0.047992
vn 0.082298 -0.042931 0.037200
vn 0.088546 -0.037855 0.026957
vn 0.093502 -0.030710 0.017730
vn 0.097094 -0.021769 0.009942
vn 0.082298 -0.016004 0.054505
vn 0.088546 -0.013093 0.044590
vn 0.023932 -0.036086 0.090139
vn 0.035460 -0.042845 0.083108
vn 0.046472 -0.047871 0.074489
vn 0.056806 -0.050873 0.064691
vn 0.066312 -0.051653 0.054172
vn 0.074851 -0.050115 0.043425
vn 0.082298 -0.046273 0.032951
vn 0.088546 -0.040246 0.023236
vn 0.093502 -0.032256 0.014731
vn 0.088546 -0.017272 0.043143
vn 0.093502 -0.013179 0.032920
vn 0.023932 -0.044491 0.086301
vn 0.035460 -0.050551 0.078659
vn 0.046472 -0.054735 0.069602
vn 0.056806 -0.056792 0.059562
vn 0.066312 -0.056569 0.049017
vn 0.074851 -0.054016 0.038465
vn 0.082298 -0.049196 0.028403
vn 0.088546 -0.042273 0.019305
vn 0.093502 -0.016249 0.031519
vn 0.097094 -0.010966 0.021271
vn 0.023932 -0.052493 0.081681
vn 0.035460 -0.057799 0.073497
vn 0.046472 -0.061103 0.064083
vn 0.056806 -0.062197 0.053894
vn 0.066312 -0.060972 0.043418
vn 0.074851 -0.057428 0.033156
vn 0.082298 -0.051673 0.023598
vn 0.097094 -0.012938 0.020133
vn 0.023932 -0.060020 0.076321
vn 0.035460 -0.064524 0.067670
vn 0.046472 -0.066918 0.057985
vn 0.056806 -0.067038 0.047738
vn 0.066312 -0.064823 0.037426
vn 0.074851 -0.060320 0.027547
vn 0.023932 -0.067003 0.070270
vn 0.035460 -0.070664 0.061231
vn 0.046472 -0.072127 0.051361
vn 0.056806 -0.071272 0.041149
vn 0.066312 -0.068087 0.031094
vn 0.023932 -0.073379 0.063583
vn 0.035460 -0.076164 0.054236
vn 0.046472 -0.076683 0.044273
vn 0.056806 -0.074861 0.034188
vn 0.023932 -0.079091 0.056320
vn 0.035460 -0.080975 0.046751
vn 0.046472 -0.080544 0.036783
vn 0.023932 -0.084086 0.048547
vn 0.035460 -0.085052 0.038842
vn 0.023932 -0.088320 0.040334
vn 0.000000 -0.099547 -0.009506
vn 0.000000 -0.100000 -0.000000
vn 0.000000 -0.099547 0.009506
vn 0.000000 -0.098193 0.018925
vn 0.000000 -0.095949 0.028173
vn 0.000000 -0.092837 0.037166
vn 0.000000 -0.088884 0.045823
vn 0.000000 -0.084125 0.054064
vn 0.000000 -0.078605 0.061816
vn 0.000000 -0.072373 0.069008
vn 0.000000 -0.065486 0.075575
vn 0.000000 -0.058006 0.081458
vn 0.000000 -0.050000 0.086603
vn 0.000000 -0.041542 0.090963
vn 0.000000 -0.032707 0.094500
vn 0.000000 -0.023576 0.097181
vn 0.000000 -0.014231 0.098982
vn 0.000000 -0.004758 0.099887
vn 0.000000 0.004758 0.099887
vn 0.000000 0.014231 0.098982
vn 0.000000 0.023576 0.097181
vn 0.000000 0.032707 0.094500
vn 0.000000 0.041542 0.090963
vn 0.000000 0.050000 0.086603
vn 0.000000 0.058006 0.081458
vn 0.000000 0.065486 0.075575
vn 0.000000 0.072373 0.069008
vn 0.000000 0.078605 0.061816
vn 0.000000 0.084125 0.054064
vn 0.000000 0.088884 0.045823
vn 0.000000 0.092837 0.037166
vn 0.000000 0.095949 0.028173
vn 0.000000 0.098193 0.018925
vn 0.000000 0.099547 0.009506
vn -0.000000 0.100000 -0.000000
vn -0.000000 0.099547 -0.009506
vn -0.000000 0.098193 -0.018925
vn -0.000000 0.095949 -0.028173
vn -0.000000 0.092837 -0.037166
vn -0.000000 0.088884 -0.045823
vn -0.000000 0.084125 -0.054064
vn -0.000000 0.078605 -0.061816
vn -0.000000 0.072373 -0.069008
vn -0.000000 0.065486 -0.075575
vn -0.000000 0.058006 -0.081458
vn -0.000000 0.050000 -0.086603
vn -0.000000 0.041542 -0.090963
vn -0.000000 0.032707 -0.094500
vn -0.000000 0.023576 -0.097181
vn -0.000000 0.014231 -0.098982
vn -0.000000 0.004758 -0.099887
vn 0.000000 -0.004758 -0.099887
vn 0.000000 -0.014231 -0.098982
vn 0.000000 -0.023576 -0.097181
vn 0.000000 -0.032707 -0.094500
vn 0.000000 -0.041542 -0.090963
vn 0.000000 -0.050000 -0.086603
vn 0.000000 -0.058006 -0.081458
vn 0.000000 -0.065486 -0.075575
vn 0.000000 -0.072373 -0.069008
vn 0.000000 -0.078605 -0.061816
vn 0.000000 -0.084125 -0.054064
vn 0.000000 -0.088884 -0.045823
vn 0.000000 -0.092837 -0.037166
vn 0.000000 -0.095949 -0.028173
vn 0.000000 -0.098193 -0.018925
vn -0.012054 -0.099158 0.004723
vn -0.012054 -0.099158 -0.004723
vn -0.012054 -0.098260 -0.014128
vn -0.012054 -0.096473 -0.023404
vn -0.012054 -0.093811 -0.032468
vn -0.012054 -0.090300 -0.041239
vn -0.012054 -0.085971 -0.049635
vn -0.012054 -0.080864 -0.057583
vn -0.012054 -0.075024 -0.065009
vn -0.012054 -0.068505 -0.071846
vn -0.012054 -0.061365 -0.078032
vn -0.012054 -0.053670 -0.083512
vn -0.012054 -0.045489 -0.088235
vn -0.012054 -0.036895 -0.092160
vn -0.012054 -0.027968 -0.095250
vn -0.012054 -0.018787 -0.097477
vn -0.012054 -0.009436 -0.098821
vn -0.012054 -0.000000 -0.099271
vn -0.012054 0.009436 -0.098821
vn -0.012054 0.018787 -0.097477
vn -0.012054 0.027968 -0.095250
vn -0.012054 0.036895 -0.092160
vn -0.012054 0.045489 -0.088235
vn -0.012054 0.053670 -0.083512
vn -0.012054 0.061365 -0.078032
vn -0.012054 0.068505 -0.071846
vn -0.012054 0.075024 -0.065009
vn -0.012054 0.080864 -0.057583
vn -0.012054 0.085971 -0.049635
vn -0.012054 0.090300 -0.041239
vn -0.012054 0.093811 -0.032468
vn -0.012054 0.096473 -0.023404
vn -0.012054 0.098260 -0.014128
vn -0.012054 0.099158 -0.004723
vn -0.012054 0.099158 0.004723
vn -0.012054 0.098260 0.014128
vn -0.012054 0.096473 0.023404
vn -0.012054 0.093811 0.032468
vn -0.012054 0.090300 0.041239
vn -0.012054 0.085971 0.049635
vn -0.012054 0.080864 0.057583
vn -0.012054 0.075024 0.065009
vn -0.012054 0.068505 0.071846
vn -0.012054 0.061365 0.078032
vn -0.012054 0.053670 0.083512
vn -0.012054 0.045489 0.088235
vn -0.012054 0.036895 0.092160
vn -0.012054 0.027968 0.095250
vn -0.012054 0.018787 0.097477
vn -0.012054 0.009436 0.098821
vn -0.012054 0.000000 0.099271
vn -0.012054 -0.009436 0.098821
vn -0.012054 -0.018787 0.097477
vn -0.012054 -0.027968 0.095250
vn -0.012054 -0.036895 0.092160
vn -0.012054 -0.045489 0.088235
vn -0.012054 -0.053670 0.083512
vn -0.012054 -0.061365 0.078032
vn -0.012054 -0.068505 0.071846
vn -0.012054 -0.075024 0.065009
vn -0.012054 -0.080864 0.057583
vn -0.012054 -0.085971 0.049635
vn -0.012054 -0.090300 0.041239
vn -0.012054 -0.093811 0.032468
vn -0.012054 -0.096473 0.023404
vn -0.012054 -0.098260 0.014128
vn -0.100000 -0.000000 -0.000000
vn -0.099271 -0.012040 -0.000574
vn -0.100000 -0.000000 0.000000
vn -0.099271 -0.012040 0.000574
vn -0.100000 -0.000000 0.000000
vn -0.099271 -0.011931 0.001715
vn -0.099271 -0.011714 0.002842
vn -0.097094 -0.023688 0.003406
vn -0.097094 -0.023257 0.005642
vn -0.093502 -0.035100 0.005047
vn -0.093502 -0.034461 0.008360
vn -0.088546 -0.045999 0.006614
vn -0.088546 -0.045162 0.010956
vn -0.082298 -0.056228 0.008084
vn -0.082298 -0.055205 0.013393
vn -0.074851 -0.065637 0.009437
vn -0.074851 -0.064443 0.015634
vn -0.066312 -0.074089 0.010652
vn -0.066312 -0.072741 0.017647
vn -0.056806 -0.081461 0.011712
vn -0.056806 -0.079979 0.019403
vn -0.046472 -0.087644 0.012601
vn -0.046472 -0.086050 0.020875
vn -0.035460 -0.092550 0.013307
vn -0.035460 -0.090866 0.022044
vn -0.023932 -0.096106 0.013818
vn -0.023932 -0.094357 0.022891
vn -0.100000 -0.000000 -0.000000
vn -0.099271 -0.011714 -0.002842
vn -0.099271 -0.011931 -0.001715
vn -0.097094 -0.023688 -0.003406
vn -0.097094 -0.023904 -0.001139
vn -0.093502 -0.035100 -0.005047
vn -0.093502 -0.035420 -0.001687
vn -0.088546 -0.045999 -0.006614
vn -0.088546 -0.046420 -0.002211
vn -0.082298 -0.056228 -0.008084
vn -0.082298 -0.056742 -0.002703
vn -0.074851 -0.065637 -0.009437
vn -0.074851 -0.066237 -0.003155
vn -0.066312 -0.074089 -0.010652
vn -0.066312 -0.074766 -0.003562
vn -0.056806 -0.081461 -0.011712
vn -0.056806 -0.082205 -0.003916
vn -0.046472 -0.087644 -0.012601
vn -0.046472 -0.088445 -0.004213
vn -0.035460 -0.092550 -0.013307
vn -0.035460 -0.093396 -0.004449
vn -0.023932 -0.096106 -0.013818
vn -0.023932 -0.096984 -0.004620
vn -0.100000 0.000000 0.000000
vn -0.099271 -0.010964 -0.005007
vn -0.099271 -0.011391 -0.003942
vn -0.097094 -0.022615 -0.007827
vn -0.097094 -0.023257 -0.005642
vn -0.093502 -0.033510 -0.011598
vn -0.093502 -0.034461 -0.008360
vn -0.088546 -0.043916 -0.015200
vn -0.088546 -0.045162 -0.010956
vn -0.082298 -0.053682 -0.018580
vn -0.082298 -0.055205 -0.013393
vn -0.074851 -0.062665 -0.021689
vn -0.074851 -0.064443 -0.015634
vn -0.066312 -0.070734 -0.024481
vn -0.066312 -0.072741 -0.017647
vn -0.056806 -0.077772 -0.026917
vn -0.056806 -0.079979 -0.019403
vn -0.046472 -0.083676 -0.028960
vn -0.046472 -0.086050 -0.020875
vn -0.035460 -0.088359 -0.030581
vn -0.035460 -0.090866 -0.022044
vn -0.023932 -0.091754 -0.031756
vn -0.023932 -0.094357 -0.022891
vn -0.099271 -0.010439 -0.006027
vn -0.100000 -0.000000 -0.000000
vn -0.099271 -0.009819 -0.006992
vn -0.099271 -0.009110 -0.007893
vn -0.097094 -0.018086 -0.015672
vn -0.097094 -0.016515 -0.017320
vn -0.093502 -0.024471 -0.025664
vn -0.093502 -0.021920 -0.027874
vn -0.088546 -0.028727 -0.036530
vn -0.088546 -0.025125 -0.039095
vn -0.082298 -0.030712 -0.047789
vn -0.082298 -0.026030 -0.050492
vn -0.074851 -0.030386 -0.058941
vn -0.074851 -0.024646 -0.061562
vn -0.066312 -0.027819 -0.069489
vn -0.066312 -0.021088 -0.071819
vn -0.056806 -0.023186 -0.078965
vn -0.056806 -0.015575 -0.080811
vn -0.046472 -0.016757 -0.086945
vn -0.046472 -0.008417 -0.088145
vn -0.035460 -0.008888 -0.093078
vn -0.035460 -0.000000 -0.093502
vn -0.023932 -0.000000 -0.097094
vn -0.023932 0.009229 -0.096655
vn -0.100000 0.000000 0.000000
vn -0.099271 -0.008318 -0.008724
vn -0.097094 -0.014794 -0.018811
vn -0.093502 -0.019171 -0.029831
vn -0.088546 -0.021295 -0.041306
vn -0.082298 -0.021113 -0.052737
vn -0.074851 -0.018682 -0.063626
vn -0.066312 -0.014166 -0.073498
vn -0.056806 -0.007823 -0.081926
vn -0.046472 -0.000000 -0.088546
vn -0.035460 0.008888 -0.093078
vn -0.023932 0.018375 -0.095340
vn -0.099271 -0.007451 -0.009475
vn -0.100000 0.000000 0.000000
vn -0.099271 -0.006517 -0.010140
vn -0.100000 0.000000 0.000000
vn -0.099271 -0.005523 -0.010714
vn -0.099271 -0.004480 -0.011190
vn -0.097094 -0.008894 -0.022217
vn -0.097094 -0.006742 -0.022962
vn -0.093502 -0.009990 -0.034024
vn -0.093502 -0.006711 -0.034820
vn -0.088546 -0.008795 -0.045633
vn -0.088546 -0.004417 -0.046262
vn -0.082298 -0.005400 -0.056549
vn -0.082298 -0.000000 -0.056806
vn -0.074851 -0.000000 -0.066312
vn -0.074851 0.006303 -0.066012
vn -0.066312 0.007115 -0.074512
vn -0.066312 0.014166 -0.073498
vn -0.056806 0.015575 -0.080811
vn -0.056806 0.023186 -0.078965
vn -0.046472 0.024946 -0.084959
vn -0.046472 0.032909 -0.082203
vn -0.035460 0.034751 -0.086804
vn -0.035460 0.042845 -0.083108
vn -0.023932 0.044491 -0.086301
vn -0.023932 0.052493 -0.081681
vn -0.100000 0.000000 0.000000
vn -0.099271 -0.003396 -0.011565
vn -0.097094 -0.004529 -0.023499
vn -0.093502 -0.003371 -0.035300
vn -0.088546 -0.000000 -0.046472
vn -0.082298 0.005400 -0.056549
vn -0.074851 0.012550 -0.065114
vn -0.066312 0.021088 -0.071819
vn -0.056806 0.030587 -0.076403
vn -0.046472 0.040574 -0.078702
vn -0.035460 0.050551 -0.078659
vn -0.023932 0.060020 -0.076321
vn -0.099271 -0.002281 -0.011836
vn -0.100000 0.000000 0.000000
vn -0.099271 -0.001146 -0.011999
vn -0.099271 0.000000 -0.012054
vn -0.097094 -0.000000 -0.023932
vn -0.097094 0.002275 -0.023823
vn -0.093502 0.003371 -0.035300
vn -0.093502 0.006711 -0.034820
vn -0.088546 0.008795 -0.045633
vn -0.088546 0.013093 -0.044590
vn -0.082298 0.016004 -0.054505
vn -0.082298 0.021113 -0.052737
vn -0.074851 0.024646 -0.061562
vn -0.074851 0.030386 -0.058941
vn -0.066312 0.034299 -0.066530
vn -0.066312 0.040468 -0.062969
vn -0.056806 0.044494 -0.069234
vn -0.056806 0.050873 -0.064691
vn -0.046472 0.054735 -0.069602
vn -0.046472 0.061103 -0.064083
vn -0.035460 0.064524 -0.067670
vn -0.035460 0.070664 -0.061231
vn -0.023932 0.073379 -0.063583
vn -0.023932 0.079091 -0.056320
vn -0.100000 0.000000 -0.000000
vn -0.099271 0.001146 -0.011999
vn -0.097094 0.004529 -0.023499
vn -0.093502 0.009990 -0.034024
vn -0.088546 0.017272 -0.043143
vn -0.082298 0.026030 -0.050492
vn -0.074851 0.035851 -0.055785
vn -0.066312 0.046270 -0.058837
vn -0.056806 0.056792 -0.059562
vn -0.046472 0.066918 -0.057985
vn -0.035460 0.076164 -0.054236
vn -0.023932 0.084086 -0.048547
vn -0.100000 -0.000000 0.000000
vn -0.099271 0.002281 -0.011836
vn -0.097094 0.006742 -0.022962
vn -0.093502 0.013179 -0.032920
vn -0.088546 0.021295 -0.041306
vn -0.082298 0.030712 -0.047789
vn -0.074851 0.040992 -0.052125
vn -0.066312 0.051653 -0.054172
vn -0.056806 0.062197 -0.053894
vn -0.046472 0.072127 -0.051361
vn -0.035460 0.080975 -0.046751
vn -0.023932 0.088320 -0.040334
vn -0.099271 0.003396 -0.011565
vn -0.100000 0.000000 -0.000000
vn -0.099271 0.004480 -0.011190
vn -0.099271 0.005523 -0.010714
vn -0.097094 0.010966 -0.021271
vn -0.097094 0.012938 -0.020133
vn -0.093502 0.019171 -0.029831
vn -0.093502 0.021920 -0.027874
vn -0.088546 0.028727 -0.036530
vn -0.088546 0.032070 -0.033634
vn -0.082298 0.039201 -0.041113
vn -0.082298 0.042931 -0.037200
vn -0.074851 0.050115 -0.043425
vn -0.074851 0.054016 -0.038465
vn -0.066312 0.060972 -0.043418
vn -0.066312 0.064823 -0.037426
vn -0.056806 0.071272 -0.041149
vn -0.056806 0.074861 -0.034188
vn -0.046472 0.080544 -0.036783
vn -0.046472 0.083676 -0.028960
vn -0.035460 0.088359 -0.030581
vn -0.035460 0.090866 -0.022044
vn -0.023932 0.094357 -0.022891
vn -0.023932 0.096106 -0.013818
vn -0.100000 0.000000 -0.000000
vn -0.099271 0.006517 -0.010140
vn -0.097094 0.014794 -0.018811
vn -0.093502 0.024471 -0.025664
vn -0.088546 0.035121 -0.030433
vn -0.082298 0.046273 -0.032951
vn -0.074851 0.057428 -0.033156
vn -0.066312 0.068087 -0.031094
vn -0.056806 0.077772 -0.026917
vn -0.046472 0.086050 -0.020875
vn -0.035460 0.092550 -0.013307
vn -0.023932 0.096984 -0.004620
vn -0.100000 0.000000 -0.000000
vn -0.099271 0.007451 -0.009475
vn -0.097094 0.016515 -0.017320
vn -0.093502 0.026799 -0.023222
vn -0.088546 0.037855 -0.026957
vn -0.082298 0.049196 -0.028403
vn -0.074851 0.060320 -0.027547
vn -0.066312 0.070734 -0.024481
vn -0.056806 0.079979 -0.019403
vn -0.046472 0.087644 -0.012601
vn -0.035460 0.093396 -0.004449
vn -0.023932 0.096984 0.004620
vn -0.099271 0.008318 -0.008724
vn -0.100000 0.000000 -0.000000
vn -0.099271 0.009110 -0.007893
vn -0.099271 0.009819 -0.006992
vn -0.097094 0.019494 -0.013882
vn -0.097094 0.020725 -0.011966
vn -0.093502 0.030710 -0.017730
vn -0.093502 0.032256 -0.014731
vn -0.088546 0.042273 -0.019305
vn -0.088546 0.043916 -0.015200
vn -0.082298 0.053682 -0.018580
vn -0.082298 0.055205 -0.013393
vn -0.074851 0.064443 -0.015634
vn -0.074851 0.065637 -0.009437
vn -0.066312 0.074089 -0.010652
vn -0.066312 0.074766 -0.003562
vn -0.056806 0.082205 -0.003916
vn -0.056806 0.082205 0.003916
vn -0.046472 0.088445 0.004213
vn -0.046472 0.087644 0.012601
vn -0.035460 0.092550 0.013307
vn -0.035460 0.090866 0.022044
vn -0.023932 0.094357 0.022891
vn -0.023932 0.091754 0.031756
vn -0.100000 -0.000000 0.000000
vn -0.099271 0.010439 -0.006027
vn -0.097094 0.021769 -0.009942
vn -0.093502 0.033510 -0.011598
vn -0.088546 0.045162 -0.010956
vn -0.082298 0.056228 -0.008084
vn -0.074851 0.066237 -0.003155
vn -0.066312 0.074766 0.003562
vn -0.056806 0.081461 0.011712
vn -0.046472 0.086050 0.020875
vn -0.035460 0.088359 0.030581
vn -0.023932 0.088320 0.040334
vn -0.100000 0.000000 -0.000000
vn -0.099271 0.010964 -0.005007
vn -0.097094 0.022615 -0.007827
vn -0.093502 0.034461 -0.008360
vn -0.088546 0.045999 -0.006614
vn -0.082298 0.056742 -0.002703
vn -0.074851 0.066237 0.003155
vn -0.066312 0.074089 0.010652
vn -0.056806 0.079979 0.019403
vn -0.046472 0.083676 0.028960
vn -0.035460 0.085052 0.038842
vn -0.023932 0.084086 0.048547
vn -0.099271 0.011391 -0.003942
vn -0.100000 0.000000 -0.000000
vn -0.099271 0.011714 -0.002842
vn -0.099271 0.011931 -0.001715
vn -0.097094 0.023688 -0.003406
vn -0.097094 0.023904 -0.001139
vn -0.093502 0.035420 -0.001687
vn -0.093502 0.035420 0.001687
vn -0.088546 0.046420 0.002211
vn -0.088546 0.045999 0.006614
vn -0.082298 0.056228 0.008084
vn -0.082298 0.055205 0.013393
vn -0.074851 0.064443 0.015634
vn -0.074851 0.062665 0.021689
vn -0.066312 0.070734 0.024481
vn -0.066312 0.068087 0.031094
vn -0.056806 0.074861 0.034188
vn -0.056806 0.071272 0.041149
vn -0.046472 0.076683 0.044273
vn -0.046472 0.072127 0.051361
vn -0.035460 0.076164 0.054236
vn -0.035460 0.070664 0.061231
vn -0.023932 0.073379 0.063583
vn -0.023932 0.067003 0.070270
vn -0.100000 0.000000 -0.000000
vn -0.099271 0.012040 -0.000574
vn -0.097094 0.023904 0.001139
vn -0.093502 0.035100 0.005047
vn -0.088546 0.045162 0.010956
vn -0.082298 0.053682 0.018580
vn -0.074851 0.060320 0.027547
vn -0.066312 0.064823 0.037426
vn -0.056806 0.067038 0.047738
vn -0.046472 0.066918 0.057985
vn -0.035460 0.064524 0.067670
vn -0.023932 0.060020 0.076321
vn -0.100000 0.000000 0.000000
vn -0.099271 0.012040 0.000574
vn -0.097094 0.023688 0.003406
vn -0.093502 0.034461 0.008360
vn -0.088546 0.043916 0.015200
vn -0.082298 0.051673 0.023598
vn -0.074851 0.057428 0.033156
vn -0.066312 0.060972 0.043418
vn -0.056806 0.062197 0.053894
vn -0.046472 0.061103 0.064083
vn -0.035460 0.057799 0.073497
vn -0.023932 0.052493 0.081681
vn -0.099271 0.011931 0.001715
vn -0.100000 0.000000 0.000000
vn -0.099271 0.011714 0.002842
vn -0.099271 0.011391 0.003942
vn -0.097094 0.022615 0.007827
vn -0.097094 0.021769 0.009942
vn -0.093502 0.032256 0.014731
vn -0.093502 0.030710 0.017730
vn -0.088546 0.040246 0.023236
vn -0.088546 0.037855 0.026957
vn -0.082298 0.046273 0.032951
vn -0.082298 0.042931 0.037200
vn -0.074851 0.050115 0.043425
vn -0.074851 0.045761 0.047992
vn -0.066312 0.051653 0.054172
vn -0.066312 0.046270 0.058837
vn -0.056806 0.050873 0.064691
vn -0.056806 0.044494 0.069234
vn -0.046472 0.047871 0.074489
vn -0.046472 0.040574 0.078702
vn -0.035460 0.042845 0.083108
vn -0.035460 0.034751 0.086804
vn -0.023932 0.036086 0.090139
vn -0.023932 0.027355 0.093161
vn -0.100000 0.000000 0.000000
vn -0.099271 0.010964 0.005007
vn -0.097094 0.020725 0.011966
vn -0.093502 0.028885 0.020569
vn -0.088546 0.035121 0.030433
vn -0.082298 0.039201 0.041113
vn -0.074851 0.040992 0.052125
vn -0.066312 0.040468 0.062969
vn -0.056806 0.037711 0.073150
vn -0.046472 0.032909 0.082203
vn -0.035460 0.026342 0.089714
vn -0.023932 0.018375 0.095340
vn -0.099271 0.010439 0.006027
vn -0.100000 0.000000 0.000000
vn -0.099271 0.009819 0.006992
vn -0.100000 0.000000 0.000000
vn -0.099271 0.009110 0.007893
vn -0.099271 0.008318 0.008724
vn -0.097094 0.016515 0.017320
vn -0.097094 0.014794 0.018811
vn -0.093502 0.021920 0.027874
vn -0.093502 0.019171 0.029831
vn -0.088546 0.025125 0.039095
vn -0.088546 0.021295 0.041306
vn -0.082298 0.026030 0.050492
vn -0.082298 0.021113 0.052737
vn -0.074851 0.024646 0.061562
vn -0.074851 0.018682 0.063626
vn -0.066312 0.021088 0.071819
vn -0.066312 0.014166 0.073498
vn -0.056806 0.015575 0.080811
vn -0.056806 0.007823 0.081926
vn -0.046472 0.008417 0.088145
vn -0.046472 0.000000 0.088546
vn -0.035460 0.000000 0.093502
vn -0.035460 -0.008888 0.093078
vn -0.023932 -0.009229 0.096655
vn -0.023932 -0.018375 0.095340
vn -0.100000 -0.000000 -0.000000
vn -0.099271 0.007451 0.009475
vn -0.097094 0.012938 0.020133
vn -0.093502 0.016249 0.031519
vn -0.088546 0.017272 0.043143
vn -0.082298 0.016004 0.054505
vn -0.074851 0.012550 0.065114
vn -0.066312 0.007115 0.074512
vn -0.056806 0.000000 0.082298
vn -0.046472 -0.008417 0.088145
vn -0.035460 -0.017695 0.091812
vn -0.023932 -0.027355 0.093161
vn -0.099271 0.006517 0.010140
vn -0.100000 -0.000000 -0.000000
vn -0.099271 0.005523 0.010714
vn -0.100000 0.000000 0.000000
vn -0.099271 0.004480 0.011190
vn -0.099271 0.003396 0.011565
vn -0.097094 0.006742 0.022962
vn -0.097094 0.004529 0.023499
vn -0.093502 0.006711 0.034820
vn -0.093502 0.003371 0.035300
vn -0.088546 0.004417 0.046262
vn -0.088546 0.000000 0.046472
vn -0.082298 0.000000 0.056806
vn -0.082298 -0.005400 0.056549
vn -0.074851 -0.006303 0.066012
vn -0.074851 -0.012550 0.065114
vn -0.066312 -0.014166 0.073498
vn -0.066312 -0.021088 0.071819
vn -0.056806 -0.023186 0.078965
vn -0.056806 -0.030587 0.076403
vn -0.046472 -0.032909 0.082203
vn -0.046472 -0.040574 0.078702
vn -0.035460 -0.042845 0.083108
vn -0.035460 -0.050551 0.078659
vn -0.023932 -0.052493 0.081681
vn -0.023932 -0.060020 0.076321
vn -0.100000 -0.000000 -0.000000
vn -0.099271 0.002281 0.011836
vn -0.097094 0.002275 0.023823
vn -0.093502 0.000000 0.035460
vn -0.088546 -0.004417 0.046262
vn -0.082298 -0.010751 0.055780
vn -0.074851 -0.018682 0.063626
vn -0.066312 -0.027819 0.069489
vn -0.056806 -0.037711 0.073150
vn -0.046472 -0.047871 0.074489
vn -0.035460 -0.057799 0.073497
vn -0.023932 -0.067003 0.070270
vn -0.099271 0.001146 0.011999
vn -0.100000 0.000000 0.000000
vn -0.099271 0.000000 0.012054
vn -0.100000 -0.000000 0.000000
vn -0.099271 -0.001146 0.011999
vn -0.099271 -0.002281 0.011836
vn -0.097094 -0.004529 0.023499
vn -0.097094 -0.006742 0.022962
vn -0.093502 -0.009990 0.034024
vn -0.093502 -0.013179 0.032920
vn -0.088546 -0.017272 0.043143
vn -0.088546 -0.021295 0.041306
vn -0.082298 -0.026030 0.050492
vn -0.082298 -0.030712 0.047789
vn -0.074851 -0.035851 0.055785
vn -0.074851 -0.040992 0.052125
vn -0.066312 -0.046270 0.058837
vn -0.066312 -0.051653 0.054172
vn -0.056806 -0.056792 0.059562
vn -0.056806 -0.062197 0.053894
vn -0.046472 -0.066918 0.057985
vn -0.046472 -0.072127 0.051361
vn -0.035460 -0.076164 0.054236
vn -0.035460 -0.080975 0.046751
vn -0.023932 -0.084086 0.048547
vn -0.023932 -0.088320 0.040334
vn -0.100000 0.000000 -0.000000
vn -0.099271 -0.003396 0.011565
vn -0.097094 -0.008894 0.022217
vn -0.093502 -0.016249 0.031519
vn -0.088546 -0.025125 0.039095
vn -0.082298 -0.035115 0.044653
vn -0.074851 -0.045761 0.047992
vn -0.066312 -0.056569 0.049017
vn -0.056806 -0.067038 0.047738
vn -0.046472 -0.076683 0.044273
vn -0.035460 -0.085052 0.038842
vn -0.023932 -0.091754 0.031756
vn -0.099271 -0.004480 0.011190
vn -0.100000 -0.000000 0.000000
vn -0.099271 -0.005523 0.010714
vn -0.100000 0.000000 -0.000000
vn -0.099271 -0.006517 0.010140
vn -0.099271 -0.007451 0.009475
vn -0.097094 -0.014794 0.018811
vn -0.097094 -0.016515 0.017320
vn -0.093502 -0.024471 0.025664
vn -0.093502 -0.026799 0.023222
vn -0.088546 -0.035121 0.030433
vn -0.088546 -0.037855 0.026957
vn -0.082298 -0.046273 0.032951
vn -0.082298 -0.049196 0.028403
vn -0.074851 -0.057428 0.033156
vn -0.074851 -0.060320 0.027547
vn -0.066312 -0.068087 0.031094
vn -0.066312 -0.070734 0.024481
vn -0.056806 -0.077772 0.026917
vn -0.100000 0.000000 -0.000000
vn -0.099271 -0.008318 0.008724
vn -0.097094 -0.018086 0.015672
vn -0.093502 -0.028885 0.020569
vn -0.088546 -0.040246 0.023236
vn -0.082298 -0.051673 0.023598
vn -0.074851 -0.062665 0.021689
vn -0.099271 -0.009110 0.007893
vn -0.100000 0.000000 -0.000000
vn -0.099271 -0.009819 0.006992
vn -0.099271 -0.010439 0.006027
vn -0.097094 -0.020725 0.011966
vn -0.097094 -0.021769 0.009942
vn -0.093502 -0.032256 0.014731
vn -0.093502 -0.033510 0.011598
vn -0.088546 -0.043916 0.015200
vn -0.100000 -0.000000 0.000000
vn -0.099271 -0.010964 0.005007
vn -0.097094 -0.022615 0.007827
vn -0.100000 -0.000000 0.000000
vn -0.099271 -0.011391 0.003942
vn -0.023932 -0.009229 -0.096655
vn -0.035460 -0.017695 -0.091812
vn -0.046472 -0.024946 -0.084959
vn -0.056806 -0.030587 -0.076403
vn -0.066312 -0.034299 -0.066530
vn -0.074851 -0.035851 -0.055785
vn -0.082298 -0.035115 -0.044653
vn -0.088546 -0.032070 -0.033634
vn -0.093502 -0.026799 -0.023222
vn -0.097094 -0.019494 -0.013882
vn -0.056806 0.000000 -0.082298
vn -0.046472 0.008417 -0.088145
vn -0.056806 0.007823 -0.081926
vn -0.046472 0.016757 -0.086945
vn -0.066312 0.000000 -0.074851
vn -0.066312 -0.007115 -0.074512
vn -0.074851 -0.006303 -0.066012
vn -0.093502 0.000000 -0.035460
vn -0.088546 0.004417 -0.046262
vn -0.097094 -0.002275 -0.023823
vn -0.023932 -0.096984 0.004620
vn -0.035460 -0.093396 0.004449
vn -0.046472 -0.088445 0.004213
vn -0.056806 -0.082205 0.003916
vn -0.066312 -0.074766 0.003562
vn -0.074851 -0.066237 0.003155
vn -0.082298 -0.056742 0.002703
vn -0.088546 -0.046420 0.002211
vn -0.093502 -0.035420 0.001687
vn -0.097094 -0.023904 0.001139
vn -0.035460 -0.088359 0.030581
vn -0.046472 -0.083676 0.028960
vn -0.082298 -0.053682 0.018580
vn -0.046472 -0.080544 0.036783
vn -0.056806 -0.074861 0.034188
vn -0.088546 -0.042273 0.019305
vn -0.056806 -0.071272 0.041149
vn -0.066312 -0.064823 0.037426
vn -0.093502 -0.030710 0.017730
vn -0.023932 -0.079091 0.056320
vn -0.035460 -0.070664 0.061231
vn -0.046472 -0.061103 0.064083
vn -0.056806 -0.050873 0.064691
vn -0.066312 -0.040468 0.062969
vn -0.074851 -0.030386 0.058941
vn -0.082298 -0.021113 0.052737
vn -0.088546 -0.013093 0.044590
vn -0.093502 -0.006711 0.034820
vn -0.097094 -0.002275 0.023823
vn -0.066312 -0.060972 0.043418
vn -0.074851 -0.054016 0.038465
vn -0.097094 -0.019494 0.013882
vn -0.023932 -0.073379 0.063583
vn -0.035460 -0.064524 0.067670
vn -0.046472 -0.054735 0.069602
vn -0.056806 -0.044494 0.069234
vn -0.066312 -0.034299 0.066530
vn -0.074851 -0.024646 0.061562
vn -0.082298 -0.016004 0.054505
vn -0.088546 -0.008795 0.045633
vn -0.093502 -0.003371 0.035300
vn -0.097094 0.000000 0.023932
vn -0.074851 -0.050115 0.043425
vn -0.082298 -0.042931 0.037200
vn -0.082298 -0.039201 0.041113
vn -0.088546 -0.032070 0.033634
vn -0.088546 -0.028727 0.036530
vn -0.093502 -0.021920 0.027874
vn -0.093502 -0.019171 0.029831
vn -0.097094 -0.012938 0.020133
vn -0.023932 -0.044491 0.086301
vn -0.035460 -0.034751 0.086804
vn -0.046472 -0.024946 0.084959
vn -0.056806 -0.015575 0.080811
vn -0.066312 -0.007115 0.074512
vn -0.074851 0.000000 0.066312
vn -0.082298 0.005400 0.056549
vn -0.088546 0.008795 0.045633
vn -0.093502 0.009990 0.034024
vn -0.097094 0.008894 0.022217
vn -0.097094 -0.010966 0.021271
vn -0.023932 -0.036086 0.090139
vn -0.035460 -0.026342 0.089714
vn -0.046472 -0.016757 0.086945
vn -0.056806 -0.007823 0.081926
vn -0.066312 0.000000 0.074851
vn -0.074851 0.006303 0.066012
vn -0.082298 0.010751 0.055780
vn -0.088546 0.013093 0.044590
vn -0.093502 0.013179 0.032920
vn -0.097094 0.010966 0.021271
vn -0.023932 0.000000 0.097094
vn -0.035460 0.008888 0.093078
vn -0.046472 0.016757 0.086945
vn -0.056806 0.023186 0.078965
vn -0.066312 0.027819 0.069489
vn -0.074851 0.030386 0.058941
vn -0.082298 0.030712 0.047789
vn -0.088546 0.028727 0.036530
vn -0.093502 0.024471 0.025664
vn -0.097094 0.018086 0.015672
vn -0.023932 0.009229 0.096655
vn -0.035460 0.017695 0.091812
vn -0.046472 0.024946 0.084959
vn -0.056806 0.030587 0.076403
vn -0.066312 0.034299 0.066530
vn -0.074851 0.035851 0.055785
vn -0.082298 0.035115 0.044653
vn -0.088546 0.032070 0.033634
vn -0.093502 0.026799 0.023222
vn -0.097094 0.019494 0.013882
vn -0.023932 0.044491 0.086301
vn -0.035460 0.050551 0.078659
vn -0.046472 0.054735 0.069602
vn -0.056806 0.056792 0.059562
vn -0.066312 0.056569 0.049017
vn -0.074851 0.054016 0.038465
vn -0.082298 0.049196 0.028403
vn -0.088546 0.042273 0.019305
vn -0.093502 0.033510 0.011598
vn -0.097094 0.023257 0.005642
vn -0.023932 0.079091 0.056320
vn -0.035460 0.080975 0.046751
vn -0.046472 0.080544 0.036783
vn -0.056806 0.077772 0.026917
vn -0.066312 0.072741 0.017647
vn -0.074851 0.065637 0.009437
vn -0.082298 0.056742 0.002703
vn -0.088546 0.046420 -0.002211
vn -0.093502 0.035100 -0.005047
vn -0.097094 0.023257 -0.005642
vn -0.023932 0.096106 0.013818
vn -0.035460 0.093396 0.004449
vn -0.046472 0.088445 -0.004213
vn -0.056806 0.081461 -0.011712
vn -0.066312 0.072741 -0.017647
vn -0.074851 0.062665 -0.021689
vn -0.082298 0.051673 -0.023598
vn -0.088546 0.040246 -0.023236
vn -0.093502 0.028885 -0.020569
vn -0.097094 0.018086 -0.015672
vn -0.023932 0.091754 -0.031756
vn -0.035460 0.085052 -0.038842
vn -0.046472 0.076683 -0.044273
vn -0.056806 0.067038 -0.047738
vn -0.066312 0.056569 -0.049017
vn -0.074851 0.045761 -0.047992
vn -0.082298 0.035115 -0.044653
vn -0.088546 0.025125 -0.039095
vn -0.093502 0.016249 -0.031519
vn -0.097094 0.008894 -0.022217
vn -0.023932 0.067003 -0.070270
vn -0.035460 0.057799 -0.073497
vn -0.046472 0.047871 -0.074489
vn -0.056806 0.037711 -0.073150
vn -0.066312 0.027819 -0.069489
vn -0.074851 0.018682 -0.063626
vn -0.082298 0.010751 -0.055780
vn -0.023932 0.036086 -0.090139
vn -0.035460 0.026342 -0.089714
vn -0.023932 0.027355 -0.093161
vn -0.035460 0.017695 -0.091812
vn -0.023932 -0.018375 -0.095340
vn -0.035460 -0.026342 -0.089714
vn -0.046472 -0.032909 -0.082203
vn -0.056806 -0.037711 -0.073150
vn -0.066312 -0.040468 -0.062969
vn -0.074851 -0.040992 -0.052125
vn -0.082298 -0.039201 -0.041113
vn -0.088546 -0.035121 -0.030433
vn -0.093502 -0.028885 -0.020569
vn -0.097094 -0.020725 -0.011966
vn -0.074851 -0.012550 -0.065114
vn -0.082298 -0.010751 -0.055780
vn -0.023932 -0.027355 -0.093161
vn -0.035460 -0.034751 -0.086804
vn -0.046472 -0.040574 -0.078702
vn -0.056806 -0.044494 -0.069234
vn -0.066312 -0.046270 -0.058837
vn -0.074851 -0.045761 -0.047992
vn -0.082298 -0.042931 -0.037200
vn -0.088546 -0.037855 -0.026957
vn -0.093502 -0.030710 -0.017730
vn -0.097094 -0.021769 -0.009942
vn -0.082298 -0.016004 -0.054505
vn -0.088546 -0.013093 -0.044590
vn -0.023932 -0.036086 -0.090139
vn -0.035460 -0.042845 -0.083108
vn -0.046472 -0.047871 -0.074489
vn -0.056806 -0.050873 -0.064691
vn -0.066312 -0.051653 -0.054172
vn -0.074851 -0.050115 -0.043425
vn -0.082298 -0.046273 -0.032951
vn -0.088546 -0.040246 -0.023236
vn -0.093502 -0.032256 -0.014731
vn -0.088546 -0.017272 -0.043143
vn -0.093502 -0.013179 -0.032920
vn -0.023932 -0.044491 -0.086301
vn -0.035460 -0.050551 -0.078659
vn -0.046472 -0.054735 -0.069602
vn -0.056806 -0.056792 -0.059562
vn -0.066312 -0.056569 -0.049017
vn -0.074851 -0.054016 -0.038465
vn -0.082298 -0.049196 -0.028403
vn -0.088546 -0.042273 -0.019305
vn -0.093502 -0.016249 -0.031519
vn -0.097094 -0.010966 -0.021271
vn -0.023932 -0.052493 -0.081681
vn -0.035460 -0.057799 -0.073497
vn -0.046472 -0.061103 -0.064083
vn -0.056806 -0.062197 -0.053894
vn -0.066312 -0.060972 -0.043418
vn -0.074851 -0.057428 -0.033156
vn -0.082298 -0.051673 -0.023598
vn -0.097094 -0.012938 -0.020133
vn -0.023932 -0.060020 -0.076321
vn -0.035460 -0.064524 -0.067670
vn -0.046472 -0.066918 -0.057985
vn -0.056806 -0.067038 -0.047738
vn -0.066312 -0.064823 -0.037426
vn -0.074851 -0.060320 -0.027547
vn -0.023932 -0.067003 -0.070270
vn -0.035460 -0.070664 -0.061231
vn -0.046472 -0.072127 -0.051361
vn -0.056806 -0.071272 -0.041149
vn -0.066312 -0.068087 -0.031094
vn -0.023932 -0.073379 -0.063583
vn -0.035460 -0.076164 -0.054236
vn -0.046472 -0.076683 -0.044273
vn -0.056806 -0.074861 -0.034188
vn -0.023932 -0.079091 -0.056320
vn -0.035460 -0.080975 -0.046751
vn -0.046472 -0.080544 -0.036783
vn -0.023932 -0.084086 -0.048547
vn -0.035460 -0.085052 -0.038842
vn -0.023932 -0.088320 -0.040334
usemtl Polymide_(Kapton)
f 1481/1755/1480 1623/1756/1481 1480/1757/1482
f 1480/1757/1482 1623/1756/1481 1644/1758/1483
f 1480/1757/1482 1644/1758/1483 1545/1759/1484
f 1545/1759/1484 1644/1758/1483 2365/1760/1485
f 1545/1759/1484 2365/1760/1485 1544/1761/1486
f 1544/1761/1486 2365/1760/1485 2353/1762/1487
f 1544/1761/1486 2353/1762/1487 1543/1763/1488
f 1543/1763/1488 2353/1762/1487 2341/1764/1489
f 1543/1763/1488 2341/1764/1489 1542/1765/1490
f 1542/1765/1490 2341/1764/1489 2330/1766/1491
f 1542/1765/1490 2330/1766/1491 1541/1767/1492
f 1541/1767/1492 2330/1766/1491 2319/1768/1493
f 1541/1767/1492 2319/1768/1493 1540/1769/1494
f 1540/1769/1494 2319/1768/1493 2307/1770/1495
f 1540/1769/1494 2307/1770/1495 1539/1771/1496
f 1539/1771/1496 2307/1770/1495 2295/1772/1497
f 1539/1771/1496 2295/1772/1497 1538/1773/1498
f 1538/1773/1498 2295/1772/1497 2283/1774/1499
f 1538/1773/1498 2283/1774/1499 1537/1775/1500
f 1537/1775/1500 2283/1774/1499 2272/1776/1501
f 1537/1775/1500 2272/1776/1501 1536/1777/1502
f 1536/1777/1502 2272/1776/1501 2261/1778/1503
f 1536/1777/1502 2261/1778/1503 1535/1779/1504
f 1535/1779/1504 2261/1778/1503 2249/1780/1505
f 1535/1779/1504 2249/1780/1505 1534/1781/1506
f 1534/1781/1506 2249/1780/1505 2238/1782/1507
f 1534/1781/1506 2238/1782/1507 1533/1783/1508
f 1533/1783/1508 2238/1782/1507 2226/1784/1509
f 1533/1783/1508 2226/1784/1509 1532/1785/1510
f 1532/1785/1510 2226/1784/1509 2214/1786/1511
f 1532/1785/1510 2214/1786/1511 1531/1787/1512
f 1531/1787/1512 2214/1786/1511 2202/1788/1513
f 1531/1787/1512 2202/1788/1513 1530/1789/1514
f 1530/1789/1514 2202/1788/1513 1585/1790/1515
f 1530/1789/1514 1585/1790/1515 1529/1791/1516
f 1529/1792/1516 1585/1793/1515 2191/1794/1517
f 1529/1792/1516 2191/1794/1517 1528/1795/1518
f 1528/1795/1518 2191/1794/1517 2179/1796/1519
f 1528/1795/1518 2179/1796/1519 1527/1797/1520
f 1527/1797/1520 2179/1796/1519 2167/1798/1521
f 1527/1797/1520 2167/1798/1521 1526/1799/1522
f 1526/1799/1522 2167/1798/1521 2155/1800/1523
f 1526/1799/1522 2155/1800/1523 1525/1801/1524
f 1525/1801/1524 2155/1800/1523 2144/1802/1525
f 1525/1801/1524 2144/1802/1525 1524/1803/1526
f 1524/1803/1526 2144/1802/1525 2133/1804/1527
f 1524/1803/1526 2133/1804/1527 1523/1805/1528
f 1523/1805/1528 2133/1804/1527 2121/1806/1529
f 1523/1805/1528 2121/1806/1529 1522/1807/1530
f 1522/1807/1530 2121/1806/1529 2109/1808/1531
f 1522/1807/1530 2109/1808/1531 1521/1809/1532
f 1521/1809/1532 2109/1808/1531 2097/1810/1533
f 1521/1809/1532 2097/1810/1533 1520/1811/1534
f 1520/1811/1534 2097/1810/1533 2086/1812/1535
f 1520/1811/1534 2086/1812/1535 1519/1813/1536
f 1519/1813/1536 2086/1812/1535 2075/1814/1537
f 1519/1813/1536 2075/1814/1537 1518/1815/1538
f 1518/1815/1538 2075/1814/1537 2063/1816/1539
f 1518/1815/1538 2063/1816/1539 1517/1817/1540
f 1517/1817/1540 2063/1816/1539 2051/1818/1541
f 1517/1817/1540 2051/1818/1541 1516/1819/1542
f 1516/1819/1542 2051/1818/1541 2039/1820/1543
f 1516/1819/1542 2039/1820/1543 1515/1821/1544
f 1515/1821/1544 2039/1820/1543 2028/1822/1545
f 1515/1821/1544 2028/1822/1545 1514/1823/1546
f 1514/1823/1546 2028/1822/1545 2017/1824/1547
f 1514/1823/1546 2017/1824/1547 1513/1825/1548
f 1513/1825/1548 2017/1824/1547 2005/1826/1549
f 1513/1825/1548 2005/1826/1549 1512/1827/1550
f 1512/1827/1550 2005/1826/1549 1994/1828/1551
f 1512/1827/1550 1994/1828/1551 1511/1829/1552
f 1511/1829/1552 1994/1828/1551 1982/1830/1553
f 1511/1829/1552 1982/1830/1553 1510/1831/1554
f 1510/1831/1554 1982/1830/1553 1970/1832/1555
f 1510/1831/1554 1970/1832/1555 1509/1833/1556
f 1509/1833/1556 1970/1832/1555 1958/1834/1557
f 1509/1833/1556 1958/1834/1557 1508/1835/1558
f 1508/1835/1558 1958/1834/1557 1947/1836/1559
f 1508/1835/1558 1947/1836/1559 1507/1837/1560
f 1507/1837/1560 1947/1836/1559 1936/1838/1561
f 1507/1837/1560 1936/1838/1561 1506/1839/1562
f 1506/1839/1562 1936/1838/1561 1924/1840/1563
f 1506/1839/1562 1924/1840/1563 1505/1841/1564
f 1505/1841/1564 1924/1840/1563 1912/1842/1565
f 1505/1841/1564 1912/1842/1565 1504/1843/1566
f 1504/1843/1566 1912/1842/1565 1900/1844/1567
f 1504/1843/1566 1900/1844/1567 1503/1845/1568
f 1503/1845/1568 1900/1844/1567 1889/1846/1569
f 1503/1845/1568 1889/1846/1569 1502/1847/1570
f 1502/1847/1570 1889/1846/1569 1878/1848/1571
f 1502/1847/1570 1878/1848/1571 1501/1849/1572
f 1501/1849/1572 1878/1848/1571 1866/1850/1573
f 1501/1849/1572 1866/1850/1573 1500/1851/1574
f 1500/1851/1574 1866/1850/1573 1854/1852/1575
f 1500/1851/1574 1854/1852/1575 1499/1853/1576
f 1499/1853/1576 1854/1852/1575 1842/1854/1577
f 1499/1853/1576 1842/1854/1577 1498/1855/1578
f 1498/1855/1578 1842/1854/1577 1831/1856/1579
f 1498/1855/1578 1831/1856/1579 1497/1857/1580
f 1497/1857/1580 1831/1856/1579 1820/1858/1581
f 1497/1857/1580 1820/1858/1581 1496/1859/1582
f 1496/1859/1582 1820/1858/1581 1808/1860/1583
f 1496/1859/1582 1808/1860/1583 1495/1861/1584
f 1495/1861/1584 1808/1860/1583 1796/1862/1585
f 1495/1861/1584 1796/1862/1585 1494/1863/1586
f 1494/1863/1586 1796/1862/1585 1784/1864/1587
f 1494/1863/1586 1784/1864/1587 1493/1865/1588
f 1493/1865/1588 1784/1864/1587 1773/1866/1589
f 1493/1865/1588 1773/1866/1589 1492/1867/1590
f 1492/1867/1590 1773/1866/1589 1762/1868/1591
f 1492/1867/1590 1762/1868/1591 1491/1869/1592
f 1491/1869/1592 1762/1868/1591 1750/1870/1593
f 1491/1869/1592 1750/1870/1593 1490/1871/1594
f 1490/1871/1594 1750/1870/1593 1739/1872/1595
f 1490/1871/1594 1739/1872/1595 1489/1873/1596
f 1489/1873/1596 1739/1872/1595 1727/1874/1597
f 1489/1873/1596 1727/1874/1597 1488/1875/1598
f 1488/1875/1598 1727/1874/1597 1715/1876/1599
f 1488/1875/1598 1715/1876/1599 1487/1877/1600
f 1487/1877/1600 1715/1876/1599 1703/1878/1601
f 1487/1877/1600 1703/1878/1601 1486/1879/1602
f 1486/1879/1602 1703/1878/1601 1692/1880/1603
f 1486/1879/1602 1692/1880/1603 1485/1881/1604
f 1485/1881/1604 1692/1880/1603 1681/1882/1605
f 1485/1881/1604 1681/1882/1605 1484/1883/1606
f 1484/1883/1606 1681/1882/1605 1669/1884/1607
f 1484/1883/1606 1669/1884/1607 1483/1885/1608
f 1483/1885/1608 1669/1884/1607 1657/1886/1609
f 1483/1885/1608 1657/1886/1609 1482/1887/1610
f 1482/1887/1610 1657/1886/1609 1645/1888/1611
f 1482/1887/1610 1645/1888/1611 1481/1755/1480
f 1481/1755/1480 1645/1888/1611 1623/1756/1481
f 1547/1889/1612 1602/1890/1613 1546/1891/1614
f 1546/1891/1614 1602/1890/1613 1603/1892/1615
f 1546/1891/1614 1603/1892/1615 1584/1893/1616
f 1584/1893/1616 1603/1892/1615 1656/1894/1617
f 1584/1893/1616 1656/1894/1617 1668/1895/1618
f 1668/1895/1618 1656/1894/1617 1655/1896/1619
f 1668/1895/1618 1655/1896/1619 1667/1897/1620
f 1667/1897/1620 1655/1896/1619 1654/1898/1621
f 1667/1897/1620 1654/1898/1621 1666/1899/1622
f 1666/1899/1622 1654/1898/1621 1653/1900/1623
f 1666/1899/1622 1653/1900/1623 1665/1901/1624
f 1665/1901/1624 1653/1900/1623 1652/1902/1625
f 1665/1901/1624 1652/1902/1625 1664/1903/1626
f 1664/1903/1626 1652/1902/1625 1651/1904/1627
f 1664/1903/1626 1651/1904/1627 1663/1905/1628
f 1663/1905/1628 1651/1904/1627 1650/1906/1629
f 1663/1905/1628 1650/1906/1629 1662/1907/1630
f 1662/1907/1630 1650/1906/1629 1649/1908/1631
f 1662/1907/1630 1649/1908/1631 1661/1909/1632
f 1661/1909/1632 1649/1908/1631 1648/1910/1633
f 1661/1909/1632 1648/1910/1633 1660/1911/1634
f 1660/1911/1634 1648/1910/1633 1647/1912/1635
f 1660/1911/1634 1647/1912/1635 1659/1913/1636
f 1659/1913/1636 1647/1912/1635 1646/1914/1637
f 1659/1913/1636 1646/1914/1637 1658/1915/1638
f 1658/1915/1638 1646/1914/1637 1645/1888/1611
f 1658/1915/1638 1645/1888/1611 1657/1886/1609
f 1548/1916/1639 2364/1917/1640 1547/1889/1612
f 1547/1889/1612 2364/1917/1640 2376/1918/1641
f 1547/1889/1612 2376/1918/1641 1602/1890/1613
f 1602/1890/1613 2376/1918/1641 2375/1919/1642
f 1602/1890/1613 2375/1919/1642 1634/1920/1643
f 1634/1920/1643 2375/1919/1642 2374/1921/1644
f 1634/1920/1643 2374/1921/1644 1635/1922/1645
f 1635/1922/1645 2374/1921/1644 2373/1923/1646
f 1635/1922/1645 2373/1923/1646 1636/1924/1647
f 1636/1924/1647 2373/1923/1646 2372/1925/1648
f 1636/1924/1647 2372/1925/1648 1637/1926/1649
f 1637/1926/1649 2372/1925/1648 2371/1927/1650
f 1637/1926/1649 2371/1927/1650 1638/1928/1651
f 1638/1928/1651 2371/1927/1650 2370/1929/1652
f 1638/1928/1651 2370/1929/1652 1639/1930/1653
f 1639/1930/1653 2370/1929/1652 2369/1931/1654
f 1639/1930/1653 2369/1931/1654 1640/1932/1655
f 1640/1932/1655 2369/1931/1654 2368/1933/1656
f 1640/1932/1655 2368/1933/1656 1641/1934/1657
f 1641/1934/1657 2368/1933/1656 2367/1935/1658
f 1641/1934/1657 2367/1935/1658 1642/1936/1659
f 1642/1936/1659 2367/1935/1658 2366/1937/1660
f 1642/1936/1659 2366/1937/1660 1643/1938/1661
f 1643/1938/1661 2366/1937/1660 2365/1760/1485
f 1643/1938/1661 2365/1760/1485 1644/1758/1483
f 1549/1939/1662 1601/1940/1663 1548/1916/1639
f 1548/1916/1639 1601/1940/1663 2352/1941/1664
f 1548/1916/1639 2352/1941/1664 2364/1917/1640
f 2364/1917/1640 2352/1941/1664 2351/1942/1665
f 2364/1917/1640 2351/1942/1665 2363/1943/1666
f 2363/1943/1666 2351/1942/1665 2350/1944/1667
f 2363/1943/1666 2350/1944/1667 2362/1945/1668
f 2362/1945/1668 2350/1944/1667 2349/1946/1669
f 2362/1945/1668 2349/1946/1669 2361/1947/1670
f 2361/1947/1670 2349/1946/1669 2348/1948/1671
f 2361/1947/1670 2348/1948/1671 2360/1949/1672
f 2360/1949/1672 2348/1948/1671 2347/1950/1673
f 2360/1949/1672 2347/1950/1673 2359/1951/1674
f 2359/1951/1674 2347/1950/1673 2346/1952/1675
f 2359/1951/1674 2346/1952/1675 2358/1953/1676
f 2358/1953/1676 2346/1952/1675 2345/1954/1677
f 2358/1953/1676 2345/1954/1677 2357/1955/1678
f 2357/1955/1678 2345/1954/1677 2344/1956/1679
f 2357/1955/1678 2344/1956/1679 2356/1957/1680
f 2356/1957/1680 2344/1956/1679 2343/1958/1681
f 2356/1957/1680 2343/1958/1681 2355/1959/1682
f 2355/1959/1682 2343/1958/1681 2342/1960/1683
f 2355/1959/1682 2342/1960/1683 2354/1961/1684
f 2354/1961/1684 2342/1960/1683 2341/1764/1489
f 2354/1961/1684 2341/1764/1489 2353/1762/1487
f 1601/1940/1663 1549/1939/1662 1600/1962/1685
f 1600/1962/1685 1549/1939/1662 1550/1963/1686
f 1600/1962/1685 1550/1963/1686 2318/1964/1687
f 2318/1964/1687 1550/1963/1686 2306/1965/1688
f 2318/1964/1687 2306/1965/1688 2305/1966/1689
f 2305/1966/1689 2306/1965/1688 2293/1967/1690
f 2305/1966/1689 2293/1967/1690 2292/1968/1691
f 2292/1968/1691 2293/1967/1690 2281/1969/1692
f 2292/1968/1691 2281/1969/1692 2280/1970/1693
f 2280/1970/1693 2281/1969/1692 2269/1971/1694
f 2280/1970/1693 2269/1971/1694 2268/1972/1695
f 2268/1972/1695 2269/1971/1694 2256/1973/1696
f 2268/1972/1695 2256/1973/1696 2255/1974/1697
f 2255/1974/1697 2256/1973/1696 2244/1975/1698
f 2255/1974/1697 2244/1975/1698 2243/1976/1699
f 2243/1976/1699 2244/1975/1698 2231/1977/1700
f 2243/1976/1699 2231/1977/1700 2230/1978/1701
f 2230/1978/1701 2231/1977/1700 2218/1979/1702
f 2230/1978/1701 2218/1979/1702 2217/1980/1703
f 2217/1980/1703 2218/1979/1702 2205/1981/1704
f 2217/1980/1703 2205/1981/1704 2204/1982/1705
f 2204/1982/1705 2205/1981/1704 1587/1983/1706
f 2204/1982/1705 1587/1983/1706 1586/1984/1707
f 1586/1985/1707 1587/1986/1706 2192/1987/1708
f 1586/1985/1707 2192/1987/1708 2191/1794/1517
f 2191/1794/1517 2192/1987/1708 2179/1796/1519
f 1550/1963/1686 1551/1988/1709 2306/1965/1688
f 2306/1965/1688 1551/1988/1709 2294/1989/1710
f 2306/1965/1688 2294/1989/1710 2293/1967/1690
f 2293/1967/1690 2294/1989/1710 2282/1990/1711
f 2293/1967/1690 2282/1990/1711 2281/1969/1692
f 2281/1969/1692 2282/1990/1711 2270/1991/1712
f 2281/1969/1692 2270/1991/1712 2269/1971/1694
f 2269/1971/1694 2270/1991/1712 2257/1992/1713
f 2269/1971/1694 2257/1992/1713 2256/1973/1696
f 2256/1973/1696 2257/1992/1713 2245/1993/1714
f 2256/1973/1696 2245/1993/1714 2244/1975/1698
f 2244/1975/1698 2245/1993/1714 2232/1994/1715
f 2244/1975/1698 2232/1994/1715 2231/1977/1700
f 2231/1977/1700 2232/1994/1715 2219/1995/1716
f 2231/1977/1700 2219/1995/1716 2218/1979/1702
f 2218/1979/1702 2219/1995/1716 2206/1996/1717
f 2218/1979/1702 2206/1996/1717 2205/1981/1704
f 2205/1981/1704 2206/1996/1717 1588/1997/1718
f 2205/1981/1704 1588/1997/1718 1587/1983/1706
f 1587/1986/1706 1588/1998/1718 2193/1999/1719
f 1587/1986/1706 2193/1999/1719 2192/1987/1708
f 2192/1987/1708 2193/1999/1719 2180/2000/1720
f 2192/1987/1708 2180/2000/1720 2179/1796/1519
f 2179/1796/1519 2180/2000/1720 2167/1798/1521
f 2294/1989/1710 1551/1988/1709 1599/2001/1721
f 1599/2001/1721 1551/1988/1709 1552/2002/1722
f 1599/2001/1721 1552/2002/1722 1598/2003/1723
f 1598/2003/1723 1552/2002/1722 1553/2004/1724
f 1598/2003/1723 1553/2004/1724 2260/2005/1725
f 2260/2005/1725 1553/2004/1724 1597/2006/1726
f 2260/2005/1725 1597/2006/1726 2248/2007/1727
f 2248/2007/1727 1597/2006/1726 2236/2008/1728
f 2248/2007/1727 2236/2008/1728 2235/2009/1729
f 2235/2009/1729 2236/2008/1728 2223/2010/1730
f 2235/2009/1729 2223/2010/1730 2222/2011/1731
f 2222/2011/1731 2223/2010/1730 2210/2012/1732
f 2222/2011/1731 2210/2012/1732 2209/2013/1733
f 2209/2013/1733 2210/2012/1732 1592/2014/1734
f 2209/2013/1733 1592/2014/1734 1591/2015/1735
f 1591/2016/1735 1592/2017/1734 2197/2018/1736
f 1591/2016/1735 2197/2018/1736 2196/2019/1737
f 2196/2019/1737 2197/2018/1736 2184/2020/1738
f 2196/2019/1737 2184/2020/1738 2183/2021/1739
f 2183/2021/1739 2184/2020/1738 2171/2022/1740
f 2183/2021/1739 2171/2022/1740 2170/2023/1741
f 2170/2023/1741 2171/2022/1740 2158/2024/1742
f 2170/2023/1741 2158/2024/1742 2157/2025/1743
f 2157/2025/1743 2158/2024/1742 2146/2026/1744
f 2157/2025/1743 2146/2026/1744 2145/2027/1745
f 2145/2027/1745 2146/2026/1744 2134/2028/1746
f 2145/2027/1745 2134/2028/1746 2133/1804/1527
f 2133/1804/1527 2134/2028/1746 2121/1806/1529
f 1553/2004/1724 1554/2029/1747 1597/2006/1726
f 1597/2006/1726 1554/2029/1747 2237/2030/1748
f 1597/2006/1726 2237/2030/1748 2236/2008/1728
f 2236/2008/1728 2237/2030/1748 2224/2031/1749
f 2236/2008/1728 2224/2031/1749 2223/2010/1730
f 2223/2010/1730 2224/2031/1749 2211/2032/1750
f 2223/2010/1730 2211/2032/1750 2210/2012/1732
f 2210/2012/1732 2211/2032/1750 1593/2033/1751
f 2210/2012/1732 1593/2033/1751 1592/2014/1734
f 1592/2017/1734 1593/2034/1751 2198/2035/1752
f 1592/2017/1734 2198/2035/1752 2197/2018/1736
f 2197/2018/1736 2198/2035/1752 2185/2036/1753
f 2197/2018/1736 2185/2036/1753 2184/2020/1738
f 2184/2020/1738 2185/2036/1753 2172/2037/1754
f 2184/2020/1738 2172/2037/1754 2171/2022/1740
f 2171/2022/1740 2172/2037/1754 2159/2038/1755
f 2171/2022/1740 2159/2038/1755 2158/2024/1742
f 2158/2024/1742 2159/2038/1755 2147/2039/1756
f 2158/2024/1742 2147/2039/1756 2146/2026/1744
f 2146/2026/1744 2147/2039/1756 2135/2040/1757
f 2146/2026/1744 2135/2040/1757 2134/2028/1746
f 2134/2028/1746 2135/2040/1757 2122/2041/1758
f 2134/2028/1746 2122/2041/1758 2121/1806/1529
f 2121/1806/1529 2122/2041/1758 2109/1808/1531
f 2237/2030/1748 1554/2029/1747 2225/2042/1759
f 2225/2042/1759 1554/2029/1747 1555/2043/1760
f 2225/2042/1759 1555/2043/1760 2213/2044/1761
f 2213/2045/1761 1555/2046/1760 1596/2047/1762
f 2213/2044/1761 1596/2048/1762 1595/2049/1763
f 1595/2050/1763 1596/2047/1762 2201/2051/1764
f 1595/2050/1763 2201/2051/1764 2200/2052/1765
f 2200/2052/1765 2201/2051/1764 2188/2053/1766
f 2200/2052/1765 2188/2053/1766 2187/2054/1767
f 2187/2054/1767 2188/2053/1766 2175/2055/1768
f 2187/2054/1767 2175/2055/1768 2174/2056/1769
f 2174/2056/1769 2175/2055/1768 2162/2057/1770
f 2174/2056/1769 2162/2057/1770 2161/2058/1771
f 2161/2058/1771 2162/2057/1770 2150/2059/1772
f 2161/2058/1771 2150/2059/1772 2149/2060/1773
f 2149/2060/1773 2150/2059/1772 2138/2061/1774
f 2149/2060/1773 2138/2061/1774 2137/2062/1775
f 2137/2062/1775 2138/2061/1774 2125/2063/1776
f 2137/2062/1775 2125/2063/1776 2124/2064/1777
f 2124/2064/1777 2125/2063/1776 2112/2065/1778
f 2124/2064/1777 2112/2065/1778 2111/2066/1779
f 2111/2066/1779 2112/2065/1778 2099/2067/1780
f 2111/2066/1779 2099/2067/1780 2098/2068/1781
f 2098/2068/1781 2099/2067/1780 2087/2069/1782
f 2098/2068/1781 2087/2069/1782 2086/1812/1535
f 2086/1812/1535 2087/2069/1782 2075/1814/1537
f 1555/2046/1760 1556/2070/1783 1596/2047/1762
f 1596/2047/1762 1556/2070/1783 1622/2071/1784
f 1596/2047/1762 1622/2071/1784 2201/2051/1764
f 2201/2051/1764 1622/2071/1784 2189/2072/1785
f 2201/2051/1764 2189/2072/1785 2188/2053/1766
f 2188/2053/1766 2189/2072/1785 2176/2073/1786
f 2188/2053/1766 2176/2073/1786 2175/2055/1768
f 2175/2055/1768 2176/2073/1786 2163/2074/1787
f 2175/2055/1768 2163/2074/1787 2162/2057/1770
f 2162/2057/1770 2163/2074/1787 2151/2075/1788
f 2162/2057/1770 2151/2075/1788 2150/2059/1772
f 2150/2059/1772 2151/2075/1788 2139/2076/1789
f 2150/2059/1772 2139/2076/1789 2138/2061/1774
f 2138/2061/1774 2139/2076/1789 2126/2077/1790
f 2138/2061/1774 2126/2077/1790 2125/2063/1776
f 2125/2063/1776 2126/2077/1790 2113/2078/1791
f 2125/2063/1776 2113/2078/1791 2112/2065/1778
f 2112/2065/1778 2113/2078/1791 2100/2079/1792
f 2112/2065/1778 2100/2079/1792 2099/2067/1780
f 2099/2067/1780 2100/2079/1792 2088/2080/1793
f 2099/2067/1780 2088/2080/1793 2087/2069/1782
f 2087/2069/1782 2088/2080/1793 2076/2081/1794
f 2087/2069/1782 2076/2081/1794 2075/1814/1537
f 2075/1814/1537 2076/2081/1794 2063/1816/1539
f 1556/2070/1783 1557/2082/1795 1622/2071/1784
f 1622/2071/1784 1557/2082/1795 2190/2083/1796
f 1622/2071/1784 2190/2083/1796 2189/2072/1785
f 2189/2072/1785 2190/2083/1796 2177/2084/1797
f 2189/2072/1785 2177/2084/1797 2176/2073/1786
f 2176/2073/1786 2177/2084/1797 2164/2085/1798
f 2176/2073/1786 2164/2085/1798 2163/2074/1787
f 2163/2074/1787 2164/2085/1798 2152/2086/1799
f 2163/2074/1787 2152/2086/1799 2151/2075/1788
f 2151/2075/1788 2152/2086/1799 2140/2087/1800
f 2151/2075/1788 2140/2087/1800 2139/2076/1789
f 2139/2076/1789 2140/2087/1800 2127/2088/1801
f 2139/2076/1789 2127/2088/1801 2126/2077/1790
f 2126/2077/1790 2127/2088/1801 2114/2089/1802
f 2126/2077/1790 2114/2089/1802 2113/2078/1791
f 2113/2078/1791 2114/2089/1802 2101/2090/1803
f 2113/2078/1791 2101/2090/1803 2100/2079/1792
f 2100/2079/1792 2101/2090/1803 2089/2091/1804
f 2100/2079/1792 2089/2091/1804 2088/2080/1793
f 2088/2080/1793 2089/2091/1804 2077/2092/1805
f 2088/2080/1793 2077/2092/1805 2076/2081/1794
f 2076/2081/1794 2077/2092/1805 2064/2093/1806
f 2076/2081/1794 2064/2093/1806 2063/1816/1539
f 2063/1816/1539 2064/2093/1806 2051/1818/1541
f 2190/2083/1796 1557/2082/1795 2178/2094/1807
f 2178/2094/1807 1557/2082/1795 1558/2095/1808
f 2178/2094/1807 1558/2095/1808 2166/2096/1809
f 2166/2096/1809 1558/2095/1808 1621/2097/1810
f 2166/2096/1809 1621/2097/1810 2154/2098/1811
f 2154/2098/1811 1621/2097/1810 2143/2099/1812
f 2154/2098/1811 2143/2099/1812 2142/2100/1813
f 2142/2100/1813 2143/2099/1812 2130/2101/1814
f 2142/2100/1813 2130/2101/1814 2129/2102/1815
f 2129/2102/1815 2130/2101/1814 2117/2103/1816
f 2129/2102/1815 2117/2103/1816 2116/2104/1817
f 2116/2104/1817 2117/2103/1816 2104/2105/1818
f 2116/2104/1817 2104/2105/1818 2103/2106/1819
f 2103/2106/1819 2104/2105/1818 2092/2107/1820
f 2103/2106/1819 2092/2107/1820 2091/2108/1821
f 2091/2108/1821 2092/2107/1820 2080/2109/1822
f 2091/2108/1821 2080/2109/1822 2079/2110/1823
f 2079/2110/1823 2080/2109/1822 2067/2111/1824
f 2079/2110/1823 2067/2111/1824 2066/2112/1825
f 2066/2112/1825 2067/2111/1824 2054/2113/1826
f 2066/2112/1825 2054/2113/1826 2053/2114/1827
f 2053/2114/1827 2054/2113/1826 2041/2115/1828
f 2053/2114/1827 2041/2115/1828 2040/2116/1829
f 2040/2116/1829 2041/2115/1828 2029/2117/1830
f 2040/2116/1829 2029/2117/1830 2028/1822/1545
f 2028/1822/1545 2029/2117/1830 2017/1824/1547
f 1558/2095/1808 1559/2118/1831 1621/2097/1810
f 1621/2097/1810 1559/2118/1831 1620/2119/1832
f 1621/2097/1810 1620/2119/1832 2143/2099/1812
f 2143/2099/1812 1620/2119/1832 2131/2120/1833
f 2143/2099/1812 2131/2120/1833 2130/2101/1814
f 2130/2101/1814 2131/2120/1833 2118/2121/1834
f 2130/2101/1814 2118/2121/1834 2117/2103/1816
f 2117/2103/1816 2118/2121/1834 2105/2122/1835
f 2117/2103/1816 2105/2122/1835 2104/2105/1818
f 2104/2105/1818 2105/2122/1835 2093/2123/1836
f 2104/2105/1818 2093/2123/1836 2092/2107/1820
f 2092/2107/1820 2093/2123/1836 2081/2124/1837
f 2092/2107/1820 2081/2124/1837 2080/2109/1822
f 2080/2109/1822 2081/2124/1837 2068/2125/1838
f 2080/2109/1822 2068/2125/1838 2067/2111/1824
f 2067/2111/1824 2068/2125/1838 2055/2126/1839
f 2067/2111/1824 2055/2126/1839 2054/2113/1826
f 2054/2113/1826 2055/2126/1839 2042/2127/1840
f 2054/2113/1826 2042/2127/1840 2041/2115/1828
f 2041/2115/1828 2042/2127/1840 2030/2128/1841
f 2041/2115/1828 2030/2128/1841 2029/2117/1830
f 2029/2117/1830 2030/2128/1841 2018/2129/1842
f 2029/2117/1830 2018/2129/1842 2017/1824/1547
f 2017/1824/1547 2018/2129/1842 2005/1826/1549
f 1559/2118/1831 1560/2130/1843 1620/2119/1832
f 1620/2119/1832 1560/2130/1843 2132/2131/1844
f 1620/2119/1832 2132/2131/1844 2131/2120/1833
f 2131/2120/1833 2132/2131/1844 2119/2132/1845
f 2131/2120/1833 2119/2132/1845 2118/2121/1834
f 2118/2121/1834 2119/2132/1845 2106/2133/1846
f 2118/2121/1834 2106/2133/1846 2105/2122/1835
f 2105/2122/1835 2106/2133/1846 2094/2134/1847
f 2105/2122/1835 2094/2134/1847 2093/2123/1836
f 2093/2123/1836 2094/2134/1847 2082/2135/1848
f 2093/2123/1836 2082/2135/1848 2081/2124/1837
f 2081/2124/1837 2082/2135/1848 2069/2136/1849
f 2081/2124/1837 2069/2136/1849 2068/2125/1838
f 2068/2125/1838 2069/2136/1849 2056/2137/1850
f 2068/2125/1838 2056/2137/1850 2055/2126/1839
f 2055/2126/1839 2056/2137/1850 2043/2138/1851
f 2055/2126/1839 2043/2138/1851 2042/2127/1840
f 2042/2127/1840 2043/2138/1851 2031/2139/1852
f 2042/2127/1840 2031/2139/1852 2030/2128/1841
f 2030/2128/1841 2031/2139/1852 2019/2140/1853
f 2030/2128/1841 2019/2140/1853 2018/2129/1842
f 2018/2129/1842 2019/2140/1853 2006/2141/1854
f 2018/2129/1842 2006/2141/1854 2005/1826/1549
f 2005/1826/1549 2006/2141/1854 1994/1828/1551
f 2132/2131/1844 1560/2130/1843 2120/2142/1855
f 2120/2142/1855 1560/2130/1843 1561/2143/1856
f 2120/2142/1855 1561/2143/1856 2108/2144/1857
f 2108/2144/1857 1561/2143/1856 1619/2145/1858
f 2108/2144/1857 1619/2145/1858 2096/2146/1859
f 2096/2146/1859 1619/2145/1858 2085/2147/1860
f 2096/2146/1859 2085/2147/1860 2084/2148/1861
f 2084/2148/1861 2085/2147/1860 2072/2149/1862
f 2084/2148/1861 2072/2149/1862 2071/2150/1863
f 2071/2150/1863 2072/2149/1862 2059/2151/1864
f 2071/2150/1863 2059/2151/1864 2058/2152/1865
f 2058/2152/1865 2059/2151/1864 2046/2153/1866
f 2058/2152/1865 2046/2153/1866 2045/2154/1867
f 2045/2154/1867 2046/2153/1866 2034/2155/1868
f 2045/2154/1867 2034/2155/1868 2033/2156/1869
f 2033/2156/1869 2034/2155/1868 2022/2157/1870
f 2033/2156/1869 2022/2157/1870 2021/2158/1871
f 2021/2158/1871 2022/2157/1870 2009/2159/1872
f 2021/2158/1871 2009/2159/1872 2008/2160/1873
f 2008/2160/1873 2009/2159/1872 1997/2161/1874
f 2008/2160/1873 1997/2161/1874 1996/2162/1875
f 1996/2162/1875 1997/2161/1874 1984/2163/1876
f 1996/2162/1875 1984/2163/1876 1983/2164/1877
f 1983/2164/1877 1984/2163/1876 1971/2165/1878
f 1983/2164/1877 1971/2165/1878 1970/1832/1555
f 1970/1832/1555 1971/2165/1878 1958/1834/1557
f 1561/2143/1856 1562/2166/1879 1619/2145/1858
f 1619/2145/1858 1562/2166/1879 1618/2167/1880
f 1619/2145/1858 1618/2167/1880 2085/2147/1860
f 2085/2147/1860 1618/2167/1880 2073/2168/1881
f 2085/2147/1860 2073/2168/1881 2072/2149/1862
f 2072/2149/1862 2073/2168/1881 2060/2169/1882
f 2072/2149/1862 2060/2169/1882 2059/2151/1864
f 2059/2151/1864 2060/2169/1882 2047/2170/1883
f 2059/2151/1864 2047/2170/1883 2046/2153/1866
f 2046/2153/1866 2047/2170/1883 2035/2171/1884
f 2046/2153/1866 2035/2171/1884 2034/2155/1868
f 2034/2155/1868 2035/2171/1884 2023/2172/1885
f 2034/2155/1868 2023/2172/1885 2022/2157/1870
f 2022/2157/1870 2023/2172/1885 2010/2173/1886
f 2022/2157/1870 2010/2173/1886 2009/2159/1872
f 2009/2159/1872 2010/2173/1886 1998/2174/1887
f 2009/2159/1872 1998/2174/1887 1997/2161/1874
f 1997/2161/1874 1998/2174/1887 1985/2175/1888
f 1997/2161/1874 1985/2175/1888 1984/2163/1876
f 1984/2163/1876 1985/2175/1888 1972/2176/1889
f 1984/2163/1876 1972/2176/1889 1971/2165/1878
f 1971/2165/1878 1972/2176/1889 1959/2177/1890
f 1971/2165/1878 1959/2177/1890 1958/1834/1557
f 1958/1834/1557 1959/2177/1890 1947/1836/1559
f 1562/2166/1879 1563/2178/1891 1618/2167/1880
f 1618/2167/1880 1563/2178/1891 2074/2179/1892
f 1618/2167/1880 2074/2179/1892 2073/2168/1881
f 2073/2168/1881 2074/2179/1892 2061/2180/1893
f 2073/2168/1881 2061/2180/1893 2060/2169/1882
f 2060/2169/1882 2061/2180/1893 2048/2181/1894
f 2060/2169/1882 2048/2181/1894 2047/2170/1883
f 2047/2170/1883 2048/2181/1894 2036/2182/1895
f 2047/2170/1883 2036/2182/1895 2035/2171/1884
f 2035/2171/1884 2036/2182/1895 2024/2183/1896
f 2035/2171/1884 2024/2183/1896 2023/2172/1885
f 2023/2172/1885 2024/2183/1896 2011/2184/1897
f 2023/2172/1885 2011/2184/1897 2010/2173/1886
f 2010/2173/1886 2011/2184/1897 1999/2185/1898
f 2010/2173/1886 1999/2185/1898 1998/2174/1887
f 1998/2174/1887 1999/2185/1898 1986/2186/1899
f 1998/2174/1887 1986/2186/1899 1985/2175/1888
f 1985/2175/1888 1986/2186/1899 1973/2187/1900
f 1985/2175/1888 1973/2187/1900 1972/2176/1889
f 1972/2176/1889 1973/2187/1900 1960/2188/1901
f 1972/2176/1889 1960/2188/1901 1959/2177/1890
f 1959/2177/1890 1960/2188/1901 1948/2189/1902
f 1959/2177/1890 1948/2189/1902 1947/1836/1559
f 1947/1836/1559 1948/2189/1902 1936/1838/1561
f 2074/2179/1892 1563/2178/1891 2062/2190/1903
f 2062/2190/1903 1563/2178/1891 1564/2191/1904
f 2062/2190/1903 1564/2191/1904 2050/2192/1905
f 2050/2192/1905 1564/2191/1904 1617/2193/1906
f 2050/2192/1905 1617/2193/1906 2038/2194/1907
f 2038/2194/1907 1617/2193/1906 2027/2195/1908
f 2038/2194/1907 2027/2195/1908 2026/2196/1909
f 2026/2196/1909 2027/2195/1908 2014/2197/1910
f 2026/2196/1909 2014/2197/1910 2013/2198/1911
f 2013/2198/1911 2014/2197/1910 2002/2199/1912
f 2013/2198/1911 2002/2199/1912 2001/2200/1913
f 2001/2200/1913 2002/2199/1912 1989/2201/1914
f 2001/2200/1913 1989/2201/1914 1988/2202/1915
f 1988/2202/1915 1989/2201/1914 1976/2203/1916
f 1988/2202/1915 1976/2203/1916 1975/2204/1917
f 1975/2204/1917 1976/2203/1916 1963/2205/1918
f 1975/2204/1917 1963/2205/1918 1962/2206/1919
f 1962/2206/1919 1963/2205/1918 1951/2207/1920
f 1962/2206/1919 1951/2207/1920 1950/2208/1921
f 1950/2208/1921 1951/2207/1920 1939/2209/1922
f 1950/2208/1921 1939/2209/1922 1938/2210/1923
f 1938/2210/1923 1939/2209/1922 1926/2211/1924
f 1938/2210/1923 1926/2211/1924 1925/2212/1925
f 1925/2212/1925 1926/2211/1924 1913/2213/1926
f 1925/2212/1925 1913/2213/1926 1912/1842/1565
f 1912/1842/1565 1913/2213/1926 1900/1844/1567
f 1564/2191/1904 1565/2214/1927 1617/2193/1906
f 1617/2193/1906 1565/2214/1927 1616/2215/1928
f 1617/2193/1906 1616/2215/1928 2027/2195/1908
f 2027/2195/1908 1616/2215/1928 2015/2216/1929
f 2027/2195/1908 2015/2216/1929 2014/2197/1910
f 2014/2197/1910 2015/2216/1929 2003/2217/1930
f 2014/2197/1910 2003/2217/1930 2002/2199/1912
f 2002/2199/1912 2003/2217/1930 1990/2218/1931
f 2002/2199/1912 1990/2218/1931 1989/2201/1914
f 1989/2201/1914 1990/2218/1931 1977/2219/1932
f 1989/2201/1914 1977/2219/1932 1976/2203/1916
f 1976/2203/1916 1977/2219/1932 1964/2220/1933
f 1976/2203/1916 1964/2220/1933 1963/2205/1918
f 1963/2205/1918 1964/2220/1933 1952/2221/1934
f 1963/2205/1918 1952/2221/1934 1951/2207/1920
f 1951/2207/1920 1952/2221/1934 1940/2222/1935
f 1951/2207/1920 1940/2222/1935 1939/2209/1922
f 1939/2209/1922 1940/2222/1935 1927/2223/1936
f 1939/2209/1922 1927/2223/1936 1926/2211/1924
f 1926/2211/1924 1927/2223/1936 1914/2224/1937
f 1926/2211/1924 1914/2224/1937 1913/2213/1926
f 1913/2213/1926 1914/2224/1937 1901/2225/1938
f 1913/2213/1926 1901/2225/1938 1900/1844/1567
f 1900/1844/1567 1901/2225/1938 1889/1846/1569
f 1565/2214/1927 1566/2226/1939 1616/2215/1928
f 1616/2215/1928 1566/2226/1939 2016/2227/1940
f 1616/2215/1928 2016/2227/1940 2015/2216/1929
f 2015/2216/1929 2016/2227/1940 2004/2228/1941
f 2015/2216/1929 2004/2228/1941 2003/2217/1930
f 2003/2217/1930 2004/2228/1941 1991/2229/1942
f 2003/2217/1930 1991/2229/1942 1990/2218/1931
f 1990/2218/1931 1991/2229/1942 1978/2230/1943
f 1990/2218/1931 1978/2230/1943 1977/2219/1932
f 1977/2219/1932 1978/2230/1943 1965/2231/1944
f 1977/2219/1932 1965/2231/1944 1964/2220/1933
f 1964/2220/1933 1965/2231/1944 1953/2232/1945
f 1964/2220/1933 1953/2232/1945 1952/2221/1934
f 1952/2221/1934 1953/2232/1945 1941/2233/1946
f 1952/2221/1934 1941/2233/1946 1940/2222/1935
f 1940/2222/1935 1941/2233/1946 1928/2234/1947
f 1940/2222/1935 1928/2234/1947 1927/2223/1936
f 1927/2223/1936 1928/2234/1947 1915/2235/1948
f 1927/2223/1936 1915/2235/1948 1914/2224/1937
f 1914/2224/1937 1915/2235/1948 1902/2236/1949
f 1914/2224/1937 1902/2236/1949 1901/2225/1938
f 1901/2225/1938 1902/2236/1949 1890/2237/1950
f 1901/2225/1938 1890/2237/1950 1889/1846/1569
f 1889/1846/1569 1890/2237/1950 1878/1848/1571
f 2016/2227/1940 1566/2226/1939 1615/2238/1951
f 1615/2238/1951 1566/2226/1939 1567/2239/1952
f 1615/2238/1951 1567/2239/1952 1993/2240/1953
f 1993/2240/1953 1567/2239/1952 1981/2241/1954
f 1993/2240/1953 1981/2241/1954 1980/2242/1955
f 1980/2242/1955 1981/2241/1954 1968/2243/1956
f 1980/2242/1955 1968/2243/1956 1967/2244/1957
f 1967/2244/1957 1968/2243/1956 1956/2245/1958
f 1967/2244/1957 1956/2245/1958 1955/2246/1959
f 1955/2246/1959 1956/2245/1958 1944/2247/1960
f 1955/2246/1959 1944/2247/1960 1943/2248/1961
f 1943/2248/1961 1944/2247/1960 1931/2249/1962
f 1943/2248/1961 1931/2249/1962 1930/2250/1963
f 1930/2250/1963 1931/2249/1962 1918/2251/1964
f 1930/2250/1963 1918/2251/1964 1917/2252/1965
f 1917/2252/1965 1918/2251/1964 1905/2253/1966
f 1917/2252/1965 1905/2253/1966 1904/2254/1967
f 1904/2254/1967 1905/2253/1966 1893/2255/1968
f 1904/2254/1967 1893/2255/1968 1892/2256/1969
f 1892/2256/1969 1893/2255/1968 1881/2257/1970
f 1892/2256/1969 1881/2257/1970 1880/2258/1971
f 1880/2258/1971 1881/2257/1970 1868/2259/1972
f 1880/2258/1971 1868/2259/1972 1867/2260/1973
f 1867/2260/1973 1868/2259/1972 1855/2261/1974
f 1867/2260/1973 1855/2261/1974 1854/1852/1575
f 1854/1852/1575 1855/2261/1974 1842/1854/1577
f 1567/2239/1952 1568/2262/1975 1981/2241/1954
f 1981/2241/1954 1568/2262/1975 1969/2263/1976
f 1981/2241/1954 1969/2263/1976 1968/2243/1956
f 1968/2243/1956 1969/2263/1976 1957/2264/1977
f 1968/2243/1956 1957/2264/1977 1956/2245/1958
f 1956/2245/1958 1957/2264/1977 1945/2265/1978
f 1956/2245/1958 1945/2265/1978 1944/2247/1960
f 1944/2247/1960 1945/2265/1978 1932/2266/1979
f 1944/2247/1960 1932/2266/1979 1931/2249/1962
f 1931/2249/1962 1932/2266/1979 1919/2267/1980
f 1931/2249/1962 1919/2267/1980 1918/2251/1964
f 1918/2251/1964 1919/2267/1980 1906/2268/1981
f 1918/2251/1964 1906/2268/1981 1905/2253/1966
f 1905/2253/1966 1906/2268/1981 1894/2269/1982
f 1905/2253/1966 1894/2269/1982 1893/2255/1968
f 1893/2255/1968 1894/2269/1982 1882/2270/1983
f 1893/2255/1968 1882/2270/1983 1881/2257/1970
f 1881/2257/1970 1882/2270/1983 1869/2271/1984
f 1881/2257/1970 1869/2271/1984 1868/2259/1972
f 1868/2259/1972 1869/2271/1984 1856/2272/1985
f 1868/2259/1972 1856/2272/1985 1855/2261/1974
f 1855/2261/1974 1856/2272/1985 1843/2273/1986
f 1855/2261/1974 1843/2273/1986 1842/1854/1577
f 1842/1854/1577 1843/2273/1986 1831/1856/1579
f 1969/2263/1976 1568/2262/1975 1614/2274/1987
f 1614/2274/1987 1568/2262/1975 1569/2275/1988
f 1614/2274/1987 1569/2275/1988 1613/2276/1989
f 1613/2276/1989 1569/2275/1988 1570/2277/1990
f 1613/2276/1989 1570/2277/1990 1935/2278/1991
f 1935/2278/1991 1570/2277/1990 1923/2279/1992
f 1935/2278/1991 1923/2279/1992 1922/2280/1993
f 1922/2280/1993 1923/2279/1992 1910/2281/1994
f 1922/2280/1993 1910/2281/1994 1909/2282/1995
f 1909/2282/1995 1910/2281/1994 1898/2283/1996
f 1909/2282/1995 1898/2283/1996 1897/2284/1997
f 1897/2284/1997 1898/2283/1996 1886/2285/1998
f 1897/2284/1997 1886/2285/1998 1885/2286/1999
f 1885/2286/1999 1886/2285/1998 1873/2287/2000
f 1885/2286/1999 1873/2287/2000 1872/2288/2001
f 1872/2288/2001 1873/2287/2000 1860/2289/2002
f 1872/2288/2001 1860/2289/2002 1859/2290/2003
f 1859/2290/2003 1860/2289/2002 1847/2291/2004
f 1859/2290/2003 1847/2291/2004 1846/2292/2005
f 1846/2292/2005 1847/2291/2004 1835/2293/2006
f 1846/2292/2005 1835/2293/2006 1834/2294/2007
f 1834/2294/2007 1835/2293/2006 1823/2295/2008
f 1834/2294/2007 1823/2295/2008 1822/2296/2009
f 1822/2296/2009 1823/2295/2008 1810/2297/2010
f 1822/2296/2009 1810/2297/2010 1809/2298/2011
f 1809/2298/2011 1810/2297/2010 1797/2299/2012
f 1809/2298/2011 1797/2299/2012 1796/1862/1585
f 1796/1862/1585 1797/2299/2012 1784/1864/1587
f 1570/2277/1990 1571/2300/2013 1923/2279/1992
f 1923/2279/1992 1571/2300/2013 1911/2301/2014
f 1923/2279/1992 1911/2301/2014 1910/2281/1994
f 1910/2281/1994 1911/2301/2014 1899/2302/2015
f 1910/2281/1994 1899/2302/2015 1898/2283/1996
f 1898/2283/1996 1899/2302/2015 1887/2303/2016
f 1898/2283/1996 1887/2303/2016 1886/2285/1998
f 1886/2285/1998 1887/2303/2016 1874/2304/2017
f 1886/2285/1998 1874/2304/2017 1873/2287/2000
f 1873/2287/2000 1874/2304/2017 1861/2305/2018
f 1873/2287/2000 1861/2305/2018 1860/2289/2002
f 1860/2289/2002 1861/2305/2018 1848/2306/2019
f 1860/2289/2002 1848/2306/2019 1847/2291/2004
f 1847/2291/2004 1848/2306/2019 1836/2307/2020
f 1847/2291/2004 1836/2307/2020 1835/2293/2006
f 1835/2293/2006 1836/2307/2020 1824/2308/2021
f 1835/2293/2006 1824/2308/2021 1823/2295/2008
f 1823/2295/2008 1824/2308/2021 1811/2309/2022
f 1823/2295/2008 1811/2309/2022 1810/2297/2010
f 1810/2297/2010 1811/2309/2022 1798/2310/2023
f 1810/2297/2010 1798/2310/2023 1797/2299/2012
f 1797/2299/2012 1798/2310/2023 1785/2311/2024
f 1797/2299/2012 1785/2311/2024 1784/1864/1587
f 1784/1864/1587 1785/2311/2024 1773/1866/1589
f 1911/2301/2014 1571/2300/2013 1612/2312/2025
f 1612/2312/2025 1571/2300/2013 1572/2313/2026
f 1612/2312/2025 1572/2313/2026 1611/2314/2027
f 1611/2314/2027 1572/2313/2026 1573/2315/2028
f 1611/2314/2027 1573/2315/2028 1877/2316/2029
f 1877/2316/2029 1573/2315/2028 1865/2317/2030
f 1877/2316/2029 1865/2317/2030 1864/2318/2031
f 1864/2318/2031 1865/2317/2030 1852/2319/2032
f 1864/2318/2031 1852/2319/2032 1851/2320/2033
f 1851/2320/2033 1852/2319/2032 1840/2321/2034
f 1851/2320/2033 1840/2321/2034 1839/2322/2035
f 1839/2322/2035 1840/2321/2034 1828/2323/2036
f 1839/2322/2035 1828/2323/2036 1827/2324/2037
f 1827/2324/2037 1828/2323/2036 1815/2325/2038
f 1827/2324/2037 1815/2325/2038 1814/2326/2039
f 1814/2326/2039 1815/2325/2038 1802/2327/2040
f 1814/2326/2039 1802/2327/2040 1801/2328/2041
f 1801/2328/2041 1802/2327/2040 1789/2329/2042
f 1801/2328/2041 1789/2329/2042 1788/2330/2043
f 1788/2330/2043 1789/2329/2042 1777/2331/2044
f 1788/2330/2043 1777/2331/2044 1776/2332/2045
f 1776/2332/2045 1777/2331/2044 1765/2333/2046
f 1776/2332/2045 1765/2333/2046 1764/2334/2047
f 1764/2334/2047 1765/2333/2046 1752/2335/2048
f 1764/2334/2047 1752/2335/2048 1751/2336/2049
f 1751/2336/2049 1752/2335/2048 1740/2337/2050
f 1751/2336/2049 1740/2337/2050 1739/1872/1595
f 1739/1872/1595 1740/2337/2050 1727/1874/1597
f 1573/2315/2028 1574/2338/2051 1865/2317/2030
f 1865/2317/2030 1574/2338/2051 1853/2339/2052
f 1865/2317/2030 1853/2339/2052 1852/2319/2032
f 1852/2319/2032 1853/2339/2052 1841/2340/2053
f 1852/2319/2032 1841/2340/2053 1840/2321/2034
f 1840/2321/2034 1841/2340/2053 1829/2341/2054
f 1840/2321/2034 1829/2341/2054 1828/2323/2036
f 1828/2323/2036 1829/2341/2054 1816/2342/2055
f 1828/2323/2036 1816/2342/2055 1815/2325/2038
f 1815/2325/2038 1816/2342/2055 1803/2343/2056
f 1815/2325/2038 1803/2343/2056 1802/2327/2040
f 1802/2327/2040 1803/2343/2056 1790/2344/2057
f 1802/2327/2040 1790/2344/2057 1789/2329/2042
f 1789/2329/2042 1790/2344/2057 1778/2345/2058
f 1789/2329/2042 1778/2345/2058 1777/2331/2044
f 1777/2331/2044 1778/2345/2058 1766/2346/2059
f 1777/2331/2044 1766/2346/2059 1765/2333/2046
f 1765/2333/2046 1766/2346/2059 1753/2347/2060
f 1765/2333/2046 1753/2347/2060 1752/2335/2048
f 1752/2335/2048 1753/2347/2060 1741/2348/2061
f 1752/2335/2048 1741/2348/2061 1740/2337/2050
f 1740/2337/2050 1741/2348/2061 1728/2349/2062
f 1740/2337/2050 1728/2349/2062 1727/1874/1597
f 1727/1874/1597 1728/2349/2062 1715/1876/1599
f 1853/2339/2052 1574/2338/2051 1610/2350/2063
f 1610/2350/2063 1574/2338/2051 1575/2351/2064
f 1610/2350/2063 1575/2351/2064 1609/2352/2065
f 1609/2352/2065 1575/2351/2064 1576/2353/2066
f 1609/2352/2065 1576/2353/2066 1819/2354/2067
f 1819/2354/2067 1576/2353/2066 1807/2355/2068
f 1819/2354/2067 1807/2355/2068 1806/2356/2069
f 1806/2356/2069 1807/2355/2068 1794/2357/2070
f 1806/2356/2069 1794/2357/2070 1793/2358/2071
f 1793/2358/2071 1794/2357/2070 1782/2359/2072
f 1793/2358/2071 1782/2359/2072 1781/2360/2073
f 1781/2360/2073 1782/2359/2072 1770/2361/2074
f 1781/2360/2073 1770/2361/2074 1769/2362/2075
f 1769/2362/2075 1770/2361/2074 1757/2363/2076
f 1769/2362/2075 1757/2363/2076 1756/2364/2077
f 1756/2364/2077 1757/2363/2076 1745/2365/2078
f 1756/2364/2077 1745/2365/2078 1744/2366/2079
f 1744/2366/2079 1745/2365/2078 1732/2367/2080
f 1744/2366/2079 1732/2367/2080 1731/2368/2081
f 1731/2368/2081 1732/2367/2080 1719/2369/2082
f 1731/2368/2081 1719/2369/2082 1718/2370/2083
f 1718/2370/2083 1719/2369/2082 1706/2371/2084
f 1718/2370/2083 1706/2371/2084 1705/2372/2085
f 1705/2372/2085 1706/2371/2084 1694/2373/2086
f 1705/2372/2085 1694/2373/2086 1693/2374/2087
f 1693/2374/2087 1694/2373/2086 1682/2375/2088
f 1693/2374/2087 1682/2375/2088 1681/1882/1605
f 1681/1882/1605 1682/2375/2088 1669/1884/1607
f 1576/2353/2066 1577/2376/2089 1807/2355/2068
f 1807/2355/2068 1577/2376/2089 1795/2377/2090
f 1807/2355/2068 1795/2377/2090 1794/2357/2070
f 1794/2357/2070 1795/2377/2090 1783/2378/2091
f 1794/2357/2070 1783/2378/2091 1782/2359/2072
f 1782/2359/2072 1783/2378/2091 1771/2379/2092
f 1782/2359/2072 1771/2379/2092 1770/2361/2074
f 1770/2361/2074 1771/2379/2092 1758/2380/2093
f 1770/2361/2074 1758/2380/2093 1757/2363/2076
f 1757/2363/2076 1758/2380/2093 1746/2381/2094
f 1757/2363/2076 1746/2381/2094 1745/2365/2078
f 1745/2365/2078 1746/2381/2094 1733/2382/2095
f 1745/2365/2078 1733/2382/2095 1732/2367/2080
f 1732/2367/2080 1733/2382/2095 1720/2383/2096
f 1732/2367/2080 1720/2383/2096 1719/2369/2082
f 1719/2369/2082 1720/2383/2096 1707/2384/2097
f 1719/2369/2082 1707/2384/2097 1706/2371/2084
f 1706/2371/2084 1707/2384/2097 1695/2385/2098
f 1706/2371/2084 1695/2385/2098 1694/2373/2086
f 1694/2373/2086 1695/2385/2098 1683/2386/2099
f 1694/2373/2086 1683/2386/2099 1682/2375/2088
f 1682/2375/2088 1683/2386/2099 1670/2387/2100
f 1682/2375/2088 1670/2387/2100 1669/1884/1607
f 1669/1884/1607 1670/2387/2100 1657/1886/1609
f 1795/2377/2090 1577/2376/2089 1608/2388/2101
f 1608/2388/2101 1577/2376/2089 1578/2389/2102
f 1608/2388/2101 1578/2389/2102 1607/2390/2103
f 1607/2390/2103 1578/2389/2102 1579/2391/2104
f 1607/2390/2103 1579/2391/2104 1761/2392/2105
f 1761/2392/2105 1579/2391/2104 1606/2393/2106
f 1761/2392/2105 1606/2393/2106 1749/2394/2107
f 1749/2394/2107 1606/2393/2106 1737/2395/2108
f 1749/2394/2107 1737/2395/2108 1736/2396/2109
f 1736/2396/2109 1737/2395/2108 1724/2397/2110
f 1736/2396/2109 1724/2397/2110 1723/2398/2111
f 1723/2398/2111 1724/2397/2110 1711/2399/2112
f 1723/2398/2111 1711/2399/2112 1710/2400/2113
f 1710/2400/2113 1711/2399/2112 1699/2401/2114
f 1710/2400/2113 1699/2401/2114 1698/2402/2115
f 1698/2402/2115 1699/2401/2114 1687/2403/2116
f 1698/2402/2115 1687/2403/2116 1686/2404/2117
f 1686/2404/2117 1687/2403/2116 1674/2405/2118
f 1686/2404/2117 1674/2405/2118 1673/2406/2119
f 1673/2406/2119 1674/2405/2118 1661/1909/1632
f 1673/2406/2119 1661/1909/1632 1660/1911/1634
f 1579/2391/2104 1580/2407/2120 1606/2393/2106
f 1606/2393/2106 1580/2407/2120 1738/2408/2121
f 1606/2393/2106 1738/2408/2121 1737/2395/2108
f 1737/2395/2108 1738/2408/2121 1725/2409/2122
f 1737/2395/2108 1725/2409/2122 1724/2397/2110
f 1724/2397/2110 1725/2409/2122 1712/2410/2123
f 1724/2397/2110 1712/2410/2123 1711/2399/2112
f 1711/2399/2112 1712/2410/2123 1700/2411/2124
f 1711/2399/2112 1700/2411/2124 1699/2401/2114
f 1699/2401/2114 1700/2411/2124 1688/2412/2125
f 1699/2401/2114 1688/2412/2125 1687/2403/2116
f 1687/2403/2116 1688/2412/2125 1675/2413/2126
f 1687/2403/2116 1675/2413/2126 1674/2405/2118
f 1674/2405/2118 1675/2413/2126 1662/1907/1630
f 1674/2405/2118 1662/1907/1630 1661/1909/1632
f 1738/2408/2121 1580/2407/2120 1726/2414/2127
f 1726/2414/2127 1580/2407/2120 1581/2415/2128
f 1726/2414/2127 1581/2415/2128 1714/2416/2129
f 1714/2416/2129 1581/2415/2128 1605/2417/2130
f 1714/2416/2129 1605/2417/2130 1702/2418/2131
f 1702/2418/2131 1605/2417/2130 1691/2419/2132
f 1702/2418/2131 1691/2419/2132 1690/2420/2133
f 1690/2420/2133 1691/2419/2132 1678/2421/2134
f 1690/2420/2133 1678/2421/2134 1677/2422/2135
f 1677/2422/2135 1678/2421/2134 1665/1901/1624
f 1677/2422/2135 1665/1901/1624 1664/1903/1626
f 1581/2415/2128 1582/2423/2136 1605/2417/2130
f 1605/2417/2130 1582/2423/2136 1604/2424/2137
f 1605/2417/2130 1604/2424/2137 1691/2419/2132
f 1691/2419/2132 1604/2424/2137 1679/2425/2138
f 1691/2419/2132 1679/2425/2138 1678/2421/2134
f 1678/2421/2134 1679/2425/2138 1666/1899/1622
f 1678/2421/2134 1666/1899/1622 1665/1901/1624
f 1582/2423/2136 1583/2426/2139 1604/2424/2137
f 1604/2424/2137 1583/2426/2139 1680/2427/2140
f 1604/2424/2137 1680/2427/2140 1679/2425/2138
f 1679/2425/2138 1680/2427/2140 1667/1897/1620
f 1679/2425/2138 1667/1897/1620 1666/1899/1622
f 1680/2427/2140 1583/2426/2139 1668/1895/1618
f 1668/1895/1618 1583/2426/2139 1584/1893/1616
f 2191/1794/1517 1585/1793/1515 1586/1985/1707
f 1586/1984/1707 1585/1790/1515 2203/2428/2141
f 1586/1984/1707 2203/2428/2141 2204/1982/1705
f 2204/1982/1705 2203/2428/2141 2216/2429/2142
f 2204/1982/1705 2216/2429/2142 2217/1980/1703
f 2217/1980/1703 2216/2429/2142 2229/2430/2143
f 2217/1980/1703 2229/2430/2143 2230/1978/1701
f 2230/1978/1701 2229/2430/2143 2242/2431/2144
f 2230/1978/1701 2242/2431/2144 2243/1976/1699
f 2243/1976/1699 2242/2431/2144 2254/2432/2145
f 2243/1976/1699 2254/2432/2145 2255/1974/1697
f 2255/1974/1697 2254/2432/2145 2267/2433/2146
f 2255/1974/1697 2267/2433/2146 2268/1972/1695
f 2268/1972/1695 2267/2433/2146 2279/2434/2147
f 2268/1972/1695 2279/2434/2147 2280/1970/1693
f 2280/1970/1693 2279/2434/2147 2291/2435/2148
f 2280/1970/1693 2291/2435/2148 2292/1968/1691
f 2292/1968/1691 2291/2435/2148 2304/2436/2149
f 2292/1968/1691 2304/2436/2149 2305/1966/1689
f 2305/1966/1689 2304/2436/2149 2317/2437/2150
f 2305/1966/1689 2317/2437/2150 2318/1964/1687
f 2318/1964/1687 2317/2437/2150 1600/1962/1685
f 1588/1998/1718 1589/2438/2151 2194/2439/2152
f 2194/2439/2152 1589/2438/2151 2195/2440/2153
f 2194/2439/2152 2195/2440/2153 2182/2441/2154
f 2182/2441/2154 2195/2440/2153 2183/2021/1739
f 2182/2441/2154 2183/2021/1739 2170/2023/1741
f 1589/2438/2151 1590/2442/2155 2195/2440/2153
f 2195/2440/2153 1590/2442/2155 2196/2019/1737
f 2195/2440/2153 2196/2019/1737 2183/2021/1739
f 1588/1997/1718 2206/1996/1717 1589/2443/2151
f 1589/2443/2151 2206/1996/1717 2207/2444/2156
f 1589/2443/2151 2207/2444/2156 1590/2445/2155
f 1590/2445/2155 2207/2444/2156 2208/2446/2157
f 1590/2445/2155 2208/2446/2157 1591/2015/1735
f 1591/2015/1735 2208/2446/2157 2209/2013/1733
f 1590/2442/2155 1591/2016/1735 2196/2019/1737
f 1593/2034/1751 1594/2447/2158 2199/2448/2159
f 2199/2448/2159 1594/2447/2158 2200/2052/1765
f 2199/2448/2159 2200/2052/1765 2187/2054/1767
f 2200/2052/1765 1594/2447/2158 1595/2050/1763
f 1595/2049/1763 1594/2449/2158 2212/2450/2160
f 1595/2049/1763 2212/2450/2160 2213/2044/1761
f 2213/2044/1761 2212/2450/2160 2225/2042/1759
f 2212/2450/2160 1594/2449/2158 2211/2032/1750
f 2211/2032/1750 1594/2449/2158 1593/2033/1751
f 1643/1938/1661 1644/1758/1483 1624/2451/2161
f 1624/2451/2161 1644/1758/1483 1623/1756/1481
f 1624/2451/2161 1623/1756/1481 1646/1914/1637
f 1646/1914/1637 1623/1756/1481 1645/1888/1611
f 1642/1936/1659 1643/1938/1661 1625/2452/2162
f 1625/2452/2162 1643/1938/1661 1624/2451/2161
f 1625/2452/2162 1624/2451/2161 1647/1912/1635
f 1647/1912/1635 1624/2451/2161 1646/1914/1637
f 1641/1934/1657 1642/1936/1659 1626/2453/2163
f 1626/2453/2163 1642/1936/1659 1625/2452/2162
f 1626/2453/2163 1625/2452/2162 1648/1910/1633
f 1648/1910/1633 1625/2452/2162 1647/1912/1635
f 1640/1932/1655 1641/1934/1657 1627/2454/2164
f 1627/2454/2164 1641/1934/1657 1626/2453/2163
f 1627/2454/2164 1626/2453/2163 1649/1908/1631
f 1649/1908/1631 1626/2453/2163 1648/1910/1633
f 1639/1930/1653 1640/1932/1655 1628/2455/2165
f 1628/2455/2165 1640/1932/1655 1627/2454/2164
f 1628/2455/2165 1627/2454/2164 1650/1906/1629
f 1650/1906/1629 1627/2454/2164 1649/1908/1631
f 1638/1928/1651 1639/1930/1653 1629/2456/2166
f 1629/2456/2166 1639/1930/1653 1628/2455/2165
f 1629/2456/2166 1628/2455/2165 1651/1904/1627
f 1651/1904/1627 1628/2455/2165 1650/1906/1629
f 1637/1926/1649 1638/1928/1651 1630/2457/2167
f 1630/2457/2167 1638/1928/1651 1629/2456/2166
f 1630/2457/2167 1629/2456/2166 1652/1902/1625
f 1652/1902/1625 1629/2456/2166 1651/1904/1627
f 1636/1924/1647 1637/1926/1649 1631/2458/2168
f 1631/2458/2168 1637/1926/1649 1630/2457/2167
f 1631/2458/2168 1630/2457/2167 1653/1900/1623
f 1653/1900/1623 1630/2457/2167 1652/1902/1625
f 1635/1922/1645 1636/1924/1647 1632/2459/2169
f 1632/2459/2169 1636/1924/1647 1631/2458/2168
f 1632/2459/2169 1631/2458/2168 1654/1898/1621
f 1654/1898/1621 1631/2458/2168 1653/1900/1623
f 1634/1920/1643 1635/1922/1645 1633/2460/2170
f 1633/2460/2170 1635/1922/1645 1632/2459/2169
f 1633/2460/2170 1632/2459/2169 1655/1896/1619
f 1655/1896/1619 1632/2459/2169 1654/1898/1621
f 1602/1890/1613 1634/1920/1643 1603/1892/1615
f 1603/1892/1615 1634/1920/1643 1633/2460/2170
f 1603/1892/1615 1633/2460/2170 1656/1894/1617
f 1656/1894/1617 1633/2460/2170 1655/1896/1619
f 1657/1886/1609 1670/2387/2100 1658/1915/1638
f 1658/1915/1638 1670/2387/2100 1671/2461/2171
f 1658/1915/1638 1671/2461/2171 1659/1913/1636
f 1659/1913/1636 1671/2461/2171 1672/2462/2172
f 1659/1913/1636 1672/2462/2172 1660/1911/1634
f 1660/1911/1634 1672/2462/2172 1673/2406/2119
f 1662/1907/1630 1675/2413/2126 1663/1905/1628
f 1663/1905/1628 1675/2413/2126 1676/2463/2173
f 1663/1905/1628 1676/2463/2173 1664/1903/1626
f 1664/1903/1626 1676/2463/2173 1677/2422/2135
f 1680/2427/2140 1668/1895/1618 1667/1897/1620
f 1670/2387/2100 1683/2386/2099 1671/2461/2171
f 1671/2461/2171 1683/2386/2099 1684/2464/2174
f 1671/2461/2171 1684/2464/2174 1672/2462/2172
f 1672/2462/2172 1684/2464/2174 1685/2465/2175
f 1672/2462/2172 1685/2465/2175 1673/2406/2119
f 1673/2406/2119 1685/2465/2175 1686/2404/2117
f 1675/2413/2126 1688/2412/2125 1676/2463/2173
f 1676/2463/2173 1688/2412/2125 1689/2466/2176
f 1676/2463/2173 1689/2466/2176 1677/2422/2135
f 1677/2422/2135 1689/2466/2176 1690/2420/2133
f 1683/2386/2099 1695/2385/2098 1684/2464/2174
f 1684/2464/2174 1695/2385/2098 1696/2467/2177
f 1684/2464/2174 1696/2467/2177 1685/2465/2175
f 1685/2465/2175 1696/2467/2177 1697/2468/2178
f 1685/2465/2175 1697/2468/2178 1686/2404/2117
f 1686/2404/2117 1697/2468/2178 1698/2402/2115
f 1688/2412/2125 1700/2411/2124 1689/2466/2176
f 1689/2466/2176 1700/2411/2124 1701/2469/2179
f 1689/2466/2176 1701/2469/2179 1690/2420/2133
f 1690/2420/2133 1701/2469/2179 1702/2418/2131
f 1681/1882/1605 1692/1880/1603 1693/2374/2087
f 1693/2374/2087 1692/1880/1603 1704/2470/2180
f 1693/2374/2087 1704/2470/2180 1705/2372/2085
f 1705/2372/2085 1704/2470/2180 1717/2471/2181
f 1705/2372/2085 1717/2471/2181 1718/2370/2083
f 1718/2370/2083 1717/2471/2181 1730/2472/2182
f 1718/2370/2083 1730/2472/2182 1731/2368/2081
f 1731/2368/2081 1730/2472/2182 1743/2473/2183
f 1731/2368/2081 1743/2473/2183 1744/2366/2079
f 1744/2366/2079 1743/2473/2183 1755/2474/2184
f 1744/2366/2079 1755/2474/2184 1756/2364/2077
f 1756/2364/2077 1755/2474/2184 1768/2475/2185
f 1756/2364/2077 1768/2475/2185 1769/2362/2075
f 1769/2362/2075 1768/2475/2185 1780/2476/2186
f 1769/2362/2075 1780/2476/2186 1781/2360/2073
f 1781/2360/2073 1780/2476/2186 1792/2477/2187
f 1781/2360/2073 1792/2477/2187 1793/2358/2071
f 1793/2358/2071 1792/2477/2187 1805/2478/2188
f 1793/2358/2071 1805/2478/2188 1806/2356/2069
f 1806/2356/2069 1805/2478/2188 1818/2479/2189
f 1806/2356/2069 1818/2479/2189 1819/2354/2067
f 1819/2354/2067 1818/2479/2189 1609/2352/2065
f 1695/2385/2098 1707/2384/2097 1696/2467/2177
f 1696/2467/2177 1707/2384/2097 1708/2480/2190
f 1696/2467/2177 1708/2480/2190 1697/2468/2178
f 1697/2468/2178 1708/2480/2190 1709/2481/2191
f 1697/2468/2178 1709/2481/2191 1698/2402/2115
f 1698/2402/2115 1709/2481/2191 1710/2400/2113
f 1700/2411/2124 1712/2410/2123 1701/2469/2179
f 1701/2469/2179 1712/2410/2123 1713/2482/2192
f 1701/2469/2179 1713/2482/2192 1702/2418/2131
f 1702/2418/2131 1713/2482/2192 1714/2416/2129
f 1692/1880/1603 1703/1878/1601 1704/2470/2180
f 1704/2470/2180 1703/1878/1601 1716/2483/2193
f 1704/2470/2180 1716/2483/2193 1717/2471/2181
f 1717/2471/2181 1716/2483/2193 1729/2484/2194
f 1717/2471/2181 1729/2484/2194 1730/2472/2182
f 1730/2472/2182 1729/2484/2194 1742/2485/2195
f 1730/2472/2182 1742/2485/2195 1743/2473/2183
f 1743/2473/2183 1742/2485/2195 1754/2486/2196
f 1743/2473/2183 1754/2486/2196 1755/2474/2184
f 1755/2474/2184 1754/2486/2196 1767/2487/2197
f 1755/2474/2184 1767/2487/2197 1768/2475/2185
f 1768/2475/2185 1767/2487/2197 1779/2488/2198
f 1768/2475/2185 1779/2488/2198 1780/2476/2186
f 1780/2476/2186 1779/2488/2198 1791/2489/2199
f 1780/2476/2186 1791/2489/2199 1792/2477/2187
f 1792/2477/2187 1791/2489/2199 1804/2490/2200
f 1792/2477/2187 1804/2490/2200 1805/2478/2188
f 1805/2478/2188 1804/2490/2200 1817/2491/2201
f 1805/2478/2188 1817/2491/2201 1818/2479/2189
f 1818/2479/2189 1817/2491/2201 1830/2492/2202
f 1818/2479/2189 1830/2492/2202 1609/2352/2065
f 1609/2352/2065 1830/2492/2202 1610/2350/2063
f 1707/2384/2097 1720/2383/2096 1708/2480/2190
f 1708/2480/2190 1720/2383/2096 1721/2493/2203
f 1708/2480/2190 1721/2493/2203 1709/2481/2191
f 1709/2481/2191 1721/2493/2203 1722/2494/2204
f 1709/2481/2191 1722/2494/2204 1710/2400/2113
f 1710/2400/2113 1722/2494/2204 1723/2398/2111
f 1726/2414/2127 1714/2416/2129 1713/2482/2192
f 1726/2414/2127 1713/2482/2192 1725/2409/2122
f 1725/2409/2122 1713/2482/2192 1712/2410/2123
f 1703/1878/1601 1715/1876/1599 1716/2483/2193
f 1716/2483/2193 1715/1876/1599 1728/2349/2062
f 1716/2483/2193 1728/2349/2062 1729/2484/2194
f 1729/2484/2194 1728/2349/2062 1741/2348/2061
f 1729/2484/2194 1741/2348/2061 1742/2485/2195
f 1742/2485/2195 1741/2348/2061 1753/2347/2060
f 1742/2485/2195 1753/2347/2060 1754/2486/2196
f 1754/2486/2196 1753/2347/2060 1766/2346/2059
f 1754/2486/2196 1766/2346/2059 1767/2487/2197
f 1767/2487/2197 1766/2346/2059 1778/2345/2058
f 1767/2487/2197 1778/2345/2058 1779/2488/2198
f 1779/2488/2198 1778/2345/2058 1790/2344/2057
f 1779/2488/2198 1790/2344/2057 1791/2489/2199
f 1791/2489/2199 1790/2344/2057 1803/2343/2056
f 1791/2489/2199 1803/2343/2056 1804/2490/2200
f 1804/2490/2200 1803/2343/2056 1816/2342/2055
f 1804/2490/2200 1816/2342/2055 1817/2491/2201
f 1817/2491/2201 1816/2342/2055 1829/2341/2054
f 1817/2491/2201 1829/2341/2054 1830/2492/2202
f 1830/2492/2202 1829/2341/2054 1841/2340/2053
f 1830/2492/2202 1841/2340/2053 1610/2350/2063
f 1610/2350/2063 1841/2340/2053 1853/2339/2052
f 1720/2383/2096 1733/2382/2095 1721/2493/2203
f 1721/2493/2203 1733/2382/2095 1734/2495/2205
f 1721/2493/2203 1734/2495/2205 1722/2494/2204
f 1722/2494/2204 1734/2495/2205 1735/2496/2206
f 1722/2494/2204 1735/2496/2206 1723/2398/2111
f 1723/2398/2111 1735/2496/2206 1736/2396/2109
f 1738/2408/2121 1726/2414/2127 1725/2409/2122
f 1733/2382/2095 1746/2381/2094 1734/2495/2205
f 1734/2495/2205 1746/2381/2094 1747/2497/2207
f 1734/2495/2205 1747/2497/2207 1735/2496/2206
f 1735/2496/2206 1747/2497/2207 1748/2498/2208
f 1735/2496/2206 1748/2498/2208 1736/2396/2109
f 1736/2396/2109 1748/2498/2208 1749/2394/2107
f 1746/2381/2094 1758/2380/2093 1747/2497/2207
f 1747/2497/2207 1758/2380/2093 1759/2499/2209
f 1747/2497/2207 1759/2499/2209 1748/2498/2208
f 1748/2498/2208 1759/2499/2209 1760/2500/2210
f 1748/2498/2208 1760/2500/2210 1749/2394/2107
f 1749/2394/2107 1760/2500/2210 1761/2392/2105
f 1739/1872/1595 1750/1870/1593 1751/2336/2049
f 1751/2336/2049 1750/1870/1593 1763/2501/2211
f 1751/2336/2049 1763/2501/2211 1764/2334/2047
f 1764/2334/2047 1763/2501/2211 1775/2502/2212
f 1764/2334/2047 1775/2502/2212 1776/2332/2045
f 1776/2332/2045 1775/2502/2212 1787/2503/2213
f 1776/2332/2045 1787/2503/2213 1788/2330/2043
f 1788/2330/2043 1787/2503/2213 1800/2504/2214
f 1788/2330/2043 1800/2504/2214 1801/2328/2041
f 1801/2328/2041 1800/2504/2214 1813/2505/2215
f 1801/2328/2041 1813/2505/2215 1814/2326/2039
f 1814/2326/2039 1813/2505/2215 1826/2506/2216
f 1814/2326/2039 1826/2506/2216 1827/2324/2037
f 1827/2324/2037 1826/2506/2216 1838/2507/2217
f 1827/2324/2037 1838/2507/2217 1839/2322/2035
f 1839/2322/2035 1838/2507/2217 1850/2508/2218
f 1839/2322/2035 1850/2508/2218 1851/2320/2033
f 1851/2320/2033 1850/2508/2218 1863/2509/2219
f 1851/2320/2033 1863/2509/2219 1864/2318/2031
f 1864/2318/2031 1863/2509/2219 1876/2510/2220
f 1864/2318/2031 1876/2510/2220 1877/2316/2029
f 1877/2316/2029 1876/2510/2220 1611/2314/2027
f 1758/2380/2093 1771/2379/2092 1759/2499/2209
f 1759/2499/2209 1771/2379/2092 1772/2511/2221
f 1759/2499/2209 1772/2511/2221 1760/2500/2210
f 1760/2500/2210 1772/2511/2221 1607/2390/2103
f 1760/2500/2210 1607/2390/2103 1761/2392/2105
f 1750/1870/1593 1762/1868/1591 1763/2501/2211
f 1763/2501/2211 1762/1868/1591 1774/2512/2222
f 1763/2501/2211 1774/2512/2222 1775/2502/2212
f 1775/2502/2212 1774/2512/2222 1786/2513/2223
f 1775/2502/2212 1786/2513/2223 1787/2503/2213
f 1787/2503/2213 1786/2513/2223 1799/2514/2224
f 1787/2503/2213 1799/2514/2224 1800/2504/2214
f 1800/2504/2214 1799/2514/2224 1812/2515/2225
f 1800/2504/2214 1812/2515/2225 1813/2505/2215
f 1813/2505/2215 1812/2515/2225 1825/2516/2226
f 1813/2505/2215 1825/2516/2226 1826/2506/2216
f 1826/2506/2216 1825/2516/2226 1837/2517/2227
f 1826/2506/2216 1837/2517/2227 1838/2507/2217
f 1838/2507/2217 1837/2517/2227 1849/2518/2228
f 1838/2507/2217 1849/2518/2228 1850/2508/2218
f 1850/2508/2218 1849/2518/2228 1862/2519/2229
f 1850/2508/2218 1862/2519/2229 1863/2509/2219
f 1863/2509/2219 1862/2519/2229 1875/2520/2230
f 1863/2509/2219 1875/2520/2230 1876/2510/2220
f 1876/2510/2220 1875/2520/2230 1888/2521/2231
f 1876/2510/2220 1888/2521/2231 1611/2314/2027
f 1611/2314/2027 1888/2521/2231 1612/2312/2025
f 1608/2388/2101 1607/2390/2103 1772/2511/2221
f 1608/2388/2101 1772/2511/2221 1783/2378/2091
f 1783/2378/2091 1772/2511/2221 1771/2379/2092
f 1762/1868/1591 1773/1866/1589 1774/2512/2222
f 1774/2512/2222 1773/1866/1589 1785/2311/2024
f 1774/2512/2222 1785/2311/2024 1786/2513/2223
f 1786/2513/2223 1785/2311/2024 1798/2310/2023
f 1786/2513/2223 1798/2310/2023 1799/2514/2224
f 1799/2514/2224 1798/2310/2023 1811/2309/2022
f 1799/2514/2224 1811/2309/2022 1812/2515/2225
f 1812/2515/2225 1811/2309/2022 1824/2308/2021
f 1812/2515/2225 1824/2308/2021 1825/2516/2226
f 1825/2516/2226 1824/2308/2021 1836/2307/2020
f 1825/2516/2226 1836/2307/2020 1837/2517/2227
f 1837/2517/2227 1836/2307/2020 1848/2306/2019
f 1837/2517/2227 1848/2306/2019 1849/2518/2228
f 1849/2518/2228 1848/2306/2019 1861/2305/2018
f 1849/2518/2228 1861/2305/2018 1862/2519/2229
f 1862/2519/2229 1861/2305/2018 1874/2304/2017
f 1862/2519/2229 1874/2304/2017 1875/2520/2230
f 1875/2520/2230 1874/2304/2017 1887/2303/2016
f 1875/2520/2230 1887/2303/2016 1888/2521/2231
f 1888/2521/2231 1887/2303/2016 1899/2302/2015
f 1888/2521/2231 1899/2302/2015 1612/2312/2025
f 1612/2312/2025 1899/2302/2015 1911/2301/2014
f 1795/2377/2090 1608/2388/2101 1783/2378/2091
f 1796/1862/1585 1808/1860/1583 1809/2298/2011
f 1809/2298/2011 1808/1860/1583 1821/2522/2232
f 1809/2298/2011 1821/2522/2232 1822/2296/2009
f 1822/2296/2009 1821/2522/2232 1833/2523/2233
f 1822/2296/2009 1833/2523/2233 1834/2294/2007
f 1834/2294/2007 1833/2523/2233 1845/2524/2234
f 1834/2294/2007 1845/2524/2234 1846/2292/2005
f 1846/2292/2005 1845/2524/2234 1858/2525/2235
f 1846/2292/2005 1858/2525/2235 1859/2290/2003
f 1859/2290/2003 1858/2525/2235 1871/2526/2236
f 1859/2290/2003 1871/2526/2236 1872/2288/2001
f 1872/2288/2001 1871/2526/2236 1884/2527/2237
f 1872/2288/2001 1884/2527/2237 1885/2286/1999
f 1885/2286/1999 1884/2527/2237 1896/2528/2238
f 1885/2286/1999 1896/2528/2238 1897/2284/1997
f 1897/2284/1997 1896/2528/2238 1908/2529/2239
f 1897/2284/1997 1908/2529/2239 1909/2282/1995
f 1909/2282/1995 1908/2529/2239 1921/2530/2240
f 1909/2282/1995 1921/2530/2240 1922/2280/1993
f 1922/2280/1993 1921/2530/2240 1934/2531/2241
f 1922/2280/1993 1934/2531/2241 1935/2278/1991
f 1935/2278/1991 1934/2531/2241 1613/2276/1989
f 1808/1860/1583 1820/1858/1581 1821/2522/2232
f 1821/2522/2232 1820/1858/1581 1832/2532/2242
f 1821/2522/2232 1832/2532/2242 1833/2523/2233
f 1833/2523/2233 1832/2532/2242 1844/2533/2243
f 1833/2523/2233 1844/2533/2243 1845/2524/2234
f 1845/2524/2234 1844/2533/2243 1857/2534/2244
f 1845/2524/2234 1857/2534/2244 1858/2525/2235
f 1858/2525/2235 1857/2534/2244 1870/2535/2245
f 1858/2525/2235 1870/2535/2245 1871/2526/2236
f 1871/2526/2236 1870/2535/2245 1883/2536/2246
f 1871/2526/2236 1883/2536/2246 1884/2527/2237
f 1884/2527/2237 1883/2536/2246 1895/2537/2247
f 1884/2527/2237 1895/2537/2247 1896/2528/2238
f 1896/2528/2238 1895/2537/2247 1907/2538/2248
f 1896/2528/2238 1907/2538/2248 1908/2529/2239
f 1908/2529/2239 1907/2538/2248 1920/2539/2249
f 1908/2529/2239 1920/2539/2249 1921/2530/2240
f 1921/2530/2240 1920/2539/2249 1933/2540/2250
f 1921/2530/2240 1933/2540/2250 1934/2531/2241
f 1934/2531/2241 1933/2540/2250 1946/2541/2251
f 1934/2531/2241 1946/2541/2251 1613/2276/1989
f 1613/2276/1989 1946/2541/2251 1614/2274/1987
f 1820/1858/1581 1831/1856/1579 1832/2532/2242
f 1832/2532/2242 1831/1856/1579 1843/2273/1986
f 1832/2532/2242 1843/2273/1986 1844/2533/2243
f 1844/2533/2243 1843/2273/1986 1856/2272/1985
f 1844/2533/2243 1856/2272/1985 1857/2534/2244
f 1857/2534/2244 1856/2272/1985 1869/2271/1984
f 1857/2534/2244 1869/2271/1984 1870/2535/2245
f 1870/2535/2245 1869/2271/1984 1882/2270/1983
f 1870/2535/2245 1882/2270/1983 1883/2536/2246
f 1883/2536/2246 1882/2270/1983 1894/2269/1982
f 1883/2536/2246 1894/2269/1982 1895/2537/2247
f 1895/2537/2247 1894/2269/1982 1906/2268/1981
f 1895/2537/2247 1906/2268/1981 1907/2538/2248
f 1907/2538/2248 1906/2268/1981 1919/2267/1980
f 1907/2538/2248 1919/2267/1980 1920/2539/2249
f 1920/2539/2249 1919/2267/1980 1932/2266/1979
f 1920/2539/2249 1932/2266/1979 1933/2540/2250
f 1933/2540/2250 1932/2266/1979 1945/2265/1978
f 1933/2540/2250 1945/2265/1978 1946/2541/2251
f 1946/2541/2251 1945/2265/1978 1957/2264/1977
f 1946/2541/2251 1957/2264/1977 1614/2274/1987
f 1614/2274/1987 1957/2264/1977 1969/2263/1976
f 1854/1852/1575 1866/1850/1573 1867/2260/1973
f 1867/2260/1973 1866/1850/1573 1879/2542/2252
f 1867/2260/1973 1879/2542/2252 1880/2258/1971
f 1880/2258/1971 1879/2542/2252 1891/2543/2253
f 1880/2258/1971 1891/2543/2253 1892/2256/1969
f 1892/2256/1969 1891/2543/2253 1903/2544/2254
f 1892/2256/1969 1903/2544/2254 1904/2254/1967
f 1904/2254/1967 1903/2544/2254 1916/2545/2255
f 1904/2254/1967 1916/2545/2255 1917/2252/1965
f 1917/2252/1965 1916/2545/2255 1929/2546/2256
f 1917/2252/1965 1929/2546/2256 1930/2250/1963
f 1930/2250/1963 1929/2546/2256 1942/2547/2257
f 1930/2250/1963 1942/2547/2257 1943/2248/1961
f 1943/2248/1961 1942/2547/2257 1954/2548/2258
f 1943/2248/1961 1954/2548/2258 1955/2246/1959
f 1955/2246/1959 1954/2548/2258 1966/2549/2259
f 1955/2246/1959 1966/2549/2259 1967/2244/1957
f 1967/2244/1957 1966/2549/2259 1979/2550/2260
f 1967/2244/1957 1979/2550/2260 1980/2242/1955
f 1980/2242/1955 1979/2550/2260 1992/2551/2261
f 1980/2242/1955 1992/2551/2261 1993/2240/1953
f 1993/2240/1953 1992/2551/2261 1615/2238/1951
f 1866/1850/1573 1878/1848/1571 1879/2542/2252
f 1879/2542/2252 1878/1848/1571 1890/2237/1950
f 1879/2542/2252 1890/2237/1950 1891/2543/2253
f 1891/2543/2253 1890/2237/1950 1902/2236/1949
f 1891/2543/2253 1902/2236/1949 1903/2544/2254
f 1903/2544/2254 1902/2236/1949 1915/2235/1948
f 1903/2544/2254 1915/2235/1948 1916/2545/2255
f 1916/2545/2255 1915/2235/1948 1928/2234/1947
f 1916/2545/2255 1928/2234/1947 1929/2546/2256
f 1929/2546/2256 1928/2234/1947 1941/2233/1946
f 1929/2546/2256 1941/2233/1946 1942/2547/2257
f 1942/2547/2257 1941/2233/1946 1953/2232/1945
f 1942/2547/2257 1953/2232/1945 1954/2548/2258
f 1954/2548/2258 1953/2232/1945 1965/2231/1944
f 1954/2548/2258 1965/2231/1944 1966/2549/2259
f 1966/2549/2259 1965/2231/1944 1978/2230/1943
f 1966/2549/2259 1978/2230/1943 1979/2550/2260
f 1979/2550/2260 1978/2230/1943 1991/2229/1942
f 1979/2550/2260 1991/2229/1942 1992/2551/2261
f 1992/2551/2261 1991/2229/1942 2004/2228/1941
f 1992/2551/2261 2004/2228/1941 1615/2238/1951
f 1615/2238/1951 2004/2228/1941 2016/2227/1940
f 1912/1842/1565 1924/1840/1563 1925/2212/1925
f 1925/2212/1925 1924/1840/1563 1937/2552/2262
f 1925/2212/1925 1937/2552/2262 1938/2210/1923
f 1938/2210/1923 1937/2552/2262 1949/2553/2263
f 1938/2210/1923 1949/2553/2263 1950/2208/1921
f 1950/2208/1921 1949/2553/2263 1961/2554/2264
f 1950/2208/1921 1961/2554/2264 1962/2206/1919
f 1962/2206/1919 1961/2554/2264 1974/2555/2265
f 1962/2206/1919 1974/2555/2265 1975/2204/1917
f 1975/2204/1917 1974/2555/2265 1987/2556/2266
f 1975/2204/1917 1987/2556/2266 1988/2202/1915
f 1988/2202/1915 1987/2556/2266 2000/2557/2267
f 1988/2202/1915 2000/2557/2267 2001/2200/1913
f 2001/2200/1913 2000/2557/2267 2012/2558/2268
f 2001/2200/1913 2012/2558/2268 2013/2198/1911
f 2013/2198/1911 2012/2558/2268 2025/2559/2269
f 2013/2198/1911 2025/2559/2269 2026/2196/1909
f 2026/2196/1909 2025/2559/2269 2037/2560/2270
f 2026/2196/1909 2037/2560/2270 2038/2194/1907
f 2038/2194/1907 2037/2560/2270 2049/2561/2271
f 2038/2194/1907 2049/2561/2271 2050/2192/1905
f 2050/2192/1905 2049/2561/2271 2062/2190/1903
f 1924/1840/1563 1936/1838/1561 1937/2552/2262
f 1937/2552/2262 1936/1838/1561 1948/2189/1902
f 1937/2552/2262 1948/2189/1902 1949/2553/2263
f 1949/2553/2263 1948/2189/1902 1960/2188/1901
f 1949/2553/2263 1960/2188/1901 1961/2554/2264
f 1961/2554/2264 1960/2188/1901 1973/2187/1900
f 1961/2554/2264 1973/2187/1900 1974/2555/2265
f 1974/2555/2265 1973/2187/1900 1986/2186/1899
f 1974/2555/2265 1986/2186/1899 1987/2556/2266
f 1987/2556/2266 1986/2186/1899 1999/2185/1898
f 1987/2556/2266 1999/2185/1898 2000/2557/2267
f 2000/2557/2267 1999/2185/1898 2011/2184/1897
f 2000/2557/2267 2011/2184/1897 2012/2558/2268
f 2012/2558/2268 2011/2184/1897 2024/2183/1896
f 2012/2558/2268 2024/2183/1896 2025/2559/2269
f 2025/2559/2269 2024/2183/1896 2036/2182/1895
f 2025/2559/2269 2036/2182/1895 2037/2560/2270
f 2037/2560/2270 2036/2182/1895 2048/2181/1894
f 2037/2560/2270 2048/2181/1894 2049/2561/2271
f 2049/2561/2271 2048/2181/1894 2061/2180/1893
f 2049/2561/2271 2061/2180/1893 2062/2190/1903
f 2062/2190/1903 2061/2180/1893 2074/2179/1892
f 1970/1832/1555 1982/1830/1553 1983/2164/1877
f 1983/2164/1877 1982/1830/1553 1995/2562/2272
f 1983/2164/1877 1995/2562/2272 1996/2162/1875
f 1996/2162/1875 1995/2562/2272 2007/2563/2273
f 1996/2162/1875 2007/2563/2273 2008/2160/1873
f 2008/2160/1873 2007/2563/2273 2020/2564/2274
f 2008/2160/1873 2020/2564/2274 2021/2158/1871
f 2021/2158/1871 2020/2564/2274 2032/2565/2275
f 2021/2158/1871 2032/2565/2275 2033/2156/1869
f 2033/2156/1869 2032/2565/2275 2044/2566/2276
f 2033/2156/1869 2044/2566/2276 2045/2154/1867
f 2045/2154/1867 2044/2566/2276 2057/2567/2277
f 2045/2154/1867 2057/2567/2277 2058/2152/1865
f 2058/2152/1865 2057/2567/2277 2070/2568/2278
f 2058/2152/1865 2070/2568/2278 2071/2150/1863
f 2071/2150/1863 2070/2568/2278 2083/2569/2279
f 2071/2150/1863 2083/2569/2279 2084/2148/1861
f 2084/2148/1861 2083/2569/2279 2095/2570/2280
f 2084/2148/1861 2095/2570/2280 2096/2146/1859
f 2096/2146/1859 2095/2570/2280 2107/2571/2281
f 2096/2146/1859 2107/2571/2281 2108/2144/1857
f 2108/2144/1857 2107/2571/2281 2120/2142/1855
f 1982/1830/1553 1994/1828/1551 1995/2562/2272
f 1995/2562/2272 1994/1828/1551 2006/2141/1854
f 1995/2562/2272 2006/2141/1854 2007/2563/2273
f 2007/2563/2273 2006/2141/1854 2019/2140/1853
f 2007/2563/2273 2019/2140/1853 2020/2564/2274
f 2020/2564/2274 2019/2140/1853 2031/2139/1852
f 2020/2564/2274 2031/2139/1852 2032/2565/2275
f 2032/2565/2275 2031/2139/1852 2043/2138/1851
f 2032/2565/2275 2043/2138/1851 2044/2566/2276
f 2044/2566/2276 2043/2138/1851 2056/2137/1850
f 2044/2566/2276 2056/2137/1850 2057/2567/2277
f 2057/2567/2277 2056/2137/1850 2069/2136/1849
f 2057/2567/2277 2069/2136/1849 2070/2568/2278
f 2070/2568/2278 2069/2136/1849 2082/2135/1848
f 2070/2568/2278 2082/2135/1848 2083/2569/2279
f 2083/2569/2279 2082/2135/1848 2094/2134/1847
f 2083/2569/2279 2094/2134/1847 2095/2570/2280
f 2095/2570/2280 2094/2134/1847 2106/2133/1846
f 2095/2570/2280 2106/2133/1846 2107/2571/2281
f 2107/2571/2281 2106/2133/1846 2119/2132/1845
f 2107/2571/2281 2119/2132/1845 2120/2142/1855
f 2120/2142/1855 2119/2132/1845 2132/2131/1844
f 2028/1822/1545 2039/1820/1543 2040/2116/1829
f 2040/2116/1829 2039/1820/1543 2052/2572/2282
f 2040/2116/1829 2052/2572/2282 2053/2114/1827
f 2053/2114/1827 2052/2572/2282 2065/2573/2283
f 2053/2114/1827 2065/2573/2283 2066/2112/1825
f 2066/2112/1825 2065/2573/2283 2078/2574/2284
f 2066/2112/1825 2078/2574/2284 2079/2110/1823
f 2079/2110/1823 2078/2574/2284 2090/2575/2285
f 2079/2110/1823 2090/2575/2285 2091/2108/1821
f 2091/2108/1821 2090/2575/2285 2102/2576/2286
f 2091/2108/1821 2102/2576/2286 2103/2106/1819
f 2103/2106/1819 2102/2576/2286 2115/2577/2287
f 2103/2106/1819 2115/2577/2287 2116/2104/1817
f 2116/2104/1817 2115/2577/2287 2128/2578/2288
f 2116/2104/1817 2128/2578/2288 2129/2102/1815
f 2129/2102/1815 2128/2578/2288 2141/2579/2289
f 2129/2102/1815 2141/2579/2289 2142/2100/1813
f 2142/2100/1813 2141/2579/2289 2153/2580/2290
f 2142/2100/1813 2153/2580/2290 2154/2098/1811
f 2154/2098/1811 2153/2580/2290 2165/2581/2291
f 2154/2098/1811 2165/2581/2291 2166/2096/1809
f 2166/2096/1809 2165/2581/2291 2178/2094/1807
f 2039/1820/1543 2051/1818/1541 2052/2572/2282
f 2052/2572/2282 2051/1818/1541 2064/2093/1806
f 2052/2572/2282 2064/2093/1806 2065/2573/2283
f 2065/2573/2283 2064/2093/1806 2077/2092/1805
f 2065/2573/2283 2077/2092/1805 2078/2574/2284
f 2078/2574/2284 2077/2092/1805 2089/2091/1804
f 2078/2574/2284 2089/2091/1804 2090/2575/2285
f 2090/2575/2285 2089/2091/1804 2101/2090/1803
f 2090/2575/2285 2101/2090/1803 2102/2576/2286
f 2102/2576/2286 2101/2090/1803 2114/2089/1802
f 2102/2576/2286 2114/2089/1802 2115/2577/2287
f 2115/2577/2287 2114/2089/1802 2127/2088/1801
f 2115/2577/2287 2127/2088/1801 2128/2578/2288
f 2128/2578/2288 2127/2088/1801 2140/2087/1800
f 2128/2578/2288 2140/2087/1800 2141/2579/2289
f 2141/2579/2289 2140/2087/1800 2152/2086/1799
f 2141/2579/2289 2152/2086/1799 2153/2580/2290
f 2153/2580/2290 2152/2086/1799 2164/2085/1798
f 2153/2580/2290 2164/2085/1798 2165/2581/2291
f 2165/2581/2291 2164/2085/1798 2177/2084/1797
f 2165/2581/2291 2177/2084/1797 2178/2094/1807
f 2178/2094/1807 2177/2084/1797 2190/2083/1796
f 2086/1812/1535 2097/1810/1533 2098/2068/1781
f 2098/2068/1781 2097/1810/1533 2110/2582/2292
f 2098/2068/1781 2110/2582/2292 2111/2066/1779
f 2111/2066/1779 2110/2582/2292 2123/2583/2293
f 2111/2066/1779 2123/2583/2293 2124/2064/1777
f 2124/2064/1777 2123/2583/2293 2136/2584/2294
f 2124/2064/1777 2136/2584/2294 2137/2062/1775
f 2137/2062/1775 2136/2584/2294 2148/2585/2295
f 2137/2062/1775 2148/2585/2295 2149/2060/1773
f 2149/2060/1773 2148/2585/2295 2160/2586/2296
f 2149/2060/1773 2160/2586/2296 2161/2058/1771
f 2161/2058/1771 2160/2586/2296 2173/2587/2297
f 2161/2058/1771 2173/2587/2297 2174/2056/1769
f 2174/2056/1769 2173/2587/2297 2186/2588/2298
f 2174/2056/1769 2186/2588/2298 2187/2054/1767
f 2187/2054/1767 2186/2588/2298 2199/2448/2159
f 2097/1810/1533 2109/1808/1531 2110/2582/2292
f 2110/2582/2292 2109/1808/1531 2122/2041/1758
f 2110/2582/2292 2122/2041/1758 2123/2583/2293
f 2123/2583/2293 2122/2041/1758 2135/2040/1757
f 2123/2583/2293 2135/2040/1757 2136/2584/2294
f 2136/2584/2294 2135/2040/1757 2147/2039/1756
f 2136/2584/2294 2147/2039/1756 2148/2585/2295
f 2148/2585/2295 2147/2039/1756 2159/2038/1755
f 2148/2585/2295 2159/2038/1755 2160/2586/2296
f 2160/2586/2296 2159/2038/1755 2172/2037/1754
f 2160/2586/2296 2172/2037/1754 2173/2587/2297
f 2173/2587/2297 2172/2037/1754 2185/2036/1753
f 2173/2587/2297 2185/2036/1753 2186/2588/2298
f 2186/2588/2298 2185/2036/1753 2198/2035/1752
f 2186/2588/2298 2198/2035/1752 2199/2448/2159
f 2199/2448/2159 2198/2035/1752 1593/2034/1751
f 2133/1804/1527 2144/1802/1525 2145/2027/1745
f 2145/2027/1745 2144/1802/1525 2156/2589/2299
f 2145/2027/1745 2156/2589/2299 2157/2025/1743
f 2157/2025/1743 2156/2589/2299 2169/2590/2300
f 2157/2025/1743 2169/2590/2300 2170/2023/1741
f 2170/2023/1741 2169/2590/2300 2182/2441/2154
f 2144/1802/1525 2155/1800/1523 2156/2589/2299
f 2156/2589/2299 2155/1800/1523 2168/2591/2301
f 2156/2589/2299 2168/2591/2301 2169/2590/2300
f 2169/2590/2300 2168/2591/2301 2181/2592/2302
f 2169/2590/2300 2181/2592/2302 2182/2441/2154
f 2182/2441/2154 2181/2592/2302 2194/2439/2152
f 2155/1800/1523 2167/1798/1521 2168/2591/2301
f 2168/2591/2301 2167/1798/1521 2180/2000/1720
f 2168/2591/2301 2180/2000/1720 2181/2592/2302
f 2181/2592/2302 2180/2000/1720 2193/1999/1719
f 2181/2592/2302 2193/1999/1719 2194/2439/2152
f 2194/2439/2152 2193/1999/1719 1588/1998/1718
f 1585/1790/1515 2202/1788/1513 2203/2428/2141
f 2203/2428/2141 2202/1788/1513 2215/2593/2303
f 2203/2428/2141 2215/2593/2303 2216/2429/2142
f 2216/2429/2142 2215/2593/2303 2228/2594/2304
f 2216/2429/2142 2228/2594/2304 2229/2430/2143
f 2229/2430/2143 2228/2594/2304 2241/2595/2305
f 2229/2430/2143 2241/2595/2305 2242/2431/2144
f 2242/2431/2144 2241/2595/2305 2253/2596/2306
f 2242/2431/2144 2253/2596/2306 2254/2432/2145
f 2254/2432/2145 2253/2596/2306 2266/2597/2307
f 2254/2432/2145 2266/2597/2307 2267/2433/2146
f 2267/2433/2146 2266/2597/2307 2278/2598/2308
f 2267/2433/2146 2278/2598/2308 2279/2434/2147
f 2279/2434/2147 2278/2598/2308 2290/2599/2309
f 2279/2434/2147 2290/2599/2309 2291/2435/2148
f 2291/2435/2148 2290/2599/2309 2303/2600/2310
f 2291/2435/2148 2303/2600/2310 2304/2436/2149
f 2304/2436/2149 2303/2600/2310 2316/2601/2311
f 2304/2436/2149 2316/2601/2311 2317/2437/2150
f 2317/2437/2150 2316/2601/2311 2329/2602/2312
f 2317/2437/2150 2329/2602/2312 1600/1962/1685
f 1600/1962/1685 2329/2602/2312 1601/1940/1663
f 2206/1996/1717 2219/1995/1716 2207/2444/2156
f 2207/2444/2156 2219/1995/1716 2220/2603/2313
f 2207/2444/2156 2220/2603/2313 2208/2446/2157
f 2208/2446/2157 2220/2603/2313 2221/2604/2314
f 2208/2446/2157 2221/2604/2314 2209/2013/1733
f 2209/2013/1733 2221/2604/2314 2222/2011/1731
f 2225/2042/1759 2212/2450/2160 2224/2031/1749
f 2224/2031/1749 2212/2450/2160 2211/2032/1750
f 2202/1788/1513 2214/1786/1511 2215/2593/2303
f 2215/2593/2303 2214/1786/1511 2227/2605/2315
f 2215/2593/2303 2227/2605/2315 2228/2594/2304
f 2228/2594/2304 2227/2605/2315 2240/2606/2316
f 2228/2594/2304 2240/2606/2316 2241/2595/2305
f 2241/2595/2305 2240/2606/2316 2252/2607/2317
f 2241/2595/2305 2252/2607/2317 2253/2596/2306
f 2253/2596/2306 2252/2607/2317 2265/2608/2318
f 2253/2596/2306 2265/2608/2318 2266/2597/2307
f 2266/2597/2307 2265/2608/2318 2277/2609/2319
f 2266/2597/2307 2277/2609/2319 2278/2598/2308
f 2278/2598/2308 2277/2609/2319 2289/2610/2320
f 2278/2598/2308 2289/2610/2320 2290/2599/2309
f 2290/2599/2309 2289/2610/2320 2302/2611/2321
f 2290/2599/2309 2302/2611/2321 2303/2600/2310
f 2303/2600/2310 2302/2611/2321 2315/2612/2322
f 2303/2600/2310 2315/2612/2322 2316/2601/2311
f 2316/2601/2311 2315/2612/2322 2328/2613/2323
f 2316/2601/2311 2328/2613/2323 2329/2602/2312
f 2329/2602/2312 2328/2613/2323 2340/2614/2324
f 2329/2602/2312 2340/2614/2324 1601/1940/1663
f 1601/1940/1663 2340/2614/2324 2352/1941/1664
f 2219/1995/1716 2232/1994/1715 2220/2603/2313
f 2220/2603/2313 2232/1994/1715 2233/2615/2325
f 2220/2603/2313 2233/2615/2325 2221/2604/2314
f 2221/2604/2314 2233/2615/2325 2234/2616/2326
f 2221/2604/2314 2234/2616/2326 2222/2011/1731
f 2222/2011/1731 2234/2616/2326 2235/2009/1729
f 2237/2030/1748 2225/2042/1759 2224/2031/1749
f 2214/1786/1511 2226/1784/1509 2227/2605/2315
f 2227/2605/2315 2226/1784/1509 2239/2617/2327
f 2227/2605/2315 2239/2617/2327 2240/2606/2316
f 2240/2606/2316 2239/2617/2327 2251/2618/2328
f 2240/2606/2316 2251/2618/2328 2252/2607/2317
f 2252/2607/2317 2251/2618/2328 2264/2619/2329
f 2252/2607/2317 2264/2619/2329 2265/2608/2318
f 2265/2608/2318 2264/2619/2329 2276/2620/2330
f 2265/2608/2318 2276/2620/2330 2277/2609/2319
f 2277/2609/2319 2276/2620/2330 2288/2621/2331
f 2277/2609/2319 2288/2621/2331 2289/2610/2320
f 2289/2610/2320 2288/2621/2331 2301/2622/2332
f 2289/2610/2320 2301/2622/2332 2302/2611/2321
f 2302/2611/2321 2301/2622/2332 2314/2623/2333
f 2302/2611/2321 2314/2623/2333 2315/2612/2322
f 2315/2612/2322 2314/2623/2333 2327/2624/2334
f 2315/2612/2322 2327/2624/2334 2328/2613/2323
f 2328/2613/2323 2327/2624/2334 2339/2625/2335
f 2328/2613/2323 2339/2625/2335 2340/2614/2324
f 2340/2614/2324 2339/2625/2335 2351/1942/1665
f 2340/2614/2324 2351/1942/1665 2352/1941/1664
f 2232/1994/1715 2245/1993/1714 2233/2615/2325
f 2233/2615/2325 2245/1993/1714 2246/2626/2336
f 2233/2615/2325 2246/2626/2336 2234/2616/2326
f 2234/2616/2326 2246/2626/2336 2247/2627/2337
f 2234/2616/2326 2247/2627/2337 2235/2009/1729
f 2235/2009/1729 2247/2627/2337 2248/2007/1727
f 2226/1784/1509 2238/1782/1507 2239/2617/2327
f 2239/2617/2327 2238/1782/1507 2250/2628/2338
f 2239/2617/2327 2250/2628/2338 2251/2618/2328
f 2251/2618/2328 2250/2628/2338 2263/2629/2339
f 2251/2618/2328 2263/2629/2339 2264/2619/2329
f 2264/2619/2329 2263/2629/2339 2275/2630/2340
f 2264/2619/2329 2275/2630/2340 2276/2620/2330
f 2276/2620/2330 2275/2630/2340 2287/2631/2341
f 2276/2620/2330 2287/2631/2341 2288/2621/2331
f 2288/2621/2331 2287/2631/2341 2300/2632/2342
f 2288/2621/2331 2300/2632/2342 2301/2622/2332
f 2301/2622/2332 2300/2632/2342 2313/2633/2343
f 2301/2622/2332 2313/2633/2343 2314/2623/2333
f 2314/2623/2333 2313/2633/2343 2326/2634/2344
f 2314/2623/2333 2326/2634/2344 2327/2624/2334
f 2327/2624/2334 2326/2634/2344 2338/2635/2345
f 2327/2624/2334 2338/2635/2345 2339/2625/2335
f 2339/2625/2335 2338/2635/2345 2350/1944/1667
f 2339/2625/2335 2350/1944/1667 2351/1942/1665
f 2245/1993/1714 2257/1992/1713 2246/2626/2336
f 2246/2626/2336 2257/1992/1713 2258/2636/2346
f 2246/2626/2336 2258/2636/2346 2247/2627/2337
f 2247/2627/2337 2258/2636/2346 2259/2637/2347
f 2247/2627/2337 2259/2637/2347 2248/2007/1727
f 2248/2007/1727 2259/2637/2347 2260/2005/1725
f 2238/1782/1507 2249/1780/1505 2250/2628/2338
f 2250/2628/2338 2249/1780/1505 2262/2638/2348
f 2250/2628/2338 2262/2638/2348 2263/2629/2339
f 2263/2629/2339 2262/2638/2348 2274/2639/2349
f 2263/2629/2339 2274/2639/2349 2275/2630/2340
f 2275/2630/2340 2274/2639/2349 2286/2640/2350
f 2275/2630/2340 2286/2640/2350 2287/2631/2341
f 2287/2631/2341 2286/2640/2350 2299/2641/2351
f 2287/2631/2341 2299/2641/2351 2300/2632/2342
f 2300/2632/2342 2299/2641/2351 2312/2642/2352
f 2300/2632/2342 2312/2642/2352 2313/2633/2343
f 2313/2633/2343 2312/2642/2352 2325/2643/2353
f 2313/2633/2343 2325/2643/2353 2326/2634/2344
f 2326/2634/2344 2325/2643/2353 2337/2644/2354
f 2326/2634/2344 2337/2644/2354 2338/2635/2345
f 2338/2635/2345 2337/2644/2354 2349/1946/1669
f 2338/2635/2345 2349/1946/1669 2350/1944/1667
f 2257/1992/1713 2270/1991/1712 2258/2636/2346
f 2258/2636/2346 2270/1991/1712 2271/2645/2355
f 2258/2636/2346 2271/2645/2355 2259/2637/2347
f 2259/2637/2347 2271/2645/2355 1598/2003/1723
f 2259/2637/2347 1598/2003/1723 2260/2005/1725
f 2249/1780/1505 2261/1778/1503 2262/2638/2348
f 2262/2638/2348 2261/1778/1503 2273/2646/2356
f 2262/2638/2348 2273/2646/2356 2274/2639/2349
f 2274/2639/2349 2273/2646/2356 2285/2647/2357
f 2274/2639/2349 2285/2647/2357 2286/2640/2350
f 2286/2640/2350 2285/2647/2357 2298/2648/2358
f 2286/2640/2350 2298/2648/2358 2299/2641/2351
f 2299/2641/2351 2298/2648/2358 2311/2649/2359
f 2299/2641/2351 2311/2649/2359 2312/2642/2352
f 2312/2642/2352 2311/2649/2359 2324/2650/2360
f 2312/2642/2352 2324/2650/2360 2325/2643/2353
f 2325/2643/2353 2324/2650/2360 2336/2651/2361
f 2325/2643/2353 2336/2651/2361 2337/2644/2354
f 2337/2644/2354 2336/2651/2361 2348/1948/1671
f 2337/2644/2354 2348/1948/1671 2349/1946/1669
f 1599/2001/1721 1598/2003/1723 2271/2645/2355
f 1599/2001/1721 2271/2645/2355 2282/1990/1711
f 2282/1990/1711 2271/2645/2355 2270/1991/1712
f 2261/1778/1503 2272/1776/1501 2273/2646/2356
f 2273/2646/2356 2272/1776/1501 2284/2652/2362
f 2273/2646/2356 2284/2652/2362 2285/2647/2357
f 2285/2647/2357 2284/2652/2362 2297/2653/2363
f 2285/2647/2357 2297/2653/2363 2298/2648/2358
f 2298/2648/2358 2297/2653/2363 2310/2654/2364
f 2298/2648/2358 2310/2654/2364 2311/2649/2359
f 2311/2649/2359 2310/2654/2364 2323/2655/2365
f 2311/2649/2359 2323/2655/2365 2324/2650/2360
f 2324/2650/2360 2323/2655/2365 2335/2656/2366
f 2324/2650/2360 2335/2656/2366 2336/2651/2361
f 2336/2651/2361 2335/2656/2366 2347/1950/1673
f 2336/2651/2361 2347/1950/1673 2348/1948/1671
f 2294/1989/1710 1599/2001/1721 2282/1990/1711
f 2272/1776/1501 2283/1774/1499 2284/2652/2362
f 2284/2652/2362 2283/1774/1499 2296/2657/2367
f 2284/2652/2362 2296/2657/2367 2297/2653/2363
f 2297/2653/2363 2296/2657/2367 2309/2658/2368
f 2297/2653/2363 2309/2658/2368 2310/2654/2364
f 2310/2654/2364 2309/2658/2368 2322/2659/2369
f 2310/2654/2364 2322/2659/2369 2323/2655/2365
f 2323/2655/2365 2322/2659/2369 2334/2660/2370
f 2323/2655/2365 2334/2660/2370 2335/2656/2366
f 2335/2656/2366 2334/2660/2370 2346/1952/1675
f 2335/2656/2366 2346/1952/1675 2347/1950/1673
f 2283/1774/1499 2295/1772/1497 2296/2657/2367
f 2296/2657/2367 2295/1772/1497 2308/2661/2371
f 2296/2657/2367 2308/2661/2371 2309/2658/2368
f 2309/2658/2368 2308/2661/2371 2321/2662/2372
f 2309/2658/2368 2321/2662/2372 2322/2659/2369
f 2322/2659/2369 2321/2662/2372 2333/2663/2373
f 2322/2659/2369 2333/2663/2373 2334/2660/2370
f 2334/2660/2370 2333/2663/2373 2345/1954/1677
f 2334/2660/2370 2345/1954/1677 2346/1952/1675
f 2295/1772/1497 2307/1770/1495 2308/2661/2371
f 2308/2661/2371 2307/1770/1495 2320/2664/2374
f 2308/2661/2371 2320/2664/2374 2321/2662/2372
f 2321/2662/2372 2320/2664/2374 2332/2665/2375
f 2321/2662/2372 2332/2665/2375 2333/2663/2373
f 2333/2663/2373 2332/2665/2375 2344/1956/1679
f 2333/2663/2373 2344/1956/1679 2345/1954/1677
f 2307/1770/1495 2319/1768/1493 2320/2664/2374
f 2320/2664/2374 2319/1768/1493 2331/2666/2376
f 2320/2664/2374 2331/2666/2376 2332/2665/2375
f 2332/2665/2375 2331/2666/2376 2343/1958/1681
f 2332/2665/2375 2343/1958/1681 2344/1956/1679
f 2319/1768/1493 2330/1766/1491 2331/2666/2376
f 2331/2666/2376 2330/1766/1491 2342/1960/1683
f 2331/2666/2376 2342/1960/1683 2343/1958/1681
f 2341/1764/1489 2342/1960/1683 2330/1766/1491
f 2365/1760/1485 2366/1937/1660 2353/1762/1487
f 2353/1762/1487 2366/1937/1660 2354/1961/1684
f 2366/1937/1660 2367/1935/1658 2354/1961/1684
f 2354/1961/1684 2367/1935/1658 2355/1959/1682
f 2367/1935/1658 2368/1933/1656 2355/1959/1682
f 2355/1959/1682 2368/1933/1656 2356/1957/1680
f 2368/1933/1656 2369/1931/1654 2356/1957/1680
f 2356/1957/1680 2369/1931/1654 2357/1955/1678
f 2369/1931/1654 2370/1929/1652 2357/1955/1678
f 2357/1955/1678 2370/1929/1652 2358/1953/1676
f 2370/1929/1652 2371/1927/1650 2358/1953/1676
f 2358/1953/1676 2371/1927/1650 2359/1951/1674
f 2371/1927/1650 2372/1925/1648 2359/1951/1674
f 2359/1951/1674 2372/1925/1648 2360/1949/1672
f 2372/1925/1648 2373/1923/1646 2360/1949/1672
f 2360/1949/1672 2373/1923/1646 2361/1947/1670
f 2373/1923/1646 2374/1921/1644 2361/1947/1670
f 2361/1947/1670 2374/1921/1644 2362/1945/1668
f 2376/1918/1641 2364/1917/1640 2363/1943/1666
f 2374/1921/1644 2375/1919/1642 2362/1945/1668
f 2362/1945/1668 2375/1919/1642 2363/1943/1666
f 2375/1919/1642 2376/1918/1641 2363/1943/1666
f 2378/2667/2377 1481/2668/1480 2377/2669/2378
f 2377/2669/2378 1481/2668/1480 1480/2670/1482
f 2377/2671/2378 1480/2672/1482 2442/2673/2379
f 2442/2673/2379 1480/2672/1482 1545/2674/1484
f 2442/2673/2379 1545/2674/1484 2441/2675/2380
f 2441/2675/2380 1545/2674/1484 1544/2676/1486
f 2441/2675/2380 1544/2676/1486 2440/2677/2381
f 2440/2677/2381 1544/2676/1486 1543/2678/1488
f 2440/2677/2381 1543/2678/1488 2439/2679/2382
f 2439/2679/2382 1543/2678/1488 1542/2680/1490
f 2439/2679/2382 1542/2680/1490 2438/2681/2383
f 2438/2681/2383 1542/2680/1490 1541/2682/1492
f 2438/2681/2383 1541/2682/1492 2437/2683/2384
f 2437/2683/2384 1541/2682/1492 1540/2684/1494
f 2437/2683/2384 1540/2684/1494 2436/2685/2385
f 2436/2685/2385 1540/2684/1494 1539/2686/1496
f 2436/2685/2385 1539/2686/1496 2435/2687/2386
f 2435/2687/2386 1539/2686/1496 1538/2688/1498
f 2435/2687/2386 1538/2688/1498 2434/2689/2387
f 2434/2689/2387 1538/2688/1498 1537/2690/1500
f 2434/2689/2387 1537/2690/1500 2433/2691/2388
f 2433/2691/2388 1537/2690/1500 1536/2692/1502
f 2433/2691/2388 1536/2692/1502 2432/2693/2389
f 2432/2693/2389 1536/2692/1502 1535/2694/1504
f 2432/2693/2389 1535/2694/1504 2431/2695/2390
f 2431/2695/2390 1535/2694/1504 1534/2696/1506
f 2431/2695/2390 1534/2696/1506 2430/2697/2391
f 2430/2697/2391 1534/2696/1506 1533/2698/1508
f 2430/2697/2391 1533/2698/1508 2429/2699/2392
f 2429/2699/2392 1533/2698/1508 1532/2700/1510
f 2429/2699/2392 1532/2700/1510 2428/2701/2393
f 2428/2701/2393 1532/2700/1510 1531/2702/1512
f 2428/2701/2393 1531/2702/1512 2427/2703/2394
f 2427/2703/2394 1531/2702/1512 1530/2704/1514
f 2427/2703/2394 1530/2704/1514 2426/2705/2395
f 2426/2705/2395 1530/2704/1514 1529/2706/1516
f 2426/2705/2395 1529/2706/1516 2425/2707/2396
f 2425/2707/2396 1529/2706/1516 1528/2708/1518
f 2425/2707/2396 1528/2708/1518 2424/2709/2397
f 2424/2709/2397 1528/2708/1518 1527/2710/1520
f 2424/2709/2397 1527/2710/1520 2423/2711/2398
f 2423/2711/2398 1527/2710/1520 1526/2712/1522
f 2423/2711/2398 1526/2712/1522 2422/2713/2399
f 2422/2713/2399 1526/2712/1522 1525/2714/1524
f 2422/2713/2399 1525/2714/1524 2421/2715/2400
f 2421/2715/2400 1525/2714/1524 1524/2716/1526
f 2421/2715/2400 1524/2716/1526 2420/2717/2401
f 2420/2717/2401 1524/2716/1526 1523/2718/1528
f 2420/2717/2401 1523/2718/1528 2419/2719/2402
f 2419/2719/2402 1523/2718/1528 1522/2720/1530
f 2419/2719/2402 1522/2720/1530 2418/2721/2403
f 2418/2721/2403 1522/2720/1530 1521/2722/1532
f 2418/2721/2403 1521/2722/1532 2417/2723/2404
f 2417/2723/2404 1521/2722/1532 1520/2724/1534
f 2417/2723/2404 1520/2724/1534 2416/2725/2405
f 2416/2725/2405 1520/2724/1534 1519/2726/1536
f 2416/2725/2405 1519/2726/1536 2415/2727/2406
f 2415/2727/2406 1519/2726/1536 1518/2728/1538
f 2415/2727/2406 1518/2728/1538 2414/2729/2407
f 2414/2729/2407 1518/2728/1538 1517/2730/1540
f 2414/2729/2407 1517/2730/1540 2413/2731/2408
f 2413/2731/2408 1517/2730/1540 1516/2732/1542
f 2413/2731/2408 1516/2732/1542 2412/2733/2409
f 2412/2733/2409 1516/2732/1542 1515/2734/1544
f 2412/2733/2409 1515/2734/1544 2411/2735/2410
f 2411/2735/2410 1515/2734/1544 1514/2736/1546
f 2411/2735/2410 1514/2736/1546 2410/2737/2411
f 2410/2737/2411 1514/2736/1546 1513/2738/1548
f 2410/2737/2411 1513/2738/1548 2409/2739/2412
f 2409/2739/2412 1513/2738/1548 1512/2740/1550
f 2409/2739/2412 1512/2740/1550 2408/2741/2413
f 2408/2741/2413 1512/2740/1550 1511/2742/1552
f 2408/2741/2413 1511/2742/1552 2407/2743/2414
f 2407/2743/2414 1511/2742/1552 1510/2744/1554
f 2407/2743/2414 1510/2744/1554 2406/2745/2415
f 2406/2745/2415 1510/2744/1554 1509/2746/1556
f 2406/2745/2415 1509/2746/1556 2405/2747/2416
f 2405/2747/2416 1509/2746/1556 1508/2748/1558
f 2405/2747/2416 1508/2748/1558 2404/2749/2417
f 2404/2749/2417 1508/2748/1558 1507/2750/1560
f 2404/2749/2417 1507/2750/1560 2403/2751/2418
f 2403/2751/2418 1507/2750/1560 1506/2752/1562
f 2403/2751/2418 1506/2752/1562 2402/2753/2419
f 2402/2753/2419 1506/2752/1562 1505/2754/1564
f 2402/2753/2419 1505/2754/1564 2401/2755/2420
f 2401/2755/2420 1505/2754/1564 1504/2756/1566
f 2401/2755/2420 1504/2756/1566 2400/2757/2421
f 2400/2757/2421 1504/2756/1566 1503/2758/1568
f 2400/2757/2421 1503/2758/1568 2399/2759/2422
f 2399/2759/2422 1503/2758/1568 1502/2760/1570
f 2399/2759/2422 1502/2760/1570 2398/2761/2423
f 2398/2761/2423 1502/2760/1570 1501/2762/1572
f 2398/2761/2423 1501/2762/1572 2397/2763/2424
f 2397/2763/2424 1501/2762/1572 1500/2764/1574
f 2397/2763/2424 1500/2764/1574 2396/2765/2425
f 2396/2765/2425 1500/2764/1574 1499/2766/1576
f 2396/2765/2425 1499/2766/1576 2395/2767/2426
f 2395/2767/2426 1499/2766/1576 1498/2768/1578
f 2395/2767/2426 1498/2768/1578 2394/2769/2427
f 2394/2769/2427 1498/2768/1578 1497/2770/1580
f 2394/2769/2427 1497/2770/1580 2393/2771/2428
f 2393/2771/2428 1497/2770/1580 1496/2772/1582
f 2393/2771/2428 1496/2772/1582 2392/2773/2429
f 2392/2773/2429 1496/2772/1582 1495/2774/1584
f 2392/2773/2429 1495/2774/1584 2391/2775/2430
f 2391/2775/2430 1495/2774/1584 1494/2776/1586
f 2391/2775/2430 1494/2776/1586 2390/2777/2431
f 2390/2777/2431 1494/2776/1586 1493/2778/1588
f 2390/2777/2431 1493/2778/1588 2389/2779/2432
f 2389/2779/2432 1493/2778/1588 1492/2780/1590
f 2389/2779/2432 1492/2780/1590 2388/2781/2433
f 2388/2781/2433 1492/2780/1590 1491/2782/1592
f 2388/2781/2433 1491/2782/1592 2387/2783/2434
f 2387/2783/2434 1491/2782/1592 1490/2784/1594
f 2387/2783/2434 1490/2784/1594 2386/2785/2435
f 2386/2785/2435 1490/2784/1594 1489/2786/1596
f 2386/2785/2435 1489/2786/1596 2385/2787/2436
f 2385/2787/2436 1489/2786/1596 1488/2788/1598
f 2385/2787/2436 1488/2788/1598 2384/2789/2437
f 2384/2789/2437 1488/2788/1598 1487/2790/1600
f 2384/2789/2437 1487/2790/1600 2383/2791/2438
f 2383/2791/2438 1487/2790/1600 1486/2792/1602
f 2383/2791/2438 1486/2792/1602 2382/2793/2439
f 2382/2793/2439 1486/2792/1602 1485/2794/1604
f 2382/2793/2439 1485/2794/1604 2381/2795/2440
f 2381/2795/2440 1485/2794/1604 1484/2796/1606
f 2381/2795/2440 1484/2796/1606 2380/2797/2441
f 2380/2797/2441 1484/2796/1606 1483/2798/1608
f 2380/2797/2441 1483/2798/1608 2379/2799/2442
f 2379/2799/2442 1483/2798/1608 1482/2800/1610
f 2379/2799/2442 1482/2800/1610 2378/2667/2377
f 2378/2667/2377 1482/2800/1610 1481/2668/1480
f 1546/2801/1614 1584/2802/1616 1547/2803/1612
f 1547/2803/1612 1584/2802/1616 1548/2804/1639
f 1548/2804/1639 1584/2802/1616 1583/2805/2139
f 1548/2804/1639 1583/2805/2139 1549/2806/1662
f 1549/2806/1662 1583/2805/2139 1582/2807/2136
f 1549/2806/1662 1582/2807/2136 1550/2808/1686
f 1550/2808/1686 1582/2807/2136 1551/2809/1709
f 1551/2809/1709 1582/2807/2136 1552/2810/1722
f 1552/2810/1722 1582/2807/2136 1553/2811/1724
f 1553/2811/1724 1582/2807/2136 1554/2812/1747
f 1554/2812/1747 1582/2807/2136 1555/2813/1760
f 1555/2813/1760 1582/2807/2136 1556/2814/1783
f 1556/2814/1783 1582/2807/2136 1557/2815/1795
f 1557/2815/1795 1582/2807/2136 1558/2816/1808
f 1558/2816/1808 1582/2807/2136 1559/2817/1831
f 1559/2817/1831 1582/2807/2136 1581/2818/2128
f 1559/2817/1831 1581/2818/2128 1560/2819/1843
f 1560/2819/1843 1581/2818/2128 1561/2820/1856
f 1561/2820/1856 1581/2818/2128 1562/2821/1879
f 1562/2821/1879 1581/2818/2128 1563/2822/1891
f 1563/2822/1891 1581/2818/2128 1564/2823/1904
f 1564/2823/1904 1581/2818/2128 1565/2824/1927
f 1565/2824/1927 1581/2818/2128 1566/2825/1939
f 1566/2825/1939 1581/2818/2128 1567/2826/1952
f 1567/2826/1952 1581/2818/2128 1568/2827/1975
f 1568/2827/1975 1581/2818/2128 1569/2828/1988
f 1569/2828/1988 1581/2818/2128 1570/2829/1990
f 1570/2829/1990 1581/2818/2128 1580/2830/2120
f 1570/2829/1990 1580/2830/2120 1571/2831/2013
f 1571/2831/2013 1580/2830/2120 1579/2832/2104
f 1571/2831/2013 1579/2832/2104 1572/2833/2026
f 1572/2833/2026 1579/2832/2104 1578/2834/2102
f 1572/2833/2026 1578/2834/2102 1573/2835/2028
f 1573/2835/2028 1578/2834/2102 1577/2836/2089
f 1573/2835/2028 1577/2836/2089 1574/2837/2051
f 1574/2837/2051 1577/2836/2089 1576/2838/2066
f 1574/2837/2051 1576/2838/2066 1575/2839/2064
f 2442/2840/2379 2520/2841/2443 2377/2842/2378
f 2377/2842/2378 2520/2841/2443 2541/2843/2444
f 2377/2842/2378 2541/2843/2444 2378/2844/2377
f 2378/2844/2377 2541/2843/2444 3262/2845/2445
f 2378/2844/2377 3262/2845/2445 2379/2846/2442
f 2379/2846/2442 3262/2845/2445 3250/2847/2446
f 2379/2846/2442 3250/2847/2446 2380/2848/2441
f 2380/2848/2441 3250/2847/2446 3238/2849/2447
f 2380/2848/2441 3238/2849/2447 2381/2850/2440
f 2381/2850/2440 3238/2849/2447 3227/2851/2448
f 2381/2850/2440 3227/2851/2448 2382/2852/2439
f 2382/2852/2439 3227/2851/2448 3216/2853/2449
f 2382/2852/2439 3216/2853/2449 2383/2854/2438
f 2383/2854/2438 3216/2853/2449 3204/2855/2450
f 2383/2854/2438 3204/2855/2450 2384/2856/2437
f 2384/2856/2437 3204/2855/2450 3192/2857/2451
f 2384/2856/2437 3192/2857/2451 2385/2858/2436
f 2385/2858/2436 3192/2857/2451 3180/2859/2452
f 2385/2858/2436 3180/2859/2452 2386/2860/2435
f 2386/2860/2435 3180/2859/2452 3169/2861/2453
f 2386/2860/2435 3169/2861/2453 2387/2862/2434
f 2387/2862/2434 3169/2861/2453 3158/2863/2454
f 2387/2862/2434 3158/2863/2454 2388/2864/2433
f 2388/2864/2433 3158/2863/2454 3146/2865/2455
f 2388/2864/2433 3146/2865/2455 2389/2866/2432
f 2389/2866/2432 3146/2865/2455 3135/2867/2456
f 2389/2866/2432 3135/2867/2456 2390/2868/2431
f 2390/2868/2431 3135/2867/2456 3123/2869/2457
f 2390/2868/2431 3123/2869/2457 2391/2870/2430
f 2391/2870/2430 3123/2869/2457 3111/2871/2458
f 2391/2870/2430 3111/2871/2458 2392/2872/2429
f 2392/2872/2429 3111/2871/2458 3099/2873/2459
f 2392/2872/2429 3099/2873/2459 2393/2874/2428
f 2393/2874/2428 3099/2873/2459 2482/2875/2460
f 2393/2874/2428 2482/2875/2460 2394/2876/2427
f 2394/2877/2427 2482/2878/2460 3088/2879/2461
f 2394/2877/2427 3088/2879/2461 2395/2880/2426
f 2395/2880/2426 3088/2879/2461 3076/2881/2462
f 2395/2880/2426 3076/2881/2462 2396/2882/2425
f 2396/2882/2425 3076/2881/2462 3064/2883/2463
f 2396/2882/2425 3064/2883/2463 2397/2884/2424
f 2397/2884/2424 3064/2883/2463 3052/2885/2464
f 2397/2884/2424 3052/2885/2464 2398/2886/2423
f 2398/2886/2423 3052/2885/2464 3041/2887/2465
f 2398/2886/2423 3041/2887/2465 2399/2888/2422
f 2399/2888/2422 3041/2887/2465 3030/2889/2466
f 2399/2888/2422 3030/2889/2466 2400/2890/2421
f 2400/2890/2421 3030/2889/2466 3018/2891/2467
f 2400/2890/2421 3018/2891/2467 2401/2892/2420
f 2401/2892/2420 3018/2891/2467 3006/2893/2468
f 2401/2892/2420 3006/2893/2468 2402/2894/2419
f 2402/2894/2419 3006/2893/2468 2994/2895/2469
f 2402/2894/2419 2994/2895/2469 2403/2896/2418
f 2403/2896/2418 2994/2895/2469 2983/2897/2470
f 2403/2896/2418 2983/2897/2470 2404/2898/2417
f 2404/2898/2417 2983/2897/2470 2972/2899/2471
f 2404/2898/2417 2972/2899/2471 2405/2900/2416
f 2405/2900/2416 2972/2899/2471 2960/2901/2472
f 2405/2900/2416 2960/2901/2472 2406/2902/2415
f 2406/2902/2415 2960/2901/2472 2948/2903/2473
f 2406/2902/2415 2948/2903/2473 2407/2904/2414
f 2407/2904/2414 2948/2903/2473 2936/2905/2474
f 2407/2904/2414 2936/2905/2474 2408/2906/2413
f 2408/2906/2413 2936/2905/2474 2925/2907/2475
f 2408/2906/2413 2925/2907/2475 2409/2908/2412
f 2409/2908/2412 2925/2907/2475 2914/2909/2476
f 2409/2908/2412 2914/2909/2476 2410/2910/2411
f 2410/2910/2411 2914/2909/2476 2902/2911/2477
f 2410/2910/2411 2902/2911/2477 2411/2912/2410
f 2411/2912/2410 2902/2911/2477 2891/2913/2478
f 2411/2912/2410 2891/2913/2478 2412/2914/2409
f 2412/2914/2409 2891/2913/2478 2879/2915/2479
f 2412/2914/2409 2879/2915/2479 2413/2916/2408
f 2413/2916/2408 2879/2915/2479 2867/2917/2480
f 2413/2916/2408 2867/2917/2480 2414/2918/2407
f 2414/2918/2407 2867/2917/2480 2855/2919/2481
f 2414/2918/2407 2855/2919/2481 2415/2920/2406
f 2415/2920/2406 2855/2919/2481 2844/2921/2482
f 2415/2920/2406 2844/2921/2482 2416/2922/2405
f 2416/2922/2405 2844/2921/2482 2833/2923/2483
f 2416/2922/2405 2833/2923/2483 2417/2924/2404
f 2417/2924/2404 2833/2923/2483 2821/2925/2484
f 2417/2924/2404 2821/2925/2484 2418/2926/2403
f 2418/2926/2403 2821/2925/2484 2809/2927/2485
f 2418/2926/2403 2809/2927/2485 2419/2928/2402
f 2419/2928/2402 2809/2927/2485 2797/2929/2486
f 2419/2928/2402 2797/2929/2486 2420/2930/2401
f 2420/2930/2401 2797/2929/2486 2786/2931/2487
f 2420/2930/2401 2786/2931/2487 2421/2932/2400
f 2421/2932/2400 2786/2931/2487 2775/2933/2488
f 2421/2932/2400 2775/2933/2488 2422/2934/2399
f 2422/2934/2399 2775/2933/2488 2763/2935/2489
f 2422/2934/2399 2763/2935/2489 2423/2936/2398
f 2423/2936/2398 2763/2935/2489 2751/2937/2490
f 2423/2936/2398 2751/2937/2490 2424/2938/2397
f 2424/2938/2397 2751/2937/2490 2739/2939/2491
f 2424/2938/2397 2739/2939/2491 2425/2940/2396
f 2425/2940/2396 2739/2939/2491 2728/2941/2492
f 2425/2940/2396 2728/2941/2492 2426/2942/2395
f 2426/2942/2395 2728/2941/2492 2717/2943/2493
f 2426/2942/2395 2717/2943/2493 2427/2944/2394
f 2427/2944/2394 2717/2943/2493 2705/2945/2494
f 2427/2944/2394 2705/2945/2494 2428/2946/2393
f 2428/2946/2393 2705/2945/2494 2693/2947/2495
f 2428/2946/2393 2693/2947/2495 2429/2948/2392
f 2429/2948/2392 2693/2947/2495 2681/2949/2496
f 2429/2948/2392 2681/2949/2496 2430/2950/2391
f 2430/2950/2391 2681/2949/2496 2670/2951/2497
f 2430/2950/2391 2670/2951/2497 2431/2952/2390
f 2431/2952/2390 2670/2951/2497 2659/2953/2498
f 2431/2952/2390 2659/2953/2498 2432/2954/2389
f 2432/2954/2389 2659/2953/2498 2647/2955/2499
f 2432/2954/2389 2647/2955/2499 2433/2956/2388
f 2433/2956/2388 2647/2955/2499 2636/2957/2500
f 2433/2956/2388 2636/2957/2500 2434/2958/2387
f 2434/2958/2387 2636/2957/2500 2624/2959/2501
f 2434/2958/2387 2624/2959/2501 2435/2960/2386
f 2435/2960/2386 2624/2959/2501 2612/2961/2502
f 2435/2960/2386 2612/2961/2502 2436/2962/2385
f 2436/2962/2385 2612/2961/2502 2600/2963/2503
f 2436/2962/2385 2600/2963/2503 2437/2964/2384
f 2437/2964/2384 2600/2963/2503 2589/2965/2504
f 2437/2964/2384 2589/2965/2504 2438/2966/2383
f 2438/2966/2383 2589/2965/2504 2578/2967/2505
f 2438/2966/2383 2578/2967/2505 2439/2968/2382
f 2439/2968/2382 2578/2967/2505 2566/2969/2506
f 2439/2968/2382 2566/2969/2506 2440/2970/2381
f 2440/2970/2381 2566/2969/2506 2554/2971/2507
f 2440/2970/2381 2554/2971/2507 2441/2972/2380
f 2441/2972/2380 2554/2971/2507 2542/2973/2508
f 2441/2972/2380 2542/2973/2508 2442/2840/2379
f 2442/2840/2379 2542/2973/2508 2520/2841/2443
f 2444/2974/2509 2499/2975/2510 2443/2976/2511
f 2443/2976/2511 2499/2975/2510 2500/2977/2512
f 2443/2976/2511 2500/2977/2512 2481/2978/2513
f 2481/2978/2513 2500/2977/2512 2553/2979/2514
f 2481/2978/2513 2553/2979/2514 2565/2980/2515
f 2565/2980/2515 2553/2979/2514 2552/2981/2516
f 2565/2980/2515 2552/2981/2516 2564/2982/2517
f 2564/2982/2517 2552/2981/2516 2551/2983/2518
f 2564/2982/2517 2551/2983/2518 2563/2984/2519
f 2563/2984/2519 2551/2983/2518 2550/2985/2520
f 2563/2984/2519 2550/2985/2520 2562/2986/2521
f 2562/2986/2521 2550/2985/2520 2549/2987/2522
f 2562/2986/2521 2549/2987/2522 2561/2988/2523
f 2561/2988/2523 2549/2987/2522 2548/2989/2524
f 2561/2988/2523 2548/2989/2524 2560/2990/2525
f 2560/2990/2525 2548/2989/2524 2547/2991/2526
f 2560/2990/2525 2547/2991/2526 2559/2992/2527
f 2559/2992/2527 2547/2991/2526 2546/2993/2528
f 2559/2992/2527 2546/2993/2528 2558/2994/2529
f 2558/2994/2529 2546/2993/2528 2545/2995/2530
f 2558/2994/2529 2545/2995/2530 2557/2996/2531
f 2557/2996/2531 2545/2995/2530 2544/2997/2532
f 2557/2996/2531 2544/2997/2532 2556/2998/2533
f 2556/2998/2533 2544/2997/2532 2543/2999/2534
f 2556/2998/2533 2543/2999/2534 2555/3000/2535
f 2555/3000/2535 2543/2999/2534 2542/2973/2508
f 2555/3000/2535 2542/2973/2508 2554/2971/2507
f 2445/3001/2536 3261/3002/2537 2444/2974/2509
f 2444/2974/2509 3261/3002/2537 3273/3003/2538
f 2444/2974/2509 3273/3003/2538 2499/2975/2510
f 2499/2975/2510 3273/3003/2538 3272/3004/2539
f 2499/2975/2510 3272/3004/2539 2531/3005/2540
f 2531/3005/2540 3272/3004/2539 3271/3006/2541
f 2531/3005/2540 3271/3006/2541 2532/3007/2542
f 2532/3007/2542 3271/3006/2541 3270/3008/2543
f 2532/3007/2542 3270/3008/2543 2533/3009/2544
f 2533/3009/2544 3270/3008/2543 3269/3010/2545
f 2533/3009/2544 3269/3010/2545 2534/3011/2546
f 2534/3011/2546 3269/3010/2545 3268/3012/2547
f 2534/3011/2546 3268/3012/2547 2535/3013/2548
f 2535/3013/2548 3268/3012/2547 3267/3014/2549
f 2535/3013/2548 3267/3014/2549 2536/3015/2550
f 2536/3015/2550 3267/3014/2549 3266/3016/2551
f 2536/3015/2550 3266/3016/2551 2537/3017/2552
f 2537/3017/2552 3266/3016/2551 3265/3018/2553
f 2537/3017/2552 3265/3018/2553 2538/3019/2554
f 2538/3019/2554 3265/3018/2553 3264/3020/2555
f 2538/3019/2554 3264/3020/2555 2539/3021/2556
f 2539/3021/2556 3264/3020/2555 3263/3022/2557
f 2539/3021/2556 3263/3022/2557 2540/3023/2558
f 2540/3023/2558 3263/3022/2557 3262/2845/2445
f 2540/3023/2558 3262/2845/2445 2541/2843/2444
f 2446/3024/2559 2498/3025/2560 2445/3001/2536
f 2445/3001/2536 2498/3025/2560 3249/3026/2561
f 2445/3001/2536 3249/3026/2561 3261/3002/2537
f 3261/3002/2537 3249/3026/2561 3248/3027/2562
f 3261/3002/2537 3248/3027/2562 3260/3028/2563
f 3260/3028/2563 3248/3027/2562 3247/3029/2564
f 3260/3028/2563 3247/3029/2564 3259/3030/2565
f 3259/3030/2565 3247/3029/2564 3246/3031/2566
f 3259/3030/2565 3246/3031/2566 3258/3032/2567
f 3258/3032/2567 3246/3031/2566 3245/3033/2568
f 3258/3032/2567 3245/3033/2568 3257/3034/2569
f 3257/3034/2569 3245/3033/2568 3244/3035/2570
f 3257/3034/2569 3244/3035/2570 3256/3036/2571
f 3256/3036/2571 3244/3035/2570 3243/3037/2572
f 3256/3036/2571 3243/3037/2572 3255/3038/2573
f 3255/3038/2573 3243/3037/2572 3242/3039/2574
f 3255/3038/2573 3242/3039/2574 3254/3040/2575
f 3254/3040/2575 3242/3039/2574 3241/3041/2576
f 3254/3040/2575 3241/3041/2576 3253/3042/2577
f 3253/3042/2577 3241/3041/2576 3240/3043/2578
f 3253/3042/2577 3240/3043/2578 3252/3044/2579
f 3252/3044/2579 3240/3043/2578 3239/3045/2580
f 3252/3044/2579 3239/3045/2580 3251/3046/2581
f 3251/3046/2581 3239/3045/2580 3238/2849/2447
f 3251/3046/2581 3238/2849/2447 3250/2847/2446
f 2498/3025/2560 2446/3024/2559 2497/3047/2582
f 2497/3047/2582 2446/3024/2559 2447/3048/2583
f 2497/3047/2582 2447/3048/2583 3215/3049/2584
f 3215/3049/2584 2447/3048/2583 3203/3050/2585
f 3215/3049/2584 3203/3050/2585 3202/3051/2586
f 3202/3051/2586 3203/3050/2585 3190/3052/2587
f 3202/3051/2586 3190/3052/2587 3189/3053/2588
f 3189/3053/2588 3190/3052/2587 3178/3054/2589
f 3189/3053/2588 3178/3054/2589 3177/3055/2590
f 3177/3055/2590 3178/3054/2589 3166/3056/2591
f 3177/3055/2590 3166/3056/2591 3165/3057/2592
f 3165/3057/2592 3166/3056/2591 3153/3058/2593
f 3165/3057/2592 3153/3058/2593 3152/3059/2594
f 3152/3059/2594 3153/3058/2593 3141/3060/2595
f 3152/3059/2594 3141/3060/2595 3140/3061/2596
f 3140/3061/2596 3141/3060/2595 3128/3062/2597
f 3140/3061/2596 3128/3062/2597 3127/3063/2598
f 3127/3063/2598 3128/3062/2597 3115/3064/2599
f 3127/3063/2598 3115/3064/2599 3114/3065/2600
f 3114/3065/2600 3115/3064/2599 3102/3066/2601
f 3114/3065/2600 3102/3066/2601 3101/3067/2602
f 3101/3067/2602 3102/3066/2601 2484/3068/2603
f 3101/3067/2602 2484/3068/2603 2483/3069/2604
f 2483/3070/2604 2484/3071/2603 3089/3072/2605
f 2483/3070/2604 3089/3072/2605 3088/2879/2461
f 3088/2879/2461 3089/3072/2605 3076/2881/2462
f 2447/3048/2583 2448/3073/2606 3203/3050/2585
f 3203/3050/2585 2448/3073/2606 3191/3074/2607
f 3203/3050/2585 3191/3074/2607 3190/3052/2587
f 3190/3052/2587 3191/3074/2607 3179/3075/2608
f 3190/3052/2587 3179/3075/2608 3178/3054/2589
f 3178/3054/2589 3179/3075/2608 3167/3076/2609
f 3178/3054/2589 3167/3076/2609 3166/3056/2591
f 3166/3056/2591 3167/3076/2609 3154/3077/2610
f 3166/3056/2591 3154/3077/2610 3153/3058/2593
f 3153/3058/2593 3154/3077/2610 3142/3078/2611
f 3153/3058/2593 3142/3078/2611 3141/3060/2595
f 3141/3060/2595 3142/3078/2611 3129/3079/2612
f 3141/3060/2595 3129/3079/2612 3128/3062/2597
f 3128/3062/2597 3129/3079/2612 3116/3080/2613
f 3128/3062/2597 3116/3080/2613 3115/3064/2599
f 3115/3064/2599 3116/3080/2613 3103/3081/2614
f 3115/3064/2599 3103/3081/2614 3102/3066/2601
f 3102/3066/2601 3103/3081/2614 2485/3082/2615
f 3102/3066/2601 2485/3082/2615 2484/3068/2603
f 2484/3071/2603 2485/3083/2615 3090/3084/2616
f 2484/3071/2603 3090/3084/2616 3089/3072/2605
f 3089/3072/2605 3090/3084/2616 3077/3085/2617
f 3089/3072/2605 3077/3085/2617 3076/2881/2462
f 3076/2881/2462 3077/3085/2617 3064/2883/2463
f 3191/3074/2607 2448/3073/2606 2496/3086/2618
f 2496/3086/2618 2448/3073/2606 2449/3087/2619
f 2496/3086/2618 2449/3087/2619 2495/3088/2620
f 2495/3088/2620 2449/3087/2619 2450/3089/2621
f 2495/3088/2620 2450/3089/2621 3157/3090/2622
f 3157/3090/2622 2450/3089/2621 2494/3091/2623
f 3157/3090/2622 2494/3091/2623 3145/3092/2624
f 3145/3092/2624 2494/3091/2623 3133/3093/2625
f 3145/3092/2624 3133/3093/2625 3132/3094/2626
f 3132/3094/2626 3133/3093/2625 3120/3095/2627
f 3132/3094/2626 3120/3095/2627 3119/3096/2628
f 3119/3096/2628 3120/3095/2627 3107/3097/2629
f 3119/3096/2628 3107/3097/2629 3106/3098/2630
f 3106/3098/2630 3107/3097/2629 2489/3099/2631
f 3106/3098/2630 2489/3099/2631 2488/3100/2632
f 2488/3101/2632 2489/3102/2631 3094/3103/2633
f 2488/3101/2632 3094/3103/2633 3093/3104/2634
f 3093/3104/2634 3094/3103/2633 3081/3105/2635
f 3093/3104/2634 3081/3105/2635 3080/3106/2636
f 3080/3106/2636 3081/3105/2635 3068/3107/2637
f 3080/3106/2636 3068/3107/2637 3067/3108/2638
f 3067/3108/2638 3068/3107/2637 3055/3109/2639
f 3067/3108/2638 3055/3109/2639 3054/3110/2640
f 3054/3110/2640 3055/3109/2639 3043/3111/2641
f 3054/3110/2640 3043/3111/2641 3042/3112/2642
f 3042/3112/2642 3043/3111/2641 3031/3113/2643
f 3042/3112/2642 3031/3113/2643 3030/2889/2466
f 3030/2889/2466 3031/3113/2643 3018/2891/2467
f 2450/3089/2621 2451/3114/2644 2494/3091/2623
f 2494/3091/2623 2451/3114/2644 3134/3115/2645
f 2494/3091/2623 3134/3115/2645 3133/3093/2625
f 3133/3093/2625 3134/3115/2645 3121/3116/2646
f 3133/3093/2625 3121/3116/2646 3120/3095/2627
f 3120/3095/2627 3121/3116/2646 3108/3117/2647
f 3120/3095/2627 3108/3117/2647 3107/3097/2629
f 3107/3097/2629 3108/3117/2647 2490/3118/2648
f 3107/3097/2629 2490/3118/2648 2489/3099/2631
f 2489/3102/2631 2490/3119/2648 3095/3120/2649
f 2489/3102/2631 3095/3120/2649 3094/3103/2633
f 3094/3103/2633 3095/3120/2649 3082/3121/2650
f 3094/3103/2633 3082/3121/2650 3081/3105/2635
f 3081/3105/2635 3082/3121/2650 3069/3122/2651
f 3081/3105/2635 3069/3122/2651 3068/3107/2637
f 3068/3107/2637 3069/3122/2651 3056/3123/2652
f 3068/3107/2637 3056/3123/2652 3055/3109/2639
f 3055/3109/2639 3056/3123/2652 3044/3124/2653
f 3055/3109/2639 3044/3124/2653 3043/3111/2641
f 3043/3111/2641 3044/3124/2653 3032/3125/2654
f 3043/3111/2641 3032/3125/2654 3031/3113/2643
f 3031/3113/2643 3032/3125/2654 3019/3126/2655
f 3031/3113/2643 3019/3126/2655 3018/2891/2467
f 3018/2891/2467 3019/3126/2655 3006/2893/2468
f 3134/3115/2645 2451/3114/2644 3122/3127/2656
f 3122/3127/2656 2451/3114/2644 2452/3128/2657
f 3122/3127/2656 2452/3128/2657 3110/3129/2658
f 3110/3130/2658 2452/3131/2657 2493/3132/2659
f 3110/3129/2658 2493/3133/2659 2492/3134/2660
f 2492/3135/2660 2493/3132/2659 3098/3136/2661
f 2492/3135/2660 3098/3136/2661 3097/3137/2662
f 3097/3137/2662 3098/3136/2661 3085/3138/2663
f 3097/3137/2662 3085/3138/2663 3084/3139/2664
f 3084/3139/2664 3085/3138/2663 3072/3140/2665
f 3084/3139/2664 3072/3140/2665 3071/3141/2666
f 3071/3141/2666 3072/3140/2665 3059/3142/2667
f 3071/3141/2666 3059/3142/2667 3058/3143/2668
f 3058/3143/2668 3059/3142/2667 3047/3144/2669
f 3058/3143/2668 3047/3144/2669 3046/3145/2670
f 3046/3145/2670 3047/3144/2669 3035/3146/2671
f 3046/3145/2670 3035/3146/2671 3034/3147/2672
f 3034/3147/2672 3035/3146/2671 3022/3148/2673
f 3034/3147/2672 3022/3148/2673 3021/3149/2674
f 3021/3149/2674 3022/3148/2673 3009/3150/2675
f 3021/3149/2674 3009/3150/2675 3008/3151/2676
f 3008/3151/2676 3009/3150/2675 2996/3152/2677
f 3008/3151/2676 2996/3152/2677 2995/3153/2678
f 2995/3153/2678 2996/3152/2677 2984/3154/2679
f 2995/3153/2678 2984/3154/2679 2983/2897/2470
f 2983/2897/2470 2984/3154/2679 2972/2899/2471
f 2452/3131/2657 2453/3155/2680 2493/3132/2659
f 2493/3132/2659 2453/3155/2680 2519/3156/2681
f 2493/3132/2659 2519/3156/2681 3098/3136/2661
f 3098/3136/2661 2519/3156/2681 3086/3157/2682
f 3098/3136/2661 3086/3157/2682 3085/3138/2663
f 3085/3138/2663 3086/3157/2682 3073/3158/2683
f 3085/3138/2663 3073/3158/2683 3072/3140/2665
f 3072/3140/2665 3073/3158/2683 3060/3159/2684
f 3072/3140/2665 3060/3159/2684 3059/3142/2667
f 3059/3142/2667 3060/3159/2684 3048/3160/2685
f 3059/3142/2667 3048/3160/2685 3047/3144/2669
f 3047/3144/2669 3048/3160/2685 3036/3161/2686
f 3047/3144/2669 3036/3161/2686 3035/3146/2671
f 3035/3146/2671 3036/3161/2686 3023/3162/2687
f 3035/3146/2671 3023/3162/2687 3022/3148/2673
f 3022/3148/2673 3023/3162/2687 3010/3163/2688
f 3022/3148/2673 3010/3163/2688 3009/3150/2675
f 3009/3150/2675 3010/3163/2688 2997/3164/2689
f 3009/3150/2675 2997/3164/2689 2996/3152/2677
f 2996/3152/2677 2997/3164/2689 2985/3165/2690
f 2996/3152/2677 2985/3165/2690 2984/3154/2679
f 2984/3154/2679 2985/3165/2690 2973/3166/2691
f 2984/3154/2679 2973/3166/2691 2972/2899/2471
f 2972/2899/2471 2973/3166/2691 2960/2901/2472
f 2453/3155/2680 2454/3167/2692 2519/3156/2681
f 2519/3156/2681 2454/3167/2692 3087/3168/2693
f 2519/3156/2681 3087/3168/2693 3086/3157/2682
f 3086/3157/2682 3087/3168/2693 3074/3169/2694
f 3086/3157/2682 3074/3169/2694 3073/3158/2683
f 3073/3158/2683 3074/3169/2694 3061/3170/2695
f 3073/3158/2683 3061/3170/2695 3060/3159/2684
f 3060/3159/2684 3061/3170/2695 3049/3171/2696
f 3060/3159/2684 3049/3171/2696 3048/3160/2685
f 3048/3160/2685 3049/3171/2696 3037/3172/2697
f 3048/3160/2685 3037/3172/2697 3036/3161/2686
f 3036/3161/2686 3037/3172/2697 3024/3173/2698
f 3036/3161/2686 3024/3173/2698 3023/3162/2687
f 3023/3162/2687 3024/3173/2698 3011/3174/2699
f 3023/3162/2687 3011/3174/2699 3010/3163/2688
f 3010/3163/2688 3011/3174/2699 2998/3175/2700
f 3010/3163/2688 2998/3175/2700 2997/3164/2689
f 2997/3164/2689 2998/3175/2700 2986/3176/2701
f 2997/3164/2689 2986/3176/2701 2985/3165/2690
f 2985/3165/2690 2986/3176/2701 2974/3177/2702
f 2985/3165/2690 2974/3177/2702 2973/3166/2691
f 2973/3166/2691 2974/3177/2702 2961/3178/2703
f 2973/3166/2691 2961/3178/2703 2960/2901/2472
f 2960/2901/2472 2961/3178/2703 2948/2903/2473
f 3087/3168/2693 2454/3167/2692 3075/3179/2704
f 3075/3179/2704 2454/3167/2692 2455/3180/2705
f 3075/3179/2704 2455/3180/2705 3063/3181/2706
f 3063/3181/2706 2455/3180/2705 2518/3182/2707
f 3063/3181/2706 2518/3182/2707 3051/3183/2708
f 3051/3183/2708 2518/3182/2707 3040/3184/2709
f 3051/3183/2708 3040/3184/2709 3039/3185/2710
f 3039/3185/2710 3040/3184/2709 3027/3186/2711
f 3039/3185/2710 3027/3186/2711 3026/3187/2712
f 3026/3187/2712 3027/3186/2711 3014/3188/2713
f 3026/3187/2712 3014/3188/2713 3013/3189/2714
f 3013/3189/2714 3014/3188/2713 3001/3190/2715
f 3013/3189/2714 3001/3190/2715 3000/3191/2716
f 3000/3191/2716 3001/3190/2715 2989/3192/2717
f 3000/3191/2716 2989/3192/2717 2988/3193/2718
f 2988/3193/2718 2989/3192/2717 2977/3194/2719
f 2988/3193/2718 2977/3194/2719 2976/3195/2720
f 2976/3195/2720 2977/3194/2719 2964/3196/2721
f 2976/3195/2720 2964/3196/2721 2963/3197/2722
f 2963/3197/2722 2964/3196/2721 2951/3198/2723
f 2963/3197/2722 2951/3198/2723 2950/3199/2724
f 2950/3199/2724 2951/3198/2723 2938/3200/2725
f 2950/3199/2724 2938/3200/2725 2937/3201/2726
f 2937/3201/2726 2938/3200/2725 2926/3202/2727
f 2937/3201/2726 2926/3202/2727 2925/2907/2475
f 2925/2907/2475 2926/3202/2727 2914/2909/2476
f 2455/3180/2705 2456/3203/2728 2518/3182/2707
f 2518/3182/2707 2456/3203/2728 2517/3204/2729
f 2518/3182/2707 2517/3204/2729 3040/3184/2709
f 3040/3184/2709 2517/3204/2729 3028/3205/2730
f 3040/3184/2709 3028/3205/2730 3027/3186/2711
f 3027/3186/2711 3028/3205/2730 3015/3206/2731
f 3027/3186/2711 3015/3206/2731 3014/3188/2713
f 3014/3188/2713 3015/3206/2731 3002/3207/2732
f 3014/3188/2713 3002/3207/2732 3001/3190/2715
f 3001/3190/2715 3002/3207/2732 2990/3208/2733
f 3001/3190/2715 2990/3208/2733 2989/3192/2717
f 2989/3192/2717 2990/3208/2733 2978/3209/2734
f 2989/3192/2717 2978/3209/2734 2977/3194/2719
f 2977/3194/2719 2978/3209/2734 2965/3210/2735
f 2977/3194/2719 2965/3210/2735 2964/3196/2721
f 2964/3196/2721 2965/3210/2735 2952/3211/2736
f 2964/3196/2721 2952/3211/2736 2951/3198/2723
f 2951/3198/2723 2952/3211/2736 2939/3212/2737
f 2951/3198/2723 2939/3212/2737 2938/3200/2725
f 2938/3200/2725 2939/3212/2737 2927/3213/2738
f 2938/3200/2725 2927/3213/2738 2926/3202/2727
f 2926/3202/2727 2927/3213/2738 2915/3214/2739
f 2926/3202/2727 2915/3214/2739 2914/2909/2476
f 2914/2909/2476 2915/3214/2739 2902/2911/2477
f 2456/3203/2728 2457/3215/2740 2517/3204/2729
f 2517/3204/2729 2457/3215/2740 3029/3216/2741
f 2517/3204/2729 3029/3216/2741 3028/3205/2730
f 3028/3205/2730 3029/3216/2741 3016/3217/2742
f 3028/3205/2730 3016/3217/2742 3015/3206/2731
f 3015/3206/2731 3016/3217/2742 3003/3218/2743
f 3015/3206/2731 3003/3218/2743 3002/3207/2732
f 3002/3207/2732 3003/3218/2743 2991/3219/2744
f 3002/3207/2732 2991/3219/2744 2990/3208/2733
f 2990/3208/2733 2991/3219/2744 2979/3220/2745
f 2990/3208/2733 2979/3220/2745 2978/3209/2734
f 2978/3209/2734 2979/3220/2745 2966/3221/2746
f 2978/3209/2734 2966/3221/2746 2965/3210/2735
f 2965/3210/2735 2966/3221/2746 2953/3222/2747
f 2965/3210/2735 2953/3222/2747 2952/3211/2736
f 2952/3211/2736 2953/3222/2747 2940/3223/2748
f 2952/3211/2736 2940/3223/2748 2939/3212/2737
f 2939/3212/2737 2940/3223/2748 2928/3224/2749
f 2939/3212/2737 2928/3224/2749 2927/3213/2738
f 2927/3213/2738 2928/3224/2749 2916/3225/2750
f 2927/3213/2738 2916/3225/2750 2915/3214/2739
f 2915/3214/2739 2916/3225/2750 2903/3226/2751
f 2915/3214/2739 2903/3226/2751 2902/2911/2477
f 2902/2911/2477 2903/3226/2751 2891/2913/2478
f 3029/3216/2741 2457/3215/2740 3017/3227/2752
f 3017/3227/2752 2457/3215/2740 2458/3228/2753
f 3017/3227/2752 2458/3228/2753 3005/3229/2754
f 3005/3229/2754 2458/3228/2753 2516/3230/2755
f 3005/3229/2754 2516/3230/2755 2993/3231/2756
f 2993/3231/2756 2516/3230/2755 2982/3232/2757
f 2993/3231/2756 2982/3232/2757 2981/3233/2758
f 2981/3233/2758 2982/3232/2757 2969/3234/2759
f 2981/3233/2758 2969/3234/2759 2968/3235/2760
f 2968/3235/2760 2969/3234/2759 2956/3236/2761
f 2968/3235/2760 2956/3236/2761 2955/3237/2762
f 2955/3237/2762 2956/3236/2761 2943/3238/2763
f 2955/3237/2762 2943/3238/2763 2942/3239/2764
f 2942/3239/2764 2943/3238/2763 2931/3240/2765
f 2942/3239/2764 2931/3240/2765 2930/3241/2766
f 2930/3241/2766 2931/3240/2765 2919/3242/2767
f 2930/3241/2766 2919/3242/2767 2918/3243/2768
f 2918/3243/2768 2919/3242/2767 2906/3244/2769
f 2918/3243/2768 2906/3244/2769 2905/3245/2770
f 2905/3245/2770 2906/3244/2769 2894/3246/2771
f 2905/3245/2770 2894/3246/2771 2893/3247/2772
f 2893/3247/2772 2894/3246/2771 2881/3248/2773
f 2893/3247/2772 2881/3248/2773 2880/3249/2774
f 2880/3249/2774 2881/3248/2773 2868/3250/2775
f 2880/3249/2774 2868/3250/2775 2867/2917/2480
f 2867/2917/2480 2868/3250/2775 2855/2919/2481
f 2458/3228/2753 2459/3251/2776 2516/3230/2755
f 2516/3230/2755 2459/3251/2776 2515/3252/2777
f 2516/3230/2755 2515/3252/2777 2982/3232/2757
f 2982/3232/2757 2515/3252/2777 2970/3253/2778
f 2982/3232/2757 2970/3253/2778 2969/3234/2759
f 2969/3234/2759 2970/3253/2778 2957/3254/2779
f 2969/3234/2759 2957/3254/2779 2956/3236/2761
f 2956/3236/2761 2957/3254/2779 2944/3255/2780
f 2956/3236/2761 2944/3255/2780 2943/3238/2763
f 2943/3238/2763 2944/3255/2780 2932/3256/2781
f 2943/3238/2763 2932/3256/2781 2931/3240/2765
f 2931/3240/2765 2932/3256/2781 2920/3257/2782
f 2931/3240/2765 2920/3257/2782 2919/3242/2767
f 2919/3242/2767 2920/3257/2782 2907/3258/2783
f 2919/3242/2767 2907/3258/2783 2906/3244/2769
f 2906/3244/2769 2907/3258/2783 2895/3259/2784
f 2906/3244/2769 2895/3259/2784 2894/3246/2771
f 2894/3246/2771 2895/3259/2784 2882/3260/2785
f 2894/3246/2771 2882/3260/2785 2881/3248/2773
f 2881/3248/2773 2882/3260/2785 2869/3261/2786
f 2881/3248/2773 2869/3261/2786 2868/3250/2775
f 2868/3250/2775 2869/3261/2786 2856/3262/2787
f 2868/3250/2775 2856/3262/2787 2855/2919/2481
f 2855/2919/2481 2856/3262/2787 2844/2921/2482
f 2459/3251/2776 2460/3263/2788 2515/3252/2777
f 2515/3252/2777 2460/3263/2788 2971/3264/2789
f 2515/3252/2777 2971/3264/2789 2970/3253/2778
f 2970/3253/2778 2971/3264/2789 2958/3265/2790
f 2970/3253/2778 2958/3265/2790 2957/3254/2779
f 2957/3254/2779 2958/3265/2790 2945/3266/2791
f 2957/3254/2779 2945/3266/2791 2944/3255/2780
f 2944/3255/2780 2945/3266/2791 2933/3267/2792
f 2944/3255/2780 2933/3267/2792 2932/3256/2781
f 2932/3256/2781 2933/3267/2792 2921/3268/2793
f 2932/3256/2781 2921/3268/2793 2920/3257/2782
f 2920/3257/2782 2921/3268/2793 2908/3269/2794
f 2920/3257/2782 2908/3269/2794 2907/3258/2783
f 2907/3258/2783 2908/3269/2794 2896/3270/2795
f 2907/3258/2783 2896/3270/2795 2895/3259/2784
f 2895/3259/2784 2896/3270/2795 2883/3271/2796
f 2895/3259/2784 2883/3271/2796 2882/3260/2785
f 2882/3260/2785 2883/3271/2796 2870/3272/2797
f 2882/3260/2785 2870/3272/2797 2869/3261/2786
f 2869/3261/2786 2870/3272/2797 2857/3273/2798
f 2869/3261/2786 2857/3273/2798 2856/3262/2787
f 2856/3262/2787 2857/3273/2798 2845/3274/2799
f 2856/3262/2787 2845/3274/2799 2844/2921/2482
f 2844/2921/2482 2845/3274/2799 2833/2923/2483
f 2971/3264/2789 2460/3263/2788 2959/3275/2800
f 2959/3275/2800 2460/3263/2788 2461/3276/2801
f 2959/3275/2800 2461/3276/2801 2947/3277/2802
f 2947/3277/2802 2461/3276/2801 2514/3278/2803
f 2947/3277/2802 2514/3278/2803 2935/3279/2804
f 2935/3279/2804 2514/3278/2803 2924/3280/2805
f 2935/3279/2804 2924/3280/2805 2923/3281/2806
f 2923/3281/2806 2924/3280/2805 2911/3282/2807
f 2923/3281/2806 2911/3282/2807 2910/3283/2808
f 2910/3283/2808 2911/3282/2807 2899/3284/2809
f 2910/3283/2808 2899/3284/2809 2898/3285/2810
f 2898/3285/2810 2899/3284/2809 2886/3286/2811
f 2898/3285/2810 2886/3286/2811 2885/3287/2812
f 2885/3287/2812 2886/3286/2811 2873/3288/2813
f 2885/3287/2812 2873/3288/2813 2872/3289/2814
f 2872/3289/2814 2873/3288/2813 2860/3290/2815
f 2872/3289/2814 2860/3290/2815 2859/3291/2816
f 2859/3291/2816 2860/3290/2815 2848/3292/2817
f 2859/3291/2816 2848/3292/2817 2847/3293/2818
f 2847/3293/2818 2848/3292/2817 2836/3294/2819
f 2847/3293/2818 2836/3294/2819 2835/3295/2820
f 2835/3295/2820 2836/3294/2819 2823/3296/2821
f 2835/3295/2820 2823/3296/2821 2822/3297/2822
f 2822/3297/2822 2823/3296/2821 2810/3298/2823
f 2822/3297/2822 2810/3298/2823 2809/2927/2485
f 2809/2927/2485 2810/3298/2823 2797/2929/2486
f 2461/3276/2801 2462/3299/2824 2514/3278/2803
f 2514/3278/2803 2462/3299/2824 2513/3300/2825
f 2514/3278/2803 2513/3300/2825 2924/3280/2805
f 2924/3280/2805 2513/3300/2825 2912/3301/2826
f 2924/3280/2805 2912/3301/2826 2911/3282/2807
f 2911/3282/2807 2912/3301/2826 2900/3302/2827
f 2911/3282/2807 2900/3302/2827 2899/3284/2809
f 2899/3284/2809 2900/3302/2827 2887/3303/2828
f 2899/3284/2809 2887/3303/2828 2886/3286/2811
f 2886/3286/2811 2887/3303/2828 2874/3304/2829
f 2886/3286/2811 2874/3304/2829 2873/3288/2813
f 2873/3288/2813 2874/3304/2829 2861/3305/2830
f 2873/3288/2813 2861/3305/2830 2860/3290/2815
f 2860/3290/2815 2861/3305/2830 2849/3306/2831
f 2860/3290/2815 2849/3306/2831 2848/3292/2817
f 2848/3292/2817 2849/3306/2831 2837/3307/2832
f 2848/3292/2817 2837/3307/2832 2836/3294/2819
f 2836/3294/2819 2837/3307/2832 2824/3308/2833
f 2836/3294/2819 2824/3308/2833 2823/3296/2821
f 2823/3296/2821 2824/3308/2833 2811/3309/2834
f 2823/3296/2821 2811/3309/2834 2810/3298/2823
f 2810/3298/2823 2811/3309/2834 2798/3310/2835
f 2810/3298/2823 2798/3310/2835 2797/2929/2486
f 2797/2929/2486 2798/3310/2835 2786/2931/2487
f 2462/3299/2824 2463/3311/2836 2513/3300/2825
f 2513/3300/2825 2463/3311/2836 2913/3312/2837
f 2513/3300/2825 2913/3312/2837 2912/3301/2826
f 2912/3301/2826 2913/3312/2837 2901/3313/2838
f 2912/3301/2826 2901/3313/2838 2900/3302/2827
f 2900/3302/2827 2901/3313/2838 2888/3314/2839
f 2900/3302/2827 2888/3314/2839 2887/3303/2828
f 2887/3303/2828 2888/3314/2839 2875/3315/2840
f 2887/3303/2828 2875/3315/2840 2874/3304/2829
f 2874/3304/2829 2875/3315/2840 2862/3316/2841
f 2874/3304/2829 2862/3316/2841 2861/3305/2830
f 2861/3305/2830 2862/3316/2841 2850/3317/2842
f 2861/3305/2830 2850/3317/2842 2849/3306/2831
f 2849/3306/2831 2850/3317/2842 2838/3318/2843
f 2849/3306/2831 2838/3318/2843 2837/3307/2832
f 2837/3307/2832 2838/3318/2843 2825/3319/2844
f 2837/3307/2832 2825/3319/2844 2824/3308/2833
f 2824/3308/2833 2825/3319/2844 2812/3320/2845
f 2824/3308/2833 2812/3320/2845 2811/3309/2834
f 2811/3309/2834 2812/3320/2845 2799/3321/2846
f 2811/3309/2834 2799/3321/2846 2798/3310/2835
f 2798/3310/2835 2799/3321/2846 2787/3322/2847
f 2798/3310/2835 2787/3322/2847 2786/2931/2487
f 2786/2931/2487 2787/3322/2847 2775/2933/2488
f 2913/3312/2837 2463/3311/2836 2512/3323/2848
f 2512/3323/2848 2463/3311/2836 2464/3324/2849
f 2512/3323/2848 2464/3324/2849 2890/3325/2850
f 2890/3325/2850 2464/3324/2849 2878/3326/2851
f 2890/3325/2850 2878/3326/2851 2877/3327/2852
f 2877/3327/2852 2878/3326/2851 2865/3328/2853
f 2877/3327/2852 2865/3328/2853 2864/3329/2854
f 2864/3329/2854 2865/3328/2853 2853/3330/2855
f 2864/3329/2854 2853/3330/2855 2852/3331/2856
f 2852/3331/2856 2853/3330/2855 2841/3332/2857
f 2852/3331/2856 2841/3332/2857 2840/3333/2858
f 2840/3333/2858 2841/3332/2857 2828/3334/2859
f 2840/3333/2858 2828/3334/2859 2827/3335/2860
f 2827/3335/2860 2828/3334/2859 2815/3336/2861
f 2827/3335/2860 2815/3336/2861 2814/3337/2862
f 2814/3337/2862 2815/3336/2861 2802/3338/2863
f 2814/3337/2862 2802/3338/2863 2801/3339/2864
f 2801/3339/2864 2802/3338/2863 2790/3340/2865
f 2801/3339/2864 2790/3340/2865 2789/3341/2866
f 2789/3341/2866 2790/3340/2865 2778/3342/2867
f 2789/3341/2866 2778/3342/2867 2777/3343/2868
f 2777/3343/2868 2778/3342/2867 2765/3344/2869
f 2777/3343/2868 2765/3344/2869 2764/3345/2870
f 2764/3345/2870 2765/3344/2869 2752/3346/2871
f 2764/3345/2870 2752/3346/2871 2751/2937/2490
f 2751/2937/2490 2752/3346/2871 2739/2939/2491
f 2464/3324/2849 2465/3347/2872 2878/3326/2851
f 2878/3326/2851 2465/3347/2872 2866/3348/2873
f 2878/3326/2851 2866/3348/2873 2865/3328/2853
f 2865/3328/2853 2866/3348/2873 2854/3349/2874
f 2865/3328/2853 2854/3349/2874 2853/3330/2855
f 2853/3330/2855 2854/3349/2874 2842/3350/2875
f 2853/3330/2855 2842/3350/2875 2841/3332/2857
f 2841/3332/2857 2842/3350/2875 2829/3351/2876
f 2841/3332/2857 2829/3351/2876 2828/3334/2859
f 2828/3334/2859 2829/3351/2876 2816/3352/2877
f 2828/3334/2859 2816/3352/2877 2815/3336/2861
f 2815/3336/2861 2816/3352/2877 2803/3353/2878
f 2815/3336/2861 2803/3353/2878 2802/3338/2863
f 2802/3338/2863 2803/3353/2878 2791/3354/2879
f 2802/3338/2863 2791/3354/2879 2790/3340/2865
f 2790/3340/2865 2791/3354/2879 2779/3355/2880
f 2790/3340/2865 2779/3355/2880 2778/3342/2867
f 2778/3342/2867 2779/3355/2880 2766/3356/2881
f 2778/3342/2867 2766/3356/2881 2765/3344/2869
f 2765/3344/2869 2766/3356/2881 2753/3357/2882
f 2765/3344/2869 2753/3357/2882 2752/3346/2871
f 2752/3346/2871 2753/3357/2882 2740/3358/2883
f 2752/3346/2871 2740/3358/2883 2739/2939/2491
f 2739/2939/2491 2740/3358/2883 2728/2941/2492
f 2866/3348/2873 2465/3347/2872 2511/3359/2884
f 2511/3359/2884 2465/3347/2872 2466/3360/2885
f 2511/3359/2884 2466/3360/2885 2510/3361/2886
f 2510/3361/2886 2466/3360/2885 2467/3362/2887
f 2510/3361/2886 2467/3362/2887 2832/3363/2888
f 2832/3363/2888 2467/3362/2887 2820/3364/2889
f 2832/3363/2888 2820/3364/2889 2819/3365/2890
f 2819/3365/2890 2820/3364/2889 2807/3366/2891
f 2819/3365/2890 2807/3366/2891 2806/3367/2892
f 2806/3367/2892 2807/3366/2891 2795/3368/2893
f 2806/3367/2892 2795/3368/2893 2794/3369/2894
f 2794/3369/2894 2795/3368/2893 2783/3370/2895
f 2794/3369/2894 2783/3370/2895 2782/3371/2896
f 2782/3371/2896 2783/3370/2895 2770/3372/2897
f 2782/3371/2896 2770/3372/2897 2769/3373/2898
f 2769/3373/2898 2770/3372/2897 2757/3374/2899
f 2769/3373/2898 2757/3374/2899 2756/3375/2900
f 2756/3375/2900 2757/3374/2899 2744/3376/2901
f 2756/3375/2900 2744/3376/2901 2743/3377/2902
f 2743/3377/2902 2744/3376/2901 2732/3378/2903
f 2743/3377/2902 2732/3378/2903 2731/3379/2904
f 2731/3379/2904 2732/3378/2903 2720/3380/2905
f 2731/3379/2904 2720/3380/2905 2719/3381/2906
f 2719/3381/2906 2720/3380/2905 2707/3382/2907
f 2719/3381/2906 2707/3382/2907 2706/3383/2908
f 2706/3383/2908 2707/3382/2907 2694/3384/2909
f 2706/3383/2908 2694/3384/2909 2693/2947/2495
f 2693/2947/2495 2694/3384/2909 2681/2949/2496
f 2467/3362/2887 2468/3385/2910 2820/3364/2889
f 2820/3364/2889 2468/3385/2910 2808/3386/2911
f 2820/3364/2889 2808/3386/2911 2807/3366/2891
f 2807/3366/2891 2808/3386/2911 2796/3387/2912
f 2807/3366/2891 2796/3387/2912 2795/3368/2893
f 2795/3368/2893 2796/3387/2912 2784/3388/2913
f 2795/3368/2893 2784/3388/2913 2783/3370/2895
f 2783/3370/2895 2784/3388/2913 2771/3389/2914
f 2783/3370/2895 2771/3389/2914 2770/3372/2897
f 2770/3372/2897 2771/3389/2914 2758/3390/2915
f 2770/3372/2897 2758/3390/2915 2757/3374/2899
f 2757/3374/2899 2758/3390/2915 2745/3391/2916
f 2757/3374/2899 2745/3391/2916 2744/3376/2901
f 2744/3376/2901 2745/3391/2916 2733/3392/2917
f 2744/3376/2901 2733/3392/2917 2732/3378/2903
f 2732/3378/2903 2733/3392/2917 2721/3393/2918
f 2732/3378/2903 2721/3393/2918 2720/3380/2905
f 2720/3380/2905 2721/3393/2918 2708/3394/2919
f 2720/3380/2905 2708/3394/2919 2707/3382/2907
f 2707/3382/2907 2708/3394/2919 2695/3395/2920
f 2707/3382/2907 2695/3395/2920 2694/3384/2909
f 2694/3384/2909 2695/3395/2920 2682/3396/2921
f 2694/3384/2909 2682/3396/2921 2681/2949/2496
f 2681/2949/2496 2682/3396/2921 2670/2951/2497
f 2808/3386/2911 2468/3385/2910 2509/3397/2922
f 2509/3397/2922 2468/3385/2910 2469/3398/2923
f 2509/3397/2922 2469/3398/2923 2508/3399/2924
f 2508/3399/2924 2469/3398/2923 2470/3400/2925
f 2508/3399/2924 2470/3400/2925 2774/3401/2926
f 2774/3401/2926 2470/3400/2925 2762/3402/2927
f 2774/3401/2926 2762/3402/2927 2761/3403/2928
f 2761/3403/2928 2762/3402/2927 2749/3404/2929
f 2761/3403/2928 2749/3404/2929 2748/3405/2930
f 2748/3405/2930 2749/3404/2929 2737/3406/2931
f 2748/3405/2930 2737/3406/2931 2736/3407/2932
f 2736/3407/2932 2737/3406/2931 2725/3408/2933
f 2736/3407/2932 2725/3408/2933 2724/3409/2934
f 2724/3409/2934 2725/3408/2933 2712/3410/2935
f 2724/3409/2934 2712/3410/2935 2711/3411/2936
f 2711/3411/2936 2712/3410/2935 2699/3412/2937
f 2711/3411/2936 2699/3412/2937 2698/3413/2938
f 2698/3413/2938 2699/3412/2937 2686/3414/2939
f 2698/3413/2938 2686/3414/2939 2685/3415/2940
f 2685/3415/2940 2686/3414/2939 2674/3416/2941
f 2685/3415/2940 2674/3416/2941 2673/3417/2942
f 2673/3417/2942 2674/3416/2941 2662/3418/2943
f 2673/3417/2942 2662/3418/2943 2661/3419/2944
f 2661/3419/2944 2662/3418/2943 2649/3420/2945
f 2661/3419/2944 2649/3420/2945 2648/3421/2946
f 2648/3421/2946 2649/3420/2945 2637/3422/2947
f 2648/3421/2946 2637/3422/2947 2636/2957/2500
f 2636/2957/2500 2637/3422/2947 2624/2959/2501
f 2470/3400/2925 2471/3423/2948 2762/3402/2927
f 2762/3402/2927 2471/3423/2948 2750/3424/2949
f 2762/3402/2927 2750/3424/2949 2749/3404/2929
f 2749/3404/2929 2750/3424/2949 2738/3425/2950
f 2749/3404/2929 2738/3425/2950 2737/3406/2931
f 2737/3406/2931 2738/3425/2950 2726/3426/2951
f 2737/3406/2931 2726/3426/2951 2725/3408/2933
f 2725/3408/2933 2726/3426/2951 2713/3427/2952
f 2725/3408/2933 2713/3427/2952 2712/3410/2935
f 2712/3410/2935 2713/3427/2952 2700/3428/2953
f 2712/3410/2935 2700/3428/2953 2699/3412/2937
f 2699/3412/2937 2700/3428/2953 2687/3429/2954
f 2699/3412/2937 2687/3429/2954 2686/3414/2939
f 2686/3414/2939 2687/3429/2954 2675/3430/2955
f 2686/3414/2939 2675/3430/2955 2674/3416/2941
f 2674/3416/2941 2675/3430/2955 2663/3431/2956
f 2674/3416/2941 2663/3431/2956 2662/3418/2943
f 2662/3418/2943 2663/3431/2956 2650/3432/2957
f 2662/3418/2943 2650/3432/2957 2649/3420/2945
f 2649/3420/2945 2650/3432/2957 2638/3433/2958
f 2649/3420/2945 2638/3433/2958 2637/3422/2947
f 2637/3422/2947 2638/3433/2958 2625/3434/2959
f 2637/3422/2947 2625/3434/2959 2624/2959/2501
f 2624/2959/2501 2625/3434/2959 2612/2961/2502
f 2750/3424/2949 2471/3423/2948 2507/3435/2960
f 2507/3435/2960 2471/3423/2948 2472/3436/2961
f 2507/3435/2960 2472/3436/2961 2506/3437/2962
f 2506/3437/2962 2472/3436/2961 2473/3438/2963
f 2506/3437/2962 2473/3438/2963 2716/3439/2964
f 2716/3439/2964 2473/3438/2963 2704/3440/2965
f 2716/3439/2964 2704/3440/2965 2703/3441/2966
f 2703/3441/2966 2704/3440/2965 2691/3442/2967
f 2703/3441/2966 2691/3442/2967 2690/3443/2968
f 2690/3443/2968 2691/3442/2967 2679/3444/2969
f 2690/3443/2968 2679/3444/2969 2678/3445/2970
f 2678/3445/2970 2679/3444/2969 2667/3446/2971
f 2678/3445/2970 2667/3446/2971 2666/3447/2972
f 2666/3447/2972 2667/3446/2971 2654/3448/2973
f 2666/3447/2972 2654/3448/2973 2653/3449/2974
f 2653/3449/2974 2654/3448/2973 2642/3450/2975
f 2653/3449/2974 2642/3450/2975 2641/3451/2976
f 2641/3451/2976 2642/3450/2975 2629/3452/2977
f 2641/3451/2976 2629/3452/2977 2628/3453/2978
f 2628/3453/2978 2629/3452/2977 2616/3454/2979
f 2628/3453/2978 2616/3454/2979 2615/3455/2980
f 2615/3455/2980 2616/3454/2979 2603/3456/2981
f 2615/3455/2980 2603/3456/2981 2602/3457/2982
f 2602/3457/2982 2603/3456/2981 2591/3458/2983
f 2602/3457/2982 2591/3458/2983 2590/3459/2984
f 2590/3459/2984 2591/3458/2983 2579/3460/2985
f 2590/3459/2984 2579/3460/2985 2578/2967/2505
f 2578/2967/2505 2579/3460/2985 2566/2969/2506
f 2473/3438/2963 2474/3461/2986 2704/3440/2965
f 2704/3440/2965 2474/3461/2986 2692/3462/2987
f 2704/3440/2965 2692/3462/2987 2691/3442/2967
f 2691/3442/2967 2692/3462/2987 2680/3463/2988
f 2691/3442/2967 2680/3463/2988 2679/3444/2969
f 2679/3444/2969 2680/3463/2988 2668/3464/2989
f 2679/3444/2969 2668/3464/2989 2667/3446/2971
f 2667/3446/2971 2668/3464/2989 2655/3465/2990
f 2667/3446/2971 2655/3465/2990 2654/3448/2973
f 2654/3448/2973 2655/3465/2990 2643/3466/2991
f 2654/3448/2973 2643/3466/2991 2642/3450/2975
f 2642/3450/2975 2643/3466/2991 2630/3467/2992
f 2642/3450/2975 2630/3467/2992 2629/3452/2977
f 2629/3452/2977 2630/3467/2992 2617/3468/2993
f 2629/3452/2977 2617/3468/2993 2616/3454/2979
f 2616/3454/2979 2617/3468/2993 2604/3469/2994
f 2616/3454/2979 2604/3469/2994 2603/3456/2981
f 2603/3456/2981 2604/3469/2994 2592/3470/2995
f 2603/3456/2981 2592/3470/2995 2591/3458/2983
f 2591/3458/2983 2592/3470/2995 2580/3471/2996
f 2591/3458/2983 2580/3471/2996 2579/3460/2985
f 2579/3460/2985 2580/3471/2996 2567/3472/2997
f 2579/3460/2985 2567/3472/2997 2566/2969/2506
f 2566/2969/2506 2567/3472/2997 2554/2971/2507
f 2692/3462/2987 2474/3461/2986 2505/3473/2998
f 2505/3473/2998 2474/3461/2986 2475/3474/2999
f 2505/3473/2998 2475/3474/2999 2504/3475/3000
f 2504/3475/3000 2475/3474/2999 2476/3476/3001
f 2504/3475/3000 2476/3476/3001 2658/3477/3002
f 2658/3477/3002 2476/3476/3001 2503/3478/3003
f 2658/3477/3002 2503/3478/3003 2646/3479/3004
f 2646/3479/3004 2503/3478/3003 2634/3480/3005
f 2646/3479/3004 2634/3480/3005 2633/3481/3006
f 2633/3481/3006 2634/3480/3005 2621/3482/3007
f 2633/3481/3006 2621/3482/3007 2620/3483/3008
f 2620/3483/3008 2621/3482/3007 2608/3484/3009
f 2620/3483/3008 2608/3484/3009 2607/3485/3010
f 2607/3485/3010 2608/3484/3009 2596/3486/3011
f 2607/3485/3010 2596/3486/3011 2595/3487/3012
f 2595/3487/3012 2596/3486/3011 2584/3488/3013
f 2595/3487/3012 2584/3488/3013 2583/3489/3014
f 2583/3489/3014 2584/3488/3013 2571/3490/3015
f 2583/3489/3014 2571/3490/3015 2570/3491/3016
f 2570/3491/3016 2571/3490/3015 2558/2994/2529
f 2570/3491/3016 2558/2994/2529 2557/2996/2531
f 2476/3476/3001 2477/3492/3017 2503/3478/3003
f 2503/3478/3003 2477/3492/3017 2635/3493/3018
f 2503/3478/3003 2635/3493/3018 2634/3480/3005
f 2634/3480/3005 2635/3493/3018 2622/3494/3019
f 2634/3480/3005 2622/3494/3019 2621/3482/3007
f 2621/3482/3007 2622/3494/3019 2609/3495/3020
f 2621/3482/3007 2609/3495/3020 2608/3484/3009
f 2608/3484/3009 2609/3495/3020 2597/3496/3021
f 2608/3484/3009 2597/3496/3021 2596/3486/3011
f 2596/3486/3011 2597/3496/3021 2585/3497/3022
f 2596/3486/3011 2585/3497/3022 2584/3488/3013
f 2584/3488/3013 2585/3497/3022 2572/3498/3023
f 2584/3488/3013 2572/3498/3023 2571/3490/3015
f 2571/3490/3015 2572/3498/3023 2559/2992/2527
f 2571/3490/3015 2559/2992/2527 2558/2994/2529
f 2635/3493/3018 2477/3492/3017 2623/3499/3024
f 2623/3499/3024 2477/3492/3017 2478/3500/3025
f 2623/3499/3024 2478/3500/3025 2611/3501/3026
f 2611/3501/3026 2478/3500/3025 2502/3502/3027
f 2611/3501/3026 2502/3502/3027 2599/3503/3028
f 2599/3503/3028 2502/3502/3027 2588/3504/3029
f 2599/3503/3028 2588/3504/3029 2587/3505/3030
f 2587/3505/3030 2588/3504/3029 2575/3506/3031
f 2587/3505/3030 2575/3506/3031 2574/3507/3032
f 2574/3507/3032 2575/3506/3031 2562/2986/2521
f 2574/3507/3032 2562/2986/2521 2561/2988/2523
f 2478/3500/3025 2479/3508/3033 2502/3502/3027
f 2502/3502/3027 2479/3508/3033 2501/3509/3034
f 2502/3502/3027 2501/3509/3034 2588/3504/3029
f 2588/3504/3029 2501/3509/3034 2576/3510/3035
f 2588/3504/3029 2576/3510/3035 2575/3506/3031
f 2575/3506/3031 2576/3510/3035 2563/2984/2519
f 2575/3506/3031 2563/2984/2519 2562/2986/2521
f 2479/3508/3033 2480/3511/3036 2501/3509/3034
f 2501/3509/3034 2480/3511/3036 2577/3512/3037
f 2501/3509/3034 2577/3512/3037 2576/3510/3035
f 2576/3510/3035 2577/3512/3037 2564/2982/2517
f 2576/3510/3035 2564/2982/2517 2563/2984/2519
f 2577/3512/3037 2480/3511/3036 2565/2980/2515
f 2565/2980/2515 2480/3511/3036 2481/2978/2513
f 3088/2879/2461 2482/2878/2460 2483/3070/2604
f 2483/3069/2604 2482/2875/2460 3100/3513/3038
f 2483/3069/2604 3100/3513/3038 3101/3067/2602
f 3101/3067/2602 3100/3513/3038 3113/3514/3039
f 3101/3067/2602 3113/3514/3039 3114/3065/2600
f 3114/3065/2600 3113/3514/3039 3126/3515/3040
f 3114/3065/2600 3126/3515/3040 3127/3063/2598
f 3127/3063/2598 3126/3515/3040 3139/3516/3041
f 3127/3063/2598 3139/3516/3041 3140/3061/2596
f 3140/3061/2596 3139/3516/3041 3151/3517/3042
f 3140/3061/2596 3151/3517/3042 3152/3059/2594
f 3152/3059/2594 3151/3517/3042 3164/3518/3043
f 3152/3059/2594 3164/3518/3043 3165/3057/2592
f 3165/3057/2592 3164/3518/3043 3176/3519/3044
f 3165/3057/2592 3176/3519/3044 3177/3055/2590
f 3177/3055/2590 3176/3519/3044 3188/3520/3045
f 3177/3055/2590 3188/3520/3045 3189/3053/2588
f 3189/3053/2588 3188/3520/3045 3201/3521/3046
f 3189/3053/2588 3201/3521/3046 3202/3051/2586
f 3202/3051/2586 3201/3521/3046 3214/3522/3047
f 3202/3051/2586 3214/3522/3047 3215/3049/2584
f 3215/3049/2584 3214/3522/3047 2497/3047/2582
f 2485/3083/2615 2486/3523/3048 3091/3524/3049
f 3091/3524/3049 2486/3523/3048 3092/3525/3050
f 3091/3524/3049 3092/3525/3050 3079/3526/3051
f 3079/3526/3051 3092/3525/3050 3080/3106/2636
f 3079/3526/3051 3080/3106/2636 3067/3108/2638
f 2486/3523/3048 2487/3527/3052 3092/3525/3050
f 3092/3525/3050 2487/3527/3052 3093/3104/2634
f 3092/3525/3050 3093/3104/2634 3080/3106/2636
f 2485/3082/2615 3103/3081/2614 2486/3528/3048
f 2486/3528/3048 3103/3081/2614 3104/3529/3053
f 2486/3528/3048 3104/3529/3053 2487/3530/3052
f 2487/3530/3052 3104/3529/3053 3105/3531/3054
f 2487/3530/3052 3105/3531/3054 2488/3100/2632
f 2488/3100/2632 3105/3531/3054 3106/3098/2630
f 2487/3527/3052 2488/3101/2632 3093/3104/2634
f 2490/3119/2648 2491/3532/3055 3096/3533/3056
f 3096/3533/3056 2491/3532/3055 3097/3137/2662
f 3096/3533/3056 3097/3137/2662 3084/3139/2664
f 3097/3137/2662 2491/3532/3055 2492/3135/2660
f 2492/3134/2660 2491/3534/3055 3109/3535/3057
f 2492/3134/2660 3109/3535/3057 3110/3129/2658
f 3110/3129/2658 3109/3535/3057 3122/3127/2656
f 3109/3535/3057 2491/3534/3055 3108/3117/2647
f 3108/3117/2647 2491/3534/3055 2490/3118/2648
f 2540/3023/2558 2541/2843/2444 2521/3536/3058
f 2521/3536/3058 2541/2843/2444 2520/2841/2443
f 2521/3536/3058 2520/2841/2443 2543/2999/2534
f 2543/2999/2534 2520/2841/2443 2542/2973/2508
f 2539/3021/2556 2540/3023/2558 2522/3537/3059
f 2522/3537/3059 2540/3023/2558 2521/3536/3058
f 2522/3537/3059 2521/3536/3058 2544/2997/2532
f 2544/2997/2532 2521/3536/3058 2543/2999/2534
f 2538/3019/2554 2539/3021/2556 2523/3538/3060
f 2523/3538/3060 2539/3021/2556 2522/3537/3059
f 2523/3538/3060 2522/3537/3059 2545/2995/2530
f 2545/2995/2530 2522/3537/3059 2544/2997/2532
f 2537/3017/2552 2538/3019/2554 2524/3539/3061
f 2524/3539/3061 2538/3019/2554 2523/3538/3060
f 2524/3539/3061 2523/3538/3060 2546/2993/2528
f 2546/2993/2528 2523/3538/3060 2545/2995/2530
f 2536/3015/2550 2537/3017/2552 2525/3540/3062
f 2525/3540/3062 2537/3017/2552 2524/3539/3061
f 2525/3540/3062 2524/3539/3061 2547/2991/2526
f 2547/2991/2526 2524/3539/3061 2546/2993/2528
f 2535/3013/2548 2536/3015/2550 2526/3541/3063
f 2526/3541/3063 2536/3015/2550 2525/3540/3062
f 2526/3541/3063 2525/3540/3062 2548/2989/2524
f 2548/2989/2524 2525/3540/3062 2547/2991/2526
f 2534/3011/2546 2535/3013/2548 2527/3542/3064
f 2527/3542/3064 2535/3013/2548 2526/3541/3063
f 2527/3542/3064 2526/3541/3063 2549/2987/2522
f 2549/2987/2522 2526/3541/3063 2548/2989/2524
f 2533/3009/2544 2534/3011/2546 2528/3543/3065
f 2528/3543/3065 2534/3011/2546 2527/3542/3064
f 2528/3543/3065 2527/3542/3064 2550/2985/2520
f 2550/2985/2520 2527/3542/3064 2549/2987/2522
f 2532/3007/2542 2533/3009/2544 2529/3544/3066
f 2529/3544/3066 2533/3009/2544 2528/3543/3065
f 2529/3544/3066 2528/3543/3065 2551/2983/2518
f 2551/2983/2518 2528/3543/3065 2550/2985/2520
f 2531/3005/2540 2532/3007/2542 2530/3545/3067
f 2530/3545/3067 2532/3007/2542 2529/3544/3066
f 2530/3545/3067 2529/3544/3066 2552/2981/2516
f 2552/2981/2516 2529/3544/3066 2551/2983/2518
f 2499/2975/2510 2531/3005/2540 2500/2977/2512
f 2500/2977/2512 2531/3005/2540 2530/3545/3067
f 2500/2977/2512 2530/3545/3067 2553/2979/2514
f 2553/2979/2514 2530/3545/3067 2552/2981/2516
f 2554/2971/2507 2567/3472/2997 2555/3000/2535
f 2555/3000/2535 2567/3472/2997 2568/3546/3068
f 2555/3000/2535 2568/3546/3068 2556/2998/2533
f 2556/2998/2533 2568/3546/3068 2569/3547/3069
f 2556/2998/2533 2569/3547/3069 2557/2996/2531
f 2557/2996/2531 2569/3547/3069 2570/3491/3016
f 2559/2992/2527 2572/3498/3023 2560/2990/2525
f 2560/2990/2525 2572/3498/3023 2573/3548/3070
f 2560/2990/2525 2573/3548/3070 2561/2988/2523
f 2561/2988/2523 2573/3548/3070 2574/3507/3032
f 2577/3512/3037 2565/2980/2515 2564/2982/2517
f 2567/3472/2997 2580/3471/2996 2568/3546/3068
f 2568/3546/3068 2580/3471/2996 2581/3549/3071
f 2568/3546/3068 2581/3549/3071 2569/3547/3069
f 2569/3547/3069 2581/3549/3071 2582/3550/3072
f 2569/3547/3069 2582/3550/3072 2570/3491/3016
f 2570/3491/3016 2582/3550/3072 2583/3489/3014
f 2572/3498/3023 2585/3497/3022 2573/3548/3070
f 2573/3548/3070 2585/3497/3022 2586/3551/3073
f 2573/3548/3070 2586/3551/3073 2574/3507/3032
f 2574/3507/3032 2586/3551/3073 2587/3505/3030
f 2580/3471/2996 2592/3470/2995 2581/3549/3071
f 2581/3549/3071 2592/3470/2995 2593/3552/3074
f 2581/3549/3071 2593/3552/3074 2582/3550/3072
f 2582/3550/3072 2593/3552/3074 2594/3553/3075
f 2582/3550/3072 2594/3553/3075 2583/3489/3014
f 2583/3489/3014 2594/3553/3075 2595/3487/3012
f 2585/3497/3022 2597/3496/3021 2586/3551/3073
f 2586/3551/3073 2597/3496/3021 2598/3554/3076
f 2586/3551/3073 2598/3554/3076 2587/3505/3030
f 2587/3505/3030 2598/3554/3076 2599/3503/3028
f 2578/2967/2505 2589/2965/2504 2590/3459/2984
f 2590/3459/2984 2589/2965/2504 2601/3555/3077
f 2590/3459/2984 2601/3555/3077 2602/3457/2982
f 2602/3457/2982 2601/3555/3077 2614/3556/3078
f 2602/3457/2982 2614/3556/3078 2615/3455/2980
f 2615/3455/2980 2614/3556/3078 2627/3557/3079
f 2615/3455/2980 2627/3557/3079 2628/3453/2978
f 2628/3453/2978 2627/3557/3079 2640/3558/3080
f 2628/3453/2978 2640/3558/3080 2641/3451/2976
f 2641/3451/2976 2640/3558/3080 2652/3559/3081
f 2641/3451/2976 2652/3559/3081 2653/3449/2974
f 2653/3449/2974 2652/3559/3081 2665/3560/3082
f 2653/3449/2974 2665/3560/3082 2666/3447/2972
f 2666/3447/2972 2665/3560/3082 2677/3561/3083
f 2666/3447/2972 2677/3561/3083 2678/3445/2970
f 2678/3445/2970 2677/3561/3083 2689/3562/3084
f 2678/3445/2970 2689/3562/3084 2690/3443/2968
f 2690/3443/2968 2689/3562/3084 2702/3563/3085
f 2690/3443/2968 2702/3563/3085 2703/3441/2966
f 2703/3441/2966 2702/3563/3085 2715/3564/3086
f 2703/3441/2966 2715/3564/3086 2716/3439/2964
f 2716/3439/2964 2715/3564/3086 2506/3437/2962
f 2592/3470/2995 2604/3469/2994 2593/3552/3074
f 2593/3552/3074 2604/3469/2994 2605/3565/3087
f 2593/3552/3074 2605/3565/3087 2594/3553/3075
f 2594/3553/3075 2605/3565/3087 2606/3566/3088
f 2594/3553/3075 2606/3566/3088 2595/3487/3012
f 2595/3487/3012 2606/3566/3088 2607/3485/3010
f 2597/3496/3021 2609/3495/3020 2598/3554/3076
f 2598/3554/3076 2609/3495/3020 2610/3567/3089
f 2598/3554/3076 2610/3567/3089 2599/3503/3028
f 2599/3503/3028 2610/3567/3089 2611/3501/3026
f 2589/2965/2504 2600/2963/2503 2601/3555/3077
f 2601/3555/3077 2600/2963/2503 2613/3568/3090
f 2601/3555/3077 2613/3568/3090 2614/3556/3078
f 2614/3556/3078 2613/3568/3090 2626/3569/3091
f 2614/3556/3078 2626/3569/3091 2627/3557/3079
f 2627/3557/3079 2626/3569/3091 2639/3570/3092
f 2627/3557/3079 2639/3570/3092 2640/3558/3080
f 2640/3558/3080 2639/3570/3092 2651/3571/3093
f 2640/3558/3080 2651/3571/3093 2652/3559/3081
f 2652/3559/3081 2651/3571/3093 2664/3572/3094
f 2652/3559/3081 2664/3572/3094 2665/3560/3082
f 2665/3560/3082 2664/3572/3094 2676/3573/3095
f 2665/3560/3082 2676/3573/3095 2677/3561/3083
f 2677/3561/3083 2676/3573/3095 2688/3574/3096
f 2677/3561/3083 2688/3574/3096 2689/3562/3084
f 2689/3562/3084 2688/3574/3096 2701/3575/3097
f 2689/3562/3084 2701/3575/3097 2702/3563/3085
f 2702/3563/3085 2701/3575/3097 2714/3576/3098
f 2702/3563/3085 2714/3576/3098 2715/3564/3086
f 2715/3564/3086 2714/3576/3098 2727/3577/3099
f 2715/3564/3086 2727/3577/3099 2506/3437/2962
f 2506/3437/2962 2727/3577/3099 2507/3435/2960
f 2604/3469/2994 2617/3468/2993 2605/3565/3087
f 2605/3565/3087 2617/3468/2993 2618/3578/3100
f 2605/3565/3087 2618/3578/3100 2606/3566/3088
f 2606/3566/3088 2618/3578/3100 2619/3579/3101
f 2606/3566/3088 2619/3579/3101 2607/3485/3010
f 2607/3485/3010 2619/3579/3101 2620/3483/3008
f 2623/3499/3024 2611/3501/3026 2610/3567/3089
f 2623/3499/3024 2610/3567/3089 2622/3494/3019
f 2622/3494/3019 2610/3567/3089 2609/3495/3020
f 2600/2963/2503 2612/2961/2502 2613/3568/3090
f 2613/3568/3090 2612/2961/2502 2625/3434/2959
f 2613/3568/3090 2625/3434/2959 2626/3569/3091
f 2626/3569/3091 2625/3434/2959 2638/3433/2958
f 2626/3569/3091 2638/3433/2958 2639/3570/3092
f 2639/3570/3092 2638/3433/2958 2650/3432/2957
f 2639/3570/3092 2650/3432/2957 2651/3571/3093
f 2651/3571/3093 2650/3432/2957 2663/3431/2956
f 2651/3571/3093 2663/3431/2956 2664/3572/3094
f 2664/3572/3094 2663/3431/2956 2675/3430/2955
f 2664/3572/3094 2675/3430/2955 2676/3573/3095
f 2676/3573/3095 2675/3430/2955 2687/3429/2954
f 2676/3573/3095 2687/3429/2954 2688/3574/3096
f 2688/3574/3096 2687/3429/2954 2700/3428/2953
f 2688/3574/3096 2700/3428/2953 2701/3575/3097
f 2701/3575/3097 2700/3428/2953 2713/3427/2952
f 2701/3575/3097 2713/3427/2952 2714/3576/3098
f 2714/3576/3098 2713/3427/2952 2726/3426/2951
f 2714/3576/3098 2726/3426/2951 2727/3577/3099
f 2727/3577/3099 2726/3426/2951 2738/3425/2950
f 2727/3577/3099 2738/3425/2950 2507/3435/2960
f 2507/3435/2960 2738/3425/2950 2750/3424/2949
f 2617/3468/2993 2630/3467/2992 2618/3578/3100
f 2618/3578/3100 2630/3467/2992 2631/3580/3102
f 2618/3578/3100 2631/3580/3102 2619/3579/3101
f 2619/3579/3101 2631/3580/3102 2632/3581/3103
f 2619/3579/3101 2632/3581/3103 2620/3483/3008
f 2620/3483/3008 2632/3581/3103 2633/3481/3006
f 2635/3493/3018 2623/3499/3024 2622/3494/3019
f 2630/3467/2992 2643/3466/2991 2631/3580/3102
f 2631/3580/3102 2643/3466/2991 2644/3582/3104
f 2631/3580/3102 2644/3582/3104 2632/3581/3103
f 2632/3581/3103 2644/3582/3104 2645/3583/3105
f 2632/3581/3103 2645/3583/3105 2633/3481/3006
f 2633/3481/3006 2645/3583/3105 2646/3479/3004
f 2643/3466/2991 2655/3465/2990 2644/3582/3104
f 2644/3582/3104 2655/3465/2990 2656/3584/3106
f 2644/3582/3104 2656/3584/3106 2645/3583/3105
f 2645/3583/3105 2656/3584/3106 2657/3585/3107
f 2645/3583/3105 2657/3585/3107 2646/3479/3004
f 2646/3479/3004 2657/3585/3107 2658/3477/3002
f 2636/2957/2500 2647/2955/2499 2648/3421/2946
f 2648/3421/2946 2647/2955/2499 2660/3586/3108
f 2648/3421/2946 2660/3586/3108 2661/3419/2944
f 2661/3419/2944 2660/3586/3108 2672/3587/3109
f 2661/3419/2944 2672/3587/3109 2673/3417/2942
f 2673/3417/2942 2672/3587/3109 2684/3588/3110
f 2673/3417/2942 2684/3588/3110 2685/3415/2940
f 2685/3415/2940 2684/3588/3110 2697/3589/3111
f 2685/3415/2940 2697/3589/3111 2698/3413/2938
f 2698/3413/2938 2697/3589/3111 2710/3590/3112
f 2698/3413/2938 2710/3590/3112 2711/3411/2936
f 2711/3411/2936 2710/3590/3112 2723/3591/3113
f 2711/3411/2936 2723/3591/3113 2724/3409/2934
f 2724/3409/2934 2723/3591/3113 2735/3592/3114
f 2724/3409/2934 2735/3592/3114 2736/3407/2932
f 2736/3407/2932 2735/3592/3114 2747/3593/3115
f 2736/3407/2932 2747/3593/3115 2748/3405/2930
f 2748/3405/2930 2747/3593/3115 2760/3594/3116
f 2748/3405/2930 2760/3594/3116 2761/3403/2928
f 2761/3403/2928 2760/3594/3116 2773/3595/3117
f 2761/3403/2928 2773/3595/3117 2774/3401/2926
f 2774/3401/2926 2773/3595/3117 2508/3399/2924
f 2655/3465/2990 2668/3464/2989 2656/3584/3106
f 2656/3584/3106 2668/3464/2989 2669/3596/3118
f 2656/3584/3106 2669/3596/3118 2657/3585/3107
f 2657/3585/3107 2669/3596/3118 2504/3475/3000
f 2657/3585/3107 2504/3475/3000 2658/3477/3002
f 2647/2955/2499 2659/2953/2498 2660/3586/3108
f 2660/3586/3108 2659/2953/2498 2671/3597/3119
f 2660/3586/3108 2671/3597/3119 2672/3587/3109
f 2672/3587/3109 2671/3597/3119 2683/3598/3120
f 2672/3587/3109 2683/3598/3120 2684/3588/3110
f 2684/3588/3110 2683/3598/3120 2696/3599/3121
f 2684/3588/3110 2696/3599/3121 2697/3589/3111
f 2697/3589/3111 2696/3599/3121 2709/3600/3122
f 2697/3589/3111 2709/3600/3122 2710/3590/3112
f 2710/3590/3112 2709/3600/3122 2722/3601/3123
f 2710/3590/3112 2722/3601/3123 2723/3591/3113
f 2723/3591/3113 2722/3601/3123 2734/3602/3124
f 2723/3591/3113 2734/3602/3124 2735/3592/3114
f 2735/3592/3114 2734/3602/3124 2746/3603/3125
f 2735/3592/3114 2746/3603/3125 2747/3593/3115
f 2747/3593/3115 2746/3603/3125 2759/3604/3126
f 2747/3593/3115 2759/3604/3126 2760/3594/3116
f 2760/3594/3116 2759/3604/3126 2772/3605/3127
f 2760/3594/3116 2772/3605/3127 2773/3595/3117
f 2773/3595/3117 2772/3605/3127 2785/3606/3128
f 2773/3595/3117 2785/3606/3128 2508/3399/2924
f 2508/3399/2924 2785/3606/3128 2509/3397/2922
f 2505/3473/2998 2504/3475/3000 2669/3596/3118
f 2505/3473/2998 2669/3596/3118 2680/3463/2988
f 2680/3463/2988 2669/3596/3118 2668/3464/2989
f 2659/2953/2498 2670/2951/2497 2671/3597/3119
f 2671/3597/3119 2670/2951/2497 2682/3396/2921
f 2671/3597/3119 2682/3396/2921 2683/3598/3120
f 2683/3598/3120 2682/3396/2921 2695/3395/2920
f 2683/3598/3120 2695/3395/2920 2696/3599/3121
f 2696/3599/3121 2695/3395/2920 2708/3394/2919
f 2696/3599/3121 2708/3394/2919 2709/3600/3122
f 2709/3600/3122 2708/3394/2919 2721/3393/2918
f 2709/3600/3122 2721/3393/2918 2722/3601/3123
f 2722/3601/3123 2721/3393/2918 2733/3392/2917
f 2722/3601/3123 2733/3392/2917 2734/3602/3124
f 2734/3602/3124 2733/3392/2917 2745/3391/2916
f 2734/3602/3124 2745/3391/2916 2746/3603/3125
f 2746/3603/3125 2745/3391/2916 2758/3390/2915
f 2746/3603/3125 2758/3390/2915 2759/3604/3126
f 2759/3604/3126 2758/3390/2915 2771/3389/2914
f 2759/3604/3126 2771/3389/2914 2772/3605/3127
f 2772/3605/3127 2771/3389/2914 2784/3388/2913
f 2772/3605/3127 2784/3388/2913 2785/3606/3128
f 2785/3606/3128 2784/3388/2913 2796/3387/2912
f 2785/3606/3128 2796/3387/2912 2509/3397/2922
f 2509/3397/2922 2796/3387/2912 2808/3386/2911
f 2692/3462/2987 2505/3473/2998 2680/3463/2988
f 2693/2947/2495 2705/2945/2494 2706/3383/2908
f 2706/3383/2908 2705/2945/2494 2718/3607/3129
f 2706/3383/2908 2718/3607/3129 2719/3381/2906
f 2719/3381/2906 2718/3607/3129 2730/3608/3130
f 2719/3381/2906 2730/3608/3130 2731/3379/2904
f 2731/3379/2904 2730/3608/3130 2742/3609/3131
f 2731/3379/2904 2742/3609/3131 2743/3377/2902
f 2743/3377/2902 2742/3609/3131 2755/3610/3132
f 2743/3377/2902 2755/3610/3132 2756/3375/2900
f 2756/3375/2900 2755/3610/3132 2768/3611/3133
f 2756/3375/2900 2768/3611/3133 2769/3373/2898
f 2769/3373/2898 2768/3611/3133 2781/3612/3134
f 2769/3373/2898 2781/3612/3134 2782/3371/2896
f 2782/3371/2896 2781/3612/3134 2793/3613/3135
f 2782/3371/2896 2793/3613/3135 2794/3369/2894
f 2794/3369/2894 2793/3613/3135 2805/3614/3136
f 2794/3369/2894 2805/3614/3136 2806/3367/2892
f 2806/3367/2892 2805/3614/3136 2818/3615/3137
f 2806/3367/2892 2818/3615/3137 2819/3365/2890
f 2819/3365/2890 2818/3615/3137 2831/3616/3138
f 2819/3365/2890 2831/3616/3138 2832/3363/2888
f 2832/3363/2888 2831/3616/3138 2510/3361/2886
f 2705/2945/2494 2717/2943/2493 2718/3607/3129
f 2718/3607/3129 2717/2943/2493 2729/3617/3139
f 2718/3607/3129 2729/3617/3139 2730/3608/3130
f 2730/3608/3130 2729/3617/3139 2741/3618/3140
f 2730/3608/3130 2741/3618/3140 2742/3609/3131
f 2742/3609/3131 2741/3618/3140 2754/3619/3141
f 2742/3609/3131 2754/3619/3141 2755/3610/3132
f 2755/3610/3132 2754/3619/3141 2767/3620/3142
f 2755/3610/3132 2767/3620/3142 2768/3611/3133
f 2768/3611/3133 2767/3620/3142 2780/3621/3143
f 2768/3611/3133 2780/3621/3143 2781/3612/3134
f 2781/3612/3134 2780/3621/3143 2792/3622/3144
f 2781/3612/3134 2792/3622/3144 2793/3613/3135
f 2793/3613/3135 2792/3622/3144 2804/3623/3145
f 2793/3613/3135 2804/3623/3145 2805/3614/3136
f 2805/3614/3136 2804/3623/3145 2817/3624/3146
f 2805/3614/3136 2817/3624/3146 2818/3615/3137
f 2818/3615/3137 2817/3624/3146 2830/3625/3147
f 2818/3615/3137 2830/3625/3147 2831/3616/3138
f 2831/3616/3138 2830/3625/3147 2843/3626/3148
f 2831/3616/3138 2843/3626/3148 2510/3361/2886
f 2510/3361/2886 2843/3626/3148 2511/3359/2884
f 2717/2943/2493 2728/2941/2492 2729/3617/3139
f 2729/3617/3139 2728/2941/2492 2740/3358/2883
f 2729/3617/3139 2740/3358/2883 2741/3618/3140
f 2741/3618/3140 2740/3358/2883 2753/3357/2882
f 2741/3618/3140 2753/3357/2882 2754/3619/3141
f 2754/3619/3141 2753/3357/2882 2766/3356/2881
f 2754/3619/3141 2766/3356/2881 2767/3620/3142
f 2767/3620/3142 2766/3356/2881 2779/3355/2880
f 2767/3620/3142 2779/3355/2880 2780/3621/3143
f 2780/3621/3143 2779/3355/2880 2791/3354/2879
f 2780/3621/3143 2791/3354/2879 2792/3622/3144
f 2792/3622/3144 2791/3354/2879 2803/3353/2878
f 2792/3622/3144 2803/3353/2878 2804/3623/3145
f 2804/3623/3145 2803/3353/2878 2816/3352/2877
f 2804/3623/3145 2816/3352/2877 2817/3624/3146
f 2817/3624/3146 2816/3352/2877 2829/3351/2876
f 2817/3624/3146 2829/3351/2876 2830/3625/3147
f 2830/3625/3147 2829/3351/2876 2842/3350/2875
f 2830/3625/3147 2842/3350/2875 2843/3626/3148
f 2843/3626/3148 2842/3350/2875 2854/3349/2874
f 2843/3626/3148 2854/3349/2874 2511/3359/2884
f 2511/3359/2884 2854/3349/2874 2866/3348/2873
f 2751/2937/2490 2763/2935/2489 2764/3345/2870
f 2764/3345/2870 2763/2935/2489 2776/3627/3149
f 2764/3345/2870 2776/3627/3149 2777/3343/2868
f 2777/3343/2868 2776/3627/3149 2788/3628/3150
f 2777/3343/2868 2788/3628/3150 2789/3341/2866
f 2789/3341/2866 2788/3628/3150 2800/3629/3151
f 2789/3341/2866 2800/3629/3151 2801/3339/2864
f 2801/3339/2864 2800/3629/3151 2813/3630/3152
f 2801/3339/2864 2813/3630/3152 2814/3337/2862
f 2814/3337/2862 2813/3630/3152 2826/3631/3153
f 2814/3337/2862 2826/3631/3153 2827/3335/2860
f 2827/3335/2860 2826/3631/3153 2839/3632/3154
f 2827/3335/2860 2839/3632/3154 2840/3333/2858
f 2840/3333/2858 2839/3632/3154 2851/3633/3155
f 2840/3333/2858 2851/3633/3155 2852/3331/2856
f 2852/3331/2856 2851/3633/3155 2863/3634/3156
f 2852/3331/2856 2863/3634/3156 2864/3329/2854
f 2864/3329/2854 2863/3634/3156 2876/3635/3157
f 2864/3329/2854 2876/3635/3157 2877/3327/2852
f 2877/3327/2852 2876/3635/3157 2889/3636/3158
f 2877/3327/2852 2889/3636/3158 2890/3325/2850
f 2890/3325/2850 2889/3636/3158 2512/3323/2848
f 2763/2935/2489 2775/2933/2488 2776/3627/3149
f 2776/3627/3149 2775/2933/2488 2787/3322/2847
f 2776/3627/3149 2787/3322/2847 2788/3628/3150
f 2788/3628/3150 2787/3322/2847 2799/3321/2846
f 2788/3628/3150 2799/3321/2846 2800/3629/3151
f 2800/3629/3151 2799/3321/2846 2812/3320/2845
f 2800/3629/3151 2812/3320/2845 2813/3630/3152
f 2813/3630/3152 2812/3320/2845 2825/3319/2844
f 2813/3630/3152 2825/3319/2844 2826/3631/3153
f 2826/3631/3153 2825/3319/2844 2838/3318/2843
f 2826/3631/3153 2838/3318/2843 2839/3632/3154
f 2839/3632/3154 2838/3318/2843 2850/3317/2842
f 2839/3632/3154 2850/3317/2842 2851/3633/3155
f 2851/3633/3155 2850/3317/2842 2862/3316/2841
f 2851/3633/3155 2862/3316/2841 2863/3634/3156
f 2863/3634/3156 2862/3316/2841 2875/3315/2840
f 2863/3634/3156 2875/3315/2840 2876/3635/3157
f 2876/3635/3157 2875/3315/2840 2888/3314/2839
f 2876/3635/3157 2888/3314/2839 2889/3636/3158
f 2889/3636/3158 2888/3314/2839 2901/3313/2838
f 2889/3636/3158 2901/3313/2838 2512/3323/2848
f 2512/3323/2848 2901/3313/2838 2913/3312/2837
f 2809/2927/2485 2821/2925/2484 2822/3297/2822
f 2822/3297/2822 2821/2925/2484 2834/3637/3159
f 2822/3297/2822 2834/3637/3159 2835/3295/2820
f 2835/3295/2820 2834/3637/3159 2846/3638/3160
f 2835/3295/2820 2846/3638/3160 2847/3293/2818
f 2847/3293/2818 2846/3638/3160 2858/3639/3161
f 2847/3293/2818 2858/3639/3161 2859/3291/2816
f 2859/3291/2816 2858/3639/3161 2871/3640/3162
f 2859/3291/2816 2871/3640/3162 2872/3289/2814
f 2872/3289/2814 2871/3640/3162 2884/3641/3163
f 2872/3289/2814 2884/3641/3163 2885/3287/2812
f 2885/3287/2812 2884/3641/3163 2897/3642/3164
f 2885/3287/2812 2897/3642/3164 2898/3285/2810
f 2898/3285/2810 2897/3642/3164 2909/3643/3165
f 2898/3285/2810 2909/3643/3165 2910/3283/2808
f 2910/3283/2808 2909/3643/3165 2922/3644/3166
f 2910/3283/2808 2922/3644/3166 2923/3281/2806
f 2923/3281/2806 2922/3644/3166 2934/3645/3167
f 2923/3281/2806 2934/3645/3167 2935/3279/2804
f 2935/3279/2804 2934/3645/3167 2946/3646/3168
f 2935/3279/2804 2946/3646/3168 2947/3277/2802
f 2947/3277/2802 2946/3646/3168 2959/3275/2800
f 2821/2925/2484 2833/2923/2483 2834/3637/3159
f 2834/3637/3159 2833/2923/2483 2845/3274/2799
f 2834/3637/3159 2845/3274/2799 2846/3638/3160
f 2846/3638/3160 2845/3274/2799 2857/3273/2798
f 2846/3638/3160 2857/3273/2798 2858/3639/3161
f 2858/3639/3161 2857/3273/2798 2870/3272/2797
f 2858/3639/3161 2870/3272/2797 2871/3640/3162
f 2871/3640/3162 2870/3272/2797 2883/3271/2796
f 2871/3640/3162 2883/3271/2796 2884/3641/3163
f 2884/3641/3163 2883/3271/2796 2896/3270/2795
f 2884/3641/3163 2896/3270/2795 2897/3642/3164
f 2897/3642/3164 2896/3270/2795 2908/3269/2794
f 2897/3642/3164 2908/3269/2794 2909/3643/3165
f 2909/3643/3165 2908/3269/2794 2921/3268/2793
f 2909/3643/3165 2921/3268/2793 2922/3644/3166
f 2922/3644/3166 2921/3268/2793 2933/3267/2792
f 2922/3644/3166 2933/3267/2792 2934/3645/3167
f 2934/3645/3167 2933/3267/2792 2945/3266/2791
f 2934/3645/3167 2945/3266/2791 2946/3646/3168
f 2946/3646/3168 2945/3266/2791 2958/3265/2790
f 2946/3646/3168 2958/3265/2790 2959/3275/2800
f 2959/3275/2800 2958/3265/2790 2971/3264/2789
f 2867/2917/2480 2879/2915/2479 2880/3249/2774
f 2880/3249/2774 2879/2915/2479 2892/3647/3169
f 2880/3249/2774 2892/3647/3169 2893/3247/2772
f 2893/3247/2772 2892/3647/3169 2904/3648/3170
f 2893/3247/2772 2904/3648/3170 2905/3245/2770
f 2905/3245/2770 2904/3648/3170 2917/3649/3171
f 2905/3245/2770 2917/3649/3171 2918/3243/2768
f 2918/3243/2768 2917/3649/3171 2929/3650/3172
f 2918/3243/2768 2929/3650/3172 2930/3241/2766
f 2930/3241/2766 2929/3650/3172 2941/3651/3173
f 2930/3241/2766 2941/3651/3173 2942/3239/2764
f 2942/3239/2764 2941/3651/3173 2954/3652/3174
f 2942/3239/2764 2954/3652/3174 2955/3237/2762
f 2955/3237/2762 2954/3652/3174 2967/3653/3175
f 2955/3237/2762 2967/3653/3175 2968/3235/2760
f 2968/3235/2760 2967/3653/3175 2980/3654/3176
f 2968/3235/2760 2980/3654/3176 2981/3233/2758
f 2981/3233/2758 2980/3654/3176 2992/3655/3177
f 2981/3233/2758 2992/3655/3177 2993/3231/2756
f 2993/3231/2756 2992/3655/3177 3004/3656/3178
f 2993/3231/2756 3004/3656/3178 3005/3229/2754
f 3005/3229/2754 3004/3656/3178 3017/3227/2752
f 2879/2915/2479 2891/2913/2478 2892/3647/3169
f 2892/3647/3169 2891/2913/2478 2903/3226/2751
f 2892/3647/3169 2903/3226/2751 2904/3648/3170
f 2904/3648/3170 2903/3226/2751 2916/3225/2750
f 2904/3648/3170 2916/3225/2750 2917/3649/3171
f 2917/3649/3171 2916/3225/2750 2928/3224/2749
f 2917/3649/3171 2928/3224/2749 2929/3650/3172
f 2929/3650/3172 2928/3224/2749 2940/3223/2748
f 2929/3650/3172 2940/3223/2748 2941/3651/3173
f 2941/3651/3173 2940/3223/2748 2953/3222/2747
f 2941/3651/3173 2953/3222/2747 2954/3652/3174
f 2954/3652/3174 2953/3222/2747 2966/3221/2746
f 2954/3652/3174 2966/3221/2746 2967/3653/3175
f 2967/3653/3175 2966/3221/2746 2979/3220/2745
f 2967/3653/3175 2979/3220/2745 2980/3654/3176
f 2980/3654/3176 2979/3220/2745 2991/3219/2744
f 2980/3654/3176 2991/3219/2744 2992/3655/3177
f 2992/3655/3177 2991/3219/2744 3003/3218/2743
f 2992/3655/3177 3003/3218/2743 3004/3656/3178
f 3004/3656/3178 3003/3218/2743 3016/3217/2742
f 3004/3656/3178 3016/3217/2742 3017/3227/2752
f 3017/3227/2752 3016/3217/2742 3029/3216/2741
f 2925/2907/2475 2936/2905/2474 2937/3201/2726
f 2937/3201/2726 2936/2905/2474 2949/3657/3179
f 2937/3201/2726 2949/3657/3179 2950/3199/2724
f 2950/3199/2724 2949/3657/3179 2962/3658/3180
f 2950/3199/2724 2962/3658/3180 2963/3197/2722
f 2963/3197/2722 2962/3658/3180 2975/3659/3181
f 2963/3197/2722 2975/3659/3181 2976/3195/2720
f 2976/3195/2720 2975/3659/3181 2987/3660/3182
f 2976/3195/2720 2987/3660/3182 2988/3193/2718
f 2988/3193/2718 2987/3660/3182 2999/3661/3183
f 2988/3193/2718 2999/3661/3183 3000/3191/2716
f 3000/3191/2716 2999/3661/3183 3012/3662/3184
f 3000/3191/2716 3012/3662/3184 3013/3189/2714
f 3013/3189/2714 3012/3662/3184 3025/3663/3185
f 3013/3189/2714 3025/3663/3185 3026/3187/2712
f 3026/3187/2712 3025/3663/3185 3038/3664/3186
f 3026/3187/2712 3038/3664/3186 3039/3185/2710
f 3039/3185/2710 3038/3664/3186 3050/3665/3187
f 3039/3185/2710 3050/3665/3187 3051/3183/2708
f 3051/3183/2708 3050/3665/3187 3062/3666/3188
f 3051/3183/2708 3062/3666/3188 3063/3181/2706
f 3063/3181/2706 3062/3666/3188 3075/3179/2704
f 2936/2905/2474 2948/2903/2473 2949/3657/3179
f 2949/3657/3179 2948/2903/2473 2961/3178/2703
f 2949/3657/3179 2961/3178/2703 2962/3658/3180
f 2962/3658/3180 2961/3178/2703 2974/3177/2702
f 2962/3658/3180 2974/3177/2702 2975/3659/3181
f 2975/3659/3181 2974/3177/2702 2986/3176/2701
f 2975/3659/3181 2986/3176/2701 2987/3660/3182
f 2987/3660/3182 2986/3176/2701 2998/3175/2700
f 2987/3660/3182 2998/3175/2700 2999/3661/3183
f 2999/3661/3183 2998/3175/2700 3011/3174/2699
f 2999/3661/3183 3011/3174/2699 3012/3662/3184
f 3012/3662/3184 3011/3174/2699 3024/3173/2698
f 3012/3662/3184 3024/3173/2698 3025/3663/3185
f 3025/3663/3185 3024/3173/2698 3037/3172/2697
f 3025/3663/3185 3037/3172/2697 3038/3664/3186
f 3038/3664/3186 3037/3172/2697 3049/3171/2696
f 3038/3664/3186 3049/3171/2696 3050/3665/3187
f 3050/3665/3187 3049/3171/2696 3061/3170/2695
f 3050/3665/3187 3061/3170/2695 3062/3666/3188
f 3062/3666/3188 3061/3170/2695 3074/3169/2694
f 3062/3666/3188 3074/3169/2694 3075/3179/2704
f 3075/3179/2704 3074/3169/2694 3087/3168/2693
f 2983/2897/2470 2994/2895/2469 2995/3153/2678
f 2995/3153/2678 2994/2895/2469 3007/3667/3189
f 2995/3153/2678 3007/3667/3189 3008/3151/2676
f 3008/3151/2676 3007/3667/3189 3020/3668/3190
f 3008/3151/2676 3020/3668/3190 3021/3149/2674
f 3021/3149/2674 3020/3668/3190 3033/3669/3191
f 3021/3149/2674 3033/3669/3191 3034/3147/2672
f 3034/3147/2672 3033/3669/3191 3045/3670/3192
f 3034/3147/2672 3045/3670/3192 3046/3145/2670
f 3046/3145/2670 3045/3670/3192 3057/3671/3193
f 3046/3145/2670 3057/3671/3193 3058/3143/2668
f 3058/3143/2668 3057/3671/3193 3070/3672/3194
f 3058/3143/2668 3070/3672/3194 3071/3141/2666
f 3071/3141/2666 3070/3672/3194 3083/3673/3195
f 3071/3141/2666 3083/3673/3195 3084/3139/2664
f 3084/3139/2664 3083/3673/3195 3096/3533/3056
f 2994/2895/2469 3006/2893/2468 3007/3667/3189
f 3007/3667/3189 3006/2893/2468 3019/3126/2655
f 3007/3667/3189 3019/3126/2655 3020/3668/3190
f 3020/3668/3190 3019/3126/2655 3032/3125/2654
f 3020/3668/3190 3032/3125/2654 3033/3669/3191
f 3033/3669/3191 3032/3125/2654 3044/3124/2653
f 3033/3669/3191 3044/3124/2653 3045/3670/3192
f 3045/3670/3192 3044/3124/2653 3056/3123/2652
f 3045/3670/3192 3056/3123/2652 3057/3671/3193
f 3057/3671/3193 3056/3123/2652 3069/3122/2651
f 3057/3671/3193 3069/3122/2651 3070/3672/3194
f 3070/3672/3194 3069/3122/2651 3082/3121/2650
f 3070/3672/3194 3082/3121/2650 3083/3673/3195
f 3083/3673/3195 3082/3121/2650 3095/3120/2649
f 3083/3673/3195 3095/3120/2649 3096/3533/3056
f 3096/3533/3056 3095/3120/2649 2490/3119/2648
f 3030/2889/2466 3041/2887/2465 3042/3112/2642
f 3042/3112/2642 3041/2887/2465 3053/3674/3196
f 3042/3112/2642 3053/3674/3196 3054/3110/2640
f 3054/3110/2640 3053/3674/3196 3066/3675/3197
f 3054/3110/2640 3066/3675/3197 3067/3108/2638
f 3067/3108/2638 3066/3675/3197 3079/3526/3051
f 3041/2887/2465 3052/2885/2464 3053/3674/3196
f 3053/3674/3196 3052/2885/2464 3065/3676/3198
f 3053/3674/3196 3065/3676/3198 3066/3675/3197
f 3066/3675/3197 3065/3676/3198 3078/3677/3199
f 3066/3675/3197 3078/3677/3199 3079/3526/3051
f 3079/3526/3051 3078/3677/3199 3091/3524/3049
f 3052/2885/2464 3064/2883/2463 3065/3676/3198
f 3065/3676/3198 3064/2883/2463 3077/3085/2617
f 3065/3676/3198 3077/3085/2617 3078/3677/3199
f 3078/3677/3199 3077/3085/2617 3090/3084/2616
f 3078/3677/3199 3090/3084/2616 3091/3524/3049
f 3091/3524/3049 3090/3084/2616 2485/3083/2615
f 2482/2875/2460 3099/2873/2459 3100/3513/3038
f 3100/3513/3038 3099/2873/2459 3112/3678/3200
f 3100/3513/3038 3112/3678/3200 3113/3514/3039
f 3113/3514/3039 3112/3678/3200 3125/3679/3201
f 3113/3514/3039 3125/3679/3201 3126/3515/3040
f 3126/3515/3040 3125/3679/3201 3138/3680/3202
f 3126/3515/3040 3138/3680/3202 3139/3516/3041
f 3139/3516/3041 3138/3680/3202 3150/3681/3203
f 3139/3516/3041 3150/3681/3203 3151/3517/3042
f 3151/3517/3042 3150/3681/3203 3163/3682/3204
f 3151/3517/3042 3163/3682/3204 3164/3518/3043
f 3164/3518/3043 3163/3682/3204 3175/3683/3205
f 3164/3518/3043 3175/3683/3205 3176/3519/3044
f 3176/3519/3044 3175/3683/3205 3187/3684/3206
f 3176/3519/3044 3187/3684/3206 3188/3520/3045
f 3188/3520/3045 3187/3684/3206 3200/3685/3207
f 3188/3520/3045 3200/3685/3207 3201/3521/3046
f 3201/3521/3046 3200/3685/3207 3213/3686/3208
f 3201/3521/3046 3213/3686/3208 3214/3522/3047
f 3214/3522/3047 3213/3686/3208 3226/3687/3209
f 3214/3522/3047 3226/3687/3209 2497/3047/2582
f 2497/3047/2582 3226/3687/3209 2498/3025/2560
f 3103/3081/2614 3116/3080/2613 3104/3529/3053
f 3104/3529/3053 3116/3080/2613 3117/3688/3210
f 3104/3529/3053 3117/3688/3210 3105/3531/3054
f 3105/3531/3054 3117/3688/3210 3118/3689/3211
f 3105/3531/3054 3118/3689/3211 3106/3098/2630
f 3106/3098/2630 3118/3689/3211 3119/3096/2628
f 3122/3127/2656 3109/3535/3057 3121/3116/2646
f 3121/3116/2646 3109/3535/3057 3108/3117/2647
f 3099/2873/2459 3111/2871/2458 3112/3678/3200
f 3112/3678/3200 3111/2871/2458 3124/3690/3212
f 3112/3678/3200 3124/3690/3212 3125/3679/3201
f 3125/3679/3201 3124/3690/3212 3137/3691/3213
f 3125/3679/3201 3137/3691/3213 3138/3680/3202
f 3138/3680/3202 3137/3691/3213 3149/3692/3214
f 3138/3680/3202 3149/3692/3214 3150/3681/3203
f 3150/3681/3203 3149/3692/3214 3162/3693/3215
f 3150/3681/3203 3162/3693/3215 3163/3682/3204
f 3163/3682/3204 3162/3693/3215 3174/3694/3216
f 3163/3682/3204 3174/3694/3216 3175/3683/3205
f 3175/3683/3205 3174/3694/3216 3186/3695/3217
f 3175/3683/3205 3186/3695/3217 3187/3684/3206
f 3187/3684/3206 3186/3695/3217 3199/3696/3218
f 3187/3684/3206 3199/3696/3218 3200/3685/3207
f 3200/3685/3207 3199/3696/3218 3212/3697/3219
f 3200/3685/3207 3212/3697/3219 3213/3686/3208
f 3213/3686/3208 3212/3697/3219 3225/3698/3220
f 3213/3686/3208 3225/3698/3220 3226/3687/3209
f 3226/3687/3209 3225/3698/3220 3237/3699/3221
f 3226/3687/3209 3237/3699/3221 2498/3025/2560
f 2498/3025/2560 3237/3699/3221 3249/3026/2561
f 3116/3080/2613 3129/3079/2612 3117/3688/3210
f 3117/3688/3210 3129/3079/2612 3130/3700/3222
f 3117/3688/3210 3130/3700/3222 3118/3689/3211
f 3118/3689/3211 3130/3700/3222 3131/3701/3223
f 3118/3689/3211 3131/3701/3223 3119/3096/2628
f 3119/3096/2628 3131/3701/3223 3132/3094/2626
f 3134/3115/2645 3122/3127/2656 3121/3116/2646
f 3111/2871/2458 3123/2869/2457 3124/3690/3212
f 3124/3690/3212 3123/2869/2457 3136/3702/3224
f 3124/3690/3212 3136/3702/3224 3137/3691/3213
f 3137/3691/3213 3136/3702/3224 3148/3703/3225
f 3137/3691/3213 3148/3703/3225 3149/3692/3214
f 3149/3692/3214 3148/3703/3225 3161/3704/3226
f 3149/3692/3214 3161/3704/3226 3162/3693/3215
f 3162/3693/3215 3161/3704/3226 3173/3705/3227
f 3162/3693/3215 3173/3705/3227 3174/3694/3216
f 3174/3694/3216 3173/3705/3227 3185/3706/3228
f 3174/3694/3216 3185/3706/3228 3186/3695/3217
f 3186/3695/3217 3185/3706/3228 3198/3707/3229
f 3186/3695/3217 3198/3707/3229 3199/3696/3218
f 3199/3696/3218 3198/3707/3229 3211/3708/3230
f 3199/3696/3218 3211/3708/3230 3212/3697/3219
f 3212/3697/3219 3211/3708/3230 3224/3709/3231
f 3212/3697/3219 3224/3709/3231 3225/3698/3220
f 3225/3698/3220 3224/3709/3231 3236/3710/3232
f 3225/3698/3220 3236/3710/3232 3237/3699/3221
f 3237/3699/3221 3236/3710/3232 3248/3027/2562
f 3237/3699/3221 3248/3027/2562 3249/3026/2561
f 3129/3079/2612 3142/3078/2611 3130/3700/3222
f 3130/3700/3222 3142/3078/2611 3143/3711/3233
f 3130/3700/3222 3143/3711/3233 3131/3701/3223
f 3131/3701/3223 3143/3711/3233 3144/3712/3234
f 3131/3701/3223 3144/3712/3234 3132/3094/2626
f 3132/3094/2626 3144/3712/3234 3145/3092/2624
f 3123/2869/2457 3135/2867/2456 3136/3702/3224
f 3136/3702/3224 3135/2867/2456 3147/3713/3235
f 3136/3702/3224 3147/3713/3235 3148/3703/3225
f 3148/3703/3225 3147/3713/3235 3160/3714/3236
f 3148/3703/3225 3160/3714/3236 3161/3704/3226
f 3161/3704/3226 3160/3714/3236 3172/3715/3237
f 3161/3704/3226 3172/3715/3237 3173/3705/3227
f 3173/3705/3227 3172/3715/3237 3184/3716/3238
f 3173/3705/3227 3184/3716/3238 3185/3706/3228
f 3185/3706/3228 3184/3716/3238 3197/3717/3239
f 3185/3706/3228 3197/3717/3239 3198/3707/3229
f 3198/3707/3229 3197/3717/3239 3210/3718/3240
f 3198/3707/3229 3210/3718/3240 3211/3708/3230
f 3211/3708/3230 3210/3718/3240 3223/3719/3241
f 3211/3708/3230 3223/3719/3241 3224/3709/3231
f 3224/3709/3231 3223/3719/3241 3235/3720/3242
f 3224/3709/3231 3235/3720/3242 3236/3710/3232
f 3236/3710/3232 3235/3720/3242 3247/3029/2564
f 3236/3710/3232 3247/3029/2564 3248/3027/2562
f 3142/3078/2611 3154/3077/2610 3143/3711/3233
f 3143/3711/3233 3154/3077/2610 3155/3721/3243
f 3143/3711/3233 3155/3721/3243 3144/3712/3234
f 3144/3712/3234 3155/3721/3243 3156/3722/3244
f 3144/3712/3234 3156/3722/3244 3145/3092/2624
f 3145/3092/2624 3156/3722/3244 3157/3090/2622
f 3135/2867/2456 3146/2865/2455 3147/3713/3235
f 3147/3713/3235 3146/2865/2455 3159/3723/3245
f 3147/3713/3235 3159/3723/3245 3160/3714/3236
f 3160/3714/3236 3159/3723/3245 3171/3724/3246
f 3160/3714/3236 3171/3724/3246 3172/3715/3237
f 3172/3715/3237 3171/3724/3246 3183/3725/3247
f 3172/3715/3237 3183/3725/3247 3184/3716/3238
f 3184/3716/3238 3183/3725/3247 3196/3726/3248
f 3184/3716/3238 3196/3726/3248 3197/3717/3239
f 3197/3717/3239 3196/3726/3248 3209/3727/3249
f 3197/3717/3239 3209/3727/3249 3210/3718/3240
f 3210/3718/3240 3209/3727/3249 3222/3728/3250
f 3210/3718/3240 3222/3728/3250 3223/3719/3241
f 3223/3719/3241 3222/3728/3250 3234/3729/3251
f 3223/3719/3241 3234/3729/3251 3235/3720/3242
f 3235/3720/3242 3234/3729/3251 3246/3031/2566
f 3235/3720/3242 3246/3031/2566 3247/3029/2564
f 3154/3077/2610 3167/3076/2609 3155/3721/3243
f 3155/3721/3243 3167/3076/2609 3168/3730/3252
f 3155/3721/3243 3168/3730/3252 3156/3722/3244
f 3156/3722/3244 3168/3730/3252 2495/3088/2620
f 3156/3722/3244 2495/3088/2620 3157/3090/2622
f 3146/2865/2455 3158/2863/2454 3159/3723/3245
f 3159/3723/3245 3158/2863/2454 3170/3731/3253
f 3159/3723/3245 3170/3731/3253 3171/3724/3246
f 3171/3724/3246 3170/3731/3253 3182/3732/3254
f 3171/3724/3246 3182/3732/3254 3183/3725/3247
f 3183/3725/3247 3182/3732/3254 3195/3733/3255
f 3183/3725/3247 3195/3733/3255 3196/3726/3248
f 3196/3726/3248 3195/3733/3255 3208/3734/3256
f 3196/3726/3248 3208/3734/3256 3209/3727/3249
f 3209/3727/3249 3208/3734/3256 3221/3735/3257
f 3209/3727/3249 3221/3735/3257 3222/3728/3250
f 3222/3728/3250 3221/3735/3257 3233/3736/3258
f 3222/3728/3250 3233/3736/3258 3234/3729/3251
f 3234/3729/3251 3233/3736/3258 3245/3033/2568
f 3234/3729/3251 3245/3033/2568 3246/3031/2566
f 2496/3086/2618 2495/3088/2620 3168/3730/3252
f 2496/3086/2618 3168/3730/3252 3179/3075/2608
f 3179/3075/2608 3168/3730/3252 3167/3076/2609
f 3158/2863/2454 3169/2861/2453 3170/3731/3253
f 3170/3731/3253 3169/2861/2453 3181/3737/3259
f 3170/3731/3253 3181/3737/3259 3182/3732/3254
f 3182/3732/3254 3181/3737/3259 3194/3738/3260
f 3182/3732/3254 3194/3738/3260 3195/3733/3255
f 3195/3733/3255 3194/3738/3260 3207/3739/3261
f 3195/3733/3255 3207/3739/3261 3208/3734/3256
f 3208/3734/3256 3207/3739/3261 3220/3740/3262
f 3208/3734/3256 3220/3740/3262 3221/3735/3257
f 3221/3735/3257 3220/3740/3262 3232/3741/3263
f 3221/3735/3257 3232/3741/3263 3233/3736/3258
f 3233/3736/3258 3232/3741/3263 3244/3035/2570
f 3233/3736/3258 3244/3035/2570 3245/3033/2568
f 3191/3074/2607 2496/3086/2618 3179/3075/2608
f 3169/2861/2453 3180/2859/2452 3181/3737/3259
f 3181/3737/3259 3180/2859/2452 3193/3742/3264
f 3181/3737/3259 3193/3742/3264 3194/3738/3260
f 3194/3738/3260 3193/3742/3264 3206/3743/3265
f 3194/3738/3260 3206/3743/3265 3207/3739/3261
f 3207/3739/3261 3206/3743/3265 3219/3744/3266
f 3207/3739/3261 3219/3744/3266 3220/3740/3262
f 3220/3740/3262 3219/3744/3266 3231/3745/3267
f 3220/3740/3262 3231/3745/3267 3232/3741/3263
f 3232/3741/3263 3231/3745/3267 3243/3037/2572
f 3232/3741/3263 3243/3037/2572 3244/3035/2570
f 3180/2859/2452 3192/2857/2451 3193/3742/3264
f 3193/3742/3264 3192/2857/2451 3205/3746/3268
f 3193/3742/3264 3205/3746/3268 3206/3743/3265
f 3206/3743/3265 3205/3746/3268 3218/3747/3269
f 3206/3743/3265 3218/3747/3269 3219/3744/3266
f 3219/3744/3266 3218/3747/3269 3230/3748/3270
f 3219/3744/3266 3230/3748/3270 3231/3745/3267
f 3231/3745/3267 3230/3748/3270 3242/3039/2574
f 3231/3745/3267 3242/3039/2574 3243/3037/2572
f 3192/2857/2451 3204/2855/2450 3205/3746/3268
f 3205/3746/3268 3204/2855/2450 3217/3749/3271
f 3205/3746/3268 3217/3749/3271 3218/3747/3269
f 3218/3747/3269 3217/3749/3271 3229/3750/3272
f 3218/3747/3269 3229/3750/3272 3230/3748/3270
f 3230/3748/3270 3229/3750/3272 3241/3041/2576
f 3230/3748/3270 3241/3041/2576 3242/3039/2574
f 3204/2855/2450 3216/2853/2449 3217/3749/3271
f 3217/3749/3271 3216/2853/2449 3228/3751/3273
f 3217/3749/3271 3228/3751/3273 3229/3750/3272
f 3229/3750/3272 3228/3751/3273 3240/3043/2578
f 3229/3750/3272 3240/3043/2578 3241/3041/2576
f 3216/2853/2449 3227/2851/2448 3228/3751/3273
f 3228/3751/3273 3227/2851/2448 3239/3045/2580
f 3228/3751/3273 3239/3045/2580 3240/3043/2578
f 3238/2849/2447 3239/3045/2580 3227/2851/2448
f 3262/2845/2445 3263/3022/2557 3250/2847/2446
f 3250/2847/2446 3263/3022/2557 3251/3046/2581
f 3263/3022/2557 3264/3020/2555 3251/3046/2581
f 3251/3046/2581 3264/3020/2555 3252/3044/2579
f 3264/3020/2555 3265/3018/2553 3252/3044/2579
f 3252/3044/2579 3265/3018/2553 3253/3042/2577
f 3265/3018/2553 3266/3016/2551 3253/3042/2577
f 3253/3042/2577 3266/3016/2551 3254/3040/2575
f 3266/3016/2551 3267/3014/2549 3254/3040/2575
f 3254/3040/2575 3267/3014/2549 3255/3038/2573
f 3267/3014/2549 3268/3012/2547 3255/3038/2573
f 3255/3038/2573 3268/3012/2547 3256/3036/2571
f 3268/3012/2547 3269/3010/2545 3256/3036/2571
f 3256/3036/2571 3269/3010/2545 3257/3034/2569
f 3269/3010/2545 3270/3008/2543 3257/3034/2569
f 3257/3034/2569 3270/3008/2543 3258/3032/2567
f 3270/3008/2543 3271/3006/2541 3258/3032/2567
f 3258/3032/2567 3271/3006/2541 3259/3030/2565
f 3273/3003/2538 3261/3002/2537 3260/3028/2563
f 3271/3006/2541 3272/3004/2539 3259/3030/2565
f 3259/3030/2565 3272/3004/2539 3260/3028/2563
f 3272/3004/2539 3273/3003/2538 3260/3028/2563
f 2443/3752/2511 2481/3753/2513 2444/3754/2509
f 2444/3754/2509 2481/3753/2513 2480/3755/3036
f 2444/3754/2509 2480/3755/3036 2445/3756/2536
f 2445/3756/2536 2480/3755/3036 2479/3757/3033
f 2445/3756/2536 2479/3757/3033 2446/3758/2559
f 2446/3758/2559 2479/3757/3033 2478/3759/3025
f 2446/3758/2559 2478/3759/3025 2477/3760/3017
f 2477/3760/3017 2476/3761/3001 2446/3758/2559
f 2446/3758/2559 2476/3761/3001 2475/3762/2999
f 2446/3758/2559 2475/3762/2999 2474/3763/2986
f 2474/3763/2986 2473/3764/2963 2446/3758/2559
f 2446/3758/2559 2473/3764/2963 2472/3765/2961
f 2446/3758/2559 2472/3765/2961 2471/3766/2948
f 2471/3766/2948 2470/3767/2925 2446/3758/2559
f 2446/3758/2559 2470/3767/2925 2469/3768/2923
f 2446/3758/2559 2469/3768/2923 2447/3769/2583
f 2447/3769/2583 2469/3768/2923 2468/3770/2910
f 2447/3769/2583 2468/3770/2910 2467/3771/2887
f 2467/3771/2887 2466/3772/2885 2447/3769/2583
f 2447/3769/2583 2466/3772/2885 2465/3773/2872
f 2447/3769/2583 2465/3773/2872 2464/3774/2849
f 2464/3774/2849 2463/3775/2836 2447/3769/2583
f 2447/3769/2583 2463/3775/2836 2462/3776/2824
f 2447/3769/2583 2462/3776/2824 2461/3777/2801
f 2461/3777/2801 2460/3778/2788 2447/3769/2583
f 2447/3769/2583 2460/3778/2788 2459/3779/2776
f 2447/3769/2583 2459/3779/2776 2458/3780/2753
f 2447/3769/2583 2458/3780/2753 2448/3781/2606
f 2448/3781/2606 2458/3780/2753 2457/3782/2740
f 2448/3781/2606 2457/3782/2740 2449/3783/2619
f 2449/3783/2619 2457/3782/2740 2456/3784/2728
f 2449/3783/2619 2456/3784/2728 2450/3785/2621
f 2450/3785/2621 2456/3784/2728 2455/3786/2705
f 2450/3785/2621 2455/3786/2705 2451/3787/2644
f 2451/3787/2644 2455/3786/2705 2454/3788/2692
f 2451/3787/2644 2454/3788/2692 2452/3789/2657
f 2452/3789/2657 2454/3788/2692 2453/3790/2680
# 3273 vertices
# 3790 texture params
# 3273 normals
# 6538 facets

# 2 groups
