ISO-10303-21;
HEADER;
/* Generated by software containing ST-Developer
 * from STEP Tools, Inc. (www.steptools.com) 
 */

FILE_DESCRIPTION(
/* description */ (''),
/* implementation_level */ '2;1');

FILE_NAME(
/* name */ 'DIP18-6.40X22.86-RS7.62-P2.54.step',
/* time_stamp */ '2026-09-12T01:50:31+02:00',
/* author */ (''),
/* organization */ (''),
/* preprocessor_version */ 'ST-DEVELOPER v20.2',
/* originating_system */ 'Autodesk Translation Framework v15.15.0.0',
/* authorisation */ '');

FILE_SCHEMA (('AUTOMOTIVE_DESIGN { 1 0 10303 214 3 1 1 }'));
ENDSEC;

DATA;
#10=MECHANICAL_DESIGN_GEOMETRIC_PRESENTATION_REPRESENTATION('',(#108,#109,
#110,#111,#112,#113,#114,#115,#116,#117,#118,#119,#120,#121,#122,#123,#124,
#125,#126,#127,#128,#129),#12008);
#11=CONTEXT_DEPENDENT_OVER_RIDING_STYLED_ITEM('',(#12049),#12025,#129,(#17));
#12=MAPPED_ITEM('',#13,#7953);
#13=REPRESENTATION_MAP(#7953,#12024);
#14=ITEM_DEFINED_TRANSFORMATION($,$,#7428,#7950);
#15=ITEM_DEFINED_TRANSFORMATION($,$,#7480,#7951);
#16=ITEM_DEFINED_TRANSFORMATION($,$,#7715,#7952);
#17=(
REPRESENTATION_RELATIONSHIP($,$,#12025,#12024)
REPRESENTATION_RELATIONSHIP_WITH_TRANSFORMATION(#14)
SHAPE_REPRESENTATION_RELATIONSHIP()
);
#18=(
REPRESENTATION_RELATIONSHIP($,$,#12026,#12024)
REPRESENTATION_RELATIONSHIP_WITH_TRANSFORMATION(#15)
SHAPE_REPRESENTATION_RELATIONSHIP()
);
#19=(
REPRESENTATION_RELATIONSHIP($,$,#12027,#12024)
REPRESENTATION_RELATIONSHIP_WITH_TRANSFORMATION(#16)
SHAPE_REPRESENTATION_RELATIONSHIP()
);
#20=CONTEXT_DEPENDENT_SHAPE_REPRESENTATION(#17,#12021);
#21=CONTEXT_DEPENDENT_SHAPE_REPRESENTATION(#18,#12022);
#22=CONTEXT_DEPENDENT_SHAPE_REPRESENTATION(#19,#12023);
#23=NEXT_ASSEMBLY_USAGE_OCCURRENCE('Basic - DIP 7.62 v3:1',
'Basic - DIP 7.62 v3:1','Basic - DIP 7.62 v3:1',#12029,#12030,
'Basic - DIP 7.62 v3:1');
#24=NEXT_ASSEMBLY_USAGE_OCCURRENCE('DIP Pin 14-20 v3:1',
'DIP Pin 14-20 v3:1','DIP Pin 14-20 v3:1',#12029,#12031,
'DIP Pin 14-20 v3:1');
#25=NEXT_ASSEMBLY_USAGE_OCCURRENCE('DIP Pin 14-20 v3(Mirror):1',
'DIP Pin 14-20 v3(Mirror):1','DIP Pin 14-20 v3(Mirror):1',#12029,#12032,
'DIP Pin 14-20 v3(Mirror):1');
#26=SHAPE_REPRESENTATION_RELATIONSHIP('SRR','None',#12025,#29);
#27=SHAPE_REPRESENTATION_RELATIONSHIP('SRR','None',#12026,#30);
#28=SHAPE_REPRESENTATION_RELATIONSHIP('SRR','None',#12027,#31);
#29=ADVANCED_BREP_SHAPE_REPRESENTATION('',(#130,#131,#132),#12005);
#30=ADVANCED_BREP_SHAPE_REPRESENTATION('',(#133,#134,#135,#136,#137,#138,
#139,#140,#141),#12006);
#31=ADVANCED_BREP_SHAPE_REPRESENTATION('',(#142,#143,#144,#145,#146,#147,
#148,#149,#150),#12007);
#32=CIRCLE('',#7457,0.1);
#33=CIRCLE('',#7466,0.1);
#34=CIRCLE('',#7470,1.);
#35=CIRCLE('',#7474,1.);
#36=CIRCLE('',#7491,0.1);
#37=CIRCLE('',#7492,0.35);
#38=CIRCLE('',#7494,0.1);
#39=CIRCLE('',#7498,0.35);
#40=CIRCLE('',#7517,0.1);
#41=CIRCLE('',#7518,0.35);
#42=CIRCLE('',#7520,0.1);
#43=CIRCLE('',#7524,0.35);
#44=CIRCLE('',#7543,0.1);
#45=CIRCLE('',#7544,0.35);
#46=CIRCLE('',#7546,0.1);
#47=CIRCLE('',#7550,0.35);
#48=CIRCLE('',#7569,0.1);
#49=CIRCLE('',#7570,0.35);
#50=CIRCLE('',#7572,0.1);
#51=CIRCLE('',#7576,0.35);
#52=CIRCLE('',#7595,0.1);
#53=CIRCLE('',#7596,0.35);
#54=CIRCLE('',#7598,0.1);
#55=CIRCLE('',#7602,0.35);
#56=CIRCLE('',#7621,0.1);
#57=CIRCLE('',#7622,0.35);
#58=CIRCLE('',#7624,0.1);
#59=CIRCLE('',#7628,0.35);
#60=CIRCLE('',#7647,0.1);
#61=CIRCLE('',#7648,0.35);
#62=CIRCLE('',#7650,0.1);
#63=CIRCLE('',#7654,0.35);
#64=CIRCLE('',#7673,0.1);
#65=CIRCLE('',#7674,0.35);
#66=CIRCLE('',#7676,0.1);
#67=CIRCLE('',#7680,0.35);
#68=CIRCLE('',#7699,0.1);
#69=CIRCLE('',#7700,0.35);
#70=CIRCLE('',#7702,0.1);
#71=CIRCLE('',#7706,0.35);
#72=CIRCLE('',#7726,0.35);
#73=CIRCLE('',#7727,0.1);
#74=CIRCLE('',#7729,0.1);
#75=CIRCLE('',#7733,0.35);
#76=CIRCLE('',#7752,0.35);
#77=CIRCLE('',#7753,0.1);
#78=CIRCLE('',#7755,0.1);
#79=CIRCLE('',#7759,0.35);
#80=CIRCLE('',#7778,0.35);
#81=CIRCLE('',#7779,0.1);
#82=CIRCLE('',#7781,0.1);
#83=CIRCLE('',#7785,0.35);
#84=CIRCLE('',#7804,0.35);
#85=CIRCLE('',#7805,0.1);
#86=CIRCLE('',#7807,0.1);
#87=CIRCLE('',#7811,0.35);
#88=CIRCLE('',#7830,0.35);
#89=CIRCLE('',#7831,0.1);
#90=CIRCLE('',#7833,0.1);
#91=CIRCLE('',#7837,0.35);
#92=CIRCLE('',#7856,0.35);
#93=CIRCLE('',#7857,0.1);
#94=CIRCLE('',#7859,0.1);
#95=CIRCLE('',#7863,0.35);
#96=CIRCLE('',#7882,0.35);
#97=CIRCLE('',#7883,0.1);
#98=CIRCLE('',#7885,0.1);
#99=CIRCLE('',#7889,0.35);
#100=CIRCLE('',#7908,0.35);
#101=CIRCLE('',#7909,0.1);
#102=CIRCLE('',#7911,0.1);
#103=CIRCLE('',#7915,0.35);
#104=CIRCLE('',#7934,0.35);
#105=CIRCLE('',#7935,0.1);
#106=CIRCLE('',#7937,0.1);
#107=CIRCLE('',#7941,0.35);
#108=STYLED_ITEM('',(#12049),#130);
#109=STYLED_ITEM('',(#12049),#131);
#110=STYLED_ITEM('',(#12049),#132);
#111=STYLED_ITEM('',(#12050),#133);
#112=STYLED_ITEM('',(#12050),#134);
#113=STYLED_ITEM('',(#12050),#135);
#114=STYLED_ITEM('',(#12050),#136);
#115=STYLED_ITEM('',(#12050),#137);
#116=STYLED_ITEM('',(#12050),#138);
#117=STYLED_ITEM('',(#12050),#139);
#118=STYLED_ITEM('',(#12050),#140);
#119=STYLED_ITEM('',(#12050),#141);
#120=STYLED_ITEM('',(#12050),#142);
#121=STYLED_ITEM('',(#12050),#143);
#122=STYLED_ITEM('',(#12050),#144);
#123=STYLED_ITEM('',(#12050),#145);
#124=STYLED_ITEM('',(#12050),#146);
#125=STYLED_ITEM('',(#12050),#147);
#126=STYLED_ITEM('',(#12050),#148);
#127=STYLED_ITEM('',(#12050),#149);
#128=STYLED_ITEM('',(#12050),#150);
#129=STYLED_ITEM('',(#12051),#12);
#130=MANIFOLD_SOLID_BREP('Bottom',#7372);
#131=MANIFOLD_SOLID_BREP('Middle',#7373);
#132=MANIFOLD_SOLID_BREP('Top',#7374);
#133=MANIFOLD_SOLID_BREP('Body1',#7375);
#134=MANIFOLD_SOLID_BREP('Body2',#7376);
#135=MANIFOLD_SOLID_BREP('Body3',#7377);
#136=MANIFOLD_SOLID_BREP('Body4',#7378);
#137=MANIFOLD_SOLID_BREP('Body5',#7379);
#138=MANIFOLD_SOLID_BREP('Body6',#7380);
#139=MANIFOLD_SOLID_BREP('Body7',#7381);
#140=MANIFOLD_SOLID_BREP('Body8',#7382);
#141=MANIFOLD_SOLID_BREP('Body9',#7383);
#142=MANIFOLD_SOLID_BREP('Body1',#7384);
#143=MANIFOLD_SOLID_BREP('Body2',#7385);
#144=MANIFOLD_SOLID_BREP('Body3',#7386);
#145=MANIFOLD_SOLID_BREP('Body4',#7387);
#146=MANIFOLD_SOLID_BREP('Body5',#7388);
#147=MANIFOLD_SOLID_BREP('Body6',#7389);
#148=MANIFOLD_SOLID_BREP('Body7',#7390);
#149=MANIFOLD_SOLID_BREP('Body8',#7391);
#150=MANIFOLD_SOLID_BREP('Body9',#7392);
#151=PLANE('',#7441);
#152=PLANE('',#7442);
#153=PLANE('',#7443);
#154=PLANE('',#7444);
#155=PLANE('',#7445);
#156=PLANE('',#7446);
#157=PLANE('',#7447);
#158=PLANE('',#7448);
#159=PLANE('',#7449);
#160=PLANE('',#7450);
#161=PLANE('',#7451);
#162=PLANE('',#7452);
#163=PLANE('',#7468);
#164=PLANE('',#7469);
#165=PLANE('',#7471);
#166=PLANE('',#7472);
#167=PLANE('',#7475);
#168=PLANE('',#7476);
#169=PLANE('',#7477);
#170=PLANE('',#7478);
#171=PLANE('',#7479);
#172=PLANE('',#7481);
#173=PLANE('',#7482);
#174=PLANE('',#7483);
#175=PLANE('',#7484);
#176=PLANE('',#7485);
#177=PLANE('',#7486);
#178=PLANE('',#7487);
#179=PLANE('',#7488);
#180=PLANE('',#7489);
#181=PLANE('',#7490);
#182=PLANE('',#7495);
#183=PLANE('',#7496);
#184=PLANE('',#7499);
#185=PLANE('',#7500);
#186=PLANE('',#7501);
#187=PLANE('',#7502);
#188=PLANE('',#7503);
#189=PLANE('',#7504);
#190=PLANE('',#7505);
#191=PLANE('',#7506);
#192=PLANE('',#7507);
#193=PLANE('',#7508);
#194=PLANE('',#7509);
#195=PLANE('',#7510);
#196=PLANE('',#7511);
#197=PLANE('',#7512);
#198=PLANE('',#7513);
#199=PLANE('',#7514);
#200=PLANE('',#7515);
#201=PLANE('',#7516);
#202=PLANE('',#7521);
#203=PLANE('',#7522);
#204=PLANE('',#7525);
#205=PLANE('',#7526);
#206=PLANE('',#7527);
#207=PLANE('',#7528);
#208=PLANE('',#7529);
#209=PLANE('',#7530);
#210=PLANE('',#7531);
#211=PLANE('',#7532);
#212=PLANE('',#7533);
#213=PLANE('',#7534);
#214=PLANE('',#7535);
#215=PLANE('',#7536);
#216=PLANE('',#7537);
#217=PLANE('',#7538);
#218=PLANE('',#7539);
#219=PLANE('',#7540);
#220=PLANE('',#7541);
#221=PLANE('',#7542);
#222=PLANE('',#7547);
#223=PLANE('',#7548);
#224=PLANE('',#7551);
#225=PLANE('',#7552);
#226=PLANE('',#7553);
#227=PLANE('',#7554);
#228=PLANE('',#7555);
#229=PLANE('',#7556);
#230=PLANE('',#7557);
#231=PLANE('',#7558);
#232=PLANE('',#7559);
#233=PLANE('',#7560);
#234=PLANE('',#7561);
#235=PLANE('',#7562);
#236=PLANE('',#7563);
#237=PLANE('',#7564);
#238=PLANE('',#7565);
#239=PLANE('',#7566);
#240=PLANE('',#7567);
#241=PLANE('',#7568);
#242=PLANE('',#7573);
#243=PLANE('',#7574);
#244=PLANE('',#7577);
#245=PLANE('',#7578);
#246=PLANE('',#7579);
#247=PLANE('',#7580);
#248=PLANE('',#7581);
#249=PLANE('',#7582);
#250=PLANE('',#7583);
#251=PLANE('',#7584);
#252=PLANE('',#7585);
#253=PLANE('',#7586);
#254=PLANE('',#7587);
#255=PLANE('',#7588);
#256=PLANE('',#7589);
#257=PLANE('',#7590);
#258=PLANE('',#7591);
#259=PLANE('',#7592);
#260=PLANE('',#7593);
#261=PLANE('',#7594);
#262=PLANE('',#7599);
#263=PLANE('',#7600);
#264=PLANE('',#7603);
#265=PLANE('',#7604);
#266=PLANE('',#7605);
#267=PLANE('',#7606);
#268=PLANE('',#7607);
#269=PLANE('',#7608);
#270=PLANE('',#7609);
#271=PLANE('',#7610);
#272=PLANE('',#7611);
#273=PLANE('',#7612);
#274=PLANE('',#7613);
#275=PLANE('',#7614);
#276=PLANE('',#7615);
#277=PLANE('',#7616);
#278=PLANE('',#7617);
#279=PLANE('',#7618);
#280=PLANE('',#7619);
#281=PLANE('',#7620);
#282=PLANE('',#7625);
#283=PLANE('',#7626);
#284=PLANE('',#7629);
#285=PLANE('',#7630);
#286=PLANE('',#7631);
#287=PLANE('',#7632);
#288=PLANE('',#7633);
#289=PLANE('',#7634);
#290=PLANE('',#7635);
#291=PLANE('',#7636);
#292=PLANE('',#7637);
#293=PLANE('',#7638);
#294=PLANE('',#7639);
#295=PLANE('',#7640);
#296=PLANE('',#7641);
#297=PLANE('',#7642);
#298=PLANE('',#7643);
#299=PLANE('',#7644);
#300=PLANE('',#7645);
#301=PLANE('',#7646);
#302=PLANE('',#7651);
#303=PLANE('',#7652);
#304=PLANE('',#7655);
#305=PLANE('',#7656);
#306=PLANE('',#7657);
#307=PLANE('',#7658);
#308=PLANE('',#7659);
#309=PLANE('',#7660);
#310=PLANE('',#7661);
#311=PLANE('',#7662);
#312=PLANE('',#7663);
#313=PLANE('',#7664);
#314=PLANE('',#7665);
#315=PLANE('',#7666);
#316=PLANE('',#7667);
#317=PLANE('',#7668);
#318=PLANE('',#7669);
#319=PLANE('',#7670);
#320=PLANE('',#7671);
#321=PLANE('',#7672);
#322=PLANE('',#7677);
#323=PLANE('',#7678);
#324=PLANE('',#7681);
#325=PLANE('',#7682);
#326=PLANE('',#7683);
#327=PLANE('',#7684);
#328=PLANE('',#7685);
#329=PLANE('',#7686);
#330=PLANE('',#7687);
#331=PLANE('',#7688);
#332=PLANE('',#7689);
#333=PLANE('',#7690);
#334=PLANE('',#7691);
#335=PLANE('',#7692);
#336=PLANE('',#7693);
#337=PLANE('',#7694);
#338=PLANE('',#7695);
#339=PLANE('',#7696);
#340=PLANE('',#7697);
#341=PLANE('',#7698);
#342=PLANE('',#7703);
#343=PLANE('',#7704);
#344=PLANE('',#7707);
#345=PLANE('',#7708);
#346=PLANE('',#7709);
#347=PLANE('',#7710);
#348=PLANE('',#7711);
#349=PLANE('',#7712);
#350=PLANE('',#7713);
#351=PLANE('',#7714);
#352=PLANE('',#7716);
#353=PLANE('',#7717);
#354=PLANE('',#7718);
#355=PLANE('',#7719);
#356=PLANE('',#7720);
#357=PLANE('',#7721);
#358=PLANE('',#7722);
#359=PLANE('',#7723);
#360=PLANE('',#7724);
#361=PLANE('',#7725);
#362=PLANE('',#7730);
#363=PLANE('',#7731);
#364=PLANE('',#7734);
#365=PLANE('',#7735);
#366=PLANE('',#7736);
#367=PLANE('',#7737);
#368=PLANE('',#7738);
#369=PLANE('',#7739);
#370=PLANE('',#7740);
#371=PLANE('',#7741);
#372=PLANE('',#7742);
#373=PLANE('',#7743);
#374=PLANE('',#7744);
#375=PLANE('',#7745);
#376=PLANE('',#7746);
#377=PLANE('',#7747);
#378=PLANE('',#7748);
#379=PLANE('',#7749);
#380=PLANE('',#7750);
#381=PLANE('',#7751);
#382=PLANE('',#7756);
#383=PLANE('',#7757);
#384=PLANE('',#7760);
#385=PLANE('',#7761);
#386=PLANE('',#7762);
#387=PLANE('',#7763);
#388=PLANE('',#7764);
#389=PLANE('',#7765);
#390=PLANE('',#7766);
#391=PLANE('',#7767);
#392=PLANE('',#7768);
#393=PLANE('',#7769);
#394=PLANE('',#7770);
#395=PLANE('',#7771);
#396=PLANE('',#7772);
#397=PLANE('',#7773);
#398=PLANE('',#7774);
#399=PLANE('',#7775);
#400=PLANE('',#7776);
#401=PLANE('',#7777);
#402=PLANE('',#7782);
#403=PLANE('',#7783);
#404=PLANE('',#7786);
#405=PLANE('',#7787);
#406=PLANE('',#7788);
#407=PLANE('',#7789);
#408=PLANE('',#7790);
#409=PLANE('',#7791);
#410=PLANE('',#7792);
#411=PLANE('',#7793);
#412=PLANE('',#7794);
#413=PLANE('',#7795);
#414=PLANE('',#7796);
#415=PLANE('',#7797);
#416=PLANE('',#7798);
#417=PLANE('',#7799);
#418=PLANE('',#7800);
#419=PLANE('',#7801);
#420=PLANE('',#7802);
#421=PLANE('',#7803);
#422=PLANE('',#7808);
#423=PLANE('',#7809);
#424=PLANE('',#7812);
#425=PLANE('',#7813);
#426=PLANE('',#7814);
#427=PLANE('',#7815);
#428=PLANE('',#7816);
#429=PLANE('',#7817);
#430=PLANE('',#7818);
#431=PLANE('',#7819);
#432=PLANE('',#7820);
#433=PLANE('',#7821);
#434=PLANE('',#7822);
#435=PLANE('',#7823);
#436=PLANE('',#7824);
#437=PLANE('',#7825);
#438=PLANE('',#7826);
#439=PLANE('',#7827);
#440=PLANE('',#7828);
#441=PLANE('',#7829);
#442=PLANE('',#7834);
#443=PLANE('',#7835);
#444=PLANE('',#7838);
#445=PLANE('',#7839);
#446=PLANE('',#7840);
#447=PLANE('',#7841);
#448=PLANE('',#7842);
#449=PLANE('',#7843);
#450=PLANE('',#7844);
#451=PLANE('',#7845);
#452=PLANE('',#7846);
#453=PLANE('',#7847);
#454=PLANE('',#7848);
#455=PLANE('',#7849);
#456=PLANE('',#7850);
#457=PLANE('',#7851);
#458=PLANE('',#7852);
#459=PLANE('',#7853);
#460=PLANE('',#7854);
#461=PLANE('',#7855);
#462=PLANE('',#7860);
#463=PLANE('',#7861);
#464=PLANE('',#7864);
#465=PLANE('',#7865);
#466=PLANE('',#7866);
#467=PLANE('',#7867);
#468=PLANE('',#7868);
#469=PLANE('',#7869);
#470=PLANE('',#7870);
#471=PLANE('',#7871);
#472=PLANE('',#7872);
#473=PLANE('',#7873);
#474=PLANE('',#7874);
#475=PLANE('',#7875);
#476=PLANE('',#7876);
#477=PLANE('',#7877);
#478=PLANE('',#7878);
#479=PLANE('',#7879);
#480=PLANE('',#7880);
#481=PLANE('',#7881);
#482=PLANE('',#7886);
#483=PLANE('',#7887);
#484=PLANE('',#7890);
#485=PLANE('',#7891);
#486=PLANE('',#7892);
#487=PLANE('',#7893);
#488=PLANE('',#7894);
#489=PLANE('',#7895);
#490=PLANE('',#7896);
#491=PLANE('',#7897);
#492=PLANE('',#7898);
#493=PLANE('',#7899);
#494=PLANE('',#7900);
#495=PLANE('',#7901);
#496=PLANE('',#7902);
#497=PLANE('',#7903);
#498=PLANE('',#7904);
#499=PLANE('',#7905);
#500=PLANE('',#7906);
#501=PLANE('',#7907);
#502=PLANE('',#7912);
#503=PLANE('',#7913);
#504=PLANE('',#7916);
#505=PLANE('',#7917);
#506=PLANE('',#7918);
#507=PLANE('',#7919);
#508=PLANE('',#7920);
#509=PLANE('',#7921);
#510=PLANE('',#7922);
#511=PLANE('',#7923);
#512=PLANE('',#7924);
#513=PLANE('',#7925);
#514=PLANE('',#7926);
#515=PLANE('',#7927);
#516=PLANE('',#7928);
#517=PLANE('',#7929);
#518=PLANE('',#7930);
#519=PLANE('',#7931);
#520=PLANE('',#7932);
#521=PLANE('',#7933);
#522=PLANE('',#7938);
#523=PLANE('',#7939);
#524=PLANE('',#7942);
#525=PLANE('',#7943);
#526=PLANE('',#7944);
#527=PLANE('',#7945);
#528=PLANE('',#7946);
#529=PLANE('',#7947);
#530=PLANE('',#7948);
#531=PLANE('',#7949);
#532=FACE_OUTER_BOUND('',#959,.T.);
#533=FACE_OUTER_BOUND('',#960,.T.);
#534=FACE_OUTER_BOUND('',#961,.T.);
#535=FACE_OUTER_BOUND('',#962,.T.);
#536=FACE_OUTER_BOUND('',#963,.T.);
#537=FACE_OUTER_BOUND('',#964,.T.);
#538=FACE_OUTER_BOUND('',#965,.T.);
#539=FACE_OUTER_BOUND('',#966,.T.);
#540=FACE_OUTER_BOUND('',#967,.T.);
#541=FACE_OUTER_BOUND('',#968,.T.);
#542=FACE_OUTER_BOUND('',#969,.T.);
#543=FACE_OUTER_BOUND('',#970,.T.);
#544=FACE_OUTER_BOUND('',#971,.T.);
#545=FACE_OUTER_BOUND('',#972,.T.);
#546=FACE_OUTER_BOUND('',#973,.T.);
#547=FACE_OUTER_BOUND('',#974,.T.);
#548=FACE_OUTER_BOUND('',#975,.T.);
#549=FACE_OUTER_BOUND('',#976,.T.);
#550=FACE_OUTER_BOUND('',#977,.T.);
#551=FACE_OUTER_BOUND('',#978,.T.);
#552=FACE_OUTER_BOUND('',#979,.T.);
#553=FACE_OUTER_BOUND('',#980,.T.);
#554=FACE_OUTER_BOUND('',#981,.T.);
#555=FACE_OUTER_BOUND('',#982,.T.);
#556=FACE_OUTER_BOUND('',#983,.T.);
#557=FACE_OUTER_BOUND('',#984,.T.);
#558=FACE_OUTER_BOUND('',#985,.T.);
#559=FACE_OUTER_BOUND('',#986,.T.);
#560=FACE_OUTER_BOUND('',#987,.T.);
#561=FACE_OUTER_BOUND('',#988,.T.);
#562=FACE_OUTER_BOUND('',#989,.T.);
#563=FACE_OUTER_BOUND('',#990,.T.);
#564=FACE_OUTER_BOUND('',#991,.T.);
#565=FACE_OUTER_BOUND('',#992,.T.);
#566=FACE_OUTER_BOUND('',#993,.T.);
#567=FACE_OUTER_BOUND('',#994,.T.);
#568=FACE_OUTER_BOUND('',#995,.T.);
#569=FACE_OUTER_BOUND('',#996,.T.);
#570=FACE_OUTER_BOUND('',#997,.T.);
#571=FACE_OUTER_BOUND('',#998,.T.);
#572=FACE_OUTER_BOUND('',#999,.T.);
#573=FACE_OUTER_BOUND('',#1000,.T.);
#574=FACE_OUTER_BOUND('',#1001,.T.);
#575=FACE_OUTER_BOUND('',#1002,.T.);
#576=FACE_OUTER_BOUND('',#1003,.T.);
#577=FACE_OUTER_BOUND('',#1004,.T.);
#578=FACE_OUTER_BOUND('',#1005,.T.);
#579=FACE_OUTER_BOUND('',#1006,.T.);
#580=FACE_OUTER_BOUND('',#1007,.T.);
#581=FACE_OUTER_BOUND('',#1008,.T.);
#582=FACE_OUTER_BOUND('',#1009,.T.);
#583=FACE_OUTER_BOUND('',#1010,.T.);
#584=FACE_OUTER_BOUND('',#1011,.T.);
#585=FACE_OUTER_BOUND('',#1012,.T.);
#586=FACE_OUTER_BOUND('',#1013,.T.);
#587=FACE_OUTER_BOUND('',#1014,.T.);
#588=FACE_OUTER_BOUND('',#1015,.T.);
#589=FACE_OUTER_BOUND('',#1016,.T.);
#590=FACE_OUTER_BOUND('',#1017,.T.);
#591=FACE_OUTER_BOUND('',#1018,.T.);
#592=FACE_OUTER_BOUND('',#1019,.T.);
#593=FACE_OUTER_BOUND('',#1020,.T.);
#594=FACE_OUTER_BOUND('',#1021,.T.);
#595=FACE_OUTER_BOUND('',#1022,.T.);
#596=FACE_OUTER_BOUND('',#1023,.T.);
#597=FACE_OUTER_BOUND('',#1024,.T.);
#598=FACE_OUTER_BOUND('',#1025,.T.);
#599=FACE_OUTER_BOUND('',#1026,.T.);
#600=FACE_OUTER_BOUND('',#1027,.T.);
#601=FACE_OUTER_BOUND('',#1028,.T.);
#602=FACE_OUTER_BOUND('',#1029,.T.);
#603=FACE_OUTER_BOUND('',#1030,.T.);
#604=FACE_OUTER_BOUND('',#1031,.T.);
#605=FACE_OUTER_BOUND('',#1032,.T.);
#606=FACE_OUTER_BOUND('',#1033,.T.);
#607=FACE_OUTER_BOUND('',#1034,.T.);
#608=FACE_OUTER_BOUND('',#1035,.T.);
#609=FACE_OUTER_BOUND('',#1036,.T.);
#610=FACE_OUTER_BOUND('',#1037,.T.);
#611=FACE_OUTER_BOUND('',#1038,.T.);
#612=FACE_OUTER_BOUND('',#1039,.T.);
#613=FACE_OUTER_BOUND('',#1040,.T.);
#614=FACE_OUTER_BOUND('',#1041,.T.);
#615=FACE_OUTER_BOUND('',#1042,.T.);
#616=FACE_OUTER_BOUND('',#1043,.T.);
#617=FACE_OUTER_BOUND('',#1044,.T.);
#618=FACE_OUTER_BOUND('',#1045,.T.);
#619=FACE_OUTER_BOUND('',#1046,.T.);
#620=FACE_OUTER_BOUND('',#1047,.T.);
#621=FACE_OUTER_BOUND('',#1048,.T.);
#622=FACE_OUTER_BOUND('',#1049,.T.);
#623=FACE_OUTER_BOUND('',#1050,.T.);
#624=FACE_OUTER_BOUND('',#1051,.T.);
#625=FACE_OUTER_BOUND('',#1052,.T.);
#626=FACE_OUTER_BOUND('',#1053,.T.);
#627=FACE_OUTER_BOUND('',#1054,.T.);
#628=FACE_OUTER_BOUND('',#1055,.T.);
#629=FACE_OUTER_BOUND('',#1056,.T.);
#630=FACE_OUTER_BOUND('',#1057,.T.);
#631=FACE_OUTER_BOUND('',#1058,.T.);
#632=FACE_OUTER_BOUND('',#1059,.T.);
#633=FACE_OUTER_BOUND('',#1060,.T.);
#634=FACE_OUTER_BOUND('',#1061,.T.);
#635=FACE_OUTER_BOUND('',#1062,.T.);
#636=FACE_OUTER_BOUND('',#1063,.T.);
#637=FACE_OUTER_BOUND('',#1064,.T.);
#638=FACE_OUTER_BOUND('',#1065,.T.);
#639=FACE_OUTER_BOUND('',#1066,.T.);
#640=FACE_OUTER_BOUND('',#1067,.T.);
#641=FACE_OUTER_BOUND('',#1068,.T.);
#642=FACE_OUTER_BOUND('',#1069,.T.);
#643=FACE_OUTER_BOUND('',#1070,.T.);
#644=FACE_OUTER_BOUND('',#1071,.T.);
#645=FACE_OUTER_BOUND('',#1072,.T.);
#646=FACE_OUTER_BOUND('',#1073,.T.);
#647=FACE_OUTER_BOUND('',#1074,.T.);
#648=FACE_OUTER_BOUND('',#1075,.T.);
#649=FACE_OUTER_BOUND('',#1076,.T.);
#650=FACE_OUTER_BOUND('',#1077,.T.);
#651=FACE_OUTER_BOUND('',#1078,.T.);
#652=FACE_OUTER_BOUND('',#1079,.T.);
#653=FACE_OUTER_BOUND('',#1080,.T.);
#654=FACE_OUTER_BOUND('',#1081,.T.);
#655=FACE_OUTER_BOUND('',#1082,.T.);
#656=FACE_OUTER_BOUND('',#1083,.T.);
#657=FACE_OUTER_BOUND('',#1084,.T.);
#658=FACE_OUTER_BOUND('',#1085,.T.);
#659=FACE_OUTER_BOUND('',#1086,.T.);
#660=FACE_OUTER_BOUND('',#1087,.T.);
#661=FACE_OUTER_BOUND('',#1088,.T.);
#662=FACE_OUTER_BOUND('',#1089,.T.);
#663=FACE_OUTER_BOUND('',#1090,.T.);
#664=FACE_OUTER_BOUND('',#1091,.T.);
#665=FACE_OUTER_BOUND('',#1092,.T.);
#666=FACE_OUTER_BOUND('',#1093,.T.);
#667=FACE_OUTER_BOUND('',#1094,.T.);
#668=FACE_OUTER_BOUND('',#1095,.T.);
#669=FACE_OUTER_BOUND('',#1096,.T.);
#670=FACE_OUTER_BOUND('',#1097,.T.);
#671=FACE_OUTER_BOUND('',#1098,.T.);
#672=FACE_OUTER_BOUND('',#1099,.T.);
#673=FACE_OUTER_BOUND('',#1100,.T.);
#674=FACE_OUTER_BOUND('',#1101,.T.);
#675=FACE_OUTER_BOUND('',#1102,.T.);
#676=FACE_OUTER_BOUND('',#1103,.T.);
#677=FACE_OUTER_BOUND('',#1104,.T.);
#678=FACE_OUTER_BOUND('',#1105,.T.);
#679=FACE_OUTER_BOUND('',#1106,.T.);
#680=FACE_OUTER_BOUND('',#1107,.T.);
#681=FACE_OUTER_BOUND('',#1108,.T.);
#682=FACE_OUTER_BOUND('',#1109,.T.);
#683=FACE_OUTER_BOUND('',#1110,.T.);
#684=FACE_OUTER_BOUND('',#1111,.T.);
#685=FACE_OUTER_BOUND('',#1112,.T.);
#686=FACE_OUTER_BOUND('',#1113,.T.);
#687=FACE_OUTER_BOUND('',#1114,.T.);
#688=FACE_OUTER_BOUND('',#1115,.T.);
#689=FACE_OUTER_BOUND('',#1116,.T.);
#690=FACE_OUTER_BOUND('',#1117,.T.);
#691=FACE_OUTER_BOUND('',#1118,.T.);
#692=FACE_OUTER_BOUND('',#1119,.T.);
#693=FACE_OUTER_BOUND('',#1120,.T.);
#694=FACE_OUTER_BOUND('',#1121,.T.);
#695=FACE_OUTER_BOUND('',#1122,.T.);
#696=FACE_OUTER_BOUND('',#1123,.T.);
#697=FACE_OUTER_BOUND('',#1124,.T.);
#698=FACE_OUTER_BOUND('',#1125,.T.);
#699=FACE_OUTER_BOUND('',#1126,.T.);
#700=FACE_OUTER_BOUND('',#1127,.T.);
#701=FACE_OUTER_BOUND('',#1128,.T.);
#702=FACE_OUTER_BOUND('',#1129,.T.);
#703=FACE_OUTER_BOUND('',#1130,.T.);
#704=FACE_OUTER_BOUND('',#1131,.T.);
#705=FACE_OUTER_BOUND('',#1132,.T.);
#706=FACE_OUTER_BOUND('',#1133,.T.);
#707=FACE_OUTER_BOUND('',#1134,.T.);
#708=FACE_OUTER_BOUND('',#1135,.T.);
#709=FACE_OUTER_BOUND('',#1136,.T.);
#710=FACE_OUTER_BOUND('',#1137,.T.);
#711=FACE_OUTER_BOUND('',#1138,.T.);
#712=FACE_OUTER_BOUND('',#1139,.T.);
#713=FACE_OUTER_BOUND('',#1140,.T.);
#714=FACE_OUTER_BOUND('',#1141,.T.);
#715=FACE_OUTER_BOUND('',#1142,.T.);
#716=FACE_OUTER_BOUND('',#1143,.T.);
#717=FACE_OUTER_BOUND('',#1144,.T.);
#718=FACE_OUTER_BOUND('',#1145,.T.);
#719=FACE_OUTER_BOUND('',#1146,.T.);
#720=FACE_OUTER_BOUND('',#1147,.T.);
#721=FACE_OUTER_BOUND('',#1148,.T.);
#722=FACE_OUTER_BOUND('',#1149,.T.);
#723=FACE_OUTER_BOUND('',#1150,.T.);
#724=FACE_OUTER_BOUND('',#1151,.T.);
#725=FACE_OUTER_BOUND('',#1152,.T.);
#726=FACE_OUTER_BOUND('',#1153,.T.);
#727=FACE_OUTER_BOUND('',#1154,.T.);
#728=FACE_OUTER_BOUND('',#1155,.T.);
#729=FACE_OUTER_BOUND('',#1156,.T.);
#730=FACE_OUTER_BOUND('',#1157,.T.);
#731=FACE_OUTER_BOUND('',#1158,.T.);
#732=FACE_OUTER_BOUND('',#1159,.T.);
#733=FACE_OUTER_BOUND('',#1160,.T.);
#734=FACE_OUTER_BOUND('',#1161,.T.);
#735=FACE_OUTER_BOUND('',#1162,.T.);
#736=FACE_OUTER_BOUND('',#1163,.T.);
#737=FACE_OUTER_BOUND('',#1164,.T.);
#738=FACE_OUTER_BOUND('',#1165,.T.);
#739=FACE_OUTER_BOUND('',#1166,.T.);
#740=FACE_OUTER_BOUND('',#1167,.T.);
#741=FACE_OUTER_BOUND('',#1168,.T.);
#742=FACE_OUTER_BOUND('',#1169,.T.);
#743=FACE_OUTER_BOUND('',#1170,.T.);
#744=FACE_OUTER_BOUND('',#1171,.T.);
#745=FACE_OUTER_BOUND('',#1172,.T.);
#746=FACE_OUTER_BOUND('',#1173,.T.);
#747=FACE_OUTER_BOUND('',#1174,.T.);
#748=FACE_OUTER_BOUND('',#1175,.T.);
#749=FACE_OUTER_BOUND('',#1176,.T.);
#750=FACE_OUTER_BOUND('',#1177,.T.);
#751=FACE_OUTER_BOUND('',#1178,.T.);
#752=FACE_OUTER_BOUND('',#1179,.T.);
#753=FACE_OUTER_BOUND('',#1180,.T.);
#754=FACE_OUTER_BOUND('',#1181,.T.);
#755=FACE_OUTER_BOUND('',#1182,.T.);
#756=FACE_OUTER_BOUND('',#1183,.T.);
#757=FACE_OUTER_BOUND('',#1184,.T.);
#758=FACE_OUTER_BOUND('',#1185,.T.);
#759=FACE_OUTER_BOUND('',#1186,.T.);
#760=FACE_OUTER_BOUND('',#1187,.T.);
#761=FACE_OUTER_BOUND('',#1188,.T.);
#762=FACE_OUTER_BOUND('',#1189,.T.);
#763=FACE_OUTER_BOUND('',#1190,.T.);
#764=FACE_OUTER_BOUND('',#1191,.T.);
#765=FACE_OUTER_BOUND('',#1192,.T.);
#766=FACE_OUTER_BOUND('',#1193,.T.);
#767=FACE_OUTER_BOUND('',#1194,.T.);
#768=FACE_OUTER_BOUND('',#1195,.T.);
#769=FACE_OUTER_BOUND('',#1196,.T.);
#770=FACE_OUTER_BOUND('',#1197,.T.);
#771=FACE_OUTER_BOUND('',#1198,.T.);
#772=FACE_OUTER_BOUND('',#1199,.T.);
#773=FACE_OUTER_BOUND('',#1200,.T.);
#774=FACE_OUTER_BOUND('',#1201,.T.);
#775=FACE_OUTER_BOUND('',#1202,.T.);
#776=FACE_OUTER_BOUND('',#1203,.T.);
#777=FACE_OUTER_BOUND('',#1204,.T.);
#778=FACE_OUTER_BOUND('',#1205,.T.);
#779=FACE_OUTER_BOUND('',#1206,.T.);
#780=FACE_OUTER_BOUND('',#1207,.T.);
#781=FACE_OUTER_BOUND('',#1208,.T.);
#782=FACE_OUTER_BOUND('',#1209,.T.);
#783=FACE_OUTER_BOUND('',#1210,.T.);
#784=FACE_OUTER_BOUND('',#1211,.T.);
#785=FACE_OUTER_BOUND('',#1212,.T.);
#786=FACE_OUTER_BOUND('',#1213,.T.);
#787=FACE_OUTER_BOUND('',#1214,.T.);
#788=FACE_OUTER_BOUND('',#1215,.T.);
#789=FACE_OUTER_BOUND('',#1216,.T.);
#790=FACE_OUTER_BOUND('',#1217,.T.);
#791=FACE_OUTER_BOUND('',#1218,.T.);
#792=FACE_OUTER_BOUND('',#1219,.T.);
#793=FACE_OUTER_BOUND('',#1220,.T.);
#794=FACE_OUTER_BOUND('',#1221,.T.);
#795=FACE_OUTER_BOUND('',#1222,.T.);
#796=FACE_OUTER_BOUND('',#1223,.T.);
#797=FACE_OUTER_BOUND('',#1224,.T.);
#798=FACE_OUTER_BOUND('',#1225,.T.);
#799=FACE_OUTER_BOUND('',#1226,.T.);
#800=FACE_OUTER_BOUND('',#1227,.T.);
#801=FACE_OUTER_BOUND('',#1228,.T.);
#802=FACE_OUTER_BOUND('',#1229,.T.);
#803=FACE_OUTER_BOUND('',#1230,.T.);
#804=FACE_OUTER_BOUND('',#1231,.T.);
#805=FACE_OUTER_BOUND('',#1232,.T.);
#806=FACE_OUTER_BOUND('',#1233,.T.);
#807=FACE_OUTER_BOUND('',#1234,.T.);
#808=FACE_OUTER_BOUND('',#1235,.T.);
#809=FACE_OUTER_BOUND('',#1236,.T.);
#810=FACE_OUTER_BOUND('',#1237,.T.);
#811=FACE_OUTER_BOUND('',#1238,.T.);
#812=FACE_OUTER_BOUND('',#1239,.T.);
#813=FACE_OUTER_BOUND('',#1240,.T.);
#814=FACE_OUTER_BOUND('',#1241,.T.);
#815=FACE_OUTER_BOUND('',#1242,.T.);
#816=FACE_OUTER_BOUND('',#1243,.T.);
#817=FACE_OUTER_BOUND('',#1244,.T.);
#818=FACE_OUTER_BOUND('',#1245,.T.);
#819=FACE_OUTER_BOUND('',#1246,.T.);
#820=FACE_OUTER_BOUND('',#1247,.T.);
#821=FACE_OUTER_BOUND('',#1248,.T.);
#822=FACE_OUTER_BOUND('',#1249,.T.);
#823=FACE_OUTER_BOUND('',#1250,.T.);
#824=FACE_OUTER_BOUND('',#1251,.T.);
#825=FACE_OUTER_BOUND('',#1252,.T.);
#826=FACE_OUTER_BOUND('',#1253,.T.);
#827=FACE_OUTER_BOUND('',#1254,.T.);
#828=FACE_OUTER_BOUND('',#1255,.T.);
#829=FACE_OUTER_BOUND('',#1256,.T.);
#830=FACE_OUTER_BOUND('',#1257,.T.);
#831=FACE_OUTER_BOUND('',#1258,.T.);
#832=FACE_OUTER_BOUND('',#1259,.T.);
#833=FACE_OUTER_BOUND('',#1260,.T.);
#834=FACE_OUTER_BOUND('',#1261,.T.);
#835=FACE_OUTER_BOUND('',#1262,.T.);
#836=FACE_OUTER_BOUND('',#1263,.T.);
#837=FACE_OUTER_BOUND('',#1264,.T.);
#838=FACE_OUTER_BOUND('',#1265,.T.);
#839=FACE_OUTER_BOUND('',#1266,.T.);
#840=FACE_OUTER_BOUND('',#1267,.T.);
#841=FACE_OUTER_BOUND('',#1268,.T.);
#842=FACE_OUTER_BOUND('',#1269,.T.);
#843=FACE_OUTER_BOUND('',#1270,.T.);
#844=FACE_OUTER_BOUND('',#1271,.T.);
#845=FACE_OUTER_BOUND('',#1272,.T.);
#846=FACE_OUTER_BOUND('',#1273,.T.);
#847=FACE_OUTER_BOUND('',#1274,.T.);
#848=FACE_OUTER_BOUND('',#1275,.T.);
#849=FACE_OUTER_BOUND('',#1276,.T.);
#850=FACE_OUTER_BOUND('',#1277,.T.);
#851=FACE_OUTER_BOUND('',#1278,.T.);
#852=FACE_OUTER_BOUND('',#1279,.T.);
#853=FACE_OUTER_BOUND('',#1280,.T.);
#854=FACE_OUTER_BOUND('',#1281,.T.);
#855=FACE_OUTER_BOUND('',#1282,.T.);
#856=FACE_OUTER_BOUND('',#1283,.T.);
#857=FACE_OUTER_BOUND('',#1284,.T.);
#858=FACE_OUTER_BOUND('',#1285,.T.);
#859=FACE_OUTER_BOUND('',#1286,.T.);
#860=FACE_OUTER_BOUND('',#1287,.T.);
#861=FACE_OUTER_BOUND('',#1288,.T.);
#862=FACE_OUTER_BOUND('',#1289,.T.);
#863=FACE_OUTER_BOUND('',#1290,.T.);
#864=FACE_OUTER_BOUND('',#1291,.T.);
#865=FACE_OUTER_BOUND('',#1292,.T.);
#866=FACE_OUTER_BOUND('',#1293,.T.);
#867=FACE_OUTER_BOUND('',#1294,.T.);
#868=FACE_OUTER_BOUND('',#1295,.T.);
#869=FACE_OUTER_BOUND('',#1296,.T.);
#870=FACE_OUTER_BOUND('',#1297,.T.);
#871=FACE_OUTER_BOUND('',#1298,.T.);
#872=FACE_OUTER_BOUND('',#1299,.T.);
#873=FACE_OUTER_BOUND('',#1300,.T.);
#874=FACE_OUTER_BOUND('',#1301,.T.);
#875=FACE_OUTER_BOUND('',#1302,.T.);
#876=FACE_OUTER_BOUND('',#1303,.T.);
#877=FACE_OUTER_BOUND('',#1304,.T.);
#878=FACE_OUTER_BOUND('',#1305,.T.);
#879=FACE_OUTER_BOUND('',#1306,.T.);
#880=FACE_OUTER_BOUND('',#1307,.T.);
#881=FACE_OUTER_BOUND('',#1308,.T.);
#882=FACE_OUTER_BOUND('',#1309,.T.);
#883=FACE_OUTER_BOUND('',#1310,.T.);
#884=FACE_OUTER_BOUND('',#1311,.T.);
#885=FACE_OUTER_BOUND('',#1312,.T.);
#886=FACE_OUTER_BOUND('',#1313,.T.);
#887=FACE_OUTER_BOUND('',#1314,.T.);
#888=FACE_OUTER_BOUND('',#1315,.T.);
#889=FACE_OUTER_BOUND('',#1316,.T.);
#890=FACE_OUTER_BOUND('',#1317,.T.);
#891=FACE_OUTER_BOUND('',#1318,.T.);
#892=FACE_OUTER_BOUND('',#1319,.T.);
#893=FACE_OUTER_BOUND('',#1320,.T.);
#894=FACE_OUTER_BOUND('',#1321,.T.);
#895=FACE_OUTER_BOUND('',#1322,.T.);
#896=FACE_OUTER_BOUND('',#1323,.T.);
#897=FACE_OUTER_BOUND('',#1324,.T.);
#898=FACE_OUTER_BOUND('',#1325,.T.);
#899=FACE_OUTER_BOUND('',#1326,.T.);
#900=FACE_OUTER_BOUND('',#1327,.T.);
#901=FACE_OUTER_BOUND('',#1328,.T.);
#902=FACE_OUTER_BOUND('',#1329,.T.);
#903=FACE_OUTER_BOUND('',#1330,.T.);
#904=FACE_OUTER_BOUND('',#1331,.T.);
#905=FACE_OUTER_BOUND('',#1332,.T.);
#906=FACE_OUTER_BOUND('',#1333,.T.);
#907=FACE_OUTER_BOUND('',#1334,.T.);
#908=FACE_OUTER_BOUND('',#1335,.T.);
#909=FACE_OUTER_BOUND('',#1336,.T.);
#910=FACE_OUTER_BOUND('',#1337,.T.);
#911=FACE_OUTER_BOUND('',#1338,.T.);
#912=FACE_OUTER_BOUND('',#1339,.T.);
#913=FACE_OUTER_BOUND('',#1340,.T.);
#914=FACE_OUTER_BOUND('',#1341,.T.);
#915=FACE_OUTER_BOUND('',#1342,.T.);
#916=FACE_OUTER_BOUND('',#1343,.T.);
#917=FACE_OUTER_BOUND('',#1344,.T.);
#918=FACE_OUTER_BOUND('',#1345,.T.);
#919=FACE_OUTER_BOUND('',#1346,.T.);
#920=FACE_OUTER_BOUND('',#1347,.T.);
#921=FACE_OUTER_BOUND('',#1348,.T.);
#922=FACE_OUTER_BOUND('',#1349,.T.);
#923=FACE_OUTER_BOUND('',#1350,.T.);
#924=FACE_OUTER_BOUND('',#1351,.T.);
#925=FACE_OUTER_BOUND('',#1352,.T.);
#926=FACE_OUTER_BOUND('',#1353,.T.);
#927=FACE_OUTER_BOUND('',#1354,.T.);
#928=FACE_OUTER_BOUND('',#1355,.T.);
#929=FACE_OUTER_BOUND('',#1356,.T.);
#930=FACE_OUTER_BOUND('',#1357,.T.);
#931=FACE_OUTER_BOUND('',#1358,.T.);
#932=FACE_OUTER_BOUND('',#1359,.T.);
#933=FACE_OUTER_BOUND('',#1360,.T.);
#934=FACE_OUTER_BOUND('',#1361,.T.);
#935=FACE_OUTER_BOUND('',#1362,.T.);
#936=FACE_OUTER_BOUND('',#1363,.T.);
#937=FACE_OUTER_BOUND('',#1364,.T.);
#938=FACE_OUTER_BOUND('',#1365,.T.);
#939=FACE_OUTER_BOUND('',#1366,.T.);
#940=FACE_OUTER_BOUND('',#1367,.T.);
#941=FACE_OUTER_BOUND('',#1368,.T.);
#942=FACE_OUTER_BOUND('',#1369,.T.);
#943=FACE_OUTER_BOUND('',#1370,.T.);
#944=FACE_OUTER_BOUND('',#1371,.T.);
#945=FACE_OUTER_BOUND('',#1372,.T.);
#946=FACE_OUTER_BOUND('',#1373,.T.);
#947=FACE_OUTER_BOUND('',#1374,.T.);
#948=FACE_OUTER_BOUND('',#1375,.T.);
#949=FACE_OUTER_BOUND('',#1376,.T.);
#950=FACE_OUTER_BOUND('',#1377,.T.);
#951=FACE_OUTER_BOUND('',#1378,.T.);
#952=FACE_OUTER_BOUND('',#1379,.T.);
#953=FACE_OUTER_BOUND('',#1380,.T.);
#954=FACE_OUTER_BOUND('',#1381,.T.);
#955=FACE_OUTER_BOUND('',#1382,.T.);
#956=FACE_OUTER_BOUND('',#1383,.T.);
#957=FACE_OUTER_BOUND('',#1384,.T.);
#958=FACE_OUTER_BOUND('',#1385,.T.);
#959=EDGE_LOOP('',(#4877,#4878,#4879,#4880,#4881,#4882));
#960=EDGE_LOOP('',(#4883,#4884,#4885,#4886));
#961=EDGE_LOOP('',(#4887,#4888,#4889,#4890));
#962=EDGE_LOOP('',(#4891,#4892,#4893,#4894,#4895,#4896));
#963=EDGE_LOOP('',(#4897,#4898,#4899,#4900,#4901,#4902));
#964=EDGE_LOOP('',(#4903,#4904,#4905,#4906));
#965=EDGE_LOOP('',(#4907,#4908,#4909,#4910));
#966=EDGE_LOOP('',(#4911,#4912,#4913,#4914));
#967=EDGE_LOOP('',(#4915,#4916,#4917,#4918,#4919,#4920));
#968=EDGE_LOOP('',(#4921,#4922,#4923,#4924));
#969=EDGE_LOOP('',(#4925,#4926,#4927,#4928));
#970=EDGE_LOOP('',(#4929,#4930,#4931,#4932));
#971=EDGE_LOOP('',(#4933,#4934,#4935,#4936));
#972=EDGE_LOOP('',(#4937,#4938,#4939,#4940));
#973=EDGE_LOOP('',(#4941,#4942,#4943,#4944));
#974=EDGE_LOOP('',(#4945,#4946,#4947,#4948));
#975=EDGE_LOOP('',(#4949,#4950,#4951,#4952));
#976=EDGE_LOOP('',(#4953,#4954,#4955,#4956,#4957));
#977=EDGE_LOOP('',(#4958,#4959,#4960,#4961,#4962,#4963));
#978=EDGE_LOOP('',(#4964,#4965,#4966,#4967));
#979=EDGE_LOOP('',(#4968,#4969,#4970,#4971,#4972));
#980=EDGE_LOOP('',(#4973,#4974,#4975,#4976,#4977));
#981=EDGE_LOOP('',(#4978,#4979,#4980,#4981,#4982,#4983,#4984,#4985));
#982=EDGE_LOOP('',(#4986,#4987,#4988,#4989,#4990,#4991,#4992,#4993));
#983=EDGE_LOOP('',(#4994,#4995,#4996,#4997,#4998));
#984=EDGE_LOOP('',(#4999,#5000,#5001,#5002));
#985=EDGE_LOOP('',(#5003,#5004,#5005,#5006));
#986=EDGE_LOOP('',(#5007,#5008,#5009,#5010));
#987=EDGE_LOOP('',(#5011,#5012,#5013,#5014,#5015,#5016));
#988=EDGE_LOOP('',(#5017,#5018,#5019,#5020));
#989=EDGE_LOOP('',(#5021,#5022,#5023,#5024,#5025,#5026));
#990=EDGE_LOOP('',(#5027,#5028,#5029,#5030));
#991=EDGE_LOOP('',(#5031,#5032,#5033,#5034));
#992=EDGE_LOOP('',(#5035,#5036,#5037,#5038,#5039,#5040,#5041,#5042,#5043,
#5044,#5045,#5046));
#993=EDGE_LOOP('',(#5047,#5048,#5049,#5050));
#994=EDGE_LOOP('',(#5051,#5052,#5053,#5054));
#995=EDGE_LOOP('',(#5055,#5056,#5057,#5058));
#996=EDGE_LOOP('',(#5059,#5060,#5061,#5062));
#997=EDGE_LOOP('',(#5063,#5064,#5065,#5066));
#998=EDGE_LOOP('',(#5067,#5068,#5069,#5070));
#999=EDGE_LOOP('',(#5071,#5072,#5073,#5074));
#1000=EDGE_LOOP('',(#5075,#5076,#5077,#5078));
#1001=EDGE_LOOP('',(#5079,#5080,#5081,#5082));
#1002=EDGE_LOOP('',(#5083,#5084,#5085,#5086));
#1003=EDGE_LOOP('',(#5087,#5088,#5089,#5090));
#1004=EDGE_LOOP('',(#5091,#5092,#5093,#5094));
#1005=EDGE_LOOP('',(#5095,#5096,#5097,#5098));
#1006=EDGE_LOOP('',(#5099,#5100,#5101,#5102));
#1007=EDGE_LOOP('',(#5103,#5104,#5105,#5106));
#1008=EDGE_LOOP('',(#5107,#5108,#5109,#5110));
#1009=EDGE_LOOP('',(#5111,#5112,#5113,#5114));
#1010=EDGE_LOOP('',(#5115,#5116,#5117,#5118));
#1011=EDGE_LOOP('',(#5119,#5120,#5121,#5122,#5123,#5124,#5125,#5126,#5127,
#5128,#5129,#5130));
#1012=EDGE_LOOP('',(#5131,#5132,#5133,#5134));
#1013=EDGE_LOOP('',(#5135,#5136,#5137,#5138));
#1014=EDGE_LOOP('',(#5139,#5140,#5141,#5142,#5143,#5144,#5145,#5146,#5147,
#5148,#5149,#5150));
#1015=EDGE_LOOP('',(#5151,#5152,#5153,#5154));
#1016=EDGE_LOOP('',(#5155,#5156,#5157,#5158));
#1017=EDGE_LOOP('',(#5159,#5160,#5161,#5162));
#1018=EDGE_LOOP('',(#5163,#5164,#5165,#5166));
#1019=EDGE_LOOP('',(#5167,#5168,#5169,#5170));
#1020=EDGE_LOOP('',(#5171,#5172,#5173,#5174));
#1021=EDGE_LOOP('',(#5175,#5176,#5177,#5178));
#1022=EDGE_LOOP('',(#5179,#5180,#5181,#5182));
#1023=EDGE_LOOP('',(#5183,#5184,#5185,#5186));
#1024=EDGE_LOOP('',(#5187,#5188,#5189,#5190));
#1025=EDGE_LOOP('',(#5191,#5192,#5193,#5194));
#1026=EDGE_LOOP('',(#5195,#5196,#5197,#5198));
#1027=EDGE_LOOP('',(#5199,#5200,#5201,#5202));
#1028=EDGE_LOOP('',(#5203,#5204,#5205,#5206));
#1029=EDGE_LOOP('',(#5207,#5208,#5209,#5210));
#1030=EDGE_LOOP('',(#5211,#5212,#5213,#5214));
#1031=EDGE_LOOP('',(#5215,#5216,#5217,#5218));
#1032=EDGE_LOOP('',(#5219,#5220,#5221,#5222));
#1033=EDGE_LOOP('',(#5223,#5224,#5225,#5226,#5227,#5228,#5229,#5230,#5231,
#5232,#5233,#5234));
#1034=EDGE_LOOP('',(#5235,#5236,#5237,#5238));
#1035=EDGE_LOOP('',(#5239,#5240,#5241,#5242));
#1036=EDGE_LOOP('',(#5243,#5244,#5245,#5246,#5247,#5248,#5249,#5250,#5251,
#5252,#5253,#5254));
#1037=EDGE_LOOP('',(#5255,#5256,#5257,#5258));
#1038=EDGE_LOOP('',(#5259,#5260,#5261,#5262));
#1039=EDGE_LOOP('',(#5263,#5264,#5265,#5266));
#1040=EDGE_LOOP('',(#5267,#5268,#5269,#5270));
#1041=EDGE_LOOP('',(#5271,#5272,#5273,#5274));
#1042=EDGE_LOOP('',(#5275,#5276,#5277,#5278));
#1043=EDGE_LOOP('',(#5279,#5280,#5281,#5282));
#1044=EDGE_LOOP('',(#5283,#5284,#5285,#5286));
#1045=EDGE_LOOP('',(#5287,#5288,#5289,#5290));
#1046=EDGE_LOOP('',(#5291,#5292,#5293,#5294));
#1047=EDGE_LOOP('',(#5295,#5296,#5297,#5298));
#1048=EDGE_LOOP('',(#5299,#5300,#5301,#5302));
#1049=EDGE_LOOP('',(#5303,#5304,#5305,#5306));
#1050=EDGE_LOOP('',(#5307,#5308,#5309,#5310));
#1051=EDGE_LOOP('',(#5311,#5312,#5313,#5314));
#1052=EDGE_LOOP('',(#5315,#5316,#5317,#5318));
#1053=EDGE_LOOP('',(#5319,#5320,#5321,#5322));
#1054=EDGE_LOOP('',(#5323,#5324,#5325,#5326));
#1055=EDGE_LOOP('',(#5327,#5328,#5329,#5330,#5331,#5332,#5333,#5334,#5335,
#5336,#5337,#5338));
#1056=EDGE_LOOP('',(#5339,#5340,#5341,#5342));
#1057=EDGE_LOOP('',(#5343,#5344,#5345,#5346));
#1058=EDGE_LOOP('',(#5347,#5348,#5349,#5350,#5351,#5352,#5353,#5354,#5355,
#5356,#5357,#5358));
#1059=EDGE_LOOP('',(#5359,#5360,#5361,#5362));
#1060=EDGE_LOOP('',(#5363,#5364,#5365,#5366));
#1061=EDGE_LOOP('',(#5367,#5368,#5369,#5370));
#1062=EDGE_LOOP('',(#5371,#5372,#5373,#5374));
#1063=EDGE_LOOP('',(#5375,#5376,#5377,#5378));
#1064=EDGE_LOOP('',(#5379,#5380,#5381,#5382));
#1065=EDGE_LOOP('',(#5383,#5384,#5385,#5386));
#1066=EDGE_LOOP('',(#5387,#5388,#5389,#5390));
#1067=EDGE_LOOP('',(#5391,#5392,#5393,#5394));
#1068=EDGE_LOOP('',(#5395,#5396,#5397,#5398));
#1069=EDGE_LOOP('',(#5399,#5400,#5401,#5402));
#1070=EDGE_LOOP('',(#5403,#5404,#5405,#5406));
#1071=EDGE_LOOP('',(#5407,#5408,#5409,#5410));
#1072=EDGE_LOOP('',(#5411,#5412,#5413,#5414));
#1073=EDGE_LOOP('',(#5415,#5416,#5417,#5418));
#1074=EDGE_LOOP('',(#5419,#5420,#5421,#5422));
#1075=EDGE_LOOP('',(#5423,#5424,#5425,#5426));
#1076=EDGE_LOOP('',(#5427,#5428,#5429,#5430));
#1077=EDGE_LOOP('',(#5431,#5432,#5433,#5434,#5435,#5436,#5437,#5438,#5439,
#5440,#5441,#5442));
#1078=EDGE_LOOP('',(#5443,#5444,#5445,#5446));
#1079=EDGE_LOOP('',(#5447,#5448,#5449,#5450));
#1080=EDGE_LOOP('',(#5451,#5452,#5453,#5454,#5455,#5456,#5457,#5458,#5459,
#5460,#5461,#5462));
#1081=EDGE_LOOP('',(#5463,#5464,#5465,#5466));
#1082=EDGE_LOOP('',(#5467,#5468,#5469,#5470));
#1083=EDGE_LOOP('',(#5471,#5472,#5473,#5474));
#1084=EDGE_LOOP('',(#5475,#5476,#5477,#5478));
#1085=EDGE_LOOP('',(#5479,#5480,#5481,#5482));
#1086=EDGE_LOOP('',(#5483,#5484,#5485,#5486));
#1087=EDGE_LOOP('',(#5487,#5488,#5489,#5490));
#1088=EDGE_LOOP('',(#5491,#5492,#5493,#5494));
#1089=EDGE_LOOP('',(#5495,#5496,#5497,#5498));
#1090=EDGE_LOOP('',(#5499,#5500,#5501,#5502));
#1091=EDGE_LOOP('',(#5503,#5504,#5505,#5506));
#1092=EDGE_LOOP('',(#5507,#5508,#5509,#5510));
#1093=EDGE_LOOP('',(#5511,#5512,#5513,#5514));
#1094=EDGE_LOOP('',(#5515,#5516,#5517,#5518));
#1095=EDGE_LOOP('',(#5519,#5520,#5521,#5522));
#1096=EDGE_LOOP('',(#5523,#5524,#5525,#5526));
#1097=EDGE_LOOP('',(#5527,#5528,#5529,#5530));
#1098=EDGE_LOOP('',(#5531,#5532,#5533,#5534));
#1099=EDGE_LOOP('',(#5535,#5536,#5537,#5538,#5539,#5540,#5541,#5542,#5543,
#5544,#5545,#5546));
#1100=EDGE_LOOP('',(#5547,#5548,#5549,#5550));
#1101=EDGE_LOOP('',(#5551,#5552,#5553,#5554));
#1102=EDGE_LOOP('',(#5555,#5556,#5557,#5558,#5559,#5560,#5561,#5562,#5563,
#5564,#5565,#5566));
#1103=EDGE_LOOP('',(#5567,#5568,#5569,#5570));
#1104=EDGE_LOOP('',(#5571,#5572,#5573,#5574));
#1105=EDGE_LOOP('',(#5575,#5576,#5577,#5578));
#1106=EDGE_LOOP('',(#5579,#5580,#5581,#5582));
#1107=EDGE_LOOP('',(#5583,#5584,#5585,#5586));
#1108=EDGE_LOOP('',(#5587,#5588,#5589,#5590));
#1109=EDGE_LOOP('',(#5591,#5592,#5593,#5594));
#1110=EDGE_LOOP('',(#5595,#5596,#5597,#5598));
#1111=EDGE_LOOP('',(#5599,#5600,#5601,#5602));
#1112=EDGE_LOOP('',(#5603,#5604,#5605,#5606));
#1113=EDGE_LOOP('',(#5607,#5608,#5609,#5610));
#1114=EDGE_LOOP('',(#5611,#5612,#5613,#5614));
#1115=EDGE_LOOP('',(#5615,#5616,#5617,#5618));
#1116=EDGE_LOOP('',(#5619,#5620,#5621,#5622));
#1117=EDGE_LOOP('',(#5623,#5624,#5625,#5626));
#1118=EDGE_LOOP('',(#5627,#5628,#5629,#5630));
#1119=EDGE_LOOP('',(#5631,#5632,#5633,#5634));
#1120=EDGE_LOOP('',(#5635,#5636,#5637,#5638));
#1121=EDGE_LOOP('',(#5639,#5640,#5641,#5642,#5643,#5644,#5645,#5646,#5647,
#5648,#5649,#5650));
#1122=EDGE_LOOP('',(#5651,#5652,#5653,#5654));
#1123=EDGE_LOOP('',(#5655,#5656,#5657,#5658));
#1124=EDGE_LOOP('',(#5659,#5660,#5661,#5662,#5663,#5664,#5665,#5666,#5667,
#5668,#5669,#5670));
#1125=EDGE_LOOP('',(#5671,#5672,#5673,#5674));
#1126=EDGE_LOOP('',(#5675,#5676,#5677,#5678));
#1127=EDGE_LOOP('',(#5679,#5680,#5681,#5682));
#1128=EDGE_LOOP('',(#5683,#5684,#5685,#5686));
#1129=EDGE_LOOP('',(#5687,#5688,#5689,#5690));
#1130=EDGE_LOOP('',(#5691,#5692,#5693,#5694));
#1131=EDGE_LOOP('',(#5695,#5696,#5697,#5698));
#1132=EDGE_LOOP('',(#5699,#5700,#5701,#5702));
#1133=EDGE_LOOP('',(#5703,#5704,#5705,#5706));
#1134=EDGE_LOOP('',(#5707,#5708,#5709,#5710));
#1135=EDGE_LOOP('',(#5711,#5712,#5713,#5714));
#1136=EDGE_LOOP('',(#5715,#5716,#5717,#5718));
#1137=EDGE_LOOP('',(#5719,#5720,#5721,#5722));
#1138=EDGE_LOOP('',(#5723,#5724,#5725,#5726));
#1139=EDGE_LOOP('',(#5727,#5728,#5729,#5730));
#1140=EDGE_LOOP('',(#5731,#5732,#5733,#5734));
#1141=EDGE_LOOP('',(#5735,#5736,#5737,#5738));
#1142=EDGE_LOOP('',(#5739,#5740,#5741,#5742));
#1143=EDGE_LOOP('',(#5743,#5744,#5745,#5746,#5747,#5748,#5749,#5750,#5751,
#5752,#5753,#5754));
#1144=EDGE_LOOP('',(#5755,#5756,#5757,#5758));
#1145=EDGE_LOOP('',(#5759,#5760,#5761,#5762));
#1146=EDGE_LOOP('',(#5763,#5764,#5765,#5766,#5767,#5768,#5769,#5770,#5771,
#5772,#5773,#5774));
#1147=EDGE_LOOP('',(#5775,#5776,#5777,#5778));
#1148=EDGE_LOOP('',(#5779,#5780,#5781,#5782));
#1149=EDGE_LOOP('',(#5783,#5784,#5785,#5786));
#1150=EDGE_LOOP('',(#5787,#5788,#5789,#5790));
#1151=EDGE_LOOP('',(#5791,#5792,#5793,#5794));
#1152=EDGE_LOOP('',(#5795,#5796,#5797,#5798));
#1153=EDGE_LOOP('',(#5799,#5800,#5801,#5802));
#1154=EDGE_LOOP('',(#5803,#5804,#5805,#5806));
#1155=EDGE_LOOP('',(#5807,#5808,#5809,#5810));
#1156=EDGE_LOOP('',(#5811,#5812,#5813,#5814));
#1157=EDGE_LOOP('',(#5815,#5816,#5817,#5818));
#1158=EDGE_LOOP('',(#5819,#5820,#5821,#5822));
#1159=EDGE_LOOP('',(#5823,#5824,#5825,#5826));
#1160=EDGE_LOOP('',(#5827,#5828,#5829,#5830));
#1161=EDGE_LOOP('',(#5831,#5832,#5833,#5834));
#1162=EDGE_LOOP('',(#5835,#5836,#5837,#5838));
#1163=EDGE_LOOP('',(#5839,#5840,#5841,#5842));
#1164=EDGE_LOOP('',(#5843,#5844,#5845,#5846));
#1165=EDGE_LOOP('',(#5847,#5848,#5849,#5850,#5851,#5852,#5853,#5854,#5855,
#5856,#5857,#5858));
#1166=EDGE_LOOP('',(#5859,#5860,#5861,#5862));
#1167=EDGE_LOOP('',(#5863,#5864,#5865,#5866));
#1168=EDGE_LOOP('',(#5867,#5868,#5869,#5870,#5871,#5872,#5873,#5874,#5875,
#5876,#5877,#5878));
#1169=EDGE_LOOP('',(#5879,#5880,#5881,#5882));
#1170=EDGE_LOOP('',(#5883,#5884,#5885,#5886));
#1171=EDGE_LOOP('',(#5887,#5888,#5889,#5890));
#1172=EDGE_LOOP('',(#5891,#5892,#5893,#5894));
#1173=EDGE_LOOP('',(#5895,#5896,#5897,#5898));
#1174=EDGE_LOOP('',(#5899,#5900,#5901,#5902));
#1175=EDGE_LOOP('',(#5903,#5904,#5905,#5906));
#1176=EDGE_LOOP('',(#5907,#5908,#5909,#5910));
#1177=EDGE_LOOP('',(#5911,#5912,#5913,#5914));
#1178=EDGE_LOOP('',(#5915,#5916,#5917,#5918));
#1179=EDGE_LOOP('',(#5919,#5920,#5921,#5922));
#1180=EDGE_LOOP('',(#5923,#5924,#5925,#5926));
#1181=EDGE_LOOP('',(#5927,#5928,#5929,#5930));
#1182=EDGE_LOOP('',(#5931,#5932,#5933,#5934));
#1183=EDGE_LOOP('',(#5935,#5936,#5937,#5938));
#1184=EDGE_LOOP('',(#5939,#5940,#5941,#5942));
#1185=EDGE_LOOP('',(#5943,#5944,#5945,#5946));
#1186=EDGE_LOOP('',(#5947,#5948,#5949,#5950));
#1187=EDGE_LOOP('',(#5951,#5952,#5953,#5954,#5955,#5956,#5957,#5958,#5959,
#5960,#5961,#5962));
#1188=EDGE_LOOP('',(#5963,#5964,#5965,#5966));
#1189=EDGE_LOOP('',(#5967,#5968,#5969,#5970));
#1190=EDGE_LOOP('',(#5971,#5972,#5973,#5974,#5975,#5976,#5977,#5978,#5979,
#5980,#5981,#5982));
#1191=EDGE_LOOP('',(#5983,#5984,#5985,#5986));
#1192=EDGE_LOOP('',(#5987,#5988,#5989,#5990));
#1193=EDGE_LOOP('',(#5991,#5992,#5993,#5994));
#1194=EDGE_LOOP('',(#5995,#5996,#5997,#5998));
#1195=EDGE_LOOP('',(#5999,#6000,#6001,#6002));
#1196=EDGE_LOOP('',(#6003,#6004,#6005,#6006));
#1197=EDGE_LOOP('',(#6007,#6008,#6009,#6010));
#1198=EDGE_LOOP('',(#6011,#6012,#6013,#6014));
#1199=EDGE_LOOP('',(#6015,#6016,#6017,#6018));
#1200=EDGE_LOOP('',(#6019,#6020,#6021,#6022));
#1201=EDGE_LOOP('',(#6023,#6024,#6025,#6026));
#1202=EDGE_LOOP('',(#6027,#6028,#6029,#6030));
#1203=EDGE_LOOP('',(#6031,#6032,#6033,#6034));
#1204=EDGE_LOOP('',(#6035,#6036,#6037,#6038));
#1205=EDGE_LOOP('',(#6039,#6040,#6041,#6042));
#1206=EDGE_LOOP('',(#6043,#6044,#6045,#6046));
#1207=EDGE_LOOP('',(#6047,#6048,#6049,#6050));
#1208=EDGE_LOOP('',(#6051,#6052,#6053,#6054));
#1209=EDGE_LOOP('',(#6055,#6056,#6057,#6058,#6059,#6060,#6061,#6062,#6063,
#6064,#6065,#6066));
#1210=EDGE_LOOP('',(#6067,#6068,#6069,#6070));
#1211=EDGE_LOOP('',(#6071,#6072,#6073,#6074));
#1212=EDGE_LOOP('',(#6075,#6076,#6077,#6078,#6079,#6080,#6081,#6082,#6083,
#6084,#6085,#6086));
#1213=EDGE_LOOP('',(#6087,#6088,#6089,#6090));
#1214=EDGE_LOOP('',(#6091,#6092,#6093,#6094));
#1215=EDGE_LOOP('',(#6095,#6096,#6097,#6098));
#1216=EDGE_LOOP('',(#6099,#6100,#6101,#6102));
#1217=EDGE_LOOP('',(#6103,#6104,#6105,#6106));
#1218=EDGE_LOOP('',(#6107,#6108,#6109,#6110));
#1219=EDGE_LOOP('',(#6111,#6112,#6113,#6114));
#1220=EDGE_LOOP('',(#6115,#6116,#6117,#6118));
#1221=EDGE_LOOP('',(#6119,#6120,#6121,#6122));
#1222=EDGE_LOOP('',(#6123,#6124,#6125,#6126));
#1223=EDGE_LOOP('',(#6127,#6128,#6129,#6130));
#1224=EDGE_LOOP('',(#6131,#6132,#6133,#6134));
#1225=EDGE_LOOP('',(#6135,#6136,#6137,#6138));
#1226=EDGE_LOOP('',(#6139,#6140,#6141,#6142));
#1227=EDGE_LOOP('',(#6143,#6144,#6145,#6146));
#1228=EDGE_LOOP('',(#6147,#6148,#6149,#6150));
#1229=EDGE_LOOP('',(#6151,#6152,#6153,#6154));
#1230=EDGE_LOOP('',(#6155,#6156,#6157,#6158));
#1231=EDGE_LOOP('',(#6159,#6160,#6161,#6162,#6163,#6164,#6165,#6166,#6167,
#6168,#6169,#6170));
#1232=EDGE_LOOP('',(#6171,#6172,#6173,#6174));
#1233=EDGE_LOOP('',(#6175,#6176,#6177,#6178));
#1234=EDGE_LOOP('',(#6179,#6180,#6181,#6182,#6183,#6184,#6185,#6186,#6187,
#6188,#6189,#6190));
#1235=EDGE_LOOP('',(#6191,#6192,#6193,#6194));
#1236=EDGE_LOOP('',(#6195,#6196,#6197,#6198));
#1237=EDGE_LOOP('',(#6199,#6200,#6201,#6202));
#1238=EDGE_LOOP('',(#6203,#6204,#6205,#6206));
#1239=EDGE_LOOP('',(#6207,#6208,#6209,#6210));
#1240=EDGE_LOOP('',(#6211,#6212,#6213,#6214));
#1241=EDGE_LOOP('',(#6215,#6216,#6217,#6218));
#1242=EDGE_LOOP('',(#6219,#6220,#6221,#6222));
#1243=EDGE_LOOP('',(#6223,#6224,#6225,#6226));
#1244=EDGE_LOOP('',(#6227,#6228,#6229,#6230));
#1245=EDGE_LOOP('',(#6231,#6232,#6233,#6234));
#1246=EDGE_LOOP('',(#6235,#6236,#6237,#6238));
#1247=EDGE_LOOP('',(#6239,#6240,#6241,#6242));
#1248=EDGE_LOOP('',(#6243,#6244,#6245,#6246));
#1249=EDGE_LOOP('',(#6247,#6248,#6249,#6250));
#1250=EDGE_LOOP('',(#6251,#6252,#6253,#6254));
#1251=EDGE_LOOP('',(#6255,#6256,#6257,#6258));
#1252=EDGE_LOOP('',(#6259,#6260,#6261,#6262));
#1253=EDGE_LOOP('',(#6263,#6264,#6265,#6266,#6267,#6268,#6269,#6270,#6271,
#6272,#6273,#6274));
#1254=EDGE_LOOP('',(#6275,#6276,#6277,#6278));
#1255=EDGE_LOOP('',(#6279,#6280,#6281,#6282));
#1256=EDGE_LOOP('',(#6283,#6284,#6285,#6286,#6287,#6288,#6289,#6290,#6291,
#6292,#6293,#6294));
#1257=EDGE_LOOP('',(#6295,#6296,#6297,#6298));
#1258=EDGE_LOOP('',(#6299,#6300,#6301,#6302));
#1259=EDGE_LOOP('',(#6303,#6304,#6305,#6306));
#1260=EDGE_LOOP('',(#6307,#6308,#6309,#6310));
#1261=EDGE_LOOP('',(#6311,#6312,#6313,#6314));
#1262=EDGE_LOOP('',(#6315,#6316,#6317,#6318));
#1263=EDGE_LOOP('',(#6319,#6320,#6321,#6322));
#1264=EDGE_LOOP('',(#6323,#6324,#6325,#6326));
#1265=EDGE_LOOP('',(#6327,#6328,#6329,#6330));
#1266=EDGE_LOOP('',(#6331,#6332,#6333,#6334));
#1267=EDGE_LOOP('',(#6335,#6336,#6337,#6338));
#1268=EDGE_LOOP('',(#6339,#6340,#6341,#6342));
#1269=EDGE_LOOP('',(#6343,#6344,#6345,#6346));
#1270=EDGE_LOOP('',(#6347,#6348,#6349,#6350));
#1271=EDGE_LOOP('',(#6351,#6352,#6353,#6354));
#1272=EDGE_LOOP('',(#6355,#6356,#6357,#6358));
#1273=EDGE_LOOP('',(#6359,#6360,#6361,#6362));
#1274=EDGE_LOOP('',(#6363,#6364,#6365,#6366));
#1275=EDGE_LOOP('',(#6367,#6368,#6369,#6370,#6371,#6372,#6373,#6374,#6375,
#6376,#6377,#6378));
#1276=EDGE_LOOP('',(#6379,#6380,#6381,#6382));
#1277=EDGE_LOOP('',(#6383,#6384,#6385,#6386));
#1278=EDGE_LOOP('',(#6387,#6388,#6389,#6390,#6391,#6392,#6393,#6394,#6395,
#6396,#6397,#6398));
#1279=EDGE_LOOP('',(#6399,#6400,#6401,#6402));
#1280=EDGE_LOOP('',(#6403,#6404,#6405,#6406));
#1281=EDGE_LOOP('',(#6407,#6408,#6409,#6410));
#1282=EDGE_LOOP('',(#6411,#6412,#6413,#6414));
#1283=EDGE_LOOP('',(#6415,#6416,#6417,#6418));
#1284=EDGE_LOOP('',(#6419,#6420,#6421,#6422));
#1285=EDGE_LOOP('',(#6423,#6424,#6425,#6426));
#1286=EDGE_LOOP('',(#6427,#6428,#6429,#6430));
#1287=EDGE_LOOP('',(#6431,#6432,#6433,#6434));
#1288=EDGE_LOOP('',(#6435,#6436,#6437,#6438));
#1289=EDGE_LOOP('',(#6439,#6440,#6441,#6442));
#1290=EDGE_LOOP('',(#6443,#6444,#6445,#6446));
#1291=EDGE_LOOP('',(#6447,#6448,#6449,#6450));
#1292=EDGE_LOOP('',(#6451,#6452,#6453,#6454));
#1293=EDGE_LOOP('',(#6455,#6456,#6457,#6458));
#1294=EDGE_LOOP('',(#6459,#6460,#6461,#6462));
#1295=EDGE_LOOP('',(#6463,#6464,#6465,#6466));
#1296=EDGE_LOOP('',(#6467,#6468,#6469,#6470));
#1297=EDGE_LOOP('',(#6471,#6472,#6473,#6474,#6475,#6476,#6477,#6478,#6479,
#6480,#6481,#6482));
#1298=EDGE_LOOP('',(#6483,#6484,#6485,#6486));
#1299=EDGE_LOOP('',(#6487,#6488,#6489,#6490));
#1300=EDGE_LOOP('',(#6491,#6492,#6493,#6494,#6495,#6496,#6497,#6498,#6499,
#6500,#6501,#6502));
#1301=EDGE_LOOP('',(#6503,#6504,#6505,#6506));
#1302=EDGE_LOOP('',(#6507,#6508,#6509,#6510));
#1303=EDGE_LOOP('',(#6511,#6512,#6513,#6514));
#1304=EDGE_LOOP('',(#6515,#6516,#6517,#6518));
#1305=EDGE_LOOP('',(#6519,#6520,#6521,#6522));
#1306=EDGE_LOOP('',(#6523,#6524,#6525,#6526));
#1307=EDGE_LOOP('',(#6527,#6528,#6529,#6530));
#1308=EDGE_LOOP('',(#6531,#6532,#6533,#6534));
#1309=EDGE_LOOP('',(#6535,#6536,#6537,#6538));
#1310=EDGE_LOOP('',(#6539,#6540,#6541,#6542));
#1311=EDGE_LOOP('',(#6543,#6544,#6545,#6546));
#1312=EDGE_LOOP('',(#6547,#6548,#6549,#6550));
#1313=EDGE_LOOP('',(#6551,#6552,#6553,#6554));
#1314=EDGE_LOOP('',(#6555,#6556,#6557,#6558));
#1315=EDGE_LOOP('',(#6559,#6560,#6561,#6562));
#1316=EDGE_LOOP('',(#6563,#6564,#6565,#6566));
#1317=EDGE_LOOP('',(#6567,#6568,#6569,#6570));
#1318=EDGE_LOOP('',(#6571,#6572,#6573,#6574));
#1319=EDGE_LOOP('',(#6575,#6576,#6577,#6578,#6579,#6580,#6581,#6582,#6583,
#6584,#6585,#6586));
#1320=EDGE_LOOP('',(#6587,#6588,#6589,#6590));
#1321=EDGE_LOOP('',(#6591,#6592,#6593,#6594));
#1322=EDGE_LOOP('',(#6595,#6596,#6597,#6598,#6599,#6600,#6601,#6602,#6603,
#6604,#6605,#6606));
#1323=EDGE_LOOP('',(#6607,#6608,#6609,#6610));
#1324=EDGE_LOOP('',(#6611,#6612,#6613,#6614));
#1325=EDGE_LOOP('',(#6615,#6616,#6617,#6618));
#1326=EDGE_LOOP('',(#6619,#6620,#6621,#6622));
#1327=EDGE_LOOP('',(#6623,#6624,#6625,#6626));
#1328=EDGE_LOOP('',(#6627,#6628,#6629,#6630));
#1329=EDGE_LOOP('',(#6631,#6632,#6633,#6634));
#1330=EDGE_LOOP('',(#6635,#6636,#6637,#6638));
#1331=EDGE_LOOP('',(#6639,#6640,#6641,#6642));
#1332=EDGE_LOOP('',(#6643,#6644,#6645,#6646));
#1333=EDGE_LOOP('',(#6647,#6648,#6649,#6650));
#1334=EDGE_LOOP('',(#6651,#6652,#6653,#6654));
#1335=EDGE_LOOP('',(#6655,#6656,#6657,#6658));
#1336=EDGE_LOOP('',(#6659,#6660,#6661,#6662));
#1337=EDGE_LOOP('',(#6663,#6664,#6665,#6666));
#1338=EDGE_LOOP('',(#6667,#6668,#6669,#6670));
#1339=EDGE_LOOP('',(#6671,#6672,#6673,#6674));
#1340=EDGE_LOOP('',(#6675,#6676,#6677,#6678));
#1341=EDGE_LOOP('',(#6679,#6680,#6681,#6682,#6683,#6684,#6685,#6686,#6687,
#6688,#6689,#6690));
#1342=EDGE_LOOP('',(#6691,#6692,#6693,#6694));
#1343=EDGE_LOOP('',(#6695,#6696,#6697,#6698));
#1344=EDGE_LOOP('',(#6699,#6700,#6701,#6702,#6703,#6704,#6705,#6706,#6707,
#6708,#6709,#6710));
#1345=EDGE_LOOP('',(#6711,#6712,#6713,#6714));
#1346=EDGE_LOOP('',(#6715,#6716,#6717,#6718));
#1347=EDGE_LOOP('',(#6719,#6720,#6721,#6722));
#1348=EDGE_LOOP('',(#6723,#6724,#6725,#6726));
#1349=EDGE_LOOP('',(#6727,#6728,#6729,#6730));
#1350=EDGE_LOOP('',(#6731,#6732,#6733,#6734));
#1351=EDGE_LOOP('',(#6735,#6736,#6737,#6738));
#1352=EDGE_LOOP('',(#6739,#6740,#6741,#6742));
#1353=EDGE_LOOP('',(#6743,#6744,#6745,#6746));
#1354=EDGE_LOOP('',(#6747,#6748,#6749,#6750));
#1355=EDGE_LOOP('',(#6751,#6752,#6753,#6754));
#1356=EDGE_LOOP('',(#6755,#6756,#6757,#6758));
#1357=EDGE_LOOP('',(#6759,#6760,#6761,#6762));
#1358=EDGE_LOOP('',(#6763,#6764,#6765,#6766));
#1359=EDGE_LOOP('',(#6767,#6768,#6769,#6770));
#1360=EDGE_LOOP('',(#6771,#6772,#6773,#6774));
#1361=EDGE_LOOP('',(#6775,#6776,#6777,#6778));
#1362=EDGE_LOOP('',(#6779,#6780,#6781,#6782));
#1363=EDGE_LOOP('',(#6783,#6784,#6785,#6786,#6787,#6788,#6789,#6790,#6791,
#6792,#6793,#6794));
#1364=EDGE_LOOP('',(#6795,#6796,#6797,#6798));
#1365=EDGE_LOOP('',(#6799,#6800,#6801,#6802));
#1366=EDGE_LOOP('',(#6803,#6804,#6805,#6806,#6807,#6808,#6809,#6810,#6811,
#6812,#6813,#6814));
#1367=EDGE_LOOP('',(#6815,#6816,#6817,#6818));
#1368=EDGE_LOOP('',(#6819,#6820,#6821,#6822));
#1369=EDGE_LOOP('',(#6823,#6824,#6825,#6826));
#1370=EDGE_LOOP('',(#6827,#6828,#6829,#6830));
#1371=EDGE_LOOP('',(#6831,#6832,#6833,#6834));
#1372=EDGE_LOOP('',(#6835,#6836,#6837,#6838));
#1373=EDGE_LOOP('',(#6839,#6840,#6841,#6842));
#1374=EDGE_LOOP('',(#6843,#6844,#6845,#6846));
#1375=EDGE_LOOP('',(#6847,#6848,#6849,#6850));
#1376=EDGE_LOOP('',(#6851,#6852,#6853,#6854));
#1377=EDGE_LOOP('',(#6855,#6856,#6857,#6858));
#1378=EDGE_LOOP('',(#6859,#6860,#6861,#6862));
#1379=EDGE_LOOP('',(#6863,#6864,#6865,#6866));
#1380=EDGE_LOOP('',(#6867,#6868,#6869,#6870));
#1381=EDGE_LOOP('',(#6871,#6872,#6873,#6874));
#1382=EDGE_LOOP('',(#6875,#6876,#6877,#6878));
#1383=EDGE_LOOP('',(#6879,#6880,#6881,#6882));
#1384=EDGE_LOOP('',(#6883,#6884,#6885,#6886));
#1385=EDGE_LOOP('',(#6887,#6888,#6889,#6890,#6891,#6892,#6893,#6894,#6895,
#6896,#6897,#6898));
#1386=ELLIPSE('',#7430,0.10088497300281,0.1);
#1387=ELLIPSE('',#7431,0.141421356237308,0.1);
#1388=ELLIPSE('',#7432,0.141421356237311,0.1);
#1389=ELLIPSE('',#7433,0.10088497300281,0.1);
#1390=ELLIPSE('',#7435,0.14142135623731,0.1);
#1391=ELLIPSE('',#7437,0.14142135623731,0.1);
#1392=ELLIPSE('',#7439,0.10088497300281,0.1);
#1393=ELLIPSE('',#7440,0.10088497300281,0.1);
#1394=ELLIPSE('',#7454,0.14142135623731,0.1);
#1395=ELLIPSE('',#7455,0.14142135623731,0.1);
#1396=ELLIPSE('',#7458,0.10088497300281,0.1);
#1397=ELLIPSE('',#7460,0.10088497300281,0.1);
#1398=ELLIPSE('',#7461,0.10088497300281,0.1);
#1399=ELLIPSE('',#7462,0.141421356237309,0.1);
#1400=ELLIPSE('',#7464,0.14142135623731,0.1);
#1401=ELLIPSE('',#7467,0.10088497300281,0.1);
#1402=LINE('',#9932,#2321);
#1403=LINE('',#9938,#2322);
#1404=LINE('',#9944,#2323);
#1405=LINE('',#9947,#2324);
#1406=LINE('',#9950,#2325);
#1407=LINE('',#9953,#2326);
#1408=LINE('',#9957,#2327);
#1409=LINE('',#9959,#2328);
#1410=LINE('',#9963,#2329);
#1411=LINE('',#9965,#2330);
#1412=LINE('',#9966,#2331);
#1413=LINE('',#9969,#2332);
#1414=LINE('',#9970,#2333);
#1415=LINE('',#9974,#2334);
#1416=LINE('',#9975,#2335);
#1417=LINE('',#9977,#2336);
#1418=LINE('',#9982,#2337);
#1419=LINE('',#9984,#2338);
#1420=LINE('',#9986,#2339);
#1421=LINE('',#9987,#2340);
#1422=LINE('',#9991,#2341);
#1423=LINE('',#9993,#2342);
#1424=LINE('',#9995,#2343);
#1425=LINE('',#9996,#2344);
#1426=LINE('',#9998,#2345);
#1427=LINE('',#9999,#2346);
#1428=LINE('',#10001,#2347);
#1429=LINE('',#10003,#2348);
#1430=LINE('',#10008,#2349);
#1431=LINE('',#10012,#2350);
#1432=LINE('',#10016,#2351);
#1433=LINE('',#10020,#2352);
#1434=LINE('',#10024,#2353);
#1435=LINE('',#10028,#2354);
#1436=LINE('',#10034,#2355);
#1437=LINE('',#10036,#2356);
#1438=LINE('',#10041,#2357);
#1439=LINE('',#10044,#2358);
#1440=LINE('',#10048,#2359);
#1441=LINE('',#10050,#2360);
#1442=LINE('',#10052,#2361);
#1443=LINE('',#10053,#2362);
#1444=LINE('',#10056,#2363);
#1445=LINE('',#10060,#2364);
#1446=LINE('',#10061,#2365);
#1447=LINE('',#10063,#2366);
#1448=LINE('',#10065,#2367);
#1449=LINE('',#10066,#2368);
#1450=LINE('',#10069,#2369);
#1451=LINE('',#10070,#2370);
#1452=LINE('',#10076,#2371);
#1453=LINE('',#10078,#2372);
#1454=LINE('',#10079,#2373);
#1455=LINE('',#10081,#2374);
#1456=LINE('',#10083,#2375);
#1457=LINE('',#10089,#2376);
#1458=LINE('',#10091,#2377);
#1459=LINE('',#10093,#2378);
#1460=LINE('',#10094,#2379);
#1461=LINE('',#10097,#2380);
#1462=LINE('',#10099,#2381);
#1463=LINE('',#10100,#2382);
#1464=LINE('',#10103,#2383);
#1465=LINE('',#10105,#2384);
#1466=LINE('',#10107,#2385);
#1467=LINE('',#10109,#2386);
#1468=LINE('',#10111,#2387);
#1469=LINE('',#10113,#2388);
#1470=LINE('',#10115,#2389);
#1471=LINE('',#10117,#2390);
#1472=LINE('',#10119,#2391);
#1473=LINE('',#10120,#2392);
#1474=LINE('',#10124,#2393);
#1475=LINE('',#10125,#2394);
#1476=LINE('',#10126,#2395);
#1477=LINE('',#10129,#2396);
#1478=LINE('',#10130,#2397);
#1479=LINE('',#10134,#2398);
#1480=LINE('',#10135,#2399);
#1481=LINE('',#10136,#2400);
#1482=LINE('',#10139,#2401);
#1483=LINE('',#10140,#2402);
#1484=LINE('',#10143,#2403);
#1485=LINE('',#10144,#2404);
#1486=LINE('',#10148,#2405);
#1487=LINE('',#10150,#2406);
#1488=LINE('',#10152,#2407);
#1489=LINE('',#10153,#2408);
#1490=LINE('',#10156,#2409);
#1491=LINE('',#10159,#2410);
#1492=LINE('',#10163,#2411);
#1493=LINE('',#10166,#2412);
#1494=LINE('',#10168,#2413);
#1495=LINE('',#10169,#2414);
#1496=LINE('',#10172,#2415);
#1497=LINE('',#10173,#2416);
#1498=LINE('',#10175,#2417);
#1499=LINE('',#10179,#2418);
#1500=LINE('',#10180,#2419);
#1501=LINE('',#10182,#2420);
#1502=LINE('',#10184,#2421);
#1503=LINE('',#10188,#2422);
#1504=LINE('',#10190,#2423);
#1505=LINE('',#10195,#2424);
#1506=LINE('',#10197,#2425);
#1507=LINE('',#10199,#2426);
#1508=LINE('',#10200,#2427);
#1509=LINE('',#10203,#2428);
#1510=LINE('',#10205,#2429);
#1511=LINE('',#10206,#2430);
#1512=LINE('',#10209,#2431);
#1513=LINE('',#10211,#2432);
#1514=LINE('',#10213,#2433);
#1515=LINE('',#10215,#2434);
#1516=LINE('',#10217,#2435);
#1517=LINE('',#10219,#2436);
#1518=LINE('',#10221,#2437);
#1519=LINE('',#10223,#2438);
#1520=LINE('',#10225,#2439);
#1521=LINE('',#10226,#2440);
#1522=LINE('',#10230,#2441);
#1523=LINE('',#10231,#2442);
#1524=LINE('',#10232,#2443);
#1525=LINE('',#10235,#2444);
#1526=LINE('',#10236,#2445);
#1527=LINE('',#10240,#2446);
#1528=LINE('',#10241,#2447);
#1529=LINE('',#10242,#2448);
#1530=LINE('',#10245,#2449);
#1531=LINE('',#10246,#2450);
#1532=LINE('',#10249,#2451);
#1533=LINE('',#10250,#2452);
#1534=LINE('',#10254,#2453);
#1535=LINE('',#10256,#2454);
#1536=LINE('',#10258,#2455);
#1537=LINE('',#10259,#2456);
#1538=LINE('',#10262,#2457);
#1539=LINE('',#10265,#2458);
#1540=LINE('',#10269,#2459);
#1541=LINE('',#10272,#2460);
#1542=LINE('',#10274,#2461);
#1543=LINE('',#10275,#2462);
#1544=LINE('',#10278,#2463);
#1545=LINE('',#10279,#2464);
#1546=LINE('',#10281,#2465);
#1547=LINE('',#10285,#2466);
#1548=LINE('',#10286,#2467);
#1549=LINE('',#10288,#2468);
#1550=LINE('',#10290,#2469);
#1551=LINE('',#10294,#2470);
#1552=LINE('',#10296,#2471);
#1553=LINE('',#10301,#2472);
#1554=LINE('',#10303,#2473);
#1555=LINE('',#10305,#2474);
#1556=LINE('',#10306,#2475);
#1557=LINE('',#10309,#2476);
#1558=LINE('',#10311,#2477);
#1559=LINE('',#10312,#2478);
#1560=LINE('',#10315,#2479);
#1561=LINE('',#10317,#2480);
#1562=LINE('',#10319,#2481);
#1563=LINE('',#10321,#2482);
#1564=LINE('',#10323,#2483);
#1565=LINE('',#10325,#2484);
#1566=LINE('',#10327,#2485);
#1567=LINE('',#10329,#2486);
#1568=LINE('',#10331,#2487);
#1569=LINE('',#10332,#2488);
#1570=LINE('',#10336,#2489);
#1571=LINE('',#10337,#2490);
#1572=LINE('',#10338,#2491);
#1573=LINE('',#10341,#2492);
#1574=LINE('',#10342,#2493);
#1575=LINE('',#10346,#2494);
#1576=LINE('',#10347,#2495);
#1577=LINE('',#10348,#2496);
#1578=LINE('',#10351,#2497);
#1579=LINE('',#10352,#2498);
#1580=LINE('',#10355,#2499);
#1581=LINE('',#10356,#2500);
#1582=LINE('',#10360,#2501);
#1583=LINE('',#10362,#2502);
#1584=LINE('',#10364,#2503);
#1585=LINE('',#10365,#2504);
#1586=LINE('',#10368,#2505);
#1587=LINE('',#10371,#2506);
#1588=LINE('',#10375,#2507);
#1589=LINE('',#10378,#2508);
#1590=LINE('',#10380,#2509);
#1591=LINE('',#10381,#2510);
#1592=LINE('',#10384,#2511);
#1593=LINE('',#10385,#2512);
#1594=LINE('',#10387,#2513);
#1595=LINE('',#10391,#2514);
#1596=LINE('',#10392,#2515);
#1597=LINE('',#10394,#2516);
#1598=LINE('',#10396,#2517);
#1599=LINE('',#10400,#2518);
#1600=LINE('',#10402,#2519);
#1601=LINE('',#10407,#2520);
#1602=LINE('',#10409,#2521);
#1603=LINE('',#10411,#2522);
#1604=LINE('',#10412,#2523);
#1605=LINE('',#10415,#2524);
#1606=LINE('',#10417,#2525);
#1607=LINE('',#10418,#2526);
#1608=LINE('',#10421,#2527);
#1609=LINE('',#10423,#2528);
#1610=LINE('',#10425,#2529);
#1611=LINE('',#10427,#2530);
#1612=LINE('',#10429,#2531);
#1613=LINE('',#10431,#2532);
#1614=LINE('',#10433,#2533);
#1615=LINE('',#10435,#2534);
#1616=LINE('',#10437,#2535);
#1617=LINE('',#10438,#2536);
#1618=LINE('',#10442,#2537);
#1619=LINE('',#10443,#2538);
#1620=LINE('',#10444,#2539);
#1621=LINE('',#10447,#2540);
#1622=LINE('',#10448,#2541);
#1623=LINE('',#10452,#2542);
#1624=LINE('',#10453,#2543);
#1625=LINE('',#10454,#2544);
#1626=LINE('',#10457,#2545);
#1627=LINE('',#10458,#2546);
#1628=LINE('',#10461,#2547);
#1629=LINE('',#10462,#2548);
#1630=LINE('',#10466,#2549);
#1631=LINE('',#10468,#2550);
#1632=LINE('',#10470,#2551);
#1633=LINE('',#10471,#2552);
#1634=LINE('',#10474,#2553);
#1635=LINE('',#10477,#2554);
#1636=LINE('',#10481,#2555);
#1637=LINE('',#10484,#2556);
#1638=LINE('',#10486,#2557);
#1639=LINE('',#10487,#2558);
#1640=LINE('',#10490,#2559);
#1641=LINE('',#10491,#2560);
#1642=LINE('',#10493,#2561);
#1643=LINE('',#10497,#2562);
#1644=LINE('',#10498,#2563);
#1645=LINE('',#10500,#2564);
#1646=LINE('',#10502,#2565);
#1647=LINE('',#10506,#2566);
#1648=LINE('',#10508,#2567);
#1649=LINE('',#10513,#2568);
#1650=LINE('',#10515,#2569);
#1651=LINE('',#10517,#2570);
#1652=LINE('',#10518,#2571);
#1653=LINE('',#10521,#2572);
#1654=LINE('',#10523,#2573);
#1655=LINE('',#10524,#2574);
#1656=LINE('',#10527,#2575);
#1657=LINE('',#10529,#2576);
#1658=LINE('',#10531,#2577);
#1659=LINE('',#10533,#2578);
#1660=LINE('',#10535,#2579);
#1661=LINE('',#10537,#2580);
#1662=LINE('',#10539,#2581);
#1663=LINE('',#10541,#2582);
#1664=LINE('',#10543,#2583);
#1665=LINE('',#10544,#2584);
#1666=LINE('',#10548,#2585);
#1667=LINE('',#10549,#2586);
#1668=LINE('',#10550,#2587);
#1669=LINE('',#10553,#2588);
#1670=LINE('',#10554,#2589);
#1671=LINE('',#10558,#2590);
#1672=LINE('',#10559,#2591);
#1673=LINE('',#10560,#2592);
#1674=LINE('',#10563,#2593);
#1675=LINE('',#10564,#2594);
#1676=LINE('',#10567,#2595);
#1677=LINE('',#10568,#2596);
#1678=LINE('',#10572,#2597);
#1679=LINE('',#10574,#2598);
#1680=LINE('',#10576,#2599);
#1681=LINE('',#10577,#2600);
#1682=LINE('',#10580,#2601);
#1683=LINE('',#10583,#2602);
#1684=LINE('',#10587,#2603);
#1685=LINE('',#10590,#2604);
#1686=LINE('',#10592,#2605);
#1687=LINE('',#10593,#2606);
#1688=LINE('',#10596,#2607);
#1689=LINE('',#10597,#2608);
#1690=LINE('',#10599,#2609);
#1691=LINE('',#10603,#2610);
#1692=LINE('',#10604,#2611);
#1693=LINE('',#10606,#2612);
#1694=LINE('',#10608,#2613);
#1695=LINE('',#10612,#2614);
#1696=LINE('',#10614,#2615);
#1697=LINE('',#10619,#2616);
#1698=LINE('',#10621,#2617);
#1699=LINE('',#10623,#2618);
#1700=LINE('',#10624,#2619);
#1701=LINE('',#10627,#2620);
#1702=LINE('',#10629,#2621);
#1703=LINE('',#10630,#2622);
#1704=LINE('',#10633,#2623);
#1705=LINE('',#10635,#2624);
#1706=LINE('',#10637,#2625);
#1707=LINE('',#10639,#2626);
#1708=LINE('',#10641,#2627);
#1709=LINE('',#10643,#2628);
#1710=LINE('',#10645,#2629);
#1711=LINE('',#10647,#2630);
#1712=LINE('',#10649,#2631);
#1713=LINE('',#10650,#2632);
#1714=LINE('',#10654,#2633);
#1715=LINE('',#10655,#2634);
#1716=LINE('',#10656,#2635);
#1717=LINE('',#10659,#2636);
#1718=LINE('',#10660,#2637);
#1719=LINE('',#10664,#2638);
#1720=LINE('',#10665,#2639);
#1721=LINE('',#10666,#2640);
#1722=LINE('',#10669,#2641);
#1723=LINE('',#10670,#2642);
#1724=LINE('',#10673,#2643);
#1725=LINE('',#10674,#2644);
#1726=LINE('',#10678,#2645);
#1727=LINE('',#10680,#2646);
#1728=LINE('',#10682,#2647);
#1729=LINE('',#10683,#2648);
#1730=LINE('',#10686,#2649);
#1731=LINE('',#10689,#2650);
#1732=LINE('',#10693,#2651);
#1733=LINE('',#10696,#2652);
#1734=LINE('',#10698,#2653);
#1735=LINE('',#10699,#2654);
#1736=LINE('',#10702,#2655);
#1737=LINE('',#10703,#2656);
#1738=LINE('',#10705,#2657);
#1739=LINE('',#10709,#2658);
#1740=LINE('',#10710,#2659);
#1741=LINE('',#10712,#2660);
#1742=LINE('',#10714,#2661);
#1743=LINE('',#10718,#2662);
#1744=LINE('',#10720,#2663);
#1745=LINE('',#10725,#2664);
#1746=LINE('',#10727,#2665);
#1747=LINE('',#10729,#2666);
#1748=LINE('',#10730,#2667);
#1749=LINE('',#10733,#2668);
#1750=LINE('',#10735,#2669);
#1751=LINE('',#10736,#2670);
#1752=LINE('',#10739,#2671);
#1753=LINE('',#10741,#2672);
#1754=LINE('',#10743,#2673);
#1755=LINE('',#10745,#2674);
#1756=LINE('',#10747,#2675);
#1757=LINE('',#10749,#2676);
#1758=LINE('',#10751,#2677);
#1759=LINE('',#10753,#2678);
#1760=LINE('',#10755,#2679);
#1761=LINE('',#10756,#2680);
#1762=LINE('',#10760,#2681);
#1763=LINE('',#10761,#2682);
#1764=LINE('',#10762,#2683);
#1765=LINE('',#10765,#2684);
#1766=LINE('',#10766,#2685);
#1767=LINE('',#10770,#2686);
#1768=LINE('',#10771,#2687);
#1769=LINE('',#10772,#2688);
#1770=LINE('',#10775,#2689);
#1771=LINE('',#10776,#2690);
#1772=LINE('',#10779,#2691);
#1773=LINE('',#10780,#2692);
#1774=LINE('',#10784,#2693);
#1775=LINE('',#10786,#2694);
#1776=LINE('',#10788,#2695);
#1777=LINE('',#10789,#2696);
#1778=LINE('',#10792,#2697);
#1779=LINE('',#10795,#2698);
#1780=LINE('',#10799,#2699);
#1781=LINE('',#10802,#2700);
#1782=LINE('',#10804,#2701);
#1783=LINE('',#10805,#2702);
#1784=LINE('',#10808,#2703);
#1785=LINE('',#10809,#2704);
#1786=LINE('',#10811,#2705);
#1787=LINE('',#10815,#2706);
#1788=LINE('',#10816,#2707);
#1789=LINE('',#10818,#2708);
#1790=LINE('',#10820,#2709);
#1791=LINE('',#10824,#2710);
#1792=LINE('',#10826,#2711);
#1793=LINE('',#10831,#2712);
#1794=LINE('',#10833,#2713);
#1795=LINE('',#10835,#2714);
#1796=LINE('',#10836,#2715);
#1797=LINE('',#10839,#2716);
#1798=LINE('',#10841,#2717);
#1799=LINE('',#10842,#2718);
#1800=LINE('',#10845,#2719);
#1801=LINE('',#10847,#2720);
#1802=LINE('',#10849,#2721);
#1803=LINE('',#10851,#2722);
#1804=LINE('',#10853,#2723);
#1805=LINE('',#10855,#2724);
#1806=LINE('',#10857,#2725);
#1807=LINE('',#10859,#2726);
#1808=LINE('',#10861,#2727);
#1809=LINE('',#10862,#2728);
#1810=LINE('',#10866,#2729);
#1811=LINE('',#10867,#2730);
#1812=LINE('',#10868,#2731);
#1813=LINE('',#10871,#2732);
#1814=LINE('',#10872,#2733);
#1815=LINE('',#10876,#2734);
#1816=LINE('',#10877,#2735);
#1817=LINE('',#10878,#2736);
#1818=LINE('',#10881,#2737);
#1819=LINE('',#10882,#2738);
#1820=LINE('',#10885,#2739);
#1821=LINE('',#10886,#2740);
#1822=LINE('',#10890,#2741);
#1823=LINE('',#10892,#2742);
#1824=LINE('',#10894,#2743);
#1825=LINE('',#10895,#2744);
#1826=LINE('',#10898,#2745);
#1827=LINE('',#10901,#2746);
#1828=LINE('',#10905,#2747);
#1829=LINE('',#10908,#2748);
#1830=LINE('',#10910,#2749);
#1831=LINE('',#10911,#2750);
#1832=LINE('',#10914,#2751);
#1833=LINE('',#10915,#2752);
#1834=LINE('',#10917,#2753);
#1835=LINE('',#10921,#2754);
#1836=LINE('',#10922,#2755);
#1837=LINE('',#10924,#2756);
#1838=LINE('',#10926,#2757);
#1839=LINE('',#10930,#2758);
#1840=LINE('',#10932,#2759);
#1841=LINE('',#10937,#2760);
#1842=LINE('',#10939,#2761);
#1843=LINE('',#10941,#2762);
#1844=LINE('',#10942,#2763);
#1845=LINE('',#10945,#2764);
#1846=LINE('',#10947,#2765);
#1847=LINE('',#10948,#2766);
#1848=LINE('',#10951,#2767);
#1849=LINE('',#10953,#2768);
#1850=LINE('',#10955,#2769);
#1851=LINE('',#10957,#2770);
#1852=LINE('',#10959,#2771);
#1853=LINE('',#10961,#2772);
#1854=LINE('',#10963,#2773);
#1855=LINE('',#10965,#2774);
#1856=LINE('',#10967,#2775);
#1857=LINE('',#10968,#2776);
#1858=LINE('',#10972,#2777);
#1859=LINE('',#10973,#2778);
#1860=LINE('',#10974,#2779);
#1861=LINE('',#10977,#2780);
#1862=LINE('',#10978,#2781);
#1863=LINE('',#10982,#2782);
#1864=LINE('',#10983,#2783);
#1865=LINE('',#10984,#2784);
#1866=LINE('',#10987,#2785);
#1867=LINE('',#10988,#2786);
#1868=LINE('',#10991,#2787);
#1869=LINE('',#10992,#2788);
#1870=LINE('',#10996,#2789);
#1871=LINE('',#10998,#2790);
#1872=LINE('',#11000,#2791);
#1873=LINE('',#11001,#2792);
#1874=LINE('',#11004,#2793);
#1875=LINE('',#11007,#2794);
#1876=LINE('',#11011,#2795);
#1877=LINE('',#11014,#2796);
#1878=LINE('',#11016,#2797);
#1879=LINE('',#11017,#2798);
#1880=LINE('',#11020,#2799);
#1881=LINE('',#11021,#2800);
#1882=LINE('',#11023,#2801);
#1883=LINE('',#11027,#2802);
#1884=LINE('',#11028,#2803);
#1885=LINE('',#11030,#2804);
#1886=LINE('',#11032,#2805);
#1887=LINE('',#11036,#2806);
#1888=LINE('',#11038,#2807);
#1889=LINE('',#11044,#2808);
#1890=LINE('',#11046,#2809);
#1891=LINE('',#11048,#2810);
#1892=LINE('',#11049,#2811);
#1893=LINE('',#11052,#2812);
#1894=LINE('',#11054,#2813);
#1895=LINE('',#11055,#2814);
#1896=LINE('',#11058,#2815);
#1897=LINE('',#11060,#2816);
#1898=LINE('',#11062,#2817);
#1899=LINE('',#11064,#2818);
#1900=LINE('',#11066,#2819);
#1901=LINE('',#11068,#2820);
#1902=LINE('',#11070,#2821);
#1903=LINE('',#11072,#2822);
#1904=LINE('',#11074,#2823);
#1905=LINE('',#11075,#2824);
#1906=LINE('',#11079,#2825);
#1907=LINE('',#11080,#2826);
#1908=LINE('',#11081,#2827);
#1909=LINE('',#11084,#2828);
#1910=LINE('',#11085,#2829);
#1911=LINE('',#11089,#2830);
#1912=LINE('',#11090,#2831);
#1913=LINE('',#11091,#2832);
#1914=LINE('',#11094,#2833);
#1915=LINE('',#11095,#2834);
#1916=LINE('',#11098,#2835);
#1917=LINE('',#11099,#2836);
#1918=LINE('',#11103,#2837);
#1919=LINE('',#11105,#2838);
#1920=LINE('',#11107,#2839);
#1921=LINE('',#11108,#2840);
#1922=LINE('',#11111,#2841);
#1923=LINE('',#11114,#2842);
#1924=LINE('',#11118,#2843);
#1925=LINE('',#11121,#2844);
#1926=LINE('',#11123,#2845);
#1927=LINE('',#11124,#2846);
#1928=LINE('',#11127,#2847);
#1929=LINE('',#11128,#2848);
#1930=LINE('',#11131,#2849);
#1931=LINE('',#11134,#2850);
#1932=LINE('',#11135,#2851);
#1933=LINE('',#11137,#2852);
#1934=LINE('',#11139,#2853);
#1935=LINE('',#11143,#2854);
#1936=LINE('',#11145,#2855);
#1937=LINE('',#11150,#2856);
#1938=LINE('',#11152,#2857);
#1939=LINE('',#11154,#2858);
#1940=LINE('',#11155,#2859);
#1941=LINE('',#11158,#2860);
#1942=LINE('',#11160,#2861);
#1943=LINE('',#11161,#2862);
#1944=LINE('',#11164,#2863);
#1945=LINE('',#11166,#2864);
#1946=LINE('',#11168,#2865);
#1947=LINE('',#11170,#2866);
#1948=LINE('',#11172,#2867);
#1949=LINE('',#11174,#2868);
#1950=LINE('',#11176,#2869);
#1951=LINE('',#11178,#2870);
#1952=LINE('',#11180,#2871);
#1953=LINE('',#11181,#2872);
#1954=LINE('',#11185,#2873);
#1955=LINE('',#11186,#2874);
#1956=LINE('',#11187,#2875);
#1957=LINE('',#11190,#2876);
#1958=LINE('',#11191,#2877);
#1959=LINE('',#11195,#2878);
#1960=LINE('',#11196,#2879);
#1961=LINE('',#11197,#2880);
#1962=LINE('',#11200,#2881);
#1963=LINE('',#11201,#2882);
#1964=LINE('',#11204,#2883);
#1965=LINE('',#11205,#2884);
#1966=LINE('',#11209,#2885);
#1967=LINE('',#11211,#2886);
#1968=LINE('',#11213,#2887);
#1969=LINE('',#11214,#2888);
#1970=LINE('',#11217,#2889);
#1971=LINE('',#11220,#2890);
#1972=LINE('',#11224,#2891);
#1973=LINE('',#11227,#2892);
#1974=LINE('',#11229,#2893);
#1975=LINE('',#11230,#2894);
#1976=LINE('',#11233,#2895);
#1977=LINE('',#11234,#2896);
#1978=LINE('',#11237,#2897);
#1979=LINE('',#11240,#2898);
#1980=LINE('',#11241,#2899);
#1981=LINE('',#11243,#2900);
#1982=LINE('',#11245,#2901);
#1983=LINE('',#11249,#2902);
#1984=LINE('',#11251,#2903);
#1985=LINE('',#11256,#2904);
#1986=LINE('',#11258,#2905);
#1987=LINE('',#11260,#2906);
#1988=LINE('',#11261,#2907);
#1989=LINE('',#11264,#2908);
#1990=LINE('',#11266,#2909);
#1991=LINE('',#11267,#2910);
#1992=LINE('',#11270,#2911);
#1993=LINE('',#11272,#2912);
#1994=LINE('',#11274,#2913);
#1995=LINE('',#11276,#2914);
#1996=LINE('',#11278,#2915);
#1997=LINE('',#11280,#2916);
#1998=LINE('',#11282,#2917);
#1999=LINE('',#11284,#2918);
#2000=LINE('',#11286,#2919);
#2001=LINE('',#11287,#2920);
#2002=LINE('',#11291,#2921);
#2003=LINE('',#11292,#2922);
#2004=LINE('',#11293,#2923);
#2005=LINE('',#11296,#2924);
#2006=LINE('',#11297,#2925);
#2007=LINE('',#11301,#2926);
#2008=LINE('',#11302,#2927);
#2009=LINE('',#11303,#2928);
#2010=LINE('',#11306,#2929);
#2011=LINE('',#11307,#2930);
#2012=LINE('',#11310,#2931);
#2013=LINE('',#11311,#2932);
#2014=LINE('',#11315,#2933);
#2015=LINE('',#11317,#2934);
#2016=LINE('',#11319,#2935);
#2017=LINE('',#11320,#2936);
#2018=LINE('',#11323,#2937);
#2019=LINE('',#11326,#2938);
#2020=LINE('',#11330,#2939);
#2021=LINE('',#11333,#2940);
#2022=LINE('',#11335,#2941);
#2023=LINE('',#11336,#2942);
#2024=LINE('',#11339,#2943);
#2025=LINE('',#11340,#2944);
#2026=LINE('',#11343,#2945);
#2027=LINE('',#11346,#2946);
#2028=LINE('',#11347,#2947);
#2029=LINE('',#11349,#2948);
#2030=LINE('',#11351,#2949);
#2031=LINE('',#11355,#2950);
#2032=LINE('',#11357,#2951);
#2033=LINE('',#11362,#2952);
#2034=LINE('',#11364,#2953);
#2035=LINE('',#11366,#2954);
#2036=LINE('',#11367,#2955);
#2037=LINE('',#11370,#2956);
#2038=LINE('',#11372,#2957);
#2039=LINE('',#11373,#2958);
#2040=LINE('',#11376,#2959);
#2041=LINE('',#11378,#2960);
#2042=LINE('',#11380,#2961);
#2043=LINE('',#11382,#2962);
#2044=LINE('',#11384,#2963);
#2045=LINE('',#11386,#2964);
#2046=LINE('',#11388,#2965);
#2047=LINE('',#11390,#2966);
#2048=LINE('',#11392,#2967);
#2049=LINE('',#11393,#2968);
#2050=LINE('',#11397,#2969);
#2051=LINE('',#11398,#2970);
#2052=LINE('',#11399,#2971);
#2053=LINE('',#11402,#2972);
#2054=LINE('',#11403,#2973);
#2055=LINE('',#11407,#2974);
#2056=LINE('',#11408,#2975);
#2057=LINE('',#11409,#2976);
#2058=LINE('',#11412,#2977);
#2059=LINE('',#11413,#2978);
#2060=LINE('',#11416,#2979);
#2061=LINE('',#11417,#2980);
#2062=LINE('',#11421,#2981);
#2063=LINE('',#11423,#2982);
#2064=LINE('',#11425,#2983);
#2065=LINE('',#11426,#2984);
#2066=LINE('',#11429,#2985);
#2067=LINE('',#11432,#2986);
#2068=LINE('',#11436,#2987);
#2069=LINE('',#11439,#2988);
#2070=LINE('',#11441,#2989);
#2071=LINE('',#11442,#2990);
#2072=LINE('',#11445,#2991);
#2073=LINE('',#11446,#2992);
#2074=LINE('',#11449,#2993);
#2075=LINE('',#11452,#2994);
#2076=LINE('',#11453,#2995);
#2077=LINE('',#11455,#2996);
#2078=LINE('',#11457,#2997);
#2079=LINE('',#11461,#2998);
#2080=LINE('',#11463,#2999);
#2081=LINE('',#11468,#3000);
#2082=LINE('',#11470,#3001);
#2083=LINE('',#11472,#3002);
#2084=LINE('',#11473,#3003);
#2085=LINE('',#11476,#3004);
#2086=LINE('',#11478,#3005);
#2087=LINE('',#11479,#3006);
#2088=LINE('',#11482,#3007);
#2089=LINE('',#11484,#3008);
#2090=LINE('',#11486,#3009);
#2091=LINE('',#11488,#3010);
#2092=LINE('',#11490,#3011);
#2093=LINE('',#11492,#3012);
#2094=LINE('',#11494,#3013);
#2095=LINE('',#11496,#3014);
#2096=LINE('',#11498,#3015);
#2097=LINE('',#11499,#3016);
#2098=LINE('',#11503,#3017);
#2099=LINE('',#11504,#3018);
#2100=LINE('',#11505,#3019);
#2101=LINE('',#11508,#3020);
#2102=LINE('',#11509,#3021);
#2103=LINE('',#11513,#3022);
#2104=LINE('',#11514,#3023);
#2105=LINE('',#11515,#3024);
#2106=LINE('',#11518,#3025);
#2107=LINE('',#11519,#3026);
#2108=LINE('',#11522,#3027);
#2109=LINE('',#11523,#3028);
#2110=LINE('',#11527,#3029);
#2111=LINE('',#11529,#3030);
#2112=LINE('',#11531,#3031);
#2113=LINE('',#11532,#3032);
#2114=LINE('',#11535,#3033);
#2115=LINE('',#11538,#3034);
#2116=LINE('',#11542,#3035);
#2117=LINE('',#11545,#3036);
#2118=LINE('',#11547,#3037);
#2119=LINE('',#11548,#3038);
#2120=LINE('',#11551,#3039);
#2121=LINE('',#11552,#3040);
#2122=LINE('',#11555,#3041);
#2123=LINE('',#11558,#3042);
#2124=LINE('',#11559,#3043);
#2125=LINE('',#11561,#3044);
#2126=LINE('',#11563,#3045);
#2127=LINE('',#11567,#3046);
#2128=LINE('',#11569,#3047);
#2129=LINE('',#11574,#3048);
#2130=LINE('',#11576,#3049);
#2131=LINE('',#11578,#3050);
#2132=LINE('',#11579,#3051);
#2133=LINE('',#11582,#3052);
#2134=LINE('',#11584,#3053);
#2135=LINE('',#11585,#3054);
#2136=LINE('',#11588,#3055);
#2137=LINE('',#11590,#3056);
#2138=LINE('',#11592,#3057);
#2139=LINE('',#11594,#3058);
#2140=LINE('',#11596,#3059);
#2141=LINE('',#11598,#3060);
#2142=LINE('',#11600,#3061);
#2143=LINE('',#11602,#3062);
#2144=LINE('',#11604,#3063);
#2145=LINE('',#11605,#3064);
#2146=LINE('',#11609,#3065);
#2147=LINE('',#11610,#3066);
#2148=LINE('',#11611,#3067);
#2149=LINE('',#11614,#3068);
#2150=LINE('',#11615,#3069);
#2151=LINE('',#11619,#3070);
#2152=LINE('',#11620,#3071);
#2153=LINE('',#11621,#3072);
#2154=LINE('',#11624,#3073);
#2155=LINE('',#11625,#3074);
#2156=LINE('',#11628,#3075);
#2157=LINE('',#11629,#3076);
#2158=LINE('',#11633,#3077);
#2159=LINE('',#11635,#3078);
#2160=LINE('',#11637,#3079);
#2161=LINE('',#11638,#3080);
#2162=LINE('',#11641,#3081);
#2163=LINE('',#11644,#3082);
#2164=LINE('',#11648,#3083);
#2165=LINE('',#11651,#3084);
#2166=LINE('',#11653,#3085);
#2167=LINE('',#11654,#3086);
#2168=LINE('',#11657,#3087);
#2169=LINE('',#11658,#3088);
#2170=LINE('',#11661,#3089);
#2171=LINE('',#11664,#3090);
#2172=LINE('',#11665,#3091);
#2173=LINE('',#11667,#3092);
#2174=LINE('',#11669,#3093);
#2175=LINE('',#11673,#3094);
#2176=LINE('',#11675,#3095);
#2177=LINE('',#11680,#3096);
#2178=LINE('',#11682,#3097);
#2179=LINE('',#11684,#3098);
#2180=LINE('',#11685,#3099);
#2181=LINE('',#11688,#3100);
#2182=LINE('',#11690,#3101);
#2183=LINE('',#11691,#3102);
#2184=LINE('',#11694,#3103);
#2185=LINE('',#11696,#3104);
#2186=LINE('',#11698,#3105);
#2187=LINE('',#11700,#3106);
#2188=LINE('',#11702,#3107);
#2189=LINE('',#11704,#3108);
#2190=LINE('',#11706,#3109);
#2191=LINE('',#11708,#3110);
#2192=LINE('',#11710,#3111);
#2193=LINE('',#11711,#3112);
#2194=LINE('',#11715,#3113);
#2195=LINE('',#11716,#3114);
#2196=LINE('',#11717,#3115);
#2197=LINE('',#11720,#3116);
#2198=LINE('',#11721,#3117);
#2199=LINE('',#11725,#3118);
#2200=LINE('',#11726,#3119);
#2201=LINE('',#11727,#3120);
#2202=LINE('',#11730,#3121);
#2203=LINE('',#11731,#3122);
#2204=LINE('',#11734,#3123);
#2205=LINE('',#11735,#3124);
#2206=LINE('',#11739,#3125);
#2207=LINE('',#11741,#3126);
#2208=LINE('',#11743,#3127);
#2209=LINE('',#11744,#3128);
#2210=LINE('',#11747,#3129);
#2211=LINE('',#11750,#3130);
#2212=LINE('',#11754,#3131);
#2213=LINE('',#11757,#3132);
#2214=LINE('',#11759,#3133);
#2215=LINE('',#11760,#3134);
#2216=LINE('',#11763,#3135);
#2217=LINE('',#11764,#3136);
#2218=LINE('',#11767,#3137);
#2219=LINE('',#11770,#3138);
#2220=LINE('',#11771,#3139);
#2221=LINE('',#11773,#3140);
#2222=LINE('',#11775,#3141);
#2223=LINE('',#11779,#3142);
#2224=LINE('',#11781,#3143);
#2225=LINE('',#11786,#3144);
#2226=LINE('',#11788,#3145);
#2227=LINE('',#11790,#3146);
#2228=LINE('',#11791,#3147);
#2229=LINE('',#11794,#3148);
#2230=LINE('',#11796,#3149);
#2231=LINE('',#11797,#3150);
#2232=LINE('',#11800,#3151);
#2233=LINE('',#11802,#3152);
#2234=LINE('',#11804,#3153);
#2235=LINE('',#11806,#3154);
#2236=LINE('',#11808,#3155);
#2237=LINE('',#11810,#3156);
#2238=LINE('',#11812,#3157);
#2239=LINE('',#11814,#3158);
#2240=LINE('',#11816,#3159);
#2241=LINE('',#11817,#3160);
#2242=LINE('',#11821,#3161);
#2243=LINE('',#11822,#3162);
#2244=LINE('',#11823,#3163);
#2245=LINE('',#11826,#3164);
#2246=LINE('',#11827,#3165);
#2247=LINE('',#11831,#3166);
#2248=LINE('',#11832,#3167);
#2249=LINE('',#11833,#3168);
#2250=LINE('',#11836,#3169);
#2251=LINE('',#11837,#3170);
#2252=LINE('',#11840,#3171);
#2253=LINE('',#11841,#3172);
#2254=LINE('',#11845,#3173);
#2255=LINE('',#11847,#3174);
#2256=LINE('',#11849,#3175);
#2257=LINE('',#11850,#3176);
#2258=LINE('',#11853,#3177);
#2259=LINE('',#11856,#3178);
#2260=LINE('',#11860,#3179);
#2261=LINE('',#11863,#3180);
#2262=LINE('',#11865,#3181);
#2263=LINE('',#11866,#3182);
#2264=LINE('',#11869,#3183);
#2265=LINE('',#11870,#3184);
#2266=LINE('',#11873,#3185);
#2267=LINE('',#11876,#3186);
#2268=LINE('',#11877,#3187);
#2269=LINE('',#11879,#3188);
#2270=LINE('',#11881,#3189);
#2271=LINE('',#11885,#3190);
#2272=LINE('',#11887,#3191);
#2273=LINE('',#11892,#3192);
#2274=LINE('',#11894,#3193);
#2275=LINE('',#11896,#3194);
#2276=LINE('',#11897,#3195);
#2277=LINE('',#11900,#3196);
#2278=LINE('',#11902,#3197);
#2279=LINE('',#11903,#3198);
#2280=LINE('',#11906,#3199);
#2281=LINE('',#11908,#3200);
#2282=LINE('',#11910,#3201);
#2283=LINE('',#11912,#3202);
#2284=LINE('',#11914,#3203);
#2285=LINE('',#11916,#3204);
#2286=LINE('',#11918,#3205);
#2287=LINE('',#11920,#3206);
#2288=LINE('',#11922,#3207);
#2289=LINE('',#11923,#3208);
#2290=LINE('',#11927,#3209);
#2291=LINE('',#11928,#3210);
#2292=LINE('',#11929,#3211);
#2293=LINE('',#11932,#3212);
#2294=LINE('',#11933,#3213);
#2295=LINE('',#11937,#3214);
#2296=LINE('',#11938,#3215);
#2297=LINE('',#11939,#3216);
#2298=LINE('',#11942,#3217);
#2299=LINE('',#11943,#3218);
#2300=LINE('',#11946,#3219);
#2301=LINE('',#11947,#3220);
#2302=LINE('',#11951,#3221);
#2303=LINE('',#11953,#3222);
#2304=LINE('',#11955,#3223);
#2305=LINE('',#11956,#3224);
#2306=LINE('',#11959,#3225);
#2307=LINE('',#11962,#3226);
#2308=LINE('',#11966,#3227);
#2309=LINE('',#11969,#3228);
#2310=LINE('',#11971,#3229);
#2311=LINE('',#11972,#3230);
#2312=LINE('',#11975,#3231);
#2313=LINE('',#11976,#3232);
#2314=LINE('',#11979,#3233);
#2315=LINE('',#11982,#3234);
#2316=LINE('',#11983,#3235);
#2317=LINE('',#11985,#3236);
#2318=LINE('',#11987,#3237);
#2319=LINE('',#11991,#3238);
#2320=LINE('',#11993,#3239);
#2321=VECTOR('',#7960,10.);
#2322=VECTOR('',#7965,10.);
#2323=VECTOR('',#7972,10.);
#2324=VECTOR('',#7975,10.);
#2325=VECTOR('',#7978,10.);
#2326=VECTOR('',#7981,10.);
#2327=VECTOR('',#7984,10.);
#2328=VECTOR('',#7987,10.);
#2329=VECTOR('',#7992,10.);
#2330=VECTOR('',#7993,10.);
#2331=VECTOR('',#7994,10.);
#2332=VECTOR('',#7997,10.);
#2333=VECTOR('',#7998,10.);
#2334=VECTOR('',#8003,10.);
#2335=VECTOR('',#8004,10.);
#2336=VECTOR('',#8007,10.);
#2337=VECTOR('',#8012,10.);
#2338=VECTOR('',#8013,10.);
#2339=VECTOR('',#8014,10.);
#2340=VECTOR('',#8015,10.);
#2341=VECTOR('',#8018,10.);
#2342=VECTOR('',#8019,10.);
#2343=VECTOR('',#8020,10.);
#2344=VECTOR('',#8021,10.);
#2345=VECTOR('',#8024,10.);
#2346=VECTOR('',#8025,10.);
#2347=VECTOR('',#8028,10.);
#2348=VECTOR('',#8031,10.);
#2349=VECTOR('',#8036,10.);
#2350=VECTOR('',#8039,10.);
#2351=VECTOR('',#8044,10.);
#2352=VECTOR('',#8047,10.);
#2353=VECTOR('',#8052,10.);
#2354=VECTOR('',#8055,10.);
#2355=VECTOR('',#8062,10.);
#2356=VECTOR('',#8063,10.);
#2357=VECTOR('',#8068,10.);
#2358=VECTOR('',#8071,10.);
#2359=VECTOR('',#8076,10.);
#2360=VECTOR('',#8077,10.);
#2361=VECTOR('',#8078,10.);
#2362=VECTOR('',#8079,10.);
#2363=VECTOR('',#8082,10.);
#2364=VECTOR('',#8087,10.);
#2365=VECTOR('',#8088,10.);
#2366=VECTOR('',#8089,10.);
#2367=VECTOR('',#8090,10.);
#2368=VECTOR('',#8091,10.);
#2369=VECTOR('',#8094,10.);
#2370=VECTOR('',#8095,10.);
#2371=VECTOR('',#8104,10.);
#2372=VECTOR('',#8105,10.);
#2373=VECTOR('',#8106,10.);
#2374=VECTOR('',#8109,10.);
#2375=VECTOR('',#8112,10.);
#2376=VECTOR('',#8119,10.);
#2377=VECTOR('',#8120,10.);
#2378=VECTOR('',#8121,10.);
#2379=VECTOR('',#8122,10.);
#2380=VECTOR('',#8125,10.);
#2381=VECTOR('',#8126,10.);
#2382=VECTOR('',#8127,10.);
#2383=VECTOR('',#8130,10.);
#2384=VECTOR('',#8131,10.);
#2385=VECTOR('',#8132,10.);
#2386=VECTOR('',#8133,10.);
#2387=VECTOR('',#8134,10.);
#2388=VECTOR('',#8135,10.);
#2389=VECTOR('',#8136,10.);
#2390=VECTOR('',#8137,10.);
#2391=VECTOR('',#8138,10.);
#2392=VECTOR('',#8139,10.);
#2393=VECTOR('',#8142,10.);
#2394=VECTOR('',#8143,10.);
#2395=VECTOR('',#8144,10.);
#2396=VECTOR('',#8147,10.);
#2397=VECTOR('',#8148,10.);
#2398=VECTOR('',#8151,10.);
#2399=VECTOR('',#8152,10.);
#2400=VECTOR('',#8153,10.);
#2401=VECTOR('',#8156,10.);
#2402=VECTOR('',#8157,10.);
#2403=VECTOR('',#8160,10.);
#2404=VECTOR('',#8161,10.);
#2405=VECTOR('',#8164,10.);
#2406=VECTOR('',#8165,10.);
#2407=VECTOR('',#8166,10.);
#2408=VECTOR('',#8167,10.);
#2409=VECTOR('',#8170,10.);
#2410=VECTOR('',#8173,10.);
#2411=VECTOR('',#8178,10.);
#2412=VECTOR('',#8183,10.);
#2413=VECTOR('',#8184,10.);
#2414=VECTOR('',#8185,10.);
#2415=VECTOR('',#8188,10.);
#2416=VECTOR('',#8189,10.);
#2417=VECTOR('',#8192,10.);
#2418=VECTOR('',#8197,10.);
#2419=VECTOR('',#8198,10.);
#2420=VECTOR('',#8201,10.);
#2421=VECTOR('',#8204,10.);
#2422=VECTOR('',#8211,10.);
#2423=VECTOR('',#8214,10.);
#2424=VECTOR('',#8219,10.);
#2425=VECTOR('',#8220,10.);
#2426=VECTOR('',#8221,10.);
#2427=VECTOR('',#8222,10.);
#2428=VECTOR('',#8225,10.);
#2429=VECTOR('',#8226,10.);
#2430=VECTOR('',#8227,10.);
#2431=VECTOR('',#8230,10.);
#2432=VECTOR('',#8231,10.);
#2433=VECTOR('',#8232,10.);
#2434=VECTOR('',#8233,10.);
#2435=VECTOR('',#8234,10.);
#2436=VECTOR('',#8235,10.);
#2437=VECTOR('',#8236,10.);
#2438=VECTOR('',#8237,10.);
#2439=VECTOR('',#8238,10.);
#2440=VECTOR('',#8239,10.);
#2441=VECTOR('',#8242,10.);
#2442=VECTOR('',#8243,10.);
#2443=VECTOR('',#8244,10.);
#2444=VECTOR('',#8247,10.);
#2445=VECTOR('',#8248,10.);
#2446=VECTOR('',#8251,10.);
#2447=VECTOR('',#8252,10.);
#2448=VECTOR('',#8253,10.);
#2449=VECTOR('',#8256,10.);
#2450=VECTOR('',#8257,10.);
#2451=VECTOR('',#8260,10.);
#2452=VECTOR('',#8261,10.);
#2453=VECTOR('',#8264,10.);
#2454=VECTOR('',#8265,10.);
#2455=VECTOR('',#8266,10.);
#2456=VECTOR('',#8267,10.);
#2457=VECTOR('',#8270,10.);
#2458=VECTOR('',#8273,10.);
#2459=VECTOR('',#8278,10.);
#2460=VECTOR('',#8283,10.);
#2461=VECTOR('',#8284,10.);
#2462=VECTOR('',#8285,10.);
#2463=VECTOR('',#8288,10.);
#2464=VECTOR('',#8289,10.);
#2465=VECTOR('',#8292,10.);
#2466=VECTOR('',#8297,10.);
#2467=VECTOR('',#8298,10.);
#2468=VECTOR('',#8301,10.);
#2469=VECTOR('',#8304,10.);
#2470=VECTOR('',#8311,10.);
#2471=VECTOR('',#8314,10.);
#2472=VECTOR('',#8319,10.);
#2473=VECTOR('',#8320,10.);
#2474=VECTOR('',#8321,10.);
#2475=VECTOR('',#8322,10.);
#2476=VECTOR('',#8325,10.);
#2477=VECTOR('',#8326,10.);
#2478=VECTOR('',#8327,10.);
#2479=VECTOR('',#8330,10.);
#2480=VECTOR('',#8331,10.);
#2481=VECTOR('',#8332,10.);
#2482=VECTOR('',#8333,10.);
#2483=VECTOR('',#8334,10.);
#2484=VECTOR('',#8335,10.);
#2485=VECTOR('',#8336,10.);
#2486=VECTOR('',#8337,10.);
#2487=VECTOR('',#8338,10.);
#2488=VECTOR('',#8339,10.);
#2489=VECTOR('',#8342,10.);
#2490=VECTOR('',#8343,10.);
#2491=VECTOR('',#8344,10.);
#2492=VECTOR('',#8347,10.);
#2493=VECTOR('',#8348,10.);
#2494=VECTOR('',#8351,10.);
#2495=VECTOR('',#8352,10.);
#2496=VECTOR('',#8353,10.);
#2497=VECTOR('',#8356,10.);
#2498=VECTOR('',#8357,10.);
#2499=VECTOR('',#8360,10.);
#2500=VECTOR('',#8361,10.);
#2501=VECTOR('',#8364,10.);
#2502=VECTOR('',#8365,10.);
#2503=VECTOR('',#8366,10.);
#2504=VECTOR('',#8367,10.);
#2505=VECTOR('',#8370,10.);
#2506=VECTOR('',#8373,10.);
#2507=VECTOR('',#8378,10.);
#2508=VECTOR('',#8383,10.);
#2509=VECTOR('',#8384,10.);
#2510=VECTOR('',#8385,10.);
#2511=VECTOR('',#8388,10.);
#2512=VECTOR('',#8389,10.);
#2513=VECTOR('',#8392,10.);
#2514=VECTOR('',#8397,10.);
#2515=VECTOR('',#8398,10.);
#2516=VECTOR('',#8401,10.);
#2517=VECTOR('',#8404,10.);
#2518=VECTOR('',#8411,10.);
#2519=VECTOR('',#8414,10.);
#2520=VECTOR('',#8419,10.);
#2521=VECTOR('',#8420,10.);
#2522=VECTOR('',#8421,10.);
#2523=VECTOR('',#8422,10.);
#2524=VECTOR('',#8425,10.);
#2525=VECTOR('',#8426,10.);
#2526=VECTOR('',#8427,10.);
#2527=VECTOR('',#8430,10.);
#2528=VECTOR('',#8431,10.);
#2529=VECTOR('',#8432,10.);
#2530=VECTOR('',#8433,10.);
#2531=VECTOR('',#8434,10.);
#2532=VECTOR('',#8435,10.);
#2533=VECTOR('',#8436,10.);
#2534=VECTOR('',#8437,10.);
#2535=VECTOR('',#8438,10.);
#2536=VECTOR('',#8439,10.);
#2537=VECTOR('',#8442,10.);
#2538=VECTOR('',#8443,10.);
#2539=VECTOR('',#8444,10.);
#2540=VECTOR('',#8447,10.);
#2541=VECTOR('',#8448,10.);
#2542=VECTOR('',#8451,10.);
#2543=VECTOR('',#8452,10.);
#2544=VECTOR('',#8453,10.);
#2545=VECTOR('',#8456,10.);
#2546=VECTOR('',#8457,10.);
#2547=VECTOR('',#8460,10.);
#2548=VECTOR('',#8461,10.);
#2549=VECTOR('',#8464,10.);
#2550=VECTOR('',#8465,10.);
#2551=VECTOR('',#8466,10.);
#2552=VECTOR('',#8467,10.);
#2553=VECTOR('',#8470,10.);
#2554=VECTOR('',#8473,10.);
#2555=VECTOR('',#8478,10.);
#2556=VECTOR('',#8483,10.);
#2557=VECTOR('',#8484,10.);
#2558=VECTOR('',#8485,10.);
#2559=VECTOR('',#8488,10.);
#2560=VECTOR('',#8489,10.);
#2561=VECTOR('',#8492,10.);
#2562=VECTOR('',#8497,10.);
#2563=VECTOR('',#8498,10.);
#2564=VECTOR('',#8501,10.);
#2565=VECTOR('',#8504,10.);
#2566=VECTOR('',#8511,10.);
#2567=VECTOR('',#8514,10.);
#2568=VECTOR('',#8519,10.);
#2569=VECTOR('',#8520,10.);
#2570=VECTOR('',#8521,10.);
#2571=VECTOR('',#8522,10.);
#2572=VECTOR('',#8525,10.);
#2573=VECTOR('',#8526,10.);
#2574=VECTOR('',#8527,10.);
#2575=VECTOR('',#8530,10.);
#2576=VECTOR('',#8531,10.);
#2577=VECTOR('',#8532,10.);
#2578=VECTOR('',#8533,10.);
#2579=VECTOR('',#8534,10.);
#2580=VECTOR('',#8535,10.);
#2581=VECTOR('',#8536,10.);
#2582=VECTOR('',#8537,10.);
#2583=VECTOR('',#8538,10.);
#2584=VECTOR('',#8539,10.);
#2585=VECTOR('',#8542,10.);
#2586=VECTOR('',#8543,10.);
#2587=VECTOR('',#8544,10.);
#2588=VECTOR('',#8547,10.);
#2589=VECTOR('',#8548,10.);
#2590=VECTOR('',#8551,10.);
#2591=VECTOR('',#8552,10.);
#2592=VECTOR('',#8553,10.);
#2593=VECTOR('',#8556,10.);
#2594=VECTOR('',#8557,10.);
#2595=VECTOR('',#8560,10.);
#2596=VECTOR('',#8561,10.);
#2597=VECTOR('',#8564,10.);
#2598=VECTOR('',#8565,10.);
#2599=VECTOR('',#8566,10.);
#2600=VECTOR('',#8567,10.);
#2601=VECTOR('',#8570,10.);
#2602=VECTOR('',#8573,10.);
#2603=VECTOR('',#8578,10.);
#2604=VECTOR('',#8583,10.);
#2605=VECTOR('',#8584,10.);
#2606=VECTOR('',#8585,10.);
#2607=VECTOR('',#8588,10.);
#2608=VECTOR('',#8589,10.);
#2609=VECTOR('',#8592,10.);
#2610=VECTOR('',#8597,10.);
#2611=VECTOR('',#8598,10.);
#2612=VECTOR('',#8601,10.);
#2613=VECTOR('',#8604,10.);
#2614=VECTOR('',#8611,10.);
#2615=VECTOR('',#8614,10.);
#2616=VECTOR('',#8619,10.);
#2617=VECTOR('',#8620,10.);
#2618=VECTOR('',#8621,10.);
#2619=VECTOR('',#8622,10.);
#2620=VECTOR('',#8625,10.);
#2621=VECTOR('',#8626,10.);
#2622=VECTOR('',#8627,10.);
#2623=VECTOR('',#8630,10.);
#2624=VECTOR('',#8631,10.);
#2625=VECTOR('',#8632,10.);
#2626=VECTOR('',#8633,10.);
#2627=VECTOR('',#8634,10.);
#2628=VECTOR('',#8635,10.);
#2629=VECTOR('',#8636,10.);
#2630=VECTOR('',#8637,10.);
#2631=VECTOR('',#8638,10.);
#2632=VECTOR('',#8639,10.);
#2633=VECTOR('',#8642,10.);
#2634=VECTOR('',#8643,10.);
#2635=VECTOR('',#8644,10.);
#2636=VECTOR('',#8647,10.);
#2637=VECTOR('',#8648,10.);
#2638=VECTOR('',#8651,10.);
#2639=VECTOR('',#8652,10.);
#2640=VECTOR('',#8653,10.);
#2641=VECTOR('',#8656,10.);
#2642=VECTOR('',#8657,10.);
#2643=VECTOR('',#8660,10.);
#2644=VECTOR('',#8661,10.);
#2645=VECTOR('',#8664,10.);
#2646=VECTOR('',#8665,10.);
#2647=VECTOR('',#8666,10.);
#2648=VECTOR('',#8667,10.);
#2649=VECTOR('',#8670,10.);
#2650=VECTOR('',#8673,10.);
#2651=VECTOR('',#8678,10.);
#2652=VECTOR('',#8683,10.);
#2653=VECTOR('',#8684,10.);
#2654=VECTOR('',#8685,10.);
#2655=VECTOR('',#8688,10.);
#2656=VECTOR('',#8689,10.);
#2657=VECTOR('',#8692,10.);
#2658=VECTOR('',#8697,10.);
#2659=VECTOR('',#8698,10.);
#2660=VECTOR('',#8701,10.);
#2661=VECTOR('',#8704,10.);
#2662=VECTOR('',#8711,10.);
#2663=VECTOR('',#8714,10.);
#2664=VECTOR('',#8719,10.);
#2665=VECTOR('',#8720,10.);
#2666=VECTOR('',#8721,10.);
#2667=VECTOR('',#8722,10.);
#2668=VECTOR('',#8725,10.);
#2669=VECTOR('',#8726,10.);
#2670=VECTOR('',#8727,10.);
#2671=VECTOR('',#8730,10.);
#2672=VECTOR('',#8731,10.);
#2673=VECTOR('',#8732,10.);
#2674=VECTOR('',#8733,10.);
#2675=VECTOR('',#8734,10.);
#2676=VECTOR('',#8735,10.);
#2677=VECTOR('',#8736,10.);
#2678=VECTOR('',#8737,10.);
#2679=VECTOR('',#8738,10.);
#2680=VECTOR('',#8739,10.);
#2681=VECTOR('',#8742,10.);
#2682=VECTOR('',#8743,10.);
#2683=VECTOR('',#8744,10.);
#2684=VECTOR('',#8747,10.);
#2685=VECTOR('',#8748,10.);
#2686=VECTOR('',#8751,10.);
#2687=VECTOR('',#8752,10.);
#2688=VECTOR('',#8753,10.);
#2689=VECTOR('',#8756,10.);
#2690=VECTOR('',#8757,10.);
#2691=VECTOR('',#8760,10.);
#2692=VECTOR('',#8761,10.);
#2693=VECTOR('',#8764,10.);
#2694=VECTOR('',#8765,10.);
#2695=VECTOR('',#8766,10.);
#2696=VECTOR('',#8767,10.);
#2697=VECTOR('',#8770,10.);
#2698=VECTOR('',#8773,10.);
#2699=VECTOR('',#8778,10.);
#2700=VECTOR('',#8783,10.);
#2701=VECTOR('',#8784,10.);
#2702=VECTOR('',#8785,10.);
#2703=VECTOR('',#8788,10.);
#2704=VECTOR('',#8789,10.);
#2705=VECTOR('',#8792,10.);
#2706=VECTOR('',#8797,10.);
#2707=VECTOR('',#8798,10.);
#2708=VECTOR('',#8801,10.);
#2709=VECTOR('',#8804,10.);
#2710=VECTOR('',#8811,10.);
#2711=VECTOR('',#8814,10.);
#2712=VECTOR('',#8819,10.);
#2713=VECTOR('',#8820,10.);
#2714=VECTOR('',#8821,10.);
#2715=VECTOR('',#8822,10.);
#2716=VECTOR('',#8825,10.);
#2717=VECTOR('',#8826,10.);
#2718=VECTOR('',#8827,10.);
#2719=VECTOR('',#8830,10.);
#2720=VECTOR('',#8831,10.);
#2721=VECTOR('',#8832,10.);
#2722=VECTOR('',#8833,10.);
#2723=VECTOR('',#8834,10.);
#2724=VECTOR('',#8835,10.);
#2725=VECTOR('',#8836,10.);
#2726=VECTOR('',#8837,10.);
#2727=VECTOR('',#8838,10.);
#2728=VECTOR('',#8839,10.);
#2729=VECTOR('',#8842,10.);
#2730=VECTOR('',#8843,10.);
#2731=VECTOR('',#8844,10.);
#2732=VECTOR('',#8847,10.);
#2733=VECTOR('',#8848,10.);
#2734=VECTOR('',#8851,10.);
#2735=VECTOR('',#8852,10.);
#2736=VECTOR('',#8853,10.);
#2737=VECTOR('',#8856,10.);
#2738=VECTOR('',#8857,10.);
#2739=VECTOR('',#8860,10.);
#2740=VECTOR('',#8861,10.);
#2741=VECTOR('',#8864,10.);
#2742=VECTOR('',#8865,10.);
#2743=VECTOR('',#8866,10.);
#2744=VECTOR('',#8867,10.);
#2745=VECTOR('',#8870,10.);
#2746=VECTOR('',#8873,10.);
#2747=VECTOR('',#8878,10.);
#2748=VECTOR('',#8883,10.);
#2749=VECTOR('',#8884,10.);
#2750=VECTOR('',#8885,10.);
#2751=VECTOR('',#8888,10.);
#2752=VECTOR('',#8889,10.);
#2753=VECTOR('',#8892,10.);
#2754=VECTOR('',#8897,10.);
#2755=VECTOR('',#8898,10.);
#2756=VECTOR('',#8901,10.);
#2757=VECTOR('',#8904,10.);
#2758=VECTOR('',#8911,10.);
#2759=VECTOR('',#8914,10.);
#2760=VECTOR('',#8919,10.);
#2761=VECTOR('',#8920,10.);
#2762=VECTOR('',#8921,10.);
#2763=VECTOR('',#8922,10.);
#2764=VECTOR('',#8925,10.);
#2765=VECTOR('',#8926,10.);
#2766=VECTOR('',#8927,10.);
#2767=VECTOR('',#8930,10.);
#2768=VECTOR('',#8931,10.);
#2769=VECTOR('',#8932,10.);
#2770=VECTOR('',#8933,10.);
#2771=VECTOR('',#8934,10.);
#2772=VECTOR('',#8935,10.);
#2773=VECTOR('',#8936,10.);
#2774=VECTOR('',#8937,10.);
#2775=VECTOR('',#8938,10.);
#2776=VECTOR('',#8939,10.);
#2777=VECTOR('',#8942,10.);
#2778=VECTOR('',#8943,10.);
#2779=VECTOR('',#8944,10.);
#2780=VECTOR('',#8947,10.);
#2781=VECTOR('',#8948,10.);
#2782=VECTOR('',#8951,10.);
#2783=VECTOR('',#8952,10.);
#2784=VECTOR('',#8953,10.);
#2785=VECTOR('',#8956,10.);
#2786=VECTOR('',#8957,10.);
#2787=VECTOR('',#8960,10.);
#2788=VECTOR('',#8961,10.);
#2789=VECTOR('',#8964,10.);
#2790=VECTOR('',#8965,10.);
#2791=VECTOR('',#8966,10.);
#2792=VECTOR('',#8967,10.);
#2793=VECTOR('',#8970,10.);
#2794=VECTOR('',#8973,10.);
#2795=VECTOR('',#8978,10.);
#2796=VECTOR('',#8983,10.);
#2797=VECTOR('',#8984,10.);
#2798=VECTOR('',#8985,10.);
#2799=VECTOR('',#8988,10.);
#2800=VECTOR('',#8989,10.);
#2801=VECTOR('',#8992,10.);
#2802=VECTOR('',#8997,10.);
#2803=VECTOR('',#8998,10.);
#2804=VECTOR('',#9001,10.);
#2805=VECTOR('',#9004,10.);
#2806=VECTOR('',#9011,10.);
#2807=VECTOR('',#9014,10.);
#2808=VECTOR('',#9021,10.);
#2809=VECTOR('',#9022,10.);
#2810=VECTOR('',#9023,10.);
#2811=VECTOR('',#9024,10.);
#2812=VECTOR('',#9027,10.);
#2813=VECTOR('',#9028,10.);
#2814=VECTOR('',#9029,10.);
#2815=VECTOR('',#9032,10.);
#2816=VECTOR('',#9033,10.);
#2817=VECTOR('',#9034,10.);
#2818=VECTOR('',#9035,10.);
#2819=VECTOR('',#9036,10.);
#2820=VECTOR('',#9037,10.);
#2821=VECTOR('',#9038,10.);
#2822=VECTOR('',#9039,10.);
#2823=VECTOR('',#9040,10.);
#2824=VECTOR('',#9041,10.);
#2825=VECTOR('',#9044,10.);
#2826=VECTOR('',#9045,10.);
#2827=VECTOR('',#9046,10.);
#2828=VECTOR('',#9049,10.);
#2829=VECTOR('',#9050,10.);
#2830=VECTOR('',#9053,10.);
#2831=VECTOR('',#9054,10.);
#2832=VECTOR('',#9055,10.);
#2833=VECTOR('',#9058,10.);
#2834=VECTOR('',#9059,10.);
#2835=VECTOR('',#9062,10.);
#2836=VECTOR('',#9063,10.);
#2837=VECTOR('',#9066,10.);
#2838=VECTOR('',#9067,10.);
#2839=VECTOR('',#9068,10.);
#2840=VECTOR('',#9069,10.);
#2841=VECTOR('',#9072,10.);
#2842=VECTOR('',#9075,10.);
#2843=VECTOR('',#9080,10.);
#2844=VECTOR('',#9085,10.);
#2845=VECTOR('',#9086,10.);
#2846=VECTOR('',#9087,10.);
#2847=VECTOR('',#9090,10.);
#2848=VECTOR('',#9091,10.);
#2849=VECTOR('',#9096,10.);
#2850=VECTOR('',#9099,10.);
#2851=VECTOR('',#9100,10.);
#2852=VECTOR('',#9103,10.);
#2853=VECTOR('',#9106,10.);
#2854=VECTOR('',#9113,10.);
#2855=VECTOR('',#9116,10.);
#2856=VECTOR('',#9121,10.);
#2857=VECTOR('',#9122,10.);
#2858=VECTOR('',#9123,10.);
#2859=VECTOR('',#9124,10.);
#2860=VECTOR('',#9127,10.);
#2861=VECTOR('',#9128,10.);
#2862=VECTOR('',#9129,10.);
#2863=VECTOR('',#9132,10.);
#2864=VECTOR('',#9133,10.);
#2865=VECTOR('',#9134,10.);
#2866=VECTOR('',#9135,10.);
#2867=VECTOR('',#9136,10.);
#2868=VECTOR('',#9137,10.);
#2869=VECTOR('',#9138,10.);
#2870=VECTOR('',#9139,10.);
#2871=VECTOR('',#9140,10.);
#2872=VECTOR('',#9141,10.);
#2873=VECTOR('',#9144,10.);
#2874=VECTOR('',#9145,10.);
#2875=VECTOR('',#9146,10.);
#2876=VECTOR('',#9149,10.);
#2877=VECTOR('',#9150,10.);
#2878=VECTOR('',#9153,10.);
#2879=VECTOR('',#9154,10.);
#2880=VECTOR('',#9155,10.);
#2881=VECTOR('',#9158,10.);
#2882=VECTOR('',#9159,10.);
#2883=VECTOR('',#9162,10.);
#2884=VECTOR('',#9163,10.);
#2885=VECTOR('',#9166,10.);
#2886=VECTOR('',#9167,10.);
#2887=VECTOR('',#9168,10.);
#2888=VECTOR('',#9169,10.);
#2889=VECTOR('',#9172,10.);
#2890=VECTOR('',#9175,10.);
#2891=VECTOR('',#9180,10.);
#2892=VECTOR('',#9185,10.);
#2893=VECTOR('',#9186,10.);
#2894=VECTOR('',#9187,10.);
#2895=VECTOR('',#9190,10.);
#2896=VECTOR('',#9191,10.);
#2897=VECTOR('',#9196,10.);
#2898=VECTOR('',#9199,10.);
#2899=VECTOR('',#9200,10.);
#2900=VECTOR('',#9203,10.);
#2901=VECTOR('',#9206,10.);
#2902=VECTOR('',#9213,10.);
#2903=VECTOR('',#9216,10.);
#2904=VECTOR('',#9221,10.);
#2905=VECTOR('',#9222,10.);
#2906=VECTOR('',#9223,10.);
#2907=VECTOR('',#9224,10.);
#2908=VECTOR('',#9227,10.);
#2909=VECTOR('',#9228,10.);
#2910=VECTOR('',#9229,10.);
#2911=VECTOR('',#9232,10.);
#2912=VECTOR('',#9233,10.);
#2913=VECTOR('',#9234,10.);
#2914=VECTOR('',#9235,10.);
#2915=VECTOR('',#9236,10.);
#2916=VECTOR('',#9237,10.);
#2917=VECTOR('',#9238,10.);
#2918=VECTOR('',#9239,10.);
#2919=VECTOR('',#9240,10.);
#2920=VECTOR('',#9241,10.);
#2921=VECTOR('',#9244,10.);
#2922=VECTOR('',#9245,10.);
#2923=VECTOR('',#9246,10.);
#2924=VECTOR('',#9249,10.);
#2925=VECTOR('',#9250,10.);
#2926=VECTOR('',#9253,10.);
#2927=VECTOR('',#9254,10.);
#2928=VECTOR('',#9255,10.);
#2929=VECTOR('',#9258,10.);
#2930=VECTOR('',#9259,10.);
#2931=VECTOR('',#9262,10.);
#2932=VECTOR('',#9263,10.);
#2933=VECTOR('',#9266,10.);
#2934=VECTOR('',#9267,10.);
#2935=VECTOR('',#9268,10.);
#2936=VECTOR('',#9269,10.);
#2937=VECTOR('',#9272,10.);
#2938=VECTOR('',#9275,10.);
#2939=VECTOR('',#9280,10.);
#2940=VECTOR('',#9285,10.);
#2941=VECTOR('',#9286,10.);
#2942=VECTOR('',#9287,10.);
#2943=VECTOR('',#9290,10.);
#2944=VECTOR('',#9291,10.);
#2945=VECTOR('',#9296,10.);
#2946=VECTOR('',#9299,10.);
#2947=VECTOR('',#9300,10.);
#2948=VECTOR('',#9303,10.);
#2949=VECTOR('',#9306,10.);
#2950=VECTOR('',#9313,10.);
#2951=VECTOR('',#9316,10.);
#2952=VECTOR('',#9321,10.);
#2953=VECTOR('',#9322,10.);
#2954=VECTOR('',#9323,10.);
#2955=VECTOR('',#9324,10.);
#2956=VECTOR('',#9327,10.);
#2957=VECTOR('',#9328,10.);
#2958=VECTOR('',#9329,10.);
#2959=VECTOR('',#9332,10.);
#2960=VECTOR('',#9333,10.);
#2961=VECTOR('',#9334,10.);
#2962=VECTOR('',#9335,10.);
#2963=VECTOR('',#9336,10.);
#2964=VECTOR('',#9337,10.);
#2965=VECTOR('',#9338,10.);
#2966=VECTOR('',#9339,10.);
#2967=VECTOR('',#9340,10.);
#2968=VECTOR('',#9341,10.);
#2969=VECTOR('',#9344,10.);
#2970=VECTOR('',#9345,10.);
#2971=VECTOR('',#9346,10.);
#2972=VECTOR('',#9349,10.);
#2973=VECTOR('',#9350,10.);
#2974=VECTOR('',#9353,10.);
#2975=VECTOR('',#9354,10.);
#2976=VECTOR('',#9355,10.);
#2977=VECTOR('',#9358,10.);
#2978=VECTOR('',#9359,10.);
#2979=VECTOR('',#9362,10.);
#2980=VECTOR('',#9363,10.);
#2981=VECTOR('',#9366,10.);
#2982=VECTOR('',#9367,10.);
#2983=VECTOR('',#9368,10.);
#2984=VECTOR('',#9369,10.);
#2985=VECTOR('',#9372,10.);
#2986=VECTOR('',#9375,10.);
#2987=VECTOR('',#9380,10.);
#2988=VECTOR('',#9385,10.);
#2989=VECTOR('',#9386,10.);
#2990=VECTOR('',#9387,10.);
#2991=VECTOR('',#9390,10.);
#2992=VECTOR('',#9391,10.);
#2993=VECTOR('',#9396,10.);
#2994=VECTOR('',#9399,10.);
#2995=VECTOR('',#9400,10.);
#2996=VECTOR('',#9403,10.);
#2997=VECTOR('',#9406,10.);
#2998=VECTOR('',#9413,10.);
#2999=VECTOR('',#9416,10.);
#3000=VECTOR('',#9421,10.);
#3001=VECTOR('',#9422,10.);
#3002=VECTOR('',#9423,10.);
#3003=VECTOR('',#9424,10.);
#3004=VECTOR('',#9427,10.);
#3005=VECTOR('',#9428,10.);
#3006=VECTOR('',#9429,10.);
#3007=VECTOR('',#9432,10.);
#3008=VECTOR('',#9433,10.);
#3009=VECTOR('',#9434,10.);
#3010=VECTOR('',#9435,10.);
#3011=VECTOR('',#9436,10.);
#3012=VECTOR('',#9437,10.);
#3013=VECTOR('',#9438,10.);
#3014=VECTOR('',#9439,10.);
#3015=VECTOR('',#9440,10.);
#3016=VECTOR('',#9441,10.);
#3017=VECTOR('',#9444,10.);
#3018=VECTOR('',#9445,10.);
#3019=VECTOR('',#9446,10.);
#3020=VECTOR('',#9449,10.);
#3021=VECTOR('',#9450,10.);
#3022=VECTOR('',#9453,10.);
#3023=VECTOR('',#9454,10.);
#3024=VECTOR('',#9455,10.);
#3025=VECTOR('',#9458,10.);
#3026=VECTOR('',#9459,10.);
#3027=VECTOR('',#9462,10.);
#3028=VECTOR('',#9463,10.);
#3029=VECTOR('',#9466,10.);
#3030=VECTOR('',#9467,10.);
#3031=VECTOR('',#9468,10.);
#3032=VECTOR('',#9469,10.);
#3033=VECTOR('',#9472,10.);
#3034=VECTOR('',#9475,10.);
#3035=VECTOR('',#9480,10.);
#3036=VECTOR('',#9485,10.);
#3037=VECTOR('',#9486,10.);
#3038=VECTOR('',#9487,10.);
#3039=VECTOR('',#9490,10.);
#3040=VECTOR('',#9491,10.);
#3041=VECTOR('',#9496,10.);
#3042=VECTOR('',#9499,10.);
#3043=VECTOR('',#9500,10.);
#3044=VECTOR('',#9503,10.);
#3045=VECTOR('',#9506,10.);
#3046=VECTOR('',#9513,10.);
#3047=VECTOR('',#9516,10.);
#3048=VECTOR('',#9521,10.);
#3049=VECTOR('',#9522,10.);
#3050=VECTOR('',#9523,10.);
#3051=VECTOR('',#9524,10.);
#3052=VECTOR('',#9527,10.);
#3053=VECTOR('',#9528,10.);
#3054=VECTOR('',#9529,10.);
#3055=VECTOR('',#9532,10.);
#3056=VECTOR('',#9533,10.);
#3057=VECTOR('',#9534,10.);
#3058=VECTOR('',#9535,10.);
#3059=VECTOR('',#9536,10.);
#3060=VECTOR('',#9537,10.);
#3061=VECTOR('',#9538,10.);
#3062=VECTOR('',#9539,10.);
#3063=VECTOR('',#9540,10.);
#3064=VECTOR('',#9541,10.);
#3065=VECTOR('',#9544,10.);
#3066=VECTOR('',#9545,10.);
#3067=VECTOR('',#9546,10.);
#3068=VECTOR('',#9549,10.);
#3069=VECTOR('',#9550,10.);
#3070=VECTOR('',#9553,10.);
#3071=VECTOR('',#9554,10.);
#3072=VECTOR('',#9555,10.);
#3073=VECTOR('',#9558,10.);
#3074=VECTOR('',#9559,10.);
#3075=VECTOR('',#9562,10.);
#3076=VECTOR('',#9563,10.);
#3077=VECTOR('',#9566,10.);
#3078=VECTOR('',#9567,10.);
#3079=VECTOR('',#9568,10.);
#3080=VECTOR('',#9569,10.);
#3081=VECTOR('',#9572,10.);
#3082=VECTOR('',#9575,10.);
#3083=VECTOR('',#9580,10.);
#3084=VECTOR('',#9585,10.);
#3085=VECTOR('',#9586,10.);
#3086=VECTOR('',#9587,10.);
#3087=VECTOR('',#9590,10.);
#3088=VECTOR('',#9591,10.);
#3089=VECTOR('',#9596,10.);
#3090=VECTOR('',#9599,10.);
#3091=VECTOR('',#9600,10.);
#3092=VECTOR('',#9603,10.);
#3093=VECTOR('',#9606,10.);
#3094=VECTOR('',#9613,10.);
#3095=VECTOR('',#9616,10.);
#3096=VECTOR('',#9621,10.);
#3097=VECTOR('',#9622,10.);
#3098=VECTOR('',#9623,10.);
#3099=VECTOR('',#9624,10.);
#3100=VECTOR('',#9627,10.);
#3101=VECTOR('',#9628,10.);
#3102=VECTOR('',#9629,10.);
#3103=VECTOR('',#9632,10.);
#3104=VECTOR('',#9633,10.);
#3105=VECTOR('',#9634,10.);
#3106=VECTOR('',#9635,10.);
#3107=VECTOR('',#9636,10.);
#3108=VECTOR('',#9637,10.);
#3109=VECTOR('',#9638,10.);
#3110=VECTOR('',#9639,10.);
#3111=VECTOR('',#9640,10.);
#3112=VECTOR('',#9641,10.);
#3113=VECTOR('',#9644,10.);
#3114=VECTOR('',#9645,10.);
#3115=VECTOR('',#9646,10.);
#3116=VECTOR('',#9649,10.);
#3117=VECTOR('',#9650,10.);
#3118=VECTOR('',#9653,10.);
#3119=VECTOR('',#9654,10.);
#3120=VECTOR('',#9655,10.);
#3121=VECTOR('',#9658,10.);
#3122=VECTOR('',#9659,10.);
#3123=VECTOR('',#9662,10.);
#3124=VECTOR('',#9663,10.);
#3125=VECTOR('',#9666,10.);
#3126=VECTOR('',#9667,10.);
#3127=VECTOR('',#9668,10.);
#3128=VECTOR('',#9669,10.);
#3129=VECTOR('',#9672,10.);
#3130=VECTOR('',#9675,10.);
#3131=VECTOR('',#9680,10.);
#3132=VECTOR('',#9685,10.);
#3133=VECTOR('',#9686,10.);
#3134=VECTOR('',#9687,10.);
#3135=VECTOR('',#9690,10.);
#3136=VECTOR('',#9691,10.);
#3137=VECTOR('',#9696,10.);
#3138=VECTOR('',#9699,10.);
#3139=VECTOR('',#9700,10.);
#3140=VECTOR('',#9703,10.);
#3141=VECTOR('',#9706,10.);
#3142=VECTOR('',#9713,10.);
#3143=VECTOR('',#9716,10.);
#3144=VECTOR('',#9721,10.);
#3145=VECTOR('',#9722,10.);
#3146=VECTOR('',#9723,10.);
#3147=VECTOR('',#9724,10.);
#3148=VECTOR('',#9727,10.);
#3149=VECTOR('',#9728,10.);
#3150=VECTOR('',#9729,10.);
#3151=VECTOR('',#9732,10.);
#3152=VECTOR('',#9733,10.);
#3153=VECTOR('',#9734,10.);
#3154=VECTOR('',#9735,10.);
#3155=VECTOR('',#9736,10.);
#3156=VECTOR('',#9737,10.);
#3157=VECTOR('',#9738,10.);
#3158=VECTOR('',#9739,10.);
#3159=VECTOR('',#9740,10.);
#3160=VECTOR('',#9741,10.);
#3161=VECTOR('',#9744,10.);
#3162=VECTOR('',#9745,10.);
#3163=VECTOR('',#9746,10.);
#3164=VECTOR('',#9749,10.);
#3165=VECTOR('',#9750,10.);
#3166=VECTOR('',#9753,10.);
#3167=VECTOR('',#9754,10.);
#3168=VECTOR('',#9755,10.);
#3169=VECTOR('',#9758,10.);
#3170=VECTOR('',#9759,10.);
#3171=VECTOR('',#9762,10.);
#3172=VECTOR('',#9763,10.);
#3173=VECTOR('',#9766,10.);
#3174=VECTOR('',#9767,10.);
#3175=VECTOR('',#9768,10.);
#3176=VECTOR('',#9769,10.);
#3177=VECTOR('',#9772,10.);
#3178=VECTOR('',#9775,10.);
#3179=VECTOR('',#9780,10.);
#3180=VECTOR('',#9785,10.);
#3181=VECTOR('',#9786,10.);
#3182=VECTOR('',#9787,10.);
#3183=VECTOR('',#9790,10.);
#3184=VECTOR('',#9791,10.);
#3185=VECTOR('',#9796,10.);
#3186=VECTOR('',#9799,10.);
#3187=VECTOR('',#9800,10.);
#3188=VECTOR('',#9803,10.);
#3189=VECTOR('',#9806,10.);
#3190=VECTOR('',#9813,10.);
#3191=VECTOR('',#9816,10.);
#3192=VECTOR('',#9821,10.);
#3193=VECTOR('',#9822,10.);
#3194=VECTOR('',#9823,10.);
#3195=VECTOR('',#9824,10.);
#3196=VECTOR('',#9827,10.);
#3197=VECTOR('',#9828,10.);
#3198=VECTOR('',#9829,10.);
#3199=VECTOR('',#9832,10.);
#3200=VECTOR('',#9833,10.);
#3201=VECTOR('',#9834,10.);
#3202=VECTOR('',#9835,10.);
#3203=VECTOR('',#9836,10.);
#3204=VECTOR('',#9837,10.);
#3205=VECTOR('',#9838,10.);
#3206=VECTOR('',#9839,10.);
#3207=VECTOR('',#9840,10.);
#3208=VECTOR('',#9841,10.);
#3209=VECTOR('',#9844,10.);
#3210=VECTOR('',#9845,10.);
#3211=VECTOR('',#9846,10.);
#3212=VECTOR('',#9849,10.);
#3213=VECTOR('',#9850,10.);
#3214=VECTOR('',#9853,10.);
#3215=VECTOR('',#9854,10.);
#3216=VECTOR('',#9855,10.);
#3217=VECTOR('',#9858,10.);
#3218=VECTOR('',#9859,10.);
#3219=VECTOR('',#9862,10.);
#3220=VECTOR('',#9863,10.);
#3221=VECTOR('',#9866,10.);
#3222=VECTOR('',#9867,10.);
#3223=VECTOR('',#9868,10.);
#3224=VECTOR('',#9869,10.);
#3225=VECTOR('',#9872,10.);
#3226=VECTOR('',#9875,10.);
#3227=VECTOR('',#9880,10.);
#3228=VECTOR('',#9885,10.);
#3229=VECTOR('',#9886,10.);
#3230=VECTOR('',#9887,10.);
#3231=VECTOR('',#9890,10.);
#3232=VECTOR('',#9891,10.);
#3233=VECTOR('',#9896,10.);
#3234=VECTOR('',#9899,10.);
#3235=VECTOR('',#9900,10.);
#3236=VECTOR('',#9903,10.);
#3237=VECTOR('',#9906,10.);
#3238=VECTOR('',#9913,10.);
#3239=VECTOR('',#9916,10.);
#3240=VERTEX_POINT('',#9930);
#3241=VERTEX_POINT('',#9931);
#3242=VERTEX_POINT('',#9933);
#3243=VERTEX_POINT('',#9935);
#3244=VERTEX_POINT('',#9937);
#3245=VERTEX_POINT('',#9939);
#3246=VERTEX_POINT('',#9943);
#3247=VERTEX_POINT('',#9945);
#3248=VERTEX_POINT('',#9949);
#3249=VERTEX_POINT('',#9951);
#3250=VERTEX_POINT('',#9955);
#3251=VERTEX_POINT('',#9956);
#3252=VERTEX_POINT('',#9962);
#3253=VERTEX_POINT('',#9964);
#3254=VERTEX_POINT('',#9968);
#3255=VERTEX_POINT('',#9973);
#3256=VERTEX_POINT('',#9980);
#3257=VERTEX_POINT('',#9981);
#3258=VERTEX_POINT('',#9983);
#3259=VERTEX_POINT('',#9985);
#3260=VERTEX_POINT('',#9989);
#3261=VERTEX_POINT('',#9990);
#3262=VERTEX_POINT('',#9992);
#3263=VERTEX_POINT('',#9994);
#3264=VERTEX_POINT('',#10006);
#3265=VERTEX_POINT('',#10007);
#3266=VERTEX_POINT('',#10009);
#3267=VERTEX_POINT('',#10011);
#3268=VERTEX_POINT('',#10015);
#3269=VERTEX_POINT('',#10017);
#3270=VERTEX_POINT('',#10019);
#3271=VERTEX_POINT('',#10023);
#3272=VERTEX_POINT('',#10025);
#3273=VERTEX_POINT('',#10027);
#3274=VERTEX_POINT('',#10029);
#3275=VERTEX_POINT('',#10033);
#3276=VERTEX_POINT('',#10035);
#3277=VERTEX_POINT('',#10039);
#3278=VERTEX_POINT('',#10040);
#3279=VERTEX_POINT('',#10042);
#3280=VERTEX_POINT('',#10047);
#3281=VERTEX_POINT('',#10049);
#3282=VERTEX_POINT('',#10051);
#3283=VERTEX_POINT('',#10055);
#3284=VERTEX_POINT('',#10059);
#3285=VERTEX_POINT('',#10062);
#3286=VERTEX_POINT('',#10064);
#3287=VERTEX_POINT('',#10068);
#3288=VERTEX_POINT('',#10075);
#3289=VERTEX_POINT('',#10077);
#3290=VERTEX_POINT('',#10087);
#3291=VERTEX_POINT('',#10088);
#3292=VERTEX_POINT('',#10090);
#3293=VERTEX_POINT('',#10092);
#3294=VERTEX_POINT('',#10096);
#3295=VERTEX_POINT('',#10098);
#3296=VERTEX_POINT('',#10102);
#3297=VERTEX_POINT('',#10104);
#3298=VERTEX_POINT('',#10106);
#3299=VERTEX_POINT('',#10108);
#3300=VERTEX_POINT('',#10110);
#3301=VERTEX_POINT('',#10112);
#3302=VERTEX_POINT('',#10114);
#3303=VERTEX_POINT('',#10116);
#3304=VERTEX_POINT('',#10118);
#3305=VERTEX_POINT('',#10122);
#3306=VERTEX_POINT('',#10123);
#3307=VERTEX_POINT('',#10128);
#3308=VERTEX_POINT('',#10132);
#3309=VERTEX_POINT('',#10133);
#3310=VERTEX_POINT('',#10138);
#3311=VERTEX_POINT('',#10142);
#3312=VERTEX_POINT('',#10146);
#3313=VERTEX_POINT('',#10147);
#3314=VERTEX_POINT('',#10149);
#3315=VERTEX_POINT('',#10151);
#3316=VERTEX_POINT('',#10155);
#3317=VERTEX_POINT('',#10158);
#3318=VERTEX_POINT('',#10162);
#3319=VERTEX_POINT('',#10167);
#3320=VERTEX_POINT('',#10171);
#3321=VERTEX_POINT('',#10178);
#3322=VERTEX_POINT('',#10193);
#3323=VERTEX_POINT('',#10194);
#3324=VERTEX_POINT('',#10196);
#3325=VERTEX_POINT('',#10198);
#3326=VERTEX_POINT('',#10202);
#3327=VERTEX_POINT('',#10204);
#3328=VERTEX_POINT('',#10208);
#3329=VERTEX_POINT('',#10210);
#3330=VERTEX_POINT('',#10212);
#3331=VERTEX_POINT('',#10214);
#3332=VERTEX_POINT('',#10216);
#3333=VERTEX_POINT('',#10218);
#3334=VERTEX_POINT('',#10220);
#3335=VERTEX_POINT('',#10222);
#3336=VERTEX_POINT('',#10224);
#3337=VERTEX_POINT('',#10228);
#3338=VERTEX_POINT('',#10229);
#3339=VERTEX_POINT('',#10234);
#3340=VERTEX_POINT('',#10238);
#3341=VERTEX_POINT('',#10239);
#3342=VERTEX_POINT('',#10244);
#3343=VERTEX_POINT('',#10248);
#3344=VERTEX_POINT('',#10252);
#3345=VERTEX_POINT('',#10253);
#3346=VERTEX_POINT('',#10255);
#3347=VERTEX_POINT('',#10257);
#3348=VERTEX_POINT('',#10261);
#3349=VERTEX_POINT('',#10264);
#3350=VERTEX_POINT('',#10268);
#3351=VERTEX_POINT('',#10273);
#3352=VERTEX_POINT('',#10277);
#3353=VERTEX_POINT('',#10284);
#3354=VERTEX_POINT('',#10299);
#3355=VERTEX_POINT('',#10300);
#3356=VERTEX_POINT('',#10302);
#3357=VERTEX_POINT('',#10304);
#3358=VERTEX_POINT('',#10308);
#3359=VERTEX_POINT('',#10310);
#3360=VERTEX_POINT('',#10314);
#3361=VERTEX_POINT('',#10316);
#3362=VERTEX_POINT('',#10318);
#3363=VERTEX_POINT('',#10320);
#3364=VERTEX_POINT('',#10322);
#3365=VERTEX_POINT('',#10324);
#3366=VERTEX_POINT('',#10326);
#3367=VERTEX_POINT('',#10328);
#3368=VERTEX_POINT('',#10330);
#3369=VERTEX_POINT('',#10334);
#3370=VERTEX_POINT('',#10335);
#3371=VERTEX_POINT('',#10340);
#3372=VERTEX_POINT('',#10344);
#3373=VERTEX_POINT('',#10345);
#3374=VERTEX_POINT('',#10350);
#3375=VERTEX_POINT('',#10354);
#3376=VERTEX_POINT('',#10358);
#3377=VERTEX_POINT('',#10359);
#3378=VERTEX_POINT('',#10361);
#3379=VERTEX_POINT('',#10363);
#3380=VERTEX_POINT('',#10367);
#3381=VERTEX_POINT('',#10370);
#3382=VERTEX_POINT('',#10374);
#3383=VERTEX_POINT('',#10379);
#3384=VERTEX_POINT('',#10383);
#3385=VERTEX_POINT('',#10390);
#3386=VERTEX_POINT('',#10405);
#3387=VERTEX_POINT('',#10406);
#3388=VERTEX_POINT('',#10408);
#3389=VERTEX_POINT('',#10410);
#3390=VERTEX_POINT('',#10414);
#3391=VERTEX_POINT('',#10416);
#3392=VERTEX_POINT('',#10420);
#3393=VERTEX_POINT('',#10422);
#3394=VERTEX_POINT('',#10424);
#3395=VERTEX_POINT('',#10426);
#3396=VERTEX_POINT('',#10428);
#3397=VERTEX_POINT('',#10430);
#3398=VERTEX_POINT('',#10432);
#3399=VERTEX_POINT('',#10434);
#3400=VERTEX_POINT('',#10436);
#3401=VERTEX_POINT('',#10440);
#3402=VERTEX_POINT('',#10441);
#3403=VERTEX_POINT('',#10446);
#3404=VERTEX_POINT('',#10450);
#3405=VERTEX_POINT('',#10451);
#3406=VERTEX_POINT('',#10456);
#3407=VERTEX_POINT('',#10460);
#3408=VERTEX_POINT('',#10464);
#3409=VERTEX_POINT('',#10465);
#3410=VERTEX_POINT('',#10467);
#3411=VERTEX_POINT('',#10469);
#3412=VERTEX_POINT('',#10473);
#3413=VERTEX_POINT('',#10476);
#3414=VERTEX_POINT('',#10480);
#3415=VERTEX_POINT('',#10485);
#3416=VERTEX_POINT('',#10489);
#3417=VERTEX_POINT('',#10496);
#3418=VERTEX_POINT('',#10511);
#3419=VERTEX_POINT('',#10512);
#3420=VERTEX_POINT('',#10514);
#3421=VERTEX_POINT('',#10516);
#3422=VERTEX_POINT('',#10520);
#3423=VERTEX_POINT('',#10522);
#3424=VERTEX_POINT('',#10526);
#3425=VERTEX_POINT('',#10528);
#3426=VERTEX_POINT('',#10530);
#3427=VERTEX_POINT('',#10532);
#3428=VERTEX_POINT('',#10534);
#3429=VERTEX_POINT('',#10536);
#3430=VERTEX_POINT('',#10538);
#3431=VERTEX_POINT('',#10540);
#3432=VERTEX_POINT('',#10542);
#3433=VERTEX_POINT('',#10546);
#3434=VERTEX_POINT('',#10547);
#3435=VERTEX_POINT('',#10552);
#3436=VERTEX_POINT('',#10556);
#3437=VERTEX_POINT('',#10557);
#3438=VERTEX_POINT('',#10562);
#3439=VERTEX_POINT('',#10566);
#3440=VERTEX_POINT('',#10570);
#3441=VERTEX_POINT('',#10571);
#3442=VERTEX_POINT('',#10573);
#3443=VERTEX_POINT('',#10575);
#3444=VERTEX_POINT('',#10579);
#3445=VERTEX_POINT('',#10582);
#3446=VERTEX_POINT('',#10586);
#3447=VERTEX_POINT('',#10591);
#3448=VERTEX_POINT('',#10595);
#3449=VERTEX_POINT('',#10602);
#3450=VERTEX_POINT('',#10617);
#3451=VERTEX_POINT('',#10618);
#3452=VERTEX_POINT('',#10620);
#3453=VERTEX_POINT('',#10622);
#3454=VERTEX_POINT('',#10626);
#3455=VERTEX_POINT('',#10628);
#3456=VERTEX_POINT('',#10632);
#3457=VERTEX_POINT('',#10634);
#3458=VERTEX_POINT('',#10636);
#3459=VERTEX_POINT('',#10638);
#3460=VERTEX_POINT('',#10640);
#3461=VERTEX_POINT('',#10642);
#3462=VERTEX_POINT('',#10644);
#3463=VERTEX_POINT('',#10646);
#3464=VERTEX_POINT('',#10648);
#3465=VERTEX_POINT('',#10652);
#3466=VERTEX_POINT('',#10653);
#3467=VERTEX_POINT('',#10658);
#3468=VERTEX_POINT('',#10662);
#3469=VERTEX_POINT('',#10663);
#3470=VERTEX_POINT('',#10668);
#3471=VERTEX_POINT('',#10672);
#3472=VERTEX_POINT('',#10676);
#3473=VERTEX_POINT('',#10677);
#3474=VERTEX_POINT('',#10679);
#3475=VERTEX_POINT('',#10681);
#3476=VERTEX_POINT('',#10685);
#3477=VERTEX_POINT('',#10688);
#3478=VERTEX_POINT('',#10692);
#3479=VERTEX_POINT('',#10697);
#3480=VERTEX_POINT('',#10701);
#3481=VERTEX_POINT('',#10708);
#3482=VERTEX_POINT('',#10723);
#3483=VERTEX_POINT('',#10724);
#3484=VERTEX_POINT('',#10726);
#3485=VERTEX_POINT('',#10728);
#3486=VERTEX_POINT('',#10732);
#3487=VERTEX_POINT('',#10734);
#3488=VERTEX_POINT('',#10738);
#3489=VERTEX_POINT('',#10740);
#3490=VERTEX_POINT('',#10742);
#3491=VERTEX_POINT('',#10744);
#3492=VERTEX_POINT('',#10746);
#3493=VERTEX_POINT('',#10748);
#3494=VERTEX_POINT('',#10750);
#3495=VERTEX_POINT('',#10752);
#3496=VERTEX_POINT('',#10754);
#3497=VERTEX_POINT('',#10758);
#3498=VERTEX_POINT('',#10759);
#3499=VERTEX_POINT('',#10764);
#3500=VERTEX_POINT('',#10768);
#3501=VERTEX_POINT('',#10769);
#3502=VERTEX_POINT('',#10774);
#3503=VERTEX_POINT('',#10778);
#3504=VERTEX_POINT('',#10782);
#3505=VERTEX_POINT('',#10783);
#3506=VERTEX_POINT('',#10785);
#3507=VERTEX_POINT('',#10787);
#3508=VERTEX_POINT('',#10791);
#3509=VERTEX_POINT('',#10794);
#3510=VERTEX_POINT('',#10798);
#3511=VERTEX_POINT('',#10803);
#3512=VERTEX_POINT('',#10807);
#3513=VERTEX_POINT('',#10814);
#3514=VERTEX_POINT('',#10829);
#3515=VERTEX_POINT('',#10830);
#3516=VERTEX_POINT('',#10832);
#3517=VERTEX_POINT('',#10834);
#3518=VERTEX_POINT('',#10838);
#3519=VERTEX_POINT('',#10840);
#3520=VERTEX_POINT('',#10844);
#3521=VERTEX_POINT('',#10846);
#3522=VERTEX_POINT('',#10848);
#3523=VERTEX_POINT('',#10850);
#3524=VERTEX_POINT('',#10852);
#3525=VERTEX_POINT('',#10854);
#3526=VERTEX_POINT('',#10856);
#3527=VERTEX_POINT('',#10858);
#3528=VERTEX_POINT('',#10860);
#3529=VERTEX_POINT('',#10864);
#3530=VERTEX_POINT('',#10865);
#3531=VERTEX_POINT('',#10870);
#3532=VERTEX_POINT('',#10874);
#3533=VERTEX_POINT('',#10875);
#3534=VERTEX_POINT('',#10880);
#3535=VERTEX_POINT('',#10884);
#3536=VERTEX_POINT('',#10888);
#3537=VERTEX_POINT('',#10889);
#3538=VERTEX_POINT('',#10891);
#3539=VERTEX_POINT('',#10893);
#3540=VERTEX_POINT('',#10897);
#3541=VERTEX_POINT('',#10900);
#3542=VERTEX_POINT('',#10904);
#3543=VERTEX_POINT('',#10909);
#3544=VERTEX_POINT('',#10913);
#3545=VERTEX_POINT('',#10920);
#3546=VERTEX_POINT('',#10935);
#3547=VERTEX_POINT('',#10936);
#3548=VERTEX_POINT('',#10938);
#3549=VERTEX_POINT('',#10940);
#3550=VERTEX_POINT('',#10944);
#3551=VERTEX_POINT('',#10946);
#3552=VERTEX_POINT('',#10950);
#3553=VERTEX_POINT('',#10952);
#3554=VERTEX_POINT('',#10954);
#3555=VERTEX_POINT('',#10956);
#3556=VERTEX_POINT('',#10958);
#3557=VERTEX_POINT('',#10960);
#3558=VERTEX_POINT('',#10962);
#3559=VERTEX_POINT('',#10964);
#3560=VERTEX_POINT('',#10966);
#3561=VERTEX_POINT('',#10970);
#3562=VERTEX_POINT('',#10971);
#3563=VERTEX_POINT('',#10976);
#3564=VERTEX_POINT('',#10980);
#3565=VERTEX_POINT('',#10981);
#3566=VERTEX_POINT('',#10986);
#3567=VERTEX_POINT('',#10990);
#3568=VERTEX_POINT('',#10994);
#3569=VERTEX_POINT('',#10995);
#3570=VERTEX_POINT('',#10997);
#3571=VERTEX_POINT('',#10999);
#3572=VERTEX_POINT('',#11003);
#3573=VERTEX_POINT('',#11006);
#3574=VERTEX_POINT('',#11010);
#3575=VERTEX_POINT('',#11015);
#3576=VERTEX_POINT('',#11019);
#3577=VERTEX_POINT('',#11026);
#3578=VERTEX_POINT('',#11042);
#3579=VERTEX_POINT('',#11043);
#3580=VERTEX_POINT('',#11045);
#3581=VERTEX_POINT('',#11047);
#3582=VERTEX_POINT('',#11051);
#3583=VERTEX_POINT('',#11053);
#3584=VERTEX_POINT('',#11057);
#3585=VERTEX_POINT('',#11059);
#3586=VERTEX_POINT('',#11061);
#3587=VERTEX_POINT('',#11063);
#3588=VERTEX_POINT('',#11065);
#3589=VERTEX_POINT('',#11067);
#3590=VERTEX_POINT('',#11069);
#3591=VERTEX_POINT('',#11071);
#3592=VERTEX_POINT('',#11073);
#3593=VERTEX_POINT('',#11077);
#3594=VERTEX_POINT('',#11078);
#3595=VERTEX_POINT('',#11083);
#3596=VERTEX_POINT('',#11087);
#3597=VERTEX_POINT('',#11088);
#3598=VERTEX_POINT('',#11093);
#3599=VERTEX_POINT('',#11097);
#3600=VERTEX_POINT('',#11101);
#3601=VERTEX_POINT('',#11102);
#3602=VERTEX_POINT('',#11104);
#3603=VERTEX_POINT('',#11106);
#3604=VERTEX_POINT('',#11110);
#3605=VERTEX_POINT('',#11112);
#3606=VERTEX_POINT('',#11117);
#3607=VERTEX_POINT('',#11122);
#3608=VERTEX_POINT('',#11126);
#3609=VERTEX_POINT('',#11133);
#3610=VERTEX_POINT('',#11148);
#3611=VERTEX_POINT('',#11149);
#3612=VERTEX_POINT('',#11151);
#3613=VERTEX_POINT('',#11153);
#3614=VERTEX_POINT('',#11157);
#3615=VERTEX_POINT('',#11159);
#3616=VERTEX_POINT('',#11163);
#3617=VERTEX_POINT('',#11165);
#3618=VERTEX_POINT('',#11167);
#3619=VERTEX_POINT('',#11169);
#3620=VERTEX_POINT('',#11171);
#3621=VERTEX_POINT('',#11173);
#3622=VERTEX_POINT('',#11175);
#3623=VERTEX_POINT('',#11177);
#3624=VERTEX_POINT('',#11179);
#3625=VERTEX_POINT('',#11183);
#3626=VERTEX_POINT('',#11184);
#3627=VERTEX_POINT('',#11189);
#3628=VERTEX_POINT('',#11193);
#3629=VERTEX_POINT('',#11194);
#3630=VERTEX_POINT('',#11199);
#3631=VERTEX_POINT('',#11203);
#3632=VERTEX_POINT('',#11207);
#3633=VERTEX_POINT('',#11208);
#3634=VERTEX_POINT('',#11210);
#3635=VERTEX_POINT('',#11212);
#3636=VERTEX_POINT('',#11216);
#3637=VERTEX_POINT('',#11218);
#3638=VERTEX_POINT('',#11223);
#3639=VERTEX_POINT('',#11228);
#3640=VERTEX_POINT('',#11232);
#3641=VERTEX_POINT('',#11239);
#3642=VERTEX_POINT('',#11254);
#3643=VERTEX_POINT('',#11255);
#3644=VERTEX_POINT('',#11257);
#3645=VERTEX_POINT('',#11259);
#3646=VERTEX_POINT('',#11263);
#3647=VERTEX_POINT('',#11265);
#3648=VERTEX_POINT('',#11269);
#3649=VERTEX_POINT('',#11271);
#3650=VERTEX_POINT('',#11273);
#3651=VERTEX_POINT('',#11275);
#3652=VERTEX_POINT('',#11277);
#3653=VERTEX_POINT('',#11279);
#3654=VERTEX_POINT('',#11281);
#3655=VERTEX_POINT('',#11283);
#3656=VERTEX_POINT('',#11285);
#3657=VERTEX_POINT('',#11289);
#3658=VERTEX_POINT('',#11290);
#3659=VERTEX_POINT('',#11295);
#3660=VERTEX_POINT('',#11299);
#3661=VERTEX_POINT('',#11300);
#3662=VERTEX_POINT('',#11305);
#3663=VERTEX_POINT('',#11309);
#3664=VERTEX_POINT('',#11313);
#3665=VERTEX_POINT('',#11314);
#3666=VERTEX_POINT('',#11316);
#3667=VERTEX_POINT('',#11318);
#3668=VERTEX_POINT('',#11322);
#3669=VERTEX_POINT('',#11324);
#3670=VERTEX_POINT('',#11329);
#3671=VERTEX_POINT('',#11334);
#3672=VERTEX_POINT('',#11338);
#3673=VERTEX_POINT('',#11345);
#3674=VERTEX_POINT('',#11360);
#3675=VERTEX_POINT('',#11361);
#3676=VERTEX_POINT('',#11363);
#3677=VERTEX_POINT('',#11365);
#3678=VERTEX_POINT('',#11369);
#3679=VERTEX_POINT('',#11371);
#3680=VERTEX_POINT('',#11375);
#3681=VERTEX_POINT('',#11377);
#3682=VERTEX_POINT('',#11379);
#3683=VERTEX_POINT('',#11381);
#3684=VERTEX_POINT('',#11383);
#3685=VERTEX_POINT('',#11385);
#3686=VERTEX_POINT('',#11387);
#3687=VERTEX_POINT('',#11389);
#3688=VERTEX_POINT('',#11391);
#3689=VERTEX_POINT('',#11395);
#3690=VERTEX_POINT('',#11396);
#3691=VERTEX_POINT('',#11401);
#3692=VERTEX_POINT('',#11405);
#3693=VERTEX_POINT('',#11406);
#3694=VERTEX_POINT('',#11411);
#3695=VERTEX_POINT('',#11415);
#3696=VERTEX_POINT('',#11419);
#3697=VERTEX_POINT('',#11420);
#3698=VERTEX_POINT('',#11422);
#3699=VERTEX_POINT('',#11424);
#3700=VERTEX_POINT('',#11428);
#3701=VERTEX_POINT('',#11430);
#3702=VERTEX_POINT('',#11435);
#3703=VERTEX_POINT('',#11440);
#3704=VERTEX_POINT('',#11444);
#3705=VERTEX_POINT('',#11451);
#3706=VERTEX_POINT('',#11466);
#3707=VERTEX_POINT('',#11467);
#3708=VERTEX_POINT('',#11469);
#3709=VERTEX_POINT('',#11471);
#3710=VERTEX_POINT('',#11475);
#3711=VERTEX_POINT('',#11477);
#3712=VERTEX_POINT('',#11481);
#3713=VERTEX_POINT('',#11483);
#3714=VERTEX_POINT('',#11485);
#3715=VERTEX_POINT('',#11487);
#3716=VERTEX_POINT('',#11489);
#3717=VERTEX_POINT('',#11491);
#3718=VERTEX_POINT('',#11493);
#3719=VERTEX_POINT('',#11495);
#3720=VERTEX_POINT('',#11497);
#3721=VERTEX_POINT('',#11501);
#3722=VERTEX_POINT('',#11502);
#3723=VERTEX_POINT('',#11507);
#3724=VERTEX_POINT('',#11511);
#3725=VERTEX_POINT('',#11512);
#3726=VERTEX_POINT('',#11517);
#3727=VERTEX_POINT('',#11521);
#3728=VERTEX_POINT('',#11525);
#3729=VERTEX_POINT('',#11526);
#3730=VERTEX_POINT('',#11528);
#3731=VERTEX_POINT('',#11530);
#3732=VERTEX_POINT('',#11534);
#3733=VERTEX_POINT('',#11536);
#3734=VERTEX_POINT('',#11541);
#3735=VERTEX_POINT('',#11546);
#3736=VERTEX_POINT('',#11550);
#3737=VERTEX_POINT('',#11557);
#3738=VERTEX_POINT('',#11572);
#3739=VERTEX_POINT('',#11573);
#3740=VERTEX_POINT('',#11575);
#3741=VERTEX_POINT('',#11577);
#3742=VERTEX_POINT('',#11581);
#3743=VERTEX_POINT('',#11583);
#3744=VERTEX_POINT('',#11587);
#3745=VERTEX_POINT('',#11589);
#3746=VERTEX_POINT('',#11591);
#3747=VERTEX_POINT('',#11593);
#3748=VERTEX_POINT('',#11595);
#3749=VERTEX_POINT('',#11597);
#3750=VERTEX_POINT('',#11599);
#3751=VERTEX_POINT('',#11601);
#3752=VERTEX_POINT('',#11603);
#3753=VERTEX_POINT('',#11607);
#3754=VERTEX_POINT('',#11608);
#3755=VERTEX_POINT('',#11613);
#3756=VERTEX_POINT('',#11617);
#3757=VERTEX_POINT('',#11618);
#3758=VERTEX_POINT('',#11623);
#3759=VERTEX_POINT('',#11627);
#3760=VERTEX_POINT('',#11631);
#3761=VERTEX_POINT('',#11632);
#3762=VERTEX_POINT('',#11634);
#3763=VERTEX_POINT('',#11636);
#3764=VERTEX_POINT('',#11640);
#3765=VERTEX_POINT('',#11642);
#3766=VERTEX_POINT('',#11647);
#3767=VERTEX_POINT('',#11652);
#3768=VERTEX_POINT('',#11656);
#3769=VERTEX_POINT('',#11663);
#3770=VERTEX_POINT('',#11678);
#3771=VERTEX_POINT('',#11679);
#3772=VERTEX_POINT('',#11681);
#3773=VERTEX_POINT('',#11683);
#3774=VERTEX_POINT('',#11687);
#3775=VERTEX_POINT('',#11689);
#3776=VERTEX_POINT('',#11693);
#3777=VERTEX_POINT('',#11695);
#3778=VERTEX_POINT('',#11697);
#3779=VERTEX_POINT('',#11699);
#3780=VERTEX_POINT('',#11701);
#3781=VERTEX_POINT('',#11703);
#3782=VERTEX_POINT('',#11705);
#3783=VERTEX_POINT('',#11707);
#3784=VERTEX_POINT('',#11709);
#3785=VERTEX_POINT('',#11713);
#3786=VERTEX_POINT('',#11714);
#3787=VERTEX_POINT('',#11719);
#3788=VERTEX_POINT('',#11723);
#3789=VERTEX_POINT('',#11724);
#3790=VERTEX_POINT('',#11729);
#3791=VERTEX_POINT('',#11733);
#3792=VERTEX_POINT('',#11737);
#3793=VERTEX_POINT('',#11738);
#3794=VERTEX_POINT('',#11740);
#3795=VERTEX_POINT('',#11742);
#3796=VERTEX_POINT('',#11746);
#3797=VERTEX_POINT('',#11748);
#3798=VERTEX_POINT('',#11753);
#3799=VERTEX_POINT('',#11758);
#3800=VERTEX_POINT('',#11762);
#3801=VERTEX_POINT('',#11769);
#3802=VERTEX_POINT('',#11784);
#3803=VERTEX_POINT('',#11785);
#3804=VERTEX_POINT('',#11787);
#3805=VERTEX_POINT('',#11789);
#3806=VERTEX_POINT('',#11793);
#3807=VERTEX_POINT('',#11795);
#3808=VERTEX_POINT('',#11799);
#3809=VERTEX_POINT('',#11801);
#3810=VERTEX_POINT('',#11803);
#3811=VERTEX_POINT('',#11805);
#3812=VERTEX_POINT('',#11807);
#3813=VERTEX_POINT('',#11809);
#3814=VERTEX_POINT('',#11811);
#3815=VERTEX_POINT('',#11813);
#3816=VERTEX_POINT('',#11815);
#3817=VERTEX_POINT('',#11819);
#3818=VERTEX_POINT('',#11820);
#3819=VERTEX_POINT('',#11825);
#3820=VERTEX_POINT('',#11829);
#3821=VERTEX_POINT('',#11830);
#3822=VERTEX_POINT('',#11835);
#3823=VERTEX_POINT('',#11839);
#3824=VERTEX_POINT('',#11843);
#3825=VERTEX_POINT('',#11844);
#3826=VERTEX_POINT('',#11846);
#3827=VERTEX_POINT('',#11848);
#3828=VERTEX_POINT('',#11852);
#3829=VERTEX_POINT('',#11854);
#3830=VERTEX_POINT('',#11859);
#3831=VERTEX_POINT('',#11864);
#3832=VERTEX_POINT('',#11868);
#3833=VERTEX_POINT('',#11875);
#3834=VERTEX_POINT('',#11890);
#3835=VERTEX_POINT('',#11891);
#3836=VERTEX_POINT('',#11893);
#3837=VERTEX_POINT('',#11895);
#3838=VERTEX_POINT('',#11899);
#3839=VERTEX_POINT('',#11901);
#3840=VERTEX_POINT('',#11905);
#3841=VERTEX_POINT('',#11907);
#3842=VERTEX_POINT('',#11909);
#3843=VERTEX_POINT('',#11911);
#3844=VERTEX_POINT('',#11913);
#3845=VERTEX_POINT('',#11915);
#3846=VERTEX_POINT('',#11917);
#3847=VERTEX_POINT('',#11919);
#3848=VERTEX_POINT('',#11921);
#3849=VERTEX_POINT('',#11925);
#3850=VERTEX_POINT('',#11926);
#3851=VERTEX_POINT('',#11931);
#3852=VERTEX_POINT('',#11935);
#3853=VERTEX_POINT('',#11936);
#3854=VERTEX_POINT('',#11941);
#3855=VERTEX_POINT('',#11945);
#3856=VERTEX_POINT('',#11949);
#3857=VERTEX_POINT('',#11950);
#3858=VERTEX_POINT('',#11952);
#3859=VERTEX_POINT('',#11954);
#3860=VERTEX_POINT('',#11958);
#3861=VERTEX_POINT('',#11960);
#3862=VERTEX_POINT('',#11965);
#3863=VERTEX_POINT('',#11970);
#3864=VERTEX_POINT('',#11974);
#3865=VERTEX_POINT('',#11981);
#3866=EDGE_CURVE('',#3240,#3241,#1402,.T.);
#3867=EDGE_CURVE('',#3241,#3242,#1386,.T.);
#3868=EDGE_CURVE('',#3242,#3243,#1387,.T.);
#3869=EDGE_CURVE('',#3243,#3244,#1403,.T.);
#3870=EDGE_CURVE('',#3245,#3244,#1388,.T.);
#3871=EDGE_CURVE('',#3245,#3240,#1389,.T.);
#3872=EDGE_CURVE('',#3242,#3246,#1404,.T.);
#3873=EDGE_CURVE('',#3246,#3247,#1390,.T.);
#3874=EDGE_CURVE('',#3247,#3243,#1405,.T.);
#3875=EDGE_CURVE('',#3244,#3248,#1406,.T.);
#3876=EDGE_CURVE('',#3248,#3249,#1391,.T.);
#3877=EDGE_CURVE('',#3249,#3245,#1407,.T.);
#3878=EDGE_CURVE('',#3250,#3251,#1408,.T.);
#3879=EDGE_CURVE('',#3251,#3249,#1392,.T.);
#3880=EDGE_CURVE('',#3248,#3247,#1409,.T.);
#3881=EDGE_CURVE('',#3246,#3250,#1393,.T.);
#3882=EDGE_CURVE('',#3251,#3252,#1410,.T.);
#3883=EDGE_CURVE('',#3253,#3252,#1411,.T.);
#3884=EDGE_CURVE('',#3240,#3253,#1412,.T.);
#3885=EDGE_CURVE('',#3250,#3254,#1413,.T.);
#3886=EDGE_CURVE('',#3252,#3254,#1414,.T.);
#3887=EDGE_CURVE('',#3254,#3255,#1415,.T.);
#3888=EDGE_CURVE('',#3255,#3253,#1416,.T.);
#3889=EDGE_CURVE('',#3241,#3255,#1417,.T.);
#3890=EDGE_CURVE('',#3256,#3257,#1418,.T.);
#3891=EDGE_CURVE('',#3258,#3256,#1419,.F.);
#3892=EDGE_CURVE('',#3259,#3258,#1420,.T.);
#3893=EDGE_CURVE('',#3257,#3259,#1421,.F.);
#3894=EDGE_CURVE('',#3260,#3261,#1422,.T.);
#3895=EDGE_CURVE('',#3261,#3262,#1423,.F.);
#3896=EDGE_CURVE('',#3262,#3263,#1424,.T.);
#3897=EDGE_CURVE('',#3263,#3260,#1425,.F.);
#3898=EDGE_CURVE('',#3260,#3256,#1426,.F.);
#3899=EDGE_CURVE('',#3261,#3257,#1427,.T.);
#3900=EDGE_CURVE('',#3262,#3259,#1428,.F.);
#3901=EDGE_CURVE('',#3263,#3258,#1429,.T.);
#3902=EDGE_CURVE('',#3264,#3265,#1430,.T.);
#3903=EDGE_CURVE('',#3265,#3266,#1394,.T.);
#3904=EDGE_CURVE('',#3266,#3267,#1431,.T.);
#3905=EDGE_CURVE('',#3267,#3264,#1395,.T.);
#3906=EDGE_CURVE('',#3265,#3268,#1432,.T.);
#3907=EDGE_CURVE('',#3268,#3269,#32,.T.);
#3908=EDGE_CURVE('',#3269,#3270,#1433,.T.);
#3909=EDGE_CURVE('',#3270,#3266,#1396,.T.);
#3910=EDGE_CURVE('',#3271,#3264,#1434,.T.);
#3911=EDGE_CURVE('',#3267,#3272,#1397,.T.);
#3912=EDGE_CURVE('',#3272,#3273,#1435,.T.);
#3913=EDGE_CURVE('',#3273,#3274,#1398,.T.);
#3914=EDGE_CURVE('',#3274,#3271,#1399,.T.);
#3915=EDGE_CURVE('',#3275,#3271,#1436,.T.);
#3916=EDGE_CURVE('',#3274,#3276,#1437,.T.);
#3917=EDGE_CURVE('',#3276,#3275,#1400,.T.);
#3918=EDGE_CURVE('',#3277,#3278,#1438,.T.);
#3919=EDGE_CURVE('',#3278,#3279,#33,.T.);
#3920=EDGE_CURVE('',#3279,#3275,#1439,.T.);
#3921=EDGE_CURVE('',#3276,#3277,#1401,.T.);
#3922=EDGE_CURVE('',#3280,#3268,#1440,.T.);
#3923=EDGE_CURVE('',#3280,#3281,#1441,.T.);
#3924=EDGE_CURVE('',#3281,#3282,#1442,.T.);
#3925=EDGE_CURVE('',#3269,#3282,#1443,.T.);
#3926=EDGE_CURVE('',#3279,#3283,#1444,.T.);
#3927=EDGE_CURVE('',#3283,#3280,#34,.T.);
#3928=EDGE_CURVE('',#3282,#3284,#1445,.T.);
#3929=EDGE_CURVE('',#3284,#3278,#1446,.T.);
#3930=EDGE_CURVE('',#3285,#3277,#1447,.T.);
#3931=EDGE_CURVE('',#3286,#3285,#1448,.T.);
#3932=EDGE_CURVE('',#3286,#3270,#1449,.T.);
#3933=EDGE_CURVE('',#3284,#3287,#1450,.T.);
#3934=EDGE_CURVE('',#3283,#3287,#1451,.T.);
#3935=EDGE_CURVE('',#3287,#3281,#35,.T.);
#3936=EDGE_CURVE('',#3285,#3288,#1452,.T.);
#3937=EDGE_CURVE('',#3288,#3289,#1453,.T.);
#3938=EDGE_CURVE('',#3289,#3286,#1454,.T.);
#3939=EDGE_CURVE('',#3288,#3273,#1455,.T.);
#3940=EDGE_CURVE('',#3289,#3272,#1456,.T.);
#3941=EDGE_CURVE('',#3290,#3291,#1457,.T.);
#3942=EDGE_CURVE('',#3291,#3292,#1458,.T.);
#3943=EDGE_CURVE('',#3292,#3293,#1459,.T.);
#3944=EDGE_CURVE('',#3293,#3290,#1460,.T.);
#3945=EDGE_CURVE('',#3294,#3293,#1461,.T.);
#3946=EDGE_CURVE('',#3294,#3295,#1462,.T.);
#3947=EDGE_CURVE('',#3290,#3295,#1463,.T.);
#3948=EDGE_CURVE('',#3292,#3296,#1464,.T.);
#3949=EDGE_CURVE('',#3297,#3296,#1465,.T.);
#3950=EDGE_CURVE('',#3297,#3298,#1466,.T.);
#3951=EDGE_CURVE('',#3299,#3298,#1467,.T.);
#3952=EDGE_CURVE('',#3299,#3300,#1468,.T.);
#3953=EDGE_CURVE('',#3300,#3301,#1469,.T.);
#3954=EDGE_CURVE('',#3302,#3301,#1470,.T.);
#3955=EDGE_CURVE('',#3302,#3303,#1471,.T.);
#3956=EDGE_CURVE('',#3304,#3303,#1472,.T.);
#3957=EDGE_CURVE('',#3304,#3294,#1473,.T.);
#3958=EDGE_CURVE('',#3305,#3306,#1474,.T.);
#3959=EDGE_CURVE('',#3306,#3299,#1475,.T.);
#3960=EDGE_CURVE('',#3298,#3305,#1476,.T.);
#3961=EDGE_CURVE('',#3307,#3297,#1477,.T.);
#3962=EDGE_CURVE('',#3305,#3307,#1478,.T.);
#3963=EDGE_CURVE('',#3308,#3309,#1479,.T.);
#3964=EDGE_CURVE('',#3309,#3302,#1480,.T.);
#3965=EDGE_CURVE('',#3301,#3308,#1481,.T.);
#3966=EDGE_CURVE('',#3310,#3309,#1482,.T.);
#3967=EDGE_CURVE('',#3303,#3310,#1483,.T.);
#3968=EDGE_CURVE('',#3310,#3311,#1484,.T.);
#3969=EDGE_CURVE('',#3311,#3304,#1485,.T.);
#3970=EDGE_CURVE('',#3312,#3313,#1486,.T.);
#3971=EDGE_CURVE('',#3313,#3314,#1487,.T.);
#3972=EDGE_CURVE('',#3314,#3315,#1488,.T.);
#3973=EDGE_CURVE('',#3315,#3312,#1489,.T.);
#3974=EDGE_CURVE('',#3316,#3312,#1490,.T.);
#3975=EDGE_CURVE('',#3296,#3316,#36,.T.);
#3976=EDGE_CURVE('',#3296,#3317,#1491,.T.);
#3977=EDGE_CURVE('',#3312,#3317,#37,.T.);
#3978=EDGE_CURVE('',#3318,#3316,#1492,.T.);
#3979=EDGE_CURVE('',#3318,#3297,#38,.T.);
#3980=EDGE_CURVE('',#3313,#3318,#1493,.T.);
#3981=EDGE_CURVE('',#3319,#3318,#1494,.T.);
#3982=EDGE_CURVE('',#3319,#3314,#1495,.T.);
#3983=EDGE_CURVE('',#3315,#3320,#1496,.T.);
#3984=EDGE_CURVE('',#3316,#3320,#1497,.T.);
#3985=EDGE_CURVE('',#3317,#3307,#1498,.T.);
#3986=EDGE_CURVE('',#3307,#3313,#39,.T.);
#3987=EDGE_CURVE('',#3321,#3300,#1499,.T.);
#3988=EDGE_CURVE('',#3308,#3321,#1500,.T.);
#3989=EDGE_CURVE('',#3295,#3311,#1501,.T.);
#3990=EDGE_CURVE('',#3320,#3319,#1502,.T.);
#3991=EDGE_CURVE('',#3321,#3306,#1503,.T.);
#3992=EDGE_CURVE('',#3317,#3291,#1504,.T.);
#3993=EDGE_CURVE('',#3322,#3323,#1505,.T.);
#3994=EDGE_CURVE('',#3323,#3324,#1506,.T.);
#3995=EDGE_CURVE('',#3324,#3325,#1507,.T.);
#3996=EDGE_CURVE('',#3325,#3322,#1508,.T.);
#3997=EDGE_CURVE('',#3326,#3325,#1509,.T.);
#3998=EDGE_CURVE('',#3326,#3327,#1510,.T.);
#3999=EDGE_CURVE('',#3322,#3327,#1511,.T.);
#4000=EDGE_CURVE('',#3324,#3328,#1512,.T.);
#4001=EDGE_CURVE('',#3329,#3328,#1513,.T.);
#4002=EDGE_CURVE('',#3329,#3330,#1514,.T.);
#4003=EDGE_CURVE('',#3331,#3330,#1515,.T.);
#4004=EDGE_CURVE('',#3331,#3332,#1516,.T.);
#4005=EDGE_CURVE('',#3332,#3333,#1517,.T.);
#4006=EDGE_CURVE('',#3334,#3333,#1518,.T.);
#4007=EDGE_CURVE('',#3334,#3335,#1519,.T.);
#4008=EDGE_CURVE('',#3336,#3335,#1520,.T.);
#4009=EDGE_CURVE('',#3336,#3326,#1521,.T.);
#4010=EDGE_CURVE('',#3337,#3338,#1522,.T.);
#4011=EDGE_CURVE('',#3338,#3331,#1523,.T.);
#4012=EDGE_CURVE('',#3330,#3337,#1524,.T.);
#4013=EDGE_CURVE('',#3339,#3329,#1525,.T.);
#4014=EDGE_CURVE('',#3337,#3339,#1526,.T.);
#4015=EDGE_CURVE('',#3340,#3341,#1527,.T.);
#4016=EDGE_CURVE('',#3341,#3334,#1528,.T.);
#4017=EDGE_CURVE('',#3333,#3340,#1529,.T.);
#4018=EDGE_CURVE('',#3342,#3341,#1530,.T.);
#4019=EDGE_CURVE('',#3335,#3342,#1531,.T.);
#4020=EDGE_CURVE('',#3342,#3343,#1532,.T.);
#4021=EDGE_CURVE('',#3343,#3336,#1533,.T.);
#4022=EDGE_CURVE('',#3344,#3345,#1534,.T.);
#4023=EDGE_CURVE('',#3345,#3346,#1535,.T.);
#4024=EDGE_CURVE('',#3346,#3347,#1536,.T.);
#4025=EDGE_CURVE('',#3347,#3344,#1537,.T.);
#4026=EDGE_CURVE('',#3348,#3344,#1538,.T.);
#4027=EDGE_CURVE('',#3328,#3348,#40,.T.);
#4028=EDGE_CURVE('',#3328,#3349,#1539,.T.);
#4029=EDGE_CURVE('',#3344,#3349,#41,.T.);
#4030=EDGE_CURVE('',#3350,#3348,#1540,.T.);
#4031=EDGE_CURVE('',#3350,#3329,#42,.T.);
#4032=EDGE_CURVE('',#3345,#3350,#1541,.T.);
#4033=EDGE_CURVE('',#3351,#3350,#1542,.T.);
#4034=EDGE_CURVE('',#3351,#3346,#1543,.T.);
#4035=EDGE_CURVE('',#3347,#3352,#1544,.T.);
#4036=EDGE_CURVE('',#3348,#3352,#1545,.T.);
#4037=EDGE_CURVE('',#3349,#3339,#1546,.T.);
#4038=EDGE_CURVE('',#3339,#3345,#43,.T.);
#4039=EDGE_CURVE('',#3353,#3332,#1547,.T.);
#4040=EDGE_CURVE('',#3340,#3353,#1548,.T.);
#4041=EDGE_CURVE('',#3327,#3343,#1549,.T.);
#4042=EDGE_CURVE('',#3352,#3351,#1550,.T.);
#4043=EDGE_CURVE('',#3353,#3338,#1551,.T.);
#4044=EDGE_CURVE('',#3349,#3323,#1552,.T.);
#4045=EDGE_CURVE('',#3354,#3355,#1553,.T.);
#4046=EDGE_CURVE('',#3355,#3356,#1554,.T.);
#4047=EDGE_CURVE('',#3356,#3357,#1555,.T.);
#4048=EDGE_CURVE('',#3357,#3354,#1556,.T.);
#4049=EDGE_CURVE('',#3358,#3357,#1557,.T.);
#4050=EDGE_CURVE('',#3358,#3359,#1558,.T.);
#4051=EDGE_CURVE('',#3354,#3359,#1559,.T.);
#4052=EDGE_CURVE('',#3356,#3360,#1560,.T.);
#4053=EDGE_CURVE('',#3361,#3360,#1561,.T.);
#4054=EDGE_CURVE('',#3361,#3362,#1562,.T.);
#4055=EDGE_CURVE('',#3363,#3362,#1563,.T.);
#4056=EDGE_CURVE('',#3363,#3364,#1564,.T.);
#4057=EDGE_CURVE('',#3364,#3365,#1565,.T.);
#4058=EDGE_CURVE('',#3366,#3365,#1566,.T.);
#4059=EDGE_CURVE('',#3366,#3367,#1567,.T.);
#4060=EDGE_CURVE('',#3368,#3367,#1568,.T.);
#4061=EDGE_CURVE('',#3368,#3358,#1569,.T.);
#4062=EDGE_CURVE('',#3369,#3370,#1570,.T.);
#4063=EDGE_CURVE('',#3370,#3363,#1571,.T.);
#4064=EDGE_CURVE('',#3362,#3369,#1572,.T.);
#4065=EDGE_CURVE('',#3371,#3361,#1573,.T.);
#4066=EDGE_CURVE('',#3369,#3371,#1574,.T.);
#4067=EDGE_CURVE('',#3372,#3373,#1575,.T.);
#4068=EDGE_CURVE('',#3373,#3366,#1576,.T.);
#4069=EDGE_CURVE('',#3365,#3372,#1577,.T.);
#4070=EDGE_CURVE('',#3374,#3373,#1578,.T.);
#4071=EDGE_CURVE('',#3367,#3374,#1579,.T.);
#4072=EDGE_CURVE('',#3374,#3375,#1580,.T.);
#4073=EDGE_CURVE('',#3375,#3368,#1581,.T.);
#4074=EDGE_CURVE('',#3376,#3377,#1582,.T.);
#4075=EDGE_CURVE('',#3377,#3378,#1583,.T.);
#4076=EDGE_CURVE('',#3378,#3379,#1584,.T.);
#4077=EDGE_CURVE('',#3379,#3376,#1585,.T.);
#4078=EDGE_CURVE('',#3380,#3376,#1586,.T.);
#4079=EDGE_CURVE('',#3360,#3380,#44,.T.);
#4080=EDGE_CURVE('',#3360,#3381,#1587,.T.);
#4081=EDGE_CURVE('',#3376,#3381,#45,.T.);
#4082=EDGE_CURVE('',#3382,#3380,#1588,.T.);
#4083=EDGE_CURVE('',#3382,#3361,#46,.T.);
#4084=EDGE_CURVE('',#3377,#3382,#1589,.T.);
#4085=EDGE_CURVE('',#3383,#3382,#1590,.T.);
#4086=EDGE_CURVE('',#3383,#3378,#1591,.T.);
#4087=EDGE_CURVE('',#3379,#3384,#1592,.T.);
#4088=EDGE_CURVE('',#3380,#3384,#1593,.T.);
#4089=EDGE_CURVE('',#3381,#3371,#1594,.T.);
#4090=EDGE_CURVE('',#3371,#3377,#47,.T.);
#4091=EDGE_CURVE('',#3385,#3364,#1595,.T.);
#4092=EDGE_CURVE('',#3372,#3385,#1596,.T.);
#4093=EDGE_CURVE('',#3359,#3375,#1597,.T.);
#4094=EDGE_CURVE('',#3384,#3383,#1598,.T.);
#4095=EDGE_CURVE('',#3385,#3370,#1599,.T.);
#4096=EDGE_CURVE('',#3381,#3355,#1600,.T.);
#4097=EDGE_CURVE('',#3386,#3387,#1601,.T.);
#4098=EDGE_CURVE('',#3387,#3388,#1602,.T.);
#4099=EDGE_CURVE('',#3388,#3389,#1603,.T.);
#4100=EDGE_CURVE('',#3389,#3386,#1604,.T.);
#4101=EDGE_CURVE('',#3390,#3389,#1605,.T.);
#4102=EDGE_CURVE('',#3390,#3391,#1606,.T.);
#4103=EDGE_CURVE('',#3386,#3391,#1607,.T.);
#4104=EDGE_CURVE('',#3388,#3392,#1608,.T.);
#4105=EDGE_CURVE('',#3393,#3392,#1609,.T.);
#4106=EDGE_CURVE('',#3393,#3394,#1610,.T.);
#4107=EDGE_CURVE('',#3395,#3394,#1611,.T.);
#4108=EDGE_CURVE('',#3395,#3396,#1612,.T.);
#4109=EDGE_CURVE('',#3396,#3397,#1613,.T.);
#4110=EDGE_CURVE('',#3398,#3397,#1614,.T.);
#4111=EDGE_CURVE('',#3398,#3399,#1615,.T.);
#4112=EDGE_CURVE('',#3400,#3399,#1616,.T.);
#4113=EDGE_CURVE('',#3400,#3390,#1617,.T.);
#4114=EDGE_CURVE('',#3401,#3402,#1618,.T.);
#4115=EDGE_CURVE('',#3402,#3395,#1619,.T.);
#4116=EDGE_CURVE('',#3394,#3401,#1620,.T.);
#4117=EDGE_CURVE('',#3403,#3393,#1621,.T.);
#4118=EDGE_CURVE('',#3401,#3403,#1622,.T.);
#4119=EDGE_CURVE('',#3404,#3405,#1623,.T.);
#4120=EDGE_CURVE('',#3405,#3398,#1624,.T.);
#4121=EDGE_CURVE('',#3397,#3404,#1625,.T.);
#4122=EDGE_CURVE('',#3406,#3405,#1626,.T.);
#4123=EDGE_CURVE('',#3399,#3406,#1627,.T.);
#4124=EDGE_CURVE('',#3406,#3407,#1628,.T.);
#4125=EDGE_CURVE('',#3407,#3400,#1629,.T.);
#4126=EDGE_CURVE('',#3408,#3409,#1630,.T.);
#4127=EDGE_CURVE('',#3409,#3410,#1631,.T.);
#4128=EDGE_CURVE('',#3410,#3411,#1632,.T.);
#4129=EDGE_CURVE('',#3411,#3408,#1633,.T.);
#4130=EDGE_CURVE('',#3412,#3408,#1634,.T.);
#4131=EDGE_CURVE('',#3392,#3412,#48,.T.);
#4132=EDGE_CURVE('',#3392,#3413,#1635,.T.);
#4133=EDGE_CURVE('',#3408,#3413,#49,.T.);
#4134=EDGE_CURVE('',#3414,#3412,#1636,.T.);
#4135=EDGE_CURVE('',#3414,#3393,#50,.T.);
#4136=EDGE_CURVE('',#3409,#3414,#1637,.T.);
#4137=EDGE_CURVE('',#3415,#3414,#1638,.T.);
#4138=EDGE_CURVE('',#3415,#3410,#1639,.T.);
#4139=EDGE_CURVE('',#3411,#3416,#1640,.T.);
#4140=EDGE_CURVE('',#3412,#3416,#1641,.T.);
#4141=EDGE_CURVE('',#3413,#3403,#1642,.T.);
#4142=EDGE_CURVE('',#3403,#3409,#51,.T.);
#4143=EDGE_CURVE('',#3417,#3396,#1643,.T.);
#4144=EDGE_CURVE('',#3404,#3417,#1644,.T.);
#4145=EDGE_CURVE('',#3391,#3407,#1645,.T.);
#4146=EDGE_CURVE('',#3416,#3415,#1646,.T.);
#4147=EDGE_CURVE('',#3417,#3402,#1647,.T.);
#4148=EDGE_CURVE('',#3413,#3387,#1648,.T.);
#4149=EDGE_CURVE('',#3418,#3419,#1649,.T.);
#4150=EDGE_CURVE('',#3419,#3420,#1650,.T.);
#4151=EDGE_CURVE('',#3420,#3421,#1651,.T.);
#4152=EDGE_CURVE('',#3421,#3418,#1652,.T.);
#4153=EDGE_CURVE('',#3422,#3421,#1653,.T.);
#4154=EDGE_CURVE('',#3422,#3423,#1654,.T.);
#4155=EDGE_CURVE('',#3418,#3423,#1655,.T.);
#4156=EDGE_CURVE('',#3420,#3424,#1656,.T.);
#4157=EDGE_CURVE('',#3425,#3424,#1657,.T.);
#4158=EDGE_CURVE('',#3425,#3426,#1658,.T.);
#4159=EDGE_CURVE('',#3427,#3426,#1659,.T.);
#4160=EDGE_CURVE('',#3427,#3428,#1660,.T.);
#4161=EDGE_CURVE('',#3428,#3429,#1661,.T.);
#4162=EDGE_CURVE('',#3430,#3429,#1662,.T.);
#4163=EDGE_CURVE('',#3430,#3431,#1663,.T.);
#4164=EDGE_CURVE('',#3432,#3431,#1664,.T.);
#4165=EDGE_CURVE('',#3432,#3422,#1665,.T.);
#4166=EDGE_CURVE('',#3433,#3434,#1666,.T.);
#4167=EDGE_CURVE('',#3434,#3427,#1667,.T.);
#4168=EDGE_CURVE('',#3426,#3433,#1668,.T.);
#4169=EDGE_CURVE('',#3435,#3425,#1669,.T.);
#4170=EDGE_CURVE('',#3433,#3435,#1670,.T.);
#4171=EDGE_CURVE('',#3436,#3437,#1671,.T.);
#4172=EDGE_CURVE('',#3437,#3430,#1672,.T.);
#4173=EDGE_CURVE('',#3429,#3436,#1673,.T.);
#4174=EDGE_CURVE('',#3438,#3437,#1674,.T.);
#4175=EDGE_CURVE('',#3431,#3438,#1675,.T.);
#4176=EDGE_CURVE('',#3438,#3439,#1676,.T.);
#4177=EDGE_CURVE('',#3439,#3432,#1677,.T.);
#4178=EDGE_CURVE('',#3440,#3441,#1678,.T.);
#4179=EDGE_CURVE('',#3441,#3442,#1679,.T.);
#4180=EDGE_CURVE('',#3442,#3443,#1680,.T.);
#4181=EDGE_CURVE('',#3443,#3440,#1681,.T.);
#4182=EDGE_CURVE('',#3444,#3440,#1682,.T.);
#4183=EDGE_CURVE('',#3424,#3444,#52,.T.);
#4184=EDGE_CURVE('',#3424,#3445,#1683,.T.);
#4185=EDGE_CURVE('',#3440,#3445,#53,.T.);
#4186=EDGE_CURVE('',#3446,#3444,#1684,.T.);
#4187=EDGE_CURVE('',#3446,#3425,#54,.T.);
#4188=EDGE_CURVE('',#3441,#3446,#1685,.T.);
#4189=EDGE_CURVE('',#3447,#3446,#1686,.T.);
#4190=EDGE_CURVE('',#3447,#3442,#1687,.T.);
#4191=EDGE_CURVE('',#3443,#3448,#1688,.T.);
#4192=EDGE_CURVE('',#3444,#3448,#1689,.T.);
#4193=EDGE_CURVE('',#3445,#3435,#1690,.T.);
#4194=EDGE_CURVE('',#3435,#3441,#55,.T.);
#4195=EDGE_CURVE('',#3449,#3428,#1691,.T.);
#4196=EDGE_CURVE('',#3436,#3449,#1692,.T.);
#4197=EDGE_CURVE('',#3423,#3439,#1693,.T.);
#4198=EDGE_CURVE('',#3448,#3447,#1694,.T.);
#4199=EDGE_CURVE('',#3449,#3434,#1695,.T.);
#4200=EDGE_CURVE('',#3445,#3419,#1696,.T.);
#4201=EDGE_CURVE('',#3450,#3451,#1697,.T.);
#4202=EDGE_CURVE('',#3451,#3452,#1698,.T.);
#4203=EDGE_CURVE('',#3452,#3453,#1699,.T.);
#4204=EDGE_CURVE('',#3453,#3450,#1700,.T.);
#4205=EDGE_CURVE('',#3454,#3453,#1701,.T.);
#4206=EDGE_CURVE('',#3454,#3455,#1702,.T.);
#4207=EDGE_CURVE('',#3450,#3455,#1703,.T.);
#4208=EDGE_CURVE('',#3452,#3456,#1704,.T.);
#4209=EDGE_CURVE('',#3457,#3456,#1705,.T.);
#4210=EDGE_CURVE('',#3457,#3458,#1706,.T.);
#4211=EDGE_CURVE('',#3459,#3458,#1707,.T.);
#4212=EDGE_CURVE('',#3459,#3460,#1708,.T.);
#4213=EDGE_CURVE('',#3460,#3461,#1709,.T.);
#4214=EDGE_CURVE('',#3462,#3461,#1710,.T.);
#4215=EDGE_CURVE('',#3462,#3463,#1711,.T.);
#4216=EDGE_CURVE('',#3464,#3463,#1712,.T.);
#4217=EDGE_CURVE('',#3464,#3454,#1713,.T.);
#4218=EDGE_CURVE('',#3465,#3466,#1714,.T.);
#4219=EDGE_CURVE('',#3466,#3459,#1715,.T.);
#4220=EDGE_CURVE('',#3458,#3465,#1716,.T.);
#4221=EDGE_CURVE('',#3467,#3457,#1717,.T.);
#4222=EDGE_CURVE('',#3465,#3467,#1718,.T.);
#4223=EDGE_CURVE('',#3468,#3469,#1719,.T.);
#4224=EDGE_CURVE('',#3469,#3462,#1720,.T.);
#4225=EDGE_CURVE('',#3461,#3468,#1721,.T.);
#4226=EDGE_CURVE('',#3470,#3469,#1722,.T.);
#4227=EDGE_CURVE('',#3463,#3470,#1723,.T.);
#4228=EDGE_CURVE('',#3470,#3471,#1724,.T.);
#4229=EDGE_CURVE('',#3471,#3464,#1725,.T.);
#4230=EDGE_CURVE('',#3472,#3473,#1726,.T.);
#4231=EDGE_CURVE('',#3473,#3474,#1727,.T.);
#4232=EDGE_CURVE('',#3474,#3475,#1728,.T.);
#4233=EDGE_CURVE('',#3475,#3472,#1729,.T.);
#4234=EDGE_CURVE('',#3476,#3472,#1730,.T.);
#4235=EDGE_CURVE('',#3456,#3476,#56,.T.);
#4236=EDGE_CURVE('',#3456,#3477,#1731,.T.);
#4237=EDGE_CURVE('',#3472,#3477,#57,.T.);
#4238=EDGE_CURVE('',#3478,#3476,#1732,.T.);
#4239=EDGE_CURVE('',#3478,#3457,#58,.T.);
#4240=EDGE_CURVE('',#3473,#3478,#1733,.T.);
#4241=EDGE_CURVE('',#3479,#3478,#1734,.T.);
#4242=EDGE_CURVE('',#3479,#3474,#1735,.T.);
#4243=EDGE_CURVE('',#3475,#3480,#1736,.T.);
#4244=EDGE_CURVE('',#3476,#3480,#1737,.T.);
#4245=EDGE_CURVE('',#3477,#3467,#1738,.T.);
#4246=EDGE_CURVE('',#3467,#3473,#59,.T.);
#4247=EDGE_CURVE('',#3481,#3460,#1739,.T.);
#4248=EDGE_CURVE('',#3468,#3481,#1740,.T.);
#4249=EDGE_CURVE('',#3455,#3471,#1741,.T.);
#4250=EDGE_CURVE('',#3480,#3479,#1742,.T.);
#4251=EDGE_CURVE('',#3481,#3466,#1743,.T.);
#4252=EDGE_CURVE('',#3477,#3451,#1744,.T.);
#4253=EDGE_CURVE('',#3482,#3483,#1745,.T.);
#4254=EDGE_CURVE('',#3483,#3484,#1746,.T.);
#4255=EDGE_CURVE('',#3484,#3485,#1747,.T.);
#4256=EDGE_CURVE('',#3485,#3482,#1748,.T.);
#4257=EDGE_CURVE('',#3486,#3485,#1749,.T.);
#4258=EDGE_CURVE('',#3486,#3487,#1750,.T.);
#4259=EDGE_CURVE('',#3482,#3487,#1751,.T.);
#4260=EDGE_CURVE('',#3484,#3488,#1752,.T.);
#4261=EDGE_CURVE('',#3489,#3488,#1753,.T.);
#4262=EDGE_CURVE('',#3489,#3490,#1754,.T.);
#4263=EDGE_CURVE('',#3491,#3490,#1755,.T.);
#4264=EDGE_CURVE('',#3491,#3492,#1756,.T.);
#4265=EDGE_CURVE('',#3492,#3493,#1757,.T.);
#4266=EDGE_CURVE('',#3494,#3493,#1758,.T.);
#4267=EDGE_CURVE('',#3494,#3495,#1759,.T.);
#4268=EDGE_CURVE('',#3496,#3495,#1760,.T.);
#4269=EDGE_CURVE('',#3496,#3486,#1761,.T.);
#4270=EDGE_CURVE('',#3497,#3498,#1762,.T.);
#4271=EDGE_CURVE('',#3498,#3491,#1763,.T.);
#4272=EDGE_CURVE('',#3490,#3497,#1764,.T.);
#4273=EDGE_CURVE('',#3499,#3489,#1765,.T.);
#4274=EDGE_CURVE('',#3497,#3499,#1766,.T.);
#4275=EDGE_CURVE('',#3500,#3501,#1767,.T.);
#4276=EDGE_CURVE('',#3501,#3494,#1768,.T.);
#4277=EDGE_CURVE('',#3493,#3500,#1769,.T.);
#4278=EDGE_CURVE('',#3502,#3501,#1770,.T.);
#4279=EDGE_CURVE('',#3495,#3502,#1771,.T.);
#4280=EDGE_CURVE('',#3502,#3503,#1772,.T.);
#4281=EDGE_CURVE('',#3503,#3496,#1773,.T.);
#4282=EDGE_CURVE('',#3504,#3505,#1774,.T.);
#4283=EDGE_CURVE('',#3505,#3506,#1775,.T.);
#4284=EDGE_CURVE('',#3506,#3507,#1776,.T.);
#4285=EDGE_CURVE('',#3507,#3504,#1777,.T.);
#4286=EDGE_CURVE('',#3508,#3504,#1778,.T.);
#4287=EDGE_CURVE('',#3488,#3508,#60,.T.);
#4288=EDGE_CURVE('',#3488,#3509,#1779,.T.);
#4289=EDGE_CURVE('',#3504,#3509,#61,.T.);
#4290=EDGE_CURVE('',#3510,#3508,#1780,.T.);
#4291=EDGE_CURVE('',#3510,#3489,#62,.T.);
#4292=EDGE_CURVE('',#3505,#3510,#1781,.T.);
#4293=EDGE_CURVE('',#3511,#3510,#1782,.T.);
#4294=EDGE_CURVE('',#3511,#3506,#1783,.T.);
#4295=EDGE_CURVE('',#3507,#3512,#1784,.T.);
#4296=EDGE_CURVE('',#3508,#3512,#1785,.T.);
#4297=EDGE_CURVE('',#3509,#3499,#1786,.T.);
#4298=EDGE_CURVE('',#3499,#3505,#63,.T.);
#4299=EDGE_CURVE('',#3513,#3492,#1787,.T.);
#4300=EDGE_CURVE('',#3500,#3513,#1788,.T.);
#4301=EDGE_CURVE('',#3487,#3503,#1789,.T.);
#4302=EDGE_CURVE('',#3512,#3511,#1790,.T.);
#4303=EDGE_CURVE('',#3513,#3498,#1791,.T.);
#4304=EDGE_CURVE('',#3509,#3483,#1792,.T.);
#4305=EDGE_CURVE('',#3514,#3515,#1793,.T.);
#4306=EDGE_CURVE('',#3515,#3516,#1794,.T.);
#4307=EDGE_CURVE('',#3516,#3517,#1795,.T.);
#4308=EDGE_CURVE('',#3517,#3514,#1796,.T.);
#4309=EDGE_CURVE('',#3518,#3517,#1797,.T.);
#4310=EDGE_CURVE('',#3518,#3519,#1798,.T.);
#4311=EDGE_CURVE('',#3514,#3519,#1799,.T.);
#4312=EDGE_CURVE('',#3516,#3520,#1800,.T.);
#4313=EDGE_CURVE('',#3521,#3520,#1801,.T.);
#4314=EDGE_CURVE('',#3521,#3522,#1802,.T.);
#4315=EDGE_CURVE('',#3523,#3522,#1803,.T.);
#4316=EDGE_CURVE('',#3523,#3524,#1804,.T.);
#4317=EDGE_CURVE('',#3524,#3525,#1805,.T.);
#4318=EDGE_CURVE('',#3526,#3525,#1806,.T.);
#4319=EDGE_CURVE('',#3526,#3527,#1807,.T.);
#4320=EDGE_CURVE('',#3528,#3527,#1808,.T.);
#4321=EDGE_CURVE('',#3528,#3518,#1809,.T.);
#4322=EDGE_CURVE('',#3529,#3530,#1810,.T.);
#4323=EDGE_CURVE('',#3530,#3523,#1811,.T.);
#4324=EDGE_CURVE('',#3522,#3529,#1812,.T.);
#4325=EDGE_CURVE('',#3531,#3521,#1813,.T.);
#4326=EDGE_CURVE('',#3529,#3531,#1814,.T.);
#4327=EDGE_CURVE('',#3532,#3533,#1815,.T.);
#4328=EDGE_CURVE('',#3533,#3526,#1816,.T.);
#4329=EDGE_CURVE('',#3525,#3532,#1817,.T.);
#4330=EDGE_CURVE('',#3534,#3533,#1818,.T.);
#4331=EDGE_CURVE('',#3527,#3534,#1819,.T.);
#4332=EDGE_CURVE('',#3534,#3535,#1820,.T.);
#4333=EDGE_CURVE('',#3535,#3528,#1821,.T.);
#4334=EDGE_CURVE('',#3536,#3537,#1822,.T.);
#4335=EDGE_CURVE('',#3537,#3538,#1823,.T.);
#4336=EDGE_CURVE('',#3538,#3539,#1824,.T.);
#4337=EDGE_CURVE('',#3539,#3536,#1825,.T.);
#4338=EDGE_CURVE('',#3540,#3536,#1826,.T.);
#4339=EDGE_CURVE('',#3520,#3540,#64,.T.);
#4340=EDGE_CURVE('',#3520,#3541,#1827,.T.);
#4341=EDGE_CURVE('',#3536,#3541,#65,.T.);
#4342=EDGE_CURVE('',#3542,#3540,#1828,.T.);
#4343=EDGE_CURVE('',#3542,#3521,#66,.T.);
#4344=EDGE_CURVE('',#3537,#3542,#1829,.T.);
#4345=EDGE_CURVE('',#3543,#3542,#1830,.T.);
#4346=EDGE_CURVE('',#3543,#3538,#1831,.T.);
#4347=EDGE_CURVE('',#3539,#3544,#1832,.T.);
#4348=EDGE_CURVE('',#3540,#3544,#1833,.T.);
#4349=EDGE_CURVE('',#3541,#3531,#1834,.T.);
#4350=EDGE_CURVE('',#3531,#3537,#67,.T.);
#4351=EDGE_CURVE('',#3545,#3524,#1835,.T.);
#4352=EDGE_CURVE('',#3532,#3545,#1836,.T.);
#4353=EDGE_CURVE('',#3519,#3535,#1837,.T.);
#4354=EDGE_CURVE('',#3544,#3543,#1838,.T.);
#4355=EDGE_CURVE('',#3545,#3530,#1839,.T.);
#4356=EDGE_CURVE('',#3541,#3515,#1840,.T.);
#4357=EDGE_CURVE('',#3546,#3547,#1841,.T.);
#4358=EDGE_CURVE('',#3547,#3548,#1842,.T.);
#4359=EDGE_CURVE('',#3548,#3549,#1843,.T.);
#4360=EDGE_CURVE('',#3549,#3546,#1844,.T.);
#4361=EDGE_CURVE('',#3550,#3549,#1845,.T.);
#4362=EDGE_CURVE('',#3550,#3551,#1846,.T.);
#4363=EDGE_CURVE('',#3546,#3551,#1847,.T.);
#4364=EDGE_CURVE('',#3548,#3552,#1848,.T.);
#4365=EDGE_CURVE('',#3553,#3552,#1849,.T.);
#4366=EDGE_CURVE('',#3553,#3554,#1850,.T.);
#4367=EDGE_CURVE('',#3555,#3554,#1851,.T.);
#4368=EDGE_CURVE('',#3555,#3556,#1852,.T.);
#4369=EDGE_CURVE('',#3556,#3557,#1853,.T.);
#4370=EDGE_CURVE('',#3558,#3557,#1854,.T.);
#4371=EDGE_CURVE('',#3558,#3559,#1855,.T.);
#4372=EDGE_CURVE('',#3560,#3559,#1856,.T.);
#4373=EDGE_CURVE('',#3560,#3550,#1857,.T.);
#4374=EDGE_CURVE('',#3561,#3562,#1858,.T.);
#4375=EDGE_CURVE('',#3562,#3555,#1859,.T.);
#4376=EDGE_CURVE('',#3554,#3561,#1860,.T.);
#4377=EDGE_CURVE('',#3563,#3553,#1861,.T.);
#4378=EDGE_CURVE('',#3561,#3563,#1862,.T.);
#4379=EDGE_CURVE('',#3564,#3565,#1863,.T.);
#4380=EDGE_CURVE('',#3565,#3558,#1864,.T.);
#4381=EDGE_CURVE('',#3557,#3564,#1865,.T.);
#4382=EDGE_CURVE('',#3566,#3565,#1866,.T.);
#4383=EDGE_CURVE('',#3559,#3566,#1867,.T.);
#4384=EDGE_CURVE('',#3566,#3567,#1868,.T.);
#4385=EDGE_CURVE('',#3567,#3560,#1869,.T.);
#4386=EDGE_CURVE('',#3568,#3569,#1870,.T.);
#4387=EDGE_CURVE('',#3569,#3570,#1871,.T.);
#4388=EDGE_CURVE('',#3570,#3571,#1872,.T.);
#4389=EDGE_CURVE('',#3571,#3568,#1873,.T.);
#4390=EDGE_CURVE('',#3572,#3568,#1874,.T.);
#4391=EDGE_CURVE('',#3552,#3572,#68,.T.);
#4392=EDGE_CURVE('',#3552,#3573,#1875,.T.);
#4393=EDGE_CURVE('',#3568,#3573,#69,.T.);
#4394=EDGE_CURVE('',#3574,#3572,#1876,.T.);
#4395=EDGE_CURVE('',#3574,#3553,#70,.T.);
#4396=EDGE_CURVE('',#3569,#3574,#1877,.T.);
#4397=EDGE_CURVE('',#3575,#3574,#1878,.T.);
#4398=EDGE_CURVE('',#3575,#3570,#1879,.T.);
#4399=EDGE_CURVE('',#3571,#3576,#1880,.T.);
#4400=EDGE_CURVE('',#3572,#3576,#1881,.T.);
#4401=EDGE_CURVE('',#3573,#3563,#1882,.T.);
#4402=EDGE_CURVE('',#3563,#3569,#71,.T.);
#4403=EDGE_CURVE('',#3577,#3556,#1883,.T.);
#4404=EDGE_CURVE('',#3564,#3577,#1884,.T.);
#4405=EDGE_CURVE('',#3551,#3567,#1885,.T.);
#4406=EDGE_CURVE('',#3576,#3575,#1886,.T.);
#4407=EDGE_CURVE('',#3577,#3562,#1887,.T.);
#4408=EDGE_CURVE('',#3573,#3547,#1888,.T.);
#4409=EDGE_CURVE('',#3578,#3579,#1889,.T.);
#4410=EDGE_CURVE('',#3580,#3578,#1890,.T.);
#4411=EDGE_CURVE('',#3581,#3580,#1891,.T.);
#4412=EDGE_CURVE('',#3579,#3581,#1892,.T.);
#4413=EDGE_CURVE('',#3578,#3582,#1893,.T.);
#4414=EDGE_CURVE('',#3583,#3582,#1894,.T.);
#4415=EDGE_CURVE('',#3583,#3580,#1895,.T.);
#4416=EDGE_CURVE('',#3584,#3583,#1896,.T.);
#4417=EDGE_CURVE('',#3584,#3585,#1897,.T.);
#4418=EDGE_CURVE('',#3586,#3585,#1898,.T.);
#4419=EDGE_CURVE('',#3586,#3587,#1899,.T.);
#4420=EDGE_CURVE('',#3588,#3587,#1900,.T.);
#4421=EDGE_CURVE('',#3589,#3588,#1901,.T.);
#4422=EDGE_CURVE('',#3589,#3590,#1902,.T.);
#4423=EDGE_CURVE('',#3591,#3590,#1903,.T.);
#4424=EDGE_CURVE('',#3591,#3592,#1904,.T.);
#4425=EDGE_CURVE('',#3581,#3592,#1905,.T.);
#4426=EDGE_CURVE('',#3593,#3594,#1906,.T.);
#4427=EDGE_CURVE('',#3590,#3593,#1907,.T.);
#4428=EDGE_CURVE('',#3594,#3589,#1908,.T.);
#4429=EDGE_CURVE('',#3593,#3595,#1909,.T.);
#4430=EDGE_CURVE('',#3595,#3591,#1910,.T.);
#4431=EDGE_CURVE('',#3596,#3597,#1911,.T.);
#4432=EDGE_CURVE('',#3587,#3596,#1912,.T.);
#4433=EDGE_CURVE('',#3597,#3586,#1913,.T.);
#4434=EDGE_CURVE('',#3585,#3598,#1914,.T.);
#4435=EDGE_CURVE('',#3598,#3597,#1915,.T.);
#4436=EDGE_CURVE('',#3598,#3599,#1916,.T.);
#4437=EDGE_CURVE('',#3599,#3584,#1917,.T.);
#4438=EDGE_CURVE('',#3600,#3601,#1918,.T.);
#4439=EDGE_CURVE('',#3602,#3600,#1919,.T.);
#4440=EDGE_CURVE('',#3603,#3602,#1920,.T.);
#4441=EDGE_CURVE('',#3601,#3603,#1921,.T.);
#4442=EDGE_CURVE('',#3604,#3600,#1922,.T.);
#4443=EDGE_CURVE('',#3600,#3605,#72,.T.);
#4444=EDGE_CURVE('',#3592,#3605,#1923,.T.);
#4445=EDGE_CURVE('',#3592,#3604,#73,.T.);
#4446=EDGE_CURVE('',#3606,#3604,#1924,.T.);
#4447=EDGE_CURVE('',#3606,#3591,#74,.T.);
#4448=EDGE_CURVE('',#3601,#3606,#1925,.T.);
#4449=EDGE_CURVE('',#3607,#3603,#1926,.T.);
#4450=EDGE_CURVE('',#3607,#3606,#1927,.T.);
#4451=EDGE_CURVE('',#3604,#3608,#1928,.T.);
#4452=EDGE_CURVE('',#3602,#3608,#1929,.T.);
#4453=EDGE_CURVE('',#3595,#3601,#75,.T.);
#4454=EDGE_CURVE('',#3605,#3595,#1930,.T.);
#4455=EDGE_CURVE('',#3596,#3609,#1931,.T.);
#4456=EDGE_CURVE('',#3609,#3588,#1932,.T.);
#4457=EDGE_CURVE('',#3582,#3599,#1933,.T.);
#4458=EDGE_CURVE('',#3608,#3607,#1934,.T.);
#4459=EDGE_CURVE('',#3609,#3594,#1935,.T.);
#4460=EDGE_CURVE('',#3605,#3579,#1936,.T.);
#4461=EDGE_CURVE('',#3610,#3611,#1937,.T.);
#4462=EDGE_CURVE('',#3612,#3610,#1938,.T.);
#4463=EDGE_CURVE('',#3613,#3612,#1939,.T.);
#4464=EDGE_CURVE('',#3611,#3613,#1940,.T.);
#4465=EDGE_CURVE('',#3610,#3614,#1941,.T.);
#4466=EDGE_CURVE('',#3615,#3614,#1942,.T.);
#4467=EDGE_CURVE('',#3615,#3612,#1943,.T.);
#4468=EDGE_CURVE('',#3616,#3615,#1944,.T.);
#4469=EDGE_CURVE('',#3616,#3617,#1945,.T.);
#4470=EDGE_CURVE('',#3618,#3617,#1946,.T.);
#4471=EDGE_CURVE('',#3618,#3619,#1947,.T.);
#4472=EDGE_CURVE('',#3620,#3619,#1948,.T.);
#4473=EDGE_CURVE('',#3621,#3620,#1949,.T.);
#4474=EDGE_CURVE('',#3621,#3622,#1950,.T.);
#4475=EDGE_CURVE('',#3623,#3622,#1951,.T.);
#4476=EDGE_CURVE('',#3623,#3624,#1952,.T.);
#4477=EDGE_CURVE('',#3613,#3624,#1953,.T.);
#4478=EDGE_CURVE('',#3625,#3626,#1954,.T.);
#4479=EDGE_CURVE('',#3622,#3625,#1955,.T.);
#4480=EDGE_CURVE('',#3626,#3621,#1956,.T.);
#4481=EDGE_CURVE('',#3625,#3627,#1957,.T.);
#4482=EDGE_CURVE('',#3627,#3623,#1958,.T.);
#4483=EDGE_CURVE('',#3628,#3629,#1959,.T.);
#4484=EDGE_CURVE('',#3619,#3628,#1960,.T.);
#4485=EDGE_CURVE('',#3629,#3618,#1961,.T.);
#4486=EDGE_CURVE('',#3617,#3630,#1962,.T.);
#4487=EDGE_CURVE('',#3630,#3629,#1963,.T.);
#4488=EDGE_CURVE('',#3630,#3631,#1964,.T.);
#4489=EDGE_CURVE('',#3631,#3616,#1965,.T.);
#4490=EDGE_CURVE('',#3632,#3633,#1966,.T.);
#4491=EDGE_CURVE('',#3634,#3632,#1967,.T.);
#4492=EDGE_CURVE('',#3635,#3634,#1968,.T.);
#4493=EDGE_CURVE('',#3633,#3635,#1969,.T.);
#4494=EDGE_CURVE('',#3636,#3632,#1970,.T.);
#4495=EDGE_CURVE('',#3632,#3637,#76,.T.);
#4496=EDGE_CURVE('',#3624,#3637,#1971,.T.);
#4497=EDGE_CURVE('',#3624,#3636,#77,.T.);
#4498=EDGE_CURVE('',#3638,#3636,#1972,.T.);
#4499=EDGE_CURVE('',#3638,#3623,#78,.T.);
#4500=EDGE_CURVE('',#3633,#3638,#1973,.T.);
#4501=EDGE_CURVE('',#3639,#3635,#1974,.T.);
#4502=EDGE_CURVE('',#3639,#3638,#1975,.T.);
#4503=EDGE_CURVE('',#3636,#3640,#1976,.T.);
#4504=EDGE_CURVE('',#3634,#3640,#1977,.T.);
#4505=EDGE_CURVE('',#3627,#3633,#79,.T.);
#4506=EDGE_CURVE('',#3637,#3627,#1978,.T.);
#4507=EDGE_CURVE('',#3628,#3641,#1979,.T.);
#4508=EDGE_CURVE('',#3641,#3620,#1980,.T.);
#4509=EDGE_CURVE('',#3614,#3631,#1981,.T.);
#4510=EDGE_CURVE('',#3640,#3639,#1982,.T.);
#4511=EDGE_CURVE('',#3641,#3626,#1983,.T.);
#4512=EDGE_CURVE('',#3637,#3611,#1984,.T.);
#4513=EDGE_CURVE('',#3642,#3643,#1985,.T.);
#4514=EDGE_CURVE('',#3644,#3642,#1986,.T.);
#4515=EDGE_CURVE('',#3645,#3644,#1987,.T.);
#4516=EDGE_CURVE('',#3643,#3645,#1988,.T.);
#4517=EDGE_CURVE('',#3642,#3646,#1989,.T.);
#4518=EDGE_CURVE('',#3647,#3646,#1990,.T.);
#4519=EDGE_CURVE('',#3647,#3644,#1991,.T.);
#4520=EDGE_CURVE('',#3648,#3647,#1992,.T.);
#4521=EDGE_CURVE('',#3648,#3649,#1993,.T.);
#4522=EDGE_CURVE('',#3650,#3649,#1994,.T.);
#4523=EDGE_CURVE('',#3650,#3651,#1995,.T.);
#4524=EDGE_CURVE('',#3652,#3651,#1996,.T.);
#4525=EDGE_CURVE('',#3653,#3652,#1997,.T.);
#4526=EDGE_CURVE('',#3653,#3654,#1998,.T.);
#4527=EDGE_CURVE('',#3655,#3654,#1999,.T.);
#4528=EDGE_CURVE('',#3655,#3656,#2000,.T.);
#4529=EDGE_CURVE('',#3645,#3656,#2001,.T.);
#4530=EDGE_CURVE('',#3657,#3658,#2002,.T.);
#4531=EDGE_CURVE('',#3654,#3657,#2003,.T.);
#4532=EDGE_CURVE('',#3658,#3653,#2004,.T.);
#4533=EDGE_CURVE('',#3657,#3659,#2005,.T.);
#4534=EDGE_CURVE('',#3659,#3655,#2006,.T.);
#4535=EDGE_CURVE('',#3660,#3661,#2007,.T.);
#4536=EDGE_CURVE('',#3651,#3660,#2008,.T.);
#4537=EDGE_CURVE('',#3661,#3650,#2009,.T.);
#4538=EDGE_CURVE('',#3649,#3662,#2010,.T.);
#4539=EDGE_CURVE('',#3662,#3661,#2011,.T.);
#4540=EDGE_CURVE('',#3662,#3663,#2012,.T.);
#4541=EDGE_CURVE('',#3663,#3648,#2013,.T.);
#4542=EDGE_CURVE('',#3664,#3665,#2014,.T.);
#4543=EDGE_CURVE('',#3666,#3664,#2015,.T.);
#4544=EDGE_CURVE('',#3667,#3666,#2016,.T.);
#4545=EDGE_CURVE('',#3665,#3667,#2017,.T.);
#4546=EDGE_CURVE('',#3668,#3664,#2018,.T.);
#4547=EDGE_CURVE('',#3664,#3669,#80,.T.);
#4548=EDGE_CURVE('',#3656,#3669,#2019,.T.);
#4549=EDGE_CURVE('',#3656,#3668,#81,.T.);
#4550=EDGE_CURVE('',#3670,#3668,#2020,.T.);
#4551=EDGE_CURVE('',#3670,#3655,#82,.T.);
#4552=EDGE_CURVE('',#3665,#3670,#2021,.T.);
#4553=EDGE_CURVE('',#3671,#3667,#2022,.T.);
#4554=EDGE_CURVE('',#3671,#3670,#2023,.T.);
#4555=EDGE_CURVE('',#3668,#3672,#2024,.T.);
#4556=EDGE_CURVE('',#3666,#3672,#2025,.T.);
#4557=EDGE_CURVE('',#3659,#3665,#83,.T.);
#4558=EDGE_CURVE('',#3669,#3659,#2026,.T.);
#4559=EDGE_CURVE('',#3660,#3673,#2027,.T.);
#4560=EDGE_CURVE('',#3673,#3652,#2028,.T.);
#4561=EDGE_CURVE('',#3646,#3663,#2029,.T.);
#4562=EDGE_CURVE('',#3672,#3671,#2030,.T.);
#4563=EDGE_CURVE('',#3673,#3658,#2031,.T.);
#4564=EDGE_CURVE('',#3669,#3643,#2032,.T.);
#4565=EDGE_CURVE('',#3674,#3675,#2033,.T.);
#4566=EDGE_CURVE('',#3676,#3674,#2034,.T.);
#4567=EDGE_CURVE('',#3677,#3676,#2035,.T.);
#4568=EDGE_CURVE('',#3675,#3677,#2036,.T.);
#4569=EDGE_CURVE('',#3674,#3678,#2037,.T.);
#4570=EDGE_CURVE('',#3679,#3678,#2038,.T.);
#4571=EDGE_CURVE('',#3679,#3676,#2039,.T.);
#4572=EDGE_CURVE('',#3680,#3679,#2040,.T.);
#4573=EDGE_CURVE('',#3680,#3681,#2041,.T.);
#4574=EDGE_CURVE('',#3682,#3681,#2042,.T.);
#4575=EDGE_CURVE('',#3682,#3683,#2043,.T.);
#4576=EDGE_CURVE('',#3684,#3683,#2044,.T.);
#4577=EDGE_CURVE('',#3685,#3684,#2045,.T.);
#4578=EDGE_CURVE('',#3685,#3686,#2046,.T.);
#4579=EDGE_CURVE('',#3687,#3686,#2047,.T.);
#4580=EDGE_CURVE('',#3687,#3688,#2048,.T.);
#4581=EDGE_CURVE('',#3677,#3688,#2049,.T.);
#4582=EDGE_CURVE('',#3689,#3690,#2050,.T.);
#4583=EDGE_CURVE('',#3686,#3689,#2051,.T.);
#4584=EDGE_CURVE('',#3690,#3685,#2052,.T.);
#4585=EDGE_CURVE('',#3689,#3691,#2053,.T.);
#4586=EDGE_CURVE('',#3691,#3687,#2054,.T.);
#4587=EDGE_CURVE('',#3692,#3693,#2055,.T.);
#4588=EDGE_CURVE('',#3683,#3692,#2056,.T.);
#4589=EDGE_CURVE('',#3693,#3682,#2057,.T.);
#4590=EDGE_CURVE('',#3681,#3694,#2058,.T.);
#4591=EDGE_CURVE('',#3694,#3693,#2059,.T.);
#4592=EDGE_CURVE('',#3694,#3695,#2060,.T.);
#4593=EDGE_CURVE('',#3695,#3680,#2061,.T.);
#4594=EDGE_CURVE('',#3696,#3697,#2062,.T.);
#4595=EDGE_CURVE('',#3698,#3696,#2063,.T.);
#4596=EDGE_CURVE('',#3699,#3698,#2064,.T.);
#4597=EDGE_CURVE('',#3697,#3699,#2065,.T.);
#4598=EDGE_CURVE('',#3700,#3696,#2066,.T.);
#4599=EDGE_CURVE('',#3696,#3701,#84,.T.);
#4600=EDGE_CURVE('',#3688,#3701,#2067,.T.);
#4601=EDGE_CURVE('',#3688,#3700,#85,.T.);
#4602=EDGE_CURVE('',#3702,#3700,#2068,.T.);
#4603=EDGE_CURVE('',#3702,#3687,#86,.T.);
#4604=EDGE_CURVE('',#3697,#3702,#2069,.T.);
#4605=EDGE_CURVE('',#3703,#3699,#2070,.T.);
#4606=EDGE_CURVE('',#3703,#3702,#2071,.T.);
#4607=EDGE_CURVE('',#3700,#3704,#2072,.T.);
#4608=EDGE_CURVE('',#3698,#3704,#2073,.T.);
#4609=EDGE_CURVE('',#3691,#3697,#87,.T.);
#4610=EDGE_CURVE('',#3701,#3691,#2074,.T.);
#4611=EDGE_CURVE('',#3692,#3705,#2075,.T.);
#4612=EDGE_CURVE('',#3705,#3684,#2076,.T.);
#4613=EDGE_CURVE('',#3678,#3695,#2077,.T.);
#4614=EDGE_CURVE('',#3704,#3703,#2078,.T.);
#4615=EDGE_CURVE('',#3705,#3690,#2079,.T.);
#4616=EDGE_CURVE('',#3701,#3675,#2080,.T.);
#4617=EDGE_CURVE('',#3706,#3707,#2081,.T.);
#4618=EDGE_CURVE('',#3708,#3706,#2082,.T.);
#4619=EDGE_CURVE('',#3709,#3708,#2083,.T.);
#4620=EDGE_CURVE('',#3707,#3709,#2084,.T.);
#4621=EDGE_CURVE('',#3706,#3710,#2085,.T.);
#4622=EDGE_CURVE('',#3711,#3710,#2086,.T.);
#4623=EDGE_CURVE('',#3711,#3708,#2087,.T.);
#4624=EDGE_CURVE('',#3712,#3711,#2088,.T.);
#4625=EDGE_CURVE('',#3712,#3713,#2089,.T.);
#4626=EDGE_CURVE('',#3714,#3713,#2090,.T.);
#4627=EDGE_CURVE('',#3714,#3715,#2091,.T.);
#4628=EDGE_CURVE('',#3716,#3715,#2092,.T.);
#4629=EDGE_CURVE('',#3717,#3716,#2093,.T.);
#4630=EDGE_CURVE('',#3717,#3718,#2094,.T.);
#4631=EDGE_CURVE('',#3719,#3718,#2095,.T.);
#4632=EDGE_CURVE('',#3719,#3720,#2096,.T.);
#4633=EDGE_CURVE('',#3709,#3720,#2097,.T.);
#4634=EDGE_CURVE('',#3721,#3722,#2098,.T.);
#4635=EDGE_CURVE('',#3718,#3721,#2099,.T.);
#4636=EDGE_CURVE('',#3722,#3717,#2100,.T.);
#4637=EDGE_CURVE('',#3721,#3723,#2101,.T.);
#4638=EDGE_CURVE('',#3723,#3719,#2102,.T.);
#4639=EDGE_CURVE('',#3724,#3725,#2103,.T.);
#4640=EDGE_CURVE('',#3715,#3724,#2104,.T.);
#4641=EDGE_CURVE('',#3725,#3714,#2105,.T.);
#4642=EDGE_CURVE('',#3713,#3726,#2106,.T.);
#4643=EDGE_CURVE('',#3726,#3725,#2107,.T.);
#4644=EDGE_CURVE('',#3726,#3727,#2108,.T.);
#4645=EDGE_CURVE('',#3727,#3712,#2109,.T.);
#4646=EDGE_CURVE('',#3728,#3729,#2110,.T.);
#4647=EDGE_CURVE('',#3730,#3728,#2111,.T.);
#4648=EDGE_CURVE('',#3731,#3730,#2112,.T.);
#4649=EDGE_CURVE('',#3729,#3731,#2113,.T.);
#4650=EDGE_CURVE('',#3732,#3728,#2114,.T.);
#4651=EDGE_CURVE('',#3728,#3733,#88,.T.);
#4652=EDGE_CURVE('',#3720,#3733,#2115,.T.);
#4653=EDGE_CURVE('',#3720,#3732,#89,.T.);
#4654=EDGE_CURVE('',#3734,#3732,#2116,.T.);
#4655=EDGE_CURVE('',#3734,#3719,#90,.T.);
#4656=EDGE_CURVE('',#3729,#3734,#2117,.T.);
#4657=EDGE_CURVE('',#3735,#3731,#2118,.T.);
#4658=EDGE_CURVE('',#3735,#3734,#2119,.T.);
#4659=EDGE_CURVE('',#3732,#3736,#2120,.T.);
#4660=EDGE_CURVE('',#3730,#3736,#2121,.T.);
#4661=EDGE_CURVE('',#3723,#3729,#91,.T.);
#4662=EDGE_CURVE('',#3733,#3723,#2122,.T.);
#4663=EDGE_CURVE('',#3724,#3737,#2123,.T.);
#4664=EDGE_CURVE('',#3737,#3716,#2124,.T.);
#4665=EDGE_CURVE('',#3710,#3727,#2125,.T.);
#4666=EDGE_CURVE('',#3736,#3735,#2126,.T.);
#4667=EDGE_CURVE('',#3737,#3722,#2127,.T.);
#4668=EDGE_CURVE('',#3733,#3707,#2128,.T.);
#4669=EDGE_CURVE('',#3738,#3739,#2129,.T.);
#4670=EDGE_CURVE('',#3740,#3738,#2130,.T.);
#4671=EDGE_CURVE('',#3741,#3740,#2131,.T.);
#4672=EDGE_CURVE('',#3739,#3741,#2132,.T.);
#4673=EDGE_CURVE('',#3738,#3742,#2133,.T.);
#4674=EDGE_CURVE('',#3743,#3742,#2134,.T.);
#4675=EDGE_CURVE('',#3743,#3740,#2135,.T.);
#4676=EDGE_CURVE('',#3744,#3743,#2136,.T.);
#4677=EDGE_CURVE('',#3744,#3745,#2137,.T.);
#4678=EDGE_CURVE('',#3746,#3745,#2138,.T.);
#4679=EDGE_CURVE('',#3746,#3747,#2139,.T.);
#4680=EDGE_CURVE('',#3748,#3747,#2140,.T.);
#4681=EDGE_CURVE('',#3749,#3748,#2141,.T.);
#4682=EDGE_CURVE('',#3749,#3750,#2142,.T.);
#4683=EDGE_CURVE('',#3751,#3750,#2143,.T.);
#4684=EDGE_CURVE('',#3751,#3752,#2144,.T.);
#4685=EDGE_CURVE('',#3741,#3752,#2145,.T.);
#4686=EDGE_CURVE('',#3753,#3754,#2146,.T.);
#4687=EDGE_CURVE('',#3750,#3753,#2147,.T.);
#4688=EDGE_CURVE('',#3754,#3749,#2148,.T.);
#4689=EDGE_CURVE('',#3753,#3755,#2149,.T.);
#4690=EDGE_CURVE('',#3755,#3751,#2150,.T.);
#4691=EDGE_CURVE('',#3756,#3757,#2151,.T.);
#4692=EDGE_CURVE('',#3747,#3756,#2152,.T.);
#4693=EDGE_CURVE('',#3757,#3746,#2153,.T.);
#4694=EDGE_CURVE('',#3745,#3758,#2154,.T.);
#4695=EDGE_CURVE('',#3758,#3757,#2155,.T.);
#4696=EDGE_CURVE('',#3758,#3759,#2156,.T.);
#4697=EDGE_CURVE('',#3759,#3744,#2157,.T.);
#4698=EDGE_CURVE('',#3760,#3761,#2158,.T.);
#4699=EDGE_CURVE('',#3762,#3760,#2159,.T.);
#4700=EDGE_CURVE('',#3763,#3762,#2160,.T.);
#4701=EDGE_CURVE('',#3761,#3763,#2161,.T.);
#4702=EDGE_CURVE('',#3764,#3760,#2162,.T.);
#4703=EDGE_CURVE('',#3760,#3765,#92,.T.);
#4704=EDGE_CURVE('',#3752,#3765,#2163,.T.);
#4705=EDGE_CURVE('',#3752,#3764,#93,.T.);
#4706=EDGE_CURVE('',#3766,#3764,#2164,.T.);
#4707=EDGE_CURVE('',#3766,#3751,#94,.T.);
#4708=EDGE_CURVE('',#3761,#3766,#2165,.T.);
#4709=EDGE_CURVE('',#3767,#3763,#2166,.T.);
#4710=EDGE_CURVE('',#3767,#3766,#2167,.T.);
#4711=EDGE_CURVE('',#3764,#3768,#2168,.T.);
#4712=EDGE_CURVE('',#3762,#3768,#2169,.T.);
#4713=EDGE_CURVE('',#3755,#3761,#95,.T.);
#4714=EDGE_CURVE('',#3765,#3755,#2170,.T.);
#4715=EDGE_CURVE('',#3756,#3769,#2171,.T.);
#4716=EDGE_CURVE('',#3769,#3748,#2172,.T.);
#4717=EDGE_CURVE('',#3742,#3759,#2173,.T.);
#4718=EDGE_CURVE('',#3768,#3767,#2174,.T.);
#4719=EDGE_CURVE('',#3769,#3754,#2175,.T.);
#4720=EDGE_CURVE('',#3765,#3739,#2176,.T.);
#4721=EDGE_CURVE('',#3770,#3771,#2177,.T.);
#4722=EDGE_CURVE('',#3772,#3770,#2178,.T.);
#4723=EDGE_CURVE('',#3773,#3772,#2179,.T.);
#4724=EDGE_CURVE('',#3771,#3773,#2180,.T.);
#4725=EDGE_CURVE('',#3770,#3774,#2181,.T.);
#4726=EDGE_CURVE('',#3775,#3774,#2182,.T.);
#4727=EDGE_CURVE('',#3775,#3772,#2183,.T.);
#4728=EDGE_CURVE('',#3776,#3775,#2184,.T.);
#4729=EDGE_CURVE('',#3776,#3777,#2185,.T.);
#4730=EDGE_CURVE('',#3778,#3777,#2186,.T.);
#4731=EDGE_CURVE('',#3778,#3779,#2187,.T.);
#4732=EDGE_CURVE('',#3780,#3779,#2188,.T.);
#4733=EDGE_CURVE('',#3781,#3780,#2189,.T.);
#4734=EDGE_CURVE('',#3781,#3782,#2190,.T.);
#4735=EDGE_CURVE('',#3783,#3782,#2191,.T.);
#4736=EDGE_CURVE('',#3783,#3784,#2192,.T.);
#4737=EDGE_CURVE('',#3773,#3784,#2193,.T.);
#4738=EDGE_CURVE('',#3785,#3786,#2194,.T.);
#4739=EDGE_CURVE('',#3782,#3785,#2195,.T.);
#4740=EDGE_CURVE('',#3786,#3781,#2196,.T.);
#4741=EDGE_CURVE('',#3785,#3787,#2197,.T.);
#4742=EDGE_CURVE('',#3787,#3783,#2198,.T.);
#4743=EDGE_CURVE('',#3788,#3789,#2199,.T.);
#4744=EDGE_CURVE('',#3779,#3788,#2200,.T.);
#4745=EDGE_CURVE('',#3789,#3778,#2201,.T.);
#4746=EDGE_CURVE('',#3777,#3790,#2202,.T.);
#4747=EDGE_CURVE('',#3790,#3789,#2203,.T.);
#4748=EDGE_CURVE('',#3790,#3791,#2204,.T.);
#4749=EDGE_CURVE('',#3791,#3776,#2205,.T.);
#4750=EDGE_CURVE('',#3792,#3793,#2206,.T.);
#4751=EDGE_CURVE('',#3794,#3792,#2207,.T.);
#4752=EDGE_CURVE('',#3795,#3794,#2208,.T.);
#4753=EDGE_CURVE('',#3793,#3795,#2209,.T.);
#4754=EDGE_CURVE('',#3796,#3792,#2210,.T.);
#4755=EDGE_CURVE('',#3792,#3797,#96,.T.);
#4756=EDGE_CURVE('',#3784,#3797,#2211,.T.);
#4757=EDGE_CURVE('',#3784,#3796,#97,.T.);
#4758=EDGE_CURVE('',#3798,#3796,#2212,.T.);
#4759=EDGE_CURVE('',#3798,#3783,#98,.T.);
#4760=EDGE_CURVE('',#3793,#3798,#2213,.T.);
#4761=EDGE_CURVE('',#3799,#3795,#2214,.T.);
#4762=EDGE_CURVE('',#3799,#3798,#2215,.T.);
#4763=EDGE_CURVE('',#3796,#3800,#2216,.T.);
#4764=EDGE_CURVE('',#3794,#3800,#2217,.T.);
#4765=EDGE_CURVE('',#3787,#3793,#99,.T.);
#4766=EDGE_CURVE('',#3797,#3787,#2218,.T.);
#4767=EDGE_CURVE('',#3788,#3801,#2219,.T.);
#4768=EDGE_CURVE('',#3801,#3780,#2220,.T.);
#4769=EDGE_CURVE('',#3774,#3791,#2221,.T.);
#4770=EDGE_CURVE('',#3800,#3799,#2222,.T.);
#4771=EDGE_CURVE('',#3801,#3786,#2223,.T.);
#4772=EDGE_CURVE('',#3797,#3771,#2224,.T.);
#4773=EDGE_CURVE('',#3802,#3803,#2225,.T.);
#4774=EDGE_CURVE('',#3804,#3802,#2226,.T.);
#4775=EDGE_CURVE('',#3805,#3804,#2227,.T.);
#4776=EDGE_CURVE('',#3803,#3805,#2228,.T.);
#4777=EDGE_CURVE('',#3802,#3806,#2229,.T.);
#4778=EDGE_CURVE('',#3807,#3806,#2230,.T.);
#4779=EDGE_CURVE('',#3807,#3804,#2231,.T.);
#4780=EDGE_CURVE('',#3808,#3807,#2232,.T.);
#4781=EDGE_CURVE('',#3808,#3809,#2233,.T.);
#4782=EDGE_CURVE('',#3810,#3809,#2234,.T.);
#4783=EDGE_CURVE('',#3810,#3811,#2235,.T.);
#4784=EDGE_CURVE('',#3812,#3811,#2236,.T.);
#4785=EDGE_CURVE('',#3813,#3812,#2237,.T.);
#4786=EDGE_CURVE('',#3813,#3814,#2238,.T.);
#4787=EDGE_CURVE('',#3815,#3814,#2239,.T.);
#4788=EDGE_CURVE('',#3815,#3816,#2240,.T.);
#4789=EDGE_CURVE('',#3805,#3816,#2241,.T.);
#4790=EDGE_CURVE('',#3817,#3818,#2242,.T.);
#4791=EDGE_CURVE('',#3814,#3817,#2243,.T.);
#4792=EDGE_CURVE('',#3818,#3813,#2244,.T.);
#4793=EDGE_CURVE('',#3817,#3819,#2245,.T.);
#4794=EDGE_CURVE('',#3819,#3815,#2246,.T.);
#4795=EDGE_CURVE('',#3820,#3821,#2247,.T.);
#4796=EDGE_CURVE('',#3811,#3820,#2248,.T.);
#4797=EDGE_CURVE('',#3821,#3810,#2249,.T.);
#4798=EDGE_CURVE('',#3809,#3822,#2250,.T.);
#4799=EDGE_CURVE('',#3822,#3821,#2251,.T.);
#4800=EDGE_CURVE('',#3822,#3823,#2252,.T.);
#4801=EDGE_CURVE('',#3823,#3808,#2253,.T.);
#4802=EDGE_CURVE('',#3824,#3825,#2254,.T.);
#4803=EDGE_CURVE('',#3826,#3824,#2255,.T.);
#4804=EDGE_CURVE('',#3827,#3826,#2256,.T.);
#4805=EDGE_CURVE('',#3825,#3827,#2257,.T.);
#4806=EDGE_CURVE('',#3828,#3824,#2258,.T.);
#4807=EDGE_CURVE('',#3824,#3829,#100,.T.);
#4808=EDGE_CURVE('',#3816,#3829,#2259,.T.);
#4809=EDGE_CURVE('',#3816,#3828,#101,.T.);
#4810=EDGE_CURVE('',#3830,#3828,#2260,.T.);
#4811=EDGE_CURVE('',#3830,#3815,#102,.T.);
#4812=EDGE_CURVE('',#3825,#3830,#2261,.T.);
#4813=EDGE_CURVE('',#3831,#3827,#2262,.T.);
#4814=EDGE_CURVE('',#3831,#3830,#2263,.T.);
#4815=EDGE_CURVE('',#3828,#3832,#2264,.T.);
#4816=EDGE_CURVE('',#3826,#3832,#2265,.T.);
#4817=EDGE_CURVE('',#3819,#3825,#103,.T.);
#4818=EDGE_CURVE('',#3829,#3819,#2266,.T.);
#4819=EDGE_CURVE('',#3820,#3833,#2267,.T.);
#4820=EDGE_CURVE('',#3833,#3812,#2268,.T.);
#4821=EDGE_CURVE('',#3806,#3823,#2269,.T.);
#4822=EDGE_CURVE('',#3832,#3831,#2270,.T.);
#4823=EDGE_CURVE('',#3833,#3818,#2271,.T.);
#4824=EDGE_CURVE('',#3829,#3803,#2272,.T.);
#4825=EDGE_CURVE('',#3834,#3835,#2273,.T.);
#4826=EDGE_CURVE('',#3836,#3834,#2274,.T.);
#4827=EDGE_CURVE('',#3837,#3836,#2275,.T.);
#4828=EDGE_CURVE('',#3835,#3837,#2276,.T.);
#4829=EDGE_CURVE('',#3834,#3838,#2277,.T.);
#4830=EDGE_CURVE('',#3839,#3838,#2278,.T.);
#4831=EDGE_CURVE('',#3839,#3836,#2279,.T.);
#4832=EDGE_CURVE('',#3840,#3839,#2280,.T.);
#4833=EDGE_CURVE('',#3840,#3841,#2281,.T.);
#4834=EDGE_CURVE('',#3842,#3841,#2282,.T.);
#4835=EDGE_CURVE('',#3842,#3843,#2283,.T.);
#4836=EDGE_CURVE('',#3844,#3843,#2284,.T.);
#4837=EDGE_CURVE('',#3845,#3844,#2285,.T.);
#4838=EDGE_CURVE('',#3845,#3846,#2286,.T.);
#4839=EDGE_CURVE('',#3847,#3846,#2287,.T.);
#4840=EDGE_CURVE('',#3847,#3848,#2288,.T.);
#4841=EDGE_CURVE('',#3837,#3848,#2289,.T.);
#4842=EDGE_CURVE('',#3849,#3850,#2290,.T.);
#4843=EDGE_CURVE('',#3846,#3849,#2291,.T.);
#4844=EDGE_CURVE('',#3850,#3845,#2292,.T.);
#4845=EDGE_CURVE('',#3849,#3851,#2293,.T.);
#4846=EDGE_CURVE('',#3851,#3847,#2294,.T.);
#4847=EDGE_CURVE('',#3852,#3853,#2295,.T.);
#4848=EDGE_CURVE('',#3843,#3852,#2296,.T.);
#4849=EDGE_CURVE('',#3853,#3842,#2297,.T.);
#4850=EDGE_CURVE('',#3841,#3854,#2298,.T.);
#4851=EDGE_CURVE('',#3854,#3853,#2299,.T.);
#4852=EDGE_CURVE('',#3854,#3855,#2300,.T.);
#4853=EDGE_CURVE('',#3855,#3840,#2301,.T.);
#4854=EDGE_CURVE('',#3856,#3857,#2302,.T.);
#4855=EDGE_CURVE('',#3858,#3856,#2303,.T.);
#4856=EDGE_CURVE('',#3859,#3858,#2304,.T.);
#4857=EDGE_CURVE('',#3857,#3859,#2305,.T.);
#4858=EDGE_CURVE('',#3860,#3856,#2306,.T.);
#4859=EDGE_CURVE('',#3856,#3861,#104,.T.);
#4860=EDGE_CURVE('',#3848,#3861,#2307,.T.);
#4861=EDGE_CURVE('',#3848,#3860,#105,.T.);
#4862=EDGE_CURVE('',#3862,#3860,#2308,.T.);
#4863=EDGE_CURVE('',#3862,#3847,#106,.T.);
#4864=EDGE_CURVE('',#3857,#3862,#2309,.T.);
#4865=EDGE_CURVE('',#3863,#3859,#2310,.T.);
#4866=EDGE_CURVE('',#3863,#3862,#2311,.T.);
#4867=EDGE_CURVE('',#3860,#3864,#2312,.T.);
#4868=EDGE_CURVE('',#3858,#3864,#2313,.T.);
#4869=EDGE_CURVE('',#3851,#3857,#107,.T.);
#4870=EDGE_CURVE('',#3861,#3851,#2314,.T.);
#4871=EDGE_CURVE('',#3852,#3865,#2315,.T.);
#4872=EDGE_CURVE('',#3865,#3844,#2316,.T.);
#4873=EDGE_CURVE('',#3838,#3855,#2317,.T.);
#4874=EDGE_CURVE('',#3864,#3863,#2318,.T.);
#4875=EDGE_CURVE('',#3865,#3850,#2319,.T.);
#4876=EDGE_CURVE('',#3861,#3835,#2320,.T.);
#4877=ORIENTED_EDGE('',*,*,#3866,.T.);
#4878=ORIENTED_EDGE('',*,*,#3867,.T.);
#4879=ORIENTED_EDGE('',*,*,#3868,.T.);
#4880=ORIENTED_EDGE('',*,*,#3869,.T.);
#4881=ORIENTED_EDGE('',*,*,#3870,.F.);
#4882=ORIENTED_EDGE('',*,*,#3871,.T.);
#4883=ORIENTED_EDGE('',*,*,#3872,.T.);
#4884=ORIENTED_EDGE('',*,*,#3873,.T.);
#4885=ORIENTED_EDGE('',*,*,#3874,.T.);
#4886=ORIENTED_EDGE('',*,*,#3868,.F.);
#4887=ORIENTED_EDGE('',*,*,#3875,.T.);
#4888=ORIENTED_EDGE('',*,*,#3876,.T.);
#4889=ORIENTED_EDGE('',*,*,#3877,.T.);
#4890=ORIENTED_EDGE('',*,*,#3870,.T.);
#4891=ORIENTED_EDGE('',*,*,#3878,.T.);
#4892=ORIENTED_EDGE('',*,*,#3879,.T.);
#4893=ORIENTED_EDGE('',*,*,#3876,.F.);
#4894=ORIENTED_EDGE('',*,*,#3880,.T.);
#4895=ORIENTED_EDGE('',*,*,#3873,.F.);
#4896=ORIENTED_EDGE('',*,*,#3881,.T.);
#4897=ORIENTED_EDGE('',*,*,#3871,.F.);
#4898=ORIENTED_EDGE('',*,*,#3877,.F.);
#4899=ORIENTED_EDGE('',*,*,#3879,.F.);
#4900=ORIENTED_EDGE('',*,*,#3882,.T.);
#4901=ORIENTED_EDGE('',*,*,#3883,.F.);
#4902=ORIENTED_EDGE('',*,*,#3884,.F.);
#4903=ORIENTED_EDGE('',*,*,#3878,.F.);
#4904=ORIENTED_EDGE('',*,*,#3885,.T.);
#4905=ORIENTED_EDGE('',*,*,#3886,.F.);
#4906=ORIENTED_EDGE('',*,*,#3882,.F.);
#4907=ORIENTED_EDGE('',*,*,#3869,.F.);
#4908=ORIENTED_EDGE('',*,*,#3874,.F.);
#4909=ORIENTED_EDGE('',*,*,#3880,.F.);
#4910=ORIENTED_EDGE('',*,*,#3875,.F.);
#4911=ORIENTED_EDGE('',*,*,#3886,.T.);
#4912=ORIENTED_EDGE('',*,*,#3887,.T.);
#4913=ORIENTED_EDGE('',*,*,#3888,.T.);
#4914=ORIENTED_EDGE('',*,*,#3883,.T.);
#4915=ORIENTED_EDGE('',*,*,#3867,.F.);
#4916=ORIENTED_EDGE('',*,*,#3889,.T.);
#4917=ORIENTED_EDGE('',*,*,#3887,.F.);
#4918=ORIENTED_EDGE('',*,*,#3885,.F.);
#4919=ORIENTED_EDGE('',*,*,#3881,.F.);
#4920=ORIENTED_EDGE('',*,*,#3872,.F.);
#4921=ORIENTED_EDGE('',*,*,#3866,.F.);
#4922=ORIENTED_EDGE('',*,*,#3884,.T.);
#4923=ORIENTED_EDGE('',*,*,#3888,.F.);
#4924=ORIENTED_EDGE('',*,*,#3889,.F.);
#4925=ORIENTED_EDGE('',*,*,#3890,.F.);
#4926=ORIENTED_EDGE('',*,*,#3891,.F.);
#4927=ORIENTED_EDGE('',*,*,#3892,.F.);
#4928=ORIENTED_EDGE('',*,*,#3893,.F.);
#4929=ORIENTED_EDGE('',*,*,#3894,.T.);
#4930=ORIENTED_EDGE('',*,*,#3895,.T.);
#4931=ORIENTED_EDGE('',*,*,#3896,.T.);
#4932=ORIENTED_EDGE('',*,*,#3897,.T.);
#4933=ORIENTED_EDGE('',*,*,#3894,.F.);
#4934=ORIENTED_EDGE('',*,*,#3898,.T.);
#4935=ORIENTED_EDGE('',*,*,#3890,.T.);
#4936=ORIENTED_EDGE('',*,*,#3899,.F.);
#4937=ORIENTED_EDGE('',*,*,#3895,.F.);
#4938=ORIENTED_EDGE('',*,*,#3899,.T.);
#4939=ORIENTED_EDGE('',*,*,#3893,.T.);
#4940=ORIENTED_EDGE('',*,*,#3900,.F.);
#4941=ORIENTED_EDGE('',*,*,#3896,.F.);
#4942=ORIENTED_EDGE('',*,*,#3900,.T.);
#4943=ORIENTED_EDGE('',*,*,#3892,.T.);
#4944=ORIENTED_EDGE('',*,*,#3901,.F.);
#4945=ORIENTED_EDGE('',*,*,#3897,.F.);
#4946=ORIENTED_EDGE('',*,*,#3901,.T.);
#4947=ORIENTED_EDGE('',*,*,#3891,.T.);
#4948=ORIENTED_EDGE('',*,*,#3898,.F.);
#4949=ORIENTED_EDGE('',*,*,#3902,.T.);
#4950=ORIENTED_EDGE('',*,*,#3903,.T.);
#4951=ORIENTED_EDGE('',*,*,#3904,.T.);
#4952=ORIENTED_EDGE('',*,*,#3905,.T.);
#4953=ORIENTED_EDGE('',*,*,#3906,.T.);
#4954=ORIENTED_EDGE('',*,*,#3907,.T.);
#4955=ORIENTED_EDGE('',*,*,#3908,.T.);
#4956=ORIENTED_EDGE('',*,*,#3909,.T.);
#4957=ORIENTED_EDGE('',*,*,#3903,.F.);
#4958=ORIENTED_EDGE('',*,*,#3910,.T.);
#4959=ORIENTED_EDGE('',*,*,#3905,.F.);
#4960=ORIENTED_EDGE('',*,*,#3911,.T.);
#4961=ORIENTED_EDGE('',*,*,#3912,.T.);
#4962=ORIENTED_EDGE('',*,*,#3913,.T.);
#4963=ORIENTED_EDGE('',*,*,#3914,.T.);
#4964=ORIENTED_EDGE('',*,*,#3915,.T.);
#4965=ORIENTED_EDGE('',*,*,#3914,.F.);
#4966=ORIENTED_EDGE('',*,*,#3916,.T.);
#4967=ORIENTED_EDGE('',*,*,#3917,.T.);
#4968=ORIENTED_EDGE('',*,*,#3918,.T.);
#4969=ORIENTED_EDGE('',*,*,#3919,.T.);
#4970=ORIENTED_EDGE('',*,*,#3920,.T.);
#4971=ORIENTED_EDGE('',*,*,#3917,.F.);
#4972=ORIENTED_EDGE('',*,*,#3921,.T.);
#4973=ORIENTED_EDGE('',*,*,#3907,.F.);
#4974=ORIENTED_EDGE('',*,*,#3922,.F.);
#4975=ORIENTED_EDGE('',*,*,#3923,.T.);
#4976=ORIENTED_EDGE('',*,*,#3924,.T.);
#4977=ORIENTED_EDGE('',*,*,#3925,.F.);
#4978=ORIENTED_EDGE('',*,*,#3906,.F.);
#4979=ORIENTED_EDGE('',*,*,#3902,.F.);
#4980=ORIENTED_EDGE('',*,*,#3910,.F.);
#4981=ORIENTED_EDGE('',*,*,#3915,.F.);
#4982=ORIENTED_EDGE('',*,*,#3920,.F.);
#4983=ORIENTED_EDGE('',*,*,#3926,.T.);
#4984=ORIENTED_EDGE('',*,*,#3927,.T.);
#4985=ORIENTED_EDGE('',*,*,#3922,.T.);
#4986=ORIENTED_EDGE('',*,*,#3908,.F.);
#4987=ORIENTED_EDGE('',*,*,#3925,.T.);
#4988=ORIENTED_EDGE('',*,*,#3928,.T.);
#4989=ORIENTED_EDGE('',*,*,#3929,.T.);
#4990=ORIENTED_EDGE('',*,*,#3918,.F.);
#4991=ORIENTED_EDGE('',*,*,#3930,.F.);
#4992=ORIENTED_EDGE('',*,*,#3931,.F.);
#4993=ORIENTED_EDGE('',*,*,#3932,.T.);
#4994=ORIENTED_EDGE('',*,*,#3919,.F.);
#4995=ORIENTED_EDGE('',*,*,#3929,.F.);
#4996=ORIENTED_EDGE('',*,*,#3933,.T.);
#4997=ORIENTED_EDGE('',*,*,#3934,.F.);
#4998=ORIENTED_EDGE('',*,*,#3926,.F.);
#4999=ORIENTED_EDGE('',*,*,#3927,.F.);
#5000=ORIENTED_EDGE('',*,*,#3934,.T.);
#5001=ORIENTED_EDGE('',*,*,#3935,.T.);
#5002=ORIENTED_EDGE('',*,*,#3923,.F.);
#5003=ORIENTED_EDGE('',*,*,#3935,.F.);
#5004=ORIENTED_EDGE('',*,*,#3933,.F.);
#5005=ORIENTED_EDGE('',*,*,#3928,.F.);
#5006=ORIENTED_EDGE('',*,*,#3924,.F.);
#5007=ORIENTED_EDGE('',*,*,#3931,.T.);
#5008=ORIENTED_EDGE('',*,*,#3936,.T.);
#5009=ORIENTED_EDGE('',*,*,#3937,.T.);
#5010=ORIENTED_EDGE('',*,*,#3938,.T.);
#5011=ORIENTED_EDGE('',*,*,#3913,.F.);
#5012=ORIENTED_EDGE('',*,*,#3939,.F.);
#5013=ORIENTED_EDGE('',*,*,#3936,.F.);
#5014=ORIENTED_EDGE('',*,*,#3930,.T.);
#5015=ORIENTED_EDGE('',*,*,#3921,.F.);
#5016=ORIENTED_EDGE('',*,*,#3916,.F.);
#5017=ORIENTED_EDGE('',*,*,#3912,.F.);
#5018=ORIENTED_EDGE('',*,*,#3940,.F.);
#5019=ORIENTED_EDGE('',*,*,#3937,.F.);
#5020=ORIENTED_EDGE('',*,*,#3939,.T.);
#5021=ORIENTED_EDGE('',*,*,#3909,.F.);
#5022=ORIENTED_EDGE('',*,*,#3932,.F.);
#5023=ORIENTED_EDGE('',*,*,#3938,.F.);
#5024=ORIENTED_EDGE('',*,*,#3940,.T.);
#5025=ORIENTED_EDGE('',*,*,#3911,.F.);
#5026=ORIENTED_EDGE('',*,*,#3904,.F.);
#5027=ORIENTED_EDGE('',*,*,#3941,.T.);
#5028=ORIENTED_EDGE('',*,*,#3942,.T.);
#5029=ORIENTED_EDGE('',*,*,#3943,.T.);
#5030=ORIENTED_EDGE('',*,*,#3944,.T.);
#5031=ORIENTED_EDGE('',*,*,#3944,.F.);
#5032=ORIENTED_EDGE('',*,*,#3945,.F.);
#5033=ORIENTED_EDGE('',*,*,#3946,.T.);
#5034=ORIENTED_EDGE('',*,*,#3947,.F.);
#5035=ORIENTED_EDGE('',*,*,#3943,.F.);
#5036=ORIENTED_EDGE('',*,*,#3948,.T.);
#5037=ORIENTED_EDGE('',*,*,#3949,.F.);
#5038=ORIENTED_EDGE('',*,*,#3950,.T.);
#5039=ORIENTED_EDGE('',*,*,#3951,.F.);
#5040=ORIENTED_EDGE('',*,*,#3952,.T.);
#5041=ORIENTED_EDGE('',*,*,#3953,.T.);
#5042=ORIENTED_EDGE('',*,*,#3954,.F.);
#5043=ORIENTED_EDGE('',*,*,#3955,.T.);
#5044=ORIENTED_EDGE('',*,*,#3956,.F.);
#5045=ORIENTED_EDGE('',*,*,#3957,.T.);
#5046=ORIENTED_EDGE('',*,*,#3945,.T.);
#5047=ORIENTED_EDGE('',*,*,#3958,.T.);
#5048=ORIENTED_EDGE('',*,*,#3959,.T.);
#5049=ORIENTED_EDGE('',*,*,#3951,.T.);
#5050=ORIENTED_EDGE('',*,*,#3960,.T.);
#5051=ORIENTED_EDGE('',*,*,#3960,.F.);
#5052=ORIENTED_EDGE('',*,*,#3950,.F.);
#5053=ORIENTED_EDGE('',*,*,#3961,.F.);
#5054=ORIENTED_EDGE('',*,*,#3962,.F.);
#5055=ORIENTED_EDGE('',*,*,#3963,.T.);
#5056=ORIENTED_EDGE('',*,*,#3964,.T.);
#5057=ORIENTED_EDGE('',*,*,#3954,.T.);
#5058=ORIENTED_EDGE('',*,*,#3965,.T.);
#5059=ORIENTED_EDGE('',*,*,#3964,.F.);
#5060=ORIENTED_EDGE('',*,*,#3966,.F.);
#5061=ORIENTED_EDGE('',*,*,#3967,.F.);
#5062=ORIENTED_EDGE('',*,*,#3955,.F.);
#5063=ORIENTED_EDGE('',*,*,#3968,.T.);
#5064=ORIENTED_EDGE('',*,*,#3969,.T.);
#5065=ORIENTED_EDGE('',*,*,#3956,.T.);
#5066=ORIENTED_EDGE('',*,*,#3967,.T.);
#5067=ORIENTED_EDGE('',*,*,#3970,.T.);
#5068=ORIENTED_EDGE('',*,*,#3971,.T.);
#5069=ORIENTED_EDGE('',*,*,#3972,.T.);
#5070=ORIENTED_EDGE('',*,*,#3973,.T.);
#5071=ORIENTED_EDGE('',*,*,#3974,.F.);
#5072=ORIENTED_EDGE('',*,*,#3975,.F.);
#5073=ORIENTED_EDGE('',*,*,#3976,.T.);
#5074=ORIENTED_EDGE('',*,*,#3977,.F.);
#5075=ORIENTED_EDGE('',*,*,#3978,.F.);
#5076=ORIENTED_EDGE('',*,*,#3979,.T.);
#5077=ORIENTED_EDGE('',*,*,#3949,.T.);
#5078=ORIENTED_EDGE('',*,*,#3975,.T.);
#5079=ORIENTED_EDGE('',*,*,#3980,.T.);
#5080=ORIENTED_EDGE('',*,*,#3981,.F.);
#5081=ORIENTED_EDGE('',*,*,#3982,.T.);
#5082=ORIENTED_EDGE('',*,*,#3971,.F.);
#5083=ORIENTED_EDGE('',*,*,#3974,.T.);
#5084=ORIENTED_EDGE('',*,*,#3973,.F.);
#5085=ORIENTED_EDGE('',*,*,#3983,.T.);
#5086=ORIENTED_EDGE('',*,*,#3984,.F.);
#5087=ORIENTED_EDGE('',*,*,#3970,.F.);
#5088=ORIENTED_EDGE('',*,*,#3977,.T.);
#5089=ORIENTED_EDGE('',*,*,#3985,.T.);
#5090=ORIENTED_EDGE('',*,*,#3986,.T.);
#5091=ORIENTED_EDGE('',*,*,#3965,.F.);
#5092=ORIENTED_EDGE('',*,*,#3953,.F.);
#5093=ORIENTED_EDGE('',*,*,#3987,.F.);
#5094=ORIENTED_EDGE('',*,*,#3988,.F.);
#5095=ORIENTED_EDGE('',*,*,#3969,.F.);
#5096=ORIENTED_EDGE('',*,*,#3989,.F.);
#5097=ORIENTED_EDGE('',*,*,#3946,.F.);
#5098=ORIENTED_EDGE('',*,*,#3957,.F.);
#5099=ORIENTED_EDGE('',*,*,#3978,.T.);
#5100=ORIENTED_EDGE('',*,*,#3984,.T.);
#5101=ORIENTED_EDGE('',*,*,#3990,.T.);
#5102=ORIENTED_EDGE('',*,*,#3981,.T.);
#5103=ORIENTED_EDGE('',*,*,#3983,.F.);
#5104=ORIENTED_EDGE('',*,*,#3972,.F.);
#5105=ORIENTED_EDGE('',*,*,#3982,.F.);
#5106=ORIENTED_EDGE('',*,*,#3990,.F.);
#5107=ORIENTED_EDGE('',*,*,#3980,.F.);
#5108=ORIENTED_EDGE('',*,*,#3986,.F.);
#5109=ORIENTED_EDGE('',*,*,#3961,.T.);
#5110=ORIENTED_EDGE('',*,*,#3979,.F.);
#5111=ORIENTED_EDGE('',*,*,#3959,.F.);
#5112=ORIENTED_EDGE('',*,*,#3991,.F.);
#5113=ORIENTED_EDGE('',*,*,#3987,.T.);
#5114=ORIENTED_EDGE('',*,*,#3952,.F.);
#5115=ORIENTED_EDGE('',*,*,#3942,.F.);
#5116=ORIENTED_EDGE('',*,*,#3992,.F.);
#5117=ORIENTED_EDGE('',*,*,#3976,.F.);
#5118=ORIENTED_EDGE('',*,*,#3948,.F.);
#5119=ORIENTED_EDGE('',*,*,#3941,.F.);
#5120=ORIENTED_EDGE('',*,*,#3947,.T.);
#5121=ORIENTED_EDGE('',*,*,#3989,.T.);
#5122=ORIENTED_EDGE('',*,*,#3968,.F.);
#5123=ORIENTED_EDGE('',*,*,#3966,.T.);
#5124=ORIENTED_EDGE('',*,*,#3963,.F.);
#5125=ORIENTED_EDGE('',*,*,#3988,.T.);
#5126=ORIENTED_EDGE('',*,*,#3991,.T.);
#5127=ORIENTED_EDGE('',*,*,#3958,.F.);
#5128=ORIENTED_EDGE('',*,*,#3962,.T.);
#5129=ORIENTED_EDGE('',*,*,#3985,.F.);
#5130=ORIENTED_EDGE('',*,*,#3992,.T.);
#5131=ORIENTED_EDGE('',*,*,#3993,.T.);
#5132=ORIENTED_EDGE('',*,*,#3994,.T.);
#5133=ORIENTED_EDGE('',*,*,#3995,.T.);
#5134=ORIENTED_EDGE('',*,*,#3996,.T.);
#5135=ORIENTED_EDGE('',*,*,#3996,.F.);
#5136=ORIENTED_EDGE('',*,*,#3997,.F.);
#5137=ORIENTED_EDGE('',*,*,#3998,.T.);
#5138=ORIENTED_EDGE('',*,*,#3999,.F.);
#5139=ORIENTED_EDGE('',*,*,#3995,.F.);
#5140=ORIENTED_EDGE('',*,*,#4000,.T.);
#5141=ORIENTED_EDGE('',*,*,#4001,.F.);
#5142=ORIENTED_EDGE('',*,*,#4002,.T.);
#5143=ORIENTED_EDGE('',*,*,#4003,.F.);
#5144=ORIENTED_EDGE('',*,*,#4004,.T.);
#5145=ORIENTED_EDGE('',*,*,#4005,.T.);
#5146=ORIENTED_EDGE('',*,*,#4006,.F.);
#5147=ORIENTED_EDGE('',*,*,#4007,.T.);
#5148=ORIENTED_EDGE('',*,*,#4008,.F.);
#5149=ORIENTED_EDGE('',*,*,#4009,.T.);
#5150=ORIENTED_EDGE('',*,*,#3997,.T.);
#5151=ORIENTED_EDGE('',*,*,#4010,.T.);
#5152=ORIENTED_EDGE('',*,*,#4011,.T.);
#5153=ORIENTED_EDGE('',*,*,#4003,.T.);
#5154=ORIENTED_EDGE('',*,*,#4012,.T.);
#5155=ORIENTED_EDGE('',*,*,#4012,.F.);
#5156=ORIENTED_EDGE('',*,*,#4002,.F.);
#5157=ORIENTED_EDGE('',*,*,#4013,.F.);
#5158=ORIENTED_EDGE('',*,*,#4014,.F.);
#5159=ORIENTED_EDGE('',*,*,#4015,.T.);
#5160=ORIENTED_EDGE('',*,*,#4016,.T.);
#5161=ORIENTED_EDGE('',*,*,#4006,.T.);
#5162=ORIENTED_EDGE('',*,*,#4017,.T.);
#5163=ORIENTED_EDGE('',*,*,#4016,.F.);
#5164=ORIENTED_EDGE('',*,*,#4018,.F.);
#5165=ORIENTED_EDGE('',*,*,#4019,.F.);
#5166=ORIENTED_EDGE('',*,*,#4007,.F.);
#5167=ORIENTED_EDGE('',*,*,#4020,.T.);
#5168=ORIENTED_EDGE('',*,*,#4021,.T.);
#5169=ORIENTED_EDGE('',*,*,#4008,.T.);
#5170=ORIENTED_EDGE('',*,*,#4019,.T.);
#5171=ORIENTED_EDGE('',*,*,#4022,.T.);
#5172=ORIENTED_EDGE('',*,*,#4023,.T.);
#5173=ORIENTED_EDGE('',*,*,#4024,.T.);
#5174=ORIENTED_EDGE('',*,*,#4025,.T.);
#5175=ORIENTED_EDGE('',*,*,#4026,.F.);
#5176=ORIENTED_EDGE('',*,*,#4027,.F.);
#5177=ORIENTED_EDGE('',*,*,#4028,.T.);
#5178=ORIENTED_EDGE('',*,*,#4029,.F.);
#5179=ORIENTED_EDGE('',*,*,#4030,.F.);
#5180=ORIENTED_EDGE('',*,*,#4031,.T.);
#5181=ORIENTED_EDGE('',*,*,#4001,.T.);
#5182=ORIENTED_EDGE('',*,*,#4027,.T.);
#5183=ORIENTED_EDGE('',*,*,#4032,.T.);
#5184=ORIENTED_EDGE('',*,*,#4033,.F.);
#5185=ORIENTED_EDGE('',*,*,#4034,.T.);
#5186=ORIENTED_EDGE('',*,*,#4023,.F.);
#5187=ORIENTED_EDGE('',*,*,#4026,.T.);
#5188=ORIENTED_EDGE('',*,*,#4025,.F.);
#5189=ORIENTED_EDGE('',*,*,#4035,.T.);
#5190=ORIENTED_EDGE('',*,*,#4036,.F.);
#5191=ORIENTED_EDGE('',*,*,#4022,.F.);
#5192=ORIENTED_EDGE('',*,*,#4029,.T.);
#5193=ORIENTED_EDGE('',*,*,#4037,.T.);
#5194=ORIENTED_EDGE('',*,*,#4038,.T.);
#5195=ORIENTED_EDGE('',*,*,#4017,.F.);
#5196=ORIENTED_EDGE('',*,*,#4005,.F.);
#5197=ORIENTED_EDGE('',*,*,#4039,.F.);
#5198=ORIENTED_EDGE('',*,*,#4040,.F.);
#5199=ORIENTED_EDGE('',*,*,#4021,.F.);
#5200=ORIENTED_EDGE('',*,*,#4041,.F.);
#5201=ORIENTED_EDGE('',*,*,#3998,.F.);
#5202=ORIENTED_EDGE('',*,*,#4009,.F.);
#5203=ORIENTED_EDGE('',*,*,#4030,.T.);
#5204=ORIENTED_EDGE('',*,*,#4036,.T.);
#5205=ORIENTED_EDGE('',*,*,#4042,.T.);
#5206=ORIENTED_EDGE('',*,*,#4033,.T.);
#5207=ORIENTED_EDGE('',*,*,#4035,.F.);
#5208=ORIENTED_EDGE('',*,*,#4024,.F.);
#5209=ORIENTED_EDGE('',*,*,#4034,.F.);
#5210=ORIENTED_EDGE('',*,*,#4042,.F.);
#5211=ORIENTED_EDGE('',*,*,#4032,.F.);
#5212=ORIENTED_EDGE('',*,*,#4038,.F.);
#5213=ORIENTED_EDGE('',*,*,#4013,.T.);
#5214=ORIENTED_EDGE('',*,*,#4031,.F.);
#5215=ORIENTED_EDGE('',*,*,#4011,.F.);
#5216=ORIENTED_EDGE('',*,*,#4043,.F.);
#5217=ORIENTED_EDGE('',*,*,#4039,.T.);
#5218=ORIENTED_EDGE('',*,*,#4004,.F.);
#5219=ORIENTED_EDGE('',*,*,#3994,.F.);
#5220=ORIENTED_EDGE('',*,*,#4044,.F.);
#5221=ORIENTED_EDGE('',*,*,#4028,.F.);
#5222=ORIENTED_EDGE('',*,*,#4000,.F.);
#5223=ORIENTED_EDGE('',*,*,#3993,.F.);
#5224=ORIENTED_EDGE('',*,*,#3999,.T.);
#5225=ORIENTED_EDGE('',*,*,#4041,.T.);
#5226=ORIENTED_EDGE('',*,*,#4020,.F.);
#5227=ORIENTED_EDGE('',*,*,#4018,.T.);
#5228=ORIENTED_EDGE('',*,*,#4015,.F.);
#5229=ORIENTED_EDGE('',*,*,#4040,.T.);
#5230=ORIENTED_EDGE('',*,*,#4043,.T.);
#5231=ORIENTED_EDGE('',*,*,#4010,.F.);
#5232=ORIENTED_EDGE('',*,*,#4014,.T.);
#5233=ORIENTED_EDGE('',*,*,#4037,.F.);
#5234=ORIENTED_EDGE('',*,*,#4044,.T.);
#5235=ORIENTED_EDGE('',*,*,#4045,.T.);
#5236=ORIENTED_EDGE('',*,*,#4046,.T.);
#5237=ORIENTED_EDGE('',*,*,#4047,.T.);
#5238=ORIENTED_EDGE('',*,*,#4048,.T.);
#5239=ORIENTED_EDGE('',*,*,#4048,.F.);
#5240=ORIENTED_EDGE('',*,*,#4049,.F.);
#5241=ORIENTED_EDGE('',*,*,#4050,.T.);
#5242=ORIENTED_EDGE('',*,*,#4051,.F.);
#5243=ORIENTED_EDGE('',*,*,#4047,.F.);
#5244=ORIENTED_EDGE('',*,*,#4052,.T.);
#5245=ORIENTED_EDGE('',*,*,#4053,.F.);
#5246=ORIENTED_EDGE('',*,*,#4054,.T.);
#5247=ORIENTED_EDGE('',*,*,#4055,.F.);
#5248=ORIENTED_EDGE('',*,*,#4056,.T.);
#5249=ORIENTED_EDGE('',*,*,#4057,.T.);
#5250=ORIENTED_EDGE('',*,*,#4058,.F.);
#5251=ORIENTED_EDGE('',*,*,#4059,.T.);
#5252=ORIENTED_EDGE('',*,*,#4060,.F.);
#5253=ORIENTED_EDGE('',*,*,#4061,.T.);
#5254=ORIENTED_EDGE('',*,*,#4049,.T.);
#5255=ORIENTED_EDGE('',*,*,#4062,.T.);
#5256=ORIENTED_EDGE('',*,*,#4063,.T.);
#5257=ORIENTED_EDGE('',*,*,#4055,.T.);
#5258=ORIENTED_EDGE('',*,*,#4064,.T.);
#5259=ORIENTED_EDGE('',*,*,#4064,.F.);
#5260=ORIENTED_EDGE('',*,*,#4054,.F.);
#5261=ORIENTED_EDGE('',*,*,#4065,.F.);
#5262=ORIENTED_EDGE('',*,*,#4066,.F.);
#5263=ORIENTED_EDGE('',*,*,#4067,.T.);
#5264=ORIENTED_EDGE('',*,*,#4068,.T.);
#5265=ORIENTED_EDGE('',*,*,#4058,.T.);
#5266=ORIENTED_EDGE('',*,*,#4069,.T.);
#5267=ORIENTED_EDGE('',*,*,#4068,.F.);
#5268=ORIENTED_EDGE('',*,*,#4070,.F.);
#5269=ORIENTED_EDGE('',*,*,#4071,.F.);
#5270=ORIENTED_EDGE('',*,*,#4059,.F.);
#5271=ORIENTED_EDGE('',*,*,#4072,.T.);
#5272=ORIENTED_EDGE('',*,*,#4073,.T.);
#5273=ORIENTED_EDGE('',*,*,#4060,.T.);
#5274=ORIENTED_EDGE('',*,*,#4071,.T.);
#5275=ORIENTED_EDGE('',*,*,#4074,.T.);
#5276=ORIENTED_EDGE('',*,*,#4075,.T.);
#5277=ORIENTED_EDGE('',*,*,#4076,.T.);
#5278=ORIENTED_EDGE('',*,*,#4077,.T.);
#5279=ORIENTED_EDGE('',*,*,#4078,.F.);
#5280=ORIENTED_EDGE('',*,*,#4079,.F.);
#5281=ORIENTED_EDGE('',*,*,#4080,.T.);
#5282=ORIENTED_EDGE('',*,*,#4081,.F.);
#5283=ORIENTED_EDGE('',*,*,#4082,.F.);
#5284=ORIENTED_EDGE('',*,*,#4083,.T.);
#5285=ORIENTED_EDGE('',*,*,#4053,.T.);
#5286=ORIENTED_EDGE('',*,*,#4079,.T.);
#5287=ORIENTED_EDGE('',*,*,#4084,.T.);
#5288=ORIENTED_EDGE('',*,*,#4085,.F.);
#5289=ORIENTED_EDGE('',*,*,#4086,.T.);
#5290=ORIENTED_EDGE('',*,*,#4075,.F.);
#5291=ORIENTED_EDGE('',*,*,#4078,.T.);
#5292=ORIENTED_EDGE('',*,*,#4077,.F.);
#5293=ORIENTED_EDGE('',*,*,#4087,.T.);
#5294=ORIENTED_EDGE('',*,*,#4088,.F.);
#5295=ORIENTED_EDGE('',*,*,#4074,.F.);
#5296=ORIENTED_EDGE('',*,*,#4081,.T.);
#5297=ORIENTED_EDGE('',*,*,#4089,.T.);
#5298=ORIENTED_EDGE('',*,*,#4090,.T.);
#5299=ORIENTED_EDGE('',*,*,#4069,.F.);
#5300=ORIENTED_EDGE('',*,*,#4057,.F.);
#5301=ORIENTED_EDGE('',*,*,#4091,.F.);
#5302=ORIENTED_EDGE('',*,*,#4092,.F.);
#5303=ORIENTED_EDGE('',*,*,#4073,.F.);
#5304=ORIENTED_EDGE('',*,*,#4093,.F.);
#5305=ORIENTED_EDGE('',*,*,#4050,.F.);
#5306=ORIENTED_EDGE('',*,*,#4061,.F.);
#5307=ORIENTED_EDGE('',*,*,#4082,.T.);
#5308=ORIENTED_EDGE('',*,*,#4088,.T.);
#5309=ORIENTED_EDGE('',*,*,#4094,.T.);
#5310=ORIENTED_EDGE('',*,*,#4085,.T.);
#5311=ORIENTED_EDGE('',*,*,#4087,.F.);
#5312=ORIENTED_EDGE('',*,*,#4076,.F.);
#5313=ORIENTED_EDGE('',*,*,#4086,.F.);
#5314=ORIENTED_EDGE('',*,*,#4094,.F.);
#5315=ORIENTED_EDGE('',*,*,#4084,.F.);
#5316=ORIENTED_EDGE('',*,*,#4090,.F.);
#5317=ORIENTED_EDGE('',*,*,#4065,.T.);
#5318=ORIENTED_EDGE('',*,*,#4083,.F.);
#5319=ORIENTED_EDGE('',*,*,#4063,.F.);
#5320=ORIENTED_EDGE('',*,*,#4095,.F.);
#5321=ORIENTED_EDGE('',*,*,#4091,.T.);
#5322=ORIENTED_EDGE('',*,*,#4056,.F.);
#5323=ORIENTED_EDGE('',*,*,#4046,.F.);
#5324=ORIENTED_EDGE('',*,*,#4096,.F.);
#5325=ORIENTED_EDGE('',*,*,#4080,.F.);
#5326=ORIENTED_EDGE('',*,*,#4052,.F.);
#5327=ORIENTED_EDGE('',*,*,#4045,.F.);
#5328=ORIENTED_EDGE('',*,*,#4051,.T.);
#5329=ORIENTED_EDGE('',*,*,#4093,.T.);
#5330=ORIENTED_EDGE('',*,*,#4072,.F.);
#5331=ORIENTED_EDGE('',*,*,#4070,.T.);
#5332=ORIENTED_EDGE('',*,*,#4067,.F.);
#5333=ORIENTED_EDGE('',*,*,#4092,.T.);
#5334=ORIENTED_EDGE('',*,*,#4095,.T.);
#5335=ORIENTED_EDGE('',*,*,#4062,.F.);
#5336=ORIENTED_EDGE('',*,*,#4066,.T.);
#5337=ORIENTED_EDGE('',*,*,#4089,.F.);
#5338=ORIENTED_EDGE('',*,*,#4096,.T.);
#5339=ORIENTED_EDGE('',*,*,#4097,.T.);
#5340=ORIENTED_EDGE('',*,*,#4098,.T.);
#5341=ORIENTED_EDGE('',*,*,#4099,.T.);
#5342=ORIENTED_EDGE('',*,*,#4100,.T.);
#5343=ORIENTED_EDGE('',*,*,#4100,.F.);
#5344=ORIENTED_EDGE('',*,*,#4101,.F.);
#5345=ORIENTED_EDGE('',*,*,#4102,.T.);
#5346=ORIENTED_EDGE('',*,*,#4103,.F.);
#5347=ORIENTED_EDGE('',*,*,#4099,.F.);
#5348=ORIENTED_EDGE('',*,*,#4104,.T.);
#5349=ORIENTED_EDGE('',*,*,#4105,.F.);
#5350=ORIENTED_EDGE('',*,*,#4106,.T.);
#5351=ORIENTED_EDGE('',*,*,#4107,.F.);
#5352=ORIENTED_EDGE('',*,*,#4108,.T.);
#5353=ORIENTED_EDGE('',*,*,#4109,.T.);
#5354=ORIENTED_EDGE('',*,*,#4110,.F.);
#5355=ORIENTED_EDGE('',*,*,#4111,.T.);
#5356=ORIENTED_EDGE('',*,*,#4112,.F.);
#5357=ORIENTED_EDGE('',*,*,#4113,.T.);
#5358=ORIENTED_EDGE('',*,*,#4101,.T.);
#5359=ORIENTED_EDGE('',*,*,#4114,.T.);
#5360=ORIENTED_EDGE('',*,*,#4115,.T.);
#5361=ORIENTED_EDGE('',*,*,#4107,.T.);
#5362=ORIENTED_EDGE('',*,*,#4116,.T.);
#5363=ORIENTED_EDGE('',*,*,#4116,.F.);
#5364=ORIENTED_EDGE('',*,*,#4106,.F.);
#5365=ORIENTED_EDGE('',*,*,#4117,.F.);
#5366=ORIENTED_EDGE('',*,*,#4118,.F.);
#5367=ORIENTED_EDGE('',*,*,#4119,.T.);
#5368=ORIENTED_EDGE('',*,*,#4120,.T.);
#5369=ORIENTED_EDGE('',*,*,#4110,.T.);
#5370=ORIENTED_EDGE('',*,*,#4121,.T.);
#5371=ORIENTED_EDGE('',*,*,#4120,.F.);
#5372=ORIENTED_EDGE('',*,*,#4122,.F.);
#5373=ORIENTED_EDGE('',*,*,#4123,.F.);
#5374=ORIENTED_EDGE('',*,*,#4111,.F.);
#5375=ORIENTED_EDGE('',*,*,#4124,.T.);
#5376=ORIENTED_EDGE('',*,*,#4125,.T.);
#5377=ORIENTED_EDGE('',*,*,#4112,.T.);
#5378=ORIENTED_EDGE('',*,*,#4123,.T.);
#5379=ORIENTED_EDGE('',*,*,#4126,.T.);
#5380=ORIENTED_EDGE('',*,*,#4127,.T.);
#5381=ORIENTED_EDGE('',*,*,#4128,.T.);
#5382=ORIENTED_EDGE('',*,*,#4129,.T.);
#5383=ORIENTED_EDGE('',*,*,#4130,.F.);
#5384=ORIENTED_EDGE('',*,*,#4131,.F.);
#5385=ORIENTED_EDGE('',*,*,#4132,.T.);
#5386=ORIENTED_EDGE('',*,*,#4133,.F.);
#5387=ORIENTED_EDGE('',*,*,#4134,.F.);
#5388=ORIENTED_EDGE('',*,*,#4135,.T.);
#5389=ORIENTED_EDGE('',*,*,#4105,.T.);
#5390=ORIENTED_EDGE('',*,*,#4131,.T.);
#5391=ORIENTED_EDGE('',*,*,#4136,.T.);
#5392=ORIENTED_EDGE('',*,*,#4137,.F.);
#5393=ORIENTED_EDGE('',*,*,#4138,.T.);
#5394=ORIENTED_EDGE('',*,*,#4127,.F.);
#5395=ORIENTED_EDGE('',*,*,#4130,.T.);
#5396=ORIENTED_EDGE('',*,*,#4129,.F.);
#5397=ORIENTED_EDGE('',*,*,#4139,.T.);
#5398=ORIENTED_EDGE('',*,*,#4140,.F.);
#5399=ORIENTED_EDGE('',*,*,#4126,.F.);
#5400=ORIENTED_EDGE('',*,*,#4133,.T.);
#5401=ORIENTED_EDGE('',*,*,#4141,.T.);
#5402=ORIENTED_EDGE('',*,*,#4142,.T.);
#5403=ORIENTED_EDGE('',*,*,#4121,.F.);
#5404=ORIENTED_EDGE('',*,*,#4109,.F.);
#5405=ORIENTED_EDGE('',*,*,#4143,.F.);
#5406=ORIENTED_EDGE('',*,*,#4144,.F.);
#5407=ORIENTED_EDGE('',*,*,#4125,.F.);
#5408=ORIENTED_EDGE('',*,*,#4145,.F.);
#5409=ORIENTED_EDGE('',*,*,#4102,.F.);
#5410=ORIENTED_EDGE('',*,*,#4113,.F.);
#5411=ORIENTED_EDGE('',*,*,#4134,.T.);
#5412=ORIENTED_EDGE('',*,*,#4140,.T.);
#5413=ORIENTED_EDGE('',*,*,#4146,.T.);
#5414=ORIENTED_EDGE('',*,*,#4137,.T.);
#5415=ORIENTED_EDGE('',*,*,#4139,.F.);
#5416=ORIENTED_EDGE('',*,*,#4128,.F.);
#5417=ORIENTED_EDGE('',*,*,#4138,.F.);
#5418=ORIENTED_EDGE('',*,*,#4146,.F.);
#5419=ORIENTED_EDGE('',*,*,#4136,.F.);
#5420=ORIENTED_EDGE('',*,*,#4142,.F.);
#5421=ORIENTED_EDGE('',*,*,#4117,.T.);
#5422=ORIENTED_EDGE('',*,*,#4135,.F.);
#5423=ORIENTED_EDGE('',*,*,#4115,.F.);
#5424=ORIENTED_EDGE('',*,*,#4147,.F.);
#5425=ORIENTED_EDGE('',*,*,#4143,.T.);
#5426=ORIENTED_EDGE('',*,*,#4108,.F.);
#5427=ORIENTED_EDGE('',*,*,#4098,.F.);
#5428=ORIENTED_EDGE('',*,*,#4148,.F.);
#5429=ORIENTED_EDGE('',*,*,#4132,.F.);
#5430=ORIENTED_EDGE('',*,*,#4104,.F.);
#5431=ORIENTED_EDGE('',*,*,#4097,.F.);
#5432=ORIENTED_EDGE('',*,*,#4103,.T.);
#5433=ORIENTED_EDGE('',*,*,#4145,.T.);
#5434=ORIENTED_EDGE('',*,*,#4124,.F.);
#5435=ORIENTED_EDGE('',*,*,#4122,.T.);
#5436=ORIENTED_EDGE('',*,*,#4119,.F.);
#5437=ORIENTED_EDGE('',*,*,#4144,.T.);
#5438=ORIENTED_EDGE('',*,*,#4147,.T.);
#5439=ORIENTED_EDGE('',*,*,#4114,.F.);
#5440=ORIENTED_EDGE('',*,*,#4118,.T.);
#5441=ORIENTED_EDGE('',*,*,#4141,.F.);
#5442=ORIENTED_EDGE('',*,*,#4148,.T.);
#5443=ORIENTED_EDGE('',*,*,#4149,.T.);
#5444=ORIENTED_EDGE('',*,*,#4150,.T.);
#5445=ORIENTED_EDGE('',*,*,#4151,.T.);
#5446=ORIENTED_EDGE('',*,*,#4152,.T.);
#5447=ORIENTED_EDGE('',*,*,#4152,.F.);
#5448=ORIENTED_EDGE('',*,*,#4153,.F.);
#5449=ORIENTED_EDGE('',*,*,#4154,.T.);
#5450=ORIENTED_EDGE('',*,*,#4155,.F.);
#5451=ORIENTED_EDGE('',*,*,#4151,.F.);
#5452=ORIENTED_EDGE('',*,*,#4156,.T.);
#5453=ORIENTED_EDGE('',*,*,#4157,.F.);
#5454=ORIENTED_EDGE('',*,*,#4158,.T.);
#5455=ORIENTED_EDGE('',*,*,#4159,.F.);
#5456=ORIENTED_EDGE('',*,*,#4160,.T.);
#5457=ORIENTED_EDGE('',*,*,#4161,.T.);
#5458=ORIENTED_EDGE('',*,*,#4162,.F.);
#5459=ORIENTED_EDGE('',*,*,#4163,.T.);
#5460=ORIENTED_EDGE('',*,*,#4164,.F.);
#5461=ORIENTED_EDGE('',*,*,#4165,.T.);
#5462=ORIENTED_EDGE('',*,*,#4153,.T.);
#5463=ORIENTED_EDGE('',*,*,#4166,.T.);
#5464=ORIENTED_EDGE('',*,*,#4167,.T.);
#5465=ORIENTED_EDGE('',*,*,#4159,.T.);
#5466=ORIENTED_EDGE('',*,*,#4168,.T.);
#5467=ORIENTED_EDGE('',*,*,#4168,.F.);
#5468=ORIENTED_EDGE('',*,*,#4158,.F.);
#5469=ORIENTED_EDGE('',*,*,#4169,.F.);
#5470=ORIENTED_EDGE('',*,*,#4170,.F.);
#5471=ORIENTED_EDGE('',*,*,#4171,.T.);
#5472=ORIENTED_EDGE('',*,*,#4172,.T.);
#5473=ORIENTED_EDGE('',*,*,#4162,.T.);
#5474=ORIENTED_EDGE('',*,*,#4173,.T.);
#5475=ORIENTED_EDGE('',*,*,#4172,.F.);
#5476=ORIENTED_EDGE('',*,*,#4174,.F.);
#5477=ORIENTED_EDGE('',*,*,#4175,.F.);
#5478=ORIENTED_EDGE('',*,*,#4163,.F.);
#5479=ORIENTED_EDGE('',*,*,#4176,.T.);
#5480=ORIENTED_EDGE('',*,*,#4177,.T.);
#5481=ORIENTED_EDGE('',*,*,#4164,.T.);
#5482=ORIENTED_EDGE('',*,*,#4175,.T.);
#5483=ORIENTED_EDGE('',*,*,#4178,.T.);
#5484=ORIENTED_EDGE('',*,*,#4179,.T.);
#5485=ORIENTED_EDGE('',*,*,#4180,.T.);
#5486=ORIENTED_EDGE('',*,*,#4181,.T.);
#5487=ORIENTED_EDGE('',*,*,#4182,.F.);
#5488=ORIENTED_EDGE('',*,*,#4183,.F.);
#5489=ORIENTED_EDGE('',*,*,#4184,.T.);
#5490=ORIENTED_EDGE('',*,*,#4185,.F.);
#5491=ORIENTED_EDGE('',*,*,#4186,.F.);
#5492=ORIENTED_EDGE('',*,*,#4187,.T.);
#5493=ORIENTED_EDGE('',*,*,#4157,.T.);
#5494=ORIENTED_EDGE('',*,*,#4183,.T.);
#5495=ORIENTED_EDGE('',*,*,#4188,.T.);
#5496=ORIENTED_EDGE('',*,*,#4189,.F.);
#5497=ORIENTED_EDGE('',*,*,#4190,.T.);
#5498=ORIENTED_EDGE('',*,*,#4179,.F.);
#5499=ORIENTED_EDGE('',*,*,#4182,.T.);
#5500=ORIENTED_EDGE('',*,*,#4181,.F.);
#5501=ORIENTED_EDGE('',*,*,#4191,.T.);
#5502=ORIENTED_EDGE('',*,*,#4192,.F.);
#5503=ORIENTED_EDGE('',*,*,#4178,.F.);
#5504=ORIENTED_EDGE('',*,*,#4185,.T.);
#5505=ORIENTED_EDGE('',*,*,#4193,.T.);
#5506=ORIENTED_EDGE('',*,*,#4194,.T.);
#5507=ORIENTED_EDGE('',*,*,#4173,.F.);
#5508=ORIENTED_EDGE('',*,*,#4161,.F.);
#5509=ORIENTED_EDGE('',*,*,#4195,.F.);
#5510=ORIENTED_EDGE('',*,*,#4196,.F.);
#5511=ORIENTED_EDGE('',*,*,#4177,.F.);
#5512=ORIENTED_EDGE('',*,*,#4197,.F.);
#5513=ORIENTED_EDGE('',*,*,#4154,.F.);
#5514=ORIENTED_EDGE('',*,*,#4165,.F.);
#5515=ORIENTED_EDGE('',*,*,#4186,.T.);
#5516=ORIENTED_EDGE('',*,*,#4192,.T.);
#5517=ORIENTED_EDGE('',*,*,#4198,.T.);
#5518=ORIENTED_EDGE('',*,*,#4189,.T.);
#5519=ORIENTED_EDGE('',*,*,#4191,.F.);
#5520=ORIENTED_EDGE('',*,*,#4180,.F.);
#5521=ORIENTED_EDGE('',*,*,#4190,.F.);
#5522=ORIENTED_EDGE('',*,*,#4198,.F.);
#5523=ORIENTED_EDGE('',*,*,#4188,.F.);
#5524=ORIENTED_EDGE('',*,*,#4194,.F.);
#5525=ORIENTED_EDGE('',*,*,#4169,.T.);
#5526=ORIENTED_EDGE('',*,*,#4187,.F.);
#5527=ORIENTED_EDGE('',*,*,#4167,.F.);
#5528=ORIENTED_EDGE('',*,*,#4199,.F.);
#5529=ORIENTED_EDGE('',*,*,#4195,.T.);
#5530=ORIENTED_EDGE('',*,*,#4160,.F.);
#5531=ORIENTED_EDGE('',*,*,#4150,.F.);
#5532=ORIENTED_EDGE('',*,*,#4200,.F.);
#5533=ORIENTED_EDGE('',*,*,#4184,.F.);
#5534=ORIENTED_EDGE('',*,*,#4156,.F.);
#5535=ORIENTED_EDGE('',*,*,#4149,.F.);
#5536=ORIENTED_EDGE('',*,*,#4155,.T.);
#5537=ORIENTED_EDGE('',*,*,#4197,.T.);
#5538=ORIENTED_EDGE('',*,*,#4176,.F.);
#5539=ORIENTED_EDGE('',*,*,#4174,.T.);
#5540=ORIENTED_EDGE('',*,*,#4171,.F.);
#5541=ORIENTED_EDGE('',*,*,#4196,.T.);
#5542=ORIENTED_EDGE('',*,*,#4199,.T.);
#5543=ORIENTED_EDGE('',*,*,#4166,.F.);
#5544=ORIENTED_EDGE('',*,*,#4170,.T.);
#5545=ORIENTED_EDGE('',*,*,#4193,.F.);
#5546=ORIENTED_EDGE('',*,*,#4200,.T.);
#5547=ORIENTED_EDGE('',*,*,#4201,.T.);
#5548=ORIENTED_EDGE('',*,*,#4202,.T.);
#5549=ORIENTED_EDGE('',*,*,#4203,.T.);
#5550=ORIENTED_EDGE('',*,*,#4204,.T.);
#5551=ORIENTED_EDGE('',*,*,#4204,.F.);
#5552=ORIENTED_EDGE('',*,*,#4205,.F.);
#5553=ORIENTED_EDGE('',*,*,#4206,.T.);
#5554=ORIENTED_EDGE('',*,*,#4207,.F.);
#5555=ORIENTED_EDGE('',*,*,#4203,.F.);
#5556=ORIENTED_EDGE('',*,*,#4208,.T.);
#5557=ORIENTED_EDGE('',*,*,#4209,.F.);
#5558=ORIENTED_EDGE('',*,*,#4210,.T.);
#5559=ORIENTED_EDGE('',*,*,#4211,.F.);
#5560=ORIENTED_EDGE('',*,*,#4212,.T.);
#5561=ORIENTED_EDGE('',*,*,#4213,.T.);
#5562=ORIENTED_EDGE('',*,*,#4214,.F.);
#5563=ORIENTED_EDGE('',*,*,#4215,.T.);
#5564=ORIENTED_EDGE('',*,*,#4216,.F.);
#5565=ORIENTED_EDGE('',*,*,#4217,.T.);
#5566=ORIENTED_EDGE('',*,*,#4205,.T.);
#5567=ORIENTED_EDGE('',*,*,#4218,.T.);
#5568=ORIENTED_EDGE('',*,*,#4219,.T.);
#5569=ORIENTED_EDGE('',*,*,#4211,.T.);
#5570=ORIENTED_EDGE('',*,*,#4220,.T.);
#5571=ORIENTED_EDGE('',*,*,#4220,.F.);
#5572=ORIENTED_EDGE('',*,*,#4210,.F.);
#5573=ORIENTED_EDGE('',*,*,#4221,.F.);
#5574=ORIENTED_EDGE('',*,*,#4222,.F.);
#5575=ORIENTED_EDGE('',*,*,#4223,.T.);
#5576=ORIENTED_EDGE('',*,*,#4224,.T.);
#5577=ORIENTED_EDGE('',*,*,#4214,.T.);
#5578=ORIENTED_EDGE('',*,*,#4225,.T.);
#5579=ORIENTED_EDGE('',*,*,#4224,.F.);
#5580=ORIENTED_EDGE('',*,*,#4226,.F.);
#5581=ORIENTED_EDGE('',*,*,#4227,.F.);
#5582=ORIENTED_EDGE('',*,*,#4215,.F.);
#5583=ORIENTED_EDGE('',*,*,#4228,.T.);
#5584=ORIENTED_EDGE('',*,*,#4229,.T.);
#5585=ORIENTED_EDGE('',*,*,#4216,.T.);
#5586=ORIENTED_EDGE('',*,*,#4227,.T.);
#5587=ORIENTED_EDGE('',*,*,#4230,.T.);
#5588=ORIENTED_EDGE('',*,*,#4231,.T.);
#5589=ORIENTED_EDGE('',*,*,#4232,.T.);
#5590=ORIENTED_EDGE('',*,*,#4233,.T.);
#5591=ORIENTED_EDGE('',*,*,#4234,.F.);
#5592=ORIENTED_EDGE('',*,*,#4235,.F.);
#5593=ORIENTED_EDGE('',*,*,#4236,.T.);
#5594=ORIENTED_EDGE('',*,*,#4237,.F.);
#5595=ORIENTED_EDGE('',*,*,#4238,.F.);
#5596=ORIENTED_EDGE('',*,*,#4239,.T.);
#5597=ORIENTED_EDGE('',*,*,#4209,.T.);
#5598=ORIENTED_EDGE('',*,*,#4235,.T.);
#5599=ORIENTED_EDGE('',*,*,#4240,.T.);
#5600=ORIENTED_EDGE('',*,*,#4241,.F.);
#5601=ORIENTED_EDGE('',*,*,#4242,.T.);
#5602=ORIENTED_EDGE('',*,*,#4231,.F.);
#5603=ORIENTED_EDGE('',*,*,#4234,.T.);
#5604=ORIENTED_EDGE('',*,*,#4233,.F.);
#5605=ORIENTED_EDGE('',*,*,#4243,.T.);
#5606=ORIENTED_EDGE('',*,*,#4244,.F.);
#5607=ORIENTED_EDGE('',*,*,#4230,.F.);
#5608=ORIENTED_EDGE('',*,*,#4237,.T.);
#5609=ORIENTED_EDGE('',*,*,#4245,.T.);
#5610=ORIENTED_EDGE('',*,*,#4246,.T.);
#5611=ORIENTED_EDGE('',*,*,#4225,.F.);
#5612=ORIENTED_EDGE('',*,*,#4213,.F.);
#5613=ORIENTED_EDGE('',*,*,#4247,.F.);
#5614=ORIENTED_EDGE('',*,*,#4248,.F.);
#5615=ORIENTED_EDGE('',*,*,#4229,.F.);
#5616=ORIENTED_EDGE('',*,*,#4249,.F.);
#5617=ORIENTED_EDGE('',*,*,#4206,.F.);
#5618=ORIENTED_EDGE('',*,*,#4217,.F.);
#5619=ORIENTED_EDGE('',*,*,#4238,.T.);
#5620=ORIENTED_EDGE('',*,*,#4244,.T.);
#5621=ORIENTED_EDGE('',*,*,#4250,.T.);
#5622=ORIENTED_EDGE('',*,*,#4241,.T.);
#5623=ORIENTED_EDGE('',*,*,#4243,.F.);
#5624=ORIENTED_EDGE('',*,*,#4232,.F.);
#5625=ORIENTED_EDGE('',*,*,#4242,.F.);
#5626=ORIENTED_EDGE('',*,*,#4250,.F.);
#5627=ORIENTED_EDGE('',*,*,#4240,.F.);
#5628=ORIENTED_EDGE('',*,*,#4246,.F.);
#5629=ORIENTED_EDGE('',*,*,#4221,.T.);
#5630=ORIENTED_EDGE('',*,*,#4239,.F.);
#5631=ORIENTED_EDGE('',*,*,#4219,.F.);
#5632=ORIENTED_EDGE('',*,*,#4251,.F.);
#5633=ORIENTED_EDGE('',*,*,#4247,.T.);
#5634=ORIENTED_EDGE('',*,*,#4212,.F.);
#5635=ORIENTED_EDGE('',*,*,#4202,.F.);
#5636=ORIENTED_EDGE('',*,*,#4252,.F.);
#5637=ORIENTED_EDGE('',*,*,#4236,.F.);
#5638=ORIENTED_EDGE('',*,*,#4208,.F.);
#5639=ORIENTED_EDGE('',*,*,#4201,.F.);
#5640=ORIENTED_EDGE('',*,*,#4207,.T.);
#5641=ORIENTED_EDGE('',*,*,#4249,.T.);
#5642=ORIENTED_EDGE('',*,*,#4228,.F.);
#5643=ORIENTED_EDGE('',*,*,#4226,.T.);
#5644=ORIENTED_EDGE('',*,*,#4223,.F.);
#5645=ORIENTED_EDGE('',*,*,#4248,.T.);
#5646=ORIENTED_EDGE('',*,*,#4251,.T.);
#5647=ORIENTED_EDGE('',*,*,#4218,.F.);
#5648=ORIENTED_EDGE('',*,*,#4222,.T.);
#5649=ORIENTED_EDGE('',*,*,#4245,.F.);
#5650=ORIENTED_EDGE('',*,*,#4252,.T.);
#5651=ORIENTED_EDGE('',*,*,#4253,.T.);
#5652=ORIENTED_EDGE('',*,*,#4254,.T.);
#5653=ORIENTED_EDGE('',*,*,#4255,.T.);
#5654=ORIENTED_EDGE('',*,*,#4256,.T.);
#5655=ORIENTED_EDGE('',*,*,#4256,.F.);
#5656=ORIENTED_EDGE('',*,*,#4257,.F.);
#5657=ORIENTED_EDGE('',*,*,#4258,.T.);
#5658=ORIENTED_EDGE('',*,*,#4259,.F.);
#5659=ORIENTED_EDGE('',*,*,#4255,.F.);
#5660=ORIENTED_EDGE('',*,*,#4260,.T.);
#5661=ORIENTED_EDGE('',*,*,#4261,.F.);
#5662=ORIENTED_EDGE('',*,*,#4262,.T.);
#5663=ORIENTED_EDGE('',*,*,#4263,.F.);
#5664=ORIENTED_EDGE('',*,*,#4264,.T.);
#5665=ORIENTED_EDGE('',*,*,#4265,.T.);
#5666=ORIENTED_EDGE('',*,*,#4266,.F.);
#5667=ORIENTED_EDGE('',*,*,#4267,.T.);
#5668=ORIENTED_EDGE('',*,*,#4268,.F.);
#5669=ORIENTED_EDGE('',*,*,#4269,.T.);
#5670=ORIENTED_EDGE('',*,*,#4257,.T.);
#5671=ORIENTED_EDGE('',*,*,#4270,.T.);
#5672=ORIENTED_EDGE('',*,*,#4271,.T.);
#5673=ORIENTED_EDGE('',*,*,#4263,.T.);
#5674=ORIENTED_EDGE('',*,*,#4272,.T.);
#5675=ORIENTED_EDGE('',*,*,#4272,.F.);
#5676=ORIENTED_EDGE('',*,*,#4262,.F.);
#5677=ORIENTED_EDGE('',*,*,#4273,.F.);
#5678=ORIENTED_EDGE('',*,*,#4274,.F.);
#5679=ORIENTED_EDGE('',*,*,#4275,.T.);
#5680=ORIENTED_EDGE('',*,*,#4276,.T.);
#5681=ORIENTED_EDGE('',*,*,#4266,.T.);
#5682=ORIENTED_EDGE('',*,*,#4277,.T.);
#5683=ORIENTED_EDGE('',*,*,#4276,.F.);
#5684=ORIENTED_EDGE('',*,*,#4278,.F.);
#5685=ORIENTED_EDGE('',*,*,#4279,.F.);
#5686=ORIENTED_EDGE('',*,*,#4267,.F.);
#5687=ORIENTED_EDGE('',*,*,#4280,.T.);
#5688=ORIENTED_EDGE('',*,*,#4281,.T.);
#5689=ORIENTED_EDGE('',*,*,#4268,.T.);
#5690=ORIENTED_EDGE('',*,*,#4279,.T.);
#5691=ORIENTED_EDGE('',*,*,#4282,.T.);
#5692=ORIENTED_EDGE('',*,*,#4283,.T.);
#5693=ORIENTED_EDGE('',*,*,#4284,.T.);
#5694=ORIENTED_EDGE('',*,*,#4285,.T.);
#5695=ORIENTED_EDGE('',*,*,#4286,.F.);
#5696=ORIENTED_EDGE('',*,*,#4287,.F.);
#5697=ORIENTED_EDGE('',*,*,#4288,.T.);
#5698=ORIENTED_EDGE('',*,*,#4289,.F.);
#5699=ORIENTED_EDGE('',*,*,#4290,.F.);
#5700=ORIENTED_EDGE('',*,*,#4291,.T.);
#5701=ORIENTED_EDGE('',*,*,#4261,.T.);
#5702=ORIENTED_EDGE('',*,*,#4287,.T.);
#5703=ORIENTED_EDGE('',*,*,#4292,.T.);
#5704=ORIENTED_EDGE('',*,*,#4293,.F.);
#5705=ORIENTED_EDGE('',*,*,#4294,.T.);
#5706=ORIENTED_EDGE('',*,*,#4283,.F.);
#5707=ORIENTED_EDGE('',*,*,#4286,.T.);
#5708=ORIENTED_EDGE('',*,*,#4285,.F.);
#5709=ORIENTED_EDGE('',*,*,#4295,.T.);
#5710=ORIENTED_EDGE('',*,*,#4296,.F.);
#5711=ORIENTED_EDGE('',*,*,#4282,.F.);
#5712=ORIENTED_EDGE('',*,*,#4289,.T.);
#5713=ORIENTED_EDGE('',*,*,#4297,.T.);
#5714=ORIENTED_EDGE('',*,*,#4298,.T.);
#5715=ORIENTED_EDGE('',*,*,#4277,.F.);
#5716=ORIENTED_EDGE('',*,*,#4265,.F.);
#5717=ORIENTED_EDGE('',*,*,#4299,.F.);
#5718=ORIENTED_EDGE('',*,*,#4300,.F.);
#5719=ORIENTED_EDGE('',*,*,#4281,.F.);
#5720=ORIENTED_EDGE('',*,*,#4301,.F.);
#5721=ORIENTED_EDGE('',*,*,#4258,.F.);
#5722=ORIENTED_EDGE('',*,*,#4269,.F.);
#5723=ORIENTED_EDGE('',*,*,#4290,.T.);
#5724=ORIENTED_EDGE('',*,*,#4296,.T.);
#5725=ORIENTED_EDGE('',*,*,#4302,.T.);
#5726=ORIENTED_EDGE('',*,*,#4293,.T.);
#5727=ORIENTED_EDGE('',*,*,#4295,.F.);
#5728=ORIENTED_EDGE('',*,*,#4284,.F.);
#5729=ORIENTED_EDGE('',*,*,#4294,.F.);
#5730=ORIENTED_EDGE('',*,*,#4302,.F.);
#5731=ORIENTED_EDGE('',*,*,#4292,.F.);
#5732=ORIENTED_EDGE('',*,*,#4298,.F.);
#5733=ORIENTED_EDGE('',*,*,#4273,.T.);
#5734=ORIENTED_EDGE('',*,*,#4291,.F.);
#5735=ORIENTED_EDGE('',*,*,#4271,.F.);
#5736=ORIENTED_EDGE('',*,*,#4303,.F.);
#5737=ORIENTED_EDGE('',*,*,#4299,.T.);
#5738=ORIENTED_EDGE('',*,*,#4264,.F.);
#5739=ORIENTED_EDGE('',*,*,#4254,.F.);
#5740=ORIENTED_EDGE('',*,*,#4304,.F.);
#5741=ORIENTED_EDGE('',*,*,#4288,.F.);
#5742=ORIENTED_EDGE('',*,*,#4260,.F.);
#5743=ORIENTED_EDGE('',*,*,#4253,.F.);
#5744=ORIENTED_EDGE('',*,*,#4259,.T.);
#5745=ORIENTED_EDGE('',*,*,#4301,.T.);
#5746=ORIENTED_EDGE('',*,*,#4280,.F.);
#5747=ORIENTED_EDGE('',*,*,#4278,.T.);
#5748=ORIENTED_EDGE('',*,*,#4275,.F.);
#5749=ORIENTED_EDGE('',*,*,#4300,.T.);
#5750=ORIENTED_EDGE('',*,*,#4303,.T.);
#5751=ORIENTED_EDGE('',*,*,#4270,.F.);
#5752=ORIENTED_EDGE('',*,*,#4274,.T.);
#5753=ORIENTED_EDGE('',*,*,#4297,.F.);
#5754=ORIENTED_EDGE('',*,*,#4304,.T.);
#5755=ORIENTED_EDGE('',*,*,#4305,.T.);
#5756=ORIENTED_EDGE('',*,*,#4306,.T.);
#5757=ORIENTED_EDGE('',*,*,#4307,.T.);
#5758=ORIENTED_EDGE('',*,*,#4308,.T.);
#5759=ORIENTED_EDGE('',*,*,#4308,.F.);
#5760=ORIENTED_EDGE('',*,*,#4309,.F.);
#5761=ORIENTED_EDGE('',*,*,#4310,.T.);
#5762=ORIENTED_EDGE('',*,*,#4311,.F.);
#5763=ORIENTED_EDGE('',*,*,#4307,.F.);
#5764=ORIENTED_EDGE('',*,*,#4312,.T.);
#5765=ORIENTED_EDGE('',*,*,#4313,.F.);
#5766=ORIENTED_EDGE('',*,*,#4314,.T.);
#5767=ORIENTED_EDGE('',*,*,#4315,.F.);
#5768=ORIENTED_EDGE('',*,*,#4316,.T.);
#5769=ORIENTED_EDGE('',*,*,#4317,.T.);
#5770=ORIENTED_EDGE('',*,*,#4318,.F.);
#5771=ORIENTED_EDGE('',*,*,#4319,.T.);
#5772=ORIENTED_EDGE('',*,*,#4320,.F.);
#5773=ORIENTED_EDGE('',*,*,#4321,.T.);
#5774=ORIENTED_EDGE('',*,*,#4309,.T.);
#5775=ORIENTED_EDGE('',*,*,#4322,.T.);
#5776=ORIENTED_EDGE('',*,*,#4323,.T.);
#5777=ORIENTED_EDGE('',*,*,#4315,.T.);
#5778=ORIENTED_EDGE('',*,*,#4324,.T.);
#5779=ORIENTED_EDGE('',*,*,#4324,.F.);
#5780=ORIENTED_EDGE('',*,*,#4314,.F.);
#5781=ORIENTED_EDGE('',*,*,#4325,.F.);
#5782=ORIENTED_EDGE('',*,*,#4326,.F.);
#5783=ORIENTED_EDGE('',*,*,#4327,.T.);
#5784=ORIENTED_EDGE('',*,*,#4328,.T.);
#5785=ORIENTED_EDGE('',*,*,#4318,.T.);
#5786=ORIENTED_EDGE('',*,*,#4329,.T.);
#5787=ORIENTED_EDGE('',*,*,#4328,.F.);
#5788=ORIENTED_EDGE('',*,*,#4330,.F.);
#5789=ORIENTED_EDGE('',*,*,#4331,.F.);
#5790=ORIENTED_EDGE('',*,*,#4319,.F.);
#5791=ORIENTED_EDGE('',*,*,#4332,.T.);
#5792=ORIENTED_EDGE('',*,*,#4333,.T.);
#5793=ORIENTED_EDGE('',*,*,#4320,.T.);
#5794=ORIENTED_EDGE('',*,*,#4331,.T.);
#5795=ORIENTED_EDGE('',*,*,#4334,.T.);
#5796=ORIENTED_EDGE('',*,*,#4335,.T.);
#5797=ORIENTED_EDGE('',*,*,#4336,.T.);
#5798=ORIENTED_EDGE('',*,*,#4337,.T.);
#5799=ORIENTED_EDGE('',*,*,#4338,.F.);
#5800=ORIENTED_EDGE('',*,*,#4339,.F.);
#5801=ORIENTED_EDGE('',*,*,#4340,.T.);
#5802=ORIENTED_EDGE('',*,*,#4341,.F.);
#5803=ORIENTED_EDGE('',*,*,#4342,.F.);
#5804=ORIENTED_EDGE('',*,*,#4343,.T.);
#5805=ORIENTED_EDGE('',*,*,#4313,.T.);
#5806=ORIENTED_EDGE('',*,*,#4339,.T.);
#5807=ORIENTED_EDGE('',*,*,#4344,.T.);
#5808=ORIENTED_EDGE('',*,*,#4345,.F.);
#5809=ORIENTED_EDGE('',*,*,#4346,.T.);
#5810=ORIENTED_EDGE('',*,*,#4335,.F.);
#5811=ORIENTED_EDGE('',*,*,#4338,.T.);
#5812=ORIENTED_EDGE('',*,*,#4337,.F.);
#5813=ORIENTED_EDGE('',*,*,#4347,.T.);
#5814=ORIENTED_EDGE('',*,*,#4348,.F.);
#5815=ORIENTED_EDGE('',*,*,#4334,.F.);
#5816=ORIENTED_EDGE('',*,*,#4341,.T.);
#5817=ORIENTED_EDGE('',*,*,#4349,.T.);
#5818=ORIENTED_EDGE('',*,*,#4350,.T.);
#5819=ORIENTED_EDGE('',*,*,#4329,.F.);
#5820=ORIENTED_EDGE('',*,*,#4317,.F.);
#5821=ORIENTED_EDGE('',*,*,#4351,.F.);
#5822=ORIENTED_EDGE('',*,*,#4352,.F.);
#5823=ORIENTED_EDGE('',*,*,#4333,.F.);
#5824=ORIENTED_EDGE('',*,*,#4353,.F.);
#5825=ORIENTED_EDGE('',*,*,#4310,.F.);
#5826=ORIENTED_EDGE('',*,*,#4321,.F.);
#5827=ORIENTED_EDGE('',*,*,#4342,.T.);
#5828=ORIENTED_EDGE('',*,*,#4348,.T.);
#5829=ORIENTED_EDGE('',*,*,#4354,.T.);
#5830=ORIENTED_EDGE('',*,*,#4345,.T.);
#5831=ORIENTED_EDGE('',*,*,#4347,.F.);
#5832=ORIENTED_EDGE('',*,*,#4336,.F.);
#5833=ORIENTED_EDGE('',*,*,#4346,.F.);
#5834=ORIENTED_EDGE('',*,*,#4354,.F.);
#5835=ORIENTED_EDGE('',*,*,#4344,.F.);
#5836=ORIENTED_EDGE('',*,*,#4350,.F.);
#5837=ORIENTED_EDGE('',*,*,#4325,.T.);
#5838=ORIENTED_EDGE('',*,*,#4343,.F.);
#5839=ORIENTED_EDGE('',*,*,#4323,.F.);
#5840=ORIENTED_EDGE('',*,*,#4355,.F.);
#5841=ORIENTED_EDGE('',*,*,#4351,.T.);
#5842=ORIENTED_EDGE('',*,*,#4316,.F.);
#5843=ORIENTED_EDGE('',*,*,#4306,.F.);
#5844=ORIENTED_EDGE('',*,*,#4356,.F.);
#5845=ORIENTED_EDGE('',*,*,#4340,.F.);
#5846=ORIENTED_EDGE('',*,*,#4312,.F.);
#5847=ORIENTED_EDGE('',*,*,#4305,.F.);
#5848=ORIENTED_EDGE('',*,*,#4311,.T.);
#5849=ORIENTED_EDGE('',*,*,#4353,.T.);
#5850=ORIENTED_EDGE('',*,*,#4332,.F.);
#5851=ORIENTED_EDGE('',*,*,#4330,.T.);
#5852=ORIENTED_EDGE('',*,*,#4327,.F.);
#5853=ORIENTED_EDGE('',*,*,#4352,.T.);
#5854=ORIENTED_EDGE('',*,*,#4355,.T.);
#5855=ORIENTED_EDGE('',*,*,#4322,.F.);
#5856=ORIENTED_EDGE('',*,*,#4326,.T.);
#5857=ORIENTED_EDGE('',*,*,#4349,.F.);
#5858=ORIENTED_EDGE('',*,*,#4356,.T.);
#5859=ORIENTED_EDGE('',*,*,#4357,.T.);
#5860=ORIENTED_EDGE('',*,*,#4358,.T.);
#5861=ORIENTED_EDGE('',*,*,#4359,.T.);
#5862=ORIENTED_EDGE('',*,*,#4360,.T.);
#5863=ORIENTED_EDGE('',*,*,#4360,.F.);
#5864=ORIENTED_EDGE('',*,*,#4361,.F.);
#5865=ORIENTED_EDGE('',*,*,#4362,.T.);
#5866=ORIENTED_EDGE('',*,*,#4363,.F.);
#5867=ORIENTED_EDGE('',*,*,#4359,.F.);
#5868=ORIENTED_EDGE('',*,*,#4364,.T.);
#5869=ORIENTED_EDGE('',*,*,#4365,.F.);
#5870=ORIENTED_EDGE('',*,*,#4366,.T.);
#5871=ORIENTED_EDGE('',*,*,#4367,.F.);
#5872=ORIENTED_EDGE('',*,*,#4368,.T.);
#5873=ORIENTED_EDGE('',*,*,#4369,.T.);
#5874=ORIENTED_EDGE('',*,*,#4370,.F.);
#5875=ORIENTED_EDGE('',*,*,#4371,.T.);
#5876=ORIENTED_EDGE('',*,*,#4372,.F.);
#5877=ORIENTED_EDGE('',*,*,#4373,.T.);
#5878=ORIENTED_EDGE('',*,*,#4361,.T.);
#5879=ORIENTED_EDGE('',*,*,#4374,.T.);
#5880=ORIENTED_EDGE('',*,*,#4375,.T.);
#5881=ORIENTED_EDGE('',*,*,#4367,.T.);
#5882=ORIENTED_EDGE('',*,*,#4376,.T.);
#5883=ORIENTED_EDGE('',*,*,#4376,.F.);
#5884=ORIENTED_EDGE('',*,*,#4366,.F.);
#5885=ORIENTED_EDGE('',*,*,#4377,.F.);
#5886=ORIENTED_EDGE('',*,*,#4378,.F.);
#5887=ORIENTED_EDGE('',*,*,#4379,.T.);
#5888=ORIENTED_EDGE('',*,*,#4380,.T.);
#5889=ORIENTED_EDGE('',*,*,#4370,.T.);
#5890=ORIENTED_EDGE('',*,*,#4381,.T.);
#5891=ORIENTED_EDGE('',*,*,#4380,.F.);
#5892=ORIENTED_EDGE('',*,*,#4382,.F.);
#5893=ORIENTED_EDGE('',*,*,#4383,.F.);
#5894=ORIENTED_EDGE('',*,*,#4371,.F.);
#5895=ORIENTED_EDGE('',*,*,#4384,.T.);
#5896=ORIENTED_EDGE('',*,*,#4385,.T.);
#5897=ORIENTED_EDGE('',*,*,#4372,.T.);
#5898=ORIENTED_EDGE('',*,*,#4383,.T.);
#5899=ORIENTED_EDGE('',*,*,#4386,.T.);
#5900=ORIENTED_EDGE('',*,*,#4387,.T.);
#5901=ORIENTED_EDGE('',*,*,#4388,.T.);
#5902=ORIENTED_EDGE('',*,*,#4389,.T.);
#5903=ORIENTED_EDGE('',*,*,#4390,.F.);
#5904=ORIENTED_EDGE('',*,*,#4391,.F.);
#5905=ORIENTED_EDGE('',*,*,#4392,.T.);
#5906=ORIENTED_EDGE('',*,*,#4393,.F.);
#5907=ORIENTED_EDGE('',*,*,#4394,.F.);
#5908=ORIENTED_EDGE('',*,*,#4395,.T.);
#5909=ORIENTED_EDGE('',*,*,#4365,.T.);
#5910=ORIENTED_EDGE('',*,*,#4391,.T.);
#5911=ORIENTED_EDGE('',*,*,#4396,.T.);
#5912=ORIENTED_EDGE('',*,*,#4397,.F.);
#5913=ORIENTED_EDGE('',*,*,#4398,.T.);
#5914=ORIENTED_EDGE('',*,*,#4387,.F.);
#5915=ORIENTED_EDGE('',*,*,#4390,.T.);
#5916=ORIENTED_EDGE('',*,*,#4389,.F.);
#5917=ORIENTED_EDGE('',*,*,#4399,.T.);
#5918=ORIENTED_EDGE('',*,*,#4400,.F.);
#5919=ORIENTED_EDGE('',*,*,#4386,.F.);
#5920=ORIENTED_EDGE('',*,*,#4393,.T.);
#5921=ORIENTED_EDGE('',*,*,#4401,.T.);
#5922=ORIENTED_EDGE('',*,*,#4402,.T.);
#5923=ORIENTED_EDGE('',*,*,#4381,.F.);
#5924=ORIENTED_EDGE('',*,*,#4369,.F.);
#5925=ORIENTED_EDGE('',*,*,#4403,.F.);
#5926=ORIENTED_EDGE('',*,*,#4404,.F.);
#5927=ORIENTED_EDGE('',*,*,#4385,.F.);
#5928=ORIENTED_EDGE('',*,*,#4405,.F.);
#5929=ORIENTED_EDGE('',*,*,#4362,.F.);
#5930=ORIENTED_EDGE('',*,*,#4373,.F.);
#5931=ORIENTED_EDGE('',*,*,#4394,.T.);
#5932=ORIENTED_EDGE('',*,*,#4400,.T.);
#5933=ORIENTED_EDGE('',*,*,#4406,.T.);
#5934=ORIENTED_EDGE('',*,*,#4397,.T.);
#5935=ORIENTED_EDGE('',*,*,#4399,.F.);
#5936=ORIENTED_EDGE('',*,*,#4388,.F.);
#5937=ORIENTED_EDGE('',*,*,#4398,.F.);
#5938=ORIENTED_EDGE('',*,*,#4406,.F.);
#5939=ORIENTED_EDGE('',*,*,#4396,.F.);
#5940=ORIENTED_EDGE('',*,*,#4402,.F.);
#5941=ORIENTED_EDGE('',*,*,#4377,.T.);
#5942=ORIENTED_EDGE('',*,*,#4395,.F.);
#5943=ORIENTED_EDGE('',*,*,#4375,.F.);
#5944=ORIENTED_EDGE('',*,*,#4407,.F.);
#5945=ORIENTED_EDGE('',*,*,#4403,.T.);
#5946=ORIENTED_EDGE('',*,*,#4368,.F.);
#5947=ORIENTED_EDGE('',*,*,#4358,.F.);
#5948=ORIENTED_EDGE('',*,*,#4408,.F.);
#5949=ORIENTED_EDGE('',*,*,#4392,.F.);
#5950=ORIENTED_EDGE('',*,*,#4364,.F.);
#5951=ORIENTED_EDGE('',*,*,#4357,.F.);
#5952=ORIENTED_EDGE('',*,*,#4363,.T.);
#5953=ORIENTED_EDGE('',*,*,#4405,.T.);
#5954=ORIENTED_EDGE('',*,*,#4384,.F.);
#5955=ORIENTED_EDGE('',*,*,#4382,.T.);
#5956=ORIENTED_EDGE('',*,*,#4379,.F.);
#5957=ORIENTED_EDGE('',*,*,#4404,.T.);
#5958=ORIENTED_EDGE('',*,*,#4407,.T.);
#5959=ORIENTED_EDGE('',*,*,#4374,.F.);
#5960=ORIENTED_EDGE('',*,*,#4378,.T.);
#5961=ORIENTED_EDGE('',*,*,#4401,.F.);
#5962=ORIENTED_EDGE('',*,*,#4408,.T.);
#5963=ORIENTED_EDGE('',*,*,#4409,.F.);
#5964=ORIENTED_EDGE('',*,*,#4410,.F.);
#5965=ORIENTED_EDGE('',*,*,#4411,.F.);
#5966=ORIENTED_EDGE('',*,*,#4412,.F.);
#5967=ORIENTED_EDGE('',*,*,#4410,.T.);
#5968=ORIENTED_EDGE('',*,*,#4413,.T.);
#5969=ORIENTED_EDGE('',*,*,#4414,.F.);
#5970=ORIENTED_EDGE('',*,*,#4415,.T.);
#5971=ORIENTED_EDGE('',*,*,#4411,.T.);
#5972=ORIENTED_EDGE('',*,*,#4415,.F.);
#5973=ORIENTED_EDGE('',*,*,#4416,.F.);
#5974=ORIENTED_EDGE('',*,*,#4417,.T.);
#5975=ORIENTED_EDGE('',*,*,#4418,.F.);
#5976=ORIENTED_EDGE('',*,*,#4419,.T.);
#5977=ORIENTED_EDGE('',*,*,#4420,.F.);
#5978=ORIENTED_EDGE('',*,*,#4421,.F.);
#5979=ORIENTED_EDGE('',*,*,#4422,.T.);
#5980=ORIENTED_EDGE('',*,*,#4423,.F.);
#5981=ORIENTED_EDGE('',*,*,#4424,.T.);
#5982=ORIENTED_EDGE('',*,*,#4425,.F.);
#5983=ORIENTED_EDGE('',*,*,#4426,.F.);
#5984=ORIENTED_EDGE('',*,*,#4427,.F.);
#5985=ORIENTED_EDGE('',*,*,#4422,.F.);
#5986=ORIENTED_EDGE('',*,*,#4428,.F.);
#5987=ORIENTED_EDGE('',*,*,#4427,.T.);
#5988=ORIENTED_EDGE('',*,*,#4429,.T.);
#5989=ORIENTED_EDGE('',*,*,#4430,.T.);
#5990=ORIENTED_EDGE('',*,*,#4423,.T.);
#5991=ORIENTED_EDGE('',*,*,#4431,.F.);
#5992=ORIENTED_EDGE('',*,*,#4432,.F.);
#5993=ORIENTED_EDGE('',*,*,#4419,.F.);
#5994=ORIENTED_EDGE('',*,*,#4433,.F.);
#5995=ORIENTED_EDGE('',*,*,#4433,.T.);
#5996=ORIENTED_EDGE('',*,*,#4418,.T.);
#5997=ORIENTED_EDGE('',*,*,#4434,.T.);
#5998=ORIENTED_EDGE('',*,*,#4435,.T.);
#5999=ORIENTED_EDGE('',*,*,#4436,.F.);
#6000=ORIENTED_EDGE('',*,*,#4434,.F.);
#6001=ORIENTED_EDGE('',*,*,#4417,.F.);
#6002=ORIENTED_EDGE('',*,*,#4437,.F.);
#6003=ORIENTED_EDGE('',*,*,#4438,.F.);
#6004=ORIENTED_EDGE('',*,*,#4439,.F.);
#6005=ORIENTED_EDGE('',*,*,#4440,.F.);
#6006=ORIENTED_EDGE('',*,*,#4441,.F.);
#6007=ORIENTED_EDGE('',*,*,#4442,.T.);
#6008=ORIENTED_EDGE('',*,*,#4443,.T.);
#6009=ORIENTED_EDGE('',*,*,#4444,.F.);
#6010=ORIENTED_EDGE('',*,*,#4445,.T.);
#6011=ORIENTED_EDGE('',*,*,#4446,.T.);
#6012=ORIENTED_EDGE('',*,*,#4445,.F.);
#6013=ORIENTED_EDGE('',*,*,#4424,.F.);
#6014=ORIENTED_EDGE('',*,*,#4447,.F.);
#6015=ORIENTED_EDGE('',*,*,#4448,.F.);
#6016=ORIENTED_EDGE('',*,*,#4441,.T.);
#6017=ORIENTED_EDGE('',*,*,#4449,.F.);
#6018=ORIENTED_EDGE('',*,*,#4450,.T.);
#6019=ORIENTED_EDGE('',*,*,#4442,.F.);
#6020=ORIENTED_EDGE('',*,*,#4451,.T.);
#6021=ORIENTED_EDGE('',*,*,#4452,.F.);
#6022=ORIENTED_EDGE('',*,*,#4439,.T.);
#6023=ORIENTED_EDGE('',*,*,#4438,.T.);
#6024=ORIENTED_EDGE('',*,*,#4453,.F.);
#6025=ORIENTED_EDGE('',*,*,#4454,.F.);
#6026=ORIENTED_EDGE('',*,*,#4443,.F.);
#6027=ORIENTED_EDGE('',*,*,#4432,.T.);
#6028=ORIENTED_EDGE('',*,*,#4455,.T.);
#6029=ORIENTED_EDGE('',*,*,#4456,.T.);
#6030=ORIENTED_EDGE('',*,*,#4420,.T.);
#6031=ORIENTED_EDGE('',*,*,#4437,.T.);
#6032=ORIENTED_EDGE('',*,*,#4416,.T.);
#6033=ORIENTED_EDGE('',*,*,#4414,.T.);
#6034=ORIENTED_EDGE('',*,*,#4457,.T.);
#6035=ORIENTED_EDGE('',*,*,#4446,.F.);
#6036=ORIENTED_EDGE('',*,*,#4450,.F.);
#6037=ORIENTED_EDGE('',*,*,#4458,.F.);
#6038=ORIENTED_EDGE('',*,*,#4451,.F.);
#6039=ORIENTED_EDGE('',*,*,#4452,.T.);
#6040=ORIENTED_EDGE('',*,*,#4458,.T.);
#6041=ORIENTED_EDGE('',*,*,#4449,.T.);
#6042=ORIENTED_EDGE('',*,*,#4440,.T.);
#6043=ORIENTED_EDGE('',*,*,#4448,.T.);
#6044=ORIENTED_EDGE('',*,*,#4447,.T.);
#6045=ORIENTED_EDGE('',*,*,#4430,.F.);
#6046=ORIENTED_EDGE('',*,*,#4453,.T.);
#6047=ORIENTED_EDGE('',*,*,#4428,.T.);
#6048=ORIENTED_EDGE('',*,*,#4421,.T.);
#6049=ORIENTED_EDGE('',*,*,#4456,.F.);
#6050=ORIENTED_EDGE('',*,*,#4459,.T.);
#6051=ORIENTED_EDGE('',*,*,#4412,.T.);
#6052=ORIENTED_EDGE('',*,*,#4425,.T.);
#6053=ORIENTED_EDGE('',*,*,#4444,.T.);
#6054=ORIENTED_EDGE('',*,*,#4460,.T.);
#6055=ORIENTED_EDGE('',*,*,#4409,.T.);
#6056=ORIENTED_EDGE('',*,*,#4460,.F.);
#6057=ORIENTED_EDGE('',*,*,#4454,.T.);
#6058=ORIENTED_EDGE('',*,*,#4429,.F.);
#6059=ORIENTED_EDGE('',*,*,#4426,.T.);
#6060=ORIENTED_EDGE('',*,*,#4459,.F.);
#6061=ORIENTED_EDGE('',*,*,#4455,.F.);
#6062=ORIENTED_EDGE('',*,*,#4431,.T.);
#6063=ORIENTED_EDGE('',*,*,#4435,.F.);
#6064=ORIENTED_EDGE('',*,*,#4436,.T.);
#6065=ORIENTED_EDGE('',*,*,#4457,.F.);
#6066=ORIENTED_EDGE('',*,*,#4413,.F.);
#6067=ORIENTED_EDGE('',*,*,#4461,.F.);
#6068=ORIENTED_EDGE('',*,*,#4462,.F.);
#6069=ORIENTED_EDGE('',*,*,#4463,.F.);
#6070=ORIENTED_EDGE('',*,*,#4464,.F.);
#6071=ORIENTED_EDGE('',*,*,#4462,.T.);
#6072=ORIENTED_EDGE('',*,*,#4465,.T.);
#6073=ORIENTED_EDGE('',*,*,#4466,.F.);
#6074=ORIENTED_EDGE('',*,*,#4467,.T.);
#6075=ORIENTED_EDGE('',*,*,#4463,.T.);
#6076=ORIENTED_EDGE('',*,*,#4467,.F.);
#6077=ORIENTED_EDGE('',*,*,#4468,.F.);
#6078=ORIENTED_EDGE('',*,*,#4469,.T.);
#6079=ORIENTED_EDGE('',*,*,#4470,.F.);
#6080=ORIENTED_EDGE('',*,*,#4471,.T.);
#6081=ORIENTED_EDGE('',*,*,#4472,.F.);
#6082=ORIENTED_EDGE('',*,*,#4473,.F.);
#6083=ORIENTED_EDGE('',*,*,#4474,.T.);
#6084=ORIENTED_EDGE('',*,*,#4475,.F.);
#6085=ORIENTED_EDGE('',*,*,#4476,.T.);
#6086=ORIENTED_EDGE('',*,*,#4477,.F.);
#6087=ORIENTED_EDGE('',*,*,#4478,.F.);
#6088=ORIENTED_EDGE('',*,*,#4479,.F.);
#6089=ORIENTED_EDGE('',*,*,#4474,.F.);
#6090=ORIENTED_EDGE('',*,*,#4480,.F.);
#6091=ORIENTED_EDGE('',*,*,#4479,.T.);
#6092=ORIENTED_EDGE('',*,*,#4481,.T.);
#6093=ORIENTED_EDGE('',*,*,#4482,.T.);
#6094=ORIENTED_EDGE('',*,*,#4475,.T.);
#6095=ORIENTED_EDGE('',*,*,#4483,.F.);
#6096=ORIENTED_EDGE('',*,*,#4484,.F.);
#6097=ORIENTED_EDGE('',*,*,#4471,.F.);
#6098=ORIENTED_EDGE('',*,*,#4485,.F.);
#6099=ORIENTED_EDGE('',*,*,#4485,.T.);
#6100=ORIENTED_EDGE('',*,*,#4470,.T.);
#6101=ORIENTED_EDGE('',*,*,#4486,.T.);
#6102=ORIENTED_EDGE('',*,*,#4487,.T.);
#6103=ORIENTED_EDGE('',*,*,#4488,.F.);
#6104=ORIENTED_EDGE('',*,*,#4486,.F.);
#6105=ORIENTED_EDGE('',*,*,#4469,.F.);
#6106=ORIENTED_EDGE('',*,*,#4489,.F.);
#6107=ORIENTED_EDGE('',*,*,#4490,.F.);
#6108=ORIENTED_EDGE('',*,*,#4491,.F.);
#6109=ORIENTED_EDGE('',*,*,#4492,.F.);
#6110=ORIENTED_EDGE('',*,*,#4493,.F.);
#6111=ORIENTED_EDGE('',*,*,#4494,.T.);
#6112=ORIENTED_EDGE('',*,*,#4495,.T.);
#6113=ORIENTED_EDGE('',*,*,#4496,.F.);
#6114=ORIENTED_EDGE('',*,*,#4497,.T.);
#6115=ORIENTED_EDGE('',*,*,#4498,.T.);
#6116=ORIENTED_EDGE('',*,*,#4497,.F.);
#6117=ORIENTED_EDGE('',*,*,#4476,.F.);
#6118=ORIENTED_EDGE('',*,*,#4499,.F.);
#6119=ORIENTED_EDGE('',*,*,#4500,.F.);
#6120=ORIENTED_EDGE('',*,*,#4493,.T.);
#6121=ORIENTED_EDGE('',*,*,#4501,.F.);
#6122=ORIENTED_EDGE('',*,*,#4502,.T.);
#6123=ORIENTED_EDGE('',*,*,#4494,.F.);
#6124=ORIENTED_EDGE('',*,*,#4503,.T.);
#6125=ORIENTED_EDGE('',*,*,#4504,.F.);
#6126=ORIENTED_EDGE('',*,*,#4491,.T.);
#6127=ORIENTED_EDGE('',*,*,#4490,.T.);
#6128=ORIENTED_EDGE('',*,*,#4505,.F.);
#6129=ORIENTED_EDGE('',*,*,#4506,.F.);
#6130=ORIENTED_EDGE('',*,*,#4495,.F.);
#6131=ORIENTED_EDGE('',*,*,#4484,.T.);
#6132=ORIENTED_EDGE('',*,*,#4507,.T.);
#6133=ORIENTED_EDGE('',*,*,#4508,.T.);
#6134=ORIENTED_EDGE('',*,*,#4472,.T.);
#6135=ORIENTED_EDGE('',*,*,#4489,.T.);
#6136=ORIENTED_EDGE('',*,*,#4468,.T.);
#6137=ORIENTED_EDGE('',*,*,#4466,.T.);
#6138=ORIENTED_EDGE('',*,*,#4509,.T.);
#6139=ORIENTED_EDGE('',*,*,#4498,.F.);
#6140=ORIENTED_EDGE('',*,*,#4502,.F.);
#6141=ORIENTED_EDGE('',*,*,#4510,.F.);
#6142=ORIENTED_EDGE('',*,*,#4503,.F.);
#6143=ORIENTED_EDGE('',*,*,#4504,.T.);
#6144=ORIENTED_EDGE('',*,*,#4510,.T.);
#6145=ORIENTED_EDGE('',*,*,#4501,.T.);
#6146=ORIENTED_EDGE('',*,*,#4492,.T.);
#6147=ORIENTED_EDGE('',*,*,#4500,.T.);
#6148=ORIENTED_EDGE('',*,*,#4499,.T.);
#6149=ORIENTED_EDGE('',*,*,#4482,.F.);
#6150=ORIENTED_EDGE('',*,*,#4505,.T.);
#6151=ORIENTED_EDGE('',*,*,#4480,.T.);
#6152=ORIENTED_EDGE('',*,*,#4473,.T.);
#6153=ORIENTED_EDGE('',*,*,#4508,.F.);
#6154=ORIENTED_EDGE('',*,*,#4511,.T.);
#6155=ORIENTED_EDGE('',*,*,#4464,.T.);
#6156=ORIENTED_EDGE('',*,*,#4477,.T.);
#6157=ORIENTED_EDGE('',*,*,#4496,.T.);
#6158=ORIENTED_EDGE('',*,*,#4512,.T.);
#6159=ORIENTED_EDGE('',*,*,#4461,.T.);
#6160=ORIENTED_EDGE('',*,*,#4512,.F.);
#6161=ORIENTED_EDGE('',*,*,#4506,.T.);
#6162=ORIENTED_EDGE('',*,*,#4481,.F.);
#6163=ORIENTED_EDGE('',*,*,#4478,.T.);
#6164=ORIENTED_EDGE('',*,*,#4511,.F.);
#6165=ORIENTED_EDGE('',*,*,#4507,.F.);
#6166=ORIENTED_EDGE('',*,*,#4483,.T.);
#6167=ORIENTED_EDGE('',*,*,#4487,.F.);
#6168=ORIENTED_EDGE('',*,*,#4488,.T.);
#6169=ORIENTED_EDGE('',*,*,#4509,.F.);
#6170=ORIENTED_EDGE('',*,*,#4465,.F.);
#6171=ORIENTED_EDGE('',*,*,#4513,.F.);
#6172=ORIENTED_EDGE('',*,*,#4514,.F.);
#6173=ORIENTED_EDGE('',*,*,#4515,.F.);
#6174=ORIENTED_EDGE('',*,*,#4516,.F.);
#6175=ORIENTED_EDGE('',*,*,#4514,.T.);
#6176=ORIENTED_EDGE('',*,*,#4517,.T.);
#6177=ORIENTED_EDGE('',*,*,#4518,.F.);
#6178=ORIENTED_EDGE('',*,*,#4519,.T.);
#6179=ORIENTED_EDGE('',*,*,#4515,.T.);
#6180=ORIENTED_EDGE('',*,*,#4519,.F.);
#6181=ORIENTED_EDGE('',*,*,#4520,.F.);
#6182=ORIENTED_EDGE('',*,*,#4521,.T.);
#6183=ORIENTED_EDGE('',*,*,#4522,.F.);
#6184=ORIENTED_EDGE('',*,*,#4523,.T.);
#6185=ORIENTED_EDGE('',*,*,#4524,.F.);
#6186=ORIENTED_EDGE('',*,*,#4525,.F.);
#6187=ORIENTED_EDGE('',*,*,#4526,.T.);
#6188=ORIENTED_EDGE('',*,*,#4527,.F.);
#6189=ORIENTED_EDGE('',*,*,#4528,.T.);
#6190=ORIENTED_EDGE('',*,*,#4529,.F.);
#6191=ORIENTED_EDGE('',*,*,#4530,.F.);
#6192=ORIENTED_EDGE('',*,*,#4531,.F.);
#6193=ORIENTED_EDGE('',*,*,#4526,.F.);
#6194=ORIENTED_EDGE('',*,*,#4532,.F.);
#6195=ORIENTED_EDGE('',*,*,#4531,.T.);
#6196=ORIENTED_EDGE('',*,*,#4533,.T.);
#6197=ORIENTED_EDGE('',*,*,#4534,.T.);
#6198=ORIENTED_EDGE('',*,*,#4527,.T.);
#6199=ORIENTED_EDGE('',*,*,#4535,.F.);
#6200=ORIENTED_EDGE('',*,*,#4536,.F.);
#6201=ORIENTED_EDGE('',*,*,#4523,.F.);
#6202=ORIENTED_EDGE('',*,*,#4537,.F.);
#6203=ORIENTED_EDGE('',*,*,#4537,.T.);
#6204=ORIENTED_EDGE('',*,*,#4522,.T.);
#6205=ORIENTED_EDGE('',*,*,#4538,.T.);
#6206=ORIENTED_EDGE('',*,*,#4539,.T.);
#6207=ORIENTED_EDGE('',*,*,#4540,.F.);
#6208=ORIENTED_EDGE('',*,*,#4538,.F.);
#6209=ORIENTED_EDGE('',*,*,#4521,.F.);
#6210=ORIENTED_EDGE('',*,*,#4541,.F.);
#6211=ORIENTED_EDGE('',*,*,#4542,.F.);
#6212=ORIENTED_EDGE('',*,*,#4543,.F.);
#6213=ORIENTED_EDGE('',*,*,#4544,.F.);
#6214=ORIENTED_EDGE('',*,*,#4545,.F.);
#6215=ORIENTED_EDGE('',*,*,#4546,.T.);
#6216=ORIENTED_EDGE('',*,*,#4547,.T.);
#6217=ORIENTED_EDGE('',*,*,#4548,.F.);
#6218=ORIENTED_EDGE('',*,*,#4549,.T.);
#6219=ORIENTED_EDGE('',*,*,#4550,.T.);
#6220=ORIENTED_EDGE('',*,*,#4549,.F.);
#6221=ORIENTED_EDGE('',*,*,#4528,.F.);
#6222=ORIENTED_EDGE('',*,*,#4551,.F.);
#6223=ORIENTED_EDGE('',*,*,#4552,.F.);
#6224=ORIENTED_EDGE('',*,*,#4545,.T.);
#6225=ORIENTED_EDGE('',*,*,#4553,.F.);
#6226=ORIENTED_EDGE('',*,*,#4554,.T.);
#6227=ORIENTED_EDGE('',*,*,#4546,.F.);
#6228=ORIENTED_EDGE('',*,*,#4555,.T.);
#6229=ORIENTED_EDGE('',*,*,#4556,.F.);
#6230=ORIENTED_EDGE('',*,*,#4543,.T.);
#6231=ORIENTED_EDGE('',*,*,#4542,.T.);
#6232=ORIENTED_EDGE('',*,*,#4557,.F.);
#6233=ORIENTED_EDGE('',*,*,#4558,.F.);
#6234=ORIENTED_EDGE('',*,*,#4547,.F.);
#6235=ORIENTED_EDGE('',*,*,#4536,.T.);
#6236=ORIENTED_EDGE('',*,*,#4559,.T.);
#6237=ORIENTED_EDGE('',*,*,#4560,.T.);
#6238=ORIENTED_EDGE('',*,*,#4524,.T.);
#6239=ORIENTED_EDGE('',*,*,#4541,.T.);
#6240=ORIENTED_EDGE('',*,*,#4520,.T.);
#6241=ORIENTED_EDGE('',*,*,#4518,.T.);
#6242=ORIENTED_EDGE('',*,*,#4561,.T.);
#6243=ORIENTED_EDGE('',*,*,#4550,.F.);
#6244=ORIENTED_EDGE('',*,*,#4554,.F.);
#6245=ORIENTED_EDGE('',*,*,#4562,.F.);
#6246=ORIENTED_EDGE('',*,*,#4555,.F.);
#6247=ORIENTED_EDGE('',*,*,#4556,.T.);
#6248=ORIENTED_EDGE('',*,*,#4562,.T.);
#6249=ORIENTED_EDGE('',*,*,#4553,.T.);
#6250=ORIENTED_EDGE('',*,*,#4544,.T.);
#6251=ORIENTED_EDGE('',*,*,#4552,.T.);
#6252=ORIENTED_EDGE('',*,*,#4551,.T.);
#6253=ORIENTED_EDGE('',*,*,#4534,.F.);
#6254=ORIENTED_EDGE('',*,*,#4557,.T.);
#6255=ORIENTED_EDGE('',*,*,#4532,.T.);
#6256=ORIENTED_EDGE('',*,*,#4525,.T.);
#6257=ORIENTED_EDGE('',*,*,#4560,.F.);
#6258=ORIENTED_EDGE('',*,*,#4563,.T.);
#6259=ORIENTED_EDGE('',*,*,#4516,.T.);
#6260=ORIENTED_EDGE('',*,*,#4529,.T.);
#6261=ORIENTED_EDGE('',*,*,#4548,.T.);
#6262=ORIENTED_EDGE('',*,*,#4564,.T.);
#6263=ORIENTED_EDGE('',*,*,#4513,.T.);
#6264=ORIENTED_EDGE('',*,*,#4564,.F.);
#6265=ORIENTED_EDGE('',*,*,#4558,.T.);
#6266=ORIENTED_EDGE('',*,*,#4533,.F.);
#6267=ORIENTED_EDGE('',*,*,#4530,.T.);
#6268=ORIENTED_EDGE('',*,*,#4563,.F.);
#6269=ORIENTED_EDGE('',*,*,#4559,.F.);
#6270=ORIENTED_EDGE('',*,*,#4535,.T.);
#6271=ORIENTED_EDGE('',*,*,#4539,.F.);
#6272=ORIENTED_EDGE('',*,*,#4540,.T.);
#6273=ORIENTED_EDGE('',*,*,#4561,.F.);
#6274=ORIENTED_EDGE('',*,*,#4517,.F.);
#6275=ORIENTED_EDGE('',*,*,#4565,.F.);
#6276=ORIENTED_EDGE('',*,*,#4566,.F.);
#6277=ORIENTED_EDGE('',*,*,#4567,.F.);
#6278=ORIENTED_EDGE('',*,*,#4568,.F.);
#6279=ORIENTED_EDGE('',*,*,#4566,.T.);
#6280=ORIENTED_EDGE('',*,*,#4569,.T.);
#6281=ORIENTED_EDGE('',*,*,#4570,.F.);
#6282=ORIENTED_EDGE('',*,*,#4571,.T.);
#6283=ORIENTED_EDGE('',*,*,#4567,.T.);
#6284=ORIENTED_EDGE('',*,*,#4571,.F.);
#6285=ORIENTED_EDGE('',*,*,#4572,.F.);
#6286=ORIENTED_EDGE('',*,*,#4573,.T.);
#6287=ORIENTED_EDGE('',*,*,#4574,.F.);
#6288=ORIENTED_EDGE('',*,*,#4575,.T.);
#6289=ORIENTED_EDGE('',*,*,#4576,.F.);
#6290=ORIENTED_EDGE('',*,*,#4577,.F.);
#6291=ORIENTED_EDGE('',*,*,#4578,.T.);
#6292=ORIENTED_EDGE('',*,*,#4579,.F.);
#6293=ORIENTED_EDGE('',*,*,#4580,.T.);
#6294=ORIENTED_EDGE('',*,*,#4581,.F.);
#6295=ORIENTED_EDGE('',*,*,#4582,.F.);
#6296=ORIENTED_EDGE('',*,*,#4583,.F.);
#6297=ORIENTED_EDGE('',*,*,#4578,.F.);
#6298=ORIENTED_EDGE('',*,*,#4584,.F.);
#6299=ORIENTED_EDGE('',*,*,#4583,.T.);
#6300=ORIENTED_EDGE('',*,*,#4585,.T.);
#6301=ORIENTED_EDGE('',*,*,#4586,.T.);
#6302=ORIENTED_EDGE('',*,*,#4579,.T.);
#6303=ORIENTED_EDGE('',*,*,#4587,.F.);
#6304=ORIENTED_EDGE('',*,*,#4588,.F.);
#6305=ORIENTED_EDGE('',*,*,#4575,.F.);
#6306=ORIENTED_EDGE('',*,*,#4589,.F.);
#6307=ORIENTED_EDGE('',*,*,#4589,.T.);
#6308=ORIENTED_EDGE('',*,*,#4574,.T.);
#6309=ORIENTED_EDGE('',*,*,#4590,.T.);
#6310=ORIENTED_EDGE('',*,*,#4591,.T.);
#6311=ORIENTED_EDGE('',*,*,#4592,.F.);
#6312=ORIENTED_EDGE('',*,*,#4590,.F.);
#6313=ORIENTED_EDGE('',*,*,#4573,.F.);
#6314=ORIENTED_EDGE('',*,*,#4593,.F.);
#6315=ORIENTED_EDGE('',*,*,#4594,.F.);
#6316=ORIENTED_EDGE('',*,*,#4595,.F.);
#6317=ORIENTED_EDGE('',*,*,#4596,.F.);
#6318=ORIENTED_EDGE('',*,*,#4597,.F.);
#6319=ORIENTED_EDGE('',*,*,#4598,.T.);
#6320=ORIENTED_EDGE('',*,*,#4599,.T.);
#6321=ORIENTED_EDGE('',*,*,#4600,.F.);
#6322=ORIENTED_EDGE('',*,*,#4601,.T.);
#6323=ORIENTED_EDGE('',*,*,#4602,.T.);
#6324=ORIENTED_EDGE('',*,*,#4601,.F.);
#6325=ORIENTED_EDGE('',*,*,#4580,.F.);
#6326=ORIENTED_EDGE('',*,*,#4603,.F.);
#6327=ORIENTED_EDGE('',*,*,#4604,.F.);
#6328=ORIENTED_EDGE('',*,*,#4597,.T.);
#6329=ORIENTED_EDGE('',*,*,#4605,.F.);
#6330=ORIENTED_EDGE('',*,*,#4606,.T.);
#6331=ORIENTED_EDGE('',*,*,#4598,.F.);
#6332=ORIENTED_EDGE('',*,*,#4607,.T.);
#6333=ORIENTED_EDGE('',*,*,#4608,.F.);
#6334=ORIENTED_EDGE('',*,*,#4595,.T.);
#6335=ORIENTED_EDGE('',*,*,#4594,.T.);
#6336=ORIENTED_EDGE('',*,*,#4609,.F.);
#6337=ORIENTED_EDGE('',*,*,#4610,.F.);
#6338=ORIENTED_EDGE('',*,*,#4599,.F.);
#6339=ORIENTED_EDGE('',*,*,#4588,.T.);
#6340=ORIENTED_EDGE('',*,*,#4611,.T.);
#6341=ORIENTED_EDGE('',*,*,#4612,.T.);
#6342=ORIENTED_EDGE('',*,*,#4576,.T.);
#6343=ORIENTED_EDGE('',*,*,#4593,.T.);
#6344=ORIENTED_EDGE('',*,*,#4572,.T.);
#6345=ORIENTED_EDGE('',*,*,#4570,.T.);
#6346=ORIENTED_EDGE('',*,*,#4613,.T.);
#6347=ORIENTED_EDGE('',*,*,#4602,.F.);
#6348=ORIENTED_EDGE('',*,*,#4606,.F.);
#6349=ORIENTED_EDGE('',*,*,#4614,.F.);
#6350=ORIENTED_EDGE('',*,*,#4607,.F.);
#6351=ORIENTED_EDGE('',*,*,#4608,.T.);
#6352=ORIENTED_EDGE('',*,*,#4614,.T.);
#6353=ORIENTED_EDGE('',*,*,#4605,.T.);
#6354=ORIENTED_EDGE('',*,*,#4596,.T.);
#6355=ORIENTED_EDGE('',*,*,#4604,.T.);
#6356=ORIENTED_EDGE('',*,*,#4603,.T.);
#6357=ORIENTED_EDGE('',*,*,#4586,.F.);
#6358=ORIENTED_EDGE('',*,*,#4609,.T.);
#6359=ORIENTED_EDGE('',*,*,#4584,.T.);
#6360=ORIENTED_EDGE('',*,*,#4577,.T.);
#6361=ORIENTED_EDGE('',*,*,#4612,.F.);
#6362=ORIENTED_EDGE('',*,*,#4615,.T.);
#6363=ORIENTED_EDGE('',*,*,#4568,.T.);
#6364=ORIENTED_EDGE('',*,*,#4581,.T.);
#6365=ORIENTED_EDGE('',*,*,#4600,.T.);
#6366=ORIENTED_EDGE('',*,*,#4616,.T.);
#6367=ORIENTED_EDGE('',*,*,#4565,.T.);
#6368=ORIENTED_EDGE('',*,*,#4616,.F.);
#6369=ORIENTED_EDGE('',*,*,#4610,.T.);
#6370=ORIENTED_EDGE('',*,*,#4585,.F.);
#6371=ORIENTED_EDGE('',*,*,#4582,.T.);
#6372=ORIENTED_EDGE('',*,*,#4615,.F.);
#6373=ORIENTED_EDGE('',*,*,#4611,.F.);
#6374=ORIENTED_EDGE('',*,*,#4587,.T.);
#6375=ORIENTED_EDGE('',*,*,#4591,.F.);
#6376=ORIENTED_EDGE('',*,*,#4592,.T.);
#6377=ORIENTED_EDGE('',*,*,#4613,.F.);
#6378=ORIENTED_EDGE('',*,*,#4569,.F.);
#6379=ORIENTED_EDGE('',*,*,#4617,.F.);
#6380=ORIENTED_EDGE('',*,*,#4618,.F.);
#6381=ORIENTED_EDGE('',*,*,#4619,.F.);
#6382=ORIENTED_EDGE('',*,*,#4620,.F.);
#6383=ORIENTED_EDGE('',*,*,#4618,.T.);
#6384=ORIENTED_EDGE('',*,*,#4621,.T.);
#6385=ORIENTED_EDGE('',*,*,#4622,.F.);
#6386=ORIENTED_EDGE('',*,*,#4623,.T.);
#6387=ORIENTED_EDGE('',*,*,#4619,.T.);
#6388=ORIENTED_EDGE('',*,*,#4623,.F.);
#6389=ORIENTED_EDGE('',*,*,#4624,.F.);
#6390=ORIENTED_EDGE('',*,*,#4625,.T.);
#6391=ORIENTED_EDGE('',*,*,#4626,.F.);
#6392=ORIENTED_EDGE('',*,*,#4627,.T.);
#6393=ORIENTED_EDGE('',*,*,#4628,.F.);
#6394=ORIENTED_EDGE('',*,*,#4629,.F.);
#6395=ORIENTED_EDGE('',*,*,#4630,.T.);
#6396=ORIENTED_EDGE('',*,*,#4631,.F.);
#6397=ORIENTED_EDGE('',*,*,#4632,.T.);
#6398=ORIENTED_EDGE('',*,*,#4633,.F.);
#6399=ORIENTED_EDGE('',*,*,#4634,.F.);
#6400=ORIENTED_EDGE('',*,*,#4635,.F.);
#6401=ORIENTED_EDGE('',*,*,#4630,.F.);
#6402=ORIENTED_EDGE('',*,*,#4636,.F.);
#6403=ORIENTED_EDGE('',*,*,#4635,.T.);
#6404=ORIENTED_EDGE('',*,*,#4637,.T.);
#6405=ORIENTED_EDGE('',*,*,#4638,.T.);
#6406=ORIENTED_EDGE('',*,*,#4631,.T.);
#6407=ORIENTED_EDGE('',*,*,#4639,.F.);
#6408=ORIENTED_EDGE('',*,*,#4640,.F.);
#6409=ORIENTED_EDGE('',*,*,#4627,.F.);
#6410=ORIENTED_EDGE('',*,*,#4641,.F.);
#6411=ORIENTED_EDGE('',*,*,#4641,.T.);
#6412=ORIENTED_EDGE('',*,*,#4626,.T.);
#6413=ORIENTED_EDGE('',*,*,#4642,.T.);
#6414=ORIENTED_EDGE('',*,*,#4643,.T.);
#6415=ORIENTED_EDGE('',*,*,#4644,.F.);
#6416=ORIENTED_EDGE('',*,*,#4642,.F.);
#6417=ORIENTED_EDGE('',*,*,#4625,.F.);
#6418=ORIENTED_EDGE('',*,*,#4645,.F.);
#6419=ORIENTED_EDGE('',*,*,#4646,.F.);
#6420=ORIENTED_EDGE('',*,*,#4647,.F.);
#6421=ORIENTED_EDGE('',*,*,#4648,.F.);
#6422=ORIENTED_EDGE('',*,*,#4649,.F.);
#6423=ORIENTED_EDGE('',*,*,#4650,.T.);
#6424=ORIENTED_EDGE('',*,*,#4651,.T.);
#6425=ORIENTED_EDGE('',*,*,#4652,.F.);
#6426=ORIENTED_EDGE('',*,*,#4653,.T.);
#6427=ORIENTED_EDGE('',*,*,#4654,.T.);
#6428=ORIENTED_EDGE('',*,*,#4653,.F.);
#6429=ORIENTED_EDGE('',*,*,#4632,.F.);
#6430=ORIENTED_EDGE('',*,*,#4655,.F.);
#6431=ORIENTED_EDGE('',*,*,#4656,.F.);
#6432=ORIENTED_EDGE('',*,*,#4649,.T.);
#6433=ORIENTED_EDGE('',*,*,#4657,.F.);
#6434=ORIENTED_EDGE('',*,*,#4658,.T.);
#6435=ORIENTED_EDGE('',*,*,#4650,.F.);
#6436=ORIENTED_EDGE('',*,*,#4659,.T.);
#6437=ORIENTED_EDGE('',*,*,#4660,.F.);
#6438=ORIENTED_EDGE('',*,*,#4647,.T.);
#6439=ORIENTED_EDGE('',*,*,#4646,.T.);
#6440=ORIENTED_EDGE('',*,*,#4661,.F.);
#6441=ORIENTED_EDGE('',*,*,#4662,.F.);
#6442=ORIENTED_EDGE('',*,*,#4651,.F.);
#6443=ORIENTED_EDGE('',*,*,#4640,.T.);
#6444=ORIENTED_EDGE('',*,*,#4663,.T.);
#6445=ORIENTED_EDGE('',*,*,#4664,.T.);
#6446=ORIENTED_EDGE('',*,*,#4628,.T.);
#6447=ORIENTED_EDGE('',*,*,#4645,.T.);
#6448=ORIENTED_EDGE('',*,*,#4624,.T.);
#6449=ORIENTED_EDGE('',*,*,#4622,.T.);
#6450=ORIENTED_EDGE('',*,*,#4665,.T.);
#6451=ORIENTED_EDGE('',*,*,#4654,.F.);
#6452=ORIENTED_EDGE('',*,*,#4658,.F.);
#6453=ORIENTED_EDGE('',*,*,#4666,.F.);
#6454=ORIENTED_EDGE('',*,*,#4659,.F.);
#6455=ORIENTED_EDGE('',*,*,#4660,.T.);
#6456=ORIENTED_EDGE('',*,*,#4666,.T.);
#6457=ORIENTED_EDGE('',*,*,#4657,.T.);
#6458=ORIENTED_EDGE('',*,*,#4648,.T.);
#6459=ORIENTED_EDGE('',*,*,#4656,.T.);
#6460=ORIENTED_EDGE('',*,*,#4655,.T.);
#6461=ORIENTED_EDGE('',*,*,#4638,.F.);
#6462=ORIENTED_EDGE('',*,*,#4661,.T.);
#6463=ORIENTED_EDGE('',*,*,#4636,.T.);
#6464=ORIENTED_EDGE('',*,*,#4629,.T.);
#6465=ORIENTED_EDGE('',*,*,#4664,.F.);
#6466=ORIENTED_EDGE('',*,*,#4667,.T.);
#6467=ORIENTED_EDGE('',*,*,#4620,.T.);
#6468=ORIENTED_EDGE('',*,*,#4633,.T.);
#6469=ORIENTED_EDGE('',*,*,#4652,.T.);
#6470=ORIENTED_EDGE('',*,*,#4668,.T.);
#6471=ORIENTED_EDGE('',*,*,#4617,.T.);
#6472=ORIENTED_EDGE('',*,*,#4668,.F.);
#6473=ORIENTED_EDGE('',*,*,#4662,.T.);
#6474=ORIENTED_EDGE('',*,*,#4637,.F.);
#6475=ORIENTED_EDGE('',*,*,#4634,.T.);
#6476=ORIENTED_EDGE('',*,*,#4667,.F.);
#6477=ORIENTED_EDGE('',*,*,#4663,.F.);
#6478=ORIENTED_EDGE('',*,*,#4639,.T.);
#6479=ORIENTED_EDGE('',*,*,#4643,.F.);
#6480=ORIENTED_EDGE('',*,*,#4644,.T.);
#6481=ORIENTED_EDGE('',*,*,#4665,.F.);
#6482=ORIENTED_EDGE('',*,*,#4621,.F.);
#6483=ORIENTED_EDGE('',*,*,#4669,.F.);
#6484=ORIENTED_EDGE('',*,*,#4670,.F.);
#6485=ORIENTED_EDGE('',*,*,#4671,.F.);
#6486=ORIENTED_EDGE('',*,*,#4672,.F.);
#6487=ORIENTED_EDGE('',*,*,#4670,.T.);
#6488=ORIENTED_EDGE('',*,*,#4673,.T.);
#6489=ORIENTED_EDGE('',*,*,#4674,.F.);
#6490=ORIENTED_EDGE('',*,*,#4675,.T.);
#6491=ORIENTED_EDGE('',*,*,#4671,.T.);
#6492=ORIENTED_EDGE('',*,*,#4675,.F.);
#6493=ORIENTED_EDGE('',*,*,#4676,.F.);
#6494=ORIENTED_EDGE('',*,*,#4677,.T.);
#6495=ORIENTED_EDGE('',*,*,#4678,.F.);
#6496=ORIENTED_EDGE('',*,*,#4679,.T.);
#6497=ORIENTED_EDGE('',*,*,#4680,.F.);
#6498=ORIENTED_EDGE('',*,*,#4681,.F.);
#6499=ORIENTED_EDGE('',*,*,#4682,.T.);
#6500=ORIENTED_EDGE('',*,*,#4683,.F.);
#6501=ORIENTED_EDGE('',*,*,#4684,.T.);
#6502=ORIENTED_EDGE('',*,*,#4685,.F.);
#6503=ORIENTED_EDGE('',*,*,#4686,.F.);
#6504=ORIENTED_EDGE('',*,*,#4687,.F.);
#6505=ORIENTED_EDGE('',*,*,#4682,.F.);
#6506=ORIENTED_EDGE('',*,*,#4688,.F.);
#6507=ORIENTED_EDGE('',*,*,#4687,.T.);
#6508=ORIENTED_EDGE('',*,*,#4689,.T.);
#6509=ORIENTED_EDGE('',*,*,#4690,.T.);
#6510=ORIENTED_EDGE('',*,*,#4683,.T.);
#6511=ORIENTED_EDGE('',*,*,#4691,.F.);
#6512=ORIENTED_EDGE('',*,*,#4692,.F.);
#6513=ORIENTED_EDGE('',*,*,#4679,.F.);
#6514=ORIENTED_EDGE('',*,*,#4693,.F.);
#6515=ORIENTED_EDGE('',*,*,#4693,.T.);
#6516=ORIENTED_EDGE('',*,*,#4678,.T.);
#6517=ORIENTED_EDGE('',*,*,#4694,.T.);
#6518=ORIENTED_EDGE('',*,*,#4695,.T.);
#6519=ORIENTED_EDGE('',*,*,#4696,.F.);
#6520=ORIENTED_EDGE('',*,*,#4694,.F.);
#6521=ORIENTED_EDGE('',*,*,#4677,.F.);
#6522=ORIENTED_EDGE('',*,*,#4697,.F.);
#6523=ORIENTED_EDGE('',*,*,#4698,.F.);
#6524=ORIENTED_EDGE('',*,*,#4699,.F.);
#6525=ORIENTED_EDGE('',*,*,#4700,.F.);
#6526=ORIENTED_EDGE('',*,*,#4701,.F.);
#6527=ORIENTED_EDGE('',*,*,#4702,.T.);
#6528=ORIENTED_EDGE('',*,*,#4703,.T.);
#6529=ORIENTED_EDGE('',*,*,#4704,.F.);
#6530=ORIENTED_EDGE('',*,*,#4705,.T.);
#6531=ORIENTED_EDGE('',*,*,#4706,.T.);
#6532=ORIENTED_EDGE('',*,*,#4705,.F.);
#6533=ORIENTED_EDGE('',*,*,#4684,.F.);
#6534=ORIENTED_EDGE('',*,*,#4707,.F.);
#6535=ORIENTED_EDGE('',*,*,#4708,.F.);
#6536=ORIENTED_EDGE('',*,*,#4701,.T.);
#6537=ORIENTED_EDGE('',*,*,#4709,.F.);
#6538=ORIENTED_EDGE('',*,*,#4710,.T.);
#6539=ORIENTED_EDGE('',*,*,#4702,.F.);
#6540=ORIENTED_EDGE('',*,*,#4711,.T.);
#6541=ORIENTED_EDGE('',*,*,#4712,.F.);
#6542=ORIENTED_EDGE('',*,*,#4699,.T.);
#6543=ORIENTED_EDGE('',*,*,#4698,.T.);
#6544=ORIENTED_EDGE('',*,*,#4713,.F.);
#6545=ORIENTED_EDGE('',*,*,#4714,.F.);
#6546=ORIENTED_EDGE('',*,*,#4703,.F.);
#6547=ORIENTED_EDGE('',*,*,#4692,.T.);
#6548=ORIENTED_EDGE('',*,*,#4715,.T.);
#6549=ORIENTED_EDGE('',*,*,#4716,.T.);
#6550=ORIENTED_EDGE('',*,*,#4680,.T.);
#6551=ORIENTED_EDGE('',*,*,#4697,.T.);
#6552=ORIENTED_EDGE('',*,*,#4676,.T.);
#6553=ORIENTED_EDGE('',*,*,#4674,.T.);
#6554=ORIENTED_EDGE('',*,*,#4717,.T.);
#6555=ORIENTED_EDGE('',*,*,#4706,.F.);
#6556=ORIENTED_EDGE('',*,*,#4710,.F.);
#6557=ORIENTED_EDGE('',*,*,#4718,.F.);
#6558=ORIENTED_EDGE('',*,*,#4711,.F.);
#6559=ORIENTED_EDGE('',*,*,#4712,.T.);
#6560=ORIENTED_EDGE('',*,*,#4718,.T.);
#6561=ORIENTED_EDGE('',*,*,#4709,.T.);
#6562=ORIENTED_EDGE('',*,*,#4700,.T.);
#6563=ORIENTED_EDGE('',*,*,#4708,.T.);
#6564=ORIENTED_EDGE('',*,*,#4707,.T.);
#6565=ORIENTED_EDGE('',*,*,#4690,.F.);
#6566=ORIENTED_EDGE('',*,*,#4713,.T.);
#6567=ORIENTED_EDGE('',*,*,#4688,.T.);
#6568=ORIENTED_EDGE('',*,*,#4681,.T.);
#6569=ORIENTED_EDGE('',*,*,#4716,.F.);
#6570=ORIENTED_EDGE('',*,*,#4719,.T.);
#6571=ORIENTED_EDGE('',*,*,#4672,.T.);
#6572=ORIENTED_EDGE('',*,*,#4685,.T.);
#6573=ORIENTED_EDGE('',*,*,#4704,.T.);
#6574=ORIENTED_EDGE('',*,*,#4720,.T.);
#6575=ORIENTED_EDGE('',*,*,#4669,.T.);
#6576=ORIENTED_EDGE('',*,*,#4720,.F.);
#6577=ORIENTED_EDGE('',*,*,#4714,.T.);
#6578=ORIENTED_EDGE('',*,*,#4689,.F.);
#6579=ORIENTED_EDGE('',*,*,#4686,.T.);
#6580=ORIENTED_EDGE('',*,*,#4719,.F.);
#6581=ORIENTED_EDGE('',*,*,#4715,.F.);
#6582=ORIENTED_EDGE('',*,*,#4691,.T.);
#6583=ORIENTED_EDGE('',*,*,#4695,.F.);
#6584=ORIENTED_EDGE('',*,*,#4696,.T.);
#6585=ORIENTED_EDGE('',*,*,#4717,.F.);
#6586=ORIENTED_EDGE('',*,*,#4673,.F.);
#6587=ORIENTED_EDGE('',*,*,#4721,.F.);
#6588=ORIENTED_EDGE('',*,*,#4722,.F.);
#6589=ORIENTED_EDGE('',*,*,#4723,.F.);
#6590=ORIENTED_EDGE('',*,*,#4724,.F.);
#6591=ORIENTED_EDGE('',*,*,#4722,.T.);
#6592=ORIENTED_EDGE('',*,*,#4725,.T.);
#6593=ORIENTED_EDGE('',*,*,#4726,.F.);
#6594=ORIENTED_EDGE('',*,*,#4727,.T.);
#6595=ORIENTED_EDGE('',*,*,#4723,.T.);
#6596=ORIENTED_EDGE('',*,*,#4727,.F.);
#6597=ORIENTED_EDGE('',*,*,#4728,.F.);
#6598=ORIENTED_EDGE('',*,*,#4729,.T.);
#6599=ORIENTED_EDGE('',*,*,#4730,.F.);
#6600=ORIENTED_EDGE('',*,*,#4731,.T.);
#6601=ORIENTED_EDGE('',*,*,#4732,.F.);
#6602=ORIENTED_EDGE('',*,*,#4733,.F.);
#6603=ORIENTED_EDGE('',*,*,#4734,.T.);
#6604=ORIENTED_EDGE('',*,*,#4735,.F.);
#6605=ORIENTED_EDGE('',*,*,#4736,.T.);
#6606=ORIENTED_EDGE('',*,*,#4737,.F.);
#6607=ORIENTED_EDGE('',*,*,#4738,.F.);
#6608=ORIENTED_EDGE('',*,*,#4739,.F.);
#6609=ORIENTED_EDGE('',*,*,#4734,.F.);
#6610=ORIENTED_EDGE('',*,*,#4740,.F.);
#6611=ORIENTED_EDGE('',*,*,#4739,.T.);
#6612=ORIENTED_EDGE('',*,*,#4741,.T.);
#6613=ORIENTED_EDGE('',*,*,#4742,.T.);
#6614=ORIENTED_EDGE('',*,*,#4735,.T.);
#6615=ORIENTED_EDGE('',*,*,#4743,.F.);
#6616=ORIENTED_EDGE('',*,*,#4744,.F.);
#6617=ORIENTED_EDGE('',*,*,#4731,.F.);
#6618=ORIENTED_EDGE('',*,*,#4745,.F.);
#6619=ORIENTED_EDGE('',*,*,#4745,.T.);
#6620=ORIENTED_EDGE('',*,*,#4730,.T.);
#6621=ORIENTED_EDGE('',*,*,#4746,.T.);
#6622=ORIENTED_EDGE('',*,*,#4747,.T.);
#6623=ORIENTED_EDGE('',*,*,#4748,.F.);
#6624=ORIENTED_EDGE('',*,*,#4746,.F.);
#6625=ORIENTED_EDGE('',*,*,#4729,.F.);
#6626=ORIENTED_EDGE('',*,*,#4749,.F.);
#6627=ORIENTED_EDGE('',*,*,#4750,.F.);
#6628=ORIENTED_EDGE('',*,*,#4751,.F.);
#6629=ORIENTED_EDGE('',*,*,#4752,.F.);
#6630=ORIENTED_EDGE('',*,*,#4753,.F.);
#6631=ORIENTED_EDGE('',*,*,#4754,.T.);
#6632=ORIENTED_EDGE('',*,*,#4755,.T.);
#6633=ORIENTED_EDGE('',*,*,#4756,.F.);
#6634=ORIENTED_EDGE('',*,*,#4757,.T.);
#6635=ORIENTED_EDGE('',*,*,#4758,.T.);
#6636=ORIENTED_EDGE('',*,*,#4757,.F.);
#6637=ORIENTED_EDGE('',*,*,#4736,.F.);
#6638=ORIENTED_EDGE('',*,*,#4759,.F.);
#6639=ORIENTED_EDGE('',*,*,#4760,.F.);
#6640=ORIENTED_EDGE('',*,*,#4753,.T.);
#6641=ORIENTED_EDGE('',*,*,#4761,.F.);
#6642=ORIENTED_EDGE('',*,*,#4762,.T.);
#6643=ORIENTED_EDGE('',*,*,#4754,.F.);
#6644=ORIENTED_EDGE('',*,*,#4763,.T.);
#6645=ORIENTED_EDGE('',*,*,#4764,.F.);
#6646=ORIENTED_EDGE('',*,*,#4751,.T.);
#6647=ORIENTED_EDGE('',*,*,#4750,.T.);
#6648=ORIENTED_EDGE('',*,*,#4765,.F.);
#6649=ORIENTED_EDGE('',*,*,#4766,.F.);
#6650=ORIENTED_EDGE('',*,*,#4755,.F.);
#6651=ORIENTED_EDGE('',*,*,#4744,.T.);
#6652=ORIENTED_EDGE('',*,*,#4767,.T.);
#6653=ORIENTED_EDGE('',*,*,#4768,.T.);
#6654=ORIENTED_EDGE('',*,*,#4732,.T.);
#6655=ORIENTED_EDGE('',*,*,#4749,.T.);
#6656=ORIENTED_EDGE('',*,*,#4728,.T.);
#6657=ORIENTED_EDGE('',*,*,#4726,.T.);
#6658=ORIENTED_EDGE('',*,*,#4769,.T.);
#6659=ORIENTED_EDGE('',*,*,#4758,.F.);
#6660=ORIENTED_EDGE('',*,*,#4762,.F.);
#6661=ORIENTED_EDGE('',*,*,#4770,.F.);
#6662=ORIENTED_EDGE('',*,*,#4763,.F.);
#6663=ORIENTED_EDGE('',*,*,#4764,.T.);
#6664=ORIENTED_EDGE('',*,*,#4770,.T.);
#6665=ORIENTED_EDGE('',*,*,#4761,.T.);
#6666=ORIENTED_EDGE('',*,*,#4752,.T.);
#6667=ORIENTED_EDGE('',*,*,#4760,.T.);
#6668=ORIENTED_EDGE('',*,*,#4759,.T.);
#6669=ORIENTED_EDGE('',*,*,#4742,.F.);
#6670=ORIENTED_EDGE('',*,*,#4765,.T.);
#6671=ORIENTED_EDGE('',*,*,#4740,.T.);
#6672=ORIENTED_EDGE('',*,*,#4733,.T.);
#6673=ORIENTED_EDGE('',*,*,#4768,.F.);
#6674=ORIENTED_EDGE('',*,*,#4771,.T.);
#6675=ORIENTED_EDGE('',*,*,#4724,.T.);
#6676=ORIENTED_EDGE('',*,*,#4737,.T.);
#6677=ORIENTED_EDGE('',*,*,#4756,.T.);
#6678=ORIENTED_EDGE('',*,*,#4772,.T.);
#6679=ORIENTED_EDGE('',*,*,#4721,.T.);
#6680=ORIENTED_EDGE('',*,*,#4772,.F.);
#6681=ORIENTED_EDGE('',*,*,#4766,.T.);
#6682=ORIENTED_EDGE('',*,*,#4741,.F.);
#6683=ORIENTED_EDGE('',*,*,#4738,.T.);
#6684=ORIENTED_EDGE('',*,*,#4771,.F.);
#6685=ORIENTED_EDGE('',*,*,#4767,.F.);
#6686=ORIENTED_EDGE('',*,*,#4743,.T.);
#6687=ORIENTED_EDGE('',*,*,#4747,.F.);
#6688=ORIENTED_EDGE('',*,*,#4748,.T.);
#6689=ORIENTED_EDGE('',*,*,#4769,.F.);
#6690=ORIENTED_EDGE('',*,*,#4725,.F.);
#6691=ORIENTED_EDGE('',*,*,#4773,.F.);
#6692=ORIENTED_EDGE('',*,*,#4774,.F.);
#6693=ORIENTED_EDGE('',*,*,#4775,.F.);
#6694=ORIENTED_EDGE('',*,*,#4776,.F.);
#6695=ORIENTED_EDGE('',*,*,#4774,.T.);
#6696=ORIENTED_EDGE('',*,*,#4777,.T.);
#6697=ORIENTED_EDGE('',*,*,#4778,.F.);
#6698=ORIENTED_EDGE('',*,*,#4779,.T.);
#6699=ORIENTED_EDGE('',*,*,#4775,.T.);
#6700=ORIENTED_EDGE('',*,*,#4779,.F.);
#6701=ORIENTED_EDGE('',*,*,#4780,.F.);
#6702=ORIENTED_EDGE('',*,*,#4781,.T.);
#6703=ORIENTED_EDGE('',*,*,#4782,.F.);
#6704=ORIENTED_EDGE('',*,*,#4783,.T.);
#6705=ORIENTED_EDGE('',*,*,#4784,.F.);
#6706=ORIENTED_EDGE('',*,*,#4785,.F.);
#6707=ORIENTED_EDGE('',*,*,#4786,.T.);
#6708=ORIENTED_EDGE('',*,*,#4787,.F.);
#6709=ORIENTED_EDGE('',*,*,#4788,.T.);
#6710=ORIENTED_EDGE('',*,*,#4789,.F.);
#6711=ORIENTED_EDGE('',*,*,#4790,.F.);
#6712=ORIENTED_EDGE('',*,*,#4791,.F.);
#6713=ORIENTED_EDGE('',*,*,#4786,.F.);
#6714=ORIENTED_EDGE('',*,*,#4792,.F.);
#6715=ORIENTED_EDGE('',*,*,#4791,.T.);
#6716=ORIENTED_EDGE('',*,*,#4793,.T.);
#6717=ORIENTED_EDGE('',*,*,#4794,.T.);
#6718=ORIENTED_EDGE('',*,*,#4787,.T.);
#6719=ORIENTED_EDGE('',*,*,#4795,.F.);
#6720=ORIENTED_EDGE('',*,*,#4796,.F.);
#6721=ORIENTED_EDGE('',*,*,#4783,.F.);
#6722=ORIENTED_EDGE('',*,*,#4797,.F.);
#6723=ORIENTED_EDGE('',*,*,#4797,.T.);
#6724=ORIENTED_EDGE('',*,*,#4782,.T.);
#6725=ORIENTED_EDGE('',*,*,#4798,.T.);
#6726=ORIENTED_EDGE('',*,*,#4799,.T.);
#6727=ORIENTED_EDGE('',*,*,#4800,.F.);
#6728=ORIENTED_EDGE('',*,*,#4798,.F.);
#6729=ORIENTED_EDGE('',*,*,#4781,.F.);
#6730=ORIENTED_EDGE('',*,*,#4801,.F.);
#6731=ORIENTED_EDGE('',*,*,#4802,.F.);
#6732=ORIENTED_EDGE('',*,*,#4803,.F.);
#6733=ORIENTED_EDGE('',*,*,#4804,.F.);
#6734=ORIENTED_EDGE('',*,*,#4805,.F.);
#6735=ORIENTED_EDGE('',*,*,#4806,.T.);
#6736=ORIENTED_EDGE('',*,*,#4807,.T.);
#6737=ORIENTED_EDGE('',*,*,#4808,.F.);
#6738=ORIENTED_EDGE('',*,*,#4809,.T.);
#6739=ORIENTED_EDGE('',*,*,#4810,.T.);
#6740=ORIENTED_EDGE('',*,*,#4809,.F.);
#6741=ORIENTED_EDGE('',*,*,#4788,.F.);
#6742=ORIENTED_EDGE('',*,*,#4811,.F.);
#6743=ORIENTED_EDGE('',*,*,#4812,.F.);
#6744=ORIENTED_EDGE('',*,*,#4805,.T.);
#6745=ORIENTED_EDGE('',*,*,#4813,.F.);
#6746=ORIENTED_EDGE('',*,*,#4814,.T.);
#6747=ORIENTED_EDGE('',*,*,#4806,.F.);
#6748=ORIENTED_EDGE('',*,*,#4815,.T.);
#6749=ORIENTED_EDGE('',*,*,#4816,.F.);
#6750=ORIENTED_EDGE('',*,*,#4803,.T.);
#6751=ORIENTED_EDGE('',*,*,#4802,.T.);
#6752=ORIENTED_EDGE('',*,*,#4817,.F.);
#6753=ORIENTED_EDGE('',*,*,#4818,.F.);
#6754=ORIENTED_EDGE('',*,*,#4807,.F.);
#6755=ORIENTED_EDGE('',*,*,#4796,.T.);
#6756=ORIENTED_EDGE('',*,*,#4819,.T.);
#6757=ORIENTED_EDGE('',*,*,#4820,.T.);
#6758=ORIENTED_EDGE('',*,*,#4784,.T.);
#6759=ORIENTED_EDGE('',*,*,#4801,.T.);
#6760=ORIENTED_EDGE('',*,*,#4780,.T.);
#6761=ORIENTED_EDGE('',*,*,#4778,.T.);
#6762=ORIENTED_EDGE('',*,*,#4821,.T.);
#6763=ORIENTED_EDGE('',*,*,#4810,.F.);
#6764=ORIENTED_EDGE('',*,*,#4814,.F.);
#6765=ORIENTED_EDGE('',*,*,#4822,.F.);
#6766=ORIENTED_EDGE('',*,*,#4815,.F.);
#6767=ORIENTED_EDGE('',*,*,#4816,.T.);
#6768=ORIENTED_EDGE('',*,*,#4822,.T.);
#6769=ORIENTED_EDGE('',*,*,#4813,.T.);
#6770=ORIENTED_EDGE('',*,*,#4804,.T.);
#6771=ORIENTED_EDGE('',*,*,#4812,.T.);
#6772=ORIENTED_EDGE('',*,*,#4811,.T.);
#6773=ORIENTED_EDGE('',*,*,#4794,.F.);
#6774=ORIENTED_EDGE('',*,*,#4817,.T.);
#6775=ORIENTED_EDGE('',*,*,#4792,.T.);
#6776=ORIENTED_EDGE('',*,*,#4785,.T.);
#6777=ORIENTED_EDGE('',*,*,#4820,.F.);
#6778=ORIENTED_EDGE('',*,*,#4823,.T.);
#6779=ORIENTED_EDGE('',*,*,#4776,.T.);
#6780=ORIENTED_EDGE('',*,*,#4789,.T.);
#6781=ORIENTED_EDGE('',*,*,#4808,.T.);
#6782=ORIENTED_EDGE('',*,*,#4824,.T.);
#6783=ORIENTED_EDGE('',*,*,#4773,.T.);
#6784=ORIENTED_EDGE('',*,*,#4824,.F.);
#6785=ORIENTED_EDGE('',*,*,#4818,.T.);
#6786=ORIENTED_EDGE('',*,*,#4793,.F.);
#6787=ORIENTED_EDGE('',*,*,#4790,.T.);
#6788=ORIENTED_EDGE('',*,*,#4823,.F.);
#6789=ORIENTED_EDGE('',*,*,#4819,.F.);
#6790=ORIENTED_EDGE('',*,*,#4795,.T.);
#6791=ORIENTED_EDGE('',*,*,#4799,.F.);
#6792=ORIENTED_EDGE('',*,*,#4800,.T.);
#6793=ORIENTED_EDGE('',*,*,#4821,.F.);
#6794=ORIENTED_EDGE('',*,*,#4777,.F.);
#6795=ORIENTED_EDGE('',*,*,#4825,.F.);
#6796=ORIENTED_EDGE('',*,*,#4826,.F.);
#6797=ORIENTED_EDGE('',*,*,#4827,.F.);
#6798=ORIENTED_EDGE('',*,*,#4828,.F.);
#6799=ORIENTED_EDGE('',*,*,#4826,.T.);
#6800=ORIENTED_EDGE('',*,*,#4829,.T.);
#6801=ORIENTED_EDGE('',*,*,#4830,.F.);
#6802=ORIENTED_EDGE('',*,*,#4831,.T.);
#6803=ORIENTED_EDGE('',*,*,#4827,.T.);
#6804=ORIENTED_EDGE('',*,*,#4831,.F.);
#6805=ORIENTED_EDGE('',*,*,#4832,.F.);
#6806=ORIENTED_EDGE('',*,*,#4833,.T.);
#6807=ORIENTED_EDGE('',*,*,#4834,.F.);
#6808=ORIENTED_EDGE('',*,*,#4835,.T.);
#6809=ORIENTED_EDGE('',*,*,#4836,.F.);
#6810=ORIENTED_EDGE('',*,*,#4837,.F.);
#6811=ORIENTED_EDGE('',*,*,#4838,.T.);
#6812=ORIENTED_EDGE('',*,*,#4839,.F.);
#6813=ORIENTED_EDGE('',*,*,#4840,.T.);
#6814=ORIENTED_EDGE('',*,*,#4841,.F.);
#6815=ORIENTED_EDGE('',*,*,#4842,.F.);
#6816=ORIENTED_EDGE('',*,*,#4843,.F.);
#6817=ORIENTED_EDGE('',*,*,#4838,.F.);
#6818=ORIENTED_EDGE('',*,*,#4844,.F.);
#6819=ORIENTED_EDGE('',*,*,#4843,.T.);
#6820=ORIENTED_EDGE('',*,*,#4845,.T.);
#6821=ORIENTED_EDGE('',*,*,#4846,.T.);
#6822=ORIENTED_EDGE('',*,*,#4839,.T.);
#6823=ORIENTED_EDGE('',*,*,#4847,.F.);
#6824=ORIENTED_EDGE('',*,*,#4848,.F.);
#6825=ORIENTED_EDGE('',*,*,#4835,.F.);
#6826=ORIENTED_EDGE('',*,*,#4849,.F.);
#6827=ORIENTED_EDGE('',*,*,#4849,.T.);
#6828=ORIENTED_EDGE('',*,*,#4834,.T.);
#6829=ORIENTED_EDGE('',*,*,#4850,.T.);
#6830=ORIENTED_EDGE('',*,*,#4851,.T.);
#6831=ORIENTED_EDGE('',*,*,#4852,.F.);
#6832=ORIENTED_EDGE('',*,*,#4850,.F.);
#6833=ORIENTED_EDGE('',*,*,#4833,.F.);
#6834=ORIENTED_EDGE('',*,*,#4853,.F.);
#6835=ORIENTED_EDGE('',*,*,#4854,.F.);
#6836=ORIENTED_EDGE('',*,*,#4855,.F.);
#6837=ORIENTED_EDGE('',*,*,#4856,.F.);
#6838=ORIENTED_EDGE('',*,*,#4857,.F.);
#6839=ORIENTED_EDGE('',*,*,#4858,.T.);
#6840=ORIENTED_EDGE('',*,*,#4859,.T.);
#6841=ORIENTED_EDGE('',*,*,#4860,.F.);
#6842=ORIENTED_EDGE('',*,*,#4861,.T.);
#6843=ORIENTED_EDGE('',*,*,#4862,.T.);
#6844=ORIENTED_EDGE('',*,*,#4861,.F.);
#6845=ORIENTED_EDGE('',*,*,#4840,.F.);
#6846=ORIENTED_EDGE('',*,*,#4863,.F.);
#6847=ORIENTED_EDGE('',*,*,#4864,.F.);
#6848=ORIENTED_EDGE('',*,*,#4857,.T.);
#6849=ORIENTED_EDGE('',*,*,#4865,.F.);
#6850=ORIENTED_EDGE('',*,*,#4866,.T.);
#6851=ORIENTED_EDGE('',*,*,#4858,.F.);
#6852=ORIENTED_EDGE('',*,*,#4867,.T.);
#6853=ORIENTED_EDGE('',*,*,#4868,.F.);
#6854=ORIENTED_EDGE('',*,*,#4855,.T.);
#6855=ORIENTED_EDGE('',*,*,#4854,.T.);
#6856=ORIENTED_EDGE('',*,*,#4869,.F.);
#6857=ORIENTED_EDGE('',*,*,#4870,.F.);
#6858=ORIENTED_EDGE('',*,*,#4859,.F.);
#6859=ORIENTED_EDGE('',*,*,#4848,.T.);
#6860=ORIENTED_EDGE('',*,*,#4871,.T.);
#6861=ORIENTED_EDGE('',*,*,#4872,.T.);
#6862=ORIENTED_EDGE('',*,*,#4836,.T.);
#6863=ORIENTED_EDGE('',*,*,#4853,.T.);
#6864=ORIENTED_EDGE('',*,*,#4832,.T.);
#6865=ORIENTED_EDGE('',*,*,#4830,.T.);
#6866=ORIENTED_EDGE('',*,*,#4873,.T.);
#6867=ORIENTED_EDGE('',*,*,#4862,.F.);
#6868=ORIENTED_EDGE('',*,*,#4866,.F.);
#6869=ORIENTED_EDGE('',*,*,#4874,.F.);
#6870=ORIENTED_EDGE('',*,*,#4867,.F.);
#6871=ORIENTED_EDGE('',*,*,#4868,.T.);
#6872=ORIENTED_EDGE('',*,*,#4874,.T.);
#6873=ORIENTED_EDGE('',*,*,#4865,.T.);
#6874=ORIENTED_EDGE('',*,*,#4856,.T.);
#6875=ORIENTED_EDGE('',*,*,#4864,.T.);
#6876=ORIENTED_EDGE('',*,*,#4863,.T.);
#6877=ORIENTED_EDGE('',*,*,#4846,.F.);
#6878=ORIENTED_EDGE('',*,*,#4869,.T.);
#6879=ORIENTED_EDGE('',*,*,#4844,.T.);
#6880=ORIENTED_EDGE('',*,*,#4837,.T.);
#6881=ORIENTED_EDGE('',*,*,#4872,.F.);
#6882=ORIENTED_EDGE('',*,*,#4875,.T.);
#6883=ORIENTED_EDGE('',*,*,#4828,.T.);
#6884=ORIENTED_EDGE('',*,*,#4841,.T.);
#6885=ORIENTED_EDGE('',*,*,#4860,.T.);
#6886=ORIENTED_EDGE('',*,*,#4876,.T.);
#6887=ORIENTED_EDGE('',*,*,#4825,.T.);
#6888=ORIENTED_EDGE('',*,*,#4876,.F.);
#6889=ORIENTED_EDGE('',*,*,#4870,.T.);
#6890=ORIENTED_EDGE('',*,*,#4845,.F.);
#6891=ORIENTED_EDGE('',*,*,#4842,.T.);
#6892=ORIENTED_EDGE('',*,*,#4875,.F.);
#6893=ORIENTED_EDGE('',*,*,#4871,.F.);
#6894=ORIENTED_EDGE('',*,*,#4847,.T.);
#6895=ORIENTED_EDGE('',*,*,#4851,.F.);
#6896=ORIENTED_EDGE('',*,*,#4852,.T.);
#6897=ORIENTED_EDGE('',*,*,#4873,.F.);
#6898=ORIENTED_EDGE('',*,*,#4829,.F.);
#6899=CYLINDRICAL_SURFACE('',#7429,0.1);
#6900=CYLINDRICAL_SURFACE('',#7434,0.1);
#6901=CYLINDRICAL_SURFACE('',#7436,0.1);
#6902=CYLINDRICAL_SURFACE('',#7438,0.1);
#6903=CYLINDRICAL_SURFACE('',#7453,0.1);
#6904=CYLINDRICAL_SURFACE('',#7456,0.1);
#6905=CYLINDRICAL_SURFACE('',#7459,0.1);
#6906=CYLINDRICAL_SURFACE('',#7463,0.1);
#6907=CYLINDRICAL_SURFACE('',#7465,0.1);
#6908=CYLINDRICAL_SURFACE('',#7473,1.);
#6909=CYLINDRICAL_SURFACE('',#7493,0.1);
#6910=CYLINDRICAL_SURFACE('',#7497,0.35);
#6911=CYLINDRICAL_SURFACE('',#7519,0.1);
#6912=CYLINDRICAL_SURFACE('',#7523,0.35);
#6913=CYLINDRICAL_SURFACE('',#7545,0.1);
#6914=CYLINDRICAL_SURFACE('',#7549,0.35);
#6915=CYLINDRICAL_SURFACE('',#7571,0.1);
#6916=CYLINDRICAL_SURFACE('',#7575,0.35);
#6917=CYLINDRICAL_SURFACE('',#7597,0.1);
#6918=CYLINDRICAL_SURFACE('',#7601,0.35);
#6919=CYLINDRICAL_SURFACE('',#7623,0.1);
#6920=CYLINDRICAL_SURFACE('',#7627,0.35);
#6921=CYLINDRICAL_SURFACE('',#7649,0.1);
#6922=CYLINDRICAL_SURFACE('',#7653,0.35);
#6923=CYLINDRICAL_SURFACE('',#7675,0.1);
#6924=CYLINDRICAL_SURFACE('',#7679,0.35);
#6925=CYLINDRICAL_SURFACE('',#7701,0.1);
#6926=CYLINDRICAL_SURFACE('',#7705,0.35);
#6927=CYLINDRICAL_SURFACE('',#7728,0.1);
#6928=CYLINDRICAL_SURFACE('',#7732,0.35);
#6929=CYLINDRICAL_SURFACE('',#7754,0.1);
#6930=CYLINDRICAL_SURFACE('',#7758,0.35);
#6931=CYLINDRICAL_SURFACE('',#7780,0.1);
#6932=CYLINDRICAL_SURFACE('',#7784,0.35);
#6933=CYLINDRICAL_SURFACE('',#7806,0.1);
#6934=CYLINDRICAL_SURFACE('',#7810,0.35);
#6935=CYLINDRICAL_SURFACE('',#7832,0.1);
#6936=CYLINDRICAL_SURFACE('',#7836,0.35);
#6937=CYLINDRICAL_SURFACE('',#7858,0.1);
#6938=CYLINDRICAL_SURFACE('',#7862,0.35);
#6939=CYLINDRICAL_SURFACE('',#7884,0.1);
#6940=CYLINDRICAL_SURFACE('',#7888,0.35);
#6941=CYLINDRICAL_SURFACE('',#7910,0.1);
#6942=CYLINDRICAL_SURFACE('',#7914,0.35);
#6943=CYLINDRICAL_SURFACE('',#7936,0.1);
#6944=CYLINDRICAL_SURFACE('',#7940,0.35);
#6945=ADVANCED_FACE('',(#532),#6899,.T.);
#6946=ADVANCED_FACE('',(#533),#6900,.T.);
#6947=ADVANCED_FACE('',(#534),#6901,.T.);
#6948=ADVANCED_FACE('',(#535),#6902,.T.);
#6949=ADVANCED_FACE('',(#536),#151,.T.);
#6950=ADVANCED_FACE('',(#537),#152,.T.);
#6951=ADVANCED_FACE('',(#538),#153,.F.);
#6952=ADVANCED_FACE('',(#539),#154,.T.);
#6953=ADVANCED_FACE('',(#540),#155,.T.);
#6954=ADVANCED_FACE('',(#541),#156,.T.);
#6955=ADVANCED_FACE('',(#542),#157,.T.);
#6956=ADVANCED_FACE('',(#543),#158,.F.);
#6957=ADVANCED_FACE('',(#544),#159,.F.);
#6958=ADVANCED_FACE('',(#545),#160,.F.);
#6959=ADVANCED_FACE('',(#546),#161,.F.);
#6960=ADVANCED_FACE('',(#547),#162,.F.);
#6961=ADVANCED_FACE('',(#548),#6903,.T.);
#6962=ADVANCED_FACE('',(#549),#6904,.T.);
#6963=ADVANCED_FACE('',(#550),#6905,.T.);
#6964=ADVANCED_FACE('',(#551),#6906,.T.);
#6965=ADVANCED_FACE('',(#552),#6907,.T.);
#6966=ADVANCED_FACE('',(#553),#163,.F.);
#6967=ADVANCED_FACE('',(#554),#164,.T.);
#6968=ADVANCED_FACE('',(#555),#165,.F.);
#6969=ADVANCED_FACE('',(#556),#166,.F.);
#6970=ADVANCED_FACE('',(#557),#6908,.F.);
#6971=ADVANCED_FACE('',(#558),#167,.T.);
#6972=ADVANCED_FACE('',(#559),#168,.F.);
#6973=ADVANCED_FACE('',(#560),#169,.F.);
#6974=ADVANCED_FACE('',(#561),#170,.F.);
#6975=ADVANCED_FACE('',(#562),#171,.F.);
#6976=ADVANCED_FACE('',(#563),#172,.T.);
#6977=ADVANCED_FACE('',(#564),#173,.T.);
#6978=ADVANCED_FACE('',(#565),#174,.T.);
#6979=ADVANCED_FACE('',(#566),#175,.T.);
#6980=ADVANCED_FACE('',(#567),#176,.T.);
#6981=ADVANCED_FACE('',(#568),#177,.T.);
#6982=ADVANCED_FACE('',(#569),#178,.T.);
#6983=ADVANCED_FACE('',(#570),#179,.T.);
#6984=ADVANCED_FACE('',(#571),#180,.T.);
#6985=ADVANCED_FACE('',(#572),#181,.T.);
#6986=ADVANCED_FACE('',(#573),#6909,.F.);
#6987=ADVANCED_FACE('',(#574),#182,.T.);
#6988=ADVANCED_FACE('',(#575),#183,.T.);
#6989=ADVANCED_FACE('',(#576),#6910,.T.);
#6990=ADVANCED_FACE('',(#577),#184,.T.);
#6991=ADVANCED_FACE('',(#578),#185,.T.);
#6992=ADVANCED_FACE('',(#579),#186,.T.);
#6993=ADVANCED_FACE('',(#580),#187,.T.);
#6994=ADVANCED_FACE('',(#581),#188,.T.);
#6995=ADVANCED_FACE('',(#582),#189,.T.);
#6996=ADVANCED_FACE('',(#583),#190,.T.);
#6997=ADVANCED_FACE('',(#584),#191,.T.);
#6998=ADVANCED_FACE('',(#585),#192,.T.);
#6999=ADVANCED_FACE('',(#586),#193,.T.);
#7000=ADVANCED_FACE('',(#587),#194,.T.);
#7001=ADVANCED_FACE('',(#588),#195,.T.);
#7002=ADVANCED_FACE('',(#589),#196,.T.);
#7003=ADVANCED_FACE('',(#590),#197,.T.);
#7004=ADVANCED_FACE('',(#591),#198,.T.);
#7005=ADVANCED_FACE('',(#592),#199,.T.);
#7006=ADVANCED_FACE('',(#593),#200,.T.);
#7007=ADVANCED_FACE('',(#594),#201,.T.);
#7008=ADVANCED_FACE('',(#595),#6911,.F.);
#7009=ADVANCED_FACE('',(#596),#202,.T.);
#7010=ADVANCED_FACE('',(#597),#203,.T.);
#7011=ADVANCED_FACE('',(#598),#6912,.T.);
#7012=ADVANCED_FACE('',(#599),#204,.T.);
#7013=ADVANCED_FACE('',(#600),#205,.T.);
#7014=ADVANCED_FACE('',(#601),#206,.T.);
#7015=ADVANCED_FACE('',(#602),#207,.T.);
#7016=ADVANCED_FACE('',(#603),#208,.T.);
#7017=ADVANCED_FACE('',(#604),#209,.T.);
#7018=ADVANCED_FACE('',(#605),#210,.T.);
#7019=ADVANCED_FACE('',(#606),#211,.T.);
#7020=ADVANCED_FACE('',(#607),#212,.T.);
#7021=ADVANCED_FACE('',(#608),#213,.T.);
#7022=ADVANCED_FACE('',(#609),#214,.T.);
#7023=ADVANCED_FACE('',(#610),#215,.T.);
#7024=ADVANCED_FACE('',(#611),#216,.T.);
#7025=ADVANCED_FACE('',(#612),#217,.T.);
#7026=ADVANCED_FACE('',(#613),#218,.T.);
#7027=ADVANCED_FACE('',(#614),#219,.T.);
#7028=ADVANCED_FACE('',(#615),#220,.T.);
#7029=ADVANCED_FACE('',(#616),#221,.T.);
#7030=ADVANCED_FACE('',(#617),#6913,.F.);
#7031=ADVANCED_FACE('',(#618),#222,.T.);
#7032=ADVANCED_FACE('',(#619),#223,.T.);
#7033=ADVANCED_FACE('',(#620),#6914,.T.);
#7034=ADVANCED_FACE('',(#621),#224,.T.);
#7035=ADVANCED_FACE('',(#622),#225,.T.);
#7036=ADVANCED_FACE('',(#623),#226,.T.);
#7037=ADVANCED_FACE('',(#624),#227,.T.);
#7038=ADVANCED_FACE('',(#625),#228,.T.);
#7039=ADVANCED_FACE('',(#626),#229,.T.);
#7040=ADVANCED_FACE('',(#627),#230,.T.);
#7041=ADVANCED_FACE('',(#628),#231,.T.);
#7042=ADVANCED_FACE('',(#629),#232,.T.);
#7043=ADVANCED_FACE('',(#630),#233,.T.);
#7044=ADVANCED_FACE('',(#631),#234,.T.);
#7045=ADVANCED_FACE('',(#632),#235,.T.);
#7046=ADVANCED_FACE('',(#633),#236,.T.);
#7047=ADVANCED_FACE('',(#634),#237,.T.);
#7048=ADVANCED_FACE('',(#635),#238,.T.);
#7049=ADVANCED_FACE('',(#636),#239,.T.);
#7050=ADVANCED_FACE('',(#637),#240,.T.);
#7051=ADVANCED_FACE('',(#638),#241,.T.);
#7052=ADVANCED_FACE('',(#639),#6915,.F.);
#7053=ADVANCED_FACE('',(#640),#242,.T.);
#7054=ADVANCED_FACE('',(#641),#243,.T.);
#7055=ADVANCED_FACE('',(#642),#6916,.T.);
#7056=ADVANCED_FACE('',(#643),#244,.T.);
#7057=ADVANCED_FACE('',(#644),#245,.T.);
#7058=ADVANCED_FACE('',(#645),#246,.T.);
#7059=ADVANCED_FACE('',(#646),#247,.T.);
#7060=ADVANCED_FACE('',(#647),#248,.T.);
#7061=ADVANCED_FACE('',(#648),#249,.T.);
#7062=ADVANCED_FACE('',(#649),#250,.T.);
#7063=ADVANCED_FACE('',(#650),#251,.T.);
#7064=ADVANCED_FACE('',(#651),#252,.T.);
#7065=ADVANCED_FACE('',(#652),#253,.T.);
#7066=ADVANCED_FACE('',(#653),#254,.T.);
#7067=ADVANCED_FACE('',(#654),#255,.T.);
#7068=ADVANCED_FACE('',(#655),#256,.T.);
#7069=ADVANCED_FACE('',(#656),#257,.T.);
#7070=ADVANCED_FACE('',(#657),#258,.T.);
#7071=ADVANCED_FACE('',(#658),#259,.T.);
#7072=ADVANCED_FACE('',(#659),#260,.T.);
#7073=ADVANCED_FACE('',(#660),#261,.T.);
#7074=ADVANCED_FACE('',(#661),#6917,.F.);
#7075=ADVANCED_FACE('',(#662),#262,.T.);
#7076=ADVANCED_FACE('',(#663),#263,.T.);
#7077=ADVANCED_FACE('',(#664),#6918,.T.);
#7078=ADVANCED_FACE('',(#665),#264,.T.);
#7079=ADVANCED_FACE('',(#666),#265,.T.);
#7080=ADVANCED_FACE('',(#667),#266,.T.);
#7081=ADVANCED_FACE('',(#668),#267,.T.);
#7082=ADVANCED_FACE('',(#669),#268,.T.);
#7083=ADVANCED_FACE('',(#670),#269,.T.);
#7084=ADVANCED_FACE('',(#671),#270,.T.);
#7085=ADVANCED_FACE('',(#672),#271,.T.);
#7086=ADVANCED_FACE('',(#673),#272,.T.);
#7087=ADVANCED_FACE('',(#674),#273,.T.);
#7088=ADVANCED_FACE('',(#675),#274,.T.);
#7089=ADVANCED_FACE('',(#676),#275,.T.);
#7090=ADVANCED_FACE('',(#677),#276,.T.);
#7091=ADVANCED_FACE('',(#678),#277,.T.);
#7092=ADVANCED_FACE('',(#679),#278,.T.);
#7093=ADVANCED_FACE('',(#680),#279,.T.);
#7094=ADVANCED_FACE('',(#681),#280,.T.);
#7095=ADVANCED_FACE('',(#682),#281,.T.);
#7096=ADVANCED_FACE('',(#683),#6919,.F.);
#7097=ADVANCED_FACE('',(#684),#282,.T.);
#7098=ADVANCED_FACE('',(#685),#283,.T.);
#7099=ADVANCED_FACE('',(#686),#6920,.T.);
#7100=ADVANCED_FACE('',(#687),#284,.T.);
#7101=ADVANCED_FACE('',(#688),#285,.T.);
#7102=ADVANCED_FACE('',(#689),#286,.T.);
#7103=ADVANCED_FACE('',(#690),#287,.T.);
#7104=ADVANCED_FACE('',(#691),#288,.T.);
#7105=ADVANCED_FACE('',(#692),#289,.T.);
#7106=ADVANCED_FACE('',(#693),#290,.T.);
#7107=ADVANCED_FACE('',(#694),#291,.T.);
#7108=ADVANCED_FACE('',(#695),#292,.T.);
#7109=ADVANCED_FACE('',(#696),#293,.T.);
#7110=ADVANCED_FACE('',(#697),#294,.T.);
#7111=ADVANCED_FACE('',(#698),#295,.T.);
#7112=ADVANCED_FACE('',(#699),#296,.T.);
#7113=ADVANCED_FACE('',(#700),#297,.T.);
#7114=ADVANCED_FACE('',(#701),#298,.T.);
#7115=ADVANCED_FACE('',(#702),#299,.T.);
#7116=ADVANCED_FACE('',(#703),#300,.T.);
#7117=ADVANCED_FACE('',(#704),#301,.T.);
#7118=ADVANCED_FACE('',(#705),#6921,.F.);
#7119=ADVANCED_FACE('',(#706),#302,.T.);
#7120=ADVANCED_FACE('',(#707),#303,.T.);
#7121=ADVANCED_FACE('',(#708),#6922,.T.);
#7122=ADVANCED_FACE('',(#709),#304,.T.);
#7123=ADVANCED_FACE('',(#710),#305,.T.);
#7124=ADVANCED_FACE('',(#711),#306,.T.);
#7125=ADVANCED_FACE('',(#712),#307,.T.);
#7126=ADVANCED_FACE('',(#713),#308,.T.);
#7127=ADVANCED_FACE('',(#714),#309,.T.);
#7128=ADVANCED_FACE('',(#715),#310,.T.);
#7129=ADVANCED_FACE('',(#716),#311,.T.);
#7130=ADVANCED_FACE('',(#717),#312,.T.);
#7131=ADVANCED_FACE('',(#718),#313,.T.);
#7132=ADVANCED_FACE('',(#719),#314,.T.);
#7133=ADVANCED_FACE('',(#720),#315,.T.);
#7134=ADVANCED_FACE('',(#721),#316,.T.);
#7135=ADVANCED_FACE('',(#722),#317,.T.);
#7136=ADVANCED_FACE('',(#723),#318,.T.);
#7137=ADVANCED_FACE('',(#724),#319,.T.);
#7138=ADVANCED_FACE('',(#725),#320,.T.);
#7139=ADVANCED_FACE('',(#726),#321,.T.);
#7140=ADVANCED_FACE('',(#727),#6923,.F.);
#7141=ADVANCED_FACE('',(#728),#322,.T.);
#7142=ADVANCED_FACE('',(#729),#323,.T.);
#7143=ADVANCED_FACE('',(#730),#6924,.T.);
#7144=ADVANCED_FACE('',(#731),#324,.T.);
#7145=ADVANCED_FACE('',(#732),#325,.T.);
#7146=ADVANCED_FACE('',(#733),#326,.T.);
#7147=ADVANCED_FACE('',(#734),#327,.T.);
#7148=ADVANCED_FACE('',(#735),#328,.T.);
#7149=ADVANCED_FACE('',(#736),#329,.T.);
#7150=ADVANCED_FACE('',(#737),#330,.T.);
#7151=ADVANCED_FACE('',(#738),#331,.T.);
#7152=ADVANCED_FACE('',(#739),#332,.T.);
#7153=ADVANCED_FACE('',(#740),#333,.T.);
#7154=ADVANCED_FACE('',(#741),#334,.T.);
#7155=ADVANCED_FACE('',(#742),#335,.T.);
#7156=ADVANCED_FACE('',(#743),#336,.T.);
#7157=ADVANCED_FACE('',(#744),#337,.T.);
#7158=ADVANCED_FACE('',(#745),#338,.T.);
#7159=ADVANCED_FACE('',(#746),#339,.T.);
#7160=ADVANCED_FACE('',(#747),#340,.T.);
#7161=ADVANCED_FACE('',(#748),#341,.T.);
#7162=ADVANCED_FACE('',(#749),#6925,.F.);
#7163=ADVANCED_FACE('',(#750),#342,.T.);
#7164=ADVANCED_FACE('',(#751),#343,.T.);
#7165=ADVANCED_FACE('',(#752),#6926,.T.);
#7166=ADVANCED_FACE('',(#753),#344,.T.);
#7167=ADVANCED_FACE('',(#754),#345,.T.);
#7168=ADVANCED_FACE('',(#755),#346,.T.);
#7169=ADVANCED_FACE('',(#756),#347,.T.);
#7170=ADVANCED_FACE('',(#757),#348,.T.);
#7171=ADVANCED_FACE('',(#758),#349,.T.);
#7172=ADVANCED_FACE('',(#759),#350,.T.);
#7173=ADVANCED_FACE('',(#760),#351,.T.);
#7174=ADVANCED_FACE('',(#761),#352,.F.);
#7175=ADVANCED_FACE('',(#762),#353,.F.);
#7176=ADVANCED_FACE('',(#763),#354,.F.);
#7177=ADVANCED_FACE('',(#764),#355,.F.);
#7178=ADVANCED_FACE('',(#765),#356,.F.);
#7179=ADVANCED_FACE('',(#766),#357,.F.);
#7180=ADVANCED_FACE('',(#767),#358,.F.);
#7181=ADVANCED_FACE('',(#768),#359,.F.);
#7182=ADVANCED_FACE('',(#769),#360,.F.);
#7183=ADVANCED_FACE('',(#770),#361,.F.);
#7184=ADVANCED_FACE('',(#771),#6927,.F.);
#7185=ADVANCED_FACE('',(#772),#362,.F.);
#7186=ADVANCED_FACE('',(#773),#363,.F.);
#7187=ADVANCED_FACE('',(#774),#6928,.T.);
#7188=ADVANCED_FACE('',(#775),#364,.F.);
#7189=ADVANCED_FACE('',(#776),#365,.F.);
#7190=ADVANCED_FACE('',(#777),#366,.F.);
#7191=ADVANCED_FACE('',(#778),#367,.F.);
#7192=ADVANCED_FACE('',(#779),#368,.F.);
#7193=ADVANCED_FACE('',(#780),#369,.F.);
#7194=ADVANCED_FACE('',(#781),#370,.F.);
#7195=ADVANCED_FACE('',(#782),#371,.F.);
#7196=ADVANCED_FACE('',(#783),#372,.F.);
#7197=ADVANCED_FACE('',(#784),#373,.F.);
#7198=ADVANCED_FACE('',(#785),#374,.F.);
#7199=ADVANCED_FACE('',(#786),#375,.F.);
#7200=ADVANCED_FACE('',(#787),#376,.F.);
#7201=ADVANCED_FACE('',(#788),#377,.F.);
#7202=ADVANCED_FACE('',(#789),#378,.F.);
#7203=ADVANCED_FACE('',(#790),#379,.F.);
#7204=ADVANCED_FACE('',(#791),#380,.F.);
#7205=ADVANCED_FACE('',(#792),#381,.F.);
#7206=ADVANCED_FACE('',(#793),#6929,.F.);
#7207=ADVANCED_FACE('',(#794),#382,.F.);
#7208=ADVANCED_FACE('',(#795),#383,.F.);
#7209=ADVANCED_FACE('',(#796),#6930,.T.);
#7210=ADVANCED_FACE('',(#797),#384,.F.);
#7211=ADVANCED_FACE('',(#798),#385,.F.);
#7212=ADVANCED_FACE('',(#799),#386,.F.);
#7213=ADVANCED_FACE('',(#800),#387,.F.);
#7214=ADVANCED_FACE('',(#801),#388,.F.);
#7215=ADVANCED_FACE('',(#802),#389,.F.);
#7216=ADVANCED_FACE('',(#803),#390,.F.);
#7217=ADVANCED_FACE('',(#804),#391,.F.);
#7218=ADVANCED_FACE('',(#805),#392,.F.);
#7219=ADVANCED_FACE('',(#806),#393,.F.);
#7220=ADVANCED_FACE('',(#807),#394,.F.);
#7221=ADVANCED_FACE('',(#808),#395,.F.);
#7222=ADVANCED_FACE('',(#809),#396,.F.);
#7223=ADVANCED_FACE('',(#810),#397,.F.);
#7224=ADVANCED_FACE('',(#811),#398,.F.);
#7225=ADVANCED_FACE('',(#812),#399,.F.);
#7226=ADVANCED_FACE('',(#813),#400,.F.);
#7227=ADVANCED_FACE('',(#814),#401,.F.);
#7228=ADVANCED_FACE('',(#815),#6931,.F.);
#7229=ADVANCED_FACE('',(#816),#402,.F.);
#7230=ADVANCED_FACE('',(#817),#403,.F.);
#7231=ADVANCED_FACE('',(#818),#6932,.T.);
#7232=ADVANCED_FACE('',(#819),#404,.F.);
#7233=ADVANCED_FACE('',(#820),#405,.F.);
#7234=ADVANCED_FACE('',(#821),#406,.F.);
#7235=ADVANCED_FACE('',(#822),#407,.F.);
#7236=ADVANCED_FACE('',(#823),#408,.F.);
#7237=ADVANCED_FACE('',(#824),#409,.F.);
#7238=ADVANCED_FACE('',(#825),#410,.F.);
#7239=ADVANCED_FACE('',(#826),#411,.F.);
#7240=ADVANCED_FACE('',(#827),#412,.F.);
#7241=ADVANCED_FACE('',(#828),#413,.F.);
#7242=ADVANCED_FACE('',(#829),#414,.F.);
#7243=ADVANCED_FACE('',(#830),#415,.F.);
#7244=ADVANCED_FACE('',(#831),#416,.F.);
#7245=ADVANCED_FACE('',(#832),#417,.F.);
#7246=ADVANCED_FACE('',(#833),#418,.F.);
#7247=ADVANCED_FACE('',(#834),#419,.F.);
#7248=ADVANCED_FACE('',(#835),#420,.F.);
#7249=ADVANCED_FACE('',(#836),#421,.F.);
#7250=ADVANCED_FACE('',(#837),#6933,.F.);
#7251=ADVANCED_FACE('',(#838),#422,.F.);
#7252=ADVANCED_FACE('',(#839),#423,.F.);
#7253=ADVANCED_FACE('',(#840),#6934,.T.);
#7254=ADVANCED_FACE('',(#841),#424,.F.);
#7255=ADVANCED_FACE('',(#842),#425,.F.);
#7256=ADVANCED_FACE('',(#843),#426,.F.);
#7257=ADVANCED_FACE('',(#844),#427,.F.);
#7258=ADVANCED_FACE('',(#845),#428,.F.);
#7259=ADVANCED_FACE('',(#846),#429,.F.);
#7260=ADVANCED_FACE('',(#847),#430,.F.);
#7261=ADVANCED_FACE('',(#848),#431,.F.);
#7262=ADVANCED_FACE('',(#849),#432,.F.);
#7263=ADVANCED_FACE('',(#850),#433,.F.);
#7264=ADVANCED_FACE('',(#851),#434,.F.);
#7265=ADVANCED_FACE('',(#852),#435,.F.);
#7266=ADVANCED_FACE('',(#853),#436,.F.);
#7267=ADVANCED_FACE('',(#854),#437,.F.);
#7268=ADVANCED_FACE('',(#855),#438,.F.);
#7269=ADVANCED_FACE('',(#856),#439,.F.);
#7270=ADVANCED_FACE('',(#857),#440,.F.);
#7271=ADVANCED_FACE('',(#858),#441,.F.);
#7272=ADVANCED_FACE('',(#859),#6935,.F.);
#7273=ADVANCED_FACE('',(#860),#442,.F.);
#7274=ADVANCED_FACE('',(#861),#443,.F.);
#7275=ADVANCED_FACE('',(#862),#6936,.T.);
#7276=ADVANCED_FACE('',(#863),#444,.F.);
#7277=ADVANCED_FACE('',(#864),#445,.F.);
#7278=ADVANCED_FACE('',(#865),#446,.F.);
#7279=ADVANCED_FACE('',(#866),#447,.F.);
#7280=ADVANCED_FACE('',(#867),#448,.F.);
#7281=ADVANCED_FACE('',(#868),#449,.F.);
#7282=ADVANCED_FACE('',(#869),#450,.F.);
#7283=ADVANCED_FACE('',(#870),#451,.F.);
#7284=ADVANCED_FACE('',(#871),#452,.F.);
#7285=ADVANCED_FACE('',(#872),#453,.F.);
#7286=ADVANCED_FACE('',(#873),#454,.F.);
#7287=ADVANCED_FACE('',(#874),#455,.F.);
#7288=ADVANCED_FACE('',(#875),#456,.F.);
#7289=ADVANCED_FACE('',(#876),#457,.F.);
#7290=ADVANCED_FACE('',(#877),#458,.F.);
#7291=ADVANCED_FACE('',(#878),#459,.F.);
#7292=ADVANCED_FACE('',(#879),#460,.F.);
#7293=ADVANCED_FACE('',(#880),#461,.F.);
#7294=ADVANCED_FACE('',(#881),#6937,.F.);
#7295=ADVANCED_FACE('',(#882),#462,.F.);
#7296=ADVANCED_FACE('',(#883),#463,.F.);
#7297=ADVANCED_FACE('',(#884),#6938,.T.);
#7298=ADVANCED_FACE('',(#885),#464,.F.);
#7299=ADVANCED_FACE('',(#886),#465,.F.);
#7300=ADVANCED_FACE('',(#887),#466,.F.);
#7301=ADVANCED_FACE('',(#888),#467,.F.);
#7302=ADVANCED_FACE('',(#889),#468,.F.);
#7303=ADVANCED_FACE('',(#890),#469,.F.);
#7304=ADVANCED_FACE('',(#891),#470,.F.);
#7305=ADVANCED_FACE('',(#892),#471,.F.);
#7306=ADVANCED_FACE('',(#893),#472,.F.);
#7307=ADVANCED_FACE('',(#894),#473,.F.);
#7308=ADVANCED_FACE('',(#895),#474,.F.);
#7309=ADVANCED_FACE('',(#896),#475,.F.);
#7310=ADVANCED_FACE('',(#897),#476,.F.);
#7311=ADVANCED_FACE('',(#898),#477,.F.);
#7312=ADVANCED_FACE('',(#899),#478,.F.);
#7313=ADVANCED_FACE('',(#900),#479,.F.);
#7314=ADVANCED_FACE('',(#901),#480,.F.);
#7315=ADVANCED_FACE('',(#902),#481,.F.);
#7316=ADVANCED_FACE('',(#903),#6939,.F.);
#7317=ADVANCED_FACE('',(#904),#482,.F.);
#7318=ADVANCED_FACE('',(#905),#483,.F.);
#7319=ADVANCED_FACE('',(#906),#6940,.T.);
#7320=ADVANCED_FACE('',(#907),#484,.F.);
#7321=ADVANCED_FACE('',(#908),#485,.F.);
#7322=ADVANCED_FACE('',(#909),#486,.F.);
#7323=ADVANCED_FACE('',(#910),#487,.F.);
#7324=ADVANCED_FACE('',(#911),#488,.F.);
#7325=ADVANCED_FACE('',(#912),#489,.F.);
#7326=ADVANCED_FACE('',(#913),#490,.F.);
#7327=ADVANCED_FACE('',(#914),#491,.F.);
#7328=ADVANCED_FACE('',(#915),#492,.F.);
#7329=ADVANCED_FACE('',(#916),#493,.F.);
#7330=ADVANCED_FACE('',(#917),#494,.F.);
#7331=ADVANCED_FACE('',(#918),#495,.F.);
#7332=ADVANCED_FACE('',(#919),#496,.F.);
#7333=ADVANCED_FACE('',(#920),#497,.F.);
#7334=ADVANCED_FACE('',(#921),#498,.F.);
#7335=ADVANCED_FACE('',(#922),#499,.F.);
#7336=ADVANCED_FACE('',(#923),#500,.F.);
#7337=ADVANCED_FACE('',(#924),#501,.F.);
#7338=ADVANCED_FACE('',(#925),#6941,.F.);
#7339=ADVANCED_FACE('',(#926),#502,.F.);
#7340=ADVANCED_FACE('',(#927),#503,.F.);
#7341=ADVANCED_FACE('',(#928),#6942,.T.);
#7342=ADVANCED_FACE('',(#929),#504,.F.);
#7343=ADVANCED_FACE('',(#930),#505,.F.);
#7344=ADVANCED_FACE('',(#931),#506,.F.);
#7345=ADVANCED_FACE('',(#932),#507,.F.);
#7346=ADVANCED_FACE('',(#933),#508,.F.);
#7347=ADVANCED_FACE('',(#934),#509,.F.);
#7348=ADVANCED_FACE('',(#935),#510,.F.);
#7349=ADVANCED_FACE('',(#936),#511,.F.);
#7350=ADVANCED_FACE('',(#937),#512,.F.);
#7351=ADVANCED_FACE('',(#938),#513,.F.);
#7352=ADVANCED_FACE('',(#939),#514,.F.);
#7353=ADVANCED_FACE('',(#940),#515,.F.);
#7354=ADVANCED_FACE('',(#941),#516,.F.);
#7355=ADVANCED_FACE('',(#942),#517,.F.);
#7356=ADVANCED_FACE('',(#943),#518,.F.);
#7357=ADVANCED_FACE('',(#944),#519,.F.);
#7358=ADVANCED_FACE('',(#945),#520,.F.);
#7359=ADVANCED_FACE('',(#946),#521,.F.);
#7360=ADVANCED_FACE('',(#947),#6943,.F.);
#7361=ADVANCED_FACE('',(#948),#522,.F.);
#7362=ADVANCED_FACE('',(#949),#523,.F.);
#7363=ADVANCED_FACE('',(#950),#6944,.T.);
#7364=ADVANCED_FACE('',(#951),#524,.F.);
#7365=ADVANCED_FACE('',(#952),#525,.F.);
#7366=ADVANCED_FACE('',(#953),#526,.F.);
#7367=ADVANCED_FACE('',(#954),#527,.F.);
#7368=ADVANCED_FACE('',(#955),#528,.F.);
#7369=ADVANCED_FACE('',(#956),#529,.F.);
#7370=ADVANCED_FACE('',(#957),#530,.F.);
#7371=ADVANCED_FACE('',(#958),#531,.F.);
#7372=CLOSED_SHELL('',(#6945,#6946,#6947,#6948,#6949,#6950,#6951,#6952,
#6953,#6954));
#7373=CLOSED_SHELL('',(#6955,#6956,#6957,#6958,#6959,#6960));
#7374=CLOSED_SHELL('',(#6961,#6962,#6963,#6964,#6965,#6966,#6967,#6968,
#6969,#6970,#6971,#6972,#6973,#6974,#6975));
#7375=CLOSED_SHELL('',(#6976,#6977,#6978,#6979,#6980,#6981,#6982,#6983,
#6984,#6985,#6986,#6987,#6988,#6989,#6990,#6991,#6992,#6993,#6994,#6995,
#6996,#6997));
#7376=CLOSED_SHELL('',(#6998,#6999,#7000,#7001,#7002,#7003,#7004,#7005,
#7006,#7007,#7008,#7009,#7010,#7011,#7012,#7013,#7014,#7015,#7016,#7017,
#7018,#7019));
#7377=CLOSED_SHELL('',(#7020,#7021,#7022,#7023,#7024,#7025,#7026,#7027,
#7028,#7029,#7030,#7031,#7032,#7033,#7034,#7035,#7036,#7037,#7038,#7039,
#7040,#7041));
#7378=CLOSED_SHELL('',(#7042,#7043,#7044,#7045,#7046,#7047,#7048,#7049,
#7050,#7051,#7052,#7053,#7054,#7055,#7056,#7057,#7058,#7059,#7060,#7061,
#7062,#7063));
#7379=CLOSED_SHELL('',(#7064,#7065,#7066,#7067,#7068,#7069,#7070,#7071,
#7072,#7073,#7074,#7075,#7076,#7077,#7078,#7079,#7080,#7081,#7082,#7083,
#7084,#7085));
#7380=CLOSED_SHELL('',(#7086,#7087,#7088,#7089,#7090,#7091,#7092,#7093,
#7094,#7095,#7096,#7097,#7098,#7099,#7100,#7101,#7102,#7103,#7104,#7105,
#7106,#7107));
#7381=CLOSED_SHELL('',(#7108,#7109,#7110,#7111,#7112,#7113,#7114,#7115,
#7116,#7117,#7118,#7119,#7120,#7121,#7122,#7123,#7124,#7125,#7126,#7127,
#7128,#7129));
#7382=CLOSED_SHELL('',(#7130,#7131,#7132,#7133,#7134,#7135,#7136,#7137,
#7138,#7139,#7140,#7141,#7142,#7143,#7144,#7145,#7146,#7147,#7148,#7149,
#7150,#7151));
#7383=CLOSED_SHELL('',(#7152,#7153,#7154,#7155,#7156,#7157,#7158,#7159,
#7160,#7161,#7162,#7163,#7164,#7165,#7166,#7167,#7168,#7169,#7170,#7171,
#7172,#7173));
#7384=CLOSED_SHELL('',(#7174,#7175,#7176,#7177,#7178,#7179,#7180,#7181,
#7182,#7183,#7184,#7185,#7186,#7187,#7188,#7189,#7190,#7191,#7192,#7193,
#7194,#7195));
#7385=CLOSED_SHELL('',(#7196,#7197,#7198,#7199,#7200,#7201,#7202,#7203,
#7204,#7205,#7206,#7207,#7208,#7209,#7210,#7211,#7212,#7213,#7214,#7215,
#7216,#7217));
#7386=CLOSED_SHELL('',(#7218,#7219,#7220,#7221,#7222,#7223,#7224,#7225,
#7226,#7227,#7228,#7229,#7230,#7231,#7232,#7233,#7234,#7235,#7236,#7237,
#7238,#7239));
#7387=CLOSED_SHELL('',(#7240,#7241,#7242,#7243,#7244,#7245,#7246,#7247,
#7248,#7249,#7250,#7251,#7252,#7253,#7254,#7255,#7256,#7257,#7258,#7259,
#7260,#7261));
#7388=CLOSED_SHELL('',(#7262,#7263,#7264,#7265,#7266,#7267,#7268,#7269,
#7270,#7271,#7272,#7273,#7274,#7275,#7276,#7277,#7278,#7279,#7280,#7281,
#7282,#7283));
#7389=CLOSED_SHELL('',(#7284,#7285,#7286,#7287,#7288,#7289,#7290,#7291,
#7292,#7293,#7294,#7295,#7296,#7297,#7298,#7299,#7300,#7301,#7302,#7303,
#7304,#7305));
#7390=CLOSED_SHELL('',(#7306,#7307,#7308,#7309,#7310,#7311,#7312,#7313,
#7314,#7315,#7316,#7317,#7318,#7319,#7320,#7321,#7322,#7323,#7324,#7325,
#7326,#7327));
#7391=CLOSED_SHELL('',(#7328,#7329,#7330,#7331,#7332,#7333,#7334,#7335,
#7336,#7337,#7338,#7339,#7340,#7341,#7342,#7343,#7344,#7345,#7346,#7347,
#7348,#7349));
#7392=CLOSED_SHELL('',(#7350,#7351,#7352,#7353,#7354,#7355,#7356,#7357,
#7358,#7359,#7360,#7361,#7362,#7363,#7364,#7365,#7366,#7367,#7368,#7369,
#7370,#7371));
#7393=DERIVED_UNIT_ELEMENT(#7399,1.);
#7394=DERIVED_UNIT_ELEMENT(#12010,-3.);
#7395=DERIVED_UNIT_ELEMENT(#7399,1.);
#7396=DERIVED_UNIT_ELEMENT(#12010,-3.);
#7397=DERIVED_UNIT_ELEMENT(#7399,1.);
#7398=DERIVED_UNIT_ELEMENT(#12010,-3.);
#7399=(
MASS_UNIT()
NAMED_UNIT(*)
SI_UNIT(.KILO.,.GRAM.)
);
#7400=DERIVED_UNIT((#7393,#7394));
#7401=DERIVED_UNIT((#7395,#7396));
#7402=DERIVED_UNIT((#7397,#7398));
#7403=MEASURE_REPRESENTATION_ITEM('density measure',
POSITIVE_RATIO_MEASURE(7850.),#7400);
#7404=MEASURE_REPRESENTATION_ITEM('density measure',
POSITIVE_RATIO_MEASURE(7850.),#7401);
#7405=MEASURE_REPRESENTATION_ITEM('density measure',
POSITIVE_RATIO_MEASURE(7850.),#7402);
#7406=PROPERTY_DEFINITION_REPRESENTATION(#7421,#7412);
#7407=PROPERTY_DEFINITION_REPRESENTATION(#7422,#7413);
#7408=PROPERTY_DEFINITION_REPRESENTATION(#7423,#7414);
#7409=PROPERTY_DEFINITION_REPRESENTATION(#7424,#7415);
#7410=PROPERTY_DEFINITION_REPRESENTATION(#7425,#7416);
#7411=PROPERTY_DEFINITION_REPRESENTATION(#7426,#7417);
#7412=REPRESENTATION('material name',(#7418),#12005);
#7413=REPRESENTATION('density',(#7403),#12005);
#7414=REPRESENTATION('material name',(#7419),#12006);
#7415=REPRESENTATION('density',(#7404),#12006);
#7416=REPRESENTATION('material name',(#7420),#12007);
#7417=REPRESENTATION('density',(#7405),#12007);
#7418=DESCRIPTIVE_REPRESENTATION_ITEM('Steel','Steel');
#7419=DESCRIPTIVE_REPRESENTATION_ITEM('Steel','Steel');
#7420=DESCRIPTIVE_REPRESENTATION_ITEM('Steel','Steel');
#7421=PROPERTY_DEFINITION('material property','material name',#12030);
#7422=PROPERTY_DEFINITION('material property','density of part',#12030);
#7423=PROPERTY_DEFINITION('material property','material name',#12031);
#7424=PROPERTY_DEFINITION('material property','density of part',#12031);
#7425=PROPERTY_DEFINITION('material property','material name',#12032);
#7426=PROPERTY_DEFINITION('material property','density of part',#12032);
#7427=AXIS2_PLACEMENT_3D('',#9927,#7954,#7955);
#7428=AXIS2_PLACEMENT_3D('',#9928,#7956,#7957);
#7429=AXIS2_PLACEMENT_3D('',#9929,#7958,#7959);
#7430=AXIS2_PLACEMENT_3D('',#9934,#7961,#7962);
#7431=AXIS2_PLACEMENT_3D('',#9936,#7963,#7964);
#7432=AXIS2_PLACEMENT_3D('',#9940,#7966,#7967);
#7433=AXIS2_PLACEMENT_3D('',#9941,#7968,#7969);
#7434=AXIS2_PLACEMENT_3D('',#9942,#7970,#7971);
#7435=AXIS2_PLACEMENT_3D('',#9946,#7973,#7974);
#7436=AXIS2_PLACEMENT_3D('',#9948,#7976,#7977);
#7437=AXIS2_PLACEMENT_3D('',#9952,#7979,#7980);
#7438=AXIS2_PLACEMENT_3D('',#9954,#7982,#7983);
#7439=AXIS2_PLACEMENT_3D('',#9958,#7985,#7986);
#7440=AXIS2_PLACEMENT_3D('',#9960,#7988,#7989);
#7441=AXIS2_PLACEMENT_3D('',#9961,#7990,#7991);
#7442=AXIS2_PLACEMENT_3D('',#9967,#7995,#7996);
#7443=AXIS2_PLACEMENT_3D('',#9971,#7999,#8000);
#7444=AXIS2_PLACEMENT_3D('',#9972,#8001,#8002);
#7445=AXIS2_PLACEMENT_3D('',#9976,#8005,#8006);
#7446=AXIS2_PLACEMENT_3D('',#9978,#8008,#8009);
#7447=AXIS2_PLACEMENT_3D('',#9979,#8010,#8011);
#7448=AXIS2_PLACEMENT_3D('',#9988,#8016,#8017);
#7449=AXIS2_PLACEMENT_3D('',#9997,#8022,#8023);
#7450=AXIS2_PLACEMENT_3D('',#10000,#8026,#8027);
#7451=AXIS2_PLACEMENT_3D('',#10002,#8029,#8030);
#7452=AXIS2_PLACEMENT_3D('',#10004,#8032,#8033);
#7453=AXIS2_PLACEMENT_3D('',#10005,#8034,#8035);
#7454=AXIS2_PLACEMENT_3D('',#10010,#8037,#8038);
#7455=AXIS2_PLACEMENT_3D('',#10013,#8040,#8041);
#7456=AXIS2_PLACEMENT_3D('',#10014,#8042,#8043);
#7457=AXIS2_PLACEMENT_3D('',#10018,#8045,#8046);
#7458=AXIS2_PLACEMENT_3D('',#10021,#8048,#8049);
#7459=AXIS2_PLACEMENT_3D('',#10022,#8050,#8051);
#7460=AXIS2_PLACEMENT_3D('',#10026,#8053,#8054);
#7461=AXIS2_PLACEMENT_3D('',#10030,#8056,#8057);
#7462=AXIS2_PLACEMENT_3D('',#10031,#8058,#8059);
#7463=AXIS2_PLACEMENT_3D('',#10032,#8060,#8061);
#7464=AXIS2_PLACEMENT_3D('',#10037,#8064,#8065);
#7465=AXIS2_PLACEMENT_3D('',#10038,#8066,#8067);
#7466=AXIS2_PLACEMENT_3D('',#10043,#8069,#8070);
#7467=AXIS2_PLACEMENT_3D('',#10045,#8072,#8073);
#7468=AXIS2_PLACEMENT_3D('',#10046,#8074,#8075);
#7469=AXIS2_PLACEMENT_3D('',#10054,#8080,#8081);
#7470=AXIS2_PLACEMENT_3D('',#10057,#8083,#8084);
#7471=AXIS2_PLACEMENT_3D('',#10058,#8085,#8086);
#7472=AXIS2_PLACEMENT_3D('',#10067,#8092,#8093);
#7473=AXIS2_PLACEMENT_3D('',#10071,#8096,#8097);
#7474=AXIS2_PLACEMENT_3D('',#10072,#8098,#8099);
#7475=AXIS2_PLACEMENT_3D('',#10073,#8100,#8101);
#7476=AXIS2_PLACEMENT_3D('',#10074,#8102,#8103);
#7477=AXIS2_PLACEMENT_3D('',#10080,#8107,#8108);
#7478=AXIS2_PLACEMENT_3D('',#10082,#8110,#8111);
#7479=AXIS2_PLACEMENT_3D('',#10084,#8113,#8114);
#7480=AXIS2_PLACEMENT_3D('',#10085,#8115,#8116);
#7481=AXIS2_PLACEMENT_3D('',#10086,#8117,#8118);
#7482=AXIS2_PLACEMENT_3D('',#10095,#8123,#8124);
#7483=AXIS2_PLACEMENT_3D('',#10101,#8128,#8129);
#7484=AXIS2_PLACEMENT_3D('',#10121,#8140,#8141);
#7485=AXIS2_PLACEMENT_3D('',#10127,#8145,#8146);
#7486=AXIS2_PLACEMENT_3D('',#10131,#8149,#8150);
#7487=AXIS2_PLACEMENT_3D('',#10137,#8154,#8155);
#7488=AXIS2_PLACEMENT_3D('',#10141,#8158,#8159);
#7489=AXIS2_PLACEMENT_3D('',#10145,#8162,#8163);
#7490=AXIS2_PLACEMENT_3D('',#10154,#8168,#8169);
#7491=AXIS2_PLACEMENT_3D('',#10157,#8171,#8172);
#7492=AXIS2_PLACEMENT_3D('',#10160,#8174,#8175);
#7493=AXIS2_PLACEMENT_3D('',#10161,#8176,#8177);
#7494=AXIS2_PLACEMENT_3D('',#10164,#8179,#8180);
#7495=AXIS2_PLACEMENT_3D('',#10165,#8181,#8182);
#7496=AXIS2_PLACEMENT_3D('',#10170,#8186,#8187);
#7497=AXIS2_PLACEMENT_3D('',#10174,#8190,#8191);
#7498=AXIS2_PLACEMENT_3D('',#10176,#8193,#8194);
#7499=AXIS2_PLACEMENT_3D('',#10177,#8195,#8196);
#7500=AXIS2_PLACEMENT_3D('',#10181,#8199,#8200);
#7501=AXIS2_PLACEMENT_3D('',#10183,#8202,#8203);
#7502=AXIS2_PLACEMENT_3D('',#10185,#8205,#8206);
#7503=AXIS2_PLACEMENT_3D('',#10186,#8207,#8208);
#7504=AXIS2_PLACEMENT_3D('',#10187,#8209,#8210);
#7505=AXIS2_PLACEMENT_3D('',#10189,#8212,#8213);
#7506=AXIS2_PLACEMENT_3D('',#10191,#8215,#8216);
#7507=AXIS2_PLACEMENT_3D('',#10192,#8217,#8218);
#7508=AXIS2_PLACEMENT_3D('',#10201,#8223,#8224);
#7509=AXIS2_PLACEMENT_3D('',#10207,#8228,#8229);
#7510=AXIS2_PLACEMENT_3D('',#10227,#8240,#8241);
#7511=AXIS2_PLACEMENT_3D('',#10233,#8245,#8246);
#7512=AXIS2_PLACEMENT_3D('',#10237,#8249,#8250);
#7513=AXIS2_PLACEMENT_3D('',#10243,#8254,#8255);
#7514=AXIS2_PLACEMENT_3D('',#10247,#8258,#8259);
#7515=AXIS2_PLACEMENT_3D('',#10251,#8262,#8263);
#7516=AXIS2_PLACEMENT_3D('',#10260,#8268,#8269);
#7517=AXIS2_PLACEMENT_3D('',#10263,#8271,#8272);
#7518=AXIS2_PLACEMENT_3D('',#10266,#8274,#8275);
#7519=AXIS2_PLACEMENT_3D('',#10267,#8276,#8277);
#7520=AXIS2_PLACEMENT_3D('',#10270,#8279,#8280);
#7521=AXIS2_PLACEMENT_3D('',#10271,#8281,#8282);
#7522=AXIS2_PLACEMENT_3D('',#10276,#8286,#8287);
#7523=AXIS2_PLACEMENT_3D('',#10280,#8290,#8291);
#7524=AXIS2_PLACEMENT_3D('',#10282,#8293,#8294);
#7525=AXIS2_PLACEMENT_3D('',#10283,#8295,#8296);
#7526=AXIS2_PLACEMENT_3D('',#10287,#8299,#8300);
#7527=AXIS2_PLACEMENT_3D('',#10289,#8302,#8303);
#7528=AXIS2_PLACEMENT_3D('',#10291,#8305,#8306);
#7529=AXIS2_PLACEMENT_3D('',#10292,#8307,#8308);
#7530=AXIS2_PLACEMENT_3D('',#10293,#8309,#8310);
#7531=AXIS2_PLACEMENT_3D('',#10295,#8312,#8313);
#7532=AXIS2_PLACEMENT_3D('',#10297,#8315,#8316);
#7533=AXIS2_PLACEMENT_3D('',#10298,#8317,#8318);
#7534=AXIS2_PLACEMENT_3D('',#10307,#8323,#8324);
#7535=AXIS2_PLACEMENT_3D('',#10313,#8328,#8329);
#7536=AXIS2_PLACEMENT_3D('',#10333,#8340,#8341);
#7537=AXIS2_PLACEMENT_3D('',#10339,#8345,#8346);
#7538=AXIS2_PLACEMENT_3D('',#10343,#8349,#8350);
#7539=AXIS2_PLACEMENT_3D('',#10349,#8354,#8355);
#7540=AXIS2_PLACEMENT_3D('',#10353,#8358,#8359);
#7541=AXIS2_PLACEMENT_3D('',#10357,#8362,#8363);
#7542=AXIS2_PLACEMENT_3D('',#10366,#8368,#8369);
#7543=AXIS2_PLACEMENT_3D('',#10369,#8371,#8372);
#7544=AXIS2_PLACEMENT_3D('',#10372,#8374,#8375);
#7545=AXIS2_PLACEMENT_3D('',#10373,#8376,#8377);
#7546=AXIS2_PLACEMENT_3D('',#10376,#8379,#8380);
#7547=AXIS2_PLACEMENT_3D('',#10377,#8381,#8382);
#7548=AXIS2_PLACEMENT_3D('',#10382,#8386,#8387);
#7549=AXIS2_PLACEMENT_3D('',#10386,#8390,#8391);
#7550=AXIS2_PLACEMENT_3D('',#10388,#8393,#8394);
#7551=AXIS2_PLACEMENT_3D('',#10389,#8395,#8396);
#7552=AXIS2_PLACEMENT_3D('',#10393,#8399,#8400);
#7553=AXIS2_PLACEMENT_3D('',#10395,#8402,#8403);
#7554=AXIS2_PLACEMENT_3D('',#10397,#8405,#8406);
#7555=AXIS2_PLACEMENT_3D('',#10398,#8407,#8408);
#7556=AXIS2_PLACEMENT_3D('',#10399,#8409,#8410);
#7557=AXIS2_PLACEMENT_3D('',#10401,#8412,#8413);
#7558=AXIS2_PLACEMENT_3D('',#10403,#8415,#8416);
#7559=AXIS2_PLACEMENT_3D('',#10404,#8417,#8418);
#7560=AXIS2_PLACEMENT_3D('',#10413,#8423,#8424);
#7561=AXIS2_PLACEMENT_3D('',#10419,#8428,#8429);
#7562=AXIS2_PLACEMENT_3D('',#10439,#8440,#8441);
#7563=AXIS2_PLACEMENT_3D('',#10445,#8445,#8446);
#7564=AXIS2_PLACEMENT_3D('',#10449,#8449,#8450);
#7565=AXIS2_PLACEMENT_3D('',#10455,#8454,#8455);
#7566=AXIS2_PLACEMENT_3D('',#10459,#8458,#8459);
#7567=AXIS2_PLACEMENT_3D('',#10463,#8462,#8463);
#7568=AXIS2_PLACEMENT_3D('',#10472,#8468,#8469);
#7569=AXIS2_PLACEMENT_3D('',#10475,#8471,#8472);
#7570=AXIS2_PLACEMENT_3D('',#10478,#8474,#8475);
#7571=AXIS2_PLACEMENT_3D('',#10479,#8476,#8477);
#7572=AXIS2_PLACEMENT_3D('',#10482,#8479,#8480);
#7573=AXIS2_PLACEMENT_3D('',#10483,#8481,#8482);
#7574=AXIS2_PLACEMENT_3D('',#10488,#8486,#8487);
#7575=AXIS2_PLACEMENT_3D('',#10492,#8490,#8491);
#7576=AXIS2_PLACEMENT_3D('',#10494,#8493,#8494);
#7577=AXIS2_PLACEMENT_3D('',#10495,#8495,#8496);
#7578=AXIS2_PLACEMENT_3D('',#10499,#8499,#8500);
#7579=AXIS2_PLACEMENT_3D('',#10501,#8502,#8503);
#7580=AXIS2_PLACEMENT_3D('',#10503,#8505,#8506);
#7581=AXIS2_PLACEMENT_3D('',#10504,#8507,#8508);
#7582=AXIS2_PLACEMENT_3D('',#10505,#8509,#8510);
#7583=AXIS2_PLACEMENT_3D('',#10507,#8512,#8513);
#7584=AXIS2_PLACEMENT_3D('',#10509,#8515,#8516);
#7585=AXIS2_PLACEMENT_3D('',#10510,#8517,#8518);
#7586=AXIS2_PLACEMENT_3D('',#10519,#8523,#8524);
#7587=AXIS2_PLACEMENT_3D('',#10525,#8528,#8529);
#7588=AXIS2_PLACEMENT_3D('',#10545,#8540,#8541);
#7589=AXIS2_PLACEMENT_3D('',#10551,#8545,#8546);
#7590=AXIS2_PLACEMENT_3D('',#10555,#8549,#8550);
#7591=AXIS2_PLACEMENT_3D('',#10561,#8554,#8555);
#7592=AXIS2_PLACEMENT_3D('',#10565,#8558,#8559);
#7593=AXIS2_PLACEMENT_3D('',#10569,#8562,#8563);
#7594=AXIS2_PLACEMENT_3D('',#10578,#8568,#8569);
#7595=AXIS2_PLACEMENT_3D('',#10581,#8571,#8572);
#7596=AXIS2_PLACEMENT_3D('',#10584,#8574,#8575);
#7597=AXIS2_PLACEMENT_3D('',#10585,#8576,#8577);
#7598=AXIS2_PLACEMENT_3D('',#10588,#8579,#8580);
#7599=AXIS2_PLACEMENT_3D('',#10589,#8581,#8582);
#7600=AXIS2_PLACEMENT_3D('',#10594,#8586,#8587);
#7601=AXIS2_PLACEMENT_3D('',#10598,#8590,#8591);
#7602=AXIS2_PLACEMENT_3D('',#10600,#8593,#8594);
#7603=AXIS2_PLACEMENT_3D('',#10601,#8595,#8596);
#7604=AXIS2_PLACEMENT_3D('',#10605,#8599,#8600);
#7605=AXIS2_PLACEMENT_3D('',#10607,#8602,#8603);
#7606=AXIS2_PLACEMENT_3D('',#10609,#8605,#8606);
#7607=AXIS2_PLACEMENT_3D('',#10610,#8607,#8608);
#7608=AXIS2_PLACEMENT_3D('',#10611,#8609,#8610);
#7609=AXIS2_PLACEMENT_3D('',#10613,#8612,#8613);
#7610=AXIS2_PLACEMENT_3D('',#10615,#8615,#8616);
#7611=AXIS2_PLACEMENT_3D('',#10616,#8617,#8618);
#7612=AXIS2_PLACEMENT_3D('',#10625,#8623,#8624);
#7613=AXIS2_PLACEMENT_3D('',#10631,#8628,#8629);
#7614=AXIS2_PLACEMENT_3D('',#10651,#8640,#8641);
#7615=AXIS2_PLACEMENT_3D('',#10657,#8645,#8646);
#7616=AXIS2_PLACEMENT_3D('',#10661,#8649,#8650);
#7617=AXIS2_PLACEMENT_3D('',#10667,#8654,#8655);
#7618=AXIS2_PLACEMENT_3D('',#10671,#8658,#8659);
#7619=AXIS2_PLACEMENT_3D('',#10675,#8662,#8663);
#7620=AXIS2_PLACEMENT_3D('',#10684,#8668,#8669);
#7621=AXIS2_PLACEMENT_3D('',#10687,#8671,#8672);
#7622=AXIS2_PLACEMENT_3D('',#10690,#8674,#8675);
#7623=AXIS2_PLACEMENT_3D('',#10691,#8676,#8677);
#7624=AXIS2_PLACEMENT_3D('',#10694,#8679,#8680);
#7625=AXIS2_PLACEMENT_3D('',#10695,#8681,#8682);
#7626=AXIS2_PLACEMENT_3D('',#10700,#8686,#8687);
#7627=AXIS2_PLACEMENT_3D('',#10704,#8690,#8691);
#7628=AXIS2_PLACEMENT_3D('',#10706,#8693,#8694);
#7629=AXIS2_PLACEMENT_3D('',#10707,#8695,#8696);
#7630=AXIS2_PLACEMENT_3D('',#10711,#8699,#8700);
#7631=AXIS2_PLACEMENT_3D('',#10713,#8702,#8703);
#7632=AXIS2_PLACEMENT_3D('',#10715,#8705,#8706);
#7633=AXIS2_PLACEMENT_3D('',#10716,#8707,#8708);
#7634=AXIS2_PLACEMENT_3D('',#10717,#8709,#8710);
#7635=AXIS2_PLACEMENT_3D('',#10719,#8712,#8713);
#7636=AXIS2_PLACEMENT_3D('',#10721,#8715,#8716);
#7637=AXIS2_PLACEMENT_3D('',#10722,#8717,#8718);
#7638=AXIS2_PLACEMENT_3D('',#10731,#8723,#8724);
#7639=AXIS2_PLACEMENT_3D('',#10737,#8728,#8729);
#7640=AXIS2_PLACEMENT_3D('',#10757,#8740,#8741);
#7641=AXIS2_PLACEMENT_3D('',#10763,#8745,#8746);
#7642=AXIS2_PLACEMENT_3D('',#10767,#8749,#8750);
#7643=AXIS2_PLACEMENT_3D('',#10773,#8754,#8755);
#7644=AXIS2_PLACEMENT_3D('',#10777,#8758,#8759);
#7645=AXIS2_PLACEMENT_3D('',#10781,#8762,#8763);
#7646=AXIS2_PLACEMENT_3D('',#10790,#8768,#8769);
#7647=AXIS2_PLACEMENT_3D('',#10793,#8771,#8772);
#7648=AXIS2_PLACEMENT_3D('',#10796,#8774,#8775);
#7649=AXIS2_PLACEMENT_3D('',#10797,#8776,#8777);
#7650=AXIS2_PLACEMENT_3D('',#10800,#8779,#8780);
#7651=AXIS2_PLACEMENT_3D('',#10801,#8781,#8782);
#7652=AXIS2_PLACEMENT_3D('',#10806,#8786,#8787);
#7653=AXIS2_PLACEMENT_3D('',#10810,#8790,#8791);
#7654=AXIS2_PLACEMENT_3D('',#10812,#8793,#8794);
#7655=AXIS2_PLACEMENT_3D('',#10813,#8795,#8796);
#7656=AXIS2_PLACEMENT_3D('',#10817,#8799,#8800);
#7657=AXIS2_PLACEMENT_3D('',#10819,#8802,#8803);
#7658=AXIS2_PLACEMENT_3D('',#10821,#8805,#8806);
#7659=AXIS2_PLACEMENT_3D('',#10822,#8807,#8808);
#7660=AXIS2_PLACEMENT_3D('',#10823,#8809,#8810);
#7661=AXIS2_PLACEMENT_3D('',#10825,#8812,#8813);
#7662=AXIS2_PLACEMENT_3D('',#10827,#8815,#8816);
#7663=AXIS2_PLACEMENT_3D('',#10828,#8817,#8818);
#7664=AXIS2_PLACEMENT_3D('',#10837,#8823,#8824);
#7665=AXIS2_PLACEMENT_3D('',#10843,#8828,#8829);
#7666=AXIS2_PLACEMENT_3D('',#10863,#8840,#8841);
#7667=AXIS2_PLACEMENT_3D('',#10869,#8845,#8846);
#7668=AXIS2_PLACEMENT_3D('',#10873,#8849,#8850);
#7669=AXIS2_PLACEMENT_3D('',#10879,#8854,#8855);
#7670=AXIS2_PLACEMENT_3D('',#10883,#8858,#8859);
#7671=AXIS2_PLACEMENT_3D('',#10887,#8862,#8863);
#7672=AXIS2_PLACEMENT_3D('',#10896,#8868,#8869);
#7673=AXIS2_PLACEMENT_3D('',#10899,#8871,#8872);
#7674=AXIS2_PLACEMENT_3D('',#10902,#8874,#8875);
#7675=AXIS2_PLACEMENT_3D('',#10903,#8876,#8877);
#7676=AXIS2_PLACEMENT_3D('',#10906,#8879,#8880);
#7677=AXIS2_PLACEMENT_3D('',#10907,#8881,#8882);
#7678=AXIS2_PLACEMENT_3D('',#10912,#8886,#8887);
#7679=AXIS2_PLACEMENT_3D('',#10916,#8890,#8891);
#7680=AXIS2_PLACEMENT_3D('',#10918,#8893,#8894);
#7681=AXIS2_PLACEMENT_3D('',#10919,#8895,#8896);
#7682=AXIS2_PLACEMENT_3D('',#10923,#8899,#8900);
#7683=AXIS2_PLACEMENT_3D('',#10925,#8902,#8903);
#7684=AXIS2_PLACEMENT_3D('',#10927,#8905,#8906);
#7685=AXIS2_PLACEMENT_3D('',#10928,#8907,#8908);
#7686=AXIS2_PLACEMENT_3D('',#10929,#8909,#8910);
#7687=AXIS2_PLACEMENT_3D('',#10931,#8912,#8913);
#7688=AXIS2_PLACEMENT_3D('',#10933,#8915,#8916);
#7689=AXIS2_PLACEMENT_3D('',#10934,#8917,#8918);
#7690=AXIS2_PLACEMENT_3D('',#10943,#8923,#8924);
#7691=AXIS2_PLACEMENT_3D('',#10949,#8928,#8929);
#7692=AXIS2_PLACEMENT_3D('',#10969,#8940,#8941);
#7693=AXIS2_PLACEMENT_3D('',#10975,#8945,#8946);
#7694=AXIS2_PLACEMENT_3D('',#10979,#8949,#8950);
#7695=AXIS2_PLACEMENT_3D('',#10985,#8954,#8955);
#7696=AXIS2_PLACEMENT_3D('',#10989,#8958,#8959);
#7697=AXIS2_PLACEMENT_3D('',#10993,#8962,#8963);
#7698=AXIS2_PLACEMENT_3D('',#11002,#8968,#8969);
#7699=AXIS2_PLACEMENT_3D('',#11005,#8971,#8972);
#7700=AXIS2_PLACEMENT_3D('',#11008,#8974,#8975);
#7701=AXIS2_PLACEMENT_3D('',#11009,#8976,#8977);
#7702=AXIS2_PLACEMENT_3D('',#11012,#8979,#8980);
#7703=AXIS2_PLACEMENT_3D('',#11013,#8981,#8982);
#7704=AXIS2_PLACEMENT_3D('',#11018,#8986,#8987);
#7705=AXIS2_PLACEMENT_3D('',#11022,#8990,#8991);
#7706=AXIS2_PLACEMENT_3D('',#11024,#8993,#8994);
#7707=AXIS2_PLACEMENT_3D('',#11025,#8995,#8996);
#7708=AXIS2_PLACEMENT_3D('',#11029,#8999,#9000);
#7709=AXIS2_PLACEMENT_3D('',#11031,#9002,#9003);
#7710=AXIS2_PLACEMENT_3D('',#11033,#9005,#9006);
#7711=AXIS2_PLACEMENT_3D('',#11034,#9007,#9008);
#7712=AXIS2_PLACEMENT_3D('',#11035,#9009,#9010);
#7713=AXIS2_PLACEMENT_3D('',#11037,#9012,#9013);
#7714=AXIS2_PLACEMENT_3D('',#11039,#9015,#9016);
#7715=AXIS2_PLACEMENT_3D('',#11040,#9017,#9018);
#7716=AXIS2_PLACEMENT_3D('',#11041,#9019,#9020);
#7717=AXIS2_PLACEMENT_3D('',#11050,#9025,#9026);
#7718=AXIS2_PLACEMENT_3D('',#11056,#9030,#9031);
#7719=AXIS2_PLACEMENT_3D('',#11076,#9042,#9043);
#7720=AXIS2_PLACEMENT_3D('',#11082,#9047,#9048);
#7721=AXIS2_PLACEMENT_3D('',#11086,#9051,#9052);
#7722=AXIS2_PLACEMENT_3D('',#11092,#9056,#9057);
#7723=AXIS2_PLACEMENT_3D('',#11096,#9060,#9061);
#7724=AXIS2_PLACEMENT_3D('',#11100,#9064,#9065);
#7725=AXIS2_PLACEMENT_3D('',#11109,#9070,#9071);
#7726=AXIS2_PLACEMENT_3D('',#11113,#9073,#9074);
#7727=AXIS2_PLACEMENT_3D('',#11115,#9076,#9077);
#7728=AXIS2_PLACEMENT_3D('',#11116,#9078,#9079);
#7729=AXIS2_PLACEMENT_3D('',#11119,#9081,#9082);
#7730=AXIS2_PLACEMENT_3D('',#11120,#9083,#9084);
#7731=AXIS2_PLACEMENT_3D('',#11125,#9088,#9089);
#7732=AXIS2_PLACEMENT_3D('',#11129,#9092,#9093);
#7733=AXIS2_PLACEMENT_3D('',#11130,#9094,#9095);
#7734=AXIS2_PLACEMENT_3D('',#11132,#9097,#9098);
#7735=AXIS2_PLACEMENT_3D('',#11136,#9101,#9102);
#7736=AXIS2_PLACEMENT_3D('',#11138,#9104,#9105);
#7737=AXIS2_PLACEMENT_3D('',#11140,#9107,#9108);
#7738=AXIS2_PLACEMENT_3D('',#11141,#9109,#9110);
#7739=AXIS2_PLACEMENT_3D('',#11142,#9111,#9112);
#7740=AXIS2_PLACEMENT_3D('',#11144,#9114,#9115);
#7741=AXIS2_PLACEMENT_3D('',#11146,#9117,#9118);
#7742=AXIS2_PLACEMENT_3D('',#11147,#9119,#9120);
#7743=AXIS2_PLACEMENT_3D('',#11156,#9125,#9126);
#7744=AXIS2_PLACEMENT_3D('',#11162,#9130,#9131);
#7745=AXIS2_PLACEMENT_3D('',#11182,#9142,#9143);
#7746=AXIS2_PLACEMENT_3D('',#11188,#9147,#9148);
#7747=AXIS2_PLACEMENT_3D('',#11192,#9151,#9152);
#7748=AXIS2_PLACEMENT_3D('',#11198,#9156,#9157);
#7749=AXIS2_PLACEMENT_3D('',#11202,#9160,#9161);
#7750=AXIS2_PLACEMENT_3D('',#11206,#9164,#9165);
#7751=AXIS2_PLACEMENT_3D('',#11215,#9170,#9171);
#7752=AXIS2_PLACEMENT_3D('',#11219,#9173,#9174);
#7753=AXIS2_PLACEMENT_3D('',#11221,#9176,#9177);
#7754=AXIS2_PLACEMENT_3D('',#11222,#9178,#9179);
#7755=AXIS2_PLACEMENT_3D('',#11225,#9181,#9182);
#7756=AXIS2_PLACEMENT_3D('',#11226,#9183,#9184);
#7757=AXIS2_PLACEMENT_3D('',#11231,#9188,#9189);
#7758=AXIS2_PLACEMENT_3D('',#11235,#9192,#9193);
#7759=AXIS2_PLACEMENT_3D('',#11236,#9194,#9195);
#7760=AXIS2_PLACEMENT_3D('',#11238,#9197,#9198);
#7761=AXIS2_PLACEMENT_3D('',#11242,#9201,#9202);
#7762=AXIS2_PLACEMENT_3D('',#11244,#9204,#9205);
#7763=AXIS2_PLACEMENT_3D('',#11246,#9207,#9208);
#7764=AXIS2_PLACEMENT_3D('',#11247,#9209,#9210);
#7765=AXIS2_PLACEMENT_3D('',#11248,#9211,#9212);
#7766=AXIS2_PLACEMENT_3D('',#11250,#9214,#9215);
#7767=AXIS2_PLACEMENT_3D('',#11252,#9217,#9218);
#7768=AXIS2_PLACEMENT_3D('',#11253,#9219,#9220);
#7769=AXIS2_PLACEMENT_3D('',#11262,#9225,#9226);
#7770=AXIS2_PLACEMENT_3D('',#11268,#9230,#9231);
#7771=AXIS2_PLACEMENT_3D('',#11288,#9242,#9243);
#7772=AXIS2_PLACEMENT_3D('',#11294,#9247,#9248);
#7773=AXIS2_PLACEMENT_3D('',#11298,#9251,#9252);
#7774=AXIS2_PLACEMENT_3D('',#11304,#9256,#9257);
#7775=AXIS2_PLACEMENT_3D('',#11308,#9260,#9261);
#7776=AXIS2_PLACEMENT_3D('',#11312,#9264,#9265);
#7777=AXIS2_PLACEMENT_3D('',#11321,#9270,#9271);
#7778=AXIS2_PLACEMENT_3D('',#11325,#9273,#9274);
#7779=AXIS2_PLACEMENT_3D('',#11327,#9276,#9277);
#7780=AXIS2_PLACEMENT_3D('',#11328,#9278,#9279);
#7781=AXIS2_PLACEMENT_3D('',#11331,#9281,#9282);
#7782=AXIS2_PLACEMENT_3D('',#11332,#9283,#9284);
#7783=AXIS2_PLACEMENT_3D('',#11337,#9288,#9289);
#7784=AXIS2_PLACEMENT_3D('',#11341,#9292,#9293);
#7785=AXIS2_PLACEMENT_3D('',#11342,#9294,#9295);
#7786=AXIS2_PLACEMENT_3D('',#11344,#9297,#9298);
#7787=AXIS2_PLACEMENT_3D('',#11348,#9301,#9302);
#7788=AXIS2_PLACEMENT_3D('',#11350,#9304,#9305);
#7789=AXIS2_PLACEMENT_3D('',#11352,#9307,#9308);
#7790=AXIS2_PLACEMENT_3D('',#11353,#9309,#9310);
#7791=AXIS2_PLACEMENT_3D('',#11354,#9311,#9312);
#7792=AXIS2_PLACEMENT_3D('',#11356,#9314,#9315);
#7793=AXIS2_PLACEMENT_3D('',#11358,#9317,#9318);
#7794=AXIS2_PLACEMENT_3D('',#11359,#9319,#9320);
#7795=AXIS2_PLACEMENT_3D('',#11368,#9325,#9326);
#7796=AXIS2_PLACEMENT_3D('',#11374,#9330,#9331);
#7797=AXIS2_PLACEMENT_3D('',#11394,#9342,#9343);
#7798=AXIS2_PLACEMENT_3D('',#11400,#9347,#9348);
#7799=AXIS2_PLACEMENT_3D('',#11404,#9351,#9352);
#7800=AXIS2_PLACEMENT_3D('',#11410,#9356,#9357);
#7801=AXIS2_PLACEMENT_3D('',#11414,#9360,#9361);
#7802=AXIS2_PLACEMENT_3D('',#11418,#9364,#9365);
#7803=AXIS2_PLACEMENT_3D('',#11427,#9370,#9371);
#7804=AXIS2_PLACEMENT_3D('',#11431,#9373,#9374);
#7805=AXIS2_PLACEMENT_3D('',#11433,#9376,#9377);
#7806=AXIS2_PLACEMENT_3D('',#11434,#9378,#9379);
#7807=AXIS2_PLACEMENT_3D('',#11437,#9381,#9382);
#7808=AXIS2_PLACEMENT_3D('',#11438,#9383,#9384);
#7809=AXIS2_PLACEMENT_3D('',#11443,#9388,#9389);
#7810=AXIS2_PLACEMENT_3D('',#11447,#9392,#9393);
#7811=AXIS2_PLACEMENT_3D('',#11448,#9394,#9395);
#7812=AXIS2_PLACEMENT_3D('',#11450,#9397,#9398);
#7813=AXIS2_PLACEMENT_3D('',#11454,#9401,#9402);
#7814=AXIS2_PLACEMENT_3D('',#11456,#9404,#9405);
#7815=AXIS2_PLACEMENT_3D('',#11458,#9407,#9408);
#7816=AXIS2_PLACEMENT_3D('',#11459,#9409,#9410);
#7817=AXIS2_PLACEMENT_3D('',#11460,#9411,#9412);
#7818=AXIS2_PLACEMENT_3D('',#11462,#9414,#9415);
#7819=AXIS2_PLACEMENT_3D('',#11464,#9417,#9418);
#7820=AXIS2_PLACEMENT_3D('',#11465,#9419,#9420);
#7821=AXIS2_PLACEMENT_3D('',#11474,#9425,#9426);
#7822=AXIS2_PLACEMENT_3D('',#11480,#9430,#9431);
#7823=AXIS2_PLACEMENT_3D('',#11500,#9442,#9443);
#7824=AXIS2_PLACEMENT_3D('',#11506,#9447,#9448);
#7825=AXIS2_PLACEMENT_3D('',#11510,#9451,#9452);
#7826=AXIS2_PLACEMENT_3D('',#11516,#9456,#9457);
#7827=AXIS2_PLACEMENT_3D('',#11520,#9460,#9461);
#7828=AXIS2_PLACEMENT_3D('',#11524,#9464,#9465);
#7829=AXIS2_PLACEMENT_3D('',#11533,#9470,#9471);
#7830=AXIS2_PLACEMENT_3D('',#11537,#9473,#9474);
#7831=AXIS2_PLACEMENT_3D('',#11539,#9476,#9477);
#7832=AXIS2_PLACEMENT_3D('',#11540,#9478,#9479);
#7833=AXIS2_PLACEMENT_3D('',#11543,#9481,#9482);
#7834=AXIS2_PLACEMENT_3D('',#11544,#9483,#9484);
#7835=AXIS2_PLACEMENT_3D('',#11549,#9488,#9489);
#7836=AXIS2_PLACEMENT_3D('',#11553,#9492,#9493);
#7837=AXIS2_PLACEMENT_3D('',#11554,#9494,#9495);
#7838=AXIS2_PLACEMENT_3D('',#11556,#9497,#9498);
#7839=AXIS2_PLACEMENT_3D('',#11560,#9501,#9502);
#7840=AXIS2_PLACEMENT_3D('',#11562,#9504,#9505);
#7841=AXIS2_PLACEMENT_3D('',#11564,#9507,#9508);
#7842=AXIS2_PLACEMENT_3D('',#11565,#9509,#9510);
#7843=AXIS2_PLACEMENT_3D('',#11566,#9511,#9512);
#7844=AXIS2_PLACEMENT_3D('',#11568,#9514,#9515);
#7845=AXIS2_PLACEMENT_3D('',#11570,#9517,#9518);
#7846=AXIS2_PLACEMENT_3D('',#11571,#9519,#9520);
#7847=AXIS2_PLACEMENT_3D('',#11580,#9525,#9526);
#7848=AXIS2_PLACEMENT_3D('',#11586,#9530,#9531);
#7849=AXIS2_PLACEMENT_3D('',#11606,#9542,#9543);
#7850=AXIS2_PLACEMENT_3D('',#11612,#9547,#9548);
#7851=AXIS2_PLACEMENT_3D('',#11616,#9551,#9552);
#7852=AXIS2_PLACEMENT_3D('',#11622,#9556,#9557);
#7853=AXIS2_PLACEMENT_3D('',#11626,#9560,#9561);
#7854=AXIS2_PLACEMENT_3D('',#11630,#9564,#9565);
#7855=AXIS2_PLACEMENT_3D('',#11639,#9570,#9571);
#7856=AXIS2_PLACEMENT_3D('',#11643,#9573,#9574);
#7857=AXIS2_PLACEMENT_3D('',#11645,#9576,#9577);
#7858=AXIS2_PLACEMENT_3D('',#11646,#9578,#9579);
#7859=AXIS2_PLACEMENT_3D('',#11649,#9581,#9582);
#7860=AXIS2_PLACEMENT_3D('',#11650,#9583,#9584);
#7861=AXIS2_PLACEMENT_3D('',#11655,#9588,#9589);
#7862=AXIS2_PLACEMENT_3D('',#11659,#9592,#9593);
#7863=AXIS2_PLACEMENT_3D('',#11660,#9594,#9595);
#7864=AXIS2_PLACEMENT_3D('',#11662,#9597,#9598);
#7865=AXIS2_PLACEMENT_3D('',#11666,#9601,#9602);
#7866=AXIS2_PLACEMENT_3D('',#11668,#9604,#9605);
#7867=AXIS2_PLACEMENT_3D('',#11670,#9607,#9608);
#7868=AXIS2_PLACEMENT_3D('',#11671,#9609,#9610);
#7869=AXIS2_PLACEMENT_3D('',#11672,#9611,#9612);
#7870=AXIS2_PLACEMENT_3D('',#11674,#9614,#9615);
#7871=AXIS2_PLACEMENT_3D('',#11676,#9617,#9618);
#7872=AXIS2_PLACEMENT_3D('',#11677,#9619,#9620);
#7873=AXIS2_PLACEMENT_3D('',#11686,#9625,#9626);
#7874=AXIS2_PLACEMENT_3D('',#11692,#9630,#9631);
#7875=AXIS2_PLACEMENT_3D('',#11712,#9642,#9643);
#7876=AXIS2_PLACEMENT_3D('',#11718,#9647,#9648);
#7877=AXIS2_PLACEMENT_3D('',#11722,#9651,#9652);
#7878=AXIS2_PLACEMENT_3D('',#11728,#9656,#9657);
#7879=AXIS2_PLACEMENT_3D('',#11732,#9660,#9661);
#7880=AXIS2_PLACEMENT_3D('',#11736,#9664,#9665);
#7881=AXIS2_PLACEMENT_3D('',#11745,#9670,#9671);
#7882=AXIS2_PLACEMENT_3D('',#11749,#9673,#9674);
#7883=AXIS2_PLACEMENT_3D('',#11751,#9676,#9677);
#7884=AXIS2_PLACEMENT_3D('',#11752,#9678,#9679);
#7885=AXIS2_PLACEMENT_3D('',#11755,#9681,#9682);
#7886=AXIS2_PLACEMENT_3D('',#11756,#9683,#9684);
#7887=AXIS2_PLACEMENT_3D('',#11761,#9688,#9689);
#7888=AXIS2_PLACEMENT_3D('',#11765,#9692,#9693);
#7889=AXIS2_PLACEMENT_3D('',#11766,#9694,#9695);
#7890=AXIS2_PLACEMENT_3D('',#11768,#9697,#9698);
#7891=AXIS2_PLACEMENT_3D('',#11772,#9701,#9702);
#7892=AXIS2_PLACEMENT_3D('',#11774,#9704,#9705);
#7893=AXIS2_PLACEMENT_3D('',#11776,#9707,#9708);
#7894=AXIS2_PLACEMENT_3D('',#11777,#9709,#9710);
#7895=AXIS2_PLACEMENT_3D('',#11778,#9711,#9712);
#7896=AXIS2_PLACEMENT_3D('',#11780,#9714,#9715);
#7897=AXIS2_PLACEMENT_3D('',#11782,#9717,#9718);
#7898=AXIS2_PLACEMENT_3D('',#11783,#9719,#9720);
#7899=AXIS2_PLACEMENT_3D('',#11792,#9725,#9726);
#7900=AXIS2_PLACEMENT_3D('',#11798,#9730,#9731);
#7901=AXIS2_PLACEMENT_3D('',#11818,#9742,#9743);
#7902=AXIS2_PLACEMENT_3D('',#11824,#9747,#9748);
#7903=AXIS2_PLACEMENT_3D('',#11828,#9751,#9752);
#7904=AXIS2_PLACEMENT_3D('',#11834,#9756,#9757);
#7905=AXIS2_PLACEMENT_3D('',#11838,#9760,#9761);
#7906=AXIS2_PLACEMENT_3D('',#11842,#9764,#9765);
#7907=AXIS2_PLACEMENT_3D('',#11851,#9770,#9771);
#7908=AXIS2_PLACEMENT_3D('',#11855,#9773,#9774);
#7909=AXIS2_PLACEMENT_3D('',#11857,#9776,#9777);
#7910=AXIS2_PLACEMENT_3D('',#11858,#9778,#9779);
#7911=AXIS2_PLACEMENT_3D('',#11861,#9781,#9782);
#7912=AXIS2_PLACEMENT_3D('',#11862,#9783,#9784);
#7913=AXIS2_PLACEMENT_3D('',#11867,#9788,#9789);
#7914=AXIS2_PLACEMENT_3D('',#11871,#9792,#9793);
#7915=AXIS2_PLACEMENT_3D('',#11872,#9794,#9795);
#7916=AXIS2_PLACEMENT_3D('',#11874,#9797,#9798);
#7917=AXIS2_PLACEMENT_3D('',#11878,#9801,#9802);
#7918=AXIS2_PLACEMENT_3D('',#11880,#9804,#9805);
#7919=AXIS2_PLACEMENT_3D('',#11882,#9807,#9808);
#7920=AXIS2_PLACEMENT_3D('',#11883,#9809,#9810);
#7921=AXIS2_PLACEMENT_3D('',#11884,#9811,#9812);
#7922=AXIS2_PLACEMENT_3D('',#11886,#9814,#9815);
#7923=AXIS2_PLACEMENT_3D('',#11888,#9817,#9818);
#7924=AXIS2_PLACEMENT_3D('',#11889,#9819,#9820);
#7925=AXIS2_PLACEMENT_3D('',#11898,#9825,#9826);
#7926=AXIS2_PLACEMENT_3D('',#11904,#9830,#9831);
#7927=AXIS2_PLACEMENT_3D('',#11924,#9842,#9843);
#7928=AXIS2_PLACEMENT_3D('',#11930,#9847,#9848);
#7929=AXIS2_PLACEMENT_3D('',#11934,#9851,#9852);
#7930=AXIS2_PLACEMENT_3D('',#11940,#9856,#9857);
#7931=AXIS2_PLACEMENT_3D('',#11944,#9860,#9861);
#7932=AXIS2_PLACEMENT_3D('',#11948,#9864,#9865);
#7933=AXIS2_PLACEMENT_3D('',#11957,#9870,#9871);
#7934=AXIS2_PLACEMENT_3D('',#11961,#9873,#9874);
#7935=AXIS2_PLACEMENT_3D('',#11963,#9876,#9877);
#7936=AXIS2_PLACEMENT_3D('',#11964,#9878,#9879);
#7937=AXIS2_PLACEMENT_3D('',#11967,#9881,#9882);
#7938=AXIS2_PLACEMENT_3D('',#11968,#9883,#9884);
#7939=AXIS2_PLACEMENT_3D('',#11973,#9888,#9889);
#7940=AXIS2_PLACEMENT_3D('',#11977,#9892,#9893);
#7941=AXIS2_PLACEMENT_3D('',#11978,#9894,#9895);
#7942=AXIS2_PLACEMENT_3D('',#11980,#9897,#9898);
#7943=AXIS2_PLACEMENT_3D('',#11984,#9901,#9902);
#7944=AXIS2_PLACEMENT_3D('',#11986,#9904,#9905);
#7945=AXIS2_PLACEMENT_3D('',#11988,#9907,#9908);
#7946=AXIS2_PLACEMENT_3D('',#11989,#9909,#9910);
#7947=AXIS2_PLACEMENT_3D('',#11990,#9911,#9912);
#7948=AXIS2_PLACEMENT_3D('',#11992,#9914,#9915);
#7949=AXIS2_PLACEMENT_3D('',#11994,#9917,#9918);
#7950=AXIS2_PLACEMENT_3D('',#11995,#9919,#9920);
#7951=AXIS2_PLACEMENT_3D('',#11996,#9921,#9922);
#7952=AXIS2_PLACEMENT_3D('',#11997,#9923,#9924);
#7953=AXIS2_PLACEMENT_3D('',#11998,#9925,#9926);
#7954=DIRECTION('axis',(0.,0.,1.));
#7955=DIRECTION('refdir',(1.,0.,0.));
#7956=DIRECTION('axis',(0.,0.,1.));
#7957=DIRECTION('refdir',(1.,0.,0.));
#7958=DIRECTION('center_axis',(-1.,0.,0.));
#7959=DIRECTION('ref_axis',(0.,0.70710678118654,-0.707106781186555));
#7960=DIRECTION('',(1.,0.,0.));
#7961=DIRECTION('center_axis',(-0.991227900682635,0.,0.132163720091018));
#7962=DIRECTION('ref_axis',(-0.132163720091018,-3.09511135684327E-15,-0.991227900682635));
#7963=DIRECTION('center_axis',(-0.707106781186553,0.707106781186542,0.));
#7964=DIRECTION('ref_axis',(0.707106781186542,0.707106781186553,0.));
#7965=DIRECTION('',(-1.,0.,0.));
#7966=DIRECTION('center_axis',(-0.707106781186553,-0.707106781186542,0.));
#7967=DIRECTION('ref_axis',(-0.707106781186542,0.707106781186553,0.));
#7968=DIRECTION('center_axis',(0.991227900682635,0.,0.132163720091018));
#7969=DIRECTION('ref_axis',(0.132163720091018,-3.09511135684327E-15,-0.991227900682635));
#7970=DIRECTION('center_axis',(0.,1.,0.));
#7971=DIRECTION('ref_axis',(0.658724631355535,0.,-0.752384117353307));
#7972=DIRECTION('',(0.,-1.,0.));
#7973=DIRECTION('center_axis',(0.70710678118655,0.707106781186545,-2.45326946669339E-16));
#7974=DIRECTION('ref_axis',(0.707106781186545,-0.70710678118655,-2.45326946669337E-16));
#7975=DIRECTION('',(0.,1.,0.));
#7976=DIRECTION('center_axis',(0.,-1.,0.));
#7977=DIRECTION('ref_axis',(-0.658724631355535,0.,-0.752384117353307));
#7978=DIRECTION('',(0.,-1.,0.));
#7979=DIRECTION('center_axis',(-0.707106781186551,0.707106781186544,-2.45326946669339E-15));
#7980=DIRECTION('ref_axis',(0.707106781186544,0.707106781186551,2.45326946669336E-15));
#7981=DIRECTION('',(0.,1.,0.));
#7982=DIRECTION('center_axis',(1.,2.43320842720737E-16,0.));
#7983=DIRECTION('ref_axis',(0.,-0.707106781186546,-0.707106781186549));
#7984=DIRECTION('',(-1.,-2.43320842720737E-16,0.));
#7985=DIRECTION('center_axis',(0.991227900682635,0.,0.132163720091018));
#7986=DIRECTION('ref_axis',(0.132163720091018,-2.23535820216459E-15,-0.991227900682635));
#7987=DIRECTION('',(1.,2.43320842720737E-16,0.));
#7988=DIRECTION('center_axis',(-0.991227900682635,0.,0.132163720091018));
#7989=DIRECTION('ref_axis',(-0.132163720091018,-2.23535820216459E-15,-0.991227900682635));
#7990=DIRECTION('center_axis',(-0.991227900682635,0.,-0.132163720091018));
#7991=DIRECTION('ref_axis',(-0.132163720091018,0.,0.991227900682635));
#7992=DIRECTION('',(-0.132163720091018,0.,0.991227900682635));
#7993=DIRECTION('',(0.,-1.,0.));
#7994=DIRECTION('',(-0.132163720091018,0.,0.991227900682635));
#7995=DIRECTION('center_axis',(2.43320842720737E-16,-1.,3.24427790294316E-17));
#7996=DIRECTION('ref_axis',(0.,-3.24427790294316E-17,-1.));
#7997=DIRECTION('',(0.132163720091018,2.1030888113175E-16,0.991227900682635));
#7998=DIRECTION('',(1.,4.97273573325654E-17,0.));
#7999=DIRECTION('center_axis',(0.,0.,1.));
#8000=DIRECTION('ref_axis',(1.,0.,0.));
#8001=DIRECTION('center_axis',(-4.49144110164933E-33,-1.30255157651994E-32,
1.));
#8002=DIRECTION('ref_axis',(1.,0.,4.49144110164933E-33));
#8003=DIRECTION('',(0.,1.,0.));
#8004=DIRECTION('',(-1.,0.,0.));
#8005=DIRECTION('center_axis',(0.991227900682635,0.,-0.132163720091018));
#8006=DIRECTION('ref_axis',(-0.132163720091018,0.,-0.991227900682635));
#8007=DIRECTION('',(0.132163720091018,0.,0.991227900682635));
#8008=DIRECTION('center_axis',(0.,1.,0.));
#8009=DIRECTION('ref_axis',(0.,0.,1.));
#8010=DIRECTION('center_axis',(-6.95183960148914E-16,-1.94627180444141E-16,
1.));
#8011=DIRECTION('ref_axis',(1.,0.,6.95183960148914E-16));
#8012=DIRECTION('',(0.,1.,3.88529492432251E-16));
#8013=DIRECTION('',(1.,4.97273573325636E-17,6.95183960148914E-16));
#8014=DIRECTION('',(0.,-1.,0.));
#8015=DIRECTION('',(-1.,0.,-6.95183960148914E-16));
#8016=DIRECTION('center_axis',(7.86002192788633E-33,-9.85714706555631E-33,
1.));
#8017=DIRECTION('ref_axis',(1.,0.,-7.86002192788633E-33));
#8018=DIRECTION('',(0.,1.,0.));
#8019=DIRECTION('',(-1.,0.,7.86002192788633E-33));
#8020=DIRECTION('',(0.,-1.,0.));
#8021=DIRECTION('',(1.,4.97273573325654E-17,-7.86002192788633E-33));
#8022=DIRECTION('center_axis',(1.,0.,0.));
#8023=DIRECTION('ref_axis',(0.,0.,-1.));
#8024=DIRECTION('',(0.,2.53728497810369E-15,-1.));
#8025=DIRECTION('',(0.,0.,1.));
#8026=DIRECTION('center_axis',(0.,-1.,0.));
#8027=DIRECTION('ref_axis',(0.,0.,-1.));
#8028=DIRECTION('',(0.,0.,-1.));
#8029=DIRECTION('center_axis',(-1.,0.,0.));
#8030=DIRECTION('ref_axis',(0.,0.,1.));
#8031=DIRECTION('',(0.,-2.53728497810369E-15,1.));
#8032=DIRECTION('center_axis',(-4.97273573325654E-17,1.,2.53728497810369E-15));
#8033=DIRECTION('ref_axis',(0.,-2.53728497810369E-15,1.));
#8034=DIRECTION('center_axis',(-2.00393894590219E-17,1.,1.93539877760095E-16));
#8035=DIRECTION('ref_axis',(-0.658724631355539,0.,0.752384117353303));
#8036=DIRECTION('',(-2.00393894590219E-17,1.,1.93539877760095E-16));
#8037=DIRECTION('center_axis',(-0.707106781186551,-0.707106781186544,0.));
#8038=DIRECTION('ref_axis',(0.707106781186544,-0.707106781186551,-2.73706719988356E-16));
#8039=DIRECTION('',(2.00393894590219E-17,-1.,-1.93539877760095E-16));
#8040=DIRECTION('center_axis',(-0.707106781186549,0.707106781186546,7.35980840008019E-15));
#8041=DIRECTION('ref_axis',(-0.707106781186546,-0.707106781186549,7.0861016800918E-15));
#8042=DIRECTION('center_axis',(1.,0.,7.37386934265962E-16));
#8043=DIRECTION('ref_axis',(0.,0.70710678118654,0.707106781186555));
#8044=DIRECTION('',(1.,0.,7.37386934265962E-16));
#8045=DIRECTION('center_axis',(-1.,6.2450045135165E-14,-6.93889390390723E-16));
#8046=DIRECTION('ref_axis',(0.,0.70710678118654,0.707106781186555));
#8047=DIRECTION('',(-1.,0.,-7.37386934265962E-16));
#8048=DIRECTION('center_axis',(0.991227900682635,4.54425521751629E-17,-0.132163720091017));
#8049=DIRECTION('ref_axis',(0.132163720091017,3.43901261871475E-16,0.991227900682635));
#8050=DIRECTION('center_axis',(-1.,-2.3201316511566E-16,-7.37386934265962E-16));
#8051=DIRECTION('ref_axis',(0.,-0.70710678118655,0.707106781186545));
#8052=DIRECTION('',(-1.,-2.3201316511566E-16,-7.37386934265962E-16));
#8053=DIRECTION('center_axis',(0.991227900682635,4.54425521751629E-17,-0.132163720091017));
#8054=DIRECTION('ref_axis',(0.132163720091017,3.43901261871475E-16,0.991227900682635));
#8055=DIRECTION('',(1.,2.3201316511566E-16,7.37386934265962E-16));
#8056=DIRECTION('center_axis',(-0.991227900682635,0.,-0.132163720091017));
#8057=DIRECTION('ref_axis',(-0.132163720091017,3.43901261871475E-16,0.991227900682635));
#8058=DIRECTION('center_axis',(-0.707106781186548,-0.707106781186547,1.59462515335071E-15));
#8059=DIRECTION('ref_axis',(0.707106781186547,-0.707106781186548,2.63744775650635E-15));
#8060=DIRECTION('center_axis',(2.58053170346792E-17,-1.,-1.93539877760095E-16));
#8061=DIRECTION('ref_axis',(0.658724631355539,0.,0.752384117353303));
#8062=DIRECTION('',(2.58053170346792E-17,-1.,-1.93539877760095E-16));
#8063=DIRECTION('',(-2.58053170346792E-17,1.,1.93539877760095E-16));
#8064=DIRECTION('center_axis',(0.707106781186551,-0.707106781186544,0.));
#8065=DIRECTION('ref_axis',(0.707106781186544,0.707106781186551,2.73706719988356E-16));
#8066=DIRECTION('center_axis',(1.,0.,7.37386934265962E-16));
#8067=DIRECTION('ref_axis',(0.,0.70710678118654,0.707106781186555));
#8068=DIRECTION('',(-1.,0.,-7.37386934265962E-16));
#8069=DIRECTION('center_axis',(1.,-2.4980018054066E-14,6.93889390390723E-16));
#8070=DIRECTION('ref_axis',(0.,0.70710678118654,0.707106781186555));
#8071=DIRECTION('',(1.,0.,7.37386934265962E-16));
#8072=DIRECTION('center_axis',(-0.991227900682635,0.,-0.132163720091017));
#8073=DIRECTION('ref_axis',(-0.132163720091017,4.04083982698983E-15,0.991227900682635));
#8074=DIRECTION('center_axis',(-1.,6.2450045135165E-14,-6.93889390390723E-16));
#8075=DIRECTION('ref_axis',(6.2450045135165E-14,1.,2.29834888602424E-16));
#8076=DIRECTION('',(6.2450045135165E-14,1.,1.93539877760141E-16));
#8077=DIRECTION('',(6.93889390390723E-16,0.,-1.));
#8078=DIRECTION('',(6.2450045135165E-14,1.,2.29834888602424E-16));
#8079=DIRECTION('',(6.93889390390723E-16,0.,-1.));
#8080=DIRECTION('center_axis',(-7.37386934265962E-16,-1.93539877760095E-16,
1.));
#8081=DIRECTION('ref_axis',(1.,0.,7.37386934265962E-16));
#8082=DIRECTION('',(-2.4980018054066E-14,-1.,-1.93539877760114E-16));
#8083=DIRECTION('center_axis',(7.37386934265962E-16,1.93539877760095E-16,
-1.));
#8084=DIRECTION('ref_axis',(-1.,0.,-6.93889390390723E-16));
#8085=DIRECTION('center_axis',(0.,-1.,0.));
#8086=DIRECTION('ref_axis',(0.,0.,-1.));
#8087=DIRECTION('',(1.,0.,7.37386934265962E-16));
#8088=DIRECTION('',(-6.93889390390723E-16,0.,1.));
#8089=DIRECTION('',(-0.132163720091017,0.,0.991227900682635));
#8090=DIRECTION('',(1.,0.,0.));
#8091=DIRECTION('',(0.132163720091017,0.,0.991227900682635));
#8092=DIRECTION('center_axis',(1.,-2.4980018054066E-14,6.93889390390723E-16));
#8093=DIRECTION('ref_axis',(-2.4980018054066E-14,-1.,-2.29834888602396E-16));
#8094=DIRECTION('',(-2.4980018054066E-14,-1.,-2.29834888602396E-16));
#8095=DIRECTION('',(6.93889390390723E-16,0.,-1.));
#8096=DIRECTION('center_axis',(6.93889390390723E-16,0.,-1.));
#8097=DIRECTION('ref_axis',(-1.,0.,-6.93889390390723E-16));
#8098=DIRECTION('center_axis',(7.37386934265962E-16,2.29834888602378E-16,
-1.));
#8099=DIRECTION('ref_axis',(-1.,0.,-7.37386934265962E-16));
#8100=DIRECTION('center_axis',(-7.37386934265962E-16,-2.29834888602378E-16,
1.));
#8101=DIRECTION('ref_axis',(-1.,0.,-7.37386934265962E-16));
#8102=DIRECTION('center_axis',(-6.95183960148914E-16,-1.94627180444141E-16,
1.));
#8103=DIRECTION('ref_axis',(1.,0.,6.95183960148914E-16));
#8104=DIRECTION('',(0.,-1.,0.));
#8105=DIRECTION('',(-1.,-2.3201316511566E-16,-1.38777878078145E-15));
#8106=DIRECTION('',(0.,1.,3.88529492432251E-16));
#8107=DIRECTION('center_axis',(-0.991227900682635,0.,-0.132163720091017));
#8108=DIRECTION('ref_axis',(-0.132163720091017,0.,0.991227900682635));
#8109=DIRECTION('',(-0.132163720091017,-6.4097507157823E-16,0.991227900682635));
#8110=DIRECTION('center_axis',(-2.32013165115659E-16,1.,-8.28358757235674E-16));
#8111=DIRECTION('ref_axis',(0.,8.28358757235674E-16,1.));
#8112=DIRECTION('',(0.132163720091017,0.,0.991227900682635));
#8113=DIRECTION('center_axis',(0.991227900682635,4.54425521751629E-17,-0.132163720091017));
#8114=DIRECTION('ref_axis',(-0.132163720091017,0.,-0.991227900682635));
#8115=DIRECTION('axis',(0.,0.,1.));
#8116=DIRECTION('refdir',(1.,0.,0.));
#8117=DIRECTION('center_axis',(-1.57009245868378E-16,0.707106781186548,
-0.707106781186547));
#8118=DIRECTION('ref_axis',(1.57009245868377E-16,-0.707106781186547,-0.707106781186548));
#8119=DIRECTION('',(-1.57009245868377E-16,0.707106781186547,0.707106781186548));
#8120=DIRECTION('',(1.,2.22044604925031E-16,0.));
#8121=DIRECTION('',(1.57009245868377E-16,-0.707106781186547,-0.707106781186548));
#8122=DIRECTION('',(-1.,-2.22044604925031E-16,0.));
#8123=DIRECTION('center_axis',(0.,0.,-1.));
#8124=DIRECTION('ref_axis',(2.22044604925031E-16,-1.,0.));
#8125=DIRECTION('',(-2.22044604925031E-16,1.,0.));
#8126=DIRECTION('',(-1.,-2.22044604925031E-16,0.));
#8127=DIRECTION('',(2.22044604925031E-16,-1.,0.));
#8128=DIRECTION('center_axis',(1.,2.22044604925031E-16,0.));
#8129=DIRECTION('ref_axis',(0.,0.,-1.));
#8130=DIRECTION('',(0.,0.,1.));
#8131=DIRECTION('',(-2.22044604925031E-16,1.,0.));
#8132=DIRECTION('',(0.,0.,-1.));
#8133=DIRECTION('',(1.57009245868377E-16,-0.707106781186548,0.707106781186548));
#8134=DIRECTION('',(-2.22044604925031E-16,1.,0.));
#8135=DIRECTION('',(0.,0.,-1.));
#8136=DIRECTION('',(1.57009245868377E-16,-0.707106781186547,0.707106781186548));
#8137=DIRECTION('',(-2.22044604925031E-16,1.,0.));
#8138=DIRECTION('',(1.57009245868377E-16,-0.707106781186547,-0.707106781186548));
#8139=DIRECTION('',(0.,0.,1.));
#8140=DIRECTION('center_axis',(1.57009245868377E-16,-0.707106781186548,
-0.707106781186548));
#8141=DIRECTION('ref_axis',(1.57009245868377E-16,-0.707106781186548,0.707106781186548));
#8142=DIRECTION('',(-1.57009245868377E-16,0.707106781186548,-0.707106781186548));
#8143=DIRECTION('',(1.,2.22044604925031E-16,0.));
#8144=DIRECTION('',(-1.,-2.22044604925031E-16,0.));
#8145=DIRECTION('center_axis',(2.22044604925031E-16,-1.,0.));
#8146=DIRECTION('ref_axis',(0.,0.,1.));
#8147=DIRECTION('',(1.,2.22044604925031E-16,0.));
#8148=DIRECTION('',(0.,0.,1.));
#8149=DIRECTION('center_axis',(1.57009245868378E-16,-0.707106781186548,
-0.707106781186547));
#8150=DIRECTION('ref_axis',(1.57009245868377E-16,-0.707106781186547,0.707106781186548));
#8151=DIRECTION('',(-1.57009245868377E-16,0.707106781186547,-0.707106781186548));
#8152=DIRECTION('',(1.,2.22044604925031E-16,0.));
#8153=DIRECTION('',(-1.,-2.22044604925031E-16,0.));
#8154=DIRECTION('center_axis',(0.,0.,-1.));
#8155=DIRECTION('ref_axis',(2.22044604925031E-16,-1.,0.));
#8156=DIRECTION('',(2.22044604925031E-16,-1.,0.));
#8157=DIRECTION('',(-1.,-2.22044604925031E-16,0.));
#8158=DIRECTION('center_axis',(-1.57009245868378E-16,0.707106781186548,
-0.707106781186547));
#8159=DIRECTION('ref_axis',(1.57009245868377E-16,-0.707106781186547,-0.707106781186548));
#8160=DIRECTION('',(-1.57009245868377E-16,0.707106781186547,0.707106781186548));
#8161=DIRECTION('',(1.,2.22044604925031E-16,0.));
#8162=DIRECTION('center_axis',(-6.12323399573677E-17,-1.35963107344689E-32,
1.));
#8163=DIRECTION('ref_axis',(1.,2.22044604925031E-16,6.12323399573677E-17));
#8164=DIRECTION('',(2.22044604925031E-16,-1.,0.));
#8165=DIRECTION('',(1.,2.22044604925031E-16,6.12323399573677E-17));
#8166=DIRECTION('',(-2.22044604925031E-16,1.,0.));
#8167=DIRECTION('',(-1.,-2.22044604925031E-16,-6.12323399573677E-17));
#8168=DIRECTION('center_axis',(-2.22044604925031E-16,1.,0.));
#8169=DIRECTION('ref_axis',(0.,0.,-1.));
#8170=DIRECTION('',(-6.12323399573677E-17,-1.35963107344689E-32,1.));
#8171=DIRECTION('center_axis',(-2.22044604925031E-16,1.,0.));
#8172=DIRECTION('ref_axis',(-1.,-2.22044604925031E-16,2.77555756156289E-15));
#8173=DIRECTION('',(-1.,-2.22044604925031E-16,0.));
#8174=DIRECTION('center_axis',(2.22044604925031E-16,-1.,0.));
#8175=DIRECTION('ref_axis',(-9.91270557701033E-17,-2.20106279358541E-32,
1.));
#8176=DIRECTION('center_axis',(-2.22044604925031E-16,1.,0.));
#8177=DIRECTION('ref_axis',(-1.,-2.22044604925031E-16,0.));
#8178=DIRECTION('',(-2.22044604925031E-16,1.,0.));
#8179=DIRECTION('center_axis',(2.22044604925031E-16,-1.,0.));
#8180=DIRECTION('ref_axis',(0.,0.,1.));
#8181=DIRECTION('center_axis',(2.22044604925031E-16,-1.,0.));
#8182=DIRECTION('ref_axis',(1.,2.22044604925031E-16,6.12323399573677E-17));
#8183=DIRECTION('',(6.12323399573677E-17,1.35963107344689E-32,-1.));
#8184=DIRECTION('',(-1.,-2.22044604925031E-16,-6.12323399573677E-17));
#8185=DIRECTION('',(-6.12323399573677E-17,-1.35963107344689E-32,1.));
#8186=DIRECTION('center_axis',(-2.22044604925031E-16,1.,0.));
#8187=DIRECTION('ref_axis',(-1.,-2.22044604925031E-16,-6.12323399573677E-17));
#8188=DIRECTION('',(6.12323399573677E-17,1.35963107344689E-32,-1.));
#8189=DIRECTION('',(1.,2.22044604925031E-16,6.12323399573677E-17));
#8190=DIRECTION('center_axis',(-2.22044604925031E-16,1.,0.));
#8191=DIRECTION('ref_axis',(-1.,-2.22044604925031E-16,0.));
#8192=DIRECTION('',(2.22044604925031E-16,-1.,0.));
#8193=DIRECTION('center_axis',(-2.22044604925031E-16,1.,0.));
#8194=DIRECTION('ref_axis',(-1.,-2.22044604925031E-16,0.));
#8195=DIRECTION('center_axis',(2.22044604925031E-16,-1.,0.));
#8196=DIRECTION('ref_axis',(0.,0.,1.));
#8197=DIRECTION('',(1.,2.22044604925031E-16,0.));
#8198=DIRECTION('',(0.,0.,1.));
#8199=DIRECTION('center_axis',(-2.22044604925031E-16,1.,0.));
#8200=DIRECTION('ref_axis',(0.,0.,-1.));
#8201=DIRECTION('',(0.,0.,-1.));
#8202=DIRECTION('center_axis',(6.12323399573677E-17,1.35963107344689E-32,
-1.));
#8203=DIRECTION('ref_axis',(-1.,-2.22044604925031E-16,-6.12323399573677E-17));
#8204=DIRECTION('',(2.22044604925031E-16,-1.,0.));
#8205=DIRECTION('center_axis',(1.,2.22044604925031E-16,6.12323399573677E-17));
#8206=DIRECTION('ref_axis',(-2.22044604925031E-16,1.,0.));
#8207=DIRECTION('center_axis',(2.22044604925031E-16,-1.,0.));
#8208=DIRECTION('ref_axis',(0.,0.,1.));
#8209=DIRECTION('center_axis',(0.,0.,-1.));
#8210=DIRECTION('ref_axis',(2.22044604925031E-16,-1.,0.));
#8211=DIRECTION('',(2.22044604925031E-16,-1.,0.));
#8212=DIRECTION('center_axis',(-2.22044604925031E-16,1.,0.));
#8213=DIRECTION('ref_axis',(0.,0.,-1.));
#8214=DIRECTION('',(0.,0.,-1.));
#8215=DIRECTION('center_axis',(-1.,-2.22044604925031E-16,0.));
#8216=DIRECTION('ref_axis',(0.,0.,1.));
#8217=DIRECTION('center_axis',(-1.57009245868378E-16,0.707106781186548,
-0.707106781186547));
#8218=DIRECTION('ref_axis',(1.57009245868377E-16,-0.707106781186547,-0.707106781186548));
#8219=DIRECTION('',(-1.57009245868377E-16,0.707106781186547,0.707106781186548));
#8220=DIRECTION('',(1.,2.22044604925031E-16,0.));
#8221=DIRECTION('',(1.57009245868377E-16,-0.707106781186547,-0.707106781186548));
#8222=DIRECTION('',(-1.,-2.22044604925031E-16,0.));
#8223=DIRECTION('center_axis',(0.,0.,-1.));
#8224=DIRECTION('ref_axis',(2.22044604925031E-16,-1.,0.));
#8225=DIRECTION('',(-2.22044604925031E-16,1.,0.));
#8226=DIRECTION('',(-1.,-2.22044604925031E-16,0.));
#8227=DIRECTION('',(2.22044604925031E-16,-1.,0.));
#8228=DIRECTION('center_axis',(1.,2.22044604925031E-16,0.));
#8229=DIRECTION('ref_axis',(0.,0.,-1.));
#8230=DIRECTION('',(0.,0.,1.));
#8231=DIRECTION('',(-2.22044604925031E-16,1.,0.));
#8232=DIRECTION('',(0.,0.,-1.));
#8233=DIRECTION('',(1.57009245868377E-16,-0.707106781186548,0.707106781186548));
#8234=DIRECTION('',(-2.22044604925031E-16,1.,0.));
#8235=DIRECTION('',(0.,0.,-1.));
#8236=DIRECTION('',(1.57009245868377E-16,-0.707106781186547,0.707106781186548));
#8237=DIRECTION('',(-2.22044604925031E-16,1.,0.));
#8238=DIRECTION('',(1.57009245868377E-16,-0.707106781186547,-0.707106781186548));
#8239=DIRECTION('',(0.,0.,1.));
#8240=DIRECTION('center_axis',(1.57009245868377E-16,-0.707106781186548,
-0.707106781186548));
#8241=DIRECTION('ref_axis',(1.57009245868377E-16,-0.707106781186548,0.707106781186548));
#8242=DIRECTION('',(-1.57009245868377E-16,0.707106781186548,-0.707106781186548));
#8243=DIRECTION('',(1.,2.22044604925031E-16,0.));
#8244=DIRECTION('',(-1.,-2.22044604925031E-16,0.));
#8245=DIRECTION('center_axis',(2.22044604925031E-16,-1.,0.));
#8246=DIRECTION('ref_axis',(0.,0.,1.));
#8247=DIRECTION('',(1.,2.22044604925031E-16,0.));
#8248=DIRECTION('',(0.,0.,1.));
#8249=DIRECTION('center_axis',(1.57009245868378E-16,-0.707106781186548,
-0.707106781186547));
#8250=DIRECTION('ref_axis',(1.57009245868377E-16,-0.707106781186547,0.707106781186548));
#8251=DIRECTION('',(-1.57009245868377E-16,0.707106781186547,-0.707106781186548));
#8252=DIRECTION('',(1.,2.22044604925031E-16,0.));
#8253=DIRECTION('',(-1.,-2.22044604925031E-16,0.));
#8254=DIRECTION('center_axis',(0.,0.,-1.));
#8255=DIRECTION('ref_axis',(2.22044604925031E-16,-1.,0.));
#8256=DIRECTION('',(2.22044604925031E-16,-1.,0.));
#8257=DIRECTION('',(-1.,-2.22044604925031E-16,0.));
#8258=DIRECTION('center_axis',(-1.57009245868378E-16,0.707106781186548,
-0.707106781186547));
#8259=DIRECTION('ref_axis',(1.57009245868377E-16,-0.707106781186547,-0.707106781186548));
#8260=DIRECTION('',(-1.57009245868377E-16,0.707106781186547,0.707106781186548));
#8261=DIRECTION('',(1.,2.22044604925031E-16,0.));
#8262=DIRECTION('center_axis',(-6.12323399573677E-17,-1.35963107344689E-32,
1.));
#8263=DIRECTION('ref_axis',(1.,2.22044604925031E-16,6.12323399573677E-17));
#8264=DIRECTION('',(2.22044604925031E-16,-1.,0.));
#8265=DIRECTION('',(1.,2.22044604925031E-16,6.12323399573677E-17));
#8266=DIRECTION('',(-2.22044604925031E-16,1.,0.));
#8267=DIRECTION('',(-1.,-2.22044604925031E-16,-6.12323399573677E-17));
#8268=DIRECTION('center_axis',(-2.22044604925031E-16,1.,0.));
#8269=DIRECTION('ref_axis',(0.,0.,-1.));
#8270=DIRECTION('',(-6.12323399573677E-17,-1.35963107344689E-32,1.));
#8271=DIRECTION('center_axis',(-2.22044604925031E-16,1.,0.));
#8272=DIRECTION('ref_axis',(-1.,-2.22044604925031E-16,2.77555756156289E-15));
#8273=DIRECTION('',(-1.,-2.22044604925031E-16,0.));
#8274=DIRECTION('center_axis',(2.22044604925031E-16,-1.,0.));
#8275=DIRECTION('ref_axis',(-9.91270557701033E-17,-2.20106279358541E-32,
1.));
#8276=DIRECTION('center_axis',(-2.22044604925031E-16,1.,0.));
#8277=DIRECTION('ref_axis',(-1.,-2.22044604925031E-16,0.));
#8278=DIRECTION('',(-2.22044604925031E-16,1.,0.));
#8279=DIRECTION('center_axis',(2.22044604925031E-16,-1.,0.));
#8280=DIRECTION('ref_axis',(0.,0.,1.));
#8281=DIRECTION('center_axis',(2.22044604925031E-16,-1.,0.));
#8282=DIRECTION('ref_axis',(1.,2.22044604925031E-16,6.12323399573677E-17));
#8283=DIRECTION('',(6.12323399573677E-17,1.35963107344689E-32,-1.));
#8284=DIRECTION('',(-1.,-2.22044604925031E-16,-6.12323399573677E-17));
#8285=DIRECTION('',(-6.12323399573677E-17,-1.35963107344689E-32,1.));
#8286=DIRECTION('center_axis',(-2.22044604925031E-16,1.,0.));
#8287=DIRECTION('ref_axis',(-1.,-2.22044604925031E-16,-6.12323399573677E-17));
#8288=DIRECTION('',(6.12323399573677E-17,1.35963107344689E-32,-1.));
#8289=DIRECTION('',(1.,2.22044604925031E-16,6.12323399573677E-17));
#8290=DIRECTION('center_axis',(-2.22044604925031E-16,1.,0.));
#8291=DIRECTION('ref_axis',(-1.,-2.22044604925031E-16,0.));
#8292=DIRECTION('',(2.22044604925031E-16,-1.,0.));
#8293=DIRECTION('center_axis',(-2.22044604925031E-16,1.,0.));
#8294=DIRECTION('ref_axis',(-1.,-2.22044604925031E-16,0.));
#8295=DIRECTION('center_axis',(2.22044604925031E-16,-1.,0.));
#8296=DIRECTION('ref_axis',(0.,0.,1.));
#8297=DIRECTION('',(1.,2.22044604925031E-16,0.));
#8298=DIRECTION('',(0.,0.,1.));
#8299=DIRECTION('center_axis',(-2.22044604925031E-16,1.,0.));
#8300=DIRECTION('ref_axis',(0.,0.,-1.));
#8301=DIRECTION('',(0.,0.,-1.));
#8302=DIRECTION('center_axis',(6.12323399573677E-17,1.35963107344689E-32,
-1.));
#8303=DIRECTION('ref_axis',(-1.,-2.22044604925031E-16,-6.12323399573677E-17));
#8304=DIRECTION('',(2.22044604925031E-16,-1.,0.));
#8305=DIRECTION('center_axis',(1.,2.22044604925031E-16,6.12323399573677E-17));
#8306=DIRECTION('ref_axis',(-2.22044604925031E-16,1.,0.));
#8307=DIRECTION('center_axis',(2.22044604925031E-16,-1.,0.));
#8308=DIRECTION('ref_axis',(0.,0.,1.));
#8309=DIRECTION('center_axis',(0.,0.,-1.));
#8310=DIRECTION('ref_axis',(2.22044604925031E-16,-1.,0.));
#8311=DIRECTION('',(2.22044604925031E-16,-1.,0.));
#8312=DIRECTION('center_axis',(-2.22044604925031E-16,1.,0.));
#8313=DIRECTION('ref_axis',(0.,0.,-1.));
#8314=DIRECTION('',(0.,0.,-1.));
#8315=DIRECTION('center_axis',(-1.,-2.22044604925031E-16,0.));
#8316=DIRECTION('ref_axis',(0.,0.,1.));
#8317=DIRECTION('center_axis',(-1.57009245868378E-16,0.707106781186548,
-0.707106781186547));
#8318=DIRECTION('ref_axis',(1.57009245868377E-16,-0.707106781186547,-0.707106781186548));
#8319=DIRECTION('',(-1.57009245868377E-16,0.707106781186547,0.707106781186548));
#8320=DIRECTION('',(1.,2.22044604925031E-16,0.));
#8321=DIRECTION('',(1.57009245868377E-16,-0.707106781186547,-0.707106781186548));
#8322=DIRECTION('',(-1.,-2.22044604925031E-16,0.));
#8323=DIRECTION('center_axis',(0.,0.,-1.));
#8324=DIRECTION('ref_axis',(2.22044604925031E-16,-1.,0.));
#8325=DIRECTION('',(-2.22044604925031E-16,1.,0.));
#8326=DIRECTION('',(-1.,-2.22044604925031E-16,0.));
#8327=DIRECTION('',(2.22044604925031E-16,-1.,0.));
#8328=DIRECTION('center_axis',(1.,2.22044604925031E-16,0.));
#8329=DIRECTION('ref_axis',(0.,0.,-1.));
#8330=DIRECTION('',(0.,0.,1.));
#8331=DIRECTION('',(-2.22044604925031E-16,1.,0.));
#8332=DIRECTION('',(0.,0.,-1.));
#8333=DIRECTION('',(1.57009245868377E-16,-0.707106781186548,0.707106781186548));
#8334=DIRECTION('',(-2.22044604925031E-16,1.,0.));
#8335=DIRECTION('',(0.,0.,-1.));
#8336=DIRECTION('',(1.57009245868377E-16,-0.707106781186547,0.707106781186548));
#8337=DIRECTION('',(-2.22044604925031E-16,1.,0.));
#8338=DIRECTION('',(1.57009245868377E-16,-0.707106781186547,-0.707106781186548));
#8339=DIRECTION('',(0.,0.,1.));
#8340=DIRECTION('center_axis',(1.57009245868377E-16,-0.707106781186548,
-0.707106781186548));
#8341=DIRECTION('ref_axis',(1.57009245868377E-16,-0.707106781186548,0.707106781186548));
#8342=DIRECTION('',(-1.57009245868377E-16,0.707106781186548,-0.707106781186548));
#8343=DIRECTION('',(1.,2.22044604925031E-16,0.));
#8344=DIRECTION('',(-1.,-2.22044604925031E-16,0.));
#8345=DIRECTION('center_axis',(2.22044604925031E-16,-1.,0.));
#8346=DIRECTION('ref_axis',(0.,0.,1.));
#8347=DIRECTION('',(1.,2.22044604925031E-16,0.));
#8348=DIRECTION('',(0.,0.,1.));
#8349=DIRECTION('center_axis',(1.57009245868378E-16,-0.707106781186548,
-0.707106781186547));
#8350=DIRECTION('ref_axis',(1.57009245868377E-16,-0.707106781186547,0.707106781186548));
#8351=DIRECTION('',(-1.57009245868377E-16,0.707106781186547,-0.707106781186548));
#8352=DIRECTION('',(1.,2.22044604925031E-16,0.));
#8353=DIRECTION('',(-1.,-2.22044604925031E-16,0.));
#8354=DIRECTION('center_axis',(0.,0.,-1.));
#8355=DIRECTION('ref_axis',(2.22044604925031E-16,-1.,0.));
#8356=DIRECTION('',(2.22044604925031E-16,-1.,0.));
#8357=DIRECTION('',(-1.,-2.22044604925031E-16,0.));
#8358=DIRECTION('center_axis',(-1.57009245868378E-16,0.707106781186548,
-0.707106781186547));
#8359=DIRECTION('ref_axis',(1.57009245868377E-16,-0.707106781186547,-0.707106781186548));
#8360=DIRECTION('',(-1.57009245868377E-16,0.707106781186547,0.707106781186548));
#8361=DIRECTION('',(1.,2.22044604925031E-16,0.));
#8362=DIRECTION('center_axis',(-6.12323399573677E-17,-1.35963107344689E-32,
1.));
#8363=DIRECTION('ref_axis',(1.,2.22044604925031E-16,6.12323399573677E-17));
#8364=DIRECTION('',(2.22044604925031E-16,-1.,0.));
#8365=DIRECTION('',(1.,2.22044604925031E-16,6.12323399573677E-17));
#8366=DIRECTION('',(-2.22044604925031E-16,1.,0.));
#8367=DIRECTION('',(-1.,-2.22044604925031E-16,-6.12323399573677E-17));
#8368=DIRECTION('center_axis',(-2.22044604925031E-16,1.,0.));
#8369=DIRECTION('ref_axis',(0.,0.,-1.));
#8370=DIRECTION('',(-6.12323399573677E-17,-1.35963107344689E-32,1.));
#8371=DIRECTION('center_axis',(-2.22044604925031E-16,1.,0.));
#8372=DIRECTION('ref_axis',(-1.,-2.22044604925031E-16,2.77555756156289E-15));
#8373=DIRECTION('',(-1.,-2.22044604925031E-16,0.));
#8374=DIRECTION('center_axis',(2.22044604925031E-16,-1.,0.));
#8375=DIRECTION('ref_axis',(-9.91270557701033E-17,-2.20106279358541E-32,
1.));
#8376=DIRECTION('center_axis',(-2.22044604925031E-16,1.,0.));
#8377=DIRECTION('ref_axis',(-1.,-2.22044604925031E-16,0.));
#8378=DIRECTION('',(-2.22044604925031E-16,1.,0.));
#8379=DIRECTION('center_axis',(2.22044604925031E-16,-1.,0.));
#8380=DIRECTION('ref_axis',(0.,0.,1.));
#8381=DIRECTION('center_axis',(2.22044604925031E-16,-1.,0.));
#8382=DIRECTION('ref_axis',(1.,2.22044604925031E-16,6.12323399573677E-17));
#8383=DIRECTION('',(6.12323399573677E-17,1.35963107344689E-32,-1.));
#8384=DIRECTION('',(-1.,-2.22044604925031E-16,-6.12323399573677E-17));
#8385=DIRECTION('',(-6.12323399573677E-17,-1.35963107344689E-32,1.));
#8386=DIRECTION('center_axis',(-2.22044604925031E-16,1.,0.));
#8387=DIRECTION('ref_axis',(-1.,-2.22044604925031E-16,-6.12323399573677E-17));
#8388=DIRECTION('',(6.12323399573677E-17,1.35963107344689E-32,-1.));
#8389=DIRECTION('',(1.,2.22044604925031E-16,6.12323399573677E-17));
#8390=DIRECTION('center_axis',(-2.22044604925031E-16,1.,0.));
#8391=DIRECTION('ref_axis',(-1.,-2.22044604925031E-16,0.));
#8392=DIRECTION('',(2.22044604925031E-16,-1.,0.));
#8393=DIRECTION('center_axis',(-2.22044604925031E-16,1.,0.));
#8394=DIRECTION('ref_axis',(-1.,-2.22044604925031E-16,0.));
#8395=DIRECTION('center_axis',(2.22044604925031E-16,-1.,0.));
#8396=DIRECTION('ref_axis',(0.,0.,1.));
#8397=DIRECTION('',(1.,2.22044604925031E-16,0.));
#8398=DIRECTION('',(0.,0.,1.));
#8399=DIRECTION('center_axis',(-2.22044604925031E-16,1.,0.));
#8400=DIRECTION('ref_axis',(0.,0.,-1.));
#8401=DIRECTION('',(0.,0.,-1.));
#8402=DIRECTION('center_axis',(6.12323399573677E-17,1.35963107344689E-32,
-1.));
#8403=DIRECTION('ref_axis',(-1.,-2.22044604925031E-16,-6.12323399573677E-17));
#8404=DIRECTION('',(2.22044604925031E-16,-1.,0.));
#8405=DIRECTION('center_axis',(1.,2.22044604925031E-16,6.12323399573677E-17));
#8406=DIRECTION('ref_axis',(-2.22044604925031E-16,1.,0.));
#8407=DIRECTION('center_axis',(2.22044604925031E-16,-1.,0.));
#8408=DIRECTION('ref_axis',(0.,0.,1.));
#8409=DIRECTION('center_axis',(0.,0.,-1.));
#8410=DIRECTION('ref_axis',(2.22044604925031E-16,-1.,0.));
#8411=DIRECTION('',(2.22044604925031E-16,-1.,0.));
#8412=DIRECTION('center_axis',(-2.22044604925031E-16,1.,0.));
#8413=DIRECTION('ref_axis',(0.,0.,-1.));
#8414=DIRECTION('',(0.,0.,-1.));
#8415=DIRECTION('center_axis',(-1.,-2.22044604925031E-16,0.));
#8416=DIRECTION('ref_axis',(0.,0.,1.));
#8417=DIRECTION('center_axis',(-1.57009245868378E-16,0.707106781186548,
-0.707106781186547));
#8418=DIRECTION('ref_axis',(1.57009245868377E-16,-0.707106781186547,-0.707106781186548));
#8419=DIRECTION('',(-1.57009245868377E-16,0.707106781186547,0.707106781186548));
#8420=DIRECTION('',(1.,2.22044604925031E-16,0.));
#8421=DIRECTION('',(1.57009245868377E-16,-0.707106781186547,-0.707106781186548));
#8422=DIRECTION('',(-1.,-2.22044604925031E-16,0.));
#8423=DIRECTION('center_axis',(0.,0.,-1.));
#8424=DIRECTION('ref_axis',(2.22044604925031E-16,-1.,0.));
#8425=DIRECTION('',(-2.22044604925031E-16,1.,0.));
#8426=DIRECTION('',(-1.,-2.22044604925031E-16,0.));
#8427=DIRECTION('',(2.22044604925031E-16,-1.,0.));
#8428=DIRECTION('center_axis',(1.,2.22044604925031E-16,0.));
#8429=DIRECTION('ref_axis',(0.,0.,-1.));
#8430=DIRECTION('',(0.,0.,1.));
#8431=DIRECTION('',(-2.22044604925031E-16,1.,0.));
#8432=DIRECTION('',(0.,0.,-1.));
#8433=DIRECTION('',(1.57009245868377E-16,-0.707106781186548,0.707106781186548));
#8434=DIRECTION('',(-2.22044604925031E-16,1.,0.));
#8435=DIRECTION('',(0.,0.,-1.));
#8436=DIRECTION('',(1.57009245868377E-16,-0.707106781186547,0.707106781186548));
#8437=DIRECTION('',(-2.22044604925031E-16,1.,0.));
#8438=DIRECTION('',(1.57009245868377E-16,-0.707106781186547,-0.707106781186548));
#8439=DIRECTION('',(0.,0.,1.));
#8440=DIRECTION('center_axis',(1.57009245868377E-16,-0.707106781186548,
-0.707106781186548));
#8441=DIRECTION('ref_axis',(1.57009245868377E-16,-0.707106781186548,0.707106781186548));
#8442=DIRECTION('',(-1.57009245868377E-16,0.707106781186548,-0.707106781186548));
#8443=DIRECTION('',(1.,2.22044604925031E-16,0.));
#8444=DIRECTION('',(-1.,-2.22044604925031E-16,0.));
#8445=DIRECTION('center_axis',(2.22044604925031E-16,-1.,0.));
#8446=DIRECTION('ref_axis',(0.,0.,1.));
#8447=DIRECTION('',(1.,2.22044604925031E-16,0.));
#8448=DIRECTION('',(0.,0.,1.));
#8449=DIRECTION('center_axis',(1.57009245868378E-16,-0.707106781186548,
-0.707106781186547));
#8450=DIRECTION('ref_axis',(1.57009245868377E-16,-0.707106781186547,0.707106781186548));
#8451=DIRECTION('',(-1.57009245868377E-16,0.707106781186547,-0.707106781186548));
#8452=DIRECTION('',(1.,2.22044604925031E-16,0.));
#8453=DIRECTION('',(-1.,-2.22044604925031E-16,0.));
#8454=DIRECTION('center_axis',(0.,0.,-1.));
#8455=DIRECTION('ref_axis',(2.22044604925031E-16,-1.,0.));
#8456=DIRECTION('',(2.22044604925031E-16,-1.,0.));
#8457=DIRECTION('',(-1.,-2.22044604925031E-16,0.));
#8458=DIRECTION('center_axis',(-1.57009245868378E-16,0.707106781186548,
-0.707106781186547));
#8459=DIRECTION('ref_axis',(1.57009245868377E-16,-0.707106781186547,-0.707106781186548));
#8460=DIRECTION('',(-1.57009245868377E-16,0.707106781186547,0.707106781186548));
#8461=DIRECTION('',(1.,2.22044604925031E-16,0.));
#8462=DIRECTION('center_axis',(-6.12323399573677E-17,-1.35963107344689E-32,
1.));
#8463=DIRECTION('ref_axis',(1.,2.22044604925031E-16,6.12323399573677E-17));
#8464=DIRECTION('',(2.22044604925031E-16,-1.,0.));
#8465=DIRECTION('',(1.,2.22044604925031E-16,6.12323399573677E-17));
#8466=DIRECTION('',(-2.22044604925031E-16,1.,0.));
#8467=DIRECTION('',(-1.,-2.22044604925031E-16,-6.12323399573677E-17));
#8468=DIRECTION('center_axis',(-2.22044604925031E-16,1.,0.));
#8469=DIRECTION('ref_axis',(0.,0.,-1.));
#8470=DIRECTION('',(-6.12323399573677E-17,-1.35963107344689E-32,1.));
#8471=DIRECTION('center_axis',(-2.22044604925031E-16,1.,0.));
#8472=DIRECTION('ref_axis',(-1.,-2.22044604925031E-16,2.77555756156289E-15));
#8473=DIRECTION('',(-1.,-2.22044604925031E-16,0.));
#8474=DIRECTION('center_axis',(2.22044604925031E-16,-1.,0.));
#8475=DIRECTION('ref_axis',(-9.91270557701033E-17,-2.20106279358541E-32,
1.));
#8476=DIRECTION('center_axis',(-2.22044604925031E-16,1.,0.));
#8477=DIRECTION('ref_axis',(-1.,-2.22044604925031E-16,0.));
#8478=DIRECTION('',(-2.22044604925031E-16,1.,0.));
#8479=DIRECTION('center_axis',(2.22044604925031E-16,-1.,0.));
#8480=DIRECTION('ref_axis',(0.,0.,1.));
#8481=DIRECTION('center_axis',(2.22044604925031E-16,-1.,0.));
#8482=DIRECTION('ref_axis',(1.,2.22044604925031E-16,6.12323399573677E-17));
#8483=DIRECTION('',(6.12323399573677E-17,1.35963107344689E-32,-1.));
#8484=DIRECTION('',(-1.,-2.22044604925031E-16,-6.12323399573677E-17));
#8485=DIRECTION('',(-6.12323399573677E-17,-1.35963107344689E-32,1.));
#8486=DIRECTION('center_axis',(-2.22044604925031E-16,1.,0.));
#8487=DIRECTION('ref_axis',(-1.,-2.22044604925031E-16,-6.12323399573677E-17));
#8488=DIRECTION('',(6.12323399573677E-17,1.35963107344689E-32,-1.));
#8489=DIRECTION('',(1.,2.22044604925031E-16,6.12323399573677E-17));
#8490=DIRECTION('center_axis',(-2.22044604925031E-16,1.,0.));
#8491=DIRECTION('ref_axis',(-1.,-2.22044604925031E-16,0.));
#8492=DIRECTION('',(2.22044604925031E-16,-1.,0.));
#8493=DIRECTION('center_axis',(-2.22044604925031E-16,1.,0.));
#8494=DIRECTION('ref_axis',(-1.,-2.22044604925031E-16,0.));
#8495=DIRECTION('center_axis',(2.22044604925031E-16,-1.,0.));
#8496=DIRECTION('ref_axis',(0.,0.,1.));
#8497=DIRECTION('',(1.,2.22044604925031E-16,0.));
#8498=DIRECTION('',(0.,0.,1.));
#8499=DIRECTION('center_axis',(-2.22044604925031E-16,1.,0.));
#8500=DIRECTION('ref_axis',(0.,0.,-1.));
#8501=DIRECTION('',(0.,0.,-1.));
#8502=DIRECTION('center_axis',(6.12323399573677E-17,1.35963107344689E-32,
-1.));
#8503=DIRECTION('ref_axis',(-1.,-2.22044604925031E-16,-6.12323399573677E-17));
#8504=DIRECTION('',(2.22044604925031E-16,-1.,0.));
#8505=DIRECTION('center_axis',(1.,2.22044604925031E-16,6.12323399573677E-17));
#8506=DIRECTION('ref_axis',(-2.22044604925031E-16,1.,0.));
#8507=DIRECTION('center_axis',(2.22044604925031E-16,-1.,0.));
#8508=DIRECTION('ref_axis',(0.,0.,1.));
#8509=DIRECTION('center_axis',(0.,0.,-1.));
#8510=DIRECTION('ref_axis',(2.22044604925031E-16,-1.,0.));
#8511=DIRECTION('',(2.22044604925031E-16,-1.,0.));
#8512=DIRECTION('center_axis',(-2.22044604925031E-16,1.,0.));
#8513=DIRECTION('ref_axis',(0.,0.,-1.));
#8514=DIRECTION('',(0.,0.,-1.));
#8515=DIRECTION('center_axis',(-1.,-2.22044604925031E-16,0.));
#8516=DIRECTION('ref_axis',(0.,0.,1.));
#8517=DIRECTION('center_axis',(-1.57009245868378E-16,0.707106781186548,
-0.707106781186547));
#8518=DIRECTION('ref_axis',(1.57009245868377E-16,-0.707106781186547,-0.707106781186548));
#8519=DIRECTION('',(-1.57009245868377E-16,0.707106781186547,0.707106781186548));
#8520=DIRECTION('',(1.,2.22044604925031E-16,0.));
#8521=DIRECTION('',(1.57009245868377E-16,-0.707106781186547,-0.707106781186548));
#8522=DIRECTION('',(-1.,-2.22044604925031E-16,0.));
#8523=DIRECTION('center_axis',(0.,0.,-1.));
#8524=DIRECTION('ref_axis',(2.22044604925031E-16,-1.,0.));
#8525=DIRECTION('',(-2.22044604925031E-16,1.,0.));
#8526=DIRECTION('',(-1.,-2.22044604925031E-16,0.));
#8527=DIRECTION('',(2.22044604925031E-16,-1.,0.));
#8528=DIRECTION('center_axis',(1.,2.22044604925031E-16,0.));
#8529=DIRECTION('ref_axis',(0.,0.,-1.));
#8530=DIRECTION('',(0.,0.,1.));
#8531=DIRECTION('',(-2.22044604925031E-16,1.,0.));
#8532=DIRECTION('',(0.,0.,-1.));
#8533=DIRECTION('',(1.57009245868377E-16,-0.707106781186548,0.707106781186548));
#8534=DIRECTION('',(-2.22044604925031E-16,1.,0.));
#8535=DIRECTION('',(0.,0.,-1.));
#8536=DIRECTION('',(1.57009245868377E-16,-0.707106781186547,0.707106781186548));
#8537=DIRECTION('',(-2.22044604925031E-16,1.,0.));
#8538=DIRECTION('',(1.57009245868377E-16,-0.707106781186547,-0.707106781186548));
#8539=DIRECTION('',(0.,0.,1.));
#8540=DIRECTION('center_axis',(1.57009245868377E-16,-0.707106781186548,
-0.707106781186548));
#8541=DIRECTION('ref_axis',(1.57009245868377E-16,-0.707106781186548,0.707106781186548));
#8542=DIRECTION('',(-1.57009245868377E-16,0.707106781186548,-0.707106781186548));
#8543=DIRECTION('',(1.,2.22044604925031E-16,0.));
#8544=DIRECTION('',(-1.,-2.22044604925031E-16,0.));
#8545=DIRECTION('center_axis',(2.22044604925031E-16,-1.,0.));
#8546=DIRECTION('ref_axis',(0.,0.,1.));
#8547=DIRECTION('',(1.,2.22044604925031E-16,0.));
#8548=DIRECTION('',(0.,0.,1.));
#8549=DIRECTION('center_axis',(1.57009245868378E-16,-0.707106781186548,
-0.707106781186547));
#8550=DIRECTION('ref_axis',(1.57009245868377E-16,-0.707106781186547,0.707106781186548));
#8551=DIRECTION('',(-1.57009245868377E-16,0.707106781186547,-0.707106781186548));
#8552=DIRECTION('',(1.,2.22044604925031E-16,0.));
#8553=DIRECTION('',(-1.,-2.22044604925031E-16,0.));
#8554=DIRECTION('center_axis',(0.,0.,-1.));
#8555=DIRECTION('ref_axis',(2.22044604925031E-16,-1.,0.));
#8556=DIRECTION('',(2.22044604925031E-16,-1.,0.));
#8557=DIRECTION('',(-1.,-2.22044604925031E-16,0.));
#8558=DIRECTION('center_axis',(-1.57009245868378E-16,0.707106781186548,
-0.707106781186547));
#8559=DIRECTION('ref_axis',(1.57009245868377E-16,-0.707106781186547,-0.707106781186548));
#8560=DIRECTION('',(-1.57009245868377E-16,0.707106781186547,0.707106781186548));
#8561=DIRECTION('',(1.,2.22044604925031E-16,0.));
#8562=DIRECTION('center_axis',(-6.12323399573677E-17,-1.35963107344689E-32,
1.));
#8563=DIRECTION('ref_axis',(1.,2.22044604925031E-16,6.12323399573677E-17));
#8564=DIRECTION('',(2.22044604925031E-16,-1.,0.));
#8565=DIRECTION('',(1.,2.22044604925031E-16,6.12323399573677E-17));
#8566=DIRECTION('',(-2.22044604925031E-16,1.,0.));
#8567=DIRECTION('',(-1.,-2.22044604925031E-16,-6.12323399573677E-17));
#8568=DIRECTION('center_axis',(-2.22044604925031E-16,1.,0.));
#8569=DIRECTION('ref_axis',(0.,0.,-1.));
#8570=DIRECTION('',(-6.12323399573677E-17,-1.35963107344689E-32,1.));
#8571=DIRECTION('center_axis',(-2.22044604925031E-16,1.,0.));
#8572=DIRECTION('ref_axis',(-1.,-2.22044604925031E-16,2.77555756156289E-15));
#8573=DIRECTION('',(-1.,-2.22044604925031E-16,0.));
#8574=DIRECTION('center_axis',(2.22044604925031E-16,-1.,0.));
#8575=DIRECTION('ref_axis',(-9.91270557701033E-17,-2.20106279358541E-32,
1.));
#8576=DIRECTION('center_axis',(-2.22044604925031E-16,1.,0.));
#8577=DIRECTION('ref_axis',(-1.,-2.22044604925031E-16,0.));
#8578=DIRECTION('',(-2.22044604925031E-16,1.,0.));
#8579=DIRECTION('center_axis',(2.22044604925031E-16,-1.,0.));
#8580=DIRECTION('ref_axis',(0.,0.,1.));
#8581=DIRECTION('center_axis',(2.22044604925031E-16,-1.,0.));
#8582=DIRECTION('ref_axis',(1.,2.22044604925031E-16,6.12323399573677E-17));
#8583=DIRECTION('',(6.12323399573677E-17,1.35963107344689E-32,-1.));
#8584=DIRECTION('',(-1.,-2.22044604925031E-16,-6.12323399573677E-17));
#8585=DIRECTION('',(-6.12323399573677E-17,-1.35963107344689E-32,1.));
#8586=DIRECTION('center_axis',(-2.22044604925031E-16,1.,0.));
#8587=DIRECTION('ref_axis',(-1.,-2.22044604925031E-16,-6.12323399573677E-17));
#8588=DIRECTION('',(6.12323399573677E-17,1.35963107344689E-32,-1.));
#8589=DIRECTION('',(1.,2.22044604925031E-16,6.12323399573677E-17));
#8590=DIRECTION('center_axis',(-2.22044604925031E-16,1.,0.));
#8591=DIRECTION('ref_axis',(-1.,-2.22044604925031E-16,0.));
#8592=DIRECTION('',(2.22044604925031E-16,-1.,0.));
#8593=DIRECTION('center_axis',(-2.22044604925031E-16,1.,0.));
#8594=DIRECTION('ref_axis',(-1.,-2.22044604925031E-16,0.));
#8595=DIRECTION('center_axis',(2.22044604925031E-16,-1.,0.));
#8596=DIRECTION('ref_axis',(0.,0.,1.));
#8597=DIRECTION('',(1.,2.22044604925031E-16,0.));
#8598=DIRECTION('',(0.,0.,1.));
#8599=DIRECTION('center_axis',(-2.22044604925031E-16,1.,0.));
#8600=DIRECTION('ref_axis',(0.,0.,-1.));
#8601=DIRECTION('',(0.,0.,-1.));
#8602=DIRECTION('center_axis',(6.12323399573677E-17,1.35963107344689E-32,
-1.));
#8603=DIRECTION('ref_axis',(-1.,-2.22044604925031E-16,-6.12323399573677E-17));
#8604=DIRECTION('',(2.22044604925031E-16,-1.,0.));
#8605=DIRECTION('center_axis',(1.,2.22044604925031E-16,6.12323399573677E-17));
#8606=DIRECTION('ref_axis',(-2.22044604925031E-16,1.,0.));
#8607=DIRECTION('center_axis',(2.22044604925031E-16,-1.,0.));
#8608=DIRECTION('ref_axis',(0.,0.,1.));
#8609=DIRECTION('center_axis',(0.,0.,-1.));
#8610=DIRECTION('ref_axis',(2.22044604925031E-16,-1.,0.));
#8611=DIRECTION('',(2.22044604925031E-16,-1.,0.));
#8612=DIRECTION('center_axis',(-2.22044604925031E-16,1.,0.));
#8613=DIRECTION('ref_axis',(0.,0.,-1.));
#8614=DIRECTION('',(0.,0.,-1.));
#8615=DIRECTION('center_axis',(-1.,-2.22044604925031E-16,0.));
#8616=DIRECTION('ref_axis',(0.,0.,1.));
#8617=DIRECTION('center_axis',(-1.57009245868378E-16,0.707106781186548,
-0.707106781186547));
#8618=DIRECTION('ref_axis',(1.57009245868377E-16,-0.707106781186547,-0.707106781186548));
#8619=DIRECTION('',(-1.57009245868377E-16,0.707106781186547,0.707106781186548));
#8620=DIRECTION('',(1.,2.22044604925031E-16,0.));
#8621=DIRECTION('',(1.57009245868377E-16,-0.707106781186547,-0.707106781186548));
#8622=DIRECTION('',(-1.,-2.22044604925031E-16,0.));
#8623=DIRECTION('center_axis',(0.,0.,-1.));
#8624=DIRECTION('ref_axis',(2.22044604925031E-16,-1.,0.));
#8625=DIRECTION('',(-2.22044604925031E-16,1.,0.));
#8626=DIRECTION('',(-1.,-2.22044604925031E-16,0.));
#8627=DIRECTION('',(2.22044604925031E-16,-1.,0.));
#8628=DIRECTION('center_axis',(1.,2.22044604925031E-16,0.));
#8629=DIRECTION('ref_axis',(0.,0.,-1.));
#8630=DIRECTION('',(0.,0.,1.));
#8631=DIRECTION('',(-2.22044604925031E-16,1.,0.));
#8632=DIRECTION('',(0.,0.,-1.));
#8633=DIRECTION('',(1.57009245868377E-16,-0.707106781186548,0.707106781186548));
#8634=DIRECTION('',(-2.22044604925031E-16,1.,0.));
#8635=DIRECTION('',(0.,0.,-1.));
#8636=DIRECTION('',(1.57009245868377E-16,-0.707106781186547,0.707106781186548));
#8637=DIRECTION('',(-2.22044604925031E-16,1.,0.));
#8638=DIRECTION('',(1.57009245868377E-16,-0.707106781186547,-0.707106781186548));
#8639=DIRECTION('',(0.,0.,1.));
#8640=DIRECTION('center_axis',(1.57009245868377E-16,-0.707106781186548,
-0.707106781186548));
#8641=DIRECTION('ref_axis',(1.57009245868377E-16,-0.707106781186548,0.707106781186548));
#8642=DIRECTION('',(-1.57009245868377E-16,0.707106781186548,-0.707106781186548));
#8643=DIRECTION('',(1.,2.22044604925031E-16,0.));
#8644=DIRECTION('',(-1.,-2.22044604925031E-16,0.));
#8645=DIRECTION('center_axis',(2.22044604925031E-16,-1.,0.));
#8646=DIRECTION('ref_axis',(0.,0.,1.));
#8647=DIRECTION('',(1.,2.22044604925031E-16,0.));
#8648=DIRECTION('',(0.,0.,1.));
#8649=DIRECTION('center_axis',(1.57009245868378E-16,-0.707106781186548,
-0.707106781186547));
#8650=DIRECTION('ref_axis',(1.57009245868377E-16,-0.707106781186547,0.707106781186548));
#8651=DIRECTION('',(-1.57009245868377E-16,0.707106781186547,-0.707106781186548));
#8652=DIRECTION('',(1.,2.22044604925031E-16,0.));
#8653=DIRECTION('',(-1.,-2.22044604925031E-16,0.));
#8654=DIRECTION('center_axis',(0.,0.,-1.));
#8655=DIRECTION('ref_axis',(2.22044604925031E-16,-1.,0.));
#8656=DIRECTION('',(2.22044604925031E-16,-1.,0.));
#8657=DIRECTION('',(-1.,-2.22044604925031E-16,0.));
#8658=DIRECTION('center_axis',(-1.57009245868378E-16,0.707106781186548,
-0.707106781186547));
#8659=DIRECTION('ref_axis',(1.57009245868377E-16,-0.707106781186547,-0.707106781186548));
#8660=DIRECTION('',(-1.57009245868377E-16,0.707106781186547,0.707106781186548));
#8661=DIRECTION('',(1.,2.22044604925031E-16,0.));
#8662=DIRECTION('center_axis',(-6.12323399573677E-17,-1.35963107344689E-32,
1.));
#8663=DIRECTION('ref_axis',(1.,2.22044604925031E-16,6.12323399573677E-17));
#8664=DIRECTION('',(2.22044604925031E-16,-1.,0.));
#8665=DIRECTION('',(1.,2.22044604925031E-16,6.12323399573677E-17));
#8666=DIRECTION('',(-2.22044604925031E-16,1.,0.));
#8667=DIRECTION('',(-1.,-2.22044604925031E-16,-6.12323399573677E-17));
#8668=DIRECTION('center_axis',(-2.22044604925031E-16,1.,0.));
#8669=DIRECTION('ref_axis',(0.,0.,-1.));
#8670=DIRECTION('',(-6.12323399573677E-17,-1.35963107344689E-32,1.));
#8671=DIRECTION('center_axis',(-2.22044604925031E-16,1.,0.));
#8672=DIRECTION('ref_axis',(-1.,-2.22044604925031E-16,2.77555756156289E-15));
#8673=DIRECTION('',(-1.,-2.22044604925031E-16,0.));
#8674=DIRECTION('center_axis',(2.22044604925031E-16,-1.,0.));
#8675=DIRECTION('ref_axis',(-9.91270557701033E-17,-2.20106279358541E-32,
1.));
#8676=DIRECTION('center_axis',(-2.22044604925031E-16,1.,0.));
#8677=DIRECTION('ref_axis',(-1.,-2.22044604925031E-16,0.));
#8678=DIRECTION('',(-2.22044604925031E-16,1.,0.));
#8679=DIRECTION('center_axis',(2.22044604925031E-16,-1.,0.));
#8680=DIRECTION('ref_axis',(0.,0.,1.));
#8681=DIRECTION('center_axis',(2.22044604925031E-16,-1.,0.));
#8682=DIRECTION('ref_axis',(1.,2.22044604925031E-16,6.12323399573677E-17));
#8683=DIRECTION('',(6.12323399573677E-17,1.35963107344689E-32,-1.));
#8684=DIRECTION('',(-1.,-2.22044604925031E-16,-6.12323399573677E-17));
#8685=DIRECTION('',(-6.12323399573677E-17,-1.35963107344689E-32,1.));
#8686=DIRECTION('center_axis',(-2.22044604925031E-16,1.,0.));
#8687=DIRECTION('ref_axis',(-1.,-2.22044604925031E-16,-6.12323399573677E-17));
#8688=DIRECTION('',(6.12323399573677E-17,1.35963107344689E-32,-1.));
#8689=DIRECTION('',(1.,2.22044604925031E-16,6.12323399573677E-17));
#8690=DIRECTION('center_axis',(-2.22044604925031E-16,1.,0.));
#8691=DIRECTION('ref_axis',(-1.,-2.22044604925031E-16,0.));
#8692=DIRECTION('',(2.22044604925031E-16,-1.,0.));
#8693=DIRECTION('center_axis',(-2.22044604925031E-16,1.,0.));
#8694=DIRECTION('ref_axis',(-1.,-2.22044604925031E-16,0.));
#8695=DIRECTION('center_axis',(2.22044604925031E-16,-1.,0.));
#8696=DIRECTION('ref_axis',(0.,0.,1.));
#8697=DIRECTION('',(1.,2.22044604925031E-16,0.));
#8698=DIRECTION('',(0.,0.,1.));
#8699=DIRECTION('center_axis',(-2.22044604925031E-16,1.,0.));
#8700=DIRECTION('ref_axis',(0.,0.,-1.));
#8701=DIRECTION('',(0.,0.,-1.));
#8702=DIRECTION('center_axis',(6.12323399573677E-17,1.35963107344689E-32,
-1.));
#8703=DIRECTION('ref_axis',(-1.,-2.22044604925031E-16,-6.12323399573677E-17));
#8704=DIRECTION('',(2.22044604925031E-16,-1.,0.));
#8705=DIRECTION('center_axis',(1.,2.22044604925031E-16,6.12323399573677E-17));
#8706=DIRECTION('ref_axis',(-2.22044604925031E-16,1.,0.));
#8707=DIRECTION('center_axis',(2.22044604925031E-16,-1.,0.));
#8708=DIRECTION('ref_axis',(0.,0.,1.));
#8709=DIRECTION('center_axis',(0.,0.,-1.));
#8710=DIRECTION('ref_axis',(2.22044604925031E-16,-1.,0.));
#8711=DIRECTION('',(2.22044604925031E-16,-1.,0.));
#8712=DIRECTION('center_axis',(-2.22044604925031E-16,1.,0.));
#8713=DIRECTION('ref_axis',(0.,0.,-1.));
#8714=DIRECTION('',(0.,0.,-1.));
#8715=DIRECTION('center_axis',(-1.,-2.22044604925031E-16,0.));
#8716=DIRECTION('ref_axis',(0.,0.,1.));
#8717=DIRECTION('center_axis',(-1.57009245868378E-16,0.707106781186548,
-0.707106781186547));
#8718=DIRECTION('ref_axis',(1.57009245868377E-16,-0.707106781186547,-0.707106781186548));
#8719=DIRECTION('',(-1.57009245868377E-16,0.707106781186547,0.707106781186548));
#8720=DIRECTION('',(1.,2.22044604925031E-16,0.));
#8721=DIRECTION('',(1.57009245868377E-16,-0.707106781186547,-0.707106781186548));
#8722=DIRECTION('',(-1.,-2.22044604925031E-16,0.));
#8723=DIRECTION('center_axis',(0.,0.,-1.));
#8724=DIRECTION('ref_axis',(2.22044604925031E-16,-1.,0.));
#8725=DIRECTION('',(-2.22044604925031E-16,1.,0.));
#8726=DIRECTION('',(-1.,-2.22044604925031E-16,0.));
#8727=DIRECTION('',(2.22044604925031E-16,-1.,0.));
#8728=DIRECTION('center_axis',(1.,2.22044604925031E-16,0.));
#8729=DIRECTION('ref_axis',(0.,0.,-1.));
#8730=DIRECTION('',(0.,0.,1.));
#8731=DIRECTION('',(-2.22044604925031E-16,1.,0.));
#8732=DIRECTION('',(0.,0.,-1.));
#8733=DIRECTION('',(1.57009245868377E-16,-0.707106781186548,0.707106781186548));
#8734=DIRECTION('',(-2.22044604925031E-16,1.,0.));
#8735=DIRECTION('',(0.,0.,-1.));
#8736=DIRECTION('',(1.57009245868377E-16,-0.707106781186547,0.707106781186548));
#8737=DIRECTION('',(-2.22044604925031E-16,1.,0.));
#8738=DIRECTION('',(1.57009245868377E-16,-0.707106781186547,-0.707106781186548));
#8739=DIRECTION('',(0.,0.,1.));
#8740=DIRECTION('center_axis',(1.57009245868377E-16,-0.707106781186548,
-0.707106781186548));
#8741=DIRECTION('ref_axis',(1.57009245868377E-16,-0.707106781186548,0.707106781186548));
#8742=DIRECTION('',(-1.57009245868377E-16,0.707106781186548,-0.707106781186548));
#8743=DIRECTION('',(1.,2.22044604925031E-16,0.));
#8744=DIRECTION('',(-1.,-2.22044604925031E-16,0.));
#8745=DIRECTION('center_axis',(2.22044604925031E-16,-1.,0.));
#8746=DIRECTION('ref_axis',(0.,0.,1.));
#8747=DIRECTION('',(1.,2.22044604925031E-16,0.));
#8748=DIRECTION('',(0.,0.,1.));
#8749=DIRECTION('center_axis',(1.57009245868378E-16,-0.707106781186548,
-0.707106781186547));
#8750=DIRECTION('ref_axis',(1.57009245868377E-16,-0.707106781186547,0.707106781186548));
#8751=DIRECTION('',(-1.57009245868377E-16,0.707106781186547,-0.707106781186548));
#8752=DIRECTION('',(1.,2.22044604925031E-16,0.));
#8753=DIRECTION('',(-1.,-2.22044604925031E-16,0.));
#8754=DIRECTION('center_axis',(0.,0.,-1.));
#8755=DIRECTION('ref_axis',(2.22044604925031E-16,-1.,0.));
#8756=DIRECTION('',(2.22044604925031E-16,-1.,0.));
#8757=DIRECTION('',(-1.,-2.22044604925031E-16,0.));
#8758=DIRECTION('center_axis',(-1.57009245868378E-16,0.707106781186548,
-0.707106781186547));
#8759=DIRECTION('ref_axis',(1.57009245868377E-16,-0.707106781186547,-0.707106781186548));
#8760=DIRECTION('',(-1.57009245868377E-16,0.707106781186547,0.707106781186548));
#8761=DIRECTION('',(1.,2.22044604925031E-16,0.));
#8762=DIRECTION('center_axis',(-6.12323399573677E-17,-1.35963107344689E-32,
1.));
#8763=DIRECTION('ref_axis',(1.,2.22044604925031E-16,6.12323399573677E-17));
#8764=DIRECTION('',(2.22044604925031E-16,-1.,0.));
#8765=DIRECTION('',(1.,2.22044604925031E-16,6.12323399573677E-17));
#8766=DIRECTION('',(-2.22044604925031E-16,1.,0.));
#8767=DIRECTION('',(-1.,-2.22044604925031E-16,-6.12323399573677E-17));
#8768=DIRECTION('center_axis',(-2.22044604925031E-16,1.,0.));
#8769=DIRECTION('ref_axis',(0.,0.,-1.));
#8770=DIRECTION('',(-6.12323399573677E-17,-1.35963107344689E-32,1.));
#8771=DIRECTION('center_axis',(-2.22044604925031E-16,1.,0.));
#8772=DIRECTION('ref_axis',(-1.,-2.22044604925031E-16,2.77555756156289E-15));
#8773=DIRECTION('',(-1.,-2.22044604925031E-16,0.));
#8774=DIRECTION('center_axis',(2.22044604925031E-16,-1.,0.));
#8775=DIRECTION('ref_axis',(-9.91270557701033E-17,-2.20106279358541E-32,
1.));
#8776=DIRECTION('center_axis',(-2.22044604925031E-16,1.,0.));
#8777=DIRECTION('ref_axis',(-1.,-2.22044604925031E-16,0.));
#8778=DIRECTION('',(-2.22044604925031E-16,1.,0.));
#8779=DIRECTION('center_axis',(2.22044604925031E-16,-1.,0.));
#8780=DIRECTION('ref_axis',(0.,0.,1.));
#8781=DIRECTION('center_axis',(2.22044604925031E-16,-1.,0.));
#8782=DIRECTION('ref_axis',(1.,2.22044604925031E-16,6.12323399573677E-17));
#8783=DIRECTION('',(6.12323399573677E-17,1.35963107344689E-32,-1.));
#8784=DIRECTION('',(-1.,-2.22044604925031E-16,-6.12323399573677E-17));
#8785=DIRECTION('',(-6.12323399573677E-17,-1.35963107344689E-32,1.));
#8786=DIRECTION('center_axis',(-2.22044604925031E-16,1.,0.));
#8787=DIRECTION('ref_axis',(-1.,-2.22044604925031E-16,-6.12323399573677E-17));
#8788=DIRECTION('',(6.12323399573677E-17,1.35963107344689E-32,-1.));
#8789=DIRECTION('',(1.,2.22044604925031E-16,6.12323399573677E-17));
#8790=DIRECTION('center_axis',(-2.22044604925031E-16,1.,0.));
#8791=DIRECTION('ref_axis',(-1.,-2.22044604925031E-16,0.));
#8792=DIRECTION('',(2.22044604925031E-16,-1.,0.));
#8793=DIRECTION('center_axis',(-2.22044604925031E-16,1.,0.));
#8794=DIRECTION('ref_axis',(-1.,-2.22044604925031E-16,0.));
#8795=DIRECTION('center_axis',(2.22044604925031E-16,-1.,0.));
#8796=DIRECTION('ref_axis',(0.,0.,1.));
#8797=DIRECTION('',(1.,2.22044604925031E-16,0.));
#8798=DIRECTION('',(0.,0.,1.));
#8799=DIRECTION('center_axis',(-2.22044604925031E-16,1.,0.));
#8800=DIRECTION('ref_axis',(0.,0.,-1.));
#8801=DIRECTION('',(0.,0.,-1.));
#8802=DIRECTION('center_axis',(6.12323399573677E-17,1.35963107344689E-32,
-1.));
#8803=DIRECTION('ref_axis',(-1.,-2.22044604925031E-16,-6.12323399573677E-17));
#8804=DIRECTION('',(2.22044604925031E-16,-1.,0.));
#8805=DIRECTION('center_axis',(1.,2.22044604925031E-16,6.12323399573677E-17));
#8806=DIRECTION('ref_axis',(-2.22044604925031E-16,1.,0.));
#8807=DIRECTION('center_axis',(2.22044604925031E-16,-1.,0.));
#8808=DIRECTION('ref_axis',(0.,0.,1.));
#8809=DIRECTION('center_axis',(0.,0.,-1.));
#8810=DIRECTION('ref_axis',(2.22044604925031E-16,-1.,0.));
#8811=DIRECTION('',(2.22044604925031E-16,-1.,0.));
#8812=DIRECTION('center_axis',(-2.22044604925031E-16,1.,0.));
#8813=DIRECTION('ref_axis',(0.,0.,-1.));
#8814=DIRECTION('',(0.,0.,-1.));
#8815=DIRECTION('center_axis',(-1.,-2.22044604925031E-16,0.));
#8816=DIRECTION('ref_axis',(0.,0.,1.));
#8817=DIRECTION('center_axis',(-1.57009245868378E-16,0.707106781186548,
-0.707106781186547));
#8818=DIRECTION('ref_axis',(1.57009245868377E-16,-0.707106781186547,-0.707106781186548));
#8819=DIRECTION('',(-1.57009245868377E-16,0.707106781186547,0.707106781186548));
#8820=DIRECTION('',(1.,2.22044604925031E-16,0.));
#8821=DIRECTION('',(1.57009245868377E-16,-0.707106781186547,-0.707106781186548));
#8822=DIRECTION('',(-1.,-2.22044604925031E-16,0.));
#8823=DIRECTION('center_axis',(0.,0.,-1.));
#8824=DIRECTION('ref_axis',(2.22044604925031E-16,-1.,0.));
#8825=DIRECTION('',(-2.22044604925031E-16,1.,0.));
#8826=DIRECTION('',(-1.,-2.22044604925031E-16,0.));
#8827=DIRECTION('',(2.22044604925031E-16,-1.,0.));
#8828=DIRECTION('center_axis',(1.,2.22044604925031E-16,0.));
#8829=DIRECTION('ref_axis',(0.,0.,-1.));
#8830=DIRECTION('',(0.,0.,1.));
#8831=DIRECTION('',(-2.22044604925031E-16,1.,0.));
#8832=DIRECTION('',(0.,0.,-1.));
#8833=DIRECTION('',(1.57009245868377E-16,-0.707106781186548,0.707106781186548));
#8834=DIRECTION('',(-2.22044604925031E-16,1.,0.));
#8835=DIRECTION('',(0.,0.,-1.));
#8836=DIRECTION('',(1.57009245868377E-16,-0.707106781186547,0.707106781186548));
#8837=DIRECTION('',(-2.22044604925031E-16,1.,0.));
#8838=DIRECTION('',(1.57009245868377E-16,-0.707106781186547,-0.707106781186548));
#8839=DIRECTION('',(0.,0.,1.));
#8840=DIRECTION('center_axis',(1.57009245868377E-16,-0.707106781186548,
-0.707106781186548));
#8841=DIRECTION('ref_axis',(1.57009245868377E-16,-0.707106781186548,0.707106781186548));
#8842=DIRECTION('',(-1.57009245868377E-16,0.707106781186548,-0.707106781186548));
#8843=DIRECTION('',(1.,2.22044604925031E-16,0.));
#8844=DIRECTION('',(-1.,-2.22044604925031E-16,0.));
#8845=DIRECTION('center_axis',(2.22044604925031E-16,-1.,0.));
#8846=DIRECTION('ref_axis',(0.,0.,1.));
#8847=DIRECTION('',(1.,2.22044604925031E-16,0.));
#8848=DIRECTION('',(0.,0.,1.));
#8849=DIRECTION('center_axis',(1.57009245868378E-16,-0.707106781186548,
-0.707106781186547));
#8850=DIRECTION('ref_axis',(1.57009245868377E-16,-0.707106781186547,0.707106781186548));
#8851=DIRECTION('',(-1.57009245868377E-16,0.707106781186547,-0.707106781186548));
#8852=DIRECTION('',(1.,2.22044604925031E-16,0.));
#8853=DIRECTION('',(-1.,-2.22044604925031E-16,0.));
#8854=DIRECTION('center_axis',(0.,0.,-1.));
#8855=DIRECTION('ref_axis',(2.22044604925031E-16,-1.,0.));
#8856=DIRECTION('',(2.22044604925031E-16,-1.,0.));
#8857=DIRECTION('',(-1.,-2.22044604925031E-16,0.));
#8858=DIRECTION('center_axis',(-1.57009245868378E-16,0.707106781186548,
-0.707106781186547));
#8859=DIRECTION('ref_axis',(1.57009245868377E-16,-0.707106781186547,-0.707106781186548));
#8860=DIRECTION('',(-1.57009245868377E-16,0.707106781186547,0.707106781186548));
#8861=DIRECTION('',(1.,2.22044604925031E-16,0.));
#8862=DIRECTION('center_axis',(-6.12323399573677E-17,-1.35963107344689E-32,
1.));
#8863=DIRECTION('ref_axis',(1.,2.22044604925031E-16,6.12323399573677E-17));
#8864=DIRECTION('',(2.22044604925031E-16,-1.,0.));
#8865=DIRECTION('',(1.,2.22044604925031E-16,6.12323399573677E-17));
#8866=DIRECTION('',(-2.22044604925031E-16,1.,0.));
#8867=DIRECTION('',(-1.,-2.22044604925031E-16,-6.12323399573677E-17));
#8868=DIRECTION('center_axis',(-2.22044604925031E-16,1.,0.));
#8869=DIRECTION('ref_axis',(0.,0.,-1.));
#8870=DIRECTION('',(-6.12323399573677E-17,-1.35963107344689E-32,1.));
#8871=DIRECTION('center_axis',(-2.22044604925031E-16,1.,0.));
#8872=DIRECTION('ref_axis',(-1.,-2.22044604925031E-16,2.77555756156289E-15));
#8873=DIRECTION('',(-1.,-2.22044604925031E-16,0.));
#8874=DIRECTION('center_axis',(2.22044604925031E-16,-1.,0.));
#8875=DIRECTION('ref_axis',(-9.91270557701033E-17,-2.20106279358541E-32,
1.));
#8876=DIRECTION('center_axis',(-2.22044604925031E-16,1.,0.));
#8877=DIRECTION('ref_axis',(-1.,-2.22044604925031E-16,0.));
#8878=DIRECTION('',(-2.22044604925031E-16,1.,0.));
#8879=DIRECTION('center_axis',(2.22044604925031E-16,-1.,0.));
#8880=DIRECTION('ref_axis',(0.,0.,1.));
#8881=DIRECTION('center_axis',(2.22044604925031E-16,-1.,0.));
#8882=DIRECTION('ref_axis',(1.,2.22044604925031E-16,6.12323399573677E-17));
#8883=DIRECTION('',(6.12323399573677E-17,1.35963107344689E-32,-1.));
#8884=DIRECTION('',(-1.,-2.22044604925031E-16,-6.12323399573677E-17));
#8885=DIRECTION('',(-6.12323399573677E-17,-1.35963107344689E-32,1.));
#8886=DIRECTION('center_axis',(-2.22044604925031E-16,1.,0.));
#8887=DIRECTION('ref_axis',(-1.,-2.22044604925031E-16,-6.12323399573677E-17));
#8888=DIRECTION('',(6.12323399573677E-17,1.35963107344689E-32,-1.));
#8889=DIRECTION('',(1.,2.22044604925031E-16,6.12323399573677E-17));
#8890=DIRECTION('center_axis',(-2.22044604925031E-16,1.,0.));
#8891=DIRECTION('ref_axis',(-1.,-2.22044604925031E-16,0.));
#8892=DIRECTION('',(2.22044604925031E-16,-1.,0.));
#8893=DIRECTION('center_axis',(-2.22044604925031E-16,1.,0.));
#8894=DIRECTION('ref_axis',(-1.,-2.22044604925031E-16,0.));
#8895=DIRECTION('center_axis',(2.22044604925031E-16,-1.,0.));
#8896=DIRECTION('ref_axis',(0.,0.,1.));
#8897=DIRECTION('',(1.,2.22044604925031E-16,0.));
#8898=DIRECTION('',(0.,0.,1.));
#8899=DIRECTION('center_axis',(-2.22044604925031E-16,1.,0.));
#8900=DIRECTION('ref_axis',(0.,0.,-1.));
#8901=DIRECTION('',(0.,0.,-1.));
#8902=DIRECTION('center_axis',(6.12323399573677E-17,1.35963107344689E-32,
-1.));
#8903=DIRECTION('ref_axis',(-1.,-2.22044604925031E-16,-6.12323399573677E-17));
#8904=DIRECTION('',(2.22044604925031E-16,-1.,0.));
#8905=DIRECTION('center_axis',(1.,2.22044604925031E-16,6.12323399573677E-17));
#8906=DIRECTION('ref_axis',(-2.22044604925031E-16,1.,0.));
#8907=DIRECTION('center_axis',(2.22044604925031E-16,-1.,0.));
#8908=DIRECTION('ref_axis',(0.,0.,1.));
#8909=DIRECTION('center_axis',(0.,0.,-1.));
#8910=DIRECTION('ref_axis',(2.22044604925031E-16,-1.,0.));
#8911=DIRECTION('',(2.22044604925031E-16,-1.,0.));
#8912=DIRECTION('center_axis',(-2.22044604925031E-16,1.,0.));
#8913=DIRECTION('ref_axis',(0.,0.,-1.));
#8914=DIRECTION('',(0.,0.,-1.));
#8915=DIRECTION('center_axis',(-1.,-2.22044604925031E-16,0.));
#8916=DIRECTION('ref_axis',(0.,0.,1.));
#8917=DIRECTION('center_axis',(-1.57009245868378E-16,0.707106781186548,
-0.707106781186547));
#8918=DIRECTION('ref_axis',(1.57009245868377E-16,-0.707106781186547,-0.707106781186548));
#8919=DIRECTION('',(-1.57009245868377E-16,0.707106781186547,0.707106781186548));
#8920=DIRECTION('',(1.,2.22044604925031E-16,0.));
#8921=DIRECTION('',(1.57009245868377E-16,-0.707106781186547,-0.707106781186548));
#8922=DIRECTION('',(-1.,-2.22044604925031E-16,0.));
#8923=DIRECTION('center_axis',(0.,0.,-1.));
#8924=DIRECTION('ref_axis',(2.22044604925031E-16,-1.,0.));
#8925=DIRECTION('',(-2.22044604925031E-16,1.,0.));
#8926=DIRECTION('',(-1.,-2.22044604925031E-16,0.));
#8927=DIRECTION('',(2.22044604925031E-16,-1.,0.));
#8928=DIRECTION('center_axis',(1.,2.22044604925031E-16,0.));
#8929=DIRECTION('ref_axis',(0.,0.,-1.));
#8930=DIRECTION('',(0.,0.,1.));
#8931=DIRECTION('',(-2.22044604925031E-16,1.,0.));
#8932=DIRECTION('',(0.,0.,-1.));
#8933=DIRECTION('',(1.57009245868377E-16,-0.707106781186548,0.707106781186548));
#8934=DIRECTION('',(-2.22044604925031E-16,1.,0.));
#8935=DIRECTION('',(0.,0.,-1.));
#8936=DIRECTION('',(1.57009245868377E-16,-0.707106781186547,0.707106781186548));
#8937=DIRECTION('',(-2.22044604925031E-16,1.,0.));
#8938=DIRECTION('',(1.57009245868377E-16,-0.707106781186547,-0.707106781186548));
#8939=DIRECTION('',(0.,0.,1.));
#8940=DIRECTION('center_axis',(1.57009245868377E-16,-0.707106781186548,
-0.707106781186548));
#8941=DIRECTION('ref_axis',(1.57009245868377E-16,-0.707106781186548,0.707106781186548));
#8942=DIRECTION('',(-1.57009245868377E-16,0.707106781186548,-0.707106781186548));
#8943=DIRECTION('',(1.,2.22044604925031E-16,0.));
#8944=DIRECTION('',(-1.,-2.22044604925031E-16,0.));
#8945=DIRECTION('center_axis',(2.22044604925031E-16,-1.,0.));
#8946=DIRECTION('ref_axis',(0.,0.,1.));
#8947=DIRECTION('',(1.,2.22044604925031E-16,0.));
#8948=DIRECTION('',(0.,0.,1.));
#8949=DIRECTION('center_axis',(1.57009245868378E-16,-0.707106781186548,
-0.707106781186547));
#8950=DIRECTION('ref_axis',(1.57009245868377E-16,-0.707106781186547,0.707106781186548));
#8951=DIRECTION('',(-1.57009245868377E-16,0.707106781186547,-0.707106781186548));
#8952=DIRECTION('',(1.,2.22044604925031E-16,0.));
#8953=DIRECTION('',(-1.,-2.22044604925031E-16,0.));
#8954=DIRECTION('center_axis',(0.,0.,-1.));
#8955=DIRECTION('ref_axis',(2.22044604925031E-16,-1.,0.));
#8956=DIRECTION('',(2.22044604925031E-16,-1.,0.));
#8957=DIRECTION('',(-1.,-2.22044604925031E-16,0.));
#8958=DIRECTION('center_axis',(-1.57009245868378E-16,0.707106781186548,
-0.707106781186547));
#8959=DIRECTION('ref_axis',(1.57009245868377E-16,-0.707106781186547,-0.707106781186548));
#8960=DIRECTION('',(-1.57009245868377E-16,0.707106781186547,0.707106781186548));
#8961=DIRECTION('',(1.,2.22044604925031E-16,0.));
#8962=DIRECTION('center_axis',(-6.12323399573677E-17,-1.35963107344689E-32,
1.));
#8963=DIRECTION('ref_axis',(1.,2.22044604925031E-16,6.12323399573677E-17));
#8964=DIRECTION('',(2.22044604925031E-16,-1.,0.));
#8965=DIRECTION('',(1.,2.22044604925031E-16,6.12323399573677E-17));
#8966=DIRECTION('',(-2.22044604925031E-16,1.,0.));
#8967=DIRECTION('',(-1.,-2.22044604925031E-16,-6.12323399573677E-17));
#8968=DIRECTION('center_axis',(-2.22044604925031E-16,1.,0.));
#8969=DIRECTION('ref_axis',(0.,0.,-1.));
#8970=DIRECTION('',(-6.12323399573677E-17,-1.35963107344689E-32,1.));
#8971=DIRECTION('center_axis',(-2.22044604925031E-16,1.,0.));
#8972=DIRECTION('ref_axis',(-1.,-2.22044604925031E-16,2.77555756156289E-15));
#8973=DIRECTION('',(-1.,-2.22044604925031E-16,0.));
#8974=DIRECTION('center_axis',(2.22044604925031E-16,-1.,0.));
#8975=DIRECTION('ref_axis',(-9.91270557701033E-17,-2.20106279358541E-32,
1.));
#8976=DIRECTION('center_axis',(-2.22044604925031E-16,1.,0.));
#8977=DIRECTION('ref_axis',(-1.,-2.22044604925031E-16,0.));
#8978=DIRECTION('',(-2.22044604925031E-16,1.,0.));
#8979=DIRECTION('center_axis',(2.22044604925031E-16,-1.,0.));
#8980=DIRECTION('ref_axis',(0.,0.,1.));
#8981=DIRECTION('center_axis',(2.22044604925031E-16,-1.,0.));
#8982=DIRECTION('ref_axis',(1.,2.22044604925031E-16,6.12323399573677E-17));
#8983=DIRECTION('',(6.12323399573677E-17,1.35963107344689E-32,-1.));
#8984=DIRECTION('',(-1.,-2.22044604925031E-16,-6.12323399573677E-17));
#8985=DIRECTION('',(-6.12323399573677E-17,-1.35963107344689E-32,1.));
#8986=DIRECTION('center_axis',(-2.22044604925031E-16,1.,0.));
#8987=DIRECTION('ref_axis',(-1.,-2.22044604925031E-16,-6.12323399573677E-17));
#8988=DIRECTION('',(6.12323399573677E-17,1.35963107344689E-32,-1.));
#8989=DIRECTION('',(1.,2.22044604925031E-16,6.12323399573677E-17));
#8990=DIRECTION('center_axis',(-2.22044604925031E-16,1.,0.));
#8991=DIRECTION('ref_axis',(-1.,-2.22044604925031E-16,0.));
#8992=DIRECTION('',(2.22044604925031E-16,-1.,0.));
#8993=DIRECTION('center_axis',(-2.22044604925031E-16,1.,0.));
#8994=DIRECTION('ref_axis',(-1.,-2.22044604925031E-16,0.));
#8995=DIRECTION('center_axis',(2.22044604925031E-16,-1.,0.));
#8996=DIRECTION('ref_axis',(0.,0.,1.));
#8997=DIRECTION('',(1.,2.22044604925031E-16,0.));
#8998=DIRECTION('',(0.,0.,1.));
#8999=DIRECTION('center_axis',(-2.22044604925031E-16,1.,0.));
#9000=DIRECTION('ref_axis',(0.,0.,-1.));
#9001=DIRECTION('',(0.,0.,-1.));
#9002=DIRECTION('center_axis',(6.12323399573677E-17,1.35963107344689E-32,
-1.));
#9003=DIRECTION('ref_axis',(-1.,-2.22044604925031E-16,-6.12323399573677E-17));
#9004=DIRECTION('',(2.22044604925031E-16,-1.,0.));
#9005=DIRECTION('center_axis',(1.,2.22044604925031E-16,6.12323399573677E-17));
#9006=DIRECTION('ref_axis',(-2.22044604925031E-16,1.,0.));
#9007=DIRECTION('center_axis',(2.22044604925031E-16,-1.,0.));
#9008=DIRECTION('ref_axis',(0.,0.,1.));
#9009=DIRECTION('center_axis',(0.,0.,-1.));
#9010=DIRECTION('ref_axis',(2.22044604925031E-16,-1.,0.));
#9011=DIRECTION('',(2.22044604925031E-16,-1.,0.));
#9012=DIRECTION('center_axis',(-2.22044604925031E-16,1.,0.));
#9013=DIRECTION('ref_axis',(0.,0.,-1.));
#9014=DIRECTION('',(0.,0.,-1.));
#9015=DIRECTION('center_axis',(-1.,-2.22044604925031E-16,0.));
#9016=DIRECTION('ref_axis',(0.,0.,1.));
#9017=DIRECTION('axis',(0.,0.,1.));
#9018=DIRECTION('refdir',(1.,0.,0.));
#9019=DIRECTION('center_axis',(1.57009245868378E-16,-0.707106781186548,
-0.707106781186547));
#9020=DIRECTION('ref_axis',(1.57009245868377E-16,-0.707106781186547,0.707106781186548));
#9021=DIRECTION('',(-1.57009245868377E-16,0.707106781186547,-0.707106781186548));
#9022=DIRECTION('',(-1.,-2.22044604925031E-16,0.));
#9023=DIRECTION('',(1.57009245868377E-16,-0.707106781186547,0.707106781186548));
#9024=DIRECTION('',(1.,2.22044604925031E-16,0.));
#9025=DIRECTION('center_axis',(0.,0.,-1.));
#9026=DIRECTION('ref_axis',(2.22044604925031E-16,-1.,0.));
#9027=DIRECTION('',(2.22044604925031E-16,-1.,0.));
#9028=DIRECTION('',(-1.,-2.22044604925031E-16,0.));
#9029=DIRECTION('',(-2.22044604925031E-16,1.,0.));
#9030=DIRECTION('center_axis',(-1.,-2.22044604925031E-16,0.));
#9031=DIRECTION('ref_axis',(0.,0.,1.));
#9032=DIRECTION('',(0.,0.,-1.));
#9033=DIRECTION('',(1.57009245868377E-16,-0.707106781186547,0.707106781186548));
#9034=DIRECTION('',(-2.22044604925031E-16,1.,0.));
#9035=DIRECTION('',(1.57009245868377E-16,-0.707106781186547,-0.707106781186548));
#9036=DIRECTION('',(0.,0.,1.));
#9037=DIRECTION('',(-2.22044604925031E-16,1.,0.));
#9038=DIRECTION('',(1.57009245868377E-16,-0.707106781186548,-0.707106781186548));
#9039=DIRECTION('',(0.,0.,1.));
#9040=DIRECTION('',(-2.22044604925031E-16,1.,0.));
#9041=DIRECTION('',(0.,0.,-1.));
#9042=DIRECTION('center_axis',(-1.57009245868377E-16,0.707106781186548,
-0.707106781186548));
#9043=DIRECTION('ref_axis',(1.57009245868377E-16,-0.707106781186548,-0.707106781186548));
#9044=DIRECTION('',(-1.57009245868377E-16,0.707106781186548,0.707106781186548));
#9045=DIRECTION('',(-1.,-2.22044604925031E-16,0.));
#9046=DIRECTION('',(1.,2.22044604925031E-16,0.));
#9047=DIRECTION('center_axis',(-2.22044604925031E-16,1.,0.));
#9048=DIRECTION('ref_axis',(0.,0.,-1.));
#9049=DIRECTION('',(0.,0.,-1.));
#9050=DIRECTION('',(1.,2.22044604925031E-16,0.));
#9051=DIRECTION('center_axis',(-1.57009245868378E-16,0.707106781186548,
-0.707106781186547));
#9052=DIRECTION('ref_axis',(1.57009245868377E-16,-0.707106781186547,-0.707106781186548));
#9053=DIRECTION('',(-1.57009245868377E-16,0.707106781186547,0.707106781186548));
#9054=DIRECTION('',(-1.,-2.22044604925031E-16,0.));
#9055=DIRECTION('',(1.,2.22044604925031E-16,0.));
#9056=DIRECTION('center_axis',(0.,0.,-1.));
#9057=DIRECTION('ref_axis',(2.22044604925031E-16,-1.,0.));
#9058=DIRECTION('',(-1.,-2.22044604925031E-16,0.));
#9059=DIRECTION('',(2.22044604925031E-16,-1.,0.));
#9060=DIRECTION('center_axis',(1.57009245868378E-16,-0.707106781186548,
-0.707106781186547));
#9061=DIRECTION('ref_axis',(1.57009245868377E-16,-0.707106781186547,0.707106781186548));
#9062=DIRECTION('',(-1.57009245868377E-16,0.707106781186547,-0.707106781186548));
#9063=DIRECTION('',(1.,2.22044604925031E-16,0.));
#9064=DIRECTION('center_axis',(6.12323399573677E-17,1.35963107344689E-32,
1.));
#9065=DIRECTION('ref_axis',(1.,2.22044604925031E-16,-6.12323399573677E-17));
#9066=DIRECTION('',(2.22044604925031E-16,-1.,0.));
#9067=DIRECTION('',(-1.,-2.22044604925031E-16,6.12323399573677E-17));
#9068=DIRECTION('',(-2.22044604925031E-16,1.,0.));
#9069=DIRECTION('',(1.,2.22044604925031E-16,-6.12323399573677E-17));
#9070=DIRECTION('center_axis',(2.22044604925031E-16,-1.,0.));
#9071=DIRECTION('ref_axis',(0.,0.,1.));
#9072=DIRECTION('',(-6.12323399573677E-17,-1.35963107344689E-32,-1.));
#9073=DIRECTION('center_axis',(-2.22044604925031E-16,1.,0.));
#9074=DIRECTION('ref_axis',(-9.91270557701033E-17,-2.20106279358541E-32,
-1.));
#9075=DIRECTION('',(-1.,-2.22044604925031E-16,0.));
#9076=DIRECTION('center_axis',(2.22044604925031E-16,-1.,0.));
#9077=DIRECTION('ref_axis',(-1.,-2.22044604925031E-16,-2.77555756156289E-15));
#9078=DIRECTION('center_axis',(2.22044604925031E-16,-1.,0.));
#9079=DIRECTION('ref_axis',(-1.,-2.22044604925031E-16,0.));
#9080=DIRECTION('',(-2.22044604925031E-16,1.,0.));
#9081=DIRECTION('center_axis',(-2.22044604925031E-16,1.,0.));
#9082=DIRECTION('ref_axis',(0.,0.,-1.));
#9083=DIRECTION('center_axis',(-2.22044604925031E-16,1.,0.));
#9084=DIRECTION('ref_axis',(1.,2.22044604925031E-16,-6.12323399573677E-17));
#9085=DIRECTION('',(6.12323399573677E-17,1.35963107344689E-32,1.));
#9086=DIRECTION('',(-6.12323399573677E-17,-1.35963107344689E-32,-1.));
#9087=DIRECTION('',(-1.,-2.22044604925031E-16,6.12323399573677E-17));
#9088=DIRECTION('center_axis',(2.22044604925031E-16,-1.,0.));
#9089=DIRECTION('ref_axis',(-1.,-2.22044604925031E-16,6.12323399573677E-17));
#9090=DIRECTION('',(1.,2.22044604925031E-16,-6.12323399573677E-17));
#9091=DIRECTION('',(6.12323399573677E-17,1.35963107344689E-32,1.));
#9092=DIRECTION('center_axis',(2.22044604925031E-16,-1.,0.));
#9093=DIRECTION('ref_axis',(-1.,-2.22044604925031E-16,0.));
#9094=DIRECTION('center_axis',(2.22044604925031E-16,-1.,0.));
#9095=DIRECTION('ref_axis',(-1.,-2.22044604925031E-16,0.));
#9096=DIRECTION('',(2.22044604925031E-16,-1.,0.));
#9097=DIRECTION('center_axis',(-2.22044604925031E-16,1.,0.));
#9098=DIRECTION('ref_axis',(0.,0.,-1.));
#9099=DIRECTION('',(0.,0.,-1.));
#9100=DIRECTION('',(1.,2.22044604925031E-16,0.));
#9101=DIRECTION('center_axis',(2.22044604925031E-16,-1.,0.));
#9102=DIRECTION('ref_axis',(0.,0.,1.));
#9103=DIRECTION('',(0.,0.,1.));
#9104=DIRECTION('center_axis',(-6.12323399573677E-17,-1.35963107344689E-32,
-1.));
#9105=DIRECTION('ref_axis',(-1.,-2.22044604925031E-16,6.12323399573677E-17));
#9106=DIRECTION('',(2.22044604925031E-16,-1.,0.));
#9107=DIRECTION('center_axis',(-1.,-2.22044604925031E-16,6.12323399573677E-17));
#9108=DIRECTION('ref_axis',(-2.22044604925031E-16,1.,0.));
#9109=DIRECTION('center_axis',(-2.22044604925031E-16,1.,0.));
#9110=DIRECTION('ref_axis',(0.,0.,-1.));
#9111=DIRECTION('center_axis',(0.,0.,-1.));
#9112=DIRECTION('ref_axis',(2.22044604925031E-16,-1.,0.));
#9113=DIRECTION('',(2.22044604925031E-16,-1.,0.));
#9114=DIRECTION('center_axis',(2.22044604925031E-16,-1.,0.));
#9115=DIRECTION('ref_axis',(0.,0.,1.));
#9116=DIRECTION('',(0.,0.,1.));
#9117=DIRECTION('center_axis',(1.,2.22044604925031E-16,0.));
#9118=DIRECTION('ref_axis',(0.,0.,-1.));
#9119=DIRECTION('center_axis',(1.57009245868378E-16,-0.707106781186548,
-0.707106781186547));
#9120=DIRECTION('ref_axis',(1.57009245868377E-16,-0.707106781186547,0.707106781186548));
#9121=DIRECTION('',(-1.57009245868377E-16,0.707106781186547,-0.707106781186548));
#9122=DIRECTION('',(-1.,-2.22044604925031E-16,0.));
#9123=DIRECTION('',(1.57009245868377E-16,-0.707106781186547,0.707106781186548));
#9124=DIRECTION('',(1.,2.22044604925031E-16,0.));
#9125=DIRECTION('center_axis',(0.,0.,-1.));
#9126=DIRECTION('ref_axis',(2.22044604925031E-16,-1.,0.));
#9127=DIRECTION('',(2.22044604925031E-16,-1.,0.));
#9128=DIRECTION('',(-1.,-2.22044604925031E-16,0.));
#9129=DIRECTION('',(-2.22044604925031E-16,1.,0.));
#9130=DIRECTION('center_axis',(-1.,-2.22044604925031E-16,0.));
#9131=DIRECTION('ref_axis',(0.,0.,1.));
#9132=DIRECTION('',(0.,0.,-1.));
#9133=DIRECTION('',(1.57009245868377E-16,-0.707106781186547,0.707106781186548));
#9134=DIRECTION('',(-2.22044604925031E-16,1.,0.));
#9135=DIRECTION('',(1.57009245868377E-16,-0.707106781186547,-0.707106781186548));
#9136=DIRECTION('',(0.,0.,1.));
#9137=DIRECTION('',(-2.22044604925031E-16,1.,0.));
#9138=DIRECTION('',(1.57009245868377E-16,-0.707106781186548,-0.707106781186548));
#9139=DIRECTION('',(0.,0.,1.));
#9140=DIRECTION('',(-2.22044604925031E-16,1.,0.));
#9141=DIRECTION('',(0.,0.,-1.));
#9142=DIRECTION('center_axis',(-1.57009245868377E-16,0.707106781186548,
-0.707106781186548));
#9143=DIRECTION('ref_axis',(1.57009245868377E-16,-0.707106781186548,-0.707106781186548));
#9144=DIRECTION('',(-1.57009245868377E-16,0.707106781186548,0.707106781186548));
#9145=DIRECTION('',(-1.,-2.22044604925031E-16,0.));
#9146=DIRECTION('',(1.,2.22044604925031E-16,0.));
#9147=DIRECTION('center_axis',(-2.22044604925031E-16,1.,0.));
#9148=DIRECTION('ref_axis',(0.,0.,-1.));
#9149=DIRECTION('',(0.,0.,-1.));
#9150=DIRECTION('',(1.,2.22044604925031E-16,0.));
#9151=DIRECTION('center_axis',(-1.57009245868378E-16,0.707106781186548,
-0.707106781186547));
#9152=DIRECTION('ref_axis',(1.57009245868377E-16,-0.707106781186547,-0.707106781186548));
#9153=DIRECTION('',(-1.57009245868377E-16,0.707106781186547,0.707106781186548));
#9154=DIRECTION('',(-1.,-2.22044604925031E-16,0.));
#9155=DIRECTION('',(1.,2.22044604925031E-16,0.));
#9156=DIRECTION('center_axis',(0.,0.,-1.));
#9157=DIRECTION('ref_axis',(2.22044604925031E-16,-1.,0.));
#9158=DIRECTION('',(-1.,-2.22044604925031E-16,0.));
#9159=DIRECTION('',(2.22044604925031E-16,-1.,0.));
#9160=DIRECTION('center_axis',(1.57009245868378E-16,-0.707106781186548,
-0.707106781186547));
#9161=DIRECTION('ref_axis',(1.57009245868377E-16,-0.707106781186547,0.707106781186548));
#9162=DIRECTION('',(-1.57009245868377E-16,0.707106781186547,-0.707106781186548));
#9163=DIRECTION('',(1.,2.22044604925031E-16,0.));
#9164=DIRECTION('center_axis',(6.12323399573677E-17,1.35963107344689E-32,
1.));
#9165=DIRECTION('ref_axis',(1.,2.22044604925031E-16,-6.12323399573677E-17));
#9166=DIRECTION('',(2.22044604925031E-16,-1.,0.));
#9167=DIRECTION('',(-1.,-2.22044604925031E-16,6.12323399573677E-17));
#9168=DIRECTION('',(-2.22044604925031E-16,1.,0.));
#9169=DIRECTION('',(1.,2.22044604925031E-16,-6.12323399573677E-17));
#9170=DIRECTION('center_axis',(2.22044604925031E-16,-1.,0.));
#9171=DIRECTION('ref_axis',(0.,0.,1.));
#9172=DIRECTION('',(-6.12323399573677E-17,-1.35963107344689E-32,-1.));
#9173=DIRECTION('center_axis',(-2.22044604925031E-16,1.,0.));
#9174=DIRECTION('ref_axis',(-9.91270557701033E-17,-2.20106279358541E-32,
-1.));
#9175=DIRECTION('',(-1.,-2.22044604925031E-16,0.));
#9176=DIRECTION('center_axis',(2.22044604925031E-16,-1.,0.));
#9177=DIRECTION('ref_axis',(-1.,-2.22044604925031E-16,-2.77555756156289E-15));
#9178=DIRECTION('center_axis',(2.22044604925031E-16,-1.,0.));
#9179=DIRECTION('ref_axis',(-1.,-2.22044604925031E-16,0.));
#9180=DIRECTION('',(-2.22044604925031E-16,1.,0.));
#9181=DIRECTION('center_axis',(-2.22044604925031E-16,1.,0.));
#9182=DIRECTION('ref_axis',(0.,0.,-1.));
#9183=DIRECTION('center_axis',(-2.22044604925031E-16,1.,0.));
#9184=DIRECTION('ref_axis',(1.,2.22044604925031E-16,-6.12323399573677E-17));
#9185=DIRECTION('',(6.12323399573677E-17,1.35963107344689E-32,1.));
#9186=DIRECTION('',(-6.12323399573677E-17,-1.35963107344689E-32,-1.));
#9187=DIRECTION('',(-1.,-2.22044604925031E-16,6.12323399573677E-17));
#9188=DIRECTION('center_axis',(2.22044604925031E-16,-1.,0.));
#9189=DIRECTION('ref_axis',(-1.,-2.22044604925031E-16,6.12323399573677E-17));
#9190=DIRECTION('',(1.,2.22044604925031E-16,-6.12323399573677E-17));
#9191=DIRECTION('',(6.12323399573677E-17,1.35963107344689E-32,1.));
#9192=DIRECTION('center_axis',(2.22044604925031E-16,-1.,0.));
#9193=DIRECTION('ref_axis',(-1.,-2.22044604925031E-16,0.));
#9194=DIRECTION('center_axis',(2.22044604925031E-16,-1.,0.));
#9195=DIRECTION('ref_axis',(-1.,-2.22044604925031E-16,0.));
#9196=DIRECTION('',(2.22044604925031E-16,-1.,0.));
#9197=DIRECTION('center_axis',(-2.22044604925031E-16,1.,0.));
#9198=DIRECTION('ref_axis',(0.,0.,-1.));
#9199=DIRECTION('',(0.,0.,-1.));
#9200=DIRECTION('',(1.,2.22044604925031E-16,0.));
#9201=DIRECTION('center_axis',(2.22044604925031E-16,-1.,0.));
#9202=DIRECTION('ref_axis',(0.,0.,1.));
#9203=DIRECTION('',(0.,0.,1.));
#9204=DIRECTION('center_axis',(-6.12323399573677E-17,-1.35963107344689E-32,
-1.));
#9205=DIRECTION('ref_axis',(-1.,-2.22044604925031E-16,6.12323399573677E-17));
#9206=DIRECTION('',(2.22044604925031E-16,-1.,0.));
#9207=DIRECTION('center_axis',(-1.,-2.22044604925031E-16,6.12323399573677E-17));
#9208=DIRECTION('ref_axis',(-2.22044604925031E-16,1.,0.));
#9209=DIRECTION('center_axis',(-2.22044604925031E-16,1.,0.));
#9210=DIRECTION('ref_axis',(0.,0.,-1.));
#9211=DIRECTION('center_axis',(0.,0.,-1.));
#9212=DIRECTION('ref_axis',(2.22044604925031E-16,-1.,0.));
#9213=DIRECTION('',(2.22044604925031E-16,-1.,0.));
#9214=DIRECTION('center_axis',(2.22044604925031E-16,-1.,0.));
#9215=DIRECTION('ref_axis',(0.,0.,1.));
#9216=DIRECTION('',(0.,0.,1.));
#9217=DIRECTION('center_axis',(1.,2.22044604925031E-16,0.));
#9218=DIRECTION('ref_axis',(0.,0.,-1.));
#9219=DIRECTION('center_axis',(1.57009245868378E-16,-0.707106781186548,
-0.707106781186547));
#9220=DIRECTION('ref_axis',(1.57009245868377E-16,-0.707106781186547,0.707106781186548));
#9221=DIRECTION('',(-1.57009245868377E-16,0.707106781186547,-0.707106781186548));
#9222=DIRECTION('',(-1.,-2.22044604925031E-16,0.));
#9223=DIRECTION('',(1.57009245868377E-16,-0.707106781186547,0.707106781186548));
#9224=DIRECTION('',(1.,2.22044604925031E-16,0.));
#9225=DIRECTION('center_axis',(0.,0.,-1.));
#9226=DIRECTION('ref_axis',(2.22044604925031E-16,-1.,0.));
#9227=DIRECTION('',(2.22044604925031E-16,-1.,0.));
#9228=DIRECTION('',(-1.,-2.22044604925031E-16,0.));
#9229=DIRECTION('',(-2.22044604925031E-16,1.,0.));
#9230=DIRECTION('center_axis',(-1.,-2.22044604925031E-16,0.));
#9231=DIRECTION('ref_axis',(0.,0.,1.));
#9232=DIRECTION('',(0.,0.,-1.));
#9233=DIRECTION('',(1.57009245868377E-16,-0.707106781186547,0.707106781186548));
#9234=DIRECTION('',(-2.22044604925031E-16,1.,0.));
#9235=DIRECTION('',(1.57009245868377E-16,-0.707106781186547,-0.707106781186548));
#9236=DIRECTION('',(0.,0.,1.));
#9237=DIRECTION('',(-2.22044604925031E-16,1.,0.));
#9238=DIRECTION('',(1.57009245868377E-16,-0.707106781186548,-0.707106781186548));
#9239=DIRECTION('',(0.,0.,1.));
#9240=DIRECTION('',(-2.22044604925031E-16,1.,0.));
#9241=DIRECTION('',(0.,0.,-1.));
#9242=DIRECTION('center_axis',(-1.57009245868377E-16,0.707106781186548,
-0.707106781186548));
#9243=DIRECTION('ref_axis',(1.57009245868377E-16,-0.707106781186548,-0.707106781186548));
#9244=DIRECTION('',(-1.57009245868377E-16,0.707106781186548,0.707106781186548));
#9245=DIRECTION('',(-1.,-2.22044604925031E-16,0.));
#9246=DIRECTION('',(1.,2.22044604925031E-16,0.));
#9247=DIRECTION('center_axis',(-2.22044604925031E-16,1.,0.));
#9248=DIRECTION('ref_axis',(0.,0.,-1.));
#9249=DIRECTION('',(0.,0.,-1.));
#9250=DIRECTION('',(1.,2.22044604925031E-16,0.));
#9251=DIRECTION('center_axis',(-1.57009245868378E-16,0.707106781186548,
-0.707106781186547));
#9252=DIRECTION('ref_axis',(1.57009245868377E-16,-0.707106781186547,-0.707106781186548));
#9253=DIRECTION('',(-1.57009245868377E-16,0.707106781186547,0.707106781186548));
#9254=DIRECTION('',(-1.,-2.22044604925031E-16,0.));
#9255=DIRECTION('',(1.,2.22044604925031E-16,0.));
#9256=DIRECTION('center_axis',(0.,0.,-1.));
#9257=DIRECTION('ref_axis',(2.22044604925031E-16,-1.,0.));
#9258=DIRECTION('',(-1.,-2.22044604925031E-16,0.));
#9259=DIRECTION('',(2.22044604925031E-16,-1.,0.));
#9260=DIRECTION('center_axis',(1.57009245868378E-16,-0.707106781186548,
-0.707106781186547));
#9261=DIRECTION('ref_axis',(1.57009245868377E-16,-0.707106781186547,0.707106781186548));
#9262=DIRECTION('',(-1.57009245868377E-16,0.707106781186547,-0.707106781186548));
#9263=DIRECTION('',(1.,2.22044604925031E-16,0.));
#9264=DIRECTION('center_axis',(6.12323399573677E-17,1.35963107344689E-32,
1.));
#9265=DIRECTION('ref_axis',(1.,2.22044604925031E-16,-6.12323399573677E-17));
#9266=DIRECTION('',(2.22044604925031E-16,-1.,0.));
#9267=DIRECTION('',(-1.,-2.22044604925031E-16,6.12323399573677E-17));
#9268=DIRECTION('',(-2.22044604925031E-16,1.,0.));
#9269=DIRECTION('',(1.,2.22044604925031E-16,-6.12323399573677E-17));
#9270=DIRECTION('center_axis',(2.22044604925031E-16,-1.,0.));
#9271=DIRECTION('ref_axis',(0.,0.,1.));
#9272=DIRECTION('',(-6.12323399573677E-17,-1.35963107344689E-32,-1.));
#9273=DIRECTION('center_axis',(-2.22044604925031E-16,1.,0.));
#9274=DIRECTION('ref_axis',(-9.91270557701033E-17,-2.20106279358541E-32,
-1.));
#9275=DIRECTION('',(-1.,-2.22044604925031E-16,0.));
#9276=DIRECTION('center_axis',(2.22044604925031E-16,-1.,0.));
#9277=DIRECTION('ref_axis',(-1.,-2.22044604925031E-16,-2.77555756156289E-15));
#9278=DIRECTION('center_axis',(2.22044604925031E-16,-1.,0.));
#9279=DIRECTION('ref_axis',(-1.,-2.22044604925031E-16,0.));
#9280=DIRECTION('',(-2.22044604925031E-16,1.,0.));
#9281=DIRECTION('center_axis',(-2.22044604925031E-16,1.,0.));
#9282=DIRECTION('ref_axis',(0.,0.,-1.));
#9283=DIRECTION('center_axis',(-2.22044604925031E-16,1.,0.));
#9284=DIRECTION('ref_axis',(1.,2.22044604925031E-16,-6.12323399573677E-17));
#9285=DIRECTION('',(6.12323399573677E-17,1.35963107344689E-32,1.));
#9286=DIRECTION('',(-6.12323399573677E-17,-1.35963107344689E-32,-1.));
#9287=DIRECTION('',(-1.,-2.22044604925031E-16,6.12323399573677E-17));
#9288=DIRECTION('center_axis',(2.22044604925031E-16,-1.,0.));
#9289=DIRECTION('ref_axis',(-1.,-2.22044604925031E-16,6.12323399573677E-17));
#9290=DIRECTION('',(1.,2.22044604925031E-16,-6.12323399573677E-17));
#9291=DIRECTION('',(6.12323399573677E-17,1.35963107344689E-32,1.));
#9292=DIRECTION('center_axis',(2.22044604925031E-16,-1.,0.));
#9293=DIRECTION('ref_axis',(-1.,-2.22044604925031E-16,0.));
#9294=DIRECTION('center_axis',(2.22044604925031E-16,-1.,0.));
#9295=DIRECTION('ref_axis',(-1.,-2.22044604925031E-16,0.));
#9296=DIRECTION('',(2.22044604925031E-16,-1.,0.));
#9297=DIRECTION('center_axis',(-2.22044604925031E-16,1.,0.));
#9298=DIRECTION('ref_axis',(0.,0.,-1.));
#9299=DIRECTION('',(0.,0.,-1.));
#9300=DIRECTION('',(1.,2.22044604925031E-16,0.));
#9301=DIRECTION('center_axis',(2.22044604925031E-16,-1.,0.));
#9302=DIRECTION('ref_axis',(0.,0.,1.));
#9303=DIRECTION('',(0.,0.,1.));
#9304=DIRECTION('center_axis',(-6.12323399573677E-17,-1.35963107344689E-32,
-1.));
#9305=DIRECTION('ref_axis',(-1.,-2.22044604925031E-16,6.12323399573677E-17));
#9306=DIRECTION('',(2.22044604925031E-16,-1.,0.));
#9307=DIRECTION('center_axis',(-1.,-2.22044604925031E-16,6.12323399573677E-17));
#9308=DIRECTION('ref_axis',(-2.22044604925031E-16,1.,0.));
#9309=DIRECTION('center_axis',(-2.22044604925031E-16,1.,0.));
#9310=DIRECTION('ref_axis',(0.,0.,-1.));
#9311=DIRECTION('center_axis',(0.,0.,-1.));
#9312=DIRECTION('ref_axis',(2.22044604925031E-16,-1.,0.));
#9313=DIRECTION('',(2.22044604925031E-16,-1.,0.));
#9314=DIRECTION('center_axis',(2.22044604925031E-16,-1.,0.));
#9315=DIRECTION('ref_axis',(0.,0.,1.));
#9316=DIRECTION('',(0.,0.,1.));
#9317=DIRECTION('center_axis',(1.,2.22044604925031E-16,0.));
#9318=DIRECTION('ref_axis',(0.,0.,-1.));
#9319=DIRECTION('center_axis',(1.57009245868378E-16,-0.707106781186548,
-0.707106781186547));
#9320=DIRECTION('ref_axis',(1.57009245868377E-16,-0.707106781186547,0.707106781186548));
#9321=DIRECTION('',(-1.57009245868377E-16,0.707106781186547,-0.707106781186548));
#9322=DIRECTION('',(-1.,-2.22044604925031E-16,0.));
#9323=DIRECTION('',(1.57009245868377E-16,-0.707106781186547,0.707106781186548));
#9324=DIRECTION('',(1.,2.22044604925031E-16,0.));
#9325=DIRECTION('center_axis',(0.,0.,-1.));
#9326=DIRECTION('ref_axis',(2.22044604925031E-16,-1.,0.));
#9327=DIRECTION('',(2.22044604925031E-16,-1.,0.));
#9328=DIRECTION('',(-1.,-2.22044604925031E-16,0.));
#9329=DIRECTION('',(-2.22044604925031E-16,1.,0.));
#9330=DIRECTION('center_axis',(-1.,-2.22044604925031E-16,0.));
#9331=DIRECTION('ref_axis',(0.,0.,1.));
#9332=DIRECTION('',(0.,0.,-1.));
#9333=DIRECTION('',(1.57009245868377E-16,-0.707106781186547,0.707106781186548));
#9334=DIRECTION('',(-2.22044604925031E-16,1.,0.));
#9335=DIRECTION('',(1.57009245868377E-16,-0.707106781186547,-0.707106781186548));
#9336=DIRECTION('',(0.,0.,1.));
#9337=DIRECTION('',(-2.22044604925031E-16,1.,0.));
#9338=DIRECTION('',(1.57009245868377E-16,-0.707106781186548,-0.707106781186548));
#9339=DIRECTION('',(0.,0.,1.));
#9340=DIRECTION('',(-2.22044604925031E-16,1.,0.));
#9341=DIRECTION('',(0.,0.,-1.));
#9342=DIRECTION('center_axis',(-1.57009245868377E-16,0.707106781186548,
-0.707106781186548));
#9343=DIRECTION('ref_axis',(1.57009245868377E-16,-0.707106781186548,-0.707106781186548));
#9344=DIRECTION('',(-1.57009245868377E-16,0.707106781186548,0.707106781186548));
#9345=DIRECTION('',(-1.,-2.22044604925031E-16,0.));
#9346=DIRECTION('',(1.,2.22044604925031E-16,0.));
#9347=DIRECTION('center_axis',(-2.22044604925031E-16,1.,0.));
#9348=DIRECTION('ref_axis',(0.,0.,-1.));
#9349=DIRECTION('',(0.,0.,-1.));
#9350=DIRECTION('',(1.,2.22044604925031E-16,0.));
#9351=DIRECTION('center_axis',(-1.57009245868378E-16,0.707106781186548,
-0.707106781186547));
#9352=DIRECTION('ref_axis',(1.57009245868377E-16,-0.707106781186547,-0.707106781186548));
#9353=DIRECTION('',(-1.57009245868377E-16,0.707106781186547,0.707106781186548));
#9354=DIRECTION('',(-1.,-2.22044604925031E-16,0.));
#9355=DIRECTION('',(1.,2.22044604925031E-16,0.));
#9356=DIRECTION('center_axis',(0.,0.,-1.));
#9357=DIRECTION('ref_axis',(2.22044604925031E-16,-1.,0.));
#9358=DIRECTION('',(-1.,-2.22044604925031E-16,0.));
#9359=DIRECTION('',(2.22044604925031E-16,-1.,0.));
#9360=DIRECTION('center_axis',(1.57009245868378E-16,-0.707106781186548,
-0.707106781186547));
#9361=DIRECTION('ref_axis',(1.57009245868377E-16,-0.707106781186547,0.707106781186548));
#9362=DIRECTION('',(-1.57009245868377E-16,0.707106781186547,-0.707106781186548));
#9363=DIRECTION('',(1.,2.22044604925031E-16,0.));
#9364=DIRECTION('center_axis',(6.12323399573677E-17,1.35963107344689E-32,
1.));
#9365=DIRECTION('ref_axis',(1.,2.22044604925031E-16,-6.12323399573677E-17));
#9366=DIRECTION('',(2.22044604925031E-16,-1.,0.));
#9367=DIRECTION('',(-1.,-2.22044604925031E-16,6.12323399573677E-17));
#9368=DIRECTION('',(-2.22044604925031E-16,1.,0.));
#9369=DIRECTION('',(1.,2.22044604925031E-16,-6.12323399573677E-17));
#9370=DIRECTION('center_axis',(2.22044604925031E-16,-1.,0.));
#9371=DIRECTION('ref_axis',(0.,0.,1.));
#9372=DIRECTION('',(-6.12323399573677E-17,-1.35963107344689E-32,-1.));
#9373=DIRECTION('center_axis',(-2.22044604925031E-16,1.,0.));
#9374=DIRECTION('ref_axis',(-9.91270557701033E-17,-2.20106279358541E-32,
-1.));
#9375=DIRECTION('',(-1.,-2.22044604925031E-16,0.));
#9376=DIRECTION('center_axis',(2.22044604925031E-16,-1.,0.));
#9377=DIRECTION('ref_axis',(-1.,-2.22044604925031E-16,-2.77555756156289E-15));
#9378=DIRECTION('center_axis',(2.22044604925031E-16,-1.,0.));
#9379=DIRECTION('ref_axis',(-1.,-2.22044604925031E-16,0.));
#9380=DIRECTION('',(-2.22044604925031E-16,1.,0.));
#9381=DIRECTION('center_axis',(-2.22044604925031E-16,1.,0.));
#9382=DIRECTION('ref_axis',(0.,0.,-1.));
#9383=DIRECTION('center_axis',(-2.22044604925031E-16,1.,0.));
#9384=DIRECTION('ref_axis',(1.,2.22044604925031E-16,-6.12323399573677E-17));
#9385=DIRECTION('',(6.12323399573677E-17,1.35963107344689E-32,1.));
#9386=DIRECTION('',(-6.12323399573677E-17,-1.35963107344689E-32,-1.));
#9387=DIRECTION('',(-1.,-2.22044604925031E-16,6.12323399573677E-17));
#9388=DIRECTION('center_axis',(2.22044604925031E-16,-1.,0.));
#9389=DIRECTION('ref_axis',(-1.,-2.22044604925031E-16,6.12323399573677E-17));
#9390=DIRECTION('',(1.,2.22044604925031E-16,-6.12323399573677E-17));
#9391=DIRECTION('',(6.12323399573677E-17,1.35963107344689E-32,1.));
#9392=DIRECTION('center_axis',(2.22044604925031E-16,-1.,0.));
#9393=DIRECTION('ref_axis',(-1.,-2.22044604925031E-16,0.));
#9394=DIRECTION('center_axis',(2.22044604925031E-16,-1.,0.));
#9395=DIRECTION('ref_axis',(-1.,-2.22044604925031E-16,0.));
#9396=DIRECTION('',(2.22044604925031E-16,-1.,0.));
#9397=DIRECTION('center_axis',(-2.22044604925031E-16,1.,0.));
#9398=DIRECTION('ref_axis',(0.,0.,-1.));
#9399=DIRECTION('',(0.,0.,-1.));
#9400=DIRECTION('',(1.,2.22044604925031E-16,0.));
#9401=DIRECTION('center_axis',(2.22044604925031E-16,-1.,0.));
#9402=DIRECTION('ref_axis',(0.,0.,1.));
#9403=DIRECTION('',(0.,0.,1.));
#9404=DIRECTION('center_axis',(-6.12323399573677E-17,-1.35963107344689E-32,
-1.));
#9405=DIRECTION('ref_axis',(-1.,-2.22044604925031E-16,6.12323399573677E-17));
#9406=DIRECTION('',(2.22044604925031E-16,-1.,0.));
#9407=DIRECTION('center_axis',(-1.,-2.22044604925031E-16,6.12323399573677E-17));
#9408=DIRECTION('ref_axis',(-2.22044604925031E-16,1.,0.));
#9409=DIRECTION('center_axis',(-2.22044604925031E-16,1.,0.));
#9410=DIRECTION('ref_axis',(0.,0.,-1.));
#9411=DIRECTION('center_axis',(0.,0.,-1.));
#9412=DIRECTION('ref_axis',(2.22044604925031E-16,-1.,0.));
#9413=DIRECTION('',(2.22044604925031E-16,-1.,0.));
#9414=DIRECTION('center_axis',(2.22044604925031E-16,-1.,0.));
#9415=DIRECTION('ref_axis',(0.,0.,1.));
#9416=DIRECTION('',(0.,0.,1.));
#9417=DIRECTION('center_axis',(1.,2.22044604925031E-16,0.));
#9418=DIRECTION('ref_axis',(0.,0.,-1.));
#9419=DIRECTION('center_axis',(1.57009245868378E-16,-0.707106781186548,
-0.707106781186547));
#9420=DIRECTION('ref_axis',(1.57009245868377E-16,-0.707106781186547,0.707106781186548));
#9421=DIRECTION('',(-1.57009245868377E-16,0.707106781186547,-0.707106781186548));
#9422=DIRECTION('',(-1.,-2.22044604925031E-16,0.));
#9423=DIRECTION('',(1.57009245868377E-16,-0.707106781186547,0.707106781186548));
#9424=DIRECTION('',(1.,2.22044604925031E-16,0.));
#9425=DIRECTION('center_axis',(0.,0.,-1.));
#9426=DIRECTION('ref_axis',(2.22044604925031E-16,-1.,0.));
#9427=DIRECTION('',(2.22044604925031E-16,-1.,0.));
#9428=DIRECTION('',(-1.,-2.22044604925031E-16,0.));
#9429=DIRECTION('',(-2.22044604925031E-16,1.,0.));
#9430=DIRECTION('center_axis',(-1.,-2.22044604925031E-16,0.));
#9431=DIRECTION('ref_axis',(0.,0.,1.));
#9432=DIRECTION('',(0.,0.,-1.));
#9433=DIRECTION('',(1.57009245868377E-16,-0.707106781186547,0.707106781186548));
#9434=DIRECTION('',(-2.22044604925031E-16,1.,0.));
#9435=DIRECTION('',(1.57009245868377E-16,-0.707106781186547,-0.707106781186548));
#9436=DIRECTION('',(0.,0.,1.));
#9437=DIRECTION('',(-2.22044604925031E-16,1.,0.));
#9438=DIRECTION('',(1.57009245868377E-16,-0.707106781186548,-0.707106781186548));
#9439=DIRECTION('',(0.,0.,1.));
#9440=DIRECTION('',(-2.22044604925031E-16,1.,0.));
#9441=DIRECTION('',(0.,0.,-1.));
#9442=DIRECTION('center_axis',(-1.57009245868377E-16,0.707106781186548,
-0.707106781186548));
#9443=DIRECTION('ref_axis',(1.57009245868377E-16,-0.707106781186548,-0.707106781186548));
#9444=DIRECTION('',(-1.57009245868377E-16,0.707106781186548,0.707106781186548));
#9445=DIRECTION('',(-1.,-2.22044604925031E-16,0.));
#9446=DIRECTION('',(1.,2.22044604925031E-16,0.));
#9447=DIRECTION('center_axis',(-2.22044604925031E-16,1.,0.));
#9448=DIRECTION('ref_axis',(0.,0.,-1.));
#9449=DIRECTION('',(0.,0.,-1.));
#9450=DIRECTION('',(1.,2.22044604925031E-16,0.));
#9451=DIRECTION('center_axis',(-1.57009245868378E-16,0.707106781186548,
-0.707106781186547));
#9452=DIRECTION('ref_axis',(1.57009245868377E-16,-0.707106781186547,-0.707106781186548));
#9453=DIRECTION('',(-1.57009245868377E-16,0.707106781186547,0.707106781186548));
#9454=DIRECTION('',(-1.,-2.22044604925031E-16,0.));
#9455=DIRECTION('',(1.,2.22044604925031E-16,0.));
#9456=DIRECTION('center_axis',(0.,0.,-1.));
#9457=DIRECTION('ref_axis',(2.22044604925031E-16,-1.,0.));
#9458=DIRECTION('',(-1.,-2.22044604925031E-16,0.));
#9459=DIRECTION('',(2.22044604925031E-16,-1.,0.));
#9460=DIRECTION('center_axis',(1.57009245868378E-16,-0.707106781186548,
-0.707106781186547));
#9461=DIRECTION('ref_axis',(1.57009245868377E-16,-0.707106781186547,0.707106781186548));
#9462=DIRECTION('',(-1.57009245868377E-16,0.707106781186547,-0.707106781186548));
#9463=DIRECTION('',(1.,2.22044604925031E-16,0.));
#9464=DIRECTION('center_axis',(6.12323399573677E-17,1.35963107344689E-32,
1.));
#9465=DIRECTION('ref_axis',(1.,2.22044604925031E-16,-6.12323399573677E-17));
#9466=DIRECTION('',(2.22044604925031E-16,-1.,0.));
#9467=DIRECTION('',(-1.,-2.22044604925031E-16,6.12323399573677E-17));
#9468=DIRECTION('',(-2.22044604925031E-16,1.,0.));
#9469=DIRECTION('',(1.,2.22044604925031E-16,-6.12323399573677E-17));
#9470=DIRECTION('center_axis',(2.22044604925031E-16,-1.,0.));
#9471=DIRECTION('ref_axis',(0.,0.,1.));
#9472=DIRECTION('',(-6.12323399573677E-17,-1.35963107344689E-32,-1.));
#9473=DIRECTION('center_axis',(-2.22044604925031E-16,1.,0.));
#9474=DIRECTION('ref_axis',(-9.91270557701033E-17,-2.20106279358541E-32,
-1.));
#9475=DIRECTION('',(-1.,-2.22044604925031E-16,0.));
#9476=DIRECTION('center_axis',(2.22044604925031E-16,-1.,0.));
#9477=DIRECTION('ref_axis',(-1.,-2.22044604925031E-16,-2.77555756156289E-15));
#9478=DIRECTION('center_axis',(2.22044604925031E-16,-1.,0.));
#9479=DIRECTION('ref_axis',(-1.,-2.22044604925031E-16,0.));
#9480=DIRECTION('',(-2.22044604925031E-16,1.,0.));
#9481=DIRECTION('center_axis',(-2.22044604925031E-16,1.,0.));
#9482=DIRECTION('ref_axis',(0.,0.,-1.));
#9483=DIRECTION('center_axis',(-2.22044604925031E-16,1.,0.));
#9484=DIRECTION('ref_axis',(1.,2.22044604925031E-16,-6.12323399573677E-17));
#9485=DIRECTION('',(6.12323399573677E-17,1.35963107344689E-32,1.));
#9486=DIRECTION('',(-6.12323399573677E-17,-1.35963107344689E-32,-1.));
#9487=DIRECTION('',(-1.,-2.22044604925031E-16,6.12323399573677E-17));
#9488=DIRECTION('center_axis',(2.22044604925031E-16,-1.,0.));
#9489=DIRECTION('ref_axis',(-1.,-2.22044604925031E-16,6.12323399573677E-17));
#9490=DIRECTION('',(1.,2.22044604925031E-16,-6.12323399573677E-17));
#9491=DIRECTION('',(6.12323399573677E-17,1.35963107344689E-32,1.));
#9492=DIRECTION('center_axis',(2.22044604925031E-16,-1.,0.));
#9493=DIRECTION('ref_axis',(-1.,-2.22044604925031E-16,0.));
#9494=DIRECTION('center_axis',(2.22044604925031E-16,-1.,0.));
#9495=DIRECTION('ref_axis',(-1.,-2.22044604925031E-16,0.));
#9496=DIRECTION('',(2.22044604925031E-16,-1.,0.));
#9497=DIRECTION('center_axis',(-2.22044604925031E-16,1.,0.));
#9498=DIRECTION('ref_axis',(0.,0.,-1.));
#9499=DIRECTION('',(0.,0.,-1.));
#9500=DIRECTION('',(1.,2.22044604925031E-16,0.));
#9501=DIRECTION('center_axis',(2.22044604925031E-16,-1.,0.));
#9502=DIRECTION('ref_axis',(0.,0.,1.));
#9503=DIRECTION('',(0.,0.,1.));
#9504=DIRECTION('center_axis',(-6.12323399573677E-17,-1.35963107344689E-32,
-1.));
#9505=DIRECTION('ref_axis',(-1.,-2.22044604925031E-16,6.12323399573677E-17));
#9506=DIRECTION('',(2.22044604925031E-16,-1.,0.));
#9507=DIRECTION('center_axis',(-1.,-2.22044604925031E-16,6.12323399573677E-17));
#9508=DIRECTION('ref_axis',(-2.22044604925031E-16,1.,0.));
#9509=DIRECTION('center_axis',(-2.22044604925031E-16,1.,0.));
#9510=DIRECTION('ref_axis',(0.,0.,-1.));
#9511=DIRECTION('center_axis',(0.,0.,-1.));
#9512=DIRECTION('ref_axis',(2.22044604925031E-16,-1.,0.));
#9513=DIRECTION('',(2.22044604925031E-16,-1.,0.));
#9514=DIRECTION('center_axis',(2.22044604925031E-16,-1.,0.));
#9515=DIRECTION('ref_axis',(0.,0.,1.));
#9516=DIRECTION('',(0.,0.,1.));
#9517=DIRECTION('center_axis',(1.,2.22044604925031E-16,0.));
#9518=DIRECTION('ref_axis',(0.,0.,-1.));
#9519=DIRECTION('center_axis',(1.57009245868378E-16,-0.707106781186548,
-0.707106781186547));
#9520=DIRECTION('ref_axis',(1.57009245868377E-16,-0.707106781186547,0.707106781186548));
#9521=DIRECTION('',(-1.57009245868377E-16,0.707106781186547,-0.707106781186548));
#9522=DIRECTION('',(-1.,-2.22044604925031E-16,0.));
#9523=DIRECTION('',(1.57009245868377E-16,-0.707106781186547,0.707106781186548));
#9524=DIRECTION('',(1.,2.22044604925031E-16,0.));
#9525=DIRECTION('center_axis',(0.,0.,-1.));
#9526=DIRECTION('ref_axis',(2.22044604925031E-16,-1.,0.));
#9527=DIRECTION('',(2.22044604925031E-16,-1.,0.));
#9528=DIRECTION('',(-1.,-2.22044604925031E-16,0.));
#9529=DIRECTION('',(-2.22044604925031E-16,1.,0.));
#9530=DIRECTION('center_axis',(-1.,-2.22044604925031E-16,0.));
#9531=DIRECTION('ref_axis',(0.,0.,1.));
#9532=DIRECTION('',(0.,0.,-1.));
#9533=DIRECTION('',(1.57009245868377E-16,-0.707106781186547,0.707106781186548));
#9534=DIRECTION('',(-2.22044604925031E-16,1.,0.));
#9535=DIRECTION('',(1.57009245868377E-16,-0.707106781186547,-0.707106781186548));
#9536=DIRECTION('',(0.,0.,1.));
#9537=DIRECTION('',(-2.22044604925031E-16,1.,0.));
#9538=DIRECTION('',(1.57009245868377E-16,-0.707106781186548,-0.707106781186548));
#9539=DIRECTION('',(0.,0.,1.));
#9540=DIRECTION('',(-2.22044604925031E-16,1.,0.));
#9541=DIRECTION('',(0.,0.,-1.));
#9542=DIRECTION('center_axis',(-1.57009245868377E-16,0.707106781186548,
-0.707106781186548));
#9543=DIRECTION('ref_axis',(1.57009245868377E-16,-0.707106781186548,-0.707106781186548));
#9544=DIRECTION('',(-1.57009245868377E-16,0.707106781186548,0.707106781186548));
#9545=DIRECTION('',(-1.,-2.22044604925031E-16,0.));
#9546=DIRECTION('',(1.,2.22044604925031E-16,0.));
#9547=DIRECTION('center_axis',(-2.22044604925031E-16,1.,0.));
#9548=DIRECTION('ref_axis',(0.,0.,-1.));
#9549=DIRECTION('',(0.,0.,-1.));
#9550=DIRECTION('',(1.,2.22044604925031E-16,0.));
#9551=DIRECTION('center_axis',(-1.57009245868378E-16,0.707106781186548,
-0.707106781186547));
#9552=DIRECTION('ref_axis',(1.57009245868377E-16,-0.707106781186547,-0.707106781186548));
#9553=DIRECTION('',(-1.57009245868377E-16,0.707106781186547,0.707106781186548));
#9554=DIRECTION('',(-1.,-2.22044604925031E-16,0.));
#9555=DIRECTION('',(1.,2.22044604925031E-16,0.));
#9556=DIRECTION('center_axis',(0.,0.,-1.));
#9557=DIRECTION('ref_axis',(2.22044604925031E-16,-1.,0.));
#9558=DIRECTION('',(-1.,-2.22044604925031E-16,0.));
#9559=DIRECTION('',(2.22044604925031E-16,-1.,0.));
#9560=DIRECTION('center_axis',(1.57009245868378E-16,-0.707106781186548,
-0.707106781186547));
#9561=DIRECTION('ref_axis',(1.57009245868377E-16,-0.707106781186547,0.707106781186548));
#9562=DIRECTION('',(-1.57009245868377E-16,0.707106781186547,-0.707106781186548));
#9563=DIRECTION('',(1.,2.22044604925031E-16,0.));
#9564=DIRECTION('center_axis',(6.12323399573677E-17,1.35963107344689E-32,
1.));
#9565=DIRECTION('ref_axis',(1.,2.22044604925031E-16,-6.12323399573677E-17));
#9566=DIRECTION('',(2.22044604925031E-16,-1.,0.));
#9567=DIRECTION('',(-1.,-2.22044604925031E-16,6.12323399573677E-17));
#9568=DIRECTION('',(-2.22044604925031E-16,1.,0.));
#9569=DIRECTION('',(1.,2.22044604925031E-16,-6.12323399573677E-17));
#9570=DIRECTION('center_axis',(2.22044604925031E-16,-1.,0.));
#9571=DIRECTION('ref_axis',(0.,0.,1.));
#9572=DIRECTION('',(-6.12323399573677E-17,-1.35963107344689E-32,-1.));
#9573=DIRECTION('center_axis',(-2.22044604925031E-16,1.,0.));
#9574=DIRECTION('ref_axis',(-9.91270557701033E-17,-2.20106279358541E-32,
-1.));
#9575=DIRECTION('',(-1.,-2.22044604925031E-16,0.));
#9576=DIRECTION('center_axis',(2.22044604925031E-16,-1.,0.));
#9577=DIRECTION('ref_axis',(-1.,-2.22044604925031E-16,-2.77555756156289E-15));
#9578=DIRECTION('center_axis',(2.22044604925031E-16,-1.,0.));
#9579=DIRECTION('ref_axis',(-1.,-2.22044604925031E-16,0.));
#9580=DIRECTION('',(-2.22044604925031E-16,1.,0.));
#9581=DIRECTION('center_axis',(-2.22044604925031E-16,1.,0.));
#9582=DIRECTION('ref_axis',(0.,0.,-1.));
#9583=DIRECTION('center_axis',(-2.22044604925031E-16,1.,0.));
#9584=DIRECTION('ref_axis',(1.,2.22044604925031E-16,-6.12323399573677E-17));
#9585=DIRECTION('',(6.12323399573677E-17,1.35963107344689E-32,1.));
#9586=DIRECTION('',(-6.12323399573677E-17,-1.35963107344689E-32,-1.));
#9587=DIRECTION('',(-1.,-2.22044604925031E-16,6.12323399573677E-17));
#9588=DIRECTION('center_axis',(2.22044604925031E-16,-1.,0.));
#9589=DIRECTION('ref_axis',(-1.,-2.22044604925031E-16,6.12323399573677E-17));
#9590=DIRECTION('',(1.,2.22044604925031E-16,-6.12323399573677E-17));
#9591=DIRECTION('',(6.12323399573677E-17,1.35963107344689E-32,1.));
#9592=DIRECTION('center_axis',(2.22044604925031E-16,-1.,0.));
#9593=DIRECTION('ref_axis',(-1.,-2.22044604925031E-16,0.));
#9594=DIRECTION('center_axis',(2.22044604925031E-16,-1.,0.));
#9595=DIRECTION('ref_axis',(-1.,-2.22044604925031E-16,0.));
#9596=DIRECTION('',(2.22044604925031E-16,-1.,0.));
#9597=DIRECTION('center_axis',(-2.22044604925031E-16,1.,0.));
#9598=DIRECTION('ref_axis',(0.,0.,-1.));
#9599=DIRECTION('',(0.,0.,-1.));
#9600=DIRECTION('',(1.,2.22044604925031E-16,0.));
#9601=DIRECTION('center_axis',(2.22044604925031E-16,-1.,0.));
#9602=DIRECTION('ref_axis',(0.,0.,1.));
#9603=DIRECTION('',(0.,0.,1.));
#9604=DIRECTION('center_axis',(-6.12323399573677E-17,-1.35963107344689E-32,
-1.));
#9605=DIRECTION('ref_axis',(-1.,-2.22044604925031E-16,6.12323399573677E-17));
#9606=DIRECTION('',(2.22044604925031E-16,-1.,0.));
#9607=DIRECTION('center_axis',(-1.,-2.22044604925031E-16,6.12323399573677E-17));
#9608=DIRECTION('ref_axis',(-2.22044604925031E-16,1.,0.));
#9609=DIRECTION('center_axis',(-2.22044604925031E-16,1.,0.));
#9610=DIRECTION('ref_axis',(0.,0.,-1.));
#9611=DIRECTION('center_axis',(0.,0.,-1.));
#9612=DIRECTION('ref_axis',(2.22044604925031E-16,-1.,0.));
#9613=DIRECTION('',(2.22044604925031E-16,-1.,0.));
#9614=DIRECTION('center_axis',(2.22044604925031E-16,-1.,0.));
#9615=DIRECTION('ref_axis',(0.,0.,1.));
#9616=DIRECTION('',(0.,0.,1.));
#9617=DIRECTION('center_axis',(1.,2.22044604925031E-16,0.));
#9618=DIRECTION('ref_axis',(0.,0.,-1.));
#9619=DIRECTION('center_axis',(1.57009245868378E-16,-0.707106781186548,
-0.707106781186547));
#9620=DIRECTION('ref_axis',(1.57009245868377E-16,-0.707106781186547,0.707106781186548));
#9621=DIRECTION('',(-1.57009245868377E-16,0.707106781186547,-0.707106781186548));
#9622=DIRECTION('',(-1.,-2.22044604925031E-16,0.));
#9623=DIRECTION('',(1.57009245868377E-16,-0.707106781186547,0.707106781186548));
#9624=DIRECTION('',(1.,2.22044604925031E-16,0.));
#9625=DIRECTION('center_axis',(0.,0.,-1.));
#9626=DIRECTION('ref_axis',(2.22044604925031E-16,-1.,0.));
#9627=DIRECTION('',(2.22044604925031E-16,-1.,0.));
#9628=DIRECTION('',(-1.,-2.22044604925031E-16,0.));
#9629=DIRECTION('',(-2.22044604925031E-16,1.,0.));
#9630=DIRECTION('center_axis',(-1.,-2.22044604925031E-16,0.));
#9631=DIRECTION('ref_axis',(0.,0.,1.));
#9632=DIRECTION('',(0.,0.,-1.));
#9633=DIRECTION('',(1.57009245868377E-16,-0.707106781186547,0.707106781186548));
#9634=DIRECTION('',(-2.22044604925031E-16,1.,0.));
#9635=DIRECTION('',(1.57009245868377E-16,-0.707106781186547,-0.707106781186548));
#9636=DIRECTION('',(0.,0.,1.));
#9637=DIRECTION('',(-2.22044604925031E-16,1.,0.));
#9638=DIRECTION('',(1.57009245868377E-16,-0.707106781186548,-0.707106781186548));
#9639=DIRECTION('',(0.,0.,1.));
#9640=DIRECTION('',(-2.22044604925031E-16,1.,0.));
#9641=DIRECTION('',(0.,0.,-1.));
#9642=DIRECTION('center_axis',(-1.57009245868377E-16,0.707106781186548,
-0.707106781186548));
#9643=DIRECTION('ref_axis',(1.57009245868377E-16,-0.707106781186548,-0.707106781186548));
#9644=DIRECTION('',(-1.57009245868377E-16,0.707106781186548,0.707106781186548));
#9645=DIRECTION('',(-1.,-2.22044604925031E-16,0.));
#9646=DIRECTION('',(1.,2.22044604925031E-16,0.));
#9647=DIRECTION('center_axis',(-2.22044604925031E-16,1.,0.));
#9648=DIRECTION('ref_axis',(0.,0.,-1.));
#9649=DIRECTION('',(0.,0.,-1.));
#9650=DIRECTION('',(1.,2.22044604925031E-16,0.));
#9651=DIRECTION('center_axis',(-1.57009245868378E-16,0.707106781186548,
-0.707106781186547));
#9652=DIRECTION('ref_axis',(1.57009245868377E-16,-0.707106781186547,-0.707106781186548));
#9653=DIRECTION('',(-1.57009245868377E-16,0.707106781186547,0.707106781186548));
#9654=DIRECTION('',(-1.,-2.22044604925031E-16,0.));
#9655=DIRECTION('',(1.,2.22044604925031E-16,0.));
#9656=DIRECTION('center_axis',(0.,0.,-1.));
#9657=DIRECTION('ref_axis',(2.22044604925031E-16,-1.,0.));
#9658=DIRECTION('',(-1.,-2.22044604925031E-16,0.));
#9659=DIRECTION('',(2.22044604925031E-16,-1.,0.));
#9660=DIRECTION('center_axis',(1.57009245868378E-16,-0.707106781186548,
-0.707106781186547));
#9661=DIRECTION('ref_axis',(1.57009245868377E-16,-0.707106781186547,0.707106781186548));
#9662=DIRECTION('',(-1.57009245868377E-16,0.707106781186547,-0.707106781186548));
#9663=DIRECTION('',(1.,2.22044604925031E-16,0.));
#9664=DIRECTION('center_axis',(6.12323399573677E-17,1.35963107344689E-32,
1.));
#9665=DIRECTION('ref_axis',(1.,2.22044604925031E-16,-6.12323399573677E-17));
#9666=DIRECTION('',(2.22044604925031E-16,-1.,0.));
#9667=DIRECTION('',(-1.,-2.22044604925031E-16,6.12323399573677E-17));
#9668=DIRECTION('',(-2.22044604925031E-16,1.,0.));
#9669=DIRECTION('',(1.,2.22044604925031E-16,-6.12323399573677E-17));
#9670=DIRECTION('center_axis',(2.22044604925031E-16,-1.,0.));
#9671=DIRECTION('ref_axis',(0.,0.,1.));
#9672=DIRECTION('',(-6.12323399573677E-17,-1.35963107344689E-32,-1.));
#9673=DIRECTION('center_axis',(-2.22044604925031E-16,1.,0.));
#9674=DIRECTION('ref_axis',(-9.91270557701033E-17,-2.20106279358541E-32,
-1.));
#9675=DIRECTION('',(-1.,-2.22044604925031E-16,0.));
#9676=DIRECTION('center_axis',(2.22044604925031E-16,-1.,0.));
#9677=DIRECTION('ref_axis',(-1.,-2.22044604925031E-16,-2.77555756156289E-15));
#9678=DIRECTION('center_axis',(2.22044604925031E-16,-1.,0.));
#9679=DIRECTION('ref_axis',(-1.,-2.22044604925031E-16,0.));
#9680=DIRECTION('',(-2.22044604925031E-16,1.,0.));
#9681=DIRECTION('center_axis',(-2.22044604925031E-16,1.,0.));
#9682=DIRECTION('ref_axis',(0.,0.,-1.));
#9683=DIRECTION('center_axis',(-2.22044604925031E-16,1.,0.));
#9684=DIRECTION('ref_axis',(1.,2.22044604925031E-16,-6.12323399573677E-17));
#9685=DIRECTION('',(6.12323399573677E-17,1.35963107344689E-32,1.));
#9686=DIRECTION('',(-6.12323399573677E-17,-1.35963107344689E-32,-1.));
#9687=DIRECTION('',(-1.,-2.22044604925031E-16,6.12323399573677E-17));
#9688=DIRECTION('center_axis',(2.22044604925031E-16,-1.,0.));
#9689=DIRECTION('ref_axis',(-1.,-2.22044604925031E-16,6.12323399573677E-17));
#9690=DIRECTION('',(1.,2.22044604925031E-16,-6.12323399573677E-17));
#9691=DIRECTION('',(6.12323399573677E-17,1.35963107344689E-32,1.));
#9692=DIRECTION('center_axis',(2.22044604925031E-16,-1.,0.));
#9693=DIRECTION('ref_axis',(-1.,-2.22044604925031E-16,0.));
#9694=DIRECTION('center_axis',(2.22044604925031E-16,-1.,0.));
#9695=DIRECTION('ref_axis',(-1.,-2.22044604925031E-16,0.));
#9696=DIRECTION('',(2.22044604925031E-16,-1.,0.));
#9697=DIRECTION('center_axis',(-2.22044604925031E-16,1.,0.));
#9698=DIRECTION('ref_axis',(0.,0.,-1.));
#9699=DIRECTION('',(0.,0.,-1.));
#9700=DIRECTION('',(1.,2.22044604925031E-16,0.));
#9701=DIRECTION('center_axis',(2.22044604925031E-16,-1.,0.));
#9702=DIRECTION('ref_axis',(0.,0.,1.));
#9703=DIRECTION('',(0.,0.,1.));
#9704=DIRECTION('center_axis',(-6.12323399573677E-17,-1.35963107344689E-32,
-1.));
#9705=DIRECTION('ref_axis',(-1.,-2.22044604925031E-16,6.12323399573677E-17));
#9706=DIRECTION('',(2.22044604925031E-16,-1.,0.));
#9707=DIRECTION('center_axis',(-1.,-2.22044604925031E-16,6.12323399573677E-17));
#9708=DIRECTION('ref_axis',(-2.22044604925031E-16,1.,0.));
#9709=DIRECTION('center_axis',(-2.22044604925031E-16,1.,0.));
#9710=DIRECTION('ref_axis',(0.,0.,-1.));
#9711=DIRECTION('center_axis',(0.,0.,-1.));
#9712=DIRECTION('ref_axis',(2.22044604925031E-16,-1.,0.));
#9713=DIRECTION('',(2.22044604925031E-16,-1.,0.));
#9714=DIRECTION('center_axis',(2.22044604925031E-16,-1.,0.));
#9715=DIRECTION('ref_axis',(0.,0.,1.));
#9716=DIRECTION('',(0.,0.,1.));
#9717=DIRECTION('center_axis',(1.,2.22044604925031E-16,0.));
#9718=DIRECTION('ref_axis',(0.,0.,-1.));
#9719=DIRECTION('center_axis',(1.57009245868378E-16,-0.707106781186548,
-0.707106781186547));
#9720=DIRECTION('ref_axis',(1.57009245868377E-16,-0.707106781186547,0.707106781186548));
#9721=DIRECTION('',(-1.57009245868377E-16,0.707106781186547,-0.707106781186548));
#9722=DIRECTION('',(-1.,-2.22044604925031E-16,0.));
#9723=DIRECTION('',(1.57009245868377E-16,-0.707106781186547,0.707106781186548));
#9724=DIRECTION('',(1.,2.22044604925031E-16,0.));
#9725=DIRECTION('center_axis',(0.,0.,-1.));
#9726=DIRECTION('ref_axis',(2.22044604925031E-16,-1.,0.));
#9727=DIRECTION('',(2.22044604925031E-16,-1.,0.));
#9728=DIRECTION('',(-1.,-2.22044604925031E-16,0.));
#9729=DIRECTION('',(-2.22044604925031E-16,1.,0.));
#9730=DIRECTION('center_axis',(-1.,-2.22044604925031E-16,0.));
#9731=DIRECTION('ref_axis',(0.,0.,1.));
#9732=DIRECTION('',(0.,0.,-1.));
#9733=DIRECTION('',(1.57009245868377E-16,-0.707106781186547,0.707106781186548));
#9734=DIRECTION('',(-2.22044604925031E-16,1.,0.));
#9735=DIRECTION('',(1.57009245868377E-16,-0.707106781186547,-0.707106781186548));
#9736=DIRECTION('',(0.,0.,1.));
#9737=DIRECTION('',(-2.22044604925031E-16,1.,0.));
#9738=DIRECTION('',(1.57009245868377E-16,-0.707106781186548,-0.707106781186548));
#9739=DIRECTION('',(0.,0.,1.));
#9740=DIRECTION('',(-2.22044604925031E-16,1.,0.));
#9741=DIRECTION('',(0.,0.,-1.));
#9742=DIRECTION('center_axis',(-1.57009245868377E-16,0.707106781186548,
-0.707106781186548));
#9743=DIRECTION('ref_axis',(1.57009245868377E-16,-0.707106781186548,-0.707106781186548));
#9744=DIRECTION('',(-1.57009245868377E-16,0.707106781186548,0.707106781186548));
#9745=DIRECTION('',(-1.,-2.22044604925031E-16,0.));
#9746=DIRECTION('',(1.,2.22044604925031E-16,0.));
#9747=DIRECTION('center_axis',(-2.22044604925031E-16,1.,0.));
#9748=DIRECTION('ref_axis',(0.,0.,-1.));
#9749=DIRECTION('',(0.,0.,-1.));
#9750=DIRECTION('',(1.,2.22044604925031E-16,0.));
#9751=DIRECTION('center_axis',(-1.57009245868378E-16,0.707106781186548,
-0.707106781186547));
#9752=DIRECTION('ref_axis',(1.57009245868377E-16,-0.707106781186547,-0.707106781186548));
#9753=DIRECTION('',(-1.57009245868377E-16,0.707106781186547,0.707106781186548));
#9754=DIRECTION('',(-1.,-2.22044604925031E-16,0.));
#9755=DIRECTION('',(1.,2.22044604925031E-16,0.));
#9756=DIRECTION('center_axis',(0.,0.,-1.));
#9757=DIRECTION('ref_axis',(2.22044604925031E-16,-1.,0.));
#9758=DIRECTION('',(-1.,-2.22044604925031E-16,0.));
#9759=DIRECTION('',(2.22044604925031E-16,-1.,0.));
#9760=DIRECTION('center_axis',(1.57009245868378E-16,-0.707106781186548,
-0.707106781186547));
#9761=DIRECTION('ref_axis',(1.57009245868377E-16,-0.707106781186547,0.707106781186548));
#9762=DIRECTION('',(-1.57009245868377E-16,0.707106781186547,-0.707106781186548));
#9763=DIRECTION('',(1.,2.22044604925031E-16,0.));
#9764=DIRECTION('center_axis',(6.12323399573677E-17,1.35963107344689E-32,
1.));
#9765=DIRECTION('ref_axis',(1.,2.22044604925031E-16,-6.12323399573677E-17));
#9766=DIRECTION('',(2.22044604925031E-16,-1.,0.));
#9767=DIRECTION('',(-1.,-2.22044604925031E-16,6.12323399573677E-17));
#9768=DIRECTION('',(-2.22044604925031E-16,1.,0.));
#9769=DIRECTION('',(1.,2.22044604925031E-16,-6.12323399573677E-17));
#9770=DIRECTION('center_axis',(2.22044604925031E-16,-1.,0.));
#9771=DIRECTION('ref_axis',(0.,0.,1.));
#9772=DIRECTION('',(-6.12323399573677E-17,-1.35963107344689E-32,-1.));
#9773=DIRECTION('center_axis',(-2.22044604925031E-16,1.,0.));
#9774=DIRECTION('ref_axis',(-9.91270557701033E-17,-2.20106279358541E-32,
-1.));
#9775=DIRECTION('',(-1.,-2.22044604925031E-16,0.));
#9776=DIRECTION('center_axis',(2.22044604925031E-16,-1.,0.));
#9777=DIRECTION('ref_axis',(-1.,-2.22044604925031E-16,-2.77555756156289E-15));
#9778=DIRECTION('center_axis',(2.22044604925031E-16,-1.,0.));
#9779=DIRECTION('ref_axis',(-1.,-2.22044604925031E-16,0.));
#9780=DIRECTION('',(-2.22044604925031E-16,1.,0.));
#9781=DIRECTION('center_axis',(-2.22044604925031E-16,1.,0.));
#9782=DIRECTION('ref_axis',(0.,0.,-1.));
#9783=DIRECTION('center_axis',(-2.22044604925031E-16,1.,0.));
#9784=DIRECTION('ref_axis',(1.,2.22044604925031E-16,-6.12323399573677E-17));
#9785=DIRECTION('',(6.12323399573677E-17,1.35963107344689E-32,1.));
#9786=DIRECTION('',(-6.12323399573677E-17,-1.35963107344689E-32,-1.));
#9787=DIRECTION('',(-1.,-2.22044604925031E-16,6.12323399573677E-17));
#9788=DIRECTION('center_axis',(2.22044604925031E-16,-1.,0.));
#9789=DIRECTION('ref_axis',(-1.,-2.22044604925031E-16,6.12323399573677E-17));
#9790=DIRECTION('',(1.,2.22044604925031E-16,-6.12323399573677E-17));
#9791=DIRECTION('',(6.12323399573677E-17,1.35963107344689E-32,1.));
#9792=DIRECTION('center_axis',(2.22044604925031E-16,-1.,0.));
#9793=DIRECTION('ref_axis',(-1.,-2.22044604925031E-16,0.));
#9794=DIRECTION('center_axis',(2.22044604925031E-16,-1.,0.));
#9795=DIRECTION('ref_axis',(-1.,-2.22044604925031E-16,0.));
#9796=DIRECTION('',(2.22044604925031E-16,-1.,0.));
#9797=DIRECTION('center_axis',(-2.22044604925031E-16,1.,0.));
#9798=DIRECTION('ref_axis',(0.,0.,-1.));
#9799=DIRECTION('',(0.,0.,-1.));
#9800=DIRECTION('',(1.,2.22044604925031E-16,0.));
#9801=DIRECTION('center_axis',(2.22044604925031E-16,-1.,0.));
#9802=DIRECTION('ref_axis',(0.,0.,1.));
#9803=DIRECTION('',(0.,0.,1.));
#9804=DIRECTION('center_axis',(-6.12323399573677E-17,-1.35963107344689E-32,
-1.));
#9805=DIRECTION('ref_axis',(-1.,-2.22044604925031E-16,6.12323399573677E-17));
#9806=DIRECTION('',(2.22044604925031E-16,-1.,0.));
#9807=DIRECTION('center_axis',(-1.,-2.22044604925031E-16,6.12323399573677E-17));
#9808=DIRECTION('ref_axis',(-2.22044604925031E-16,1.,0.));
#9809=DIRECTION('center_axis',(-2.22044604925031E-16,1.,0.));
#9810=DIRECTION('ref_axis',(0.,0.,-1.));
#9811=DIRECTION('center_axis',(0.,0.,-1.));
#9812=DIRECTION('ref_axis',(2.22044604925031E-16,-1.,0.));
#9813=DIRECTION('',(2.22044604925031E-16,-1.,0.));
#9814=DIRECTION('center_axis',(2.22044604925031E-16,-1.,0.));
#9815=DIRECTION('ref_axis',(0.,0.,1.));
#9816=DIRECTION('',(0.,0.,1.));
#9817=DIRECTION('center_axis',(1.,2.22044604925031E-16,0.));
#9818=DIRECTION('ref_axis',(0.,0.,-1.));
#9819=DIRECTION('center_axis',(1.57009245868378E-16,-0.707106781186548,
-0.707106781186547));
#9820=DIRECTION('ref_axis',(1.57009245868377E-16,-0.707106781186547,0.707106781186548));
#9821=DIRECTION('',(-1.57009245868377E-16,0.707106781186547,-0.707106781186548));
#9822=DIRECTION('',(-1.,-2.22044604925031E-16,0.));
#9823=DIRECTION('',(1.57009245868377E-16,-0.707106781186547,0.707106781186548));
#9824=DIRECTION('',(1.,2.22044604925031E-16,0.));
#9825=DIRECTION('center_axis',(0.,0.,-1.));
#9826=DIRECTION('ref_axis',(2.22044604925031E-16,-1.,0.));
#9827=DIRECTION('',(2.22044604925031E-16,-1.,0.));
#9828=DIRECTION('',(-1.,-2.22044604925031E-16,0.));
#9829=DIRECTION('',(-2.22044604925031E-16,1.,0.));
#9830=DIRECTION('center_axis',(-1.,-2.22044604925031E-16,0.));
#9831=DIRECTION('ref_axis',(0.,0.,1.));
#9832=DIRECTION('',(0.,0.,-1.));
#9833=DIRECTION('',(1.57009245868377E-16,-0.707106781186547,0.707106781186548));
#9834=DIRECTION('',(-2.22044604925031E-16,1.,0.));
#9835=DIRECTION('',(1.57009245868377E-16,-0.707106781186547,-0.707106781186548));
#9836=DIRECTION('',(0.,0.,1.));
#9837=DIRECTION('',(-2.22044604925031E-16,1.,0.));
#9838=DIRECTION('',(1.57009245868377E-16,-0.707106781186548,-0.707106781186548));
#9839=DIRECTION('',(0.,0.,1.));
#9840=DIRECTION('',(-2.22044604925031E-16,1.,0.));
#9841=DIRECTION('',(0.,0.,-1.));
#9842=DIRECTION('center_axis',(-1.57009245868377E-16,0.707106781186548,
-0.707106781186548));
#9843=DIRECTION('ref_axis',(1.57009245868377E-16,-0.707106781186548,-0.707106781186548));
#9844=DIRECTION('',(-1.57009245868377E-16,0.707106781186548,0.707106781186548));
#9845=DIRECTION('',(-1.,-2.22044604925031E-16,0.));
#9846=DIRECTION('',(1.,2.22044604925031E-16,0.));
#9847=DIRECTION('center_axis',(-2.22044604925031E-16,1.,0.));
#9848=DIRECTION('ref_axis',(0.,0.,-1.));
#9849=DIRECTION('',(0.,0.,-1.));
#9850=DIRECTION('',(1.,2.22044604925031E-16,0.));
#9851=DIRECTION('center_axis',(-1.57009245868378E-16,0.707106781186548,
-0.707106781186547));
#9852=DIRECTION('ref_axis',(1.57009245868377E-16,-0.707106781186547,-0.707106781186548));
#9853=DIRECTION('',(-1.57009245868377E-16,0.707106781186547,0.707106781186548));
#9854=DIRECTION('',(-1.,-2.22044604925031E-16,0.));
#9855=DIRECTION('',(1.,2.22044604925031E-16,0.));
#9856=DIRECTION('center_axis',(0.,0.,-1.));
#9857=DIRECTION('ref_axis',(2.22044604925031E-16,-1.,0.));
#9858=DIRECTION('',(-1.,-2.22044604925031E-16,0.));
#9859=DIRECTION('',(2.22044604925031E-16,-1.,0.));
#9860=DIRECTION('center_axis',(1.57009245868378E-16,-0.707106781186548,
-0.707106781186547));
#9861=DIRECTION('ref_axis',(1.57009245868377E-16,-0.707106781186547,0.707106781186548));
#9862=DIRECTION('',(-1.57009245868377E-16,0.707106781186547,-0.707106781186548));
#9863=DIRECTION('',(1.,2.22044604925031E-16,0.));
#9864=DIRECTION('center_axis',(6.12323399573677E-17,1.35963107344689E-32,
1.));
#9865=DIRECTION('ref_axis',(1.,2.22044604925031E-16,-6.12323399573677E-17));
#9866=DIRECTION('',(2.22044604925031E-16,-1.,0.));
#9867=DIRECTION('',(-1.,-2.22044604925031E-16,6.12323399573677E-17));
#9868=DIRECTION('',(-2.22044604925031E-16,1.,0.));
#9869=DIRECTION('',(1.,2.22044604925031E-16,-6.12323399573677E-17));
#9870=DIRECTION('center_axis',(2.22044604925031E-16,-1.,0.));
#9871=DIRECTION('ref_axis',(0.,0.,1.));
#9872=DIRECTION('',(-6.12323399573677E-17,-1.35963107344689E-32,-1.));
#9873=DIRECTION('center_axis',(-2.22044604925031E-16,1.,0.));
#9874=DIRECTION('ref_axis',(-9.91270557701033E-17,-2.20106279358541E-32,
-1.));
#9875=DIRECTION('',(-1.,-2.22044604925031E-16,0.));
#9876=DIRECTION('center_axis',(2.22044604925031E-16,-1.,0.));
#9877=DIRECTION('ref_axis',(-1.,-2.22044604925031E-16,-2.77555756156289E-15));
#9878=DIRECTION('center_axis',(2.22044604925031E-16,-1.,0.));
#9879=DIRECTION('ref_axis',(-1.,-2.22044604925031E-16,0.));
#9880=DIRECTION('',(-2.22044604925031E-16,1.,0.));
#9881=DIRECTION('center_axis',(-2.22044604925031E-16,1.,0.));
#9882=DIRECTION('ref_axis',(0.,0.,-1.));
#9883=DIRECTION('center_axis',(-2.22044604925031E-16,1.,0.));
#9884=DIRECTION('ref_axis',(1.,2.22044604925031E-16,-6.12323399573677E-17));
#9885=DIRECTION('',(6.12323399573677E-17,1.35963107344689E-32,1.));
#9886=DIRECTION('',(-6.12323399573677E-17,-1.35963107344689E-32,-1.));
#9887=DIRECTION('',(-1.,-2.22044604925031E-16,6.12323399573677E-17));
#9888=DIRECTION('center_axis',(2.22044604925031E-16,-1.,0.));
#9889=DIRECTION('ref_axis',(-1.,-2.22044604925031E-16,6.12323399573677E-17));
#9890=DIRECTION('',(1.,2.22044604925031E-16,-6.12323399573677E-17));
#9891=DIRECTION('',(6.12323399573677E-17,1.35963107344689E-32,1.));
#9892=DIRECTION('center_axis',(2.22044604925031E-16,-1.,0.));
#9893=DIRECTION('ref_axis',(-1.,-2.22044604925031E-16,0.));
#9894=DIRECTION('center_axis',(2.22044604925031E-16,-1.,0.));
#9895=DIRECTION('ref_axis',(-1.,-2.22044604925031E-16,0.));
#9896=DIRECTION('',(2.22044604925031E-16,-1.,0.));
#9897=DIRECTION('center_axis',(-2.22044604925031E-16,1.,0.));
#9898=DIRECTION('ref_axis',(0.,0.,-1.));
#9899=DIRECTION('',(0.,0.,-1.));
#9900=DIRECTION('',(1.,2.22044604925031E-16,0.));
#9901=DIRECTION('center_axis',(2.22044604925031E-16,-1.,0.));
#9902=DIRECTION('ref_axis',(0.,0.,1.));
#9903=DIRECTION('',(0.,0.,1.));
#9904=DIRECTION('center_axis',(-6.12323399573677E-17,-1.35963107344689E-32,
-1.));
#9905=DIRECTION('ref_axis',(-1.,-2.22044604925031E-16,6.12323399573677E-17));
#9906=DIRECTION('',(2.22044604925031E-16,-1.,0.));
#9907=DIRECTION('center_axis',(-1.,-2.22044604925031E-16,6.12323399573677E-17));
#9908=DIRECTION('ref_axis',(-2.22044604925031E-16,1.,0.));
#9909=DIRECTION('center_axis',(-2.22044604925031E-16,1.,0.));
#9910=DIRECTION('ref_axis',(0.,0.,-1.));
#9911=DIRECTION('center_axis',(0.,0.,-1.));
#9912=DIRECTION('ref_axis',(2.22044604925031E-16,-1.,0.));
#9913=DIRECTION('',(2.22044604925031E-16,-1.,0.));
#9914=DIRECTION('center_axis',(2.22044604925031E-16,-1.,0.));
#9915=DIRECTION('ref_axis',(0.,0.,1.));
#9916=DIRECTION('',(0.,0.,1.));
#9917=DIRECTION('center_axis',(1.,2.22044604925031E-16,0.));
#9918=DIRECTION('ref_axis',(0.,0.,-1.));
#9919=DIRECTION('',(0.,0.,1.));
#9920=DIRECTION('',(1.,0.,0.));
#9921=DIRECTION('',(0.,0.,1.));
#9922=DIRECTION('',(1.,0.,0.));
#9923=DIRECTION('',(0.,0.,-1.));
#9924=DIRECTION('',(-1.,0.,0.));
#9925=DIRECTION('center_axis',(0.,0.,1.));
#9926=DIRECTION('ref_axis',(1.,0.,0.));
#9927=CARTESIAN_POINT('',(0.,0.,0.));
#9928=CARTESIAN_POINT('',(0.,0.,0.));
#9929=CARTESIAN_POINT('Origin',(1.5,22.76,0.1));
#9930=CARTESIAN_POINT('',(-3.01333333333333,22.86,0.1));
#9931=CARTESIAN_POINT('',(3.01333333333333,22.86,0.1));
#9932=CARTESIAN_POINT('',(1.5,22.86,0.1));
#9933=CARTESIAN_POINT('',(3.01157115039879,22.8591227900683,0.0867836279908983));
#9934=CARTESIAN_POINT('Origin',(3.01333333333333,22.76,0.1));
#9935=CARTESIAN_POINT('',(2.91244836033052,22.76,0.));
#9936=CARTESIAN_POINT('Origin',(2.91244836033052,22.76,0.1));
#9937=CARTESIAN_POINT('',(-2.91244836033052,22.76,0.));
#9938=CARTESIAN_POINT('',(1.5,22.76,0.));
#9939=CARTESIAN_POINT('',(-3.01157115039879,22.8591227900683,0.0867836279908983));
#9940=CARTESIAN_POINT('Origin',(-2.91244836033052,22.76,0.1));
#9941=CARTESIAN_POINT('Origin',(-3.01333333333333,22.76,0.1));
#9942=CARTESIAN_POINT('Origin',(2.91244836033052,5.715,0.1));
#9943=CARTESIAN_POINT('',(3.01157115039879,0.000877209931737689,0.0867836279908983));
#9944=CARTESIAN_POINT('',(3.01157115039879,5.715,0.0867836279908983));
#9945=CARTESIAN_POINT('',(2.91244836033052,0.100000000000001,0.));
#9946=CARTESIAN_POINT('Origin',(2.91244836033052,0.100000000000001,0.1));
#9947=CARTESIAN_POINT('',(2.91244836033052,5.715,0.));
#9948=CARTESIAN_POINT('Origin',(-2.91244836033052,17.145,0.1));
#9949=CARTESIAN_POINT('',(-2.91244836033052,0.0999999999999997,0.));
#9950=CARTESIAN_POINT('',(-2.91244836033052,17.145,0.));
#9951=CARTESIAN_POINT('',(-3.01157115039879,0.000877209931735567,0.0867836279908983));
#9952=CARTESIAN_POINT('Origin',(-2.91244836033052,0.1,0.1));
#9953=CARTESIAN_POINT('',(-3.01157115039879,17.145,0.0867836279908983));
#9954=CARTESIAN_POINT('Origin',(-1.5,0.1,0.1));
#9955=CARTESIAN_POINT('',(3.01333333333333,2.12170057952279E-17,0.1));
#9956=CARTESIAN_POINT('',(-3.01333333333333,-4.44089209850063E-15,0.1));
#9957=CARTESIAN_POINT('',(-1.5,3.64291929955129E-16,0.1));
#9958=CARTESIAN_POINT('Origin',(-3.01333333333333,0.0999999999999997,0.1));
#9959=CARTESIAN_POINT('',(-1.5,0.1,0.));
#9960=CARTESIAN_POINT('Origin',(3.01333333333333,0.100000000000001,0.1));
#9961=CARTESIAN_POINT('Origin',(-3.,22.86,0.));
#9962=CARTESIAN_POINT('',(-3.2,0.,1.5));
#9963=CARTESIAN_POINT('',(-3.,-4.44089209850063E-15,0.));
#9964=CARTESIAN_POINT('',(-3.2,22.86,1.5));
#9965=CARTESIAN_POINT('',(-3.2,22.86,1.5));
#9966=CARTESIAN_POINT('',(-3.,22.86,0.));
#9967=CARTESIAN_POINT('Origin',(-3.,0.,0.));
#9968=CARTESIAN_POINT('',(3.2,3.18255086928418E-16,1.5));
#9969=CARTESIAN_POINT('',(3.,0.,0.));
#9970=CARTESIAN_POINT('',(-3.2,0.,1.5));
#9971=CARTESIAN_POINT('Origin',(0.,11.43,0.));
#9972=CARTESIAN_POINT('Origin',(0.,11.43,1.5));
#9973=CARTESIAN_POINT('',(3.2,22.86,1.5));
#9974=CARTESIAN_POINT('',(3.2,3.18255086928418E-16,1.5));
#9975=CARTESIAN_POINT('',(3.,22.86,1.5));
#9976=CARTESIAN_POINT('Origin',(3.,0.,0.));
#9977=CARTESIAN_POINT('',(3.,22.86,0.));
#9978=CARTESIAN_POINT('Origin',(3.,22.86,0.));
#9979=CARTESIAN_POINT('Origin',(-2.20761429118281E-17,11.43,2.008));
#9980=CARTESIAN_POINT('',(-3.2,-0.100000000000002,2.00799999999999));
#9981=CARTESIAN_POINT('',(-3.2,22.96,2.008));
#9982=CARTESIAN_POINT('',(-3.2,22.86,2.008));
#9983=CARTESIAN_POINT('',(3.2,-0.100000000000001,2.008));
#9984=CARTESIAN_POINT('',(1.6,-0.100000000000002,2.008));
#9985=CARTESIAN_POINT('',(3.2,22.96,2.008));
#9986=CARTESIAN_POINT('',(3.2,1.95943487863576E-16,2.008));
#9987=CARTESIAN_POINT('',(-1.6,22.96,2.008));
#9988=CARTESIAN_POINT('Origin',(2.20761429118281E-17,11.43,1.5));
#9989=CARTESIAN_POINT('',(-3.2,-0.099999999999999,1.5));
#9990=CARTESIAN_POINT('',(-3.2,22.96,1.5));
#9991=CARTESIAN_POINT('',(-3.2,22.86,1.5));
#9992=CARTESIAN_POINT('',(3.2,22.96,1.5));
#9993=CARTESIAN_POINT('',(-1.6,22.96,1.5));
#9994=CARTESIAN_POINT('',(3.2,-0.0999999999999997,1.5));
#9995=CARTESIAN_POINT('',(3.2,3.18255086928418E-16,1.5));
#9996=CARTESIAN_POINT('',(1.6,-0.1,1.5));
#9997=CARTESIAN_POINT('Origin',(-3.2,0.,1.5));
#9998=CARTESIAN_POINT('',(-3.2,-0.1,1.5));
#9999=CARTESIAN_POINT('',(-3.2,22.96,1.5));
#10000=CARTESIAN_POINT('Origin',(-3.2,22.96,1.5));
#10001=CARTESIAN_POINT('',(3.2,22.96,1.5));
#10002=CARTESIAN_POINT('Origin',(3.2,22.86,1.5));
#10003=CARTESIAN_POINT('',(3.2,-0.0999999999999979,1.49999999999997));
#10004=CARTESIAN_POINT('Origin',(3.2,-0.0999999999999997,1.5));
#10005=CARTESIAN_POINT('Origin',(-2.91244836033052,5.715,3.408));
#10006=CARTESIAN_POINT('',(-2.91244836033052,0.100000000000001,3.508));
#10007=CARTESIAN_POINT('',(-2.91244836033052,22.76,3.50800000000001));
#10008=CARTESIAN_POINT('',(-2.91244836033052,5.715,3.508));
#10009=CARTESIAN_POINT('',(-3.01157115039879,22.8591227900683,3.42121637200911));
#10010=CARTESIAN_POINT('Origin',(-2.91244836033052,22.76,3.40800000000001));
#10011=CARTESIAN_POINT('',(-3.01157115039879,0.000877209931737186,3.4212163720091));
#10012=CARTESIAN_POINT('',(-3.01157115039879,5.715,3.42121637200911));
#10013=CARTESIAN_POINT('Origin',(-2.91244836033052,0.100000000000001,3.408));
#10014=CARTESIAN_POINT('Origin',(-1.6,22.76,3.40800000000001));
#10015=CARTESIAN_POINT('',(-1.00000000000001,22.76,3.50800000000001));
#10016=CARTESIAN_POINT('',(-1.6,22.76,3.50800000000001));
#10017=CARTESIAN_POINT('',(-1.,22.86,3.40800000000001));
#10018=CARTESIAN_POINT('Origin',(-1.00000000000002,22.76,3.40800000000001));
#10019=CARTESIAN_POINT('',(-3.01333333333333,22.86,3.40800000000001));
#10020=CARTESIAN_POINT('',(-1.6,22.86,3.40800000000001));
#10021=CARTESIAN_POINT('Origin',(-3.01333333333333,22.76,3.40800000000001));
#10022=CARTESIAN_POINT('Origin',(1.6,0.100000000000002,3.40800000000001));
#10023=CARTESIAN_POINT('',(2.91244836033052,0.100000000000002,3.50800000000001));
#10024=CARTESIAN_POINT('',(1.6,0.100000000000002,3.50800000000001));
#10025=CARTESIAN_POINT('',(-3.01333333333333,0.,3.408));
#10026=CARTESIAN_POINT('Origin',(-3.01333333333333,0.100000000000001,3.408));
#10027=CARTESIAN_POINT('',(3.01333333333333,-7.09363051219446E-16,3.40800000000001));
#10028=CARTESIAN_POINT('',(1.6,9.8879238130678E-16,3.40800000000001));
#10029=CARTESIAN_POINT('',(3.01157115039879,0.000877209931737788,3.42121637200911));
#10030=CARTESIAN_POINT('Origin',(3.01333333333333,0.100000000000002,3.40800000000001));
#10031=CARTESIAN_POINT('Origin',(2.91244836033052,0.100000000000002,3.40800000000001));
#10032=CARTESIAN_POINT('Origin',(2.91244836033052,17.145,3.40800000000001));
#10033=CARTESIAN_POINT('',(2.91244836033052,22.76,3.50800000000001));
#10034=CARTESIAN_POINT('',(2.91244836033052,17.145,3.50800000000001));
#10035=CARTESIAN_POINT('',(3.01157115039879,22.8591227900683,3.42121637200911));
#10036=CARTESIAN_POINT('',(3.01157115039879,17.145,3.42121637200911));
#10037=CARTESIAN_POINT('Origin',(2.91244836033052,22.76,3.40800000000001));
#10038=CARTESIAN_POINT('Origin',(-1.6,22.76,3.40800000000001));
#10039=CARTESIAN_POINT('',(3.01333333333333,22.86,3.40800000000001));
#10040=CARTESIAN_POINT('',(0.999999999999998,22.86,3.40800000000001));
#10041=CARTESIAN_POINT('',(-1.6,22.86,3.40800000000001));
#10042=CARTESIAN_POINT('',(0.999999999999995,22.76,3.50800000000001));
#10043=CARTESIAN_POINT('Origin',(0.999999999999998,22.76,3.40800000000001));
#10044=CARTESIAN_POINT('',(-1.6,22.76,3.50800000000001));
#10045=CARTESIAN_POINT('Origin',(3.01333333333333,22.76,3.40800000000001));
#10046=CARTESIAN_POINT('Origin',(-1.00000000000002,22.66,3.50800000000001));
#10047=CARTESIAN_POINT('',(-1.00000000000002,22.66,3.50800000000001));
#10048=CARTESIAN_POINT('',(-1.00000000000037,17.045,3.50800000000001));
#10049=CARTESIAN_POINT('',(-1.00000000000001,22.66,2.90800000000001));
#10050=CARTESIAN_POINT('',(-1.00000000000002,22.66,3.50800000000001));
#10051=CARTESIAN_POINT('',(-1.,22.86,2.90800000000001));
#10052=CARTESIAN_POINT('',(-1.,22.86,2.90800000000001));
#10053=CARTESIAN_POINT('',(-1.,22.86,2.75800000000001));
#10054=CARTESIAN_POINT('Origin',(0.,11.43,3.50800000000001));
#10055=CARTESIAN_POINT('',(0.999999999999992,22.66,3.50800000000001));
#10056=CARTESIAN_POINT('',(0.999999999999855,17.145,3.50800000000001));
#10057=CARTESIAN_POINT('Origin',(-1.13034179083454E-14,22.66,3.50800000000001));
#10058=CARTESIAN_POINT('Origin',(-3.2,22.86,2.008));
#10059=CARTESIAN_POINT('',(0.999999999999998,22.86,2.90800000000001));
#10060=CARTESIAN_POINT('',(-1.6,22.86,2.90800000000001));
#10061=CARTESIAN_POINT('',(0.999999999999998,22.86,2.75800000000001));
#10062=CARTESIAN_POINT('',(3.2,22.86,2.008));
#10063=CARTESIAN_POINT('',(3.2,22.86,2.008));
#10064=CARTESIAN_POINT('',(-3.2,22.86,2.008));
#10065=CARTESIAN_POINT('',(3.2,22.86,2.008));
#10066=CARTESIAN_POINT('',(-3.2,22.86,2.008));
#10067=CARTESIAN_POINT('Origin',(0.999999999999997,22.86,3.50800000000001));
#10068=CARTESIAN_POINT('',(0.999999999999993,22.66,2.90800000000001));
#10069=CARTESIAN_POINT('',(0.999999999999993,22.66,2.90800000000001));
#10070=CARTESIAN_POINT('',(0.999999999999992,22.66,3.50800000000001));
#10071=CARTESIAN_POINT('Origin',(-1.13034179083454E-14,22.66,3.50800000000001));
#10072=CARTESIAN_POINT('Origin',(-1.0887084274111E-14,22.66,2.90800000000001));
#10073=CARTESIAN_POINT('Origin',(-8.41542424468707E-15,22.26,2.90800000000001));
#10074=CARTESIAN_POINT('Origin',(0.,11.43,2.008));
#10075=CARTESIAN_POINT('',(3.2,1.95943487863576E-16,2.008));
#10076=CARTESIAN_POINT('',(3.2,1.95943487863576E-16,2.008));
#10077=CARTESIAN_POINT('',(-3.2,0.,2.00799999999999));
#10078=CARTESIAN_POINT('',(-3.2,-1.28894076887665E-15,2.00799999999999));
#10079=CARTESIAN_POINT('',(-3.2,22.86,2.008));
#10080=CARTESIAN_POINT('Origin',(3.2,22.86,2.008));
#10081=CARTESIAN_POINT('',(3.2,1.95943487863576E-16,2.008));
#10082=CARTESIAN_POINT('Origin',(3.2,1.95943487863576E-16,2.008));
#10083=CARTESIAN_POINT('',(-3.2,0.,2.00799999999999));
#10084=CARTESIAN_POINT('Origin',(-3.2,0.,2.00799999999999));
#10085=CARTESIAN_POINT('',(0.,0.,0.));
#10086=CARTESIAN_POINT('Origin',(-6.63856865362744E-5,0.599933614313464,
0.1));
#10087=CARTESIAN_POINT('',(-0.125066385686536,0.499933614313464,2.77555756156289E-16));
#10088=CARTESIAN_POINT('',(-0.125066385686536,0.699933614313464,0.2));
#10089=CARTESIAN_POINT('',(-0.125066385686536,1.04993361431346,0.550000000000001));
#10090=CARTESIAN_POINT('',(0.124933614313464,0.699933614313464,0.2));
#10091=CARTESIAN_POINT('',(-6.63856865362744E-5,0.699933614313464,0.2));
#10092=CARTESIAN_POINT('',(0.124933614313464,0.499933614313464,2.77555756156289E-16));
#10093=CARTESIAN_POINT('',(0.124933614313463,1.04993361431346,0.550000000000001));
#10094=CARTESIAN_POINT('',(-6.63856865362744E-5,0.499933614313464,2.77555756156289E-16));
#10095=CARTESIAN_POINT('Origin',(-6.63856865362744E-5,0.699933614313464,
2.77555756156289E-16));
#10096=CARTESIAN_POINT('',(0.124933614313464,0.264933614313464,2.77555756156289E-16));
#10097=CARTESIAN_POINT('',(0.124933614313464,0.699933614313464,2.77555756156289E-16));
#10098=CARTESIAN_POINT('',(-0.125066385686536,0.264933614313464,2.77555756156289E-16));
#10099=CARTESIAN_POINT('',(-6.63856865362744E-5,0.264933614313464,2.77555756156289E-16));
#10100=CARTESIAN_POINT('',(-0.125066385686536,0.699933614313464,2.77555756156289E-16));
#10101=CARTESIAN_POINT('Origin',(0.124933614313464,-6.63856865362744E-5,
2.5));
#10102=CARTESIAN_POINT('',(0.124933614313464,0.699933614313464,2.09306638568654));
#10103=CARTESIAN_POINT('',(0.124933614313464,0.699933614313464,5.));
#10104=CARTESIAN_POINT('',(0.124933614313464,-0.700066385686536,2.09306638568654));
#10105=CARTESIAN_POINT('',(0.124933614313464,-6.63856865362744E-5,2.09306638568654));
#10106=CARTESIAN_POINT('',(0.124933614313464,-0.700066385686536,0.2));
#10107=CARTESIAN_POINT('',(0.124933614313464,-0.700066385686536,2.77555756156289E-16));
#10108=CARTESIAN_POINT('',(0.124933614313464,-0.500066385686536,2.77555756156289E-16));
#10109=CARTESIAN_POINT('',(0.124933614313464,-1.05006638568654,0.55));
#10110=CARTESIAN_POINT('',(0.124933614313464,-0.265066385686536,2.77555756156289E-16));
#10111=CARTESIAN_POINT('',(0.124933614313464,0.699933614313464,2.77555756156289E-16));
#10112=CARTESIAN_POINT('',(0.124933614313464,-0.265066385686536,-3.3));
#10113=CARTESIAN_POINT('',(0.124933614313464,-0.265066385686536,-3.5));
#10114=CARTESIAN_POINT('',(0.124933614313464,-0.0650663856865361,-3.5));
#10115=CARTESIAN_POINT('',(0.124933614313464,-1.59881638568654,-1.96625));
#10116=CARTESIAN_POINT('',(0.124933614313464,0.0649336143134638,-3.5));
#10117=CARTESIAN_POINT('',(0.124933614313464,0.264933614313464,-3.5));
#10118=CARTESIAN_POINT('',(0.124933614313464,0.264933614313464,-3.3));
#10119=CARTESIAN_POINT('',(0.124933614313463,1.59868361431346,-1.96625));
#10120=CARTESIAN_POINT('',(0.124933614313464,0.264933614313464,2.77555756156289E-16));
#10121=CARTESIAN_POINT('Origin',(-6.63856865362744E-5,-0.600066385686536,
0.1));
#10122=CARTESIAN_POINT('',(-0.125066385686536,-0.700066385686536,0.2));
#10123=CARTESIAN_POINT('',(-0.125066385686536,-0.500066385686536,2.77555756156289E-16));
#10124=CARTESIAN_POINT('',(-0.125066385686536,-1.05006638568654,0.55));
#10125=CARTESIAN_POINT('',(-6.63856865362744E-5,-0.500066385686536,2.77555756156289E-16));
#10126=CARTESIAN_POINT('',(-6.63856865362744E-5,-0.700066385686536,0.2));
#10127=CARTESIAN_POINT('Origin',(-6.63856865362744E-5,-0.700066385686536,
2.77555756156289E-16));
#10128=CARTESIAN_POINT('',(-0.125066385686536,-0.700066385686536,2.09306638568654));
#10129=CARTESIAN_POINT('',(-6.63856865362744E-5,-0.700066385686536,2.09306638568654));
#10130=CARTESIAN_POINT('',(-0.125066385686536,-0.700066385686536,2.77555756156289E-16));
#10131=CARTESIAN_POINT('Origin',(-6.63856865362744E-5,-0.165066385686536,
-3.4));
#10132=CARTESIAN_POINT('',(-0.125066385686536,-0.265066385686536,-3.3));
#10133=CARTESIAN_POINT('',(-0.125066385686536,-0.0650663856865363,-3.5));
#10134=CARTESIAN_POINT('',(-0.125066385686536,-1.59881638568654,-1.96625));
#10135=CARTESIAN_POINT('',(-6.63856865362744E-5,-0.0650663856865363,-3.5));
#10136=CARTESIAN_POINT('',(-6.63856865362744E-5,-0.265066385686536,-3.3));
#10137=CARTESIAN_POINT('Origin',(-6.63856865362744E-5,0.264933614313464,
-3.5));
#10138=CARTESIAN_POINT('',(-0.125066385686536,0.0649336143134638,-3.5));
#10139=CARTESIAN_POINT('',(-0.125066385686536,0.264933614313464,-3.5));
#10140=CARTESIAN_POINT('',(-6.63856865362744E-5,0.0649336143134638,-3.5));
#10141=CARTESIAN_POINT('Origin',(-6.63856865362744E-5,0.164933614313464,
-3.4));
#10142=CARTESIAN_POINT('',(-0.125066385686536,0.264933614313464,-3.3));
#10143=CARTESIAN_POINT('',(-0.125066385686536,1.59868361431346,-1.96625));
#10144=CARTESIAN_POINT('',(-6.63856865362744E-5,0.264933614313464,-3.3));
#10145=CARTESIAN_POINT('Origin',(0.301999999999999,-6.63856865362744E-5,
2.44306638568654));
#10146=CARTESIAN_POINT('',(0.224933614313463,0.699933614313464,2.44306638568654));
#10147=CARTESIAN_POINT('',(0.224933614313464,-0.700066385686536,2.44306638568654));
#10148=CARTESIAN_POINT('',(0.224933614313463,-6.63856865362744E-5,2.44306638568654));
#10149=CARTESIAN_POINT('',(2.802,-0.700066385686536,2.44306638568654));
#10150=CARTESIAN_POINT('',(-2.198,-0.700066385686537,2.44306638568654));
#10151=CARTESIAN_POINT('',(2.802,0.699933614313464,2.44306638568654));
#10152=CARTESIAN_POINT('',(2.802,-0.700066385686536,2.44306638568654));
#10153=CARTESIAN_POINT('',(2.802,0.699933614313464,2.44306638568654));
#10154=CARTESIAN_POINT('Origin',(0.224933614313463,0.699933614313464,2.19306638568654));
#10155=CARTESIAN_POINT('',(0.224933614313463,0.699933614313464,2.19306638568654));
#10156=CARTESIAN_POINT('',(0.224933614313463,0.699933614313464,2.31806638568654));
#10157=CARTESIAN_POINT('Origin',(0.224933614313463,0.699933614313464,2.09306638568654));
#10158=CARTESIAN_POINT('',(-0.125066385686536,0.699933614313464,2.09306638568654));
#10159=CARTESIAN_POINT('',(-6.63856865362744E-5,0.699933614313464,2.09306638568654));
#10160=CARTESIAN_POINT('Origin',(0.224933614313463,0.699933614313464,2.09306638568654));
#10161=CARTESIAN_POINT('Origin',(0.224933614313464,-6.63856865362744E-5,
2.09306638568654));
#10162=CARTESIAN_POINT('',(0.224933614313464,-0.700066385686536,2.19306638568654));
#10163=CARTESIAN_POINT('',(0.224933614313463,-6.63856865362744E-5,2.19306638568654));
#10164=CARTESIAN_POINT('Origin',(0.224933614313464,-0.700066385686536,2.09306638568654));
#10165=CARTESIAN_POINT('Origin',(-2.198,-0.700066385686537,2.31806638568654));
#10166=CARTESIAN_POINT('',(0.224933614313464,-0.700066385686536,2.31806638568654));
#10167=CARTESIAN_POINT('',(2.802,-0.700066385686536,2.19306638568654));
#10168=CARTESIAN_POINT('',(-2.198,-0.700066385686537,2.19306638568654));
#10169=CARTESIAN_POINT('',(2.802,-0.700066385686536,2.31806638568654));
#10170=CARTESIAN_POINT('Origin',(2.802,0.699933614313464,2.31806638568654));
#10171=CARTESIAN_POINT('',(2.802,0.699933614313464,2.19306638568654));
#10172=CARTESIAN_POINT('',(2.802,0.699933614313464,2.31806638568654));
#10173=CARTESIAN_POINT('',(2.802,0.699933614313464,2.19306638568654));
#10174=CARTESIAN_POINT('Origin',(0.224933614313464,-6.63856865362744E-5,
2.09306638568654));
#10175=CARTESIAN_POINT('',(-0.125066385686536,-6.63856865362744E-5,2.09306638568654));
#10176=CARTESIAN_POINT('Origin',(0.224933614313464,-0.700066385686536,2.09306638568654));
#10177=CARTESIAN_POINT('Origin',(-6.63856865362744E-5,-0.265066385686536,
-3.5));
#10178=CARTESIAN_POINT('',(-0.125066385686536,-0.265066385686536,2.77555756156289E-16));
#10179=CARTESIAN_POINT('',(-6.63856865362744E-5,-0.265066385686536,2.77555756156289E-16));
#10180=CARTESIAN_POINT('',(-0.125066385686536,-0.265066385686536,-3.5));
#10181=CARTESIAN_POINT('Origin',(-6.63856865362744E-5,0.264933614313464,
2.77555756156289E-16));
#10182=CARTESIAN_POINT('',(-0.125066385686536,0.264933614313464,2.77555756156289E-16));
#10183=CARTESIAN_POINT('Origin',(0.301999999999999,-6.63856865362744E-5,
2.19306638568654));
#10184=CARTESIAN_POINT('',(2.802,-0.700066385686536,2.19306638568654));
#10185=CARTESIAN_POINT('Origin',(2.802,-0.700066385686536,2.31806638568654));
#10186=CARTESIAN_POINT('Origin',(0.224933614313464,-0.700066385686536,2.44306638568654));
#10187=CARTESIAN_POINT('Origin',(-6.63856865362744E-5,0.699933614313464,
2.77555756156289E-16));
#10188=CARTESIAN_POINT('',(-0.125066385686536,0.699933614313464,2.77555756156289E-16));
#10189=CARTESIAN_POINT('Origin',(-6.63856865362744E-5,0.699933614313464,
5.));
#10190=CARTESIAN_POINT('',(-0.125066385686536,0.699933614313464,5.));
#10191=CARTESIAN_POINT('Origin',(-0.125066385686536,-6.63856865362744E-5,
2.5));
#10192=CARTESIAN_POINT('Origin',(-6.63856865362744E-5,3.13993361431346,
0.1));
#10193=CARTESIAN_POINT('',(-0.125066385686536,3.03993361431346,2.77555756156289E-16));
#10194=CARTESIAN_POINT('',(-0.125066385686536,3.23993361431346,0.2));
#10195=CARTESIAN_POINT('',(-0.125066385686536,3.58993361431346,0.550000000000001));
#10196=CARTESIAN_POINT('',(0.124933614313464,3.23993361431346,0.2));
#10197=CARTESIAN_POINT('',(-6.63856865362744E-5,3.23993361431346,0.2));
#10198=CARTESIAN_POINT('',(0.124933614313464,3.03993361431346,2.77555756156289E-16));
#10199=CARTESIAN_POINT('',(0.124933614313463,3.58993361431346,0.550000000000001));
#10200=CARTESIAN_POINT('',(-6.63856865362744E-5,3.03993361431346,2.77555756156289E-16));
#10201=CARTESIAN_POINT('Origin',(-6.63856865362744E-5,3.23993361431346,
2.77555756156289E-16));
#10202=CARTESIAN_POINT('',(0.124933614313464,2.80493361431346,2.77555756156289E-16));
#10203=CARTESIAN_POINT('',(0.124933614313464,3.23993361431346,2.77555756156289E-16));
#10204=CARTESIAN_POINT('',(-0.125066385686536,2.80493361431346,2.77555756156289E-16));
#10205=CARTESIAN_POINT('',(-6.63856865362744E-5,2.80493361431346,2.77555756156289E-16));
#10206=CARTESIAN_POINT('',(-0.125066385686536,3.23993361431346,2.77555756156289E-16));
#10207=CARTESIAN_POINT('Origin',(0.124933614313464,2.53993361431346,2.5));
#10208=CARTESIAN_POINT('',(0.124933614313464,3.23993361431346,2.09306638568654));
#10209=CARTESIAN_POINT('',(0.124933614313464,3.23993361431346,5.));
#10210=CARTESIAN_POINT('',(0.124933614313464,1.83993361431346,2.09306638568654));
#10211=CARTESIAN_POINT('',(0.124933614313464,2.53993361431346,2.09306638568654));
#10212=CARTESIAN_POINT('',(0.124933614313464,1.83993361431346,0.2));
#10213=CARTESIAN_POINT('',(0.124933614313464,1.83993361431346,2.77555756156289E-16));
#10214=CARTESIAN_POINT('',(0.124933614313464,2.03993361431346,2.77555756156289E-16));
#10215=CARTESIAN_POINT('',(0.124933614313464,1.48993361431346,0.55));
#10216=CARTESIAN_POINT('',(0.124933614313464,2.27493361431346,2.77555756156289E-16));
#10217=CARTESIAN_POINT('',(0.124933614313464,3.23993361431346,2.77555756156289E-16));
#10218=CARTESIAN_POINT('',(0.124933614313464,2.27493361431346,-3.3));
#10219=CARTESIAN_POINT('',(0.124933614313464,2.27493361431346,-3.5));
#10220=CARTESIAN_POINT('',(0.124933614313464,2.47493361431346,-3.5));
#10221=CARTESIAN_POINT('',(0.124933614313464,0.941183614313463,-1.96625));
#10222=CARTESIAN_POINT('',(0.124933614313464,2.60493361431346,-3.5));
#10223=CARTESIAN_POINT('',(0.124933614313464,2.80493361431346,-3.5));
#10224=CARTESIAN_POINT('',(0.124933614313464,2.80493361431346,-3.3));
#10225=CARTESIAN_POINT('',(0.124933614313463,4.13868361431346,-1.96625));
#10226=CARTESIAN_POINT('',(0.124933614313464,2.80493361431346,2.77555756156289E-16));
#10227=CARTESIAN_POINT('Origin',(-6.63856865362744E-5,1.93993361431346,
0.1));
#10228=CARTESIAN_POINT('',(-0.125066385686536,1.83993361431346,0.2));
#10229=CARTESIAN_POINT('',(-0.125066385686536,2.03993361431346,2.77555756156289E-16));
#10230=CARTESIAN_POINT('',(-0.125066385686536,1.48993361431346,0.55));
#10231=CARTESIAN_POINT('',(-6.63856865362744E-5,2.03993361431346,2.77555756156289E-16));
#10232=CARTESIAN_POINT('',(-6.63856865362744E-5,1.83993361431346,0.2));
#10233=CARTESIAN_POINT('Origin',(-6.63856865362744E-5,1.83993361431346,
2.77555756156289E-16));
#10234=CARTESIAN_POINT('',(-0.125066385686536,1.83993361431346,2.09306638568654));
#10235=CARTESIAN_POINT('',(-6.63856865362744E-5,1.83993361431346,2.09306638568654));
#10236=CARTESIAN_POINT('',(-0.125066385686536,1.83993361431346,2.77555756156289E-16));
#10237=CARTESIAN_POINT('Origin',(-6.63856865362744E-5,2.37493361431346,
-3.4));
#10238=CARTESIAN_POINT('',(-0.125066385686536,2.27493361431346,-3.3));
#10239=CARTESIAN_POINT('',(-0.125066385686536,2.47493361431346,-3.5));
#10240=CARTESIAN_POINT('',(-0.125066385686536,0.941183614313463,-1.96625));
#10241=CARTESIAN_POINT('',(-6.63856865362744E-5,2.47493361431346,-3.5));
#10242=CARTESIAN_POINT('',(-6.63856865362744E-5,2.27493361431346,-3.3));
#10243=CARTESIAN_POINT('Origin',(-6.63856865362744E-5,2.80493361431346,
-3.5));
#10244=CARTESIAN_POINT('',(-0.125066385686536,2.60493361431346,-3.5));
#10245=CARTESIAN_POINT('',(-0.125066385686536,2.80493361431346,-3.5));
#10246=CARTESIAN_POINT('',(-6.63856865362744E-5,2.60493361431346,-3.5));
#10247=CARTESIAN_POINT('Origin',(-6.63856865362744E-5,2.70493361431346,
-3.4));
#10248=CARTESIAN_POINT('',(-0.125066385686536,2.80493361431346,-3.3));
#10249=CARTESIAN_POINT('',(-0.125066385686536,4.13868361431346,-1.96625));
#10250=CARTESIAN_POINT('',(-6.63856865362744E-5,2.80493361431346,-3.3));
#10251=CARTESIAN_POINT('Origin',(0.301999999999999,2.53993361431346,2.44306638568654));
#10252=CARTESIAN_POINT('',(0.224933614313463,3.23993361431346,2.44306638568654));
#10253=CARTESIAN_POINT('',(0.224933614313464,1.83993361431346,2.44306638568654));
#10254=CARTESIAN_POINT('',(0.224933614313463,2.53993361431346,2.44306638568654));
#10255=CARTESIAN_POINT('',(2.802,1.83993361431346,2.44306638568654));
#10256=CARTESIAN_POINT('',(-2.198,1.83993361431346,2.44306638568654));
#10257=CARTESIAN_POINT('',(2.802,3.23993361431346,2.44306638568654));
#10258=CARTESIAN_POINT('',(2.802,1.83993361431346,2.44306638568654));
#10259=CARTESIAN_POINT('',(2.802,3.23993361431346,2.44306638568654));
#10260=CARTESIAN_POINT('Origin',(0.224933614313463,3.23993361431346,2.19306638568654));
#10261=CARTESIAN_POINT('',(0.224933614313463,3.23993361431346,2.19306638568654));
#10262=CARTESIAN_POINT('',(0.224933614313463,3.23993361431346,2.31806638568654));
#10263=CARTESIAN_POINT('Origin',(0.224933614313463,3.23993361431346,2.09306638568654));
#10264=CARTESIAN_POINT('',(-0.125066385686536,3.23993361431346,2.09306638568654));
#10265=CARTESIAN_POINT('',(-6.63856865362744E-5,3.23993361431346,2.09306638568654));
#10266=CARTESIAN_POINT('Origin',(0.224933614313463,3.23993361431346,2.09306638568654));
#10267=CARTESIAN_POINT('Origin',(0.224933614313464,2.53993361431346,2.09306638568654));
#10268=CARTESIAN_POINT('',(0.224933614313464,1.83993361431346,2.19306638568654));
#10269=CARTESIAN_POINT('',(0.224933614313463,2.53993361431346,2.19306638568654));
#10270=CARTESIAN_POINT('Origin',(0.224933614313464,1.83993361431346,2.09306638568654));
#10271=CARTESIAN_POINT('Origin',(-2.198,1.83993361431346,2.31806638568654));
#10272=CARTESIAN_POINT('',(0.224933614313464,1.83993361431346,2.31806638568654));
#10273=CARTESIAN_POINT('',(2.802,1.83993361431346,2.19306638568654));
#10274=CARTESIAN_POINT('',(-2.198,1.83993361431346,2.19306638568654));
#10275=CARTESIAN_POINT('',(2.802,1.83993361431346,2.31806638568654));
#10276=CARTESIAN_POINT('Origin',(2.802,3.23993361431346,2.31806638568654));
#10277=CARTESIAN_POINT('',(2.802,3.23993361431346,2.19306638568654));
#10278=CARTESIAN_POINT('',(2.802,3.23993361431346,2.31806638568654));
#10279=CARTESIAN_POINT('',(2.802,3.23993361431346,2.19306638568654));
#10280=CARTESIAN_POINT('Origin',(0.224933614313464,2.53993361431346,2.09306638568654));
#10281=CARTESIAN_POINT('',(-0.125066385686536,2.53993361431346,2.09306638568654));
#10282=CARTESIAN_POINT('Origin',(0.224933614313464,1.83993361431346,2.09306638568654));
#10283=CARTESIAN_POINT('Origin',(-6.63856865362744E-5,2.27493361431346,
-3.5));
#10284=CARTESIAN_POINT('',(-0.125066385686536,2.27493361431346,2.77555756156289E-16));
#10285=CARTESIAN_POINT('',(-6.63856865362744E-5,2.27493361431346,2.77555756156289E-16));
#10286=CARTESIAN_POINT('',(-0.125066385686536,2.27493361431346,-3.5));
#10287=CARTESIAN_POINT('Origin',(-6.63856865362744E-5,2.80493361431346,
2.77555756156289E-16));
#10288=CARTESIAN_POINT('',(-0.125066385686536,2.80493361431346,2.77555756156289E-16));
#10289=CARTESIAN_POINT('Origin',(0.301999999999999,2.53993361431346,2.19306638568654));
#10290=CARTESIAN_POINT('',(2.802,1.83993361431346,2.19306638568654));
#10291=CARTESIAN_POINT('Origin',(2.802,1.83993361431346,2.31806638568654));
#10292=CARTESIAN_POINT('Origin',(0.224933614313464,1.83993361431346,2.44306638568654));
#10293=CARTESIAN_POINT('Origin',(-6.63856865362744E-5,3.23993361431346,
2.77555756156289E-16));
#10294=CARTESIAN_POINT('',(-0.125066385686536,3.23993361431346,2.77555756156289E-16));
#10295=CARTESIAN_POINT('Origin',(-6.63856865362744E-5,3.23993361431346,
5.));
#10296=CARTESIAN_POINT('',(-0.125066385686536,3.23993361431346,5.));
#10297=CARTESIAN_POINT('Origin',(-0.125066385686536,2.53993361431346,2.5));
#10298=CARTESIAN_POINT('Origin',(-6.63856865362744E-5,-1.94006638568654,
0.1));
#10299=CARTESIAN_POINT('',(-0.125066385686536,-2.04006638568654,2.77555756156289E-16));
#10300=CARTESIAN_POINT('',(-0.125066385686536,-1.84006638568654,0.2));
#10301=CARTESIAN_POINT('',(-0.125066385686536,-1.49006638568654,0.550000000000001));
#10302=CARTESIAN_POINT('',(0.124933614313464,-1.84006638568654,0.2));
#10303=CARTESIAN_POINT('',(-6.63856865362744E-5,-1.84006638568654,0.2));
#10304=CARTESIAN_POINT('',(0.124933614313464,-2.04006638568654,2.77555756156289E-16));
#10305=CARTESIAN_POINT('',(0.124933614313463,-1.49006638568654,0.550000000000001));
#10306=CARTESIAN_POINT('',(-6.63856865362744E-5,-2.04006638568654,2.77555756156289E-16));
#10307=CARTESIAN_POINT('Origin',(-6.63856865362744E-5,-1.84006638568654,
2.77555756156289E-16));
#10308=CARTESIAN_POINT('',(0.124933614313464,-2.27506638568654,2.77555756156289E-16));
#10309=CARTESIAN_POINT('',(0.124933614313464,-1.84006638568654,2.77555756156289E-16));
#10310=CARTESIAN_POINT('',(-0.125066385686536,-2.27506638568654,2.77555756156289E-16));
#10311=CARTESIAN_POINT('',(-6.63856865362744E-5,-2.27506638568654,2.77555756156289E-16));
#10312=CARTESIAN_POINT('',(-0.125066385686536,-1.84006638568654,2.77555756156289E-16));
#10313=CARTESIAN_POINT('Origin',(0.124933614313464,-2.54006638568654,2.5));
#10314=CARTESIAN_POINT('',(0.124933614313464,-1.84006638568654,2.09306638568654));
#10315=CARTESIAN_POINT('',(0.124933614313464,-1.84006638568654,5.));
#10316=CARTESIAN_POINT('',(0.124933614313464,-3.24006638568654,2.09306638568654));
#10317=CARTESIAN_POINT('',(0.124933614313464,-2.54006638568654,2.09306638568654));
#10318=CARTESIAN_POINT('',(0.124933614313464,-3.24006638568654,0.2));
#10319=CARTESIAN_POINT('',(0.124933614313464,-3.24006638568654,2.77555756156289E-16));
#10320=CARTESIAN_POINT('',(0.124933614313464,-3.04006638568654,2.77555756156289E-16));
#10321=CARTESIAN_POINT('',(0.124933614313464,-3.59006638568654,0.55));
#10322=CARTESIAN_POINT('',(0.124933614313464,-2.80506638568654,2.77555756156289E-16));
#10323=CARTESIAN_POINT('',(0.124933614313464,-1.84006638568654,2.77555756156289E-16));
#10324=CARTESIAN_POINT('',(0.124933614313464,-2.80506638568654,-3.3));
#10325=CARTESIAN_POINT('',(0.124933614313464,-2.80506638568654,-3.5));
#10326=CARTESIAN_POINT('',(0.124933614313464,-2.60506638568654,-3.5));
#10327=CARTESIAN_POINT('',(0.124933614313464,-4.13881638568654,-1.96625));
#10328=CARTESIAN_POINT('',(0.124933614313464,-2.47506638568654,-3.5));
#10329=CARTESIAN_POINT('',(0.124933614313464,-2.27506638568654,-3.5));
#10330=CARTESIAN_POINT('',(0.124933614313464,-2.27506638568654,-3.3));
#10331=CARTESIAN_POINT('',(0.124933614313463,-0.941316385686536,-1.96625));
#10332=CARTESIAN_POINT('',(0.124933614313464,-2.27506638568654,2.77555756156289E-16));
#10333=CARTESIAN_POINT('Origin',(-6.63856865362744E-5,-3.14006638568654,
0.1));
#10334=CARTESIAN_POINT('',(-0.125066385686536,-3.24006638568654,0.2));
#10335=CARTESIAN_POINT('',(-0.125066385686536,-3.04006638568654,2.77555756156289E-16));
#10336=CARTESIAN_POINT('',(-0.125066385686536,-3.59006638568654,0.55));
#10337=CARTESIAN_POINT('',(-6.63856865362744E-5,-3.04006638568654,2.77555756156289E-16));
#10338=CARTESIAN_POINT('',(-6.63856865362744E-5,-3.24006638568654,0.2));
#10339=CARTESIAN_POINT('Origin',(-6.63856865362744E-5,-3.24006638568654,
2.77555756156289E-16));
#10340=CARTESIAN_POINT('',(-0.125066385686536,-3.24006638568654,2.09306638568654));
#10341=CARTESIAN_POINT('',(-6.63856865362744E-5,-3.24006638568654,2.09306638568654));
#10342=CARTESIAN_POINT('',(-0.125066385686536,-3.24006638568654,2.77555756156289E-16));
#10343=CARTESIAN_POINT('Origin',(-6.63856865362744E-5,-2.70506638568654,
-3.4));
#10344=CARTESIAN_POINT('',(-0.125066385686536,-2.80506638568654,-3.3));
#10345=CARTESIAN_POINT('',(-0.125066385686536,-2.60506638568654,-3.5));
#10346=CARTESIAN_POINT('',(-0.125066385686536,-4.13881638568654,-1.96625));
#10347=CARTESIAN_POINT('',(-6.63856865362744E-5,-2.60506638568654,-3.5));
#10348=CARTESIAN_POINT('',(-6.63856865362744E-5,-2.80506638568654,-3.3));
#10349=CARTESIAN_POINT('Origin',(-6.63856865362744E-5,-2.27506638568654,
-3.5));
#10350=CARTESIAN_POINT('',(-0.125066385686536,-2.47506638568654,-3.5));
#10351=CARTESIAN_POINT('',(-0.125066385686536,-2.27506638568654,-3.5));
#10352=CARTESIAN_POINT('',(-6.63856865362744E-5,-2.47506638568654,-3.5));
#10353=CARTESIAN_POINT('Origin',(-6.63856865362744E-5,-2.37506638568654,
-3.4));
#10354=CARTESIAN_POINT('',(-0.125066385686536,-2.27506638568654,-3.3));
#10355=CARTESIAN_POINT('',(-0.125066385686536,-0.941316385686536,-1.96625));
#10356=CARTESIAN_POINT('',(-6.63856865362744E-5,-2.27506638568654,-3.3));
#10357=CARTESIAN_POINT('Origin',(0.301999999999999,-2.54006638568654,2.44306638568654));
#10358=CARTESIAN_POINT('',(0.224933614313463,-1.84006638568654,2.44306638568654));
#10359=CARTESIAN_POINT('',(0.224933614313464,-3.24006638568654,2.44306638568654));
#10360=CARTESIAN_POINT('',(0.224933614313463,-2.54006638568654,2.44306638568654));
#10361=CARTESIAN_POINT('',(2.802,-3.24006638568654,2.44306638568654));
#10362=CARTESIAN_POINT('',(-2.198,-3.24006638568654,2.44306638568654));
#10363=CARTESIAN_POINT('',(2.802,-1.84006638568654,2.44306638568654));
#10364=CARTESIAN_POINT('',(2.802,-3.24006638568654,2.44306638568654));
#10365=CARTESIAN_POINT('',(2.802,-1.84006638568654,2.44306638568654));
#10366=CARTESIAN_POINT('Origin',(0.224933614313463,-1.84006638568654,2.19306638568654));
#10367=CARTESIAN_POINT('',(0.224933614313463,-1.84006638568654,2.19306638568654));
#10368=CARTESIAN_POINT('',(0.224933614313463,-1.84006638568654,2.31806638568654));
#10369=CARTESIAN_POINT('Origin',(0.224933614313463,-1.84006638568654,2.09306638568654));
#10370=CARTESIAN_POINT('',(-0.125066385686536,-1.84006638568654,2.09306638568654));
#10371=CARTESIAN_POINT('',(-6.63856865362744E-5,-1.84006638568654,2.09306638568654));
#10372=CARTESIAN_POINT('Origin',(0.224933614313463,-1.84006638568654,2.09306638568654));
#10373=CARTESIAN_POINT('Origin',(0.224933614313464,-2.54006638568654,2.09306638568654));
#10374=CARTESIAN_POINT('',(0.224933614313464,-3.24006638568654,2.19306638568654));
#10375=CARTESIAN_POINT('',(0.224933614313463,-2.54006638568654,2.19306638568654));
#10376=CARTESIAN_POINT('Origin',(0.224933614313464,-3.24006638568654,2.09306638568654));
#10377=CARTESIAN_POINT('Origin',(-2.198,-3.24006638568654,2.31806638568654));
#10378=CARTESIAN_POINT('',(0.224933614313464,-3.24006638568654,2.31806638568654));
#10379=CARTESIAN_POINT('',(2.802,-3.24006638568654,2.19306638568654));
#10380=CARTESIAN_POINT('',(-2.198,-3.24006638568654,2.19306638568654));
#10381=CARTESIAN_POINT('',(2.802,-3.24006638568654,2.31806638568654));
#10382=CARTESIAN_POINT('Origin',(2.802,-1.84006638568654,2.31806638568654));
#10383=CARTESIAN_POINT('',(2.802,-1.84006638568654,2.19306638568654));
#10384=CARTESIAN_POINT('',(2.802,-1.84006638568654,2.31806638568654));
#10385=CARTESIAN_POINT('',(2.802,-1.84006638568654,2.19306638568654));
#10386=CARTESIAN_POINT('Origin',(0.224933614313464,-2.54006638568654,2.09306638568654));
#10387=CARTESIAN_POINT('',(-0.125066385686536,-2.54006638568654,2.09306638568654));
#10388=CARTESIAN_POINT('Origin',(0.224933614313464,-3.24006638568654,2.09306638568654));
#10389=CARTESIAN_POINT('Origin',(-6.63856865362744E-5,-2.80506638568654,
-3.5));
#10390=CARTESIAN_POINT('',(-0.125066385686536,-2.80506638568654,2.77555756156289E-16));
#10391=CARTESIAN_POINT('',(-6.63856865362744E-5,-2.80506638568654,2.77555756156289E-16));
#10392=CARTESIAN_POINT('',(-0.125066385686536,-2.80506638568654,-3.5));
#10393=CARTESIAN_POINT('Origin',(-6.63856865362744E-5,-2.27506638568654,
2.77555756156289E-16));
#10394=CARTESIAN_POINT('',(-0.125066385686536,-2.27506638568654,2.77555756156289E-16));
#10395=CARTESIAN_POINT('Origin',(0.301999999999999,-2.54006638568654,2.19306638568654));
#10396=CARTESIAN_POINT('',(2.802,-3.24006638568654,2.19306638568654));
#10397=CARTESIAN_POINT('Origin',(2.802,-3.24006638568654,2.31806638568654));
#10398=CARTESIAN_POINT('Origin',(0.224933614313464,-3.24006638568654,2.44306638568654));
#10399=CARTESIAN_POINT('Origin',(-6.63856865362744E-5,-1.84006638568654,
2.77555756156289E-16));
#10400=CARTESIAN_POINT('',(-0.125066385686536,-1.84006638568654,2.77555756156289E-16));
#10401=CARTESIAN_POINT('Origin',(-6.63856865362744E-5,-1.84006638568654,
5.));
#10402=CARTESIAN_POINT('',(-0.125066385686536,-1.84006638568654,5.));
#10403=CARTESIAN_POINT('Origin',(-0.125066385686536,-2.54006638568654,2.5));
#10404=CARTESIAN_POINT('Origin',(-6.63856865362744E-5,5.67993361431346,
0.1));
#10405=CARTESIAN_POINT('',(-0.125066385686536,5.57993361431346,2.77555756156289E-16));
#10406=CARTESIAN_POINT('',(-0.125066385686536,5.77993361431346,0.2));
#10407=CARTESIAN_POINT('',(-0.125066385686536,6.12993361431346,0.550000000000001));
#10408=CARTESIAN_POINT('',(0.124933614313464,5.77993361431346,0.2));
#10409=CARTESIAN_POINT('',(-6.63856865362744E-5,5.77993361431346,0.2));
#10410=CARTESIAN_POINT('',(0.124933614313464,5.57993361431346,2.77555756156289E-16));
#10411=CARTESIAN_POINT('',(0.124933614313463,6.12993361431346,0.550000000000001));
#10412=CARTESIAN_POINT('',(-6.63856865362744E-5,5.57993361431346,2.77555756156289E-16));
#10413=CARTESIAN_POINT('Origin',(-6.63856865362744E-5,5.77993361431346,
2.77555756156289E-16));
#10414=CARTESIAN_POINT('',(0.124933614313464,5.34493361431346,2.77555756156289E-16));
#10415=CARTESIAN_POINT('',(0.124933614313464,5.77993361431346,2.77555756156289E-16));
#10416=CARTESIAN_POINT('',(-0.125066385686536,5.34493361431346,2.77555756156289E-16));
#10417=CARTESIAN_POINT('',(-6.63856865362744E-5,5.34493361431346,2.77555756156289E-16));
#10418=CARTESIAN_POINT('',(-0.125066385686536,5.77993361431346,2.77555756156289E-16));
#10419=CARTESIAN_POINT('Origin',(0.124933614313464,5.07993361431346,2.5));
#10420=CARTESIAN_POINT('',(0.124933614313464,5.77993361431346,2.09306638568654));
#10421=CARTESIAN_POINT('',(0.124933614313464,5.77993361431346,5.));
#10422=CARTESIAN_POINT('',(0.124933614313464,4.37993361431346,2.09306638568654));
#10423=CARTESIAN_POINT('',(0.124933614313464,5.07993361431346,2.09306638568654));
#10424=CARTESIAN_POINT('',(0.124933614313464,4.37993361431346,0.2));
#10425=CARTESIAN_POINT('',(0.124933614313464,4.37993361431346,2.77555756156289E-16));
#10426=CARTESIAN_POINT('',(0.124933614313464,4.57993361431346,2.77555756156289E-16));
#10427=CARTESIAN_POINT('',(0.124933614313464,4.02993361431346,0.55));
#10428=CARTESIAN_POINT('',(0.124933614313464,4.81493361431346,2.77555756156289E-16));
#10429=CARTESIAN_POINT('',(0.124933614313464,5.77993361431346,2.77555756156289E-16));
#10430=CARTESIAN_POINT('',(0.124933614313464,4.81493361431346,-3.3));
#10431=CARTESIAN_POINT('',(0.124933614313464,4.81493361431346,-3.5));
#10432=CARTESIAN_POINT('',(0.124933614313464,5.01493361431346,-3.5));
#10433=CARTESIAN_POINT('',(0.124933614313464,3.48118361431346,-1.96625));
#10434=CARTESIAN_POINT('',(0.124933614313464,5.14493361431346,-3.5));
#10435=CARTESIAN_POINT('',(0.124933614313464,5.34493361431346,-3.5));
#10436=CARTESIAN_POINT('',(0.124933614313464,5.34493361431346,-3.3));
#10437=CARTESIAN_POINT('',(0.124933614313463,6.67868361431346,-1.96625));
#10438=CARTESIAN_POINT('',(0.124933614313464,5.34493361431346,2.77555756156289E-16));
#10439=CARTESIAN_POINT('Origin',(-6.63856865362744E-5,4.47993361431346,
0.1));
#10440=CARTESIAN_POINT('',(-0.125066385686536,4.37993361431346,0.2));
#10441=CARTESIAN_POINT('',(-0.125066385686536,4.57993361431346,2.77555756156289E-16));
#10442=CARTESIAN_POINT('',(-0.125066385686536,4.02993361431346,0.55));
#10443=CARTESIAN_POINT('',(-6.63856865362744E-5,4.57993361431346,2.77555756156289E-16));
#10444=CARTESIAN_POINT('',(-6.63856865362744E-5,4.37993361431346,0.2));
#10445=CARTESIAN_POINT('Origin',(-6.63856865362744E-5,4.37993361431346,
2.77555756156289E-16));
#10446=CARTESIAN_POINT('',(-0.125066385686536,4.37993361431346,2.09306638568654));
#10447=CARTESIAN_POINT('',(-6.63856865362744E-5,4.37993361431346,2.09306638568654));
#10448=CARTESIAN_POINT('',(-0.125066385686536,4.37993361431346,2.77555756156289E-16));
#10449=CARTESIAN_POINT('Origin',(-6.63856865362744E-5,4.91493361431346,
-3.4));
#10450=CARTESIAN_POINT('',(-0.125066385686536,4.81493361431346,-3.3));
#10451=CARTESIAN_POINT('',(-0.125066385686536,5.01493361431346,-3.5));
#10452=CARTESIAN_POINT('',(-0.125066385686536,3.48118361431346,-1.96625));
#10453=CARTESIAN_POINT('',(-6.63856865362744E-5,5.01493361431346,-3.5));
#10454=CARTESIAN_POINT('',(-6.63856865362744E-5,4.81493361431346,-3.3));
#10455=CARTESIAN_POINT('Origin',(-6.63856865362744E-5,5.34493361431346,
-3.5));
#10456=CARTESIAN_POINT('',(-0.125066385686536,5.14493361431346,-3.5));
#10457=CARTESIAN_POINT('',(-0.125066385686536,5.34493361431346,-3.5));
#10458=CARTESIAN_POINT('',(-6.63856865362744E-5,5.14493361431346,-3.5));
#10459=CARTESIAN_POINT('Origin',(-6.63856865362744E-5,5.24493361431346,
-3.4));
#10460=CARTESIAN_POINT('',(-0.125066385686536,5.34493361431346,-3.3));
#10461=CARTESIAN_POINT('',(-0.125066385686536,6.67868361431346,-1.96625));
#10462=CARTESIAN_POINT('',(-6.63856865362744E-5,5.34493361431346,-3.3));
#10463=CARTESIAN_POINT('Origin',(0.301999999999999,5.07993361431346,2.44306638568654));
#10464=CARTESIAN_POINT('',(0.224933614313463,5.77993361431346,2.44306638568654));
#10465=CARTESIAN_POINT('',(0.224933614313464,4.37993361431346,2.44306638568654));
#10466=CARTESIAN_POINT('',(0.224933614313463,5.07993361431346,2.44306638568654));
#10467=CARTESIAN_POINT('',(2.802,4.37993361431346,2.44306638568654));
#10468=CARTESIAN_POINT('',(-2.198,4.37993361431346,2.44306638568654));
#10469=CARTESIAN_POINT('',(2.802,5.77993361431346,2.44306638568654));
#10470=CARTESIAN_POINT('',(2.802,4.37993361431346,2.44306638568654));
#10471=CARTESIAN_POINT('',(2.802,5.77993361431346,2.44306638568654));
#10472=CARTESIAN_POINT('Origin',(0.224933614313463,5.77993361431346,2.19306638568654));
#10473=CARTESIAN_POINT('',(0.224933614313463,5.77993361431346,2.19306638568654));
#10474=CARTESIAN_POINT('',(0.224933614313463,5.77993361431346,2.31806638568654));
#10475=CARTESIAN_POINT('Origin',(0.224933614313463,5.77993361431346,2.09306638568654));
#10476=CARTESIAN_POINT('',(-0.125066385686536,5.77993361431346,2.09306638568654));
#10477=CARTESIAN_POINT('',(-6.63856865362744E-5,5.77993361431346,2.09306638568654));
#10478=CARTESIAN_POINT('Origin',(0.224933614313463,5.77993361431346,2.09306638568654));
#10479=CARTESIAN_POINT('Origin',(0.224933614313464,5.07993361431346,2.09306638568654));
#10480=CARTESIAN_POINT('',(0.224933614313464,4.37993361431346,2.19306638568654));
#10481=CARTESIAN_POINT('',(0.224933614313463,5.07993361431346,2.19306638568654));
#10482=CARTESIAN_POINT('Origin',(0.224933614313464,4.37993361431346,2.09306638568654));
#10483=CARTESIAN_POINT('Origin',(-2.198,4.37993361431346,2.31806638568654));
#10484=CARTESIAN_POINT('',(0.224933614313464,4.37993361431346,2.31806638568654));
#10485=CARTESIAN_POINT('',(2.802,4.37993361431346,2.19306638568654));
#10486=CARTESIAN_POINT('',(-2.198,4.37993361431346,2.19306638568654));
#10487=CARTESIAN_POINT('',(2.802,4.37993361431346,2.31806638568654));
#10488=CARTESIAN_POINT('Origin',(2.802,5.77993361431346,2.31806638568654));
#10489=CARTESIAN_POINT('',(2.802,5.77993361431346,2.19306638568654));
#10490=CARTESIAN_POINT('',(2.802,5.77993361431346,2.31806638568654));
#10491=CARTESIAN_POINT('',(2.802,5.77993361431346,2.19306638568654));
#10492=CARTESIAN_POINT('Origin',(0.224933614313464,5.07993361431346,2.09306638568654));
#10493=CARTESIAN_POINT('',(-0.125066385686536,5.07993361431346,2.09306638568654));
#10494=CARTESIAN_POINT('Origin',(0.224933614313464,4.37993361431346,2.09306638568654));
#10495=CARTESIAN_POINT('Origin',(-6.63856865362744E-5,4.81493361431346,
-3.5));
#10496=CARTESIAN_POINT('',(-0.125066385686536,4.81493361431346,2.77555756156289E-16));
#10497=CARTESIAN_POINT('',(-6.63856865362744E-5,4.81493361431346,2.77555756156289E-16));
#10498=CARTESIAN_POINT('',(-0.125066385686536,4.81493361431346,-3.5));
#10499=CARTESIAN_POINT('Origin',(-6.63856865362744E-5,5.34493361431346,
2.77555756156289E-16));
#10500=CARTESIAN_POINT('',(-0.125066385686536,5.34493361431346,2.77555756156289E-16));
#10501=CARTESIAN_POINT('Origin',(0.301999999999999,5.07993361431346,2.19306638568654));
#10502=CARTESIAN_POINT('',(2.802,4.37993361431346,2.19306638568654));
#10503=CARTESIAN_POINT('Origin',(2.802,4.37993361431346,2.31806638568654));
#10504=CARTESIAN_POINT('Origin',(0.224933614313464,4.37993361431346,2.44306638568654));
#10505=CARTESIAN_POINT('Origin',(-6.63856865362744E-5,5.77993361431346,
2.77555756156289E-16));
#10506=CARTESIAN_POINT('',(-0.125066385686536,5.77993361431346,2.77555756156289E-16));
#10507=CARTESIAN_POINT('Origin',(-6.63856865362744E-5,5.77993361431346,
5.));
#10508=CARTESIAN_POINT('',(-0.125066385686536,5.77993361431346,5.));
#10509=CARTESIAN_POINT('Origin',(-0.125066385686536,5.07993361431346,2.5));
#10510=CARTESIAN_POINT('Origin',(-6.63856865362744E-5,-4.48006638568654,
0.1));
#10511=CARTESIAN_POINT('',(-0.125066385686536,-4.58006638568654,2.77555756156289E-16));
#10512=CARTESIAN_POINT('',(-0.125066385686536,-4.38006638568654,0.2));
#10513=CARTESIAN_POINT('',(-0.125066385686536,-4.03006638568654,0.550000000000001));
#10514=CARTESIAN_POINT('',(0.124933614313464,-4.38006638568654,0.2));
#10515=CARTESIAN_POINT('',(-6.63856865362744E-5,-4.38006638568654,0.2));
#10516=CARTESIAN_POINT('',(0.124933614313464,-4.58006638568654,2.77555756156289E-16));
#10517=CARTESIAN_POINT('',(0.124933614313463,-4.03006638568654,0.550000000000001));
#10518=CARTESIAN_POINT('',(-6.63856865362744E-5,-4.58006638568654,2.77555756156289E-16));
#10519=CARTESIAN_POINT('Origin',(-6.63856865362744E-5,-4.38006638568654,
2.77555756156289E-16));
#10520=CARTESIAN_POINT('',(0.124933614313464,-4.81506638568654,2.77555756156289E-16));
#10521=CARTESIAN_POINT('',(0.124933614313464,-4.38006638568654,2.77555756156289E-16));
#10522=CARTESIAN_POINT('',(-0.125066385686536,-4.81506638568654,2.77555756156289E-16));
#10523=CARTESIAN_POINT('',(-6.63856865362744E-5,-4.81506638568654,2.77555756156289E-16));
#10524=CARTESIAN_POINT('',(-0.125066385686536,-4.38006638568654,2.77555756156289E-16));
#10525=CARTESIAN_POINT('Origin',(0.124933614313464,-5.08006638568654,2.5));
#10526=CARTESIAN_POINT('',(0.124933614313464,-4.38006638568654,2.09306638568654));
#10527=CARTESIAN_POINT('',(0.124933614313464,-4.38006638568654,5.));
#10528=CARTESIAN_POINT('',(0.124933614313464,-5.78006638568654,2.09306638568654));
#10529=CARTESIAN_POINT('',(0.124933614313464,-5.08006638568654,2.09306638568654));
#10530=CARTESIAN_POINT('',(0.124933614313464,-5.78006638568654,0.2));
#10531=CARTESIAN_POINT('',(0.124933614313464,-5.78006638568654,2.77555756156289E-16));
#10532=CARTESIAN_POINT('',(0.124933614313464,-5.58006638568654,2.77555756156289E-16));
#10533=CARTESIAN_POINT('',(0.124933614313464,-6.13006638568654,0.55));
#10534=CARTESIAN_POINT('',(0.124933614313464,-5.34506638568654,2.77555756156289E-16));
#10535=CARTESIAN_POINT('',(0.124933614313464,-4.38006638568654,2.77555756156289E-16));
#10536=CARTESIAN_POINT('',(0.124933614313464,-5.34506638568654,-3.3));
#10537=CARTESIAN_POINT('',(0.124933614313464,-5.34506638568654,-3.5));
#10538=CARTESIAN_POINT('',(0.124933614313464,-5.14506638568654,-3.5));
#10539=CARTESIAN_POINT('',(0.124933614313464,-6.67881638568654,-1.96625));
#10540=CARTESIAN_POINT('',(0.124933614313464,-5.01506638568654,-3.5));
#10541=CARTESIAN_POINT('',(0.124933614313464,-4.81506638568654,-3.5));
#10542=CARTESIAN_POINT('',(0.124933614313464,-4.81506638568654,-3.3));
#10543=CARTESIAN_POINT('',(0.124933614313463,-3.48131638568654,-1.96625));
#10544=CARTESIAN_POINT('',(0.124933614313464,-4.81506638568654,2.77555756156289E-16));
#10545=CARTESIAN_POINT('Origin',(-6.63856865362744E-5,-5.68006638568654,
0.1));
#10546=CARTESIAN_POINT('',(-0.125066385686536,-5.78006638568654,0.2));
#10547=CARTESIAN_POINT('',(-0.125066385686536,-5.58006638568654,2.77555756156289E-16));
#10548=CARTESIAN_POINT('',(-0.125066385686536,-6.13006638568654,0.55));
#10549=CARTESIAN_POINT('',(-6.63856865362744E-5,-5.58006638568654,2.77555756156289E-16));
#10550=CARTESIAN_POINT('',(-6.63856865362744E-5,-5.78006638568654,0.2));
#10551=CARTESIAN_POINT('Origin',(-6.63856865362744E-5,-5.78006638568654,
2.77555756156289E-16));
#10552=CARTESIAN_POINT('',(-0.125066385686536,-5.78006638568654,2.09306638568654));
#10553=CARTESIAN_POINT('',(-6.63856865362744E-5,-5.78006638568654,2.09306638568654));
#10554=CARTESIAN_POINT('',(-0.125066385686536,-5.78006638568654,2.77555756156289E-16));
#10555=CARTESIAN_POINT('Origin',(-6.63856865362744E-5,-5.24506638568654,
-3.4));
#10556=CARTESIAN_POINT('',(-0.125066385686536,-5.34506638568654,-3.3));
#10557=CARTESIAN_POINT('',(-0.125066385686536,-5.14506638568654,-3.5));
#10558=CARTESIAN_POINT('',(-0.125066385686536,-6.67881638568654,-1.96625));
#10559=CARTESIAN_POINT('',(-6.63856865362744E-5,-5.14506638568654,-3.5));
#10560=CARTESIAN_POINT('',(-6.63856865362744E-5,-5.34506638568654,-3.3));
#10561=CARTESIAN_POINT('Origin',(-6.63856865362744E-5,-4.81506638568654,
-3.5));
#10562=CARTESIAN_POINT('',(-0.125066385686536,-5.01506638568654,-3.5));
#10563=CARTESIAN_POINT('',(-0.125066385686536,-4.81506638568654,-3.5));
#10564=CARTESIAN_POINT('',(-6.63856865362744E-5,-5.01506638568654,-3.5));
#10565=CARTESIAN_POINT('Origin',(-6.63856865362744E-5,-4.91506638568654,
-3.4));
#10566=CARTESIAN_POINT('',(-0.125066385686536,-4.81506638568654,-3.3));
#10567=CARTESIAN_POINT('',(-0.125066385686536,-3.48131638568654,-1.96625));
#10568=CARTESIAN_POINT('',(-6.63856865362744E-5,-4.81506638568654,-3.3));
#10569=CARTESIAN_POINT('Origin',(0.301999999999999,-5.08006638568654,2.44306638568654));
#10570=CARTESIAN_POINT('',(0.224933614313463,-4.38006638568654,2.44306638568654));
#10571=CARTESIAN_POINT('',(0.224933614313464,-5.78006638568654,2.44306638568654));
#10572=CARTESIAN_POINT('',(0.224933614313463,-5.08006638568654,2.44306638568654));
#10573=CARTESIAN_POINT('',(2.802,-5.78006638568653,2.44306638568654));
#10574=CARTESIAN_POINT('',(-2.198,-5.78006638568654,2.44306638568654));
#10575=CARTESIAN_POINT('',(2.802,-4.38006638568654,2.44306638568654));
#10576=CARTESIAN_POINT('',(2.802,-5.78006638568653,2.44306638568654));
#10577=CARTESIAN_POINT('',(2.802,-4.38006638568654,2.44306638568654));
#10578=CARTESIAN_POINT('Origin',(0.224933614313463,-4.38006638568654,2.19306638568654));
#10579=CARTESIAN_POINT('',(0.224933614313463,-4.38006638568654,2.19306638568654));
#10580=CARTESIAN_POINT('',(0.224933614313463,-4.38006638568654,2.31806638568654));
#10581=CARTESIAN_POINT('Origin',(0.224933614313463,-4.38006638568654,2.09306638568654));
#10582=CARTESIAN_POINT('',(-0.125066385686536,-4.38006638568654,2.09306638568654));
#10583=CARTESIAN_POINT('',(-6.63856865362744E-5,-4.38006638568654,2.09306638568654));
#10584=CARTESIAN_POINT('Origin',(0.224933614313463,-4.38006638568654,2.09306638568654));
#10585=CARTESIAN_POINT('Origin',(0.224933614313464,-5.08006638568654,2.09306638568654));
#10586=CARTESIAN_POINT('',(0.224933614313464,-5.78006638568654,2.19306638568654));
#10587=CARTESIAN_POINT('',(0.224933614313463,-5.08006638568654,2.19306638568654));
#10588=CARTESIAN_POINT('Origin',(0.224933614313464,-5.78006638568654,2.09306638568654));
#10589=CARTESIAN_POINT('Origin',(-2.198,-5.78006638568654,2.31806638568654));
#10590=CARTESIAN_POINT('',(0.224933614313464,-5.78006638568654,2.31806638568654));
#10591=CARTESIAN_POINT('',(2.802,-5.78006638568653,2.19306638568654));
#10592=CARTESIAN_POINT('',(-2.198,-5.78006638568654,2.19306638568654));
#10593=CARTESIAN_POINT('',(2.802,-5.78006638568653,2.31806638568654));
#10594=CARTESIAN_POINT('Origin',(2.802,-4.38006638568654,2.31806638568654));
#10595=CARTESIAN_POINT('',(2.802,-4.38006638568654,2.19306638568654));
#10596=CARTESIAN_POINT('',(2.802,-4.38006638568654,2.31806638568654));
#10597=CARTESIAN_POINT('',(2.802,-4.38006638568654,2.19306638568654));
#10598=CARTESIAN_POINT('Origin',(0.224933614313464,-5.08006638568654,2.09306638568654));
#10599=CARTESIAN_POINT('',(-0.125066385686536,-5.08006638568654,2.09306638568654));
#10600=CARTESIAN_POINT('Origin',(0.224933614313464,-5.78006638568654,2.09306638568654));
#10601=CARTESIAN_POINT('Origin',(-6.63856865362744E-5,-5.34506638568654,
-3.5));
#10602=CARTESIAN_POINT('',(-0.125066385686536,-5.34506638568654,2.77555756156289E-16));
#10603=CARTESIAN_POINT('',(-6.63856865362744E-5,-5.34506638568654,2.77555756156289E-16));
#10604=CARTESIAN_POINT('',(-0.125066385686536,-5.34506638568654,-3.5));
#10605=CARTESIAN_POINT('Origin',(-6.63856865362744E-5,-4.81506638568654,
2.77555756156289E-16));
#10606=CARTESIAN_POINT('',(-0.125066385686536,-4.81506638568654,2.77555756156289E-16));
#10607=CARTESIAN_POINT('Origin',(0.301999999999999,-5.08006638568654,2.19306638568654));
#10608=CARTESIAN_POINT('',(2.802,-5.78006638568653,2.19306638568654));
#10609=CARTESIAN_POINT('Origin',(2.802,-5.78006638568653,2.31806638568654));
#10610=CARTESIAN_POINT('Origin',(0.224933614313464,-5.78006638568654,2.44306638568654));
#10611=CARTESIAN_POINT('Origin',(-6.63856865362744E-5,-4.38006638568654,
2.77555756156289E-16));
#10612=CARTESIAN_POINT('',(-0.125066385686536,-4.38006638568654,2.77555756156289E-16));
#10613=CARTESIAN_POINT('Origin',(-6.63856865362744E-5,-4.38006638568654,
5.));
#10614=CARTESIAN_POINT('',(-0.125066385686536,-4.38006638568654,5.));
#10615=CARTESIAN_POINT('Origin',(-0.125066385686536,-5.08006638568654,2.5));
#10616=CARTESIAN_POINT('Origin',(-6.63856865362744E-5,8.21993361431346,
0.1));
#10617=CARTESIAN_POINT('',(-0.125066385686536,8.11993361431346,2.77555756156289E-16));
#10618=CARTESIAN_POINT('',(-0.125066385686536,8.31993361431346,0.2));
#10619=CARTESIAN_POINT('',(-0.125066385686536,8.66993361431346,0.550000000000001));
#10620=CARTESIAN_POINT('',(0.124933614313464,8.31993361431346,0.2));
#10621=CARTESIAN_POINT('',(-6.63856865362744E-5,8.31993361431346,0.2));
#10622=CARTESIAN_POINT('',(0.124933614313464,8.11993361431346,2.77555756156289E-16));
#10623=CARTESIAN_POINT('',(0.124933614313463,8.66993361431346,0.550000000000001));
#10624=CARTESIAN_POINT('',(-6.63856865362744E-5,8.11993361431346,2.77555756156289E-16));
#10625=CARTESIAN_POINT('Origin',(-6.63856865362744E-5,8.31993361431346,
2.77555756156289E-16));
#10626=CARTESIAN_POINT('',(0.124933614313464,7.88493361431346,2.77555756156289E-16));
#10627=CARTESIAN_POINT('',(0.124933614313464,8.31993361431346,2.77555756156289E-16));
#10628=CARTESIAN_POINT('',(-0.125066385686536,7.88493361431346,2.77555756156289E-16));
#10629=CARTESIAN_POINT('',(-6.63856865362744E-5,7.88493361431346,2.77555756156289E-16));
#10630=CARTESIAN_POINT('',(-0.125066385686536,8.31993361431346,2.77555756156289E-16));
#10631=CARTESIAN_POINT('Origin',(0.124933614313464,7.61993361431346,2.5));
#10632=CARTESIAN_POINT('',(0.124933614313464,8.31993361431346,2.09306638568654));
#10633=CARTESIAN_POINT('',(0.124933614313464,8.31993361431346,5.));
#10634=CARTESIAN_POINT('',(0.124933614313464,6.91993361431346,2.09306638568654));
#10635=CARTESIAN_POINT('',(0.124933614313464,7.61993361431346,2.09306638568654));
#10636=CARTESIAN_POINT('',(0.124933614313464,6.91993361431346,0.2));
#10637=CARTESIAN_POINT('',(0.124933614313464,6.91993361431346,2.77555756156289E-16));
#10638=CARTESIAN_POINT('',(0.124933614313464,7.11993361431346,2.77555756156289E-16));
#10639=CARTESIAN_POINT('',(0.124933614313464,6.56993361431346,0.55));
#10640=CARTESIAN_POINT('',(0.124933614313464,7.35493361431346,2.77555756156289E-16));
#10641=CARTESIAN_POINT('',(0.124933614313464,8.31993361431346,2.77555756156289E-16));
#10642=CARTESIAN_POINT('',(0.124933614313464,7.35493361431346,-3.3));
#10643=CARTESIAN_POINT('',(0.124933614313464,7.35493361431346,-3.5));
#10644=CARTESIAN_POINT('',(0.124933614313464,7.55493361431346,-3.5));
#10645=CARTESIAN_POINT('',(0.124933614313464,6.02118361431346,-1.96625));
#10646=CARTESIAN_POINT('',(0.124933614313464,7.68493361431346,-3.5));
#10647=CARTESIAN_POINT('',(0.124933614313464,7.88493361431346,-3.5));
#10648=CARTESIAN_POINT('',(0.124933614313464,7.88493361431346,-3.3));
#10649=CARTESIAN_POINT('',(0.124933614313463,9.21868361431346,-1.96625));
#10650=CARTESIAN_POINT('',(0.124933614313464,7.88493361431346,2.77555756156289E-16));
#10651=CARTESIAN_POINT('Origin',(-6.63856865362744E-5,7.01993361431346,
0.1));
#10652=CARTESIAN_POINT('',(-0.125066385686536,6.91993361431346,0.2));
#10653=CARTESIAN_POINT('',(-0.125066385686536,7.11993361431346,2.77555756156289E-16));
#10654=CARTESIAN_POINT('',(-0.125066385686536,6.56993361431346,0.55));
#10655=CARTESIAN_POINT('',(-6.63856865362744E-5,7.11993361431346,2.77555756156289E-16));
#10656=CARTESIAN_POINT('',(-6.63856865362744E-5,6.91993361431346,0.2));
#10657=CARTESIAN_POINT('Origin',(-6.63856865362744E-5,6.91993361431346,
2.77555756156289E-16));
#10658=CARTESIAN_POINT('',(-0.125066385686536,6.91993361431346,2.09306638568654));
#10659=CARTESIAN_POINT('',(-6.63856865362744E-5,6.91993361431346,2.09306638568654));
#10660=CARTESIAN_POINT('',(-0.125066385686536,6.91993361431346,2.77555756156289E-16));
#10661=CARTESIAN_POINT('Origin',(-6.63856865362744E-5,7.45493361431346,
-3.4));
#10662=CARTESIAN_POINT('',(-0.125066385686536,7.35493361431346,-3.3));
#10663=CARTESIAN_POINT('',(-0.125066385686536,7.55493361431346,-3.5));
#10664=CARTESIAN_POINT('',(-0.125066385686536,6.02118361431346,-1.96625));
#10665=CARTESIAN_POINT('',(-6.63856865362744E-5,7.55493361431346,-3.5));
#10666=CARTESIAN_POINT('',(-6.63856865362744E-5,7.35493361431346,-3.3));
#10667=CARTESIAN_POINT('Origin',(-6.63856865362744E-5,7.88493361431346,
-3.5));
#10668=CARTESIAN_POINT('',(-0.125066385686536,7.68493361431346,-3.5));
#10669=CARTESIAN_POINT('',(-0.125066385686536,7.88493361431346,-3.5));
#10670=CARTESIAN_POINT('',(-6.63856865362744E-5,7.68493361431346,-3.5));
#10671=CARTESIAN_POINT('Origin',(-6.63856865362744E-5,7.78493361431346,
-3.4));
#10672=CARTESIAN_POINT('',(-0.125066385686536,7.88493361431346,-3.3));
#10673=CARTESIAN_POINT('',(-0.125066385686536,9.21868361431346,-1.96625));
#10674=CARTESIAN_POINT('',(-6.63856865362744E-5,7.88493361431346,-3.3));
#10675=CARTESIAN_POINT('Origin',(0.301999999999999,7.61993361431346,2.44306638568654));
#10676=CARTESIAN_POINT('',(0.224933614313463,8.31993361431346,2.44306638568654));
#10677=CARTESIAN_POINT('',(0.224933614313464,6.91993361431346,2.44306638568654));
#10678=CARTESIAN_POINT('',(0.224933614313463,7.61993361431346,2.44306638568654));
#10679=CARTESIAN_POINT('',(2.802,6.91993361431346,2.44306638568654));
#10680=CARTESIAN_POINT('',(-2.198,6.91993361431346,2.44306638568654));
#10681=CARTESIAN_POINT('',(2.802,8.31993361431346,2.44306638568654));
#10682=CARTESIAN_POINT('',(2.802,6.91993361431346,2.44306638568654));
#10683=CARTESIAN_POINT('',(2.802,8.31993361431346,2.44306638568654));
#10684=CARTESIAN_POINT('Origin',(0.224933614313463,8.31993361431346,2.19306638568654));
#10685=CARTESIAN_POINT('',(0.224933614313463,8.31993361431346,2.19306638568654));
#10686=CARTESIAN_POINT('',(0.224933614313463,8.31993361431346,2.31806638568654));
#10687=CARTESIAN_POINT('Origin',(0.224933614313463,8.31993361431346,2.09306638568654));
#10688=CARTESIAN_POINT('',(-0.125066385686536,8.31993361431346,2.09306638568654));
#10689=CARTESIAN_POINT('',(-6.63856865362744E-5,8.31993361431346,2.09306638568654));
#10690=CARTESIAN_POINT('Origin',(0.224933614313463,8.31993361431346,2.09306638568654));
#10691=CARTESIAN_POINT('Origin',(0.224933614313464,7.61993361431346,2.09306638568654));
#10692=CARTESIAN_POINT('',(0.224933614313464,6.91993361431346,2.19306638568654));
#10693=CARTESIAN_POINT('',(0.224933614313463,7.61993361431346,2.19306638568654));
#10694=CARTESIAN_POINT('Origin',(0.224933614313464,6.91993361431346,2.09306638568654));
#10695=CARTESIAN_POINT('Origin',(-2.198,6.91993361431346,2.31806638568654));
#10696=CARTESIAN_POINT('',(0.224933614313464,6.91993361431346,2.31806638568654));
#10697=CARTESIAN_POINT('',(2.802,6.91993361431346,2.19306638568654));
#10698=CARTESIAN_POINT('',(-2.198,6.91993361431346,2.19306638568654));
#10699=CARTESIAN_POINT('',(2.802,6.91993361431346,2.31806638568654));
#10700=CARTESIAN_POINT('Origin',(2.802,8.31993361431346,2.31806638568654));
#10701=CARTESIAN_POINT('',(2.802,8.31993361431346,2.19306638568654));
#10702=CARTESIAN_POINT('',(2.802,8.31993361431346,2.31806638568654));
#10703=CARTESIAN_POINT('',(2.802,8.31993361431346,2.19306638568654));
#10704=CARTESIAN_POINT('Origin',(0.224933614313464,7.61993361431346,2.09306638568654));
#10705=CARTESIAN_POINT('',(-0.125066385686536,7.61993361431346,2.09306638568654));
#10706=CARTESIAN_POINT('Origin',(0.224933614313464,6.91993361431346,2.09306638568654));
#10707=CARTESIAN_POINT('Origin',(-6.63856865362744E-5,7.35493361431346,
-3.5));
#10708=CARTESIAN_POINT('',(-0.125066385686536,7.35493361431346,2.77555756156289E-16));
#10709=CARTESIAN_POINT('',(-6.63856865362744E-5,7.35493361431346,2.77555756156289E-16));
#10710=CARTESIAN_POINT('',(-0.125066385686536,7.35493361431346,-3.5));
#10711=CARTESIAN_POINT('Origin',(-6.63856865362744E-5,7.88493361431346,
2.77555756156289E-16));
#10712=CARTESIAN_POINT('',(-0.125066385686536,7.88493361431346,2.77555756156289E-16));
#10713=CARTESIAN_POINT('Origin',(0.301999999999999,7.61993361431346,2.19306638568654));
#10714=CARTESIAN_POINT('',(2.802,6.91993361431346,2.19306638568654));
#10715=CARTESIAN_POINT('Origin',(2.802,6.91993361431346,2.31806638568654));
#10716=CARTESIAN_POINT('Origin',(0.224933614313464,6.91993361431346,2.44306638568654));
#10717=CARTESIAN_POINT('Origin',(-6.63856865362744E-5,8.31993361431346,
2.77555756156289E-16));
#10718=CARTESIAN_POINT('',(-0.125066385686536,8.31993361431346,2.77555756156289E-16));
#10719=CARTESIAN_POINT('Origin',(-6.63856865362744E-5,8.31993361431346,
5.));
#10720=CARTESIAN_POINT('',(-0.125066385686536,8.31993361431346,5.));
#10721=CARTESIAN_POINT('Origin',(-0.125066385686536,7.61993361431346,2.5));
#10722=CARTESIAN_POINT('Origin',(-6.63856865362744E-5,-7.02006638568654,
0.1));
#10723=CARTESIAN_POINT('',(-0.125066385686536,-7.12006638568654,2.77555756156289E-16));
#10724=CARTESIAN_POINT('',(-0.125066385686536,-6.92006638568654,0.2));
#10725=CARTESIAN_POINT('',(-0.125066385686536,-6.57006638568654,0.550000000000001));
#10726=CARTESIAN_POINT('',(0.124933614313464,-6.92006638568654,0.2));
#10727=CARTESIAN_POINT('',(-6.63856865362744E-5,-6.92006638568654,0.2));
#10728=CARTESIAN_POINT('',(0.124933614313464,-7.12006638568654,2.77555756156289E-16));
#10729=CARTESIAN_POINT('',(0.124933614313463,-6.57006638568654,0.550000000000001));
#10730=CARTESIAN_POINT('',(-6.63856865362744E-5,-7.12006638568654,2.77555756156289E-16));
#10731=CARTESIAN_POINT('Origin',(-6.63856865362744E-5,-6.92006638568654,
2.77555756156289E-16));
#10732=CARTESIAN_POINT('',(0.124933614313464,-7.35506638568654,2.77555756156289E-16));
#10733=CARTESIAN_POINT('',(0.124933614313464,-6.92006638568654,2.77555756156289E-16));
#10734=CARTESIAN_POINT('',(-0.125066385686536,-7.35506638568654,2.77555756156289E-16));
#10735=CARTESIAN_POINT('',(-6.63856865362744E-5,-7.35506638568654,2.77555756156289E-16));
#10736=CARTESIAN_POINT('',(-0.125066385686536,-6.92006638568654,2.77555756156289E-16));
#10737=CARTESIAN_POINT('Origin',(0.124933614313464,-7.62006638568654,2.5));
#10738=CARTESIAN_POINT('',(0.124933614313464,-6.92006638568654,2.09306638568654));
#10739=CARTESIAN_POINT('',(0.124933614313464,-6.92006638568654,5.));
#10740=CARTESIAN_POINT('',(0.124933614313464,-8.32006638568654,2.09306638568654));
#10741=CARTESIAN_POINT('',(0.124933614313464,-7.62006638568654,2.09306638568654));
#10742=CARTESIAN_POINT('',(0.124933614313464,-8.32006638568654,0.2));
#10743=CARTESIAN_POINT('',(0.124933614313464,-8.32006638568654,2.77555756156289E-16));
#10744=CARTESIAN_POINT('',(0.124933614313464,-8.12006638568654,2.77555756156289E-16));
#10745=CARTESIAN_POINT('',(0.124933614313464,-8.67006638568654,0.55));
#10746=CARTESIAN_POINT('',(0.124933614313464,-7.88506638568654,2.77555756156289E-16));
#10747=CARTESIAN_POINT('',(0.124933614313464,-6.92006638568654,2.77555756156289E-16));
#10748=CARTESIAN_POINT('',(0.124933614313464,-7.88506638568654,-3.3));
#10749=CARTESIAN_POINT('',(0.124933614313464,-7.88506638568654,-3.5));
#10750=CARTESIAN_POINT('',(0.124933614313464,-7.68506638568654,-3.5));
#10751=CARTESIAN_POINT('',(0.124933614313464,-9.21881638568654,-1.96625));
#10752=CARTESIAN_POINT('',(0.124933614313464,-7.55506638568654,-3.5));
#10753=CARTESIAN_POINT('',(0.124933614313464,-7.35506638568654,-3.5));
#10754=CARTESIAN_POINT('',(0.124933614313464,-7.35506638568654,-3.3));
#10755=CARTESIAN_POINT('',(0.124933614313463,-6.02131638568654,-1.96625));
#10756=CARTESIAN_POINT('',(0.124933614313464,-7.35506638568654,2.77555756156289E-16));
#10757=CARTESIAN_POINT('Origin',(-6.63856865362744E-5,-8.22006638568654,
0.1));
#10758=CARTESIAN_POINT('',(-0.125066385686536,-8.32006638568654,0.2));
#10759=CARTESIAN_POINT('',(-0.125066385686536,-8.12006638568654,2.77555756156289E-16));
#10760=CARTESIAN_POINT('',(-0.125066385686536,-8.67006638568654,0.55));
#10761=CARTESIAN_POINT('',(-6.63856865362744E-5,-8.12006638568654,2.77555756156289E-16));
#10762=CARTESIAN_POINT('',(-6.63856865362744E-5,-8.32006638568654,0.2));
#10763=CARTESIAN_POINT('Origin',(-6.63856865362744E-5,-8.32006638568654,
2.77555756156289E-16));
#10764=CARTESIAN_POINT('',(-0.125066385686536,-8.32006638568654,2.09306638568654));
#10765=CARTESIAN_POINT('',(-6.63856865362744E-5,-8.32006638568654,2.09306638568654));
#10766=CARTESIAN_POINT('',(-0.125066385686536,-8.32006638568654,2.77555756156289E-16));
#10767=CARTESIAN_POINT('Origin',(-6.63856865362744E-5,-7.78506638568654,
-3.4));
#10768=CARTESIAN_POINT('',(-0.125066385686536,-7.88506638568654,-3.3));
#10769=CARTESIAN_POINT('',(-0.125066385686536,-7.68506638568654,-3.5));
#10770=CARTESIAN_POINT('',(-0.125066385686536,-9.21881638568654,-1.96625));
#10771=CARTESIAN_POINT('',(-6.63856865362744E-5,-7.68506638568654,-3.5));
#10772=CARTESIAN_POINT('',(-6.63856865362744E-5,-7.88506638568654,-3.3));
#10773=CARTESIAN_POINT('Origin',(-6.63856865362744E-5,-7.35506638568654,
-3.5));
#10774=CARTESIAN_POINT('',(-0.125066385686536,-7.55506638568654,-3.5));
#10775=CARTESIAN_POINT('',(-0.125066385686536,-7.35506638568654,-3.5));
#10776=CARTESIAN_POINT('',(-6.63856865362744E-5,-7.55506638568654,-3.5));
#10777=CARTESIAN_POINT('Origin',(-6.63856865362744E-5,-7.45506638568654,
-3.4));
#10778=CARTESIAN_POINT('',(-0.125066385686536,-7.35506638568654,-3.3));
#10779=CARTESIAN_POINT('',(-0.125066385686536,-6.02131638568654,-1.96625));
#10780=CARTESIAN_POINT('',(-6.63856865362744E-5,-7.35506638568654,-3.3));
#10781=CARTESIAN_POINT('Origin',(0.301999999999999,-7.62006638568654,2.44306638568654));
#10782=CARTESIAN_POINT('',(0.224933614313463,-6.92006638568654,2.44306638568654));
#10783=CARTESIAN_POINT('',(0.224933614313464,-8.32006638568654,2.44306638568654));
#10784=CARTESIAN_POINT('',(0.224933614313463,-7.62006638568654,2.44306638568654));
#10785=CARTESIAN_POINT('',(2.802,-8.32006638568654,2.44306638568654));
#10786=CARTESIAN_POINT('',(-2.198,-8.32006638568654,2.44306638568654));
#10787=CARTESIAN_POINT('',(2.802,-6.92006638568654,2.44306638568654));
#10788=CARTESIAN_POINT('',(2.802,-8.32006638568654,2.44306638568654));
#10789=CARTESIAN_POINT('',(2.802,-6.92006638568654,2.44306638568654));
#10790=CARTESIAN_POINT('Origin',(0.224933614313463,-6.92006638568654,2.19306638568654));
#10791=CARTESIAN_POINT('',(0.224933614313463,-6.92006638568654,2.19306638568654));
#10792=CARTESIAN_POINT('',(0.224933614313463,-6.92006638568654,2.31806638568654));
#10793=CARTESIAN_POINT('Origin',(0.224933614313463,-6.92006638568654,2.09306638568654));
#10794=CARTESIAN_POINT('',(-0.125066385686536,-6.92006638568654,2.09306638568654));
#10795=CARTESIAN_POINT('',(-6.63856865362744E-5,-6.92006638568654,2.09306638568654));
#10796=CARTESIAN_POINT('Origin',(0.224933614313463,-6.92006638568654,2.09306638568654));
#10797=CARTESIAN_POINT('Origin',(0.224933614313464,-7.62006638568654,2.09306638568654));
#10798=CARTESIAN_POINT('',(0.224933614313464,-8.32006638568654,2.19306638568654));
#10799=CARTESIAN_POINT('',(0.224933614313463,-7.62006638568654,2.19306638568654));
#10800=CARTESIAN_POINT('Origin',(0.224933614313464,-8.32006638568654,2.09306638568654));
#10801=CARTESIAN_POINT('Origin',(-2.198,-8.32006638568654,2.31806638568654));
#10802=CARTESIAN_POINT('',(0.224933614313464,-8.32006638568654,2.31806638568654));
#10803=CARTESIAN_POINT('',(2.802,-8.32006638568654,2.19306638568654));
#10804=CARTESIAN_POINT('',(-2.198,-8.32006638568654,2.19306638568654));
#10805=CARTESIAN_POINT('',(2.802,-8.32006638568654,2.31806638568654));
#10806=CARTESIAN_POINT('Origin',(2.802,-6.92006638568654,2.31806638568654));
#10807=CARTESIAN_POINT('',(2.802,-6.92006638568654,2.19306638568654));
#10808=CARTESIAN_POINT('',(2.802,-6.92006638568654,2.31806638568654));
#10809=CARTESIAN_POINT('',(2.802,-6.92006638568654,2.19306638568654));
#10810=CARTESIAN_POINT('Origin',(0.224933614313464,-7.62006638568654,2.09306638568654));
#10811=CARTESIAN_POINT('',(-0.125066385686536,-7.62006638568654,2.09306638568654));
#10812=CARTESIAN_POINT('Origin',(0.224933614313464,-8.32006638568654,2.09306638568654));
#10813=CARTESIAN_POINT('Origin',(-6.63856865362744E-5,-7.88506638568654,
-3.5));
#10814=CARTESIAN_POINT('',(-0.125066385686536,-7.88506638568654,2.77555756156289E-16));
#10815=CARTESIAN_POINT('',(-6.63856865362744E-5,-7.88506638568654,2.77555756156289E-16));
#10816=CARTESIAN_POINT('',(-0.125066385686536,-7.88506638568654,-3.5));
#10817=CARTESIAN_POINT('Origin',(-6.63856865362744E-5,-7.35506638568654,
2.77555756156289E-16));
#10818=CARTESIAN_POINT('',(-0.125066385686536,-7.35506638568654,2.77555756156289E-16));
#10819=CARTESIAN_POINT('Origin',(0.301999999999999,-7.62006638568654,2.19306638568654));
#10820=CARTESIAN_POINT('',(2.802,-8.32006638568654,2.19306638568654));
#10821=CARTESIAN_POINT('Origin',(2.802,-8.32006638568654,2.31806638568654));
#10822=CARTESIAN_POINT('Origin',(0.224933614313464,-8.32006638568654,2.44306638568654));
#10823=CARTESIAN_POINT('Origin',(-6.63856865362744E-5,-6.92006638568654,
2.77555756156289E-16));
#10824=CARTESIAN_POINT('',(-0.125066385686536,-6.92006638568654,2.77555756156289E-16));
#10825=CARTESIAN_POINT('Origin',(-6.63856865362744E-5,-6.92006638568654,
5.));
#10826=CARTESIAN_POINT('',(-0.125066385686536,-6.92006638568654,5.));
#10827=CARTESIAN_POINT('Origin',(-0.125066385686536,-7.62006638568654,2.5));
#10828=CARTESIAN_POINT('Origin',(-6.63856865362744E-5,10.7599336143135,
0.1));
#10829=CARTESIAN_POINT('',(-0.125066385686536,10.6599336143135,2.77555756156289E-16));
#10830=CARTESIAN_POINT('',(-0.125066385686536,10.8599336143135,0.2));
#10831=CARTESIAN_POINT('',(-0.125066385686536,11.2099336143135,0.550000000000001));
#10832=CARTESIAN_POINT('',(0.124933614313464,10.8599336143135,0.2));
#10833=CARTESIAN_POINT('',(-6.63856865362744E-5,10.8599336143135,0.2));
#10834=CARTESIAN_POINT('',(0.124933614313464,10.6599336143135,2.77555756156289E-16));
#10835=CARTESIAN_POINT('',(0.124933614313463,11.2099336143135,0.550000000000001));
#10836=CARTESIAN_POINT('',(-6.63856865362744E-5,10.6599336143135,2.77555756156289E-16));
#10837=CARTESIAN_POINT('Origin',(-6.63856865362744E-5,10.8599336143135,
2.77555756156289E-16));
#10838=CARTESIAN_POINT('',(0.124933614313464,10.4249336143135,2.77555756156289E-16));
#10839=CARTESIAN_POINT('',(0.124933614313464,10.8599336143135,2.77555756156289E-16));
#10840=CARTESIAN_POINT('',(-0.125066385686536,10.4249336143135,2.77555756156289E-16));
#10841=CARTESIAN_POINT('',(-6.63856865362744E-5,10.4249336143135,2.77555756156289E-16));
#10842=CARTESIAN_POINT('',(-0.125066385686536,10.8599336143135,2.77555756156289E-16));
#10843=CARTESIAN_POINT('Origin',(0.124933614313464,10.1599336143135,2.5));
#10844=CARTESIAN_POINT('',(0.124933614313464,10.8599336143135,2.09306638568654));
#10845=CARTESIAN_POINT('',(0.124933614313464,10.8599336143135,5.));
#10846=CARTESIAN_POINT('',(0.124933614313464,9.45993361431346,2.09306638568654));
#10847=CARTESIAN_POINT('',(0.124933614313464,10.1599336143135,2.09306638568654));
#10848=CARTESIAN_POINT('',(0.124933614313464,9.45993361431346,0.2));
#10849=CARTESIAN_POINT('',(0.124933614313464,9.45993361431346,2.77555756156289E-16));
#10850=CARTESIAN_POINT('',(0.124933614313464,9.65993361431346,2.77555756156289E-16));
#10851=CARTESIAN_POINT('',(0.124933614313464,9.10993361431346,0.55));
#10852=CARTESIAN_POINT('',(0.124933614313464,9.89493361431346,2.77555756156289E-16));
#10853=CARTESIAN_POINT('',(0.124933614313464,10.8599336143135,2.77555756156289E-16));
#10854=CARTESIAN_POINT('',(0.124933614313464,9.89493361431346,-3.3));
#10855=CARTESIAN_POINT('',(0.124933614313464,9.89493361431346,-3.5));
#10856=CARTESIAN_POINT('',(0.124933614313464,10.0949336143135,-3.5));
#10857=CARTESIAN_POINT('',(0.124933614313464,8.56118361431346,-1.96625));
#10858=CARTESIAN_POINT('',(0.124933614313464,10.2249336143135,-3.5));
#10859=CARTESIAN_POINT('',(0.124933614313464,10.4249336143135,-3.5));
#10860=CARTESIAN_POINT('',(0.124933614313464,10.4249336143135,-3.3));
#10861=CARTESIAN_POINT('',(0.124933614313463,11.7586836143135,-1.96625));
#10862=CARTESIAN_POINT('',(0.124933614313464,10.4249336143135,2.77555756156289E-16));
#10863=CARTESIAN_POINT('Origin',(-6.63856865362744E-5,9.55993361431346,
0.1));
#10864=CARTESIAN_POINT('',(-0.125066385686536,9.45993361431346,0.2));
#10865=CARTESIAN_POINT('',(-0.125066385686536,9.65993361431346,2.77555756156289E-16));
#10866=CARTESIAN_POINT('',(-0.125066385686536,9.10993361431346,0.55));
#10867=CARTESIAN_POINT('',(-6.63856865362744E-5,9.65993361431346,2.77555756156289E-16));
#10868=CARTESIAN_POINT('',(-6.63856865362744E-5,9.45993361431346,0.2));
#10869=CARTESIAN_POINT('Origin',(-6.63856865362744E-5,9.45993361431346,
2.77555756156289E-16));
#10870=CARTESIAN_POINT('',(-0.125066385686536,9.45993361431346,2.09306638568654));
#10871=CARTESIAN_POINT('',(-6.63856865362744E-5,9.45993361431346,2.09306638568654));
#10872=CARTESIAN_POINT('',(-0.125066385686536,9.45993361431346,2.77555756156289E-16));
#10873=CARTESIAN_POINT('Origin',(-6.63856865362744E-5,9.99493361431346,
-3.4));
#10874=CARTESIAN_POINT('',(-0.125066385686536,9.89493361431346,-3.3));
#10875=CARTESIAN_POINT('',(-0.125066385686536,10.0949336143135,-3.5));
#10876=CARTESIAN_POINT('',(-0.125066385686536,8.56118361431346,-1.96625));
#10877=CARTESIAN_POINT('',(-6.63856865362744E-5,10.0949336143135,-3.5));
#10878=CARTESIAN_POINT('',(-6.63856865362744E-5,9.89493361431346,-3.3));
#10879=CARTESIAN_POINT('Origin',(-6.63856865362744E-5,10.4249336143135,
-3.5));
#10880=CARTESIAN_POINT('',(-0.125066385686536,10.2249336143135,-3.5));
#10881=CARTESIAN_POINT('',(-0.125066385686536,10.4249336143135,-3.5));
#10882=CARTESIAN_POINT('',(-6.63856865362744E-5,10.2249336143135,-3.5));
#10883=CARTESIAN_POINT('Origin',(-6.63856865362744E-5,10.3249336143135,
-3.4));
#10884=CARTESIAN_POINT('',(-0.125066385686536,10.4249336143135,-3.3));
#10885=CARTESIAN_POINT('',(-0.125066385686536,11.7586836143135,-1.96625));
#10886=CARTESIAN_POINT('',(-6.63856865362744E-5,10.4249336143135,-3.3));
#10887=CARTESIAN_POINT('Origin',(0.301999999999999,10.1599336143135,2.44306638568654));
#10888=CARTESIAN_POINT('',(0.224933614313463,10.8599336143135,2.44306638568654));
#10889=CARTESIAN_POINT('',(0.224933614313464,9.45993361431346,2.44306638568654));
#10890=CARTESIAN_POINT('',(0.224933614313463,10.1599336143135,2.44306638568654));
#10891=CARTESIAN_POINT('',(2.802,9.45993361431347,2.44306638568654));
#10892=CARTESIAN_POINT('',(-2.198,9.45993361431346,2.44306638568654));
#10893=CARTESIAN_POINT('',(2.802,10.8599336143135,2.44306638568654));
#10894=CARTESIAN_POINT('',(2.802,9.45993361431347,2.44306638568654));
#10895=CARTESIAN_POINT('',(2.802,10.8599336143135,2.44306638568654));
#10896=CARTESIAN_POINT('Origin',(0.224933614313463,10.8599336143135,2.19306638568654));
#10897=CARTESIAN_POINT('',(0.224933614313463,10.8599336143135,2.19306638568654));
#10898=CARTESIAN_POINT('',(0.224933614313463,10.8599336143135,2.31806638568654));
#10899=CARTESIAN_POINT('Origin',(0.224933614313463,10.8599336143135,2.09306638568654));
#10900=CARTESIAN_POINT('',(-0.125066385686536,10.8599336143135,2.09306638568654));
#10901=CARTESIAN_POINT('',(-6.63856865362744E-5,10.8599336143135,2.09306638568654));
#10902=CARTESIAN_POINT('Origin',(0.224933614313463,10.8599336143135,2.09306638568654));
#10903=CARTESIAN_POINT('Origin',(0.224933614313464,10.1599336143135,2.09306638568654));
#10904=CARTESIAN_POINT('',(0.224933614313464,9.45993361431346,2.19306638568654));
#10905=CARTESIAN_POINT('',(0.224933614313463,10.1599336143135,2.19306638568654));
#10906=CARTESIAN_POINT('Origin',(0.224933614313464,9.45993361431346,2.09306638568654));
#10907=CARTESIAN_POINT('Origin',(-2.198,9.45993361431346,2.31806638568654));
#10908=CARTESIAN_POINT('',(0.224933614313464,9.45993361431346,2.31806638568654));
#10909=CARTESIAN_POINT('',(2.802,9.45993361431347,2.19306638568654));
#10910=CARTESIAN_POINT('',(-2.198,9.45993361431346,2.19306638568654));
#10911=CARTESIAN_POINT('',(2.802,9.45993361431347,2.31806638568654));
#10912=CARTESIAN_POINT('Origin',(2.802,10.8599336143135,2.31806638568654));
#10913=CARTESIAN_POINT('',(2.802,10.8599336143135,2.19306638568654));
#10914=CARTESIAN_POINT('',(2.802,10.8599336143135,2.31806638568654));
#10915=CARTESIAN_POINT('',(2.802,10.8599336143135,2.19306638568654));
#10916=CARTESIAN_POINT('Origin',(0.224933614313464,10.1599336143135,2.09306638568654));
#10917=CARTESIAN_POINT('',(-0.125066385686536,10.1599336143135,2.09306638568654));
#10918=CARTESIAN_POINT('Origin',(0.224933614313464,9.45993361431346,2.09306638568654));
#10919=CARTESIAN_POINT('Origin',(-6.63856865362744E-5,9.89493361431346,
-3.5));
#10920=CARTESIAN_POINT('',(-0.125066385686536,9.89493361431346,2.77555756156289E-16));
#10921=CARTESIAN_POINT('',(-6.63856865362744E-5,9.89493361431346,2.77555756156289E-16));
#10922=CARTESIAN_POINT('',(-0.125066385686536,9.89493361431346,-3.5));
#10923=CARTESIAN_POINT('Origin',(-6.63856865362744E-5,10.4249336143135,
2.77555756156289E-16));
#10924=CARTESIAN_POINT('',(-0.125066385686536,10.4249336143135,2.77555756156289E-16));
#10925=CARTESIAN_POINT('Origin',(0.301999999999999,10.1599336143135,2.19306638568654));
#10926=CARTESIAN_POINT('',(2.802,9.45993361431347,2.19306638568654));
#10927=CARTESIAN_POINT('Origin',(2.802,9.45993361431347,2.31806638568654));
#10928=CARTESIAN_POINT('Origin',(0.224933614313464,9.45993361431346,2.44306638568654));
#10929=CARTESIAN_POINT('Origin',(-6.63856865362744E-5,10.8599336143135,
2.77555756156289E-16));
#10930=CARTESIAN_POINT('',(-0.125066385686536,10.8599336143135,2.77555756156289E-16));
#10931=CARTESIAN_POINT('Origin',(-6.63856865362744E-5,10.8599336143135,
5.));
#10932=CARTESIAN_POINT('',(-0.125066385686536,10.8599336143135,5.));
#10933=CARTESIAN_POINT('Origin',(-0.125066385686536,10.1599336143135,2.5));
#10934=CARTESIAN_POINT('Origin',(-6.63856865362744E-5,-9.56006638568654,
0.1));
#10935=CARTESIAN_POINT('',(-0.125066385686536,-9.66006638568654,2.77555756156289E-16));
#10936=CARTESIAN_POINT('',(-0.125066385686536,-9.46006638568654,0.2));
#10937=CARTESIAN_POINT('',(-0.125066385686536,-9.11006638568654,0.550000000000001));
#10938=CARTESIAN_POINT('',(0.124933614313464,-9.46006638568654,0.2));
#10939=CARTESIAN_POINT('',(-6.63856865362744E-5,-9.46006638568654,0.2));
#10940=CARTESIAN_POINT('',(0.124933614313464,-9.66006638568654,2.77555756156289E-16));
#10941=CARTESIAN_POINT('',(0.124933614313463,-9.11006638568654,0.550000000000001));
#10942=CARTESIAN_POINT('',(-6.63856865362744E-5,-9.66006638568654,2.77555756156289E-16));
#10943=CARTESIAN_POINT('Origin',(-6.63856865362744E-5,-9.46006638568654,
2.77555756156289E-16));
#10944=CARTESIAN_POINT('',(0.124933614313464,-9.89506638568654,2.77555756156289E-16));
#10945=CARTESIAN_POINT('',(0.124933614313464,-9.46006638568654,2.77555756156289E-16));
#10946=CARTESIAN_POINT('',(-0.125066385686536,-9.89506638568654,2.77555756156289E-16));
#10947=CARTESIAN_POINT('',(-6.63856865362744E-5,-9.89506638568654,2.77555756156289E-16));
#10948=CARTESIAN_POINT('',(-0.125066385686536,-9.46006638568654,2.77555756156289E-16));
#10949=CARTESIAN_POINT('Origin',(0.124933614313464,-10.1600663856865,2.5));
#10950=CARTESIAN_POINT('',(0.124933614313464,-9.46006638568654,2.09306638568654));
#10951=CARTESIAN_POINT('',(0.124933614313464,-9.46006638568654,5.));
#10952=CARTESIAN_POINT('',(0.124933614313464,-10.8600663856865,2.09306638568654));
#10953=CARTESIAN_POINT('',(0.124933614313464,-10.1600663856865,2.09306638568654));
#10954=CARTESIAN_POINT('',(0.124933614313464,-10.8600663856865,0.2));
#10955=CARTESIAN_POINT('',(0.124933614313464,-10.8600663856865,2.77555756156289E-16));
#10956=CARTESIAN_POINT('',(0.124933614313464,-10.6600663856865,2.77555756156289E-16));
#10957=CARTESIAN_POINT('',(0.124933614313464,-11.2100663856865,0.55));
#10958=CARTESIAN_POINT('',(0.124933614313464,-10.4250663856865,2.77555756156289E-16));
#10959=CARTESIAN_POINT('',(0.124933614313464,-9.46006638568654,2.77555756156289E-16));
#10960=CARTESIAN_POINT('',(0.124933614313464,-10.4250663856865,-3.3));
#10961=CARTESIAN_POINT('',(0.124933614313464,-10.4250663856865,-3.5));
#10962=CARTESIAN_POINT('',(0.124933614313464,-10.2250663856865,-3.5));
#10963=CARTESIAN_POINT('',(0.124933614313464,-11.7588163856865,-1.96625));
#10964=CARTESIAN_POINT('',(0.124933614313464,-10.0950663856865,-3.5));
#10965=CARTESIAN_POINT('',(0.124933614313464,-9.89506638568654,-3.5));
#10966=CARTESIAN_POINT('',(0.124933614313464,-9.89506638568654,-3.3));
#10967=CARTESIAN_POINT('',(0.124933614313463,-8.56131638568654,-1.96625));
#10968=CARTESIAN_POINT('',(0.124933614313464,-9.89506638568654,2.77555756156289E-16));
#10969=CARTESIAN_POINT('Origin',(-6.63856865362744E-5,-10.7600663856865,
0.1));
#10970=CARTESIAN_POINT('',(-0.125066385686536,-10.8600663856865,0.2));
#10971=CARTESIAN_POINT('',(-0.125066385686536,-10.6600663856865,2.77555756156289E-16));
#10972=CARTESIAN_POINT('',(-0.125066385686536,-11.2100663856865,0.55));
#10973=CARTESIAN_POINT('',(-6.63856865362744E-5,-10.6600663856865,2.77555756156289E-16));
#10974=CARTESIAN_POINT('',(-6.63856865362744E-5,-10.8600663856865,0.2));
#10975=CARTESIAN_POINT('Origin',(-6.63856865362744E-5,-10.8600663856865,
2.77555756156289E-16));
#10976=CARTESIAN_POINT('',(-0.125066385686536,-10.8600663856865,2.09306638568654));
#10977=CARTESIAN_POINT('',(-6.63856865362744E-5,-10.8600663856865,2.09306638568654));
#10978=CARTESIAN_POINT('',(-0.125066385686536,-10.8600663856865,2.77555756156289E-16));
#10979=CARTESIAN_POINT('Origin',(-6.63856865362744E-5,-10.3250663856865,
-3.4));
#10980=CARTESIAN_POINT('',(-0.125066385686536,-10.4250663856865,-3.3));
#10981=CARTESIAN_POINT('',(-0.125066385686536,-10.2250663856865,-3.5));
#10982=CARTESIAN_POINT('',(-0.125066385686536,-11.7588163856865,-1.96625));
#10983=CARTESIAN_POINT('',(-6.63856865362744E-5,-10.2250663856865,-3.5));
#10984=CARTESIAN_POINT('',(-6.63856865362744E-5,-10.4250663856865,-3.3));
#10985=CARTESIAN_POINT('Origin',(-6.63856865362744E-5,-9.89506638568654,
-3.5));
#10986=CARTESIAN_POINT('',(-0.125066385686536,-10.0950663856865,-3.5));
#10987=CARTESIAN_POINT('',(-0.125066385686536,-9.89506638568654,-3.5));
#10988=CARTESIAN_POINT('',(-6.63856865362744E-5,-10.0950663856865,-3.5));
#10989=CARTESIAN_POINT('Origin',(-6.63856865362744E-5,-9.99506638568654,
-3.4));
#10990=CARTESIAN_POINT('',(-0.125066385686536,-9.89506638568654,-3.3));
#10991=CARTESIAN_POINT('',(-0.125066385686536,-8.56131638568654,-1.96625));
#10992=CARTESIAN_POINT('',(-6.63856865362744E-5,-9.89506638568654,-3.3));
#10993=CARTESIAN_POINT('Origin',(0.301999999999999,-10.1600663856865,2.44306638568654));
#10994=CARTESIAN_POINT('',(0.224933614313463,-9.46006638568654,2.44306638568654));
#10995=CARTESIAN_POINT('',(0.224933614313464,-10.8600663856865,2.44306638568654));
#10996=CARTESIAN_POINT('',(0.224933614313463,-10.1600663856865,2.44306638568654));
#10997=CARTESIAN_POINT('',(2.802,-10.8600663856865,2.44306638568654));
#10998=CARTESIAN_POINT('',(-2.198,-10.8600663856865,2.44306638568654));
#10999=CARTESIAN_POINT('',(2.802,-9.46006638568654,2.44306638568654));
#11000=CARTESIAN_POINT('',(2.802,-10.8600663856865,2.44306638568654));
#11001=CARTESIAN_POINT('',(2.802,-9.46006638568654,2.44306638568654));
#11002=CARTESIAN_POINT('Origin',(0.224933614313463,-9.46006638568654,2.19306638568654));
#11003=CARTESIAN_POINT('',(0.224933614313463,-9.46006638568654,2.19306638568654));
#11004=CARTESIAN_POINT('',(0.224933614313463,-9.46006638568654,2.31806638568654));
#11005=CARTESIAN_POINT('Origin',(0.224933614313463,-9.46006638568654,2.09306638568654));
#11006=CARTESIAN_POINT('',(-0.125066385686536,-9.46006638568654,2.09306638568654));
#11007=CARTESIAN_POINT('',(-6.63856865362744E-5,-9.46006638568654,2.09306638568654));
#11008=CARTESIAN_POINT('Origin',(0.224933614313463,-9.46006638568654,2.09306638568654));
#11009=CARTESIAN_POINT('Origin',(0.224933614313464,-10.1600663856865,2.09306638568654));
#11010=CARTESIAN_POINT('',(0.224933614313464,-10.8600663856865,2.19306638568654));
#11011=CARTESIAN_POINT('',(0.224933614313463,-10.1600663856865,2.19306638568654));
#11012=CARTESIAN_POINT('Origin',(0.224933614313464,-10.8600663856865,2.09306638568654));
#11013=CARTESIAN_POINT('Origin',(-2.198,-10.8600663856865,2.31806638568654));
#11014=CARTESIAN_POINT('',(0.224933614313464,-10.8600663856865,2.31806638568654));
#11015=CARTESIAN_POINT('',(2.802,-10.8600663856865,2.19306638568654));
#11016=CARTESIAN_POINT('',(-2.198,-10.8600663856865,2.19306638568654));
#11017=CARTESIAN_POINT('',(2.802,-10.8600663856865,2.31806638568654));
#11018=CARTESIAN_POINT('Origin',(2.802,-9.46006638568654,2.31806638568654));
#11019=CARTESIAN_POINT('',(2.802,-9.46006638568654,2.19306638568654));
#11020=CARTESIAN_POINT('',(2.802,-9.46006638568654,2.31806638568654));
#11021=CARTESIAN_POINT('',(2.802,-9.46006638568654,2.19306638568654));
#11022=CARTESIAN_POINT('Origin',(0.224933614313464,-10.1600663856865,2.09306638568654));
#11023=CARTESIAN_POINT('',(-0.125066385686536,-10.1600663856865,2.09306638568654));
#11024=CARTESIAN_POINT('Origin',(0.224933614313464,-10.8600663856865,2.09306638568654));
#11025=CARTESIAN_POINT('Origin',(-6.63856865362744E-5,-10.4250663856865,
-3.5));
#11026=CARTESIAN_POINT('',(-0.125066385686536,-10.4250663856865,2.77555756156289E-16));
#11027=CARTESIAN_POINT('',(-6.63856865362744E-5,-10.4250663856865,2.77555756156289E-16));
#11028=CARTESIAN_POINT('',(-0.125066385686536,-10.4250663856865,-3.5));
#11029=CARTESIAN_POINT('Origin',(-6.63856865362744E-5,-9.89506638568654,
2.77555756156289E-16));
#11030=CARTESIAN_POINT('',(-0.125066385686536,-9.89506638568654,2.77555756156289E-16));
#11031=CARTESIAN_POINT('Origin',(0.301999999999999,-10.1600663856865,2.19306638568654));
#11032=CARTESIAN_POINT('',(2.802,-10.8600663856865,2.19306638568654));
#11033=CARTESIAN_POINT('Origin',(2.802,-10.8600663856865,2.31806638568654));
#11034=CARTESIAN_POINT('Origin',(0.224933614313464,-10.8600663856865,2.44306638568654));
#11035=CARTESIAN_POINT('Origin',(-6.63856865362744E-5,-9.46006638568654,
2.77555756156289E-16));
#11036=CARTESIAN_POINT('',(-0.125066385686536,-9.46006638568654,2.77555756156289E-16));
#11037=CARTESIAN_POINT('Origin',(-6.63856865362744E-5,-9.46006638568654,
5.));
#11038=CARTESIAN_POINT('',(-0.125066385686536,-9.46006638568654,5.));
#11039=CARTESIAN_POINT('Origin',(-0.125066385686536,-10.1600663856865,2.5));
#11040=CARTESIAN_POINT('',(0.,0.,0.));
#11041=CARTESIAN_POINT('Origin',(-6.63856865362744E-5,0.599933614313464,
-0.1));
#11042=CARTESIAN_POINT('',(-0.125066385686536,0.499933614313464,-2.77555756156289E-16));
#11043=CARTESIAN_POINT('',(-0.125066385686536,0.699933614313464,-0.2));
#11044=CARTESIAN_POINT('',(-0.125066385686536,1.04993361431346,-0.550000000000001));
#11045=CARTESIAN_POINT('',(0.124933614313464,0.499933614313464,-2.77555756156289E-16));
#11046=CARTESIAN_POINT('',(-6.63856865362744E-5,0.499933614313464,-2.77555756156289E-16));
#11047=CARTESIAN_POINT('',(0.124933614313464,0.699933614313464,-0.2));
#11048=CARTESIAN_POINT('',(0.124933614313463,1.04993361431346,-0.550000000000001));
#11049=CARTESIAN_POINT('',(-6.63856865362744E-5,0.699933614313464,-0.2));
#11050=CARTESIAN_POINT('Origin',(-6.63856865362744E-5,0.699933614313464,
-2.77555756156289E-16));
#11051=CARTESIAN_POINT('',(-0.125066385686536,0.264933614313464,-2.77555756156289E-16));
#11052=CARTESIAN_POINT('',(-0.125066385686536,0.699933614313464,-2.77555756156289E-16));
#11053=CARTESIAN_POINT('',(0.124933614313464,0.264933614313464,-2.77555756156289E-16));
#11054=CARTESIAN_POINT('',(-6.63856865362744E-5,0.264933614313464,-2.77555756156289E-16));
#11055=CARTESIAN_POINT('',(0.124933614313464,0.699933614313464,-2.77555756156289E-16));
#11056=CARTESIAN_POINT('Origin',(0.124933614313464,-6.63856865362744E-5,
-2.5));
#11057=CARTESIAN_POINT('',(0.124933614313464,0.264933614313464,3.3));
#11058=CARTESIAN_POINT('',(0.124933614313464,0.264933614313464,-2.77555756156289E-16));
#11059=CARTESIAN_POINT('',(0.124933614313464,0.0649336143134638,3.5));
#11060=CARTESIAN_POINT('',(0.124933614313463,1.59868361431346,1.96625));
#11061=CARTESIAN_POINT('',(0.124933614313464,-0.0650663856865361,3.5));
#11062=CARTESIAN_POINT('',(0.124933614313464,0.264933614313464,3.5));
#11063=CARTESIAN_POINT('',(0.124933614313464,-0.265066385686536,3.3));
#11064=CARTESIAN_POINT('',(0.124933614313464,-1.59881638568654,1.96625));
#11065=CARTESIAN_POINT('',(0.124933614313464,-0.265066385686536,-2.77555756156289E-16));
#11066=CARTESIAN_POINT('',(0.124933614313464,-0.265066385686536,3.5));
#11067=CARTESIAN_POINT('',(0.124933614313464,-0.500066385686536,-2.77555756156289E-16));
#11068=CARTESIAN_POINT('',(0.124933614313464,0.699933614313464,-2.77555756156289E-16));
#11069=CARTESIAN_POINT('',(0.124933614313464,-0.700066385686536,-0.2));
#11070=CARTESIAN_POINT('',(0.124933614313464,-1.05006638568654,-0.55));
#11071=CARTESIAN_POINT('',(0.124933614313464,-0.700066385686536,-2.09306638568654));
#11072=CARTESIAN_POINT('',(0.124933614313464,-0.700066385686536,-2.77555756156289E-16));
#11073=CARTESIAN_POINT('',(0.124933614313464,0.699933614313464,-2.09306638568654));
#11074=CARTESIAN_POINT('',(0.124933614313464,-6.63856865362744E-5,-2.09306638568654));
#11075=CARTESIAN_POINT('',(0.124933614313464,0.699933614313464,-5.));
#11076=CARTESIAN_POINT('Origin',(-6.63856865362744E-5,-0.600066385686536,
-0.1));
#11077=CARTESIAN_POINT('',(-0.125066385686536,-0.700066385686536,-0.2));
#11078=CARTESIAN_POINT('',(-0.125066385686536,-0.500066385686536,-2.77555756156289E-16));
#11079=CARTESIAN_POINT('',(-0.125066385686536,-1.05006638568654,-0.55));
#11080=CARTESIAN_POINT('',(-6.63856865362744E-5,-0.700066385686536,-0.2));
#11081=CARTESIAN_POINT('',(-6.63856865362744E-5,-0.500066385686536,-2.77555756156289E-16));
#11082=CARTESIAN_POINT('Origin',(-6.63856865362744E-5,-0.700066385686536,
-2.77555756156289E-16));
#11083=CARTESIAN_POINT('',(-0.125066385686536,-0.700066385686536,-2.09306638568654));
#11084=CARTESIAN_POINT('',(-0.125066385686536,-0.700066385686536,-2.77555756156289E-16));
#11085=CARTESIAN_POINT('',(-6.63856865362744E-5,-0.700066385686536,-2.09306638568654));
#11086=CARTESIAN_POINT('Origin',(-6.63856865362744E-5,-0.165066385686536,
3.4));
#11087=CARTESIAN_POINT('',(-0.125066385686536,-0.265066385686536,3.3));
#11088=CARTESIAN_POINT('',(-0.125066385686536,-0.0650663856865363,3.5));
#11089=CARTESIAN_POINT('',(-0.125066385686536,-1.59881638568654,1.96625));
#11090=CARTESIAN_POINT('',(-6.63856865362744E-5,-0.265066385686536,3.3));
#11091=CARTESIAN_POINT('',(-6.63856865362744E-5,-0.0650663856865363,3.5));
#11092=CARTESIAN_POINT('Origin',(-6.63856865362744E-5,0.264933614313464,
3.5));
#11093=CARTESIAN_POINT('',(-0.125066385686536,0.0649336143134638,3.5));
#11094=CARTESIAN_POINT('',(-6.63856865362744E-5,0.0649336143134638,3.5));
#11095=CARTESIAN_POINT('',(-0.125066385686536,0.264933614313464,3.5));
#11096=CARTESIAN_POINT('Origin',(-6.63856865362744E-5,0.164933614313464,
3.4));
#11097=CARTESIAN_POINT('',(-0.125066385686536,0.264933614313464,3.3));
#11098=CARTESIAN_POINT('',(-0.125066385686536,1.59868361431346,1.96625));
#11099=CARTESIAN_POINT('',(-6.63856865362744E-5,0.264933614313464,3.3));
#11100=CARTESIAN_POINT('Origin',(0.301999999999999,-6.63856865362744E-5,
-2.44306638568654));
#11101=CARTESIAN_POINT('',(0.224933614313463,0.699933614313464,-2.44306638568654));
#11102=CARTESIAN_POINT('',(0.224933614313464,-0.700066385686536,-2.44306638568654));
#11103=CARTESIAN_POINT('',(0.224933614313463,-6.63856865362744E-5,-2.44306638568654));
#11104=CARTESIAN_POINT('',(2.802,0.699933614313464,-2.44306638568654));
#11105=CARTESIAN_POINT('',(2.802,0.699933614313464,-2.44306638568654));
#11106=CARTESIAN_POINT('',(2.802,-0.700066385686536,-2.44306638568654));
#11107=CARTESIAN_POINT('',(2.802,-0.700066385686536,-2.44306638568654));
#11108=CARTESIAN_POINT('',(-2.198,-0.700066385686537,-2.44306638568654));
#11109=CARTESIAN_POINT('Origin',(0.224933614313463,0.699933614313464,-2.19306638568654));
#11110=CARTESIAN_POINT('',(0.224933614313463,0.699933614313464,-2.19306638568654));
#11111=CARTESIAN_POINT('',(0.224933614313463,0.699933614313464,-2.31806638568654));
#11112=CARTESIAN_POINT('',(-0.125066385686536,0.699933614313464,-2.09306638568654));
#11113=CARTESIAN_POINT('Origin',(0.224933614313463,0.699933614313464,-2.09306638568654));
#11114=CARTESIAN_POINT('',(-6.63856865362744E-5,0.699933614313464,-2.09306638568654));
#11115=CARTESIAN_POINT('Origin',(0.224933614313463,0.699933614313464,-2.09306638568654));
#11116=CARTESIAN_POINT('Origin',(0.224933614313464,-6.63856865362744E-5,
-2.09306638568654));
#11117=CARTESIAN_POINT('',(0.224933614313464,-0.700066385686536,-2.19306638568654));
#11118=CARTESIAN_POINT('',(0.224933614313463,-6.63856865362744E-5,-2.19306638568654));
#11119=CARTESIAN_POINT('Origin',(0.224933614313464,-0.700066385686536,-2.09306638568654));
#11120=CARTESIAN_POINT('Origin',(-2.198,-0.700066385686537,-2.31806638568654));
#11121=CARTESIAN_POINT('',(0.224933614313464,-0.700066385686536,-2.31806638568654));
#11122=CARTESIAN_POINT('',(2.802,-0.700066385686536,-2.19306638568654));
#11123=CARTESIAN_POINT('',(2.802,-0.700066385686536,-2.31806638568654));
#11124=CARTESIAN_POINT('',(-2.198,-0.700066385686537,-2.19306638568654));
#11125=CARTESIAN_POINT('Origin',(2.802,0.699933614313464,-2.31806638568654));
#11126=CARTESIAN_POINT('',(2.802,0.699933614313464,-2.19306638568654));
#11127=CARTESIAN_POINT('',(2.802,0.699933614313464,-2.19306638568654));
#11128=CARTESIAN_POINT('',(2.802,0.699933614313464,-2.31806638568654));
#11129=CARTESIAN_POINT('Origin',(0.224933614313464,-6.63856865362744E-5,
-2.09306638568654));
#11130=CARTESIAN_POINT('Origin',(0.224933614313464,-0.700066385686536,-2.09306638568654));
#11131=CARTESIAN_POINT('',(-0.125066385686536,-6.63856865362744E-5,-2.09306638568654));
#11132=CARTESIAN_POINT('Origin',(-6.63856865362744E-5,-0.265066385686536,
3.5));
#11133=CARTESIAN_POINT('',(-0.125066385686536,-0.265066385686536,-2.77555756156289E-16));
#11134=CARTESIAN_POINT('',(-0.125066385686536,-0.265066385686536,3.5));
#11135=CARTESIAN_POINT('',(-6.63856865362744E-5,-0.265066385686536,-2.77555756156289E-16));
#11136=CARTESIAN_POINT('Origin',(-6.63856865362744E-5,0.264933614313464,
-2.77555756156289E-16));
#11137=CARTESIAN_POINT('',(-0.125066385686536,0.264933614313464,-2.77555756156289E-16));
#11138=CARTESIAN_POINT('Origin',(0.301999999999999,-6.63856865362744E-5,
-2.19306638568654));
#11139=CARTESIAN_POINT('',(2.802,-0.700066385686536,-2.19306638568654));
#11140=CARTESIAN_POINT('Origin',(2.802,-0.700066385686536,-2.31806638568654));
#11141=CARTESIAN_POINT('Origin',(0.224933614313464,-0.700066385686536,-2.44306638568654));
#11142=CARTESIAN_POINT('Origin',(-6.63856865362744E-5,0.699933614313464,
-2.77555756156289E-16));
#11143=CARTESIAN_POINT('',(-0.125066385686536,0.699933614313464,-2.77555756156289E-16));
#11144=CARTESIAN_POINT('Origin',(-6.63856865362744E-5,0.699933614313464,
-5.));
#11145=CARTESIAN_POINT('',(-0.125066385686536,0.699933614313464,-5.));
#11146=CARTESIAN_POINT('Origin',(-0.125066385686536,-6.63856865362744E-5,
-2.5));
#11147=CARTESIAN_POINT('Origin',(-6.63856865362744E-5,3.13993361431346,
-0.1));
#11148=CARTESIAN_POINT('',(-0.125066385686536,3.03993361431346,-2.77555756156289E-16));
#11149=CARTESIAN_POINT('',(-0.125066385686536,3.23993361431346,-0.2));
#11150=CARTESIAN_POINT('',(-0.125066385686536,3.58993361431346,-0.550000000000001));
#11151=CARTESIAN_POINT('',(0.124933614313464,3.03993361431346,-2.77555756156289E-16));
#11152=CARTESIAN_POINT('',(-6.63856865362744E-5,3.03993361431346,-2.77555756156289E-16));
#11153=CARTESIAN_POINT('',(0.124933614313464,3.23993361431346,-0.2));
#11154=CARTESIAN_POINT('',(0.124933614313463,3.58993361431346,-0.550000000000001));
#11155=CARTESIAN_POINT('',(-6.63856865362744E-5,3.23993361431346,-0.2));
#11156=CARTESIAN_POINT('Origin',(-6.63856865362744E-5,3.23993361431346,
-2.77555756156289E-16));
#11157=CARTESIAN_POINT('',(-0.125066385686536,2.80493361431346,-2.77555756156289E-16));
#11158=CARTESIAN_POINT('',(-0.125066385686536,3.23993361431346,-2.77555756156289E-16));
#11159=CARTESIAN_POINT('',(0.124933614313464,2.80493361431346,-2.77555756156289E-16));
#11160=CARTESIAN_POINT('',(-6.63856865362744E-5,2.80493361431346,-2.77555756156289E-16));
#11161=CARTESIAN_POINT('',(0.124933614313464,3.23993361431346,-2.77555756156289E-16));
#11162=CARTESIAN_POINT('Origin',(0.124933614313464,2.53993361431346,-2.5));
#11163=CARTESIAN_POINT('',(0.124933614313464,2.80493361431346,3.3));
#11164=CARTESIAN_POINT('',(0.124933614313464,2.80493361431346,-2.77555756156289E-16));
#11165=CARTESIAN_POINT('',(0.124933614313464,2.60493361431346,3.5));
#11166=CARTESIAN_POINT('',(0.124933614313463,4.13868361431346,1.96625));
#11167=CARTESIAN_POINT('',(0.124933614313464,2.47493361431346,3.5));
#11168=CARTESIAN_POINT('',(0.124933614313464,2.80493361431346,3.5));
#11169=CARTESIAN_POINT('',(0.124933614313464,2.27493361431346,3.3));
#11170=CARTESIAN_POINT('',(0.124933614313464,0.941183614313463,1.96625));
#11171=CARTESIAN_POINT('',(0.124933614313464,2.27493361431346,-2.77555756156289E-16));
#11172=CARTESIAN_POINT('',(0.124933614313464,2.27493361431346,3.5));
#11173=CARTESIAN_POINT('',(0.124933614313464,2.03993361431346,-2.77555756156289E-16));
#11174=CARTESIAN_POINT('',(0.124933614313464,3.23993361431346,-2.77555756156289E-16));
#11175=CARTESIAN_POINT('',(0.124933614313464,1.83993361431346,-0.2));
#11176=CARTESIAN_POINT('',(0.124933614313464,1.48993361431346,-0.55));
#11177=CARTESIAN_POINT('',(0.124933614313464,1.83993361431346,-2.09306638568654));
#11178=CARTESIAN_POINT('',(0.124933614313464,1.83993361431346,-2.77555756156289E-16));
#11179=CARTESIAN_POINT('',(0.124933614313464,3.23993361431346,-2.09306638568654));
#11180=CARTESIAN_POINT('',(0.124933614313464,2.53993361431346,-2.09306638568654));
#11181=CARTESIAN_POINT('',(0.124933614313464,3.23993361431346,-5.));
#11182=CARTESIAN_POINT('Origin',(-6.63856865362744E-5,1.93993361431346,
-0.1));
#11183=CARTESIAN_POINT('',(-0.125066385686536,1.83993361431346,-0.2));
#11184=CARTESIAN_POINT('',(-0.125066385686536,2.03993361431346,-2.77555756156289E-16));
#11185=CARTESIAN_POINT('',(-0.125066385686536,1.48993361431346,-0.55));
#11186=CARTESIAN_POINT('',(-6.63856865362744E-5,1.83993361431346,-0.2));
#11187=CARTESIAN_POINT('',(-6.63856865362744E-5,2.03993361431346,-2.77555756156289E-16));
#11188=CARTESIAN_POINT('Origin',(-6.63856865362744E-5,1.83993361431346,
-2.77555756156289E-16));
#11189=CARTESIAN_POINT('',(-0.125066385686536,1.83993361431346,-2.09306638568654));
#11190=CARTESIAN_POINT('',(-0.125066385686536,1.83993361431346,-2.77555756156289E-16));
#11191=CARTESIAN_POINT('',(-6.63856865362744E-5,1.83993361431346,-2.09306638568654));
#11192=CARTESIAN_POINT('Origin',(-6.63856865362744E-5,2.37493361431346,
3.4));
#11193=CARTESIAN_POINT('',(-0.125066385686536,2.27493361431346,3.3));
#11194=CARTESIAN_POINT('',(-0.125066385686536,2.47493361431346,3.5));
#11195=CARTESIAN_POINT('',(-0.125066385686536,0.941183614313463,1.96625));
#11196=CARTESIAN_POINT('',(-6.63856865362744E-5,2.27493361431346,3.3));
#11197=CARTESIAN_POINT('',(-6.63856865362744E-5,2.47493361431346,3.5));
#11198=CARTESIAN_POINT('Origin',(-6.63856865362744E-5,2.80493361431346,
3.5));
#11199=CARTESIAN_POINT('',(-0.125066385686536,2.60493361431346,3.5));
#11200=CARTESIAN_POINT('',(-6.63856865362744E-5,2.60493361431346,3.5));
#11201=CARTESIAN_POINT('',(-0.125066385686536,2.80493361431346,3.5));
#11202=CARTESIAN_POINT('Origin',(-6.63856865362744E-5,2.70493361431346,
3.4));
#11203=CARTESIAN_POINT('',(-0.125066385686536,2.80493361431346,3.3));
#11204=CARTESIAN_POINT('',(-0.125066385686536,4.13868361431346,1.96625));
#11205=CARTESIAN_POINT('',(-6.63856865362744E-5,2.80493361431346,3.3));
#11206=CARTESIAN_POINT('Origin',(0.301999999999999,2.53993361431346,-2.44306638568654));
#11207=CARTESIAN_POINT('',(0.224933614313463,3.23993361431346,-2.44306638568654));
#11208=CARTESIAN_POINT('',(0.224933614313464,1.83993361431346,-2.44306638568654));
#11209=CARTESIAN_POINT('',(0.224933614313463,2.53993361431346,-2.44306638568654));
#11210=CARTESIAN_POINT('',(2.802,3.23993361431346,-2.44306638568654));
#11211=CARTESIAN_POINT('',(2.802,3.23993361431346,-2.44306638568654));
#11212=CARTESIAN_POINT('',(2.802,1.83993361431346,-2.44306638568654));
#11213=CARTESIAN_POINT('',(2.802,1.83993361431346,-2.44306638568654));
#11214=CARTESIAN_POINT('',(-2.198,1.83993361431346,-2.44306638568654));
#11215=CARTESIAN_POINT('Origin',(0.224933614313463,3.23993361431346,-2.19306638568654));
#11216=CARTESIAN_POINT('',(0.224933614313463,3.23993361431346,-2.19306638568654));
#11217=CARTESIAN_POINT('',(0.224933614313463,3.23993361431346,-2.31806638568654));
#11218=CARTESIAN_POINT('',(-0.125066385686536,3.23993361431346,-2.09306638568654));
#11219=CARTESIAN_POINT('Origin',(0.224933614313463,3.23993361431346,-2.09306638568654));
#11220=CARTESIAN_POINT('',(-6.63856865362744E-5,3.23993361431346,-2.09306638568654));
#11221=CARTESIAN_POINT('Origin',(0.224933614313463,3.23993361431346,-2.09306638568654));
#11222=CARTESIAN_POINT('Origin',(0.224933614313464,2.53993361431346,-2.09306638568654));
#11223=CARTESIAN_POINT('',(0.224933614313464,1.83993361431346,-2.19306638568654));
#11224=CARTESIAN_POINT('',(0.224933614313463,2.53993361431346,-2.19306638568654));
#11225=CARTESIAN_POINT('Origin',(0.224933614313464,1.83993361431346,-2.09306638568654));
#11226=CARTESIAN_POINT('Origin',(-2.198,1.83993361431346,-2.31806638568654));
#11227=CARTESIAN_POINT('',(0.224933614313464,1.83993361431346,-2.31806638568654));
#11228=CARTESIAN_POINT('',(2.802,1.83993361431346,-2.19306638568654));
#11229=CARTESIAN_POINT('',(2.802,1.83993361431346,-2.31806638568654));
#11230=CARTESIAN_POINT('',(-2.198,1.83993361431346,-2.19306638568654));
#11231=CARTESIAN_POINT('Origin',(2.802,3.23993361431346,-2.31806638568654));
#11232=CARTESIAN_POINT('',(2.802,3.23993361431346,-2.19306638568654));
#11233=CARTESIAN_POINT('',(2.802,3.23993361431346,-2.19306638568654));
#11234=CARTESIAN_POINT('',(2.802,3.23993361431346,-2.31806638568654));
#11235=CARTESIAN_POINT('Origin',(0.224933614313464,2.53993361431346,-2.09306638568654));
#11236=CARTESIAN_POINT('Origin',(0.224933614313464,1.83993361431346,-2.09306638568654));
#11237=CARTESIAN_POINT('',(-0.125066385686536,2.53993361431346,-2.09306638568654));
#11238=CARTESIAN_POINT('Origin',(-6.63856865362744E-5,2.27493361431346,
3.5));
#11239=CARTESIAN_POINT('',(-0.125066385686536,2.27493361431346,-2.77555756156289E-16));
#11240=CARTESIAN_POINT('',(-0.125066385686536,2.27493361431346,3.5));
#11241=CARTESIAN_POINT('',(-6.63856865362744E-5,2.27493361431346,-2.77555756156289E-16));
#11242=CARTESIAN_POINT('Origin',(-6.63856865362744E-5,2.80493361431346,
-2.77555756156289E-16));
#11243=CARTESIAN_POINT('',(-0.125066385686536,2.80493361431346,-2.77555756156289E-16));
#11244=CARTESIAN_POINT('Origin',(0.301999999999999,2.53993361431346,-2.19306638568654));
#11245=CARTESIAN_POINT('',(2.802,1.83993361431346,-2.19306638568654));
#11246=CARTESIAN_POINT('Origin',(2.802,1.83993361431346,-2.31806638568654));
#11247=CARTESIAN_POINT('Origin',(0.224933614313464,1.83993361431346,-2.44306638568654));
#11248=CARTESIAN_POINT('Origin',(-6.63856865362744E-5,3.23993361431346,
-2.77555756156289E-16));
#11249=CARTESIAN_POINT('',(-0.125066385686536,3.23993361431346,-2.77555756156289E-16));
#11250=CARTESIAN_POINT('Origin',(-6.63856865362744E-5,3.23993361431346,
-5.));
#11251=CARTESIAN_POINT('',(-0.125066385686536,3.23993361431346,-5.));
#11252=CARTESIAN_POINT('Origin',(-0.125066385686536,2.53993361431346,-2.5));
#11253=CARTESIAN_POINT('Origin',(-6.63856865362744E-5,-1.94006638568654,
-0.1));
#11254=CARTESIAN_POINT('',(-0.125066385686536,-2.04006638568654,-2.77555756156289E-16));
#11255=CARTESIAN_POINT('',(-0.125066385686536,-1.84006638568654,-0.2));
#11256=CARTESIAN_POINT('',(-0.125066385686536,-1.49006638568654,-0.550000000000001));
#11257=CARTESIAN_POINT('',(0.124933614313464,-2.04006638568654,-2.77555756156289E-16));
#11258=CARTESIAN_POINT('',(-6.63856865362744E-5,-2.04006638568654,-2.77555756156289E-16));
#11259=CARTESIAN_POINT('',(0.124933614313464,-1.84006638568654,-0.2));
#11260=CARTESIAN_POINT('',(0.124933614313463,-1.49006638568654,-0.550000000000001));
#11261=CARTESIAN_POINT('',(-6.63856865362744E-5,-1.84006638568654,-0.2));
#11262=CARTESIAN_POINT('Origin',(-6.63856865362744E-5,-1.84006638568654,
-2.77555756156289E-16));
#11263=CARTESIAN_POINT('',(-0.125066385686536,-2.27506638568654,-2.77555756156289E-16));
#11264=CARTESIAN_POINT('',(-0.125066385686536,-1.84006638568654,-2.77555756156289E-16));
#11265=CARTESIAN_POINT('',(0.124933614313464,-2.27506638568654,-2.77555756156289E-16));
#11266=CARTESIAN_POINT('',(-6.63856865362744E-5,-2.27506638568654,-2.77555756156289E-16));
#11267=CARTESIAN_POINT('',(0.124933614313464,-1.84006638568654,-2.77555756156289E-16));
#11268=CARTESIAN_POINT('Origin',(0.124933614313464,-2.54006638568654,-2.5));
#11269=CARTESIAN_POINT('',(0.124933614313464,-2.27506638568654,3.3));
#11270=CARTESIAN_POINT('',(0.124933614313464,-2.27506638568654,-2.77555756156289E-16));
#11271=CARTESIAN_POINT('',(0.124933614313464,-2.47506638568654,3.5));
#11272=CARTESIAN_POINT('',(0.124933614313463,-0.941316385686536,1.96625));
#11273=CARTESIAN_POINT('',(0.124933614313464,-2.60506638568654,3.5));
#11274=CARTESIAN_POINT('',(0.124933614313464,-2.27506638568654,3.5));
#11275=CARTESIAN_POINT('',(0.124933614313464,-2.80506638568654,3.3));
#11276=CARTESIAN_POINT('',(0.124933614313464,-4.13881638568654,1.96625));
#11277=CARTESIAN_POINT('',(0.124933614313464,-2.80506638568654,-2.77555756156289E-16));
#11278=CARTESIAN_POINT('',(0.124933614313464,-2.80506638568654,3.5));
#11279=CARTESIAN_POINT('',(0.124933614313464,-3.04006638568654,-2.77555756156289E-16));
#11280=CARTESIAN_POINT('',(0.124933614313464,-1.84006638568654,-2.77555756156289E-16));
#11281=CARTESIAN_POINT('',(0.124933614313464,-3.24006638568654,-0.2));
#11282=CARTESIAN_POINT('',(0.124933614313464,-3.59006638568654,-0.55));
#11283=CARTESIAN_POINT('',(0.124933614313464,-3.24006638568654,-2.09306638568654));
#11284=CARTESIAN_POINT('',(0.124933614313464,-3.24006638568654,-2.77555756156289E-16));
#11285=CARTESIAN_POINT('',(0.124933614313464,-1.84006638568654,-2.09306638568654));
#11286=CARTESIAN_POINT('',(0.124933614313464,-2.54006638568654,-2.09306638568654));
#11287=CARTESIAN_POINT('',(0.124933614313464,-1.84006638568654,-5.));
#11288=CARTESIAN_POINT('Origin',(-6.63856865362744E-5,-3.14006638568654,
-0.1));
#11289=CARTESIAN_POINT('',(-0.125066385686536,-3.24006638568654,-0.2));
#11290=CARTESIAN_POINT('',(-0.125066385686536,-3.04006638568654,-2.77555756156289E-16));
#11291=CARTESIAN_POINT('',(-0.125066385686536,-3.59006638568654,-0.55));
#11292=CARTESIAN_POINT('',(-6.63856865362744E-5,-3.24006638568654,-0.2));
#11293=CARTESIAN_POINT('',(-6.63856865362744E-5,-3.04006638568654,-2.77555756156289E-16));
#11294=CARTESIAN_POINT('Origin',(-6.63856865362744E-5,-3.24006638568654,
-2.77555756156289E-16));
#11295=CARTESIAN_POINT('',(-0.125066385686536,-3.24006638568654,-2.09306638568654));
#11296=CARTESIAN_POINT('',(-0.125066385686536,-3.24006638568654,-2.77555756156289E-16));
#11297=CARTESIAN_POINT('',(-6.63856865362744E-5,-3.24006638568654,-2.09306638568654));
#11298=CARTESIAN_POINT('Origin',(-6.63856865362744E-5,-2.70506638568654,
3.4));
#11299=CARTESIAN_POINT('',(-0.125066385686536,-2.80506638568654,3.3));
#11300=CARTESIAN_POINT('',(-0.125066385686536,-2.60506638568654,3.5));
#11301=CARTESIAN_POINT('',(-0.125066385686536,-4.13881638568654,1.96625));
#11302=CARTESIAN_POINT('',(-6.63856865362744E-5,-2.80506638568654,3.3));
#11303=CARTESIAN_POINT('',(-6.63856865362744E-5,-2.60506638568654,3.5));
#11304=CARTESIAN_POINT('Origin',(-6.63856865362744E-5,-2.27506638568654,
3.5));
#11305=CARTESIAN_POINT('',(-0.125066385686536,-2.47506638568654,3.5));
#11306=CARTESIAN_POINT('',(-6.63856865362744E-5,-2.47506638568654,3.5));
#11307=CARTESIAN_POINT('',(-0.125066385686536,-2.27506638568654,3.5));
#11308=CARTESIAN_POINT('Origin',(-6.63856865362744E-5,-2.37506638568654,
3.4));
#11309=CARTESIAN_POINT('',(-0.125066385686536,-2.27506638568654,3.3));
#11310=CARTESIAN_POINT('',(-0.125066385686536,-0.941316385686536,1.96625));
#11311=CARTESIAN_POINT('',(-6.63856865362744E-5,-2.27506638568654,3.3));
#11312=CARTESIAN_POINT('Origin',(0.301999999999999,-2.54006638568654,-2.44306638568654));
#11313=CARTESIAN_POINT('',(0.224933614313463,-1.84006638568654,-2.44306638568654));
#11314=CARTESIAN_POINT('',(0.224933614313464,-3.24006638568654,-2.44306638568654));
#11315=CARTESIAN_POINT('',(0.224933614313463,-2.54006638568654,-2.44306638568654));
#11316=CARTESIAN_POINT('',(2.802,-1.84006638568654,-2.44306638568654));
#11317=CARTESIAN_POINT('',(2.802,-1.84006638568654,-2.44306638568654));
#11318=CARTESIAN_POINT('',(2.802,-3.24006638568654,-2.44306638568654));
#11319=CARTESIAN_POINT('',(2.802,-3.24006638568654,-2.44306638568654));
#11320=CARTESIAN_POINT('',(-2.198,-3.24006638568654,-2.44306638568654));
#11321=CARTESIAN_POINT('Origin',(0.224933614313463,-1.84006638568654,-2.19306638568654));
#11322=CARTESIAN_POINT('',(0.224933614313463,-1.84006638568654,-2.19306638568654));
#11323=CARTESIAN_POINT('',(0.224933614313463,-1.84006638568654,-2.31806638568654));
#11324=CARTESIAN_POINT('',(-0.125066385686536,-1.84006638568654,-2.09306638568654));
#11325=CARTESIAN_POINT('Origin',(0.224933614313463,-1.84006638568654,-2.09306638568654));
#11326=CARTESIAN_POINT('',(-6.63856865362744E-5,-1.84006638568654,-2.09306638568654));
#11327=CARTESIAN_POINT('Origin',(0.224933614313463,-1.84006638568654,-2.09306638568654));
#11328=CARTESIAN_POINT('Origin',(0.224933614313464,-2.54006638568654,-2.09306638568654));
#11329=CARTESIAN_POINT('',(0.224933614313464,-3.24006638568654,-2.19306638568654));
#11330=CARTESIAN_POINT('',(0.224933614313463,-2.54006638568654,-2.19306638568654));
#11331=CARTESIAN_POINT('Origin',(0.224933614313464,-3.24006638568654,-2.09306638568654));
#11332=CARTESIAN_POINT('Origin',(-2.198,-3.24006638568654,-2.31806638568654));
#11333=CARTESIAN_POINT('',(0.224933614313464,-3.24006638568654,-2.31806638568654));
#11334=CARTESIAN_POINT('',(2.802,-3.24006638568654,-2.19306638568654));
#11335=CARTESIAN_POINT('',(2.802,-3.24006638568654,-2.31806638568654));
#11336=CARTESIAN_POINT('',(-2.198,-3.24006638568654,-2.19306638568654));
#11337=CARTESIAN_POINT('Origin',(2.802,-1.84006638568654,-2.31806638568654));
#11338=CARTESIAN_POINT('',(2.802,-1.84006638568654,-2.19306638568654));
#11339=CARTESIAN_POINT('',(2.802,-1.84006638568654,-2.19306638568654));
#11340=CARTESIAN_POINT('',(2.802,-1.84006638568654,-2.31806638568654));
#11341=CARTESIAN_POINT('Origin',(0.224933614313464,-2.54006638568654,-2.09306638568654));
#11342=CARTESIAN_POINT('Origin',(0.224933614313464,-3.24006638568654,-2.09306638568654));
#11343=CARTESIAN_POINT('',(-0.125066385686536,-2.54006638568654,-2.09306638568654));
#11344=CARTESIAN_POINT('Origin',(-6.63856865362744E-5,-2.80506638568654,
3.5));
#11345=CARTESIAN_POINT('',(-0.125066385686536,-2.80506638568654,-2.77555756156289E-16));
#11346=CARTESIAN_POINT('',(-0.125066385686536,-2.80506638568654,3.5));
#11347=CARTESIAN_POINT('',(-6.63856865362744E-5,-2.80506638568654,-2.77555756156289E-16));
#11348=CARTESIAN_POINT('Origin',(-6.63856865362744E-5,-2.27506638568654,
-2.77555756156289E-16));
#11349=CARTESIAN_POINT('',(-0.125066385686536,-2.27506638568654,-2.77555756156289E-16));
#11350=CARTESIAN_POINT('Origin',(0.301999999999999,-2.54006638568654,-2.19306638568654));
#11351=CARTESIAN_POINT('',(2.802,-3.24006638568654,-2.19306638568654));
#11352=CARTESIAN_POINT('Origin',(2.802,-3.24006638568654,-2.31806638568654));
#11353=CARTESIAN_POINT('Origin',(0.224933614313464,-3.24006638568654,-2.44306638568654));
#11354=CARTESIAN_POINT('Origin',(-6.63856865362744E-5,-1.84006638568654,
-2.77555756156289E-16));
#11355=CARTESIAN_POINT('',(-0.125066385686536,-1.84006638568654,-2.77555756156289E-16));
#11356=CARTESIAN_POINT('Origin',(-6.63856865362744E-5,-1.84006638568654,
-5.));
#11357=CARTESIAN_POINT('',(-0.125066385686536,-1.84006638568654,-5.));
#11358=CARTESIAN_POINT('Origin',(-0.125066385686536,-2.54006638568654,-2.5));
#11359=CARTESIAN_POINT('Origin',(-6.63856865362744E-5,5.67993361431346,
-0.1));
#11360=CARTESIAN_POINT('',(-0.125066385686536,5.57993361431346,-2.77555756156289E-16));
#11361=CARTESIAN_POINT('',(-0.125066385686536,5.77993361431346,-0.2));
#11362=CARTESIAN_POINT('',(-0.125066385686536,6.12993361431346,-0.550000000000001));
#11363=CARTESIAN_POINT('',(0.124933614313464,5.57993361431346,-2.77555756156289E-16));
#11364=CARTESIAN_POINT('',(-6.63856865362744E-5,5.57993361431346,-2.77555756156289E-16));
#11365=CARTESIAN_POINT('',(0.124933614313464,5.77993361431346,-0.2));
#11366=CARTESIAN_POINT('',(0.124933614313463,6.12993361431346,-0.550000000000001));
#11367=CARTESIAN_POINT('',(-6.63856865362744E-5,5.77993361431346,-0.2));
#11368=CARTESIAN_POINT('Origin',(-6.63856865362744E-5,5.77993361431346,
-2.77555756156289E-16));
#11369=CARTESIAN_POINT('',(-0.125066385686536,5.34493361431346,-2.77555756156289E-16));
#11370=CARTESIAN_POINT('',(-0.125066385686536,5.77993361431346,-2.77555756156289E-16));
#11371=CARTESIAN_POINT('',(0.124933614313464,5.34493361431346,-2.77555756156289E-16));
#11372=CARTESIAN_POINT('',(-6.63856865362744E-5,5.34493361431346,-2.77555756156289E-16));
#11373=CARTESIAN_POINT('',(0.124933614313464,5.77993361431346,-2.77555756156289E-16));
#11374=CARTESIAN_POINT('Origin',(0.124933614313464,5.07993361431346,-2.5));
#11375=CARTESIAN_POINT('',(0.124933614313464,5.34493361431346,3.3));
#11376=CARTESIAN_POINT('',(0.124933614313464,5.34493361431346,-2.77555756156289E-16));
#11377=CARTESIAN_POINT('',(0.124933614313464,5.14493361431346,3.5));
#11378=CARTESIAN_POINT('',(0.124933614313463,6.67868361431346,1.96625));
#11379=CARTESIAN_POINT('',(0.124933614313464,5.01493361431346,3.5));
#11380=CARTESIAN_POINT('',(0.124933614313464,5.34493361431346,3.5));
#11381=CARTESIAN_POINT('',(0.124933614313464,4.81493361431346,3.3));
#11382=CARTESIAN_POINT('',(0.124933614313464,3.48118361431346,1.96625));
#11383=CARTESIAN_POINT('',(0.124933614313464,4.81493361431346,-2.77555756156289E-16));
#11384=CARTESIAN_POINT('',(0.124933614313464,4.81493361431346,3.5));
#11385=CARTESIAN_POINT('',(0.124933614313464,4.57993361431346,-2.77555756156289E-16));
#11386=CARTESIAN_POINT('',(0.124933614313464,5.77993361431346,-2.77555756156289E-16));
#11387=CARTESIAN_POINT('',(0.124933614313464,4.37993361431346,-0.2));
#11388=CARTESIAN_POINT('',(0.124933614313464,4.02993361431346,-0.55));
#11389=CARTESIAN_POINT('',(0.124933614313464,4.37993361431346,-2.09306638568654));
#11390=CARTESIAN_POINT('',(0.124933614313464,4.37993361431346,-2.77555756156289E-16));
#11391=CARTESIAN_POINT('',(0.124933614313464,5.77993361431346,-2.09306638568654));
#11392=CARTESIAN_POINT('',(0.124933614313464,5.07993361431346,-2.09306638568654));
#11393=CARTESIAN_POINT('',(0.124933614313464,5.77993361431346,-5.));
#11394=CARTESIAN_POINT('Origin',(-6.63856865362744E-5,4.47993361431346,
-0.1));
#11395=CARTESIAN_POINT('',(-0.125066385686536,4.37993361431346,-0.2));
#11396=CARTESIAN_POINT('',(-0.125066385686536,4.57993361431346,-2.77555756156289E-16));
#11397=CARTESIAN_POINT('',(-0.125066385686536,4.02993361431346,-0.55));
#11398=CARTESIAN_POINT('',(-6.63856865362744E-5,4.37993361431346,-0.2));
#11399=CARTESIAN_POINT('',(-6.63856865362744E-5,4.57993361431346,-2.77555756156289E-16));
#11400=CARTESIAN_POINT('Origin',(-6.63856865362744E-5,4.37993361431346,
-2.77555756156289E-16));
#11401=CARTESIAN_POINT('',(-0.125066385686536,4.37993361431346,-2.09306638568654));
#11402=CARTESIAN_POINT('',(-0.125066385686536,4.37993361431346,-2.77555756156289E-16));
#11403=CARTESIAN_POINT('',(-6.63856865362744E-5,4.37993361431346,-2.09306638568654));
#11404=CARTESIAN_POINT('Origin',(-6.63856865362744E-5,4.91493361431346,
3.4));
#11405=CARTESIAN_POINT('',(-0.125066385686536,4.81493361431346,3.3));
#11406=CARTESIAN_POINT('',(-0.125066385686536,5.01493361431346,3.5));
#11407=CARTESIAN_POINT('',(-0.125066385686536,3.48118361431346,1.96625));
#11408=CARTESIAN_POINT('',(-6.63856865362744E-5,4.81493361431346,3.3));
#11409=CARTESIAN_POINT('',(-6.63856865362744E-5,5.01493361431346,3.5));
#11410=CARTESIAN_POINT('Origin',(-6.63856865362744E-5,5.34493361431346,
3.5));
#11411=CARTESIAN_POINT('',(-0.125066385686536,5.14493361431346,3.5));
#11412=CARTESIAN_POINT('',(-6.63856865362744E-5,5.14493361431346,3.5));
#11413=CARTESIAN_POINT('',(-0.125066385686536,5.34493361431346,3.5));
#11414=CARTESIAN_POINT('Origin',(-6.63856865362744E-5,5.24493361431346,
3.4));
#11415=CARTESIAN_POINT('',(-0.125066385686536,5.34493361431346,3.3));
#11416=CARTESIAN_POINT('',(-0.125066385686536,6.67868361431346,1.96625));
#11417=CARTESIAN_POINT('',(-6.63856865362744E-5,5.34493361431346,3.3));
#11418=CARTESIAN_POINT('Origin',(0.301999999999999,5.07993361431346,-2.44306638568654));
#11419=CARTESIAN_POINT('',(0.224933614313463,5.77993361431346,-2.44306638568654));
#11420=CARTESIAN_POINT('',(0.224933614313464,4.37993361431346,-2.44306638568654));
#11421=CARTESIAN_POINT('',(0.224933614313463,5.07993361431346,-2.44306638568654));
#11422=CARTESIAN_POINT('',(2.802,5.77993361431346,-2.44306638568654));
#11423=CARTESIAN_POINT('',(2.802,5.77993361431346,-2.44306638568654));
#11424=CARTESIAN_POINT('',(2.802,4.37993361431346,-2.44306638568654));
#11425=CARTESIAN_POINT('',(2.802,4.37993361431346,-2.44306638568654));
#11426=CARTESIAN_POINT('',(-2.198,4.37993361431346,-2.44306638568654));
#11427=CARTESIAN_POINT('Origin',(0.224933614313463,5.77993361431346,-2.19306638568654));
#11428=CARTESIAN_POINT('',(0.224933614313463,5.77993361431346,-2.19306638568654));
#11429=CARTESIAN_POINT('',(0.224933614313463,5.77993361431346,-2.31806638568654));
#11430=CARTESIAN_POINT('',(-0.125066385686536,5.77993361431346,-2.09306638568654));
#11431=CARTESIAN_POINT('Origin',(0.224933614313463,5.77993361431346,-2.09306638568654));
#11432=CARTESIAN_POINT('',(-6.63856865362744E-5,5.77993361431346,-2.09306638568654));
#11433=CARTESIAN_POINT('Origin',(0.224933614313463,5.77993361431346,-2.09306638568654));
#11434=CARTESIAN_POINT('Origin',(0.224933614313464,5.07993361431346,-2.09306638568654));
#11435=CARTESIAN_POINT('',(0.224933614313464,4.37993361431346,-2.19306638568654));
#11436=CARTESIAN_POINT('',(0.224933614313463,5.07993361431346,-2.19306638568654));
#11437=CARTESIAN_POINT('Origin',(0.224933614313464,4.37993361431346,-2.09306638568654));
#11438=CARTESIAN_POINT('Origin',(-2.198,4.37993361431346,-2.31806638568654));
#11439=CARTESIAN_POINT('',(0.224933614313464,4.37993361431346,-2.31806638568654));
#11440=CARTESIAN_POINT('',(2.802,4.37993361431346,-2.19306638568654));
#11441=CARTESIAN_POINT('',(2.802,4.37993361431346,-2.31806638568654));
#11442=CARTESIAN_POINT('',(-2.198,4.37993361431346,-2.19306638568654));
#11443=CARTESIAN_POINT('Origin',(2.802,5.77993361431346,-2.31806638568654));
#11444=CARTESIAN_POINT('',(2.802,5.77993361431346,-2.19306638568654));
#11445=CARTESIAN_POINT('',(2.802,5.77993361431346,-2.19306638568654));
#11446=CARTESIAN_POINT('',(2.802,5.77993361431346,-2.31806638568654));
#11447=CARTESIAN_POINT('Origin',(0.224933614313464,5.07993361431346,-2.09306638568654));
#11448=CARTESIAN_POINT('Origin',(0.224933614313464,4.37993361431346,-2.09306638568654));
#11449=CARTESIAN_POINT('',(-0.125066385686536,5.07993361431346,-2.09306638568654));
#11450=CARTESIAN_POINT('Origin',(-6.63856865362744E-5,4.81493361431346,
3.5));
#11451=CARTESIAN_POINT('',(-0.125066385686536,4.81493361431346,-2.77555756156289E-16));
#11452=CARTESIAN_POINT('',(-0.125066385686536,4.81493361431346,3.5));
#11453=CARTESIAN_POINT('',(-6.63856865362744E-5,4.81493361431346,-2.77555756156289E-16));
#11454=CARTESIAN_POINT('Origin',(-6.63856865362744E-5,5.34493361431346,
-2.77555756156289E-16));
#11455=CARTESIAN_POINT('',(-0.125066385686536,5.34493361431346,-2.77555756156289E-16));
#11456=CARTESIAN_POINT('Origin',(0.301999999999999,5.07993361431346,-2.19306638568654));
#11457=CARTESIAN_POINT('',(2.802,4.37993361431346,-2.19306638568654));
#11458=CARTESIAN_POINT('Origin',(2.802,4.37993361431346,-2.31806638568654));
#11459=CARTESIAN_POINT('Origin',(0.224933614313464,4.37993361431346,-2.44306638568654));
#11460=CARTESIAN_POINT('Origin',(-6.63856865362744E-5,5.77993361431346,
-2.77555756156289E-16));
#11461=CARTESIAN_POINT('',(-0.125066385686536,5.77993361431346,-2.77555756156289E-16));
#11462=CARTESIAN_POINT('Origin',(-6.63856865362744E-5,5.77993361431346,
-5.));
#11463=CARTESIAN_POINT('',(-0.125066385686536,5.77993361431346,-5.));
#11464=CARTESIAN_POINT('Origin',(-0.125066385686536,5.07993361431346,-2.5));
#11465=CARTESIAN_POINT('Origin',(-6.63856865362744E-5,-4.48006638568654,
-0.1));
#11466=CARTESIAN_POINT('',(-0.125066385686536,-4.58006638568654,-2.77555756156289E-16));
#11467=CARTESIAN_POINT('',(-0.125066385686536,-4.38006638568654,-0.2));
#11468=CARTESIAN_POINT('',(-0.125066385686536,-4.03006638568654,-0.550000000000001));
#11469=CARTESIAN_POINT('',(0.124933614313464,-4.58006638568654,-2.77555756156289E-16));
#11470=CARTESIAN_POINT('',(-6.63856865362744E-5,-4.58006638568654,-2.77555756156289E-16));
#11471=CARTESIAN_POINT('',(0.124933614313464,-4.38006638568654,-0.2));
#11472=CARTESIAN_POINT('',(0.124933614313463,-4.03006638568654,-0.550000000000001));
#11473=CARTESIAN_POINT('',(-6.63856865362744E-5,-4.38006638568654,-0.2));
#11474=CARTESIAN_POINT('Origin',(-6.63856865362744E-5,-4.38006638568654,
-2.77555756156289E-16));
#11475=CARTESIAN_POINT('',(-0.125066385686536,-4.81506638568654,-2.77555756156289E-16));
#11476=CARTESIAN_POINT('',(-0.125066385686536,-4.38006638568654,-2.77555756156289E-16));
#11477=CARTESIAN_POINT('',(0.124933614313464,-4.81506638568654,-2.77555756156289E-16));
#11478=CARTESIAN_POINT('',(-6.63856865362744E-5,-4.81506638568654,-2.77555756156289E-16));
#11479=CARTESIAN_POINT('',(0.124933614313464,-4.38006638568654,-2.77555756156289E-16));
#11480=CARTESIAN_POINT('Origin',(0.124933614313464,-5.08006638568654,-2.5));
#11481=CARTESIAN_POINT('',(0.124933614313464,-4.81506638568654,3.3));
#11482=CARTESIAN_POINT('',(0.124933614313464,-4.81506638568654,-2.77555756156289E-16));
#11483=CARTESIAN_POINT('',(0.124933614313464,-5.01506638568654,3.5));
#11484=CARTESIAN_POINT('',(0.124933614313463,-3.48131638568654,1.96625));
#11485=CARTESIAN_POINT('',(0.124933614313464,-5.14506638568654,3.5));
#11486=CARTESIAN_POINT('',(0.124933614313464,-4.81506638568654,3.5));
#11487=CARTESIAN_POINT('',(0.124933614313464,-5.34506638568654,3.3));
#11488=CARTESIAN_POINT('',(0.124933614313464,-6.67881638568654,1.96625));
#11489=CARTESIAN_POINT('',(0.124933614313464,-5.34506638568654,-2.77555756156289E-16));
#11490=CARTESIAN_POINT('',(0.124933614313464,-5.34506638568654,3.5));
#11491=CARTESIAN_POINT('',(0.124933614313464,-5.58006638568654,-2.77555756156289E-16));
#11492=CARTESIAN_POINT('',(0.124933614313464,-4.38006638568654,-2.77555756156289E-16));
#11493=CARTESIAN_POINT('',(0.124933614313464,-5.78006638568654,-0.2));
#11494=CARTESIAN_POINT('',(0.124933614313464,-6.13006638568654,-0.55));
#11495=CARTESIAN_POINT('',(0.124933614313464,-5.78006638568654,-2.09306638568654));
#11496=CARTESIAN_POINT('',(0.124933614313464,-5.78006638568654,-2.77555756156289E-16));
#11497=CARTESIAN_POINT('',(0.124933614313464,-4.38006638568654,-2.09306638568654));
#11498=CARTESIAN_POINT('',(0.124933614313464,-5.08006638568654,-2.09306638568654));
#11499=CARTESIAN_POINT('',(0.124933614313464,-4.38006638568654,-5.));
#11500=CARTESIAN_POINT('Origin',(-6.63856865362744E-5,-5.68006638568654,
-0.1));
#11501=CARTESIAN_POINT('',(-0.125066385686536,-5.78006638568654,-0.2));
#11502=CARTESIAN_POINT('',(-0.125066385686536,-5.58006638568654,-2.77555756156289E-16));
#11503=CARTESIAN_POINT('',(-0.125066385686536,-6.13006638568654,-0.55));
#11504=CARTESIAN_POINT('',(-6.63856865362744E-5,-5.78006638568654,-0.2));
#11505=CARTESIAN_POINT('',(-6.63856865362744E-5,-5.58006638568654,-2.77555756156289E-16));
#11506=CARTESIAN_POINT('Origin',(-6.63856865362744E-5,-5.78006638568654,
-2.77555756156289E-16));
#11507=CARTESIAN_POINT('',(-0.125066385686536,-5.78006638568654,-2.09306638568654));
#11508=CARTESIAN_POINT('',(-0.125066385686536,-5.78006638568654,-2.77555756156289E-16));
#11509=CARTESIAN_POINT('',(-6.63856865362744E-5,-5.78006638568654,-2.09306638568654));
#11510=CARTESIAN_POINT('Origin',(-6.63856865362744E-5,-5.24506638568654,
3.4));
#11511=CARTESIAN_POINT('',(-0.125066385686536,-5.34506638568654,3.3));
#11512=CARTESIAN_POINT('',(-0.125066385686536,-5.14506638568654,3.5));
#11513=CARTESIAN_POINT('',(-0.125066385686536,-6.67881638568654,1.96625));
#11514=CARTESIAN_POINT('',(-6.63856865362744E-5,-5.34506638568654,3.3));
#11515=CARTESIAN_POINT('',(-6.63856865362744E-5,-5.14506638568654,3.5));
#11516=CARTESIAN_POINT('Origin',(-6.63856865362744E-5,-4.81506638568654,
3.5));
#11517=CARTESIAN_POINT('',(-0.125066385686536,-5.01506638568654,3.5));
#11518=CARTESIAN_POINT('',(-6.63856865362744E-5,-5.01506638568654,3.5));
#11519=CARTESIAN_POINT('',(-0.125066385686536,-4.81506638568654,3.5));
#11520=CARTESIAN_POINT('Origin',(-6.63856865362744E-5,-4.91506638568654,
3.4));
#11521=CARTESIAN_POINT('',(-0.125066385686536,-4.81506638568654,3.3));
#11522=CARTESIAN_POINT('',(-0.125066385686536,-3.48131638568654,1.96625));
#11523=CARTESIAN_POINT('',(-6.63856865362744E-5,-4.81506638568654,3.3));
#11524=CARTESIAN_POINT('Origin',(0.301999999999999,-5.08006638568654,-2.44306638568654));
#11525=CARTESIAN_POINT('',(0.224933614313463,-4.38006638568654,-2.44306638568654));
#11526=CARTESIAN_POINT('',(0.224933614313464,-5.78006638568654,-2.44306638568654));
#11527=CARTESIAN_POINT('',(0.224933614313463,-5.08006638568654,-2.44306638568654));
#11528=CARTESIAN_POINT('',(2.802,-4.38006638568654,-2.44306638568654));
#11529=CARTESIAN_POINT('',(2.802,-4.38006638568654,-2.44306638568654));
#11530=CARTESIAN_POINT('',(2.802,-5.78006638568653,-2.44306638568654));
#11531=CARTESIAN_POINT('',(2.802,-5.78006638568653,-2.44306638568654));
#11532=CARTESIAN_POINT('',(-2.198,-5.78006638568654,-2.44306638568654));
#11533=CARTESIAN_POINT('Origin',(0.224933614313463,-4.38006638568654,-2.19306638568654));
#11534=CARTESIAN_POINT('',(0.224933614313463,-4.38006638568654,-2.19306638568654));
#11535=CARTESIAN_POINT('',(0.224933614313463,-4.38006638568654,-2.31806638568654));
#11536=CARTESIAN_POINT('',(-0.125066385686536,-4.38006638568654,-2.09306638568654));
#11537=CARTESIAN_POINT('Origin',(0.224933614313463,-4.38006638568654,-2.09306638568654));
#11538=CARTESIAN_POINT('',(-6.63856865362744E-5,-4.38006638568654,-2.09306638568654));
#11539=CARTESIAN_POINT('Origin',(0.224933614313463,-4.38006638568654,-2.09306638568654));
#11540=CARTESIAN_POINT('Origin',(0.224933614313464,-5.08006638568654,-2.09306638568654));
#11541=CARTESIAN_POINT('',(0.224933614313464,-5.78006638568654,-2.19306638568654));
#11542=CARTESIAN_POINT('',(0.224933614313463,-5.08006638568654,-2.19306638568654));
#11543=CARTESIAN_POINT('Origin',(0.224933614313464,-5.78006638568654,-2.09306638568654));
#11544=CARTESIAN_POINT('Origin',(-2.198,-5.78006638568654,-2.31806638568654));
#11545=CARTESIAN_POINT('',(0.224933614313464,-5.78006638568654,-2.31806638568654));
#11546=CARTESIAN_POINT('',(2.802,-5.78006638568653,-2.19306638568654));
#11547=CARTESIAN_POINT('',(2.802,-5.78006638568653,-2.31806638568654));
#11548=CARTESIAN_POINT('',(-2.198,-5.78006638568654,-2.19306638568654));
#11549=CARTESIAN_POINT('Origin',(2.802,-4.38006638568654,-2.31806638568654));
#11550=CARTESIAN_POINT('',(2.802,-4.38006638568654,-2.19306638568654));
#11551=CARTESIAN_POINT('',(2.802,-4.38006638568654,-2.19306638568654));
#11552=CARTESIAN_POINT('',(2.802,-4.38006638568654,-2.31806638568654));
#11553=CARTESIAN_POINT('Origin',(0.224933614313464,-5.08006638568654,-2.09306638568654));
#11554=CARTESIAN_POINT('Origin',(0.224933614313464,-5.78006638568654,-2.09306638568654));
#11555=CARTESIAN_POINT('',(-0.125066385686536,-5.08006638568654,-2.09306638568654));
#11556=CARTESIAN_POINT('Origin',(-6.63856865362744E-5,-5.34506638568654,
3.5));
#11557=CARTESIAN_POINT('',(-0.125066385686536,-5.34506638568654,-2.77555756156289E-16));
#11558=CARTESIAN_POINT('',(-0.125066385686536,-5.34506638568654,3.5));
#11559=CARTESIAN_POINT('',(-6.63856865362744E-5,-5.34506638568654,-2.77555756156289E-16));
#11560=CARTESIAN_POINT('Origin',(-6.63856865362744E-5,-4.81506638568654,
-2.77555756156289E-16));
#11561=CARTESIAN_POINT('',(-0.125066385686536,-4.81506638568654,-2.77555756156289E-16));
#11562=CARTESIAN_POINT('Origin',(0.301999999999999,-5.08006638568654,-2.19306638568654));
#11563=CARTESIAN_POINT('',(2.802,-5.78006638568653,-2.19306638568654));
#11564=CARTESIAN_POINT('Origin',(2.802,-5.78006638568653,-2.31806638568654));
#11565=CARTESIAN_POINT('Origin',(0.224933614313464,-5.78006638568654,-2.44306638568654));
#11566=CARTESIAN_POINT('Origin',(-6.63856865362744E-5,-4.38006638568654,
-2.77555756156289E-16));
#11567=CARTESIAN_POINT('',(-0.125066385686536,-4.38006638568654,-2.77555756156289E-16));
#11568=CARTESIAN_POINT('Origin',(-6.63856865362744E-5,-4.38006638568654,
-5.));
#11569=CARTESIAN_POINT('',(-0.125066385686536,-4.38006638568654,-5.));
#11570=CARTESIAN_POINT('Origin',(-0.125066385686536,-5.08006638568654,-2.5));
#11571=CARTESIAN_POINT('Origin',(-6.63856865362744E-5,8.21993361431346,
-0.1));
#11572=CARTESIAN_POINT('',(-0.125066385686536,8.11993361431346,-2.77555756156289E-16));
#11573=CARTESIAN_POINT('',(-0.125066385686536,8.31993361431346,-0.2));
#11574=CARTESIAN_POINT('',(-0.125066385686536,8.66993361431346,-0.550000000000001));
#11575=CARTESIAN_POINT('',(0.124933614313464,8.11993361431346,-2.77555756156289E-16));
#11576=CARTESIAN_POINT('',(-6.63856865362744E-5,8.11993361431346,-2.77555756156289E-16));
#11577=CARTESIAN_POINT('',(0.124933614313464,8.31993361431346,-0.2));
#11578=CARTESIAN_POINT('',(0.124933614313463,8.66993361431346,-0.550000000000001));
#11579=CARTESIAN_POINT('',(-6.63856865362744E-5,8.31993361431346,-0.2));
#11580=CARTESIAN_POINT('Origin',(-6.63856865362744E-5,8.31993361431346,
-2.77555756156289E-16));
#11581=CARTESIAN_POINT('',(-0.125066385686536,7.88493361431346,-2.77555756156289E-16));
#11582=CARTESIAN_POINT('',(-0.125066385686536,8.31993361431346,-2.77555756156289E-16));
#11583=CARTESIAN_POINT('',(0.124933614313464,7.88493361431346,-2.77555756156289E-16));
#11584=CARTESIAN_POINT('',(-6.63856865362744E-5,7.88493361431346,-2.77555756156289E-16));
#11585=CARTESIAN_POINT('',(0.124933614313464,8.31993361431346,-2.77555756156289E-16));
#11586=CARTESIAN_POINT('Origin',(0.124933614313464,7.61993361431346,-2.5));
#11587=CARTESIAN_POINT('',(0.124933614313464,7.88493361431346,3.3));
#11588=CARTESIAN_POINT('',(0.124933614313464,7.88493361431346,-2.77555756156289E-16));
#11589=CARTESIAN_POINT('',(0.124933614313464,7.68493361431346,3.5));
#11590=CARTESIAN_POINT('',(0.124933614313463,9.21868361431346,1.96625));
#11591=CARTESIAN_POINT('',(0.124933614313464,7.55493361431346,3.5));
#11592=CARTESIAN_POINT('',(0.124933614313464,7.88493361431346,3.5));
#11593=CARTESIAN_POINT('',(0.124933614313464,7.35493361431346,3.3));
#11594=CARTESIAN_POINT('',(0.124933614313464,6.02118361431346,1.96625));
#11595=CARTESIAN_POINT('',(0.124933614313464,7.35493361431346,-2.77555756156289E-16));
#11596=CARTESIAN_POINT('',(0.124933614313464,7.35493361431346,3.5));
#11597=CARTESIAN_POINT('',(0.124933614313464,7.11993361431346,-2.77555756156289E-16));
#11598=CARTESIAN_POINT('',(0.124933614313464,8.31993361431346,-2.77555756156289E-16));
#11599=CARTESIAN_POINT('',(0.124933614313464,6.91993361431346,-0.2));
#11600=CARTESIAN_POINT('',(0.124933614313464,6.56993361431346,-0.55));
#11601=CARTESIAN_POINT('',(0.124933614313464,6.91993361431346,-2.09306638568654));
#11602=CARTESIAN_POINT('',(0.124933614313464,6.91993361431346,-2.77555756156289E-16));
#11603=CARTESIAN_POINT('',(0.124933614313464,8.31993361431346,-2.09306638568654));
#11604=CARTESIAN_POINT('',(0.124933614313464,7.61993361431346,-2.09306638568654));
#11605=CARTESIAN_POINT('',(0.124933614313464,8.31993361431346,-5.));
#11606=CARTESIAN_POINT('Origin',(-6.63856865362744E-5,7.01993361431346,
-0.1));
#11607=CARTESIAN_POINT('',(-0.125066385686536,6.91993361431346,-0.2));
#11608=CARTESIAN_POINT('',(-0.125066385686536,7.11993361431346,-2.77555756156289E-16));
#11609=CARTESIAN_POINT('',(-0.125066385686536,6.56993361431346,-0.55));
#11610=CARTESIAN_POINT('',(-6.63856865362744E-5,6.91993361431346,-0.2));
#11611=CARTESIAN_POINT('',(-6.63856865362744E-5,7.11993361431346,-2.77555756156289E-16));
#11612=CARTESIAN_POINT('Origin',(-6.63856865362744E-5,6.91993361431346,
-2.77555756156289E-16));
#11613=CARTESIAN_POINT('',(-0.125066385686536,6.91993361431346,-2.09306638568654));
#11614=CARTESIAN_POINT('',(-0.125066385686536,6.91993361431346,-2.77555756156289E-16));
#11615=CARTESIAN_POINT('',(-6.63856865362744E-5,6.91993361431346,-2.09306638568654));
#11616=CARTESIAN_POINT('Origin',(-6.63856865362744E-5,7.45493361431346,
3.4));
#11617=CARTESIAN_POINT('',(-0.125066385686536,7.35493361431346,3.3));
#11618=CARTESIAN_POINT('',(-0.125066385686536,7.55493361431346,3.5));
#11619=CARTESIAN_POINT('',(-0.125066385686536,6.02118361431346,1.96625));
#11620=CARTESIAN_POINT('',(-6.63856865362744E-5,7.35493361431346,3.3));
#11621=CARTESIAN_POINT('',(-6.63856865362744E-5,7.55493361431346,3.5));
#11622=CARTESIAN_POINT('Origin',(-6.63856865362744E-5,7.88493361431346,
3.5));
#11623=CARTESIAN_POINT('',(-0.125066385686536,7.68493361431346,3.5));
#11624=CARTESIAN_POINT('',(-6.63856865362744E-5,7.68493361431346,3.5));
#11625=CARTESIAN_POINT('',(-0.125066385686536,7.88493361431346,3.5));
#11626=CARTESIAN_POINT('Origin',(-6.63856865362744E-5,7.78493361431346,
3.4));
#11627=CARTESIAN_POINT('',(-0.125066385686536,7.88493361431346,3.3));
#11628=CARTESIAN_POINT('',(-0.125066385686536,9.21868361431346,1.96625));
#11629=CARTESIAN_POINT('',(-6.63856865362744E-5,7.88493361431346,3.3));
#11630=CARTESIAN_POINT('Origin',(0.301999999999999,7.61993361431346,-2.44306638568654));
#11631=CARTESIAN_POINT('',(0.224933614313463,8.31993361431346,-2.44306638568654));
#11632=CARTESIAN_POINT('',(0.224933614313464,6.91993361431346,-2.44306638568654));
#11633=CARTESIAN_POINT('',(0.224933614313463,7.61993361431346,-2.44306638568654));
#11634=CARTESIAN_POINT('',(2.802,8.31993361431346,-2.44306638568654));
#11635=CARTESIAN_POINT('',(2.802,8.31993361431346,-2.44306638568654));
#11636=CARTESIAN_POINT('',(2.802,6.91993361431346,-2.44306638568654));
#11637=CARTESIAN_POINT('',(2.802,6.91993361431346,-2.44306638568654));
#11638=CARTESIAN_POINT('',(-2.198,6.91993361431346,-2.44306638568654));
#11639=CARTESIAN_POINT('Origin',(0.224933614313463,8.31993361431346,-2.19306638568654));
#11640=CARTESIAN_POINT('',(0.224933614313463,8.31993361431346,-2.19306638568654));
#11641=CARTESIAN_POINT('',(0.224933614313463,8.31993361431346,-2.31806638568654));
#11642=CARTESIAN_POINT('',(-0.125066385686536,8.31993361431346,-2.09306638568654));
#11643=CARTESIAN_POINT('Origin',(0.224933614313463,8.31993361431346,-2.09306638568654));
#11644=CARTESIAN_POINT('',(-6.63856865362744E-5,8.31993361431346,-2.09306638568654));
#11645=CARTESIAN_POINT('Origin',(0.224933614313463,8.31993361431346,-2.09306638568654));
#11646=CARTESIAN_POINT('Origin',(0.224933614313464,7.61993361431346,-2.09306638568654));
#11647=CARTESIAN_POINT('',(0.224933614313464,6.91993361431346,-2.19306638568654));
#11648=CARTESIAN_POINT('',(0.224933614313463,7.61993361431346,-2.19306638568654));
#11649=CARTESIAN_POINT('Origin',(0.224933614313464,6.91993361431346,-2.09306638568654));
#11650=CARTESIAN_POINT('Origin',(-2.198,6.91993361431346,-2.31806638568654));
#11651=CARTESIAN_POINT('',(0.224933614313464,6.91993361431346,-2.31806638568654));
#11652=CARTESIAN_POINT('',(2.802,6.91993361431346,-2.19306638568654));
#11653=CARTESIAN_POINT('',(2.802,6.91993361431346,-2.31806638568654));
#11654=CARTESIAN_POINT('',(-2.198,6.91993361431346,-2.19306638568654));
#11655=CARTESIAN_POINT('Origin',(2.802,8.31993361431346,-2.31806638568654));
#11656=CARTESIAN_POINT('',(2.802,8.31993361431346,-2.19306638568654));
#11657=CARTESIAN_POINT('',(2.802,8.31993361431346,-2.19306638568654));
#11658=CARTESIAN_POINT('',(2.802,8.31993361431346,-2.31806638568654));
#11659=CARTESIAN_POINT('Origin',(0.224933614313464,7.61993361431346,-2.09306638568654));
#11660=CARTESIAN_POINT('Origin',(0.224933614313464,6.91993361431346,-2.09306638568654));
#11661=CARTESIAN_POINT('',(-0.125066385686536,7.61993361431346,-2.09306638568654));
#11662=CARTESIAN_POINT('Origin',(-6.63856865362744E-5,7.35493361431346,
3.5));
#11663=CARTESIAN_POINT('',(-0.125066385686536,7.35493361431346,-2.77555756156289E-16));
#11664=CARTESIAN_POINT('',(-0.125066385686536,7.35493361431346,3.5));
#11665=CARTESIAN_POINT('',(-6.63856865362744E-5,7.35493361431346,-2.77555756156289E-16));
#11666=CARTESIAN_POINT('Origin',(-6.63856865362744E-5,7.88493361431346,
-2.77555756156289E-16));
#11667=CARTESIAN_POINT('',(-0.125066385686536,7.88493361431346,-2.77555756156289E-16));
#11668=CARTESIAN_POINT('Origin',(0.301999999999999,7.61993361431346,-2.19306638568654));
#11669=CARTESIAN_POINT('',(2.802,6.91993361431346,-2.19306638568654));
#11670=CARTESIAN_POINT('Origin',(2.802,6.91993361431346,-2.31806638568654));
#11671=CARTESIAN_POINT('Origin',(0.224933614313464,6.91993361431346,-2.44306638568654));
#11672=CARTESIAN_POINT('Origin',(-6.63856865362744E-5,8.31993361431346,
-2.77555756156289E-16));
#11673=CARTESIAN_POINT('',(-0.125066385686536,8.31993361431346,-2.77555756156289E-16));
#11674=CARTESIAN_POINT('Origin',(-6.63856865362744E-5,8.31993361431346,
-5.));
#11675=CARTESIAN_POINT('',(-0.125066385686536,8.31993361431346,-5.));
#11676=CARTESIAN_POINT('Origin',(-0.125066385686536,7.61993361431346,-2.5));
#11677=CARTESIAN_POINT('Origin',(-6.63856865362744E-5,-7.02006638568654,
-0.1));
#11678=CARTESIAN_POINT('',(-0.125066385686536,-7.12006638568654,-2.77555756156289E-16));
#11679=CARTESIAN_POINT('',(-0.125066385686536,-6.92006638568654,-0.2));
#11680=CARTESIAN_POINT('',(-0.125066385686536,-6.57006638568654,-0.550000000000001));
#11681=CARTESIAN_POINT('',(0.124933614313464,-7.12006638568654,-2.77555756156289E-16));
#11682=CARTESIAN_POINT('',(-6.63856865362744E-5,-7.12006638568654,-2.77555756156289E-16));
#11683=CARTESIAN_POINT('',(0.124933614313464,-6.92006638568654,-0.2));
#11684=CARTESIAN_POINT('',(0.124933614313463,-6.57006638568654,-0.550000000000001));
#11685=CARTESIAN_POINT('',(-6.63856865362744E-5,-6.92006638568654,-0.2));
#11686=CARTESIAN_POINT('Origin',(-6.63856865362744E-5,-6.92006638568654,
-2.77555756156289E-16));
#11687=CARTESIAN_POINT('',(-0.125066385686536,-7.35506638568654,-2.77555756156289E-16));
#11688=CARTESIAN_POINT('',(-0.125066385686536,-6.92006638568654,-2.77555756156289E-16));
#11689=CARTESIAN_POINT('',(0.124933614313464,-7.35506638568654,-2.77555756156289E-16));
#11690=CARTESIAN_POINT('',(-6.63856865362744E-5,-7.35506638568654,-2.77555756156289E-16));
#11691=CARTESIAN_POINT('',(0.124933614313464,-6.92006638568654,-2.77555756156289E-16));
#11692=CARTESIAN_POINT('Origin',(0.124933614313464,-7.62006638568654,-2.5));
#11693=CARTESIAN_POINT('',(0.124933614313464,-7.35506638568654,3.3));
#11694=CARTESIAN_POINT('',(0.124933614313464,-7.35506638568654,-2.77555756156289E-16));
#11695=CARTESIAN_POINT('',(0.124933614313464,-7.55506638568654,3.5));
#11696=CARTESIAN_POINT('',(0.124933614313463,-6.02131638568654,1.96625));
#11697=CARTESIAN_POINT('',(0.124933614313464,-7.68506638568654,3.5));
#11698=CARTESIAN_POINT('',(0.124933614313464,-7.35506638568654,3.5));
#11699=CARTESIAN_POINT('',(0.124933614313464,-7.88506638568654,3.3));
#11700=CARTESIAN_POINT('',(0.124933614313464,-9.21881638568654,1.96625));
#11701=CARTESIAN_POINT('',(0.124933614313464,-7.88506638568654,-2.77555756156289E-16));
#11702=CARTESIAN_POINT('',(0.124933614313464,-7.88506638568654,3.5));
#11703=CARTESIAN_POINT('',(0.124933614313464,-8.12006638568654,-2.77555756156289E-16));
#11704=CARTESIAN_POINT('',(0.124933614313464,-6.92006638568654,-2.77555756156289E-16));
#11705=CARTESIAN_POINT('',(0.124933614313464,-8.32006638568654,-0.2));
#11706=CARTESIAN_POINT('',(0.124933614313464,-8.67006638568654,-0.55));
#11707=CARTESIAN_POINT('',(0.124933614313464,-8.32006638568654,-2.09306638568654));
#11708=CARTESIAN_POINT('',(0.124933614313464,-8.32006638568654,-2.77555756156289E-16));
#11709=CARTESIAN_POINT('',(0.124933614313464,-6.92006638568654,-2.09306638568654));
#11710=CARTESIAN_POINT('',(0.124933614313464,-7.62006638568654,-2.09306638568654));
#11711=CARTESIAN_POINT('',(0.124933614313464,-6.92006638568654,-5.));
#11712=CARTESIAN_POINT('Origin',(-6.63856865362744E-5,-8.22006638568654,
-0.1));
#11713=CARTESIAN_POINT('',(-0.125066385686536,-8.32006638568654,-0.2));
#11714=CARTESIAN_POINT('',(-0.125066385686536,-8.12006638568654,-2.77555756156289E-16));
#11715=CARTESIAN_POINT('',(-0.125066385686536,-8.67006638568654,-0.55));
#11716=CARTESIAN_POINT('',(-6.63856865362744E-5,-8.32006638568654,-0.2));
#11717=CARTESIAN_POINT('',(-6.63856865362744E-5,-8.12006638568654,-2.77555756156289E-16));
#11718=CARTESIAN_POINT('Origin',(-6.63856865362744E-5,-8.32006638568654,
-2.77555756156289E-16));
#11719=CARTESIAN_POINT('',(-0.125066385686536,-8.32006638568654,-2.09306638568654));
#11720=CARTESIAN_POINT('',(-0.125066385686536,-8.32006638568654,-2.77555756156289E-16));
#11721=CARTESIAN_POINT('',(-6.63856865362744E-5,-8.32006638568654,-2.09306638568654));
#11722=CARTESIAN_POINT('Origin',(-6.63856865362744E-5,-7.78506638568654,
3.4));
#11723=CARTESIAN_POINT('',(-0.125066385686536,-7.88506638568654,3.3));
#11724=CARTESIAN_POINT('',(-0.125066385686536,-7.68506638568654,3.5));
#11725=CARTESIAN_POINT('',(-0.125066385686536,-9.21881638568654,1.96625));
#11726=CARTESIAN_POINT('',(-6.63856865362744E-5,-7.88506638568654,3.3));
#11727=CARTESIAN_POINT('',(-6.63856865362744E-5,-7.68506638568654,3.5));
#11728=CARTESIAN_POINT('Origin',(-6.63856865362744E-5,-7.35506638568654,
3.5));
#11729=CARTESIAN_POINT('',(-0.125066385686536,-7.55506638568654,3.5));
#11730=CARTESIAN_POINT('',(-6.63856865362744E-5,-7.55506638568654,3.5));
#11731=CARTESIAN_POINT('',(-0.125066385686536,-7.35506638568654,3.5));
#11732=CARTESIAN_POINT('Origin',(-6.63856865362744E-5,-7.45506638568654,
3.4));
#11733=CARTESIAN_POINT('',(-0.125066385686536,-7.35506638568654,3.3));
#11734=CARTESIAN_POINT('',(-0.125066385686536,-6.02131638568654,1.96625));
#11735=CARTESIAN_POINT('',(-6.63856865362744E-5,-7.35506638568654,3.3));
#11736=CARTESIAN_POINT('Origin',(0.301999999999999,-7.62006638568654,-2.44306638568654));
#11737=CARTESIAN_POINT('',(0.224933614313463,-6.92006638568654,-2.44306638568654));
#11738=CARTESIAN_POINT('',(0.224933614313464,-8.32006638568654,-2.44306638568654));
#11739=CARTESIAN_POINT('',(0.224933614313463,-7.62006638568654,-2.44306638568654));
#11740=CARTESIAN_POINT('',(2.802,-6.92006638568654,-2.44306638568654));
#11741=CARTESIAN_POINT('',(2.802,-6.92006638568654,-2.44306638568654));
#11742=CARTESIAN_POINT('',(2.802,-8.32006638568654,-2.44306638568654));
#11743=CARTESIAN_POINT('',(2.802,-8.32006638568654,-2.44306638568654));
#11744=CARTESIAN_POINT('',(-2.198,-8.32006638568654,-2.44306638568654));
#11745=CARTESIAN_POINT('Origin',(0.224933614313463,-6.92006638568654,-2.19306638568654));
#11746=CARTESIAN_POINT('',(0.224933614313463,-6.92006638568654,-2.19306638568654));
#11747=CARTESIAN_POINT('',(0.224933614313463,-6.92006638568654,-2.31806638568654));
#11748=CARTESIAN_POINT('',(-0.125066385686536,-6.92006638568654,-2.09306638568654));
#11749=CARTESIAN_POINT('Origin',(0.224933614313463,-6.92006638568654,-2.09306638568654));
#11750=CARTESIAN_POINT('',(-6.63856865362744E-5,-6.92006638568654,-2.09306638568654));
#11751=CARTESIAN_POINT('Origin',(0.224933614313463,-6.92006638568654,-2.09306638568654));
#11752=CARTESIAN_POINT('Origin',(0.224933614313464,-7.62006638568654,-2.09306638568654));
#11753=CARTESIAN_POINT('',(0.224933614313464,-8.32006638568654,-2.19306638568654));
#11754=CARTESIAN_POINT('',(0.224933614313463,-7.62006638568654,-2.19306638568654));
#11755=CARTESIAN_POINT('Origin',(0.224933614313464,-8.32006638568654,-2.09306638568654));
#11756=CARTESIAN_POINT('Origin',(-2.198,-8.32006638568654,-2.31806638568654));
#11757=CARTESIAN_POINT('',(0.224933614313464,-8.32006638568654,-2.31806638568654));
#11758=CARTESIAN_POINT('',(2.802,-8.32006638568654,-2.19306638568654));
#11759=CARTESIAN_POINT('',(2.802,-8.32006638568654,-2.31806638568654));
#11760=CARTESIAN_POINT('',(-2.198,-8.32006638568654,-2.19306638568654));
#11761=CARTESIAN_POINT('Origin',(2.802,-6.92006638568654,-2.31806638568654));
#11762=CARTESIAN_POINT('',(2.802,-6.92006638568654,-2.19306638568654));
#11763=CARTESIAN_POINT('',(2.802,-6.92006638568654,-2.19306638568654));
#11764=CARTESIAN_POINT('',(2.802,-6.92006638568654,-2.31806638568654));
#11765=CARTESIAN_POINT('Origin',(0.224933614313464,-7.62006638568654,-2.09306638568654));
#11766=CARTESIAN_POINT('Origin',(0.224933614313464,-8.32006638568654,-2.09306638568654));
#11767=CARTESIAN_POINT('',(-0.125066385686536,-7.62006638568654,-2.09306638568654));
#11768=CARTESIAN_POINT('Origin',(-6.63856865362744E-5,-7.88506638568654,
3.5));
#11769=CARTESIAN_POINT('',(-0.125066385686536,-7.88506638568654,-2.77555756156289E-16));
#11770=CARTESIAN_POINT('',(-0.125066385686536,-7.88506638568654,3.5));
#11771=CARTESIAN_POINT('',(-6.63856865362744E-5,-7.88506638568654,-2.77555756156289E-16));
#11772=CARTESIAN_POINT('Origin',(-6.63856865362744E-5,-7.35506638568654,
-2.77555756156289E-16));
#11773=CARTESIAN_POINT('',(-0.125066385686536,-7.35506638568654,-2.77555756156289E-16));
#11774=CARTESIAN_POINT('Origin',(0.301999999999999,-7.62006638568654,-2.19306638568654));
#11775=CARTESIAN_POINT('',(2.802,-8.32006638568654,-2.19306638568654));
#11776=CARTESIAN_POINT('Origin',(2.802,-8.32006638568654,-2.31806638568654));
#11777=CARTESIAN_POINT('Origin',(0.224933614313464,-8.32006638568654,-2.44306638568654));
#11778=CARTESIAN_POINT('Origin',(-6.63856865362744E-5,-6.92006638568654,
-2.77555756156289E-16));
#11779=CARTESIAN_POINT('',(-0.125066385686536,-6.92006638568654,-2.77555756156289E-16));
#11780=CARTESIAN_POINT('Origin',(-6.63856865362744E-5,-6.92006638568654,
-5.));
#11781=CARTESIAN_POINT('',(-0.125066385686536,-6.92006638568654,-5.));
#11782=CARTESIAN_POINT('Origin',(-0.125066385686536,-7.62006638568654,-2.5));
#11783=CARTESIAN_POINT('Origin',(-6.63856865362744E-5,10.7599336143135,
-0.1));
#11784=CARTESIAN_POINT('',(-0.125066385686536,10.6599336143135,-2.77555756156289E-16));
#11785=CARTESIAN_POINT('',(-0.125066385686536,10.8599336143135,-0.2));
#11786=CARTESIAN_POINT('',(-0.125066385686536,11.2099336143135,-0.550000000000001));
#11787=CARTESIAN_POINT('',(0.124933614313464,10.6599336143135,-2.77555756156289E-16));
#11788=CARTESIAN_POINT('',(-6.63856865362744E-5,10.6599336143135,-2.77555756156289E-16));
#11789=CARTESIAN_POINT('',(0.124933614313464,10.8599336143135,-0.2));
#11790=CARTESIAN_POINT('',(0.124933614313463,11.2099336143135,-0.550000000000001));
#11791=CARTESIAN_POINT('',(-6.63856865362744E-5,10.8599336143135,-0.2));
#11792=CARTESIAN_POINT('Origin',(-6.63856865362744E-5,10.8599336143135,
-2.77555756156289E-16));
#11793=CARTESIAN_POINT('',(-0.125066385686536,10.4249336143135,-2.77555756156289E-16));
#11794=CARTESIAN_POINT('',(-0.125066385686536,10.8599336143135,-2.77555756156289E-16));
#11795=CARTESIAN_POINT('',(0.124933614313464,10.4249336143135,-2.77555756156289E-16));
#11796=CARTESIAN_POINT('',(-6.63856865362744E-5,10.4249336143135,-2.77555756156289E-16));
#11797=CARTESIAN_POINT('',(0.124933614313464,10.8599336143135,-2.77555756156289E-16));
#11798=CARTESIAN_POINT('Origin',(0.124933614313464,10.1599336143135,-2.5));
#11799=CARTESIAN_POINT('',(0.124933614313464,10.4249336143135,3.3));
#11800=CARTESIAN_POINT('',(0.124933614313464,10.4249336143135,-2.77555756156289E-16));
#11801=CARTESIAN_POINT('',(0.124933614313464,10.2249336143135,3.5));
#11802=CARTESIAN_POINT('',(0.124933614313463,11.7586836143135,1.96625));
#11803=CARTESIAN_POINT('',(0.124933614313464,10.0949336143135,3.5));
#11804=CARTESIAN_POINT('',(0.124933614313464,10.4249336143135,3.5));
#11805=CARTESIAN_POINT('',(0.124933614313464,9.89493361431346,3.3));
#11806=CARTESIAN_POINT('',(0.124933614313464,8.56118361431346,1.96625));
#11807=CARTESIAN_POINT('',(0.124933614313464,9.89493361431346,-2.77555756156289E-16));
#11808=CARTESIAN_POINT('',(0.124933614313464,9.89493361431346,3.5));
#11809=CARTESIAN_POINT('',(0.124933614313464,9.65993361431346,-2.77555756156289E-16));
#11810=CARTESIAN_POINT('',(0.124933614313464,10.8599336143135,-2.77555756156289E-16));
#11811=CARTESIAN_POINT('',(0.124933614313464,9.45993361431346,-0.2));
#11812=CARTESIAN_POINT('',(0.124933614313464,9.10993361431346,-0.55));
#11813=CARTESIAN_POINT('',(0.124933614313464,9.45993361431346,-2.09306638568654));
#11814=CARTESIAN_POINT('',(0.124933614313464,9.45993361431346,-2.77555756156289E-16));
#11815=CARTESIAN_POINT('',(0.124933614313464,10.8599336143135,-2.09306638568654));
#11816=CARTESIAN_POINT('',(0.124933614313464,10.1599336143135,-2.09306638568654));
#11817=CARTESIAN_POINT('',(0.124933614313464,10.8599336143135,-5.));
#11818=CARTESIAN_POINT('Origin',(-6.63856865362744E-5,9.55993361431346,
-0.1));
#11819=CARTESIAN_POINT('',(-0.125066385686536,9.45993361431346,-0.2));
#11820=CARTESIAN_POINT('',(-0.125066385686536,9.65993361431346,-2.77555756156289E-16));
#11821=CARTESIAN_POINT('',(-0.125066385686536,9.10993361431346,-0.55));
#11822=CARTESIAN_POINT('',(-6.63856865362744E-5,9.45993361431346,-0.2));
#11823=CARTESIAN_POINT('',(-6.63856865362744E-5,9.65993361431346,-2.77555756156289E-16));
#11824=CARTESIAN_POINT('Origin',(-6.63856865362744E-5,9.45993361431346,
-2.77555756156289E-16));
#11825=CARTESIAN_POINT('',(-0.125066385686536,9.45993361431346,-2.09306638568654));
#11826=CARTESIAN_POINT('',(-0.125066385686536,9.45993361431346,-2.77555756156289E-16));
#11827=CARTESIAN_POINT('',(-6.63856865362744E-5,9.45993361431346,-2.09306638568654));
#11828=CARTESIAN_POINT('Origin',(-6.63856865362744E-5,9.99493361431346,
3.4));
#11829=CARTESIAN_POINT('',(-0.125066385686536,9.89493361431346,3.3));
#11830=CARTESIAN_POINT('',(-0.125066385686536,10.0949336143135,3.5));
#11831=CARTESIAN_POINT('',(-0.125066385686536,8.56118361431346,1.96625));
#11832=CARTESIAN_POINT('',(-6.63856865362744E-5,9.89493361431346,3.3));
#11833=CARTESIAN_POINT('',(-6.63856865362744E-5,10.0949336143135,3.5));
#11834=CARTESIAN_POINT('Origin',(-6.63856865362744E-5,10.4249336143135,
3.5));
#11835=CARTESIAN_POINT('',(-0.125066385686536,10.2249336143135,3.5));
#11836=CARTESIAN_POINT('',(-6.63856865362744E-5,10.2249336143135,3.5));
#11837=CARTESIAN_POINT('',(-0.125066385686536,10.4249336143135,3.5));
#11838=CARTESIAN_POINT('Origin',(-6.63856865362744E-5,10.3249336143135,
3.4));
#11839=CARTESIAN_POINT('',(-0.125066385686536,10.4249336143135,3.3));
#11840=CARTESIAN_POINT('',(-0.125066385686536,11.7586836143135,1.96625));
#11841=CARTESIAN_POINT('',(-6.63856865362744E-5,10.4249336143135,3.3));
#11842=CARTESIAN_POINT('Origin',(0.301999999999999,10.1599336143135,-2.44306638568654));
#11843=CARTESIAN_POINT('',(0.224933614313463,10.8599336143135,-2.44306638568654));
#11844=CARTESIAN_POINT('',(0.224933614313464,9.45993361431346,-2.44306638568654));
#11845=CARTESIAN_POINT('',(0.224933614313463,10.1599336143135,-2.44306638568654));
#11846=CARTESIAN_POINT('',(2.802,10.8599336143135,-2.44306638568654));
#11847=CARTESIAN_POINT('',(2.802,10.8599336143135,-2.44306638568654));
#11848=CARTESIAN_POINT('',(2.802,9.45993361431347,-2.44306638568654));
#11849=CARTESIAN_POINT('',(2.802,9.45993361431347,-2.44306638568654));
#11850=CARTESIAN_POINT('',(-2.198,9.45993361431346,-2.44306638568654));
#11851=CARTESIAN_POINT('Origin',(0.224933614313463,10.8599336143135,-2.19306638568654));
#11852=CARTESIAN_POINT('',(0.224933614313463,10.8599336143135,-2.19306638568654));
#11853=CARTESIAN_POINT('',(0.224933614313463,10.8599336143135,-2.31806638568654));
#11854=CARTESIAN_POINT('',(-0.125066385686536,10.8599336143135,-2.09306638568654));
#11855=CARTESIAN_POINT('Origin',(0.224933614313463,10.8599336143135,-2.09306638568654));
#11856=CARTESIAN_POINT('',(-6.63856865362744E-5,10.8599336143135,-2.09306638568654));
#11857=CARTESIAN_POINT('Origin',(0.224933614313463,10.8599336143135,-2.09306638568654));
#11858=CARTESIAN_POINT('Origin',(0.224933614313464,10.1599336143135,-2.09306638568654));
#11859=CARTESIAN_POINT('',(0.224933614313464,9.45993361431346,-2.19306638568654));
#11860=CARTESIAN_POINT('',(0.224933614313463,10.1599336143135,-2.19306638568654));
#11861=CARTESIAN_POINT('Origin',(0.224933614313464,9.45993361431346,-2.09306638568654));
#11862=CARTESIAN_POINT('Origin',(-2.198,9.45993361431346,-2.31806638568654));
#11863=CARTESIAN_POINT('',(0.224933614313464,9.45993361431346,-2.31806638568654));
#11864=CARTESIAN_POINT('',(2.802,9.45993361431347,-2.19306638568654));
#11865=CARTESIAN_POINT('',(2.802,9.45993361431347,-2.31806638568654));
#11866=CARTESIAN_POINT('',(-2.198,9.45993361431346,-2.19306638568654));
#11867=CARTESIAN_POINT('Origin',(2.802,10.8599336143135,-2.31806638568654));
#11868=CARTESIAN_POINT('',(2.802,10.8599336143135,-2.19306638568654));
#11869=CARTESIAN_POINT('',(2.802,10.8599336143135,-2.19306638568654));
#11870=CARTESIAN_POINT('',(2.802,10.8599336143135,-2.31806638568654));
#11871=CARTESIAN_POINT('Origin',(0.224933614313464,10.1599336143135,-2.09306638568654));
#11872=CARTESIAN_POINT('Origin',(0.224933614313464,9.45993361431346,-2.09306638568654));
#11873=CARTESIAN_POINT('',(-0.125066385686536,10.1599336143135,-2.09306638568654));
#11874=CARTESIAN_POINT('Origin',(-6.63856865362744E-5,9.89493361431346,
3.5));
#11875=CARTESIAN_POINT('',(-0.125066385686536,9.89493361431346,-2.77555756156289E-16));
#11876=CARTESIAN_POINT('',(-0.125066385686536,9.89493361431346,3.5));
#11877=CARTESIAN_POINT('',(-6.63856865362744E-5,9.89493361431346,-2.77555756156289E-16));
#11878=CARTESIAN_POINT('Origin',(-6.63856865362744E-5,10.4249336143135,
-2.77555756156289E-16));
#11879=CARTESIAN_POINT('',(-0.125066385686536,10.4249336143135,-2.77555756156289E-16));
#11880=CARTESIAN_POINT('Origin',(0.301999999999999,10.1599336143135,-2.19306638568654));
#11881=CARTESIAN_POINT('',(2.802,9.45993361431347,-2.19306638568654));
#11882=CARTESIAN_POINT('Origin',(2.802,9.45993361431347,-2.31806638568654));
#11883=CARTESIAN_POINT('Origin',(0.224933614313464,9.45993361431346,-2.44306638568654));
#11884=CARTESIAN_POINT('Origin',(-6.63856865362744E-5,10.8599336143135,
-2.77555756156289E-16));
#11885=CARTESIAN_POINT('',(-0.125066385686536,10.8599336143135,-2.77555756156289E-16));
#11886=CARTESIAN_POINT('Origin',(-6.63856865362744E-5,10.8599336143135,
-5.));
#11887=CARTESIAN_POINT('',(-0.125066385686536,10.8599336143135,-5.));
#11888=CARTESIAN_POINT('Origin',(-0.125066385686536,10.1599336143135,-2.5));
#11889=CARTESIAN_POINT('Origin',(-6.63856865362744E-5,-9.56006638568654,
-0.1));
#11890=CARTESIAN_POINT('',(-0.125066385686536,-9.66006638568654,-2.77555756156289E-16));
#11891=CARTESIAN_POINT('',(-0.125066385686536,-9.46006638568654,-0.2));
#11892=CARTESIAN_POINT('',(-0.125066385686536,-9.11006638568654,-0.550000000000001));
#11893=CARTESIAN_POINT('',(0.124933614313464,-9.66006638568654,-2.77555756156289E-16));
#11894=CARTESIAN_POINT('',(-6.63856865362744E-5,-9.66006638568654,-2.77555756156289E-16));
#11895=CARTESIAN_POINT('',(0.124933614313464,-9.46006638568654,-0.2));
#11896=CARTESIAN_POINT('',(0.124933614313463,-9.11006638568654,-0.550000000000001));
#11897=CARTESIAN_POINT('',(-6.63856865362744E-5,-9.46006638568654,-0.2));
#11898=CARTESIAN_POINT('Origin',(-6.63856865362744E-5,-9.46006638568654,
-2.77555756156289E-16));
#11899=CARTESIAN_POINT('',(-0.125066385686536,-9.89506638568654,-2.77555756156289E-16));
#11900=CARTESIAN_POINT('',(-0.125066385686536,-9.46006638568654,-2.77555756156289E-16));
#11901=CARTESIAN_POINT('',(0.124933614313464,-9.89506638568654,-2.77555756156289E-16));
#11902=CARTESIAN_POINT('',(-6.63856865362744E-5,-9.89506638568654,-2.77555756156289E-16));
#11903=CARTESIAN_POINT('',(0.124933614313464,-9.46006638568654,-2.77555756156289E-16));
#11904=CARTESIAN_POINT('Origin',(0.124933614313464,-10.1600663856865,-2.5));
#11905=CARTESIAN_POINT('',(0.124933614313464,-9.89506638568654,3.3));
#11906=CARTESIAN_POINT('',(0.124933614313464,-9.89506638568654,-2.77555756156289E-16));
#11907=CARTESIAN_POINT('',(0.124933614313464,-10.0950663856865,3.5));
#11908=CARTESIAN_POINT('',(0.124933614313463,-8.56131638568654,1.96625));
#11909=CARTESIAN_POINT('',(0.124933614313464,-10.2250663856865,3.5));
#11910=CARTESIAN_POINT('',(0.124933614313464,-9.89506638568654,3.5));
#11911=CARTESIAN_POINT('',(0.124933614313464,-10.4250663856865,3.3));
#11912=CARTESIAN_POINT('',(0.124933614313464,-11.7588163856865,1.96625));
#11913=CARTESIAN_POINT('',(0.124933614313464,-10.4250663856865,-2.77555756156289E-16));
#11914=CARTESIAN_POINT('',(0.124933614313464,-10.4250663856865,3.5));
#11915=CARTESIAN_POINT('',(0.124933614313464,-10.6600663856865,-2.77555756156289E-16));
#11916=CARTESIAN_POINT('',(0.124933614313464,-9.46006638568654,-2.77555756156289E-16));
#11917=CARTESIAN_POINT('',(0.124933614313464,-10.8600663856865,-0.2));
#11918=CARTESIAN_POINT('',(0.124933614313464,-11.2100663856865,-0.55));
#11919=CARTESIAN_POINT('',(0.124933614313464,-10.8600663856865,-2.09306638568654));
#11920=CARTESIAN_POINT('',(0.124933614313464,-10.8600663856865,-2.77555756156289E-16));
#11921=CARTESIAN_POINT('',(0.124933614313464,-9.46006638568654,-2.09306638568654));
#11922=CARTESIAN_POINT('',(0.124933614313464,-10.1600663856865,-2.09306638568654));
#11923=CARTESIAN_POINT('',(0.124933614313464,-9.46006638568654,-5.));
#11924=CARTESIAN_POINT('Origin',(-6.63856865362744E-5,-10.7600663856865,
-0.1));
#11925=CARTESIAN_POINT('',(-0.125066385686536,-10.8600663856865,-0.2));
#11926=CARTESIAN_POINT('',(-0.125066385686536,-10.6600663856865,-2.77555756156289E-16));
#11927=CARTESIAN_POINT('',(-0.125066385686536,-11.2100663856865,-0.55));
#11928=CARTESIAN_POINT('',(-6.63856865362744E-5,-10.8600663856865,-0.2));
#11929=CARTESIAN_POINT('',(-6.63856865362744E-5,-10.6600663856865,-2.77555756156289E-16));
#11930=CARTESIAN_POINT('Origin',(-6.63856865362744E-5,-10.8600663856865,
-2.77555756156289E-16));
#11931=CARTESIAN_POINT('',(-0.125066385686536,-10.8600663856865,-2.09306638568654));
#11932=CARTESIAN_POINT('',(-0.125066385686536,-10.8600663856865,-2.77555756156289E-16));
#11933=CARTESIAN_POINT('',(-6.63856865362744E-5,-10.8600663856865,-2.09306638568654));
#11934=CARTESIAN_POINT('Origin',(-6.63856865362744E-5,-10.3250663856865,
3.4));
#11935=CARTESIAN_POINT('',(-0.125066385686536,-10.4250663856865,3.3));
#11936=CARTESIAN_POINT('',(-0.125066385686536,-10.2250663856865,3.5));
#11937=CARTESIAN_POINT('',(-0.125066385686536,-11.7588163856865,1.96625));
#11938=CARTESIAN_POINT('',(-6.63856865362744E-5,-10.4250663856865,3.3));
#11939=CARTESIAN_POINT('',(-6.63856865362744E-5,-10.2250663856865,3.5));
#11940=CARTESIAN_POINT('Origin',(-6.63856865362744E-5,-9.89506638568654,
3.5));
#11941=CARTESIAN_POINT('',(-0.125066385686536,-10.0950663856865,3.5));
#11942=CARTESIAN_POINT('',(-6.63856865362744E-5,-10.0950663856865,3.5));
#11943=CARTESIAN_POINT('',(-0.125066385686536,-9.89506638568654,3.5));
#11944=CARTESIAN_POINT('Origin',(-6.63856865362744E-5,-9.99506638568654,
3.4));
#11945=CARTESIAN_POINT('',(-0.125066385686536,-9.89506638568654,3.3));
#11946=CARTESIAN_POINT('',(-0.125066385686536,-8.56131638568654,1.96625));
#11947=CARTESIAN_POINT('',(-6.63856865362744E-5,-9.89506638568654,3.3));
#11948=CARTESIAN_POINT('Origin',(0.301999999999999,-10.1600663856865,-2.44306638568654));
#11949=CARTESIAN_POINT('',(0.224933614313463,-9.46006638568654,-2.44306638568654));
#11950=CARTESIAN_POINT('',(0.224933614313464,-10.8600663856865,-2.44306638568654));
#11951=CARTESIAN_POINT('',(0.224933614313463,-10.1600663856865,-2.44306638568654));
#11952=CARTESIAN_POINT('',(2.802,-9.46006638568654,-2.44306638568654));
#11953=CARTESIAN_POINT('',(2.802,-9.46006638568654,-2.44306638568654));
#11954=CARTESIAN_POINT('',(2.802,-10.8600663856865,-2.44306638568654));
#11955=CARTESIAN_POINT('',(2.802,-10.8600663856865,-2.44306638568654));
#11956=CARTESIAN_POINT('',(-2.198,-10.8600663856865,-2.44306638568654));
#11957=CARTESIAN_POINT('Origin',(0.224933614313463,-9.46006638568654,-2.19306638568654));
#11958=CARTESIAN_POINT('',(0.224933614313463,-9.46006638568654,-2.19306638568654));
#11959=CARTESIAN_POINT('',(0.224933614313463,-9.46006638568654,-2.31806638568654));
#11960=CARTESIAN_POINT('',(-0.125066385686536,-9.46006638568654,-2.09306638568654));
#11961=CARTESIAN_POINT('Origin',(0.224933614313463,-9.46006638568654,-2.09306638568654));
#11962=CARTESIAN_POINT('',(-6.63856865362744E-5,-9.46006638568654,-2.09306638568654));
#11963=CARTESIAN_POINT('Origin',(0.224933614313463,-9.46006638568654,-2.09306638568654));
#11964=CARTESIAN_POINT('Origin',(0.224933614313464,-10.1600663856865,-2.09306638568654));
#11965=CARTESIAN_POINT('',(0.224933614313464,-10.8600663856865,-2.19306638568654));
#11966=CARTESIAN_POINT('',(0.224933614313463,-10.1600663856865,-2.19306638568654));
#11967=CARTESIAN_POINT('Origin',(0.224933614313464,-10.8600663856865,-2.09306638568654));
#11968=CARTESIAN_POINT('Origin',(-2.198,-10.8600663856865,-2.31806638568654));
#11969=CARTESIAN_POINT('',(0.224933614313464,-10.8600663856865,-2.31806638568654));
#11970=CARTESIAN_POINT('',(2.802,-10.8600663856865,-2.19306638568654));
#11971=CARTESIAN_POINT('',(2.802,-10.8600663856865,-2.31806638568654));
#11972=CARTESIAN_POINT('',(-2.198,-10.8600663856865,-2.19306638568654));
#11973=CARTESIAN_POINT('Origin',(2.802,-9.46006638568654,-2.31806638568654));
#11974=CARTESIAN_POINT('',(2.802,-9.46006638568654,-2.19306638568654));
#11975=CARTESIAN_POINT('',(2.802,-9.46006638568654,-2.19306638568654));
#11976=CARTESIAN_POINT('',(2.802,-9.46006638568654,-2.31806638568654));
#11977=CARTESIAN_POINT('Origin',(0.224933614313464,-10.1600663856865,-2.09306638568654));
#11978=CARTESIAN_POINT('Origin',(0.224933614313464,-10.8600663856865,-2.09306638568654));
#11979=CARTESIAN_POINT('',(-0.125066385686536,-10.1600663856865,-2.09306638568654));
#11980=CARTESIAN_POINT('Origin',(-6.63856865362744E-5,-10.4250663856865,
3.5));
#11981=CARTESIAN_POINT('',(-0.125066385686536,-10.4250663856865,-2.77555756156289E-16));
#11982=CARTESIAN_POINT('',(-0.125066385686536,-10.4250663856865,3.5));
#11983=CARTESIAN_POINT('',(-6.63856865362744E-5,-10.4250663856865,-2.77555756156289E-16));
#11984=CARTESIAN_POINT('Origin',(-6.63856865362744E-5,-9.89506638568654,
-2.77555756156289E-16));
#11985=CARTESIAN_POINT('',(-0.125066385686536,-9.89506638568654,-2.77555756156289E-16));
#11986=CARTESIAN_POINT('Origin',(0.301999999999999,-10.1600663856865,-2.19306638568654));
#11987=CARTESIAN_POINT('',(2.802,-10.8600663856865,-2.19306638568654));
#11988=CARTESIAN_POINT('Origin',(2.802,-10.8600663856865,-2.31806638568654));
#11989=CARTESIAN_POINT('Origin',(0.224933614313464,-10.8600663856865,-2.44306638568654));
#11990=CARTESIAN_POINT('Origin',(-6.63856865362744E-5,-9.46006638568654,
-2.77555756156289E-16));
#11991=CARTESIAN_POINT('',(-0.125066385686536,-9.46006638568654,-2.77555756156289E-16));
#11992=CARTESIAN_POINT('Origin',(-6.63856865362744E-5,-9.46006638568654,
-5.));
#11993=CARTESIAN_POINT('',(-0.125066385686536,-9.46006638568654,-5.));
#11994=CARTESIAN_POINT('Origin',(-0.125066385686536,-10.1600663856865,-2.5));
#11995=CARTESIAN_POINT('',(0.,-11.43,0.56));
#11996=CARTESIAN_POINT('',(-3.81,0.,0.));
#11997=CARTESIAN_POINT('',(3.81,0.,0.));
#11998=CARTESIAN_POINT('Origin',(0.,0.,0.));
#11999=UNCERTAINTY_MEASURE_WITH_UNIT(LENGTH_MEASURE(0.01),#12009,
'DISTANCE_ACCURACY_VALUE',
'Maximum model space distance between geometric entities at asserted c
onnectivities');
#12000=UNCERTAINTY_MEASURE_WITH_UNIT(LENGTH_MEASURE(0.01),#12009,
'DISTANCE_ACCURACY_VALUE',
'Maximum model space distance between geometric entities at asserted c
onnectivities');
#12001=UNCERTAINTY_MEASURE_WITH_UNIT(LENGTH_MEASURE(0.01),#12009,
'DISTANCE_ACCURACY_VALUE',
'Maximum model space distance between geometric entities at asserted c
onnectivities');
#12002=UNCERTAINTY_MEASURE_WITH_UNIT(LENGTH_MEASURE(0.01),#12009,
'DISTANCE_ACCURACY_VALUE',
'Maximum model space distance between geometric entities at asserted c
onnectivities');
#12003=UNCERTAINTY_MEASURE_WITH_UNIT(LENGTH_MEASURE(0.01),#12009,
'DISTANCE_ACCURACY_VALUE',
'Maximum model space distance between geometric entities at asserted c
onnectivities');
#12004=(
GEOMETRIC_REPRESENTATION_CONTEXT(3)
GLOBAL_UNCERTAINTY_ASSIGNED_CONTEXT((#11999))
GLOBAL_UNIT_ASSIGNED_CONTEXT((#12009,#12011,#12012))
REPRESENTATION_CONTEXT('','3D')
);
#12005=(
GEOMETRIC_REPRESENTATION_CONTEXT(3)
GLOBAL_UNCERTAINTY_ASSIGNED_CONTEXT((#12000))
GLOBAL_UNIT_ASSIGNED_CONTEXT((#12009,#12011,#12012))
REPRESENTATION_CONTEXT('','3D')
);
#12006=(
GEOMETRIC_REPRESENTATION_CONTEXT(3)
GLOBAL_UNCERTAINTY_ASSIGNED_CONTEXT((#12001))
GLOBAL_UNIT_ASSIGNED_CONTEXT((#12009,#12011,#12012))
REPRESENTATION_CONTEXT('','3D')
);
#12007=(
GEOMETRIC_REPRESENTATION_CONTEXT(3)
GLOBAL_UNCERTAINTY_ASSIGNED_CONTEXT((#12002))
GLOBAL_UNIT_ASSIGNED_CONTEXT((#12009,#12011,#12012))
REPRESENTATION_CONTEXT('','3D')
);
#12008=(
GEOMETRIC_REPRESENTATION_CONTEXT(3)
GLOBAL_UNCERTAINTY_ASSIGNED_CONTEXT((#12003))
GLOBAL_UNIT_ASSIGNED_CONTEXT((#12009,#12011,#12012))
REPRESENTATION_CONTEXT('','3D')
);
#12009=(
LENGTH_UNIT()
NAMED_UNIT(*)
SI_UNIT(.MILLI.,.METRE.)
);
#12010=(
LENGTH_UNIT()
NAMED_UNIT(*)
SI_UNIT($,.METRE.)
);
#12011=(
NAMED_UNIT(*)
PLANE_ANGLE_UNIT()
SI_UNIT($,.RADIAN.)
);
#12012=(
NAMED_UNIT(*)
SI_UNIT($,.STERADIAN.)
SOLID_ANGLE_UNIT()
);
#12013=SHAPE_DEFINITION_REPRESENTATION(#12017,#12024);
#12014=SHAPE_DEFINITION_REPRESENTATION(#12018,#12025);
#12015=SHAPE_DEFINITION_REPRESENTATION(#12019,#12026);
#12016=SHAPE_DEFINITION_REPRESENTATION(#12020,#12027);
#12017=PRODUCT_DEFINITION_SHAPE('',$,#12029);
#12018=PRODUCT_DEFINITION_SHAPE('',$,#12030);
#12019=PRODUCT_DEFINITION_SHAPE('',$,#12031);
#12020=PRODUCT_DEFINITION_SHAPE('',$,#12032);
#12021=PRODUCT_DEFINITION_SHAPE($,$,#23);
#12022=PRODUCT_DEFINITION_SHAPE($,$,#24);
#12023=PRODUCT_DEFINITION_SHAPE($,$,#25);
#12024=SHAPE_REPRESENTATION('',(#7427,#7950,#7951,#7952),#12004);
#12025=SHAPE_REPRESENTATION('',(#7428),#12005);
#12026=SHAPE_REPRESENTATION('',(#7480),#12006);
#12027=SHAPE_REPRESENTATION('',(#7715),#12007);
#12028=PRODUCT_DEFINITION_CONTEXT('part definition',#12042,'design');
#12029=PRODUCT_DEFINITION('DIP18-6.40x22.86-RS7.62-P2.54',
'DIP18-6.40x22.86-RS7.62-P2.54 v2',#12033,#12028);
#12030=PRODUCT_DEFINITION('Basic - DIP 7.62 v3','Basic - DIP 7.62 v3',#12034,
#12028);
#12031=PRODUCT_DEFINITION('DIP Pin 14-20 v3','DIP Pin 14-20 v3',#12035,
#12028);
#12032=PRODUCT_DEFINITION('DIP Pin 14-20 v3(Mirror)',
'DIP Pin 14-20 v3(Mirror)',#12036,#12028);
#12033=PRODUCT_DEFINITION_FORMATION('',$,#12044);
#12034=PRODUCT_DEFINITION_FORMATION('',$,#12045);
#12035=PRODUCT_DEFINITION_FORMATION('',$,#12046);
#12036=PRODUCT_DEFINITION_FORMATION('',$,#12047);
#12037=PRODUCT_RELATED_PRODUCT_CATEGORY(
'DIP18-6.40x22.86-RS7.62-P2.54 v2','DIP18-6.40x22.86-RS7.62-P2.54 v2',(#12044));
#12038=PRODUCT_RELATED_PRODUCT_CATEGORY('Basic - DIP 7.62 v3',
'Basic - DIP 7.62 v3',(#12045));
#12039=PRODUCT_RELATED_PRODUCT_CATEGORY('DIP Pin 14-20 v3',
'DIP Pin 14-20 v3',(#12046));
#12040=PRODUCT_RELATED_PRODUCT_CATEGORY('DIP Pin 14-20 v3(Mirror)',
'DIP Pin 14-20 v3(Mirror)',(#12047));
#12041=APPLICATION_PROTOCOL_DEFINITION('international standard',
'automotive_design',2009,#12042);
#12042=APPLICATION_CONTEXT(
'Core Data for Automotive Mechanical Design Process');
#12043=PRODUCT_CONTEXT('part definition',#12042,'mechanical');
#12044=PRODUCT('DIP18-6.40x22.86-RS7.62-P2.54',
'DIP18-6.40x22.86-RS7.62-P2.54 v2',$,(#12043));
#12045=PRODUCT('Basic - DIP 7.62 v3','Basic - DIP 7.62 v3',$,(#12043));
#12046=PRODUCT('DIP Pin 14-20 v3','DIP Pin 14-20 v3',$,(#12043));
#12047=PRODUCT('DIP Pin 14-20 v3(Mirror)','DIP Pin 14-20 v3(Mirror)',$,
(#12043));
#12048=PRESENTATION_STYLE_ASSIGNMENT((#12052));
#12049=PRESENTATION_STYLE_ASSIGNMENT((#12053));
#12050=PRESENTATION_STYLE_ASSIGNMENT((#12054));
#12051=PRESENTATION_STYLE_ASSIGNMENT((NULL_STYLE(.NULL.)));
#12052=SURFACE_STYLE_USAGE(.BOTH.,#12055);
#12053=SURFACE_STYLE_USAGE(.BOTH.,#12056);
#12054=SURFACE_STYLE_USAGE(.BOTH.,#12057);
#12055=SURFACE_SIDE_STYLE('',(#12058));
#12056=SURFACE_SIDE_STYLE('',(#12059));
#12057=SURFACE_SIDE_STYLE('',(#12060));
#12058=SURFACE_STYLE_FILL_AREA(#12061);
#12059=SURFACE_STYLE_FILL_AREA(#12062);
#12060=SURFACE_STYLE_FILL_AREA(#12063);
#12061=FILL_AREA_STYLE('Steel - Satin',(#12064));
#12062=FILL_AREA_STYLE('Antharacite IC and Black',(#12065));
#12063=FILL_AREA_STYLE('Aluminum - Satin',(#12066));
#12064=FILL_AREA_STYLE_COLOUR('Steel - Satin',#12067);
#12065=FILL_AREA_STYLE_COLOUR('Antharacite IC and Black',#12068);
#12066=FILL_AREA_STYLE_COLOUR('Aluminum - Satin',#12069);
#12067=COLOUR_RGB('Steel - Satin',0.627450980392157,0.627450980392157,0.627450980392157);
#12068=COLOUR_RGB('Antharacite IC and Black',0.352941176470588,0.352941176470588,
0.352941176470588);
#12069=COLOUR_RGB('Aluminum - Satin',0.96078431372549,0.96078431372549,
0.964705882352941);
ENDSEC;
END-ISO-10303-21;
