# WaveFront *.obj file (generated by Autodesk ATF)

mtllib DIP18-6.40X22.86-RS7.62-P2.54.mtl

g Bottom

v -3.013333 11.430000 0.660000
v 3.013333 11.430000 0.660000
v 3.012744 11.429902 0.655583
v 3.012157 11.429610 0.651175
v 3.011571 11.429123 0.646784
v 3.007610 11.425162 0.629272
v 3.000582 11.418134 0.612751
v 2.990713 11.408264 0.597753
v 2.978321 11.395872 0.584762
v 2.963805 11.381357 0.574195
v 2.947635 11.365186 0.566395
v 2.912448 11.330000 0.560000
v -2.912448 11.330000 0.560000
v -2.947635 11.365186 0.566395
v -2.963805 11.381357 0.574195
v -2.978321 11.395872 0.584762
v -2.990713 11.408264 0.597753
v -3.000582 11.418134 0.612751
v -3.007610 11.425162 0.629272
v -3.011571 11.429123 0.646784
v -3.012157 11.429610 0.651175
v -3.012744 11.429902 0.655583
v 2.465455 11.426593 0.634118
v 1.917576 11.426593 0.634118
v 1.369697 11.426593 0.634118
v 0.821818 11.426593 0.634118
v 0.273939 11.426593 0.634118
v -0.273939 11.426593 0.634118
v -0.821818 11.426593 0.634118
v -1.369697 11.426593 0.634118
v -1.917576 11.426593 0.634118
v -2.465455 11.426593 0.634118
v 2.465455 11.416603 0.610000
v 1.917576 11.416603 0.610000
v 1.369697 11.416603 0.610000
v 0.821818 11.416603 0.610000
v 0.273939 11.416603 0.610000
v -0.273939 11.416603 0.610000
v -0.821818 11.416603 0.610000
v -1.369697 11.416603 0.610000
v -1.917576 11.416603 0.610000
v -2.465455 11.416603 0.610000
v 2.465455 11.400711 0.589289
v 1.917576 11.400711 0.589289
v 1.369697 11.400711 0.589289
v 0.821818 11.400711 0.589289
v 0.273939 11.400711 0.589289
v -0.273939 11.400711 0.589289
v -0.821818 11.400711 0.589289
v -1.369697 11.400711 0.589289
v -1.917576 11.400711 0.589289
v -2.465455 11.400711 0.589289
v 2.465455 11.380000 0.573397
v 1.917576 11.380000 0.573397
v 1.369697 11.380000 0.573397
v 0.821818 11.380000 0.573397
v 0.273939 11.380000 0.573397
v -0.273939 11.380000 0.573397
v -0.821818 11.380000 0.573397
v -1.369697 11.380000 0.573397
v -1.917576 11.380000 0.573397
v -2.465455 11.380000 0.573397
v 2.465455 11.355882 0.563407
v 1.917576 11.355882 0.563407
v 1.369697 11.355882 0.563407
v 0.821818 11.355882 0.563407
v 0.273939 11.355882 0.563407
v -0.273939 11.355882 0.563407
v -0.821818 11.355882 0.563407
v -1.369697 11.355882 0.563407
v -1.917576 11.355882 0.563407
v -2.465455 11.355882 0.563407
v 3.011571 -11.429123 0.646784
v 3.007610 -11.425162 0.629272
v 3.000582 -11.418134 0.612751
v 2.990713 -11.408264 0.597753
v 2.978321 -11.395872 0.584762
v 2.963805 -11.381357 0.574195
v 2.947635 -11.365186 0.566395
v 2.912448 -11.330000 0.560000
v 3.005599 -10.921162 0.623628
v 3.005599 -10.413201 0.623628
v 3.005599 -9.905240 0.623628
v 3.005599 -9.397279 0.623628
v 3.005599 -8.889318 0.623628
v 3.005599 -8.381357 0.623628
v 3.005599 -7.873396 0.623628
v 3.005599 -7.365435 0.623628
v 3.005599 -6.857474 0.623628
v 3.005599 -6.349513 0.623628
v 3.005599 -5.841552 0.623628
v 3.005599 -5.333591 0.623628
v 3.005599 -4.825630 0.623628
v 3.005599 -4.317669 0.623628
v 3.005599 -3.809708 0.623628
v 3.005599 -3.301747 0.623628
v 3.005599 -2.793786 0.623628
v 3.005599 -2.285825 0.623628
v 3.005599 -1.777864 0.623628
v 3.005599 -1.269903 0.623628
v 3.005599 -0.761942 0.623628
v 3.005599 -0.253981 0.623628
v 3.005599 0.253981 0.623628
v 3.005599 0.761942 0.623628
v 3.005599 1.269903 0.623628
v 3.005599 1.777864 0.623628
v 3.005599 2.285825 0.623628
v 3.005599 2.793786 0.623628
v 3.005599 3.301747 0.623628
v 3.005599 3.809708 0.623628
v 3.005599 4.317669 0.623628
v 3.005599 4.825630 0.623628
v 3.005599 5.333591 0.623628
v 3.005599 5.841552 0.623628
v 3.005599 6.349513 0.623628
v 3.005599 6.857474 0.623628
v 3.005599 7.365435 0.623628
v 3.005599 7.873396 0.623628
v 3.005599 8.381357 0.623628
v 3.005599 8.889318 0.623628
v 3.005599 9.397279 0.623628
v 3.005599 9.905240 0.623628
v 3.005599 10.413201 0.623628
v 3.005599 10.921162 0.623628
v 2.994300 -10.921162 0.602552
v 2.994300 -10.413201 0.602552
v 2.994300 -9.905240 0.602552
v 2.994300 -9.397279 0.602552
v 2.994300 -8.889318 0.602552
v 2.994300 -8.381357 0.602552
v 2.994300 -7.873396 0.602552
v 2.994300 -7.365435 0.602552
v 2.994300 -6.857474 0.602552
v 2.994300 -6.349513 0.602552
v 2.994300 -5.841552 0.602552
v 2.994300 -5.333591 0.602552
v 2.994300 -4.825630 0.602552
v 2.994300 -4.317669 0.602552
v 2.994300 -3.809708 0.602552
v 2.994300 -3.301747 0.602552
v 2.994300 -2.793786 0.602552
v 2.994300 -2.285825 0.602552
v 2.994300 -1.777864 0.602552
v 2.994300 -1.269903 0.602552
v 2.994300 -0.761942 0.602552
v 2.994300 -0.253981 0.602552
v 2.994300 0.253981 0.602552
v 2.994300 0.761942 0.602552
v 2.994300 1.269903 0.602552
v 2.994300 1.777864 0.602552
v 2.994300 2.285825 0.602552
v 2.994300 2.793786 0.602552
v 2.994300 3.301747 0.602552
v 2.994300 3.809708 0.602552
v 2.994300 4.317669 0.602552
v 2.994300 4.825630 0.602552
v 2.994300 5.333591 0.602552
v 2.994300 5.841552 0.602552
v 2.994300 6.349513 0.602552
v 2.994300 6.857474 0.602552
v 2.994300 7.365435 0.602552
v 2.994300 7.873396 0.602552
v 2.994300 8.381357 0.602552
v 2.994300 8.889318 0.602552
v 2.994300 9.397279 0.602552
v 2.994300 9.905240 0.602552
v 2.994300 10.413201 0.602552
v 2.994300 10.921162 0.602552
v 2.978321 -10.921162 0.584762
v 2.978321 -10.413201 0.584762
v 2.978321 -9.905240 0.584762
v 2.978321 -9.397279 0.584762
v 2.978321 -8.889318 0.584762
v 2.978321 -8.381357 0.584762
v 2.978321 -7.873396 0.584762
v 2.978321 -7.365435 0.584762
v 2.978321 -6.857474 0.584762
v 2.978321 -6.349513 0.584762
v 2.978321 -5.841552 0.584762
v 2.978321 -5.333591 0.584762
v 2.978321 -4.825630 0.584762
v 2.978321 -4.317669 0.584762
v 2.978321 -3.809708 0.584762
v 2.978321 -3.301747 0.584762
v 2.978321 -2.793786 0.584762
v 2.978321 -2.285825 0.584762
v 2.978321 -1.777864 0.584762
v 2.978321 -1.269903 0.584762
v 2.978321 -0.761942 0.584762
v 2.978321 -0.253981 0.584762
v 2.978321 0.253981 0.584762
v 2.978321 0.761942 0.584762
v 2.978321 1.269903 0.584762
v 2.978321 1.777864 0.584762
v 2.978321 2.285825 0.584762
v 2.978321 2.793786 0.584762
v 2.978321 3.301747 0.584762
v 2.978321 3.809708 0.584762
v 2.978321 4.317669 0.584762
v 2.978321 4.825630 0.584762
v 2.978321 5.333591 0.584762
v 2.978321 5.841552 0.584762
v 2.978321 6.349513 0.584762
v 2.978321 6.857474 0.584762
v 2.978321 7.365435 0.584762
v 2.978321 7.873396 0.584762
v 2.978321 8.381357 0.584762
v 2.978321 8.889318 0.584762
v 2.978321 9.397279 0.584762
v 2.978321 9.905240 0.584762
v 2.978321 10.413201 0.584762
v 2.978321 10.921162 0.584762
v 2.958574 -10.921162 0.571274
v 2.958574 -10.413201 0.571274
v 2.958574 -9.905240 0.571274
v 2.958574 -9.397279 0.571274
v 2.958574 -8.889318 0.571274
v 2.958574 -8.381357 0.571274
v 2.958574 -7.873396 0.571274
v 2.958574 -7.365435 0.571274
v 2.958574 -6.857474 0.571274
v 2.958574 -6.349513 0.571274
v 2.958574 -5.841552 0.571274
v 2.958574 -5.333591 0.571274
v 2.958574 -4.825630 0.571274
v 2.958574 -4.317669 0.571274
v 2.958574 -3.809708 0.571274
v 2.958574 -3.301747 0.571274
v 2.958574 -2.793786 0.571274
v 2.958574 -2.285825 0.571274
v 2.958574 -1.777864 0.571274
v 2.958574 -1.269903 0.571274
v 2.958574 -0.761942 0.571274
v 2.958574 -0.253981 0.571274
v 2.958574 0.253981 0.571274
v 2.958574 0.761942 0.571274
v 2.958574 1.269903 0.571274
v 2.958574 1.777864 0.571274
v 2.958574 2.285825 0.571274
v 2.958574 2.793786 0.571274
v 2.958574 3.301747 0.571274
v 2.958574 3.809708 0.571274
v 2.958574 4.317669 0.571274
v 2.958574 4.825630 0.571274
v 2.958574 5.333591 0.571274
v 2.958574 5.841552 0.571274
v 2.958574 6.349513 0.571274
v 2.958574 6.857474 0.571274
v 2.958574 7.365435 0.571274
v 2.958574 7.873396 0.571274
v 2.958574 8.381357 0.571274
v 2.958574 8.889318 0.571274
v 2.958574 9.397279 0.571274
v 2.958574 9.905240 0.571274
v 2.958574 10.413201 0.571274
v 2.958574 10.921162 0.571274
v 2.936190 -10.921162 0.562859
v 2.936190 -10.413201 0.562859
v 2.936190 -9.905240 0.562859
v 2.936190 -9.397279 0.562859
v 2.936190 -8.889318 0.562859
v 2.936190 -8.381357 0.562859
v 2.936190 -7.873396 0.562859
v 2.936190 -7.365435 0.562859
v 2.936190 -6.857474 0.562859
v 2.936190 -6.349513 0.562859
v 2.936190 -5.841552 0.562859
v 2.936190 -5.333591 0.562859
v 2.936190 -4.825630 0.562859
v 2.936190 -4.317669 0.562859
v 2.936190 -3.809708 0.562859
v 2.936190 -3.301747 0.562859
v 2.936190 -2.793786 0.562859
v 2.936190 -2.285825 0.562859
v 2.936190 -1.777864 0.562859
v 2.936190 -1.269903 0.562859
v 2.936190 -0.761942 0.562859
v 2.936190 -0.253981 0.562859
v 2.936190 0.253981 0.562859
v 2.936190 0.761942 0.562859
v 2.936190 1.269903 0.562859
v 2.936190 1.777864 0.562859
v 2.936190 2.285825 0.562859
v 2.936190 2.793786 0.562859
v 2.936190 3.301747 0.562859
v 2.936190 3.809708 0.562859
v 2.936190 4.317669 0.562859
v 2.936190 4.825630 0.562859
v 2.936190 5.333591 0.562859
v 2.936190 5.841552 0.562859
v 2.936190 6.349513 0.562859
v 2.936190 6.857474 0.562859
v 2.936190 7.365435 0.562859
v 2.936190 7.873396 0.562859
v 2.936190 8.381357 0.562859
v 2.936190 8.889318 0.562859
v 2.936190 9.397279 0.562859
v 2.936190 9.905240 0.562859
v 2.936190 10.413201 0.562859
v 2.936190 10.921162 0.562859
v -2.912448 -11.330000 0.560000
v -2.947635 -11.365186 0.566395
v -2.963805 -11.381357 0.574195
v -2.978321 -11.395872 0.584762
v -2.990713 -11.408264 0.597753
v -3.000582 -11.418134 0.612751
v -3.007610 -11.425162 0.629272
v -3.011571 -11.429123 0.646784
v -2.936190 -10.921162 0.562859
v -2.936190 -10.413201 0.562859
v -2.936190 -9.905240 0.562859
v -2.936190 -9.397279 0.562859
v -2.936190 -8.889318 0.562859
v -2.936190 -8.381357 0.562859
v -2.936190 -7.873396 0.562859
v -2.936190 -7.365435 0.562859
v -2.936190 -6.857474 0.562859
v -2.936190 -6.349513 0.562859
v -2.936190 -5.841552 0.562859
v -2.936190 -5.333591 0.562859
v -2.936190 -4.825630 0.562859
v -2.936190 -4.317669 0.562859
v -2.936190 -3.809708 0.562859
v -2.936190 -3.301747 0.562859
v -2.936190 -2.793786 0.562859
v -2.936190 -2.285825 0.562859
v -2.936190 -1.777864 0.562859
v -2.936190 -1.269903 0.562859
v -2.936190 -0.761942 0.562859
v -2.936190 -0.253981 0.562859
v -2.936190 0.253981 0.562859
v -2.936190 0.761942 0.562859
v -2.936190 1.269903 0.562859
v -2.936190 1.777864 0.562859
v -2.936190 2.285825 0.562859
v -2.936190 2.793786 0.562859
v -2.936190 3.301747 0.562859
v -2.936190 3.809708 0.562859
v -2.936190 4.317669 0.562859
v -2.936190 4.825630 0.562859
v -2.936190 5.333591 0.562859
v -2.936190 5.841552 0.562859
v -2.936190 6.349513 0.562859
v -2.936190 6.857474 0.562859
v -2.936190 7.365435 0.562859
v -2.936190 7.873396 0.562859
v -2.936190 8.381357 0.562859
v -2.936190 8.889318 0.562859
v -2.936190 9.397279 0.562859
v -2.936190 9.905240 0.562859
v -2.936190 10.413201 0.562859
v -2.936190 10.921162 0.562859
v -2.958574 -10.921162 0.571274
v -2.958574 -10.413201 0.571274
v -2.958574 -9.905240 0.571274
v -2.958574 -9.397279 0.571274
v -2.958574 -8.889318 0.571274
v -2.958574 -8.381357 0.571274
v -2.958574 -7.873396 0.571274
v -2.958574 -7.365435 0.571274
v -2.958574 -6.857474 0.571274
v -2.958574 -6.349513 0.571274
v -2.958574 -5.841552 0.571274
v -2.958574 -5.333591 0.571274
v -2.958574 -4.825630 0.571274
v -2.958574 -4.317669 0.571274
v -2.958574 -3.809708 0.571274
v -2.958574 -3.301747 0.571274
v -2.958574 -2.793786 0.571274
v -2.958574 -2.285825 0.571274
v -2.958574 -1.777864 0.571274
v -2.958574 -1.269903 0.571274
v -2.958574 -0.761942 0.571274
v -2.958574 -0.253981 0.571274
v -2.958574 0.253981 0.571274
v -2.958574 0.761942 0.571274
v -2.958574 1.269903 0.571274
v -2.958574 1.777864 0.571274
v -2.958574 2.285825 0.571274
v -2.958574 2.793786 0.571274
v -2.958574 3.301747 0.571274
v -2.958574 3.809708 0.571274
v -2.958574 4.317669 0.571274
v -2.958574 4.825630 0.571274
v -2.958574 5.333591 0.571274
v -2.958574 5.841552 0.571274
v -2.958574 6.349513 0.571274
v -2.958574 6.857474 0.571274
v -2.958574 7.365435 0.571274
v -2.958574 7.873396 0.571274
v -2.958574 8.381357 0.571274
v -2.958574 8.889318 0.571274
v -2.958574 9.397279 0.571274
v -2.958574 9.905240 0.571274
v -2.958574 10.413201 0.571274
v -2.958574 10.921162 0.571274
v -2.978321 -10.921162 0.584762
v -2.978321 -10.413201 0.584762
v -2.978321 -9.905240 0.584762
v -2.978321 -9.397279 0.584762
v -2.978321 -8.889318 0.584762
v -2.978321 -8.381357 0.584762
v -2.978321 -7.873396 0.584762
v -2.978321 -7.365435 0.584762
v -2.978321 -6.857474 0.584762
v -2.978321 -6.349513 0.584762
v -2.978321 -5.841552 0.584762
v -2.978321 -5.333591 0.584762
v -2.978321 -4.825630 0.584762
v -2.978321 -4.317669 0.584762
v -2.978321 -3.809708 0.584762
v -2.978321 -3.301747 0.584762
v -2.978321 -2.793786 0.584762
v -2.978321 -2.285825 0.584762
v -2.978321 -1.777864 0.584762
v -2.978321 -1.269903 0.584762
v -2.978321 -0.761942 0.584762
v -2.978321 -0.253981 0.584762
v -2.978321 0.253981 0.584762
v -2.978321 0.761942 0.584762
v -2.978321 1.269903 0.584762
v -2.978321 1.777864 0.584762
v -2.978321 2.285825 0.584762
v -2.978321 2.793786 0.584762
v -2.978321 3.301747 0.584762
v -2.978321 3.809708 0.584762
v -2.978321 4.317669 0.584762
v -2.978321 4.825630 0.584762
v -2.978321 5.333591 0.584762
v -2.978321 5.841552 0.584762
v -2.978321 6.349513 0.584762
v -2.978321 6.857474 0.584762
v -2.978321 7.365435 0.584762
v -2.978321 7.873396 0.584762
v -2.978321 8.381357 0.584762
v -2.978321 8.889318 0.584762
v -2.978321 9.397279 0.584762
v -2.978321 9.905240 0.584762
v -2.978321 10.413201 0.584762
v -2.978321 10.921162 0.584762
v -2.994300 -10.921162 0.602552
v -2.994300 -10.413201 0.602552
v -2.994300 -9.905240 0.602552
v -2.994300 -9.397279 0.602552
v -2.994300 -8.889318 0.602552
v -2.994300 -8.381357 0.602552
v -2.994300 -7.873396 0.602552
v -2.994300 -7.365435 0.602552
v -2.994300 -6.857474 0.602552
v -2.994300 -6.349513 0.602552
v -2.994300 -5.841552 0.602552
v -2.994300 -5.333591 0.602552
v -2.994300 -4.825630 0.602552
v -2.994300 -4.317669 0.602552
v -2.994300 -3.809708 0.602552
v -2.994300 -3.301747 0.602552
v -2.994300 -2.793786 0.602552
v -2.994300 -2.285825 0.602552
v -2.994300 -1.777864 0.602552
v -2.994300 -1.269903 0.602552
v -2.994300 -0.761942 0.602552
v -2.994300 -0.253981 0.602552
v -2.994300 0.253981 0.602552
v -2.994300 0.761942 0.602552
v -2.994300 1.269903 0.602552
v -2.994300 1.777864 0.602552
v -2.994300 2.285825 0.602552
v -2.994300 2.793786 0.602552
v -2.994300 3.301747 0.602552
v -2.994300 3.809708 0.602552
v -2.994300 4.317669 0.602552
v -2.994300 4.825630 0.602552
v -2.994300 5.333591 0.602552
v -2.994300 5.841552 0.602552
v -2.994300 6.349513 0.602552
v -2.994300 6.857474 0.602552
v -2.994300 7.365435 0.602552
v -2.994300 7.873396 0.602552
v -2.994300 8.381357 0.602552
v -2.994300 8.889318 0.602552
v -2.994300 9.397279 0.602552
v -2.994300 9.905240 0.602552
v -2.994300 10.413201 0.602552
v -2.994300 10.921162 0.602552
v -3.005599 -10.921162 0.623628
v -3.005599 -10.413201 0.623628
v -3.005599 -9.905240 0.623628
v -3.005599 -9.397279 0.623628
v -3.005599 -8.889318 0.623628
v -3.005599 -8.381357 0.623628
v -3.005599 -7.873396 0.623628
v -3.005599 -7.365435 0.623628
v -3.005599 -6.857474 0.623628
v -3.005599 -6.349513 0.623628
v -3.005599 -5.841552 0.623628
v -3.005599 -5.333591 0.623628
v -3.005599 -4.825630 0.623628
v -3.005599 -4.317669 0.623628
v -3.005599 -3.809708 0.623628
v -3.005599 -3.301747 0.623628
v -3.005599 -2.793786 0.623628
v -3.005599 -2.285825 0.623628
v -3.005599 -1.777864 0.623628
v -3.005599 -1.269903 0.623628
v -3.005599 -0.761942 0.623628
v -3.005599 -0.253981 0.623628
v -3.005599 0.253981 0.623628
v -3.005599 0.761942 0.623628
v -3.005599 1.269903 0.623628
v -3.005599 1.777864 0.623628
v -3.005599 2.285825 0.623628
v -3.005599 2.793786 0.623628
v -3.005599 3.301747 0.623628
v -3.005599 3.809708 0.623628
v -3.005599 4.317669 0.623628
v -3.005599 4.825630 0.623628
v -3.005599 5.333591 0.623628
v -3.005599 5.841552 0.623628
v -3.005599 6.349513 0.623628
v -3.005599 6.857474 0.623628
v -3.005599 7.365435 0.623628
v -3.005599 7.873396 0.623628
v -3.005599 8.381357 0.623628
v -3.005599 8.889318 0.623628
v -3.005599 9.397279 0.623628
v -3.005599 9.905240 0.623628
v -3.005599 10.413201 0.623628
v -3.005599 10.921162 0.623628
v 3.013333 -11.430000 0.660000
v -3.013333 -11.430000 0.660000
v -3.012744 -11.429902 0.655583
v -3.012157 -11.429610 0.651175
v 3.012157 -11.429610 0.651175
v 3.012744 -11.429902 0.655583
v -2.465455 -11.426593 0.634118
v -1.917576 -11.426593 0.634118
v -1.369697 -11.426593 0.634118
v -0.821818 -11.426593 0.634118
v -0.273939 -11.426593 0.634118
v 0.273939 -11.426593 0.634118
v 0.821818 -11.426593 0.634118
v 1.369697 -11.426593 0.634118
v 1.917576 -11.426593 0.634118
v 2.465455 -11.426593 0.634118
v -2.465455 -11.416603 0.610000
v -1.917576 -11.416603 0.610000
v -1.369697 -11.416603 0.610000
v -0.821818 -11.416603 0.610000
v -0.273939 -11.416603 0.610000
v 0.273939 -11.416603 0.610000
v 0.821818 -11.416603 0.610000
v 1.369697 -11.416603 0.610000
v 1.917576 -11.416603 0.610000
v 2.465455 -11.416603 0.610000
v -2.465455 -11.400711 0.589289
v -1.917576 -11.400711 0.589289
v -1.369697 -11.400711 0.589289
v -0.821818 -11.400711 0.589289
v -0.273939 -11.400711 0.589289
v 0.273939 -11.400711 0.589289
v 0.821818 -11.400711 0.589289
v 1.369697 -11.400711 0.589289
v 1.917576 -11.400711 0.589289
v 2.465455 -11.400711 0.589289
v -2.465455 -11.380000 0.573397
v -1.917576 -11.380000 0.573397
v -1.369697 -11.380000 0.573397
v -0.821818 -11.380000 0.573397
v -0.273939 -11.380000 0.573397
v 0.273939 -11.380000 0.573397
v 0.821818 -11.380000 0.573397
v 1.369697 -11.380000 0.573397
v 1.917576 -11.380000 0.573397
v 2.465455 -11.380000 0.573397
v -2.465455 -11.355882 0.563407
v -1.917576 -11.355882 0.563407
v -1.369697 -11.355882 0.563407
v -0.821818 -11.355882 0.563407
v -0.273939 -11.355882 0.563407
v 0.273939 -11.355882 0.563407
v 0.821818 -11.355882 0.563407
v 1.369697 -11.355882 0.563407
v 1.917576 -11.355882 0.563407
v 2.465455 -11.355882 0.563407
v -3.200000 -11.430000 2.060000
v -3.200000 11.430000 2.060000
v 3.200000 -11.430000 2.060000
v 3.200000 11.430000 2.060000
vt 0.151333 -0.007854 0.000000
vt 0.151274 -0.007412 0.000000
vt -0.451333 -0.007854 0.000000
vt -0.451274 -0.007412 0.000000
vt 0.151216 -0.006970 0.000000
vt -0.451216 -0.006970 0.000000
vt -0.451157 -0.006528 0.000000
vt -0.177394 -0.005236 0.000000
vt -0.232182 -0.005236 0.000000
vt -0.232182 -0.002618 0.000000
vt -0.286970 -0.002618 0.000000
vt -0.286970 -0.000000 0.000000
vt -0.341758 -0.000000 0.000000
vt -0.341758 0.002618 0.000000
vt -0.396545 0.002618 0.000000
vt -0.396545 0.005236 0.000000
vt -0.444763 0.004258 0.000000
vt -0.441245 0.007854 0.000000
vt -0.341758 0.005236 0.000000
vt -0.286970 0.005236 0.000000
vt -0.286970 0.002618 0.000000
vt -0.232182 0.002618 0.000000
vt -0.232182 -0.000000 0.000000
vt -0.177394 -0.000000 0.000000
vt -0.177394 -0.002618 0.000000
vt -0.122606 -0.002618 0.000000
vt -0.122606 -0.005236 0.000000
vt -0.067818 -0.005236 0.000000
vt -0.013030 -0.005236 0.000000
vt 0.041758 -0.005236 0.000000
vt -0.013030 -0.002618 0.000000
vt 0.041758 -0.002618 0.000000
vt -0.013030 -0.000000 0.000000
vt 0.041758 -0.000000 0.000000
vt -0.013030 0.002618 0.000000
vt 0.041758 0.002618 0.000000
vt -0.013030 0.005236 0.000000
vt 0.041758 0.005236 0.000000
vt 0.141245 0.007854 0.000000
vt 0.096545 0.005236 0.000000
vt 0.144763 0.004258 0.000000
vt 0.096545 0.002618 0.000000
vt 0.146381 0.002461 0.000000
vt 0.147832 0.000663 0.000000
vt 0.096545 -0.000000 0.000000
vt 0.149071 -0.001135 0.000000
vt 0.096545 -0.002618 0.000000
vt 0.150058 -0.002933 0.000000
vt 0.150761 -0.004731 0.000000
vt 0.096545 -0.005236 0.000000
vt 0.151157 -0.006528 0.000000
vt -0.122606 0.005236 0.000000
vt -0.067818 0.005236 0.000000
vt -0.446381 0.002461 0.000000
vt -0.447832 0.000663 0.000000
vt -0.396545 -0.000000 0.000000
vt -0.449071 -0.001135 0.000000
vt -0.396545 -0.002618 0.000000
vt -0.450058 -0.002933 0.000000
vt -0.450761 -0.004731 0.000000
vt -0.396545 -0.005236 0.000000
vt -0.341758 -0.005236 0.000000
vt -0.286970 -0.005236 0.000000
vt -0.341758 -0.002618 0.000000
vt -0.067818 -0.002618 0.000000
vt -0.067818 -0.000000 0.000000
vt -0.067818 0.002618 0.000000
vt -0.122606 -0.000000 0.000000
vt -0.177394 0.002618 0.000000
vt -0.232182 0.005236 0.000000
vt -0.122606 0.002618 0.000000
vt -0.177394 0.005236 0.000000
vt -1.714412 -0.007191 0.000000
vt 0.571412 -0.007191 0.000000
vt -1.714016 -0.005393 0.000000
vt -0.952471 -0.004794 0.000000
vt -1.003267 -0.004794 0.000000
vt -1.003267 -0.002397 0.000000
vt -1.054063 -0.002397 0.000000
vt -1.054063 -0.000000 0.000000
vt -1.104859 -0.000000 0.000000
vt -1.104859 0.002397 0.000000
vt -1.155655 0.002397 0.000000
vt -1.155655 0.004794 0.000000
vt -1.206451 0.004794 0.000000
vt -1.704500 0.007191 0.000000
vt -1.257247 0.004794 0.000000
vt -1.308043 0.004794 0.000000
vt -1.257247 0.002397 0.000000
vt -1.308043 0.002397 0.000000
vt -1.257247 0.000000 0.000000
vt -1.308043 0.000000 0.000000
vt -1.257247 -0.002397 0.000000
vt -1.308043 -0.002397 0.000000
vt -1.257247 -0.004794 0.000000
vt -1.308043 -0.004794 0.000000
vt -1.358840 -0.004794 0.000000
vt -1.409636 -0.004794 0.000000
vt -1.409636 -0.002397 0.000000
vt -1.460432 -0.002397 0.000000
vt -1.460432 0.000000 0.000000
vt -1.511228 0.000000 0.000000
vt -1.511228 0.002397 0.000000
vt -1.562024 0.002397 0.000000
vt -1.562024 0.004794 0.000000
vt -1.612820 0.004794 0.000000
vt -1.663616 0.004794 0.000000
vt -1.708019 0.003596 0.000000
vt -1.663616 0.002397 0.000000
vt -1.709636 0.001798 0.000000
vt -1.663616 0.000000 0.000000
vt -1.711087 0.000000 0.000000
vt -1.712326 -0.001798 0.000000
vt 0.571016 -0.005393 0.000000
vt 0.520616 -0.004794 0.000000
vt 0.469820 -0.004794 0.000000
vt 0.419024 -0.004794 0.000000
vt 0.419024 -0.002397 0.000000
vt 0.368228 -0.002397 0.000000
vt 0.368228 -0.000000 0.000000
vt 0.317432 -0.000000 0.000000
vt 0.317432 0.002397 0.000000
vt 0.266636 0.002397 0.000000
vt 0.266636 0.004794 0.000000
vt 0.215840 0.004794 0.000000
vt 0.561500 0.007191 0.000000
vt 0.165043 0.004794 0.000000
vt 0.114247 0.004794 0.000000
vt 0.165043 0.002397 0.000000
vt 0.114247 0.002397 0.000000
vt 0.165043 -0.000000 0.000000
vt 0.114247 -0.000000 0.000000
vt 0.165043 -0.002397 0.000000
vt 0.114247 -0.002397 0.000000
vt 0.165043 -0.004794 0.000000
vt 0.114247 -0.004794 0.000000
vt 0.063451 -0.004794 0.000000
vt 0.012655 -0.004794 0.000000
vt 0.012655 -0.002397 0.000000
vt -0.038141 -0.002397 0.000000
vt -0.038141 -0.000000 0.000000
vt -0.088937 -0.000000 0.000000
vt -0.088937 0.002397 0.000000
vt -0.139733 0.002397 0.000000
vt -0.139733 0.004794 0.000000
vt -0.190529 0.004794 0.000000
vt -0.241325 0.004794 0.000000
vt -0.292121 0.004794 0.000000
vt -0.241325 0.002397 0.000000
vt -0.292121 0.002397 0.000000
vt -0.241325 -0.000000 0.000000
vt -0.292121 -0.000000 0.000000
vt -0.241325 -0.002397 0.000000
vt -0.292121 -0.002397 0.000000
vt -0.241325 -0.004794 0.000000
vt -0.292121 -0.004794 0.000000
vt -0.342918 -0.004794 0.000000
vt -0.393714 -0.004794 0.000000
vt -0.393714 -0.002397 0.000000
vt -0.444510 -0.002397 0.000000
vt -0.444510 -0.000000 0.000000
vt -0.495306 -0.000000 0.000000
vt -0.495306 0.002397 0.000000
vt -0.546102 0.002397 0.000000
vt -0.546102 0.004794 0.000000
vt -0.596898 0.004794 0.000000
vt -0.647694 0.004794 0.000000
vt -0.698490 0.004794 0.000000
vt -0.647694 0.002397 0.000000
vt -0.698490 0.002397 0.000000
vt -0.647694 -0.000000 0.000000
vt -0.698490 -0.000000 0.000000
vt -0.647694 -0.002397 0.000000
vt -0.698490 -0.002397 0.000000
vt -0.647694 -0.004794 0.000000
vt -0.698490 -0.004794 0.000000
vt -0.749286 -0.004794 0.000000
vt -0.800082 -0.004794 0.000000
vt -0.800082 -0.002397 0.000000
vt -0.850879 -0.002397 0.000000
vt -0.850879 -0.000000 0.000000
vt -0.901675 -0.000000 0.000000
vt -0.901675 0.002397 0.000000
vt -0.952471 0.002397 0.000000
vt -0.952471 0.004794 0.000000
vt -1.003267 0.004794 0.000000
vt -1.054063 0.004794 0.000000
vt -1.104859 0.004794 0.000000
vt -1.054063 0.002397 0.000000
vt 0.570313 -0.003596 0.000000
vt 0.520616 -0.002397 0.000000
vt 0.469820 -0.002397 0.000000
vt 0.469820 -0.000000 0.000000
vt 0.419024 -0.000000 0.000000
vt 0.419024 0.002397 0.000000
vt 0.368228 0.002397 0.000000
vt 0.368228 0.004794 0.000000
vt 0.317432 0.004794 0.000000
vt 0.569326 -0.001798 0.000000
vt 0.520616 -0.000000 0.000000
vt 0.469820 0.002397 0.000000
vt 0.419024 0.004794 0.000000
vt 0.568087 -0.000000 0.000000
vt 0.566636 0.001798 0.000000
vt 0.520616 0.002397 0.000000
vt 0.565019 0.003596 0.000000
vt 0.520616 0.004794 0.000000
vt 0.469820 0.004794 0.000000
vt -0.495306 0.004794 0.000000
vt -0.444510 0.004794 0.000000
vt -0.444510 0.002397 0.000000
vt -0.393714 0.002397 0.000000
vt -0.393714 -0.000000 0.000000
vt -0.342918 -0.000000 0.000000
vt -0.342918 -0.002397 0.000000
vt -1.663616 -0.002397 0.000000
vt -1.713313 -0.003596 0.000000
vt -1.663616 -0.004794 0.000000
vt -1.612820 -0.004794 0.000000
vt -1.562024 -0.004794 0.000000
vt -1.612820 -0.002397 0.000000
vt -1.562024 -0.002397 0.000000
vt -1.612820 0.000000 0.000000
vt -1.562024 0.000000 0.000000
vt -1.612820 0.002397 0.000000
vt 0.368228 -0.004794 0.000000
vt 0.317432 -0.004794 0.000000
vt 0.266636 -0.004794 0.000000
vt 0.266636 -0.002397 0.000000
vt 0.215840 -0.002397 0.000000
vt 0.215840 -0.000000 0.000000
vt 0.317432 -0.002397 0.000000
vt 0.215840 -0.004794 0.000000
vt 0.063451 -0.002397 0.000000
vt 0.063451 -0.000000 0.000000
vt 0.063451 0.002397 0.000000
vt 0.063451 0.004794 0.000000
vt -0.038141 -0.004794 0.000000
vt -0.088937 -0.004794 0.000000
vt -0.139733 -0.004794 0.000000
vt -0.139733 -0.002397 0.000000
vt -0.190529 -0.002397 0.000000
vt -0.190529 -0.000000 0.000000
vt -0.088937 -0.002397 0.000000
vt -0.190529 -0.004794 0.000000
vt -0.444510 -0.004794 0.000000
vt -0.495306 -0.004794 0.000000
vt -0.546102 -0.004794 0.000000
vt -0.546102 -0.002397 0.000000
vt -0.596898 -0.002397 0.000000
vt -0.596898 -0.000000 0.000000
vt -0.495306 -0.002397 0.000000
vt -0.596898 -0.004794 0.000000
vt -0.749286 -0.002397 0.000000
vt -0.749286 -0.000000 0.000000
vt -0.749286 0.002397 0.000000
vt -0.749286 0.004794 0.000000
vt -0.850879 -0.004794 0.000000
vt -0.901675 -0.004794 0.000000
vt -0.952471 -0.002397 0.000000
vt -1.003267 -0.000000 0.000000
vt -0.901675 -0.002397 0.000000
vt -1.054063 -0.004794 0.000000
vt -1.104859 -0.004794 0.000000
vt -1.155655 -0.004794 0.000000
vt -1.155655 -0.002397 0.000000
vt -1.206451 -0.002397 0.000000
vt -1.206451 0.000000 0.000000
vt -1.104859 -0.002397 0.000000
vt -1.206451 -0.004794 0.000000
vt -1.358840 -0.002397 0.000000
vt -1.358840 0.000000 0.000000
vt -1.358840 0.002397 0.000000
vt -1.358840 0.004794 0.000000
vt -1.460432 -0.004794 0.000000
vt -1.511228 -0.004794 0.000000
vt -1.511228 -0.002397 0.000000
vt 0.266636 -0.000000 0.000000
vt 0.012655 -0.000000 0.000000
vt -0.038141 0.002397 0.000000
vt -0.088937 0.004794 0.000000
vt -0.139733 -0.000000 0.000000
vt -0.546102 -0.000000 0.000000
vt -0.800082 -0.000000 0.000000
vt -0.850879 0.002397 0.000000
vt -0.901675 0.004794 0.000000
vt -0.952471 -0.000000 0.000000
vt -1.155655 0.000000 0.000000
vt -1.409636 0.000000 0.000000
vt -1.460432 0.002397 0.000000
vt -1.511228 0.004794 0.000000
vt 0.215840 0.002397 0.000000
vt 0.012655 0.002397 0.000000
vt 0.012655 0.004794 0.000000
vt -0.190529 0.002397 0.000000
vt -0.342918 0.002397 0.000000
vt -0.342918 0.004794 0.000000
vt -0.596898 0.002397 0.000000
vt -0.800082 0.002397 0.000000
vt -0.800082 0.004794 0.000000
vt -1.003267 0.002397 0.000000
vt -1.206451 0.002397 0.000000
vt -1.409636 0.002397 0.000000
vt -1.409636 0.004794 0.000000
vt -0.038141 0.004794 0.000000
vt -0.393714 0.004794 0.000000
vt -0.850879 0.004794 0.000000
vt -1.460432 0.004794 0.000000
vt -1.704500 0.007191 0.000000
vt -0.546102 0.004794 0.000000
vt 0.561500 0.007191 0.000000
vt -0.495306 0.004794 0.000000
vt -0.444510 0.004794 0.000000
vt -0.444510 0.002397 0.000000
vt -0.393714 0.002397 0.000000
vt -0.393714 -0.000000 0.000000
vt -0.342918 -0.000000 0.000000
vt -0.342918 -0.002397 0.000000
vt -0.292121 -0.002397 0.000000
vt -0.292121 -0.004794 0.000000
vt -0.241325 -0.004794 0.000000
vt 0.571412 -0.007191 0.000000
vt -0.190529 -0.004794 0.000000
vt -0.139733 -0.004794 0.000000
vt -0.190529 -0.002397 0.000000
vt -0.139733 -0.002397 0.000000
vt -0.190529 -0.000000 0.000000
vt -0.139733 -0.000000 0.000000
vt -0.190529 0.002397 0.000000
vt -0.139733 0.002397 0.000000
vt -0.190529 0.004794 0.000000
vt -0.139733 0.004794 0.000000
vt -0.088937 0.004794 0.000000
vt -0.038141 0.004794 0.000000
vt -0.038141 0.002397 0.000000
vt 0.012655 0.002397 0.000000
vt 0.012655 -0.000000 0.000000
vt 0.063451 -0.000000 0.000000
vt 0.063451 -0.002397 0.000000
vt 0.114247 -0.002397 0.000000
vt 0.114247 -0.004794 0.000000
vt 0.165043 -0.004794 0.000000
vt 0.215840 -0.004794 0.000000
vt 0.266636 -0.004794 0.000000
vt 0.215840 -0.002397 0.000000
vt 0.266636 -0.002397 0.000000
vt 0.215840 -0.000000 0.000000
vt 0.266636 -0.000000 0.000000
vt 0.215840 0.002397 0.000000
vt 0.266636 0.002397 0.000000
vt 0.215840 0.004794 0.000000
vt 0.266636 0.004794 0.000000
vt 0.317432 0.004794 0.000000
vt 0.368228 0.004794 0.000000
vt 0.368228 0.002397 0.000000
vt 0.419024 0.002397 0.000000
vt 0.419024 -0.000000 0.000000
vt 0.469820 -0.000000 0.000000
vt 0.469820 -0.002397 0.000000
vt 0.520616 -0.002397 0.000000
vt 0.520616 -0.004794 0.000000
vt 0.570313 -0.003596 0.000000
vt 0.571016 -0.005393 0.000000
vt 0.469820 -0.004794 0.000000
vt 0.419024 -0.004794 0.000000
vt 0.419024 -0.002397 0.000000
vt 0.368228 -0.002397 0.000000
vt 0.368228 -0.000000 0.000000
vt 0.317432 -0.000000 0.000000
vt 0.317432 0.002397 0.000000
vt -1.708019 0.003596 0.000000
vt -1.663616 0.004794 0.000000
vt -1.612820 0.004794 0.000000
vt -1.562024 0.004794 0.000000
vt -1.562024 0.002397 0.000000
vt -1.511228 0.002397 0.000000
vt -1.511228 -0.000000 0.000000
vt -1.460432 -0.000000 0.000000
vt -1.460432 -0.002397 0.000000
vt -1.409636 -0.002397 0.000000
vt -1.409636 -0.004794 0.000000
vt -1.358840 -0.004794 0.000000
vt -1.714016 -0.005393 0.000000
vt -1.308043 -0.004794 0.000000
vt -1.257247 -0.004794 0.000000
vt -1.308043 -0.002397 0.000000
vt -1.257247 -0.002397 0.000000
vt -1.308043 -0.000000 0.000000
vt -1.257247 -0.000000 0.000000
vt -1.308043 0.002397 0.000000
vt -1.257247 0.002397 0.000000
vt -1.308043 0.004794 0.000000
vt -1.257247 0.004794 0.000000
vt -1.206451 0.004794 0.000000
vt -1.155655 0.004794 0.000000
vt -1.155655 0.002397 0.000000
vt -1.104859 0.002397 0.000000
vt -1.104859 -0.000000 0.000000
vt -1.054063 -0.000000 0.000000
vt -1.054063 -0.002397 0.000000
vt -1.003267 -0.002397 0.000000
vt -1.003267 -0.004794 0.000000
vt -0.952471 -0.004794 0.000000
vt -1.714412 -0.007191 0.000000
vt -1.663616 0.002397 0.000000
vt -1.709636 0.001798 0.000000
vt -1.663616 -0.000000 0.000000
vt -1.711087 -0.000000 0.000000
vt -1.712326 -0.001798 0.000000
vt -1.663616 -0.002397 0.000000
vt -1.713313 -0.003596 0.000000
vt -1.663616 -0.004794 0.000000
vt -1.612820 -0.004794 0.000000
vt -1.562024 -0.004794 0.000000
vt -1.612820 -0.002397 0.000000
vt -1.562024 -0.002397 0.000000
vt -1.612820 -0.000000 0.000000
vt -1.562024 -0.000000 0.000000
vt -1.612820 0.002397 0.000000
vt 0.569326 -0.001798 0.000000
vt 0.520616 -0.000000 0.000000
vt 0.469820 0.002397 0.000000
vt 0.419024 0.004794 0.000000
vt 0.568087 -0.000000 0.000000
vt 0.566636 0.001798 0.000000
vt 0.520616 0.002397 0.000000
vt 0.565019 0.003596 0.000000
vt 0.520616 0.004794 0.000000
vt 0.469820 0.004794 0.000000
vt -1.511228 0.004794 0.000000
vt -1.460432 0.004794 0.000000
vt -1.409636 0.004794 0.000000
vt -1.409636 0.002397 0.000000
vt -1.358840 0.002397 0.000000
vt -1.358840 -0.000000 0.000000
vt -1.460432 0.002397 0.000000
vt -1.358840 0.004794 0.000000
vt -1.206451 0.002397 0.000000
vt -1.206451 -0.000000 0.000000
vt -1.206451 -0.002397 0.000000
vt -1.206451 -0.004794 0.000000
vt -1.104859 0.004794 0.000000
vt -1.054063 0.004794 0.000000
vt -1.003267 0.004794 0.000000
vt -1.003267 0.002397 0.000000
vt -0.952471 0.002397 0.000000
vt -0.952471 -0.000000 0.000000
vt -0.901675 -0.000000 0.000000
vt -0.901675 -0.002397 0.000000
vt -0.850879 -0.002397 0.000000
vt -0.850879 -0.004794 0.000000
vt -0.800082 -0.004794 0.000000
vt -0.749286 -0.004794 0.000000
vt -0.698490 -0.004794 0.000000
vt -0.749286 -0.002397 0.000000
vt -0.698490 -0.002397 0.000000
vt -0.749286 -0.000000 0.000000
vt -0.698490 -0.000000 0.000000
vt -0.749286 0.002397 0.000000
vt -0.698490 0.002397 0.000000
vt -0.749286 0.004794 0.000000
vt -0.698490 0.004794 0.000000
vt -0.647694 0.004794 0.000000
vt -0.596898 0.004794 0.000000
vt -0.596898 0.002397 0.000000
vt -0.546102 0.002397 0.000000
vt -0.546102 -0.000000 0.000000
vt -0.495306 -0.000000 0.000000
vt -0.495306 -0.002397 0.000000
vt -0.444510 -0.002397 0.000000
vt -0.444510 -0.004794 0.000000
vt -0.393714 -0.004794 0.000000
vt -0.342918 -0.004794 0.000000
vt -1.054063 0.002397 0.000000
vt -0.952471 0.004794 0.000000
vt -0.901675 0.004794 0.000000
vt -0.850879 0.004794 0.000000
vt -0.850879 0.002397 0.000000
vt -0.800082 0.002397 0.000000
vt -0.800082 -0.000000 0.000000
vt -0.901675 0.002397 0.000000
vt -0.800082 0.004794 0.000000
vt -0.647694 0.002397 0.000000
vt -0.647694 -0.000000 0.000000
vt -0.647694 -0.002397 0.000000
vt -0.647694 -0.004794 0.000000
vt -0.495306 0.002397 0.000000
vt -0.393714 0.004794 0.000000
vt -0.342918 0.004794 0.000000
vt -0.292121 0.004794 0.000000
vt -0.292121 0.002397 0.000000
vt -0.241325 0.002397 0.000000
vt -0.241325 -0.000000 0.000000
vt -0.342918 0.002397 0.000000
vt -0.241325 0.004794 0.000000
vt -0.088937 0.002397 0.000000
vt -0.088937 -0.000000 0.000000
vt -0.088937 -0.002397 0.000000
vt -0.088937 -0.004794 0.000000
vt 0.012655 0.004794 0.000000
vt 0.063451 0.004794 0.000000
vt 0.114247 0.004794 0.000000
vt 0.114247 0.002397 0.000000
vt 0.165043 0.002397 0.000000
vt 0.165043 -0.000000 0.000000
vt 0.063451 0.002397 0.000000
vt 0.165043 0.004794 0.000000
vt -1.409636 -0.000000 0.000000
vt -1.155655 -0.000000 0.000000
vt -1.104859 -0.002397 0.000000
vt -1.054063 -0.004794 0.000000
vt -1.003267 -0.000000 0.000000
vt -0.850879 -0.000000 0.000000
vt -0.596898 -0.000000 0.000000
vt -0.546102 -0.002397 0.000000
vt -0.495306 -0.004794 0.000000
vt -0.444510 -0.000000 0.000000
vt -0.292121 -0.000000 0.000000
vt -0.038141 -0.000000 0.000000
vt 0.012655 -0.002397 0.000000
vt 0.063451 -0.004794 0.000000
vt 0.114247 -0.000000 0.000000
vt -1.511228 -0.002397 0.000000
vt -1.511228 -0.004794 0.000000
vt -1.358840 -0.002397 0.000000
vt -1.155655 -0.002397 0.000000
vt -1.155655 -0.004794 0.000000
vt -0.952471 -0.002397 0.000000
vt -0.800082 -0.002397 0.000000
vt -0.596898 -0.002397 0.000000
vt -0.596898 -0.004794 0.000000
vt -0.393714 -0.002397 0.000000
vt -0.241325 -0.002397 0.000000
vt -0.038141 -0.002397 0.000000
vt -0.038141 -0.004794 0.000000
vt 0.165043 -0.002397 0.000000
vt 0.317432 -0.002397 0.000000
vt 0.317432 -0.004794 0.000000
vt -1.460432 -0.004794 0.000000
vt -1.104859 -0.004794 0.000000
vt -0.901675 -0.004794 0.000000
vt -0.546102 -0.004794 0.000000
vt 0.012655 -0.004794 0.000000
vt 0.368228 -0.004794 0.000000
vt 0.151333 -0.007854 0.000000
vt 0.151274 -0.007412 0.000000
vt -0.451333 -0.007854 0.000000
vt -0.451274 -0.007412 0.000000
vt 0.151216 -0.006970 0.000000
vt -0.451216 -0.006970 0.000000
vt -0.451157 -0.006528 0.000000
vt -0.177394 -0.005236 0.000000
vt -0.232182 -0.005236 0.000000
vt -0.232182 -0.002618 0.000000
vt -0.286970 -0.002618 0.000000
vt -0.286970 -0.000000 0.000000
vt -0.341758 -0.000000 0.000000
vt -0.341758 0.002618 0.000000
vt -0.396545 0.002618 0.000000
vt -0.396545 0.005236 0.000000
vt -0.444763 0.004258 0.000000
vt -0.441245 0.007854 0.000000
vt -0.341758 0.005236 0.000000
vt -0.286970 0.005236 0.000000
vt -0.286970 0.002618 0.000000
vt -0.232182 0.002618 0.000000
vt -0.232182 -0.000000 0.000000
vt -0.177394 -0.000000 0.000000
vt -0.177394 -0.002618 0.000000
vt -0.122606 -0.002618 0.000000
vt -0.122606 -0.005236 0.000000
vt -0.067818 -0.005236 0.000000
vt -0.013030 -0.005236 0.000000
vt 0.041758 -0.005236 0.000000
vt -0.013030 -0.002618 0.000000
vt 0.041758 -0.002618 0.000000
vt -0.013030 -0.000000 0.000000
vt 0.041758 -0.000000 0.000000
vt -0.013030 0.002618 0.000000
vt 0.041758 0.002618 0.000000
vt -0.013030 0.005236 0.000000
vt 0.041758 0.005236 0.000000
vt 0.141245 0.007854 0.000000
vt 0.096545 0.005236 0.000000
vt 0.144763 0.004258 0.000000
vt 0.096545 0.002618 0.000000
vt 0.146381 0.002461 0.000000
vt 0.147832 0.000663 0.000000
vt 0.096545 -0.000000 0.000000
vt 0.149071 -0.001135 0.000000
vt 0.096545 -0.002618 0.000000
vt 0.150058 -0.002933 0.000000
vt 0.150761 -0.004731 0.000000
vt 0.096545 -0.005236 0.000000
vt 0.151157 -0.006528 0.000000
vt -0.122606 0.005236 0.000000
vt -0.067818 0.005236 0.000000
vt -0.446381 0.002461 0.000000
vt -0.447832 0.000663 0.000000
vt -0.396545 -0.000000 0.000000
vt -0.449071 -0.001135 0.000000
vt -0.396545 -0.002618 0.000000
vt -0.450058 -0.002933 0.000000
vt -0.450761 -0.004731 0.000000
vt -0.396545 -0.005236 0.000000
vt -0.341758 -0.005236 0.000000
vt -0.286970 -0.005236 0.000000
vt -0.341758 -0.002618 0.000000
vt -0.067818 -0.002618 0.000000
vt -0.067818 -0.000000 0.000000
vt -0.067818 0.002618 0.000000
vt -0.122606 -0.000000 0.000000
vt -0.177394 0.002618 0.000000
vt -0.232182 0.005236 0.000000
vt -0.122606 0.002618 0.000000
vt -0.177394 0.005236 0.000000
vt 0.009643 -0.000010 0.000000
vt 0.009643 -2.285990 0.000000
vt 0.010088 0.000000 0.000000
vt 0.010088 -2.286000 0.000000
vt 0.151327 -2.286000 0.000000
vt 0.009198 -2.285961 0.000000
vt 0.009198 -0.000039 0.000000
vt 0.008755 -2.285912 0.000000
vt 0.008755 -0.000088 0.000000
vt 0.151327 0.000000 0.000000
vt -0.010000 -0.001333 0.000000
vt -0.010000 0.601333 0.000000
vt -0.150000 -0.020000 0.000000
vt -0.150000 0.620000 0.000000
vt 0.291245 1.133000 0.000000
vt -0.291245 1.133000 0.000000
vt 0.291245 -1.133000 0.000000
vt -0.291245 -1.133000 0.000000
vt -0.320000 -1.143000 0.000000
vt 0.320000 -1.143000 0.000000
vt -0.320000 1.143000 0.000000
vt 0.320000 1.143000 0.000000
vt -0.008755 2.285912 0.000000
vt -0.009198 2.285961 0.000000
vt -0.008755 0.000088 0.000000
vt -0.009198 0.000039 0.000000
vt -0.009643 2.285990 0.000000
vt -0.009643 0.000010 0.000000
vt -0.010088 2.286000 0.000000
vt -0.010088 0.000000 0.000000
vt -0.151327 0.000000 0.000000
vt -0.151327 2.286000 0.000000
vt 0.010000 -0.601333 0.000000
vt 0.150000 -0.620000 0.000000
vt 0.010000 0.001333 0.000000
vt 0.150000 0.020000 0.000000
vn 0.000000 0.100000 0.000000
vn -0.000000 0.099902 -0.004417
vn 0.000000 0.100000 0.000000
vn -0.000000 0.099902 -0.004417
vn -0.000000 0.099610 -0.008825
vn -0.000000 0.099610 -0.008825
vn -0.000000 0.099123 -0.013216
vn -0.000000 0.096593 -0.025882
vn -0.000000 0.096593 -0.025882
vn -0.000000 0.086603 -0.050000
vn -0.000000 0.086603 -0.050000
vn -0.000000 0.070711 -0.070711
vn -0.000000 0.070711 -0.070711
vn -0.000000 0.050000 -0.086603
vn -0.000000 0.050000 -0.086603
vn -0.000000 0.025882 -0.096593
vn -0.000000 0.035186 -0.093605
vn 0.000000 0.000000 -0.100000
vn -0.000000 0.025882 -0.096593
vn -0.000000 0.025882 -0.096593
vn -0.000000 0.050000 -0.086603
vn -0.000000 0.050000 -0.086603
vn -0.000000 0.070711 -0.070711
vn -0.000000 0.070711 -0.070711
vn -0.000000 0.086603 -0.050000
vn -0.000000 0.086603 -0.050000
vn -0.000000 0.096593 -0.025882
vn -0.000000 0.096593 -0.025882
vn -0.000000 0.096593 -0.025882
vn -0.000000 0.096593 -0.025882
vn -0.000000 0.086603 -0.050000
vn -0.000000 0.086603 -0.050000
vn -0.000000 0.070711 -0.070711
vn -0.000000 0.070711 -0.070711
vn -0.000000 0.050000 -0.086603
vn -0.000000 0.050000 -0.086603
vn -0.000000 0.025882 -0.096593
vn -0.000000 0.025882 -0.096593
vn 0.000000 0.000000 -0.100000
vn -0.000000 0.025882 -0.096593
vn -0.000000 0.035186 -0.093605
vn -0.000000 0.050000 -0.086603
vn -0.000000 0.051357 -0.085805
vn -0.000000 0.065872 -0.075238
vn -0.000000 0.070711 -0.070711
vn -0.000000 0.078264 -0.062247
vn -0.000000 0.086603 -0.050000
vn -0.000000 0.088134 -0.047249
vn -0.000000 0.095162 -0.030728
vn -0.000000 0.096593 -0.025882
vn -0.000000 0.099123 -0.013216
vn -0.000000 0.025882 -0.096593
vn -0.000000 0.025882 -0.096593
vn -0.000000 0.051357 -0.085805
vn -0.000000 0.065872 -0.075238
vn -0.000000 0.070711 -0.070711
vn -0.000000 0.078264 -0.062247
vn -0.000000 0.086603 -0.050000
vn -0.000000 0.088134 -0.047249
vn -0.000000 0.095162 -0.030728
vn -0.000000 0.096593 -0.025882
vn -0.000000 0.096593 -0.025882
vn -0.000000 0.096593 -0.025882
vn -0.000000 0.086603 -0.050000
vn -0.000000 0.086603 -0.050000
vn -0.000000 0.070711 -0.070711
vn -0.000000 0.050000 -0.086603
vn -0.000000 0.070711 -0.070711
vn -0.000000 0.050000 -0.086603
vn -0.000000 0.025882 -0.096593
vn -0.000000 0.050000 -0.086603
vn -0.000000 0.025882 -0.096593
vn 0.099123 0.000000 -0.013216
vn 0.099123 0.000000 -0.013216
vn 0.095162 0.000000 -0.030728
vn 0.093151 0.000000 -0.036372
vn 0.093151 0.000000 -0.036372
vn 0.081852 0.000000 -0.057448
vn 0.081852 0.000000 -0.057448
vn 0.065872 0.000000 -0.075238
vn 0.065872 0.000000 -0.075238
vn 0.046126 0.000000 -0.088726
vn 0.046126 0.000000 -0.088726
vn 0.023742 0.000000 -0.097141
vn 0.023742 0.000000 -0.097141
vn 0.023742 0.000000 -0.097141
vn 0.023742 0.000000 -0.097141
vn 0.046126 0.000000 -0.088726
vn 0.046126 0.000000 -0.088726
vn 0.065872 0.000000 -0.075238
vn 0.065872 0.000000 -0.075238
vn 0.081852 0.000000 -0.057448
vn 0.081852 0.000000 -0.057448
vn 0.093151 0.000000 -0.036372
vn 0.093151 0.000000 -0.036372
vn 0.093151 0.000000 -0.036372
vn 0.093151 0.000000 -0.036372
vn 0.081852 0.000000 -0.057448
vn 0.081852 0.000000 -0.057448
vn 0.065872 0.000000 -0.075238
vn 0.065872 0.000000 -0.075238
vn 0.046126 0.000000 -0.088726
vn 0.046126 0.000000 -0.088726
vn 0.023742 0.000000 -0.097141
vn 0.023742 0.000000 -0.097141
vn 0.023742 0.000000 -0.097141
vn 0.035186 0.000000 -0.093605
vn 0.046126 0.000000 -0.088726
vn 0.051357 0.000000 -0.085805
vn 0.065872 0.000000 -0.075238
vn 0.065872 0.000000 -0.075238
vn 0.078264 0.000000 -0.062247
vn 0.095162 0.000000 -0.030728
vn 0.093151 0.000000 -0.036372
vn 0.093151 0.000000 -0.036372
vn 0.093151 0.000000 -0.036372
vn 0.081852 0.000000 -0.057448
vn 0.081852 0.000000 -0.057448
vn 0.065872 0.000000 -0.075238
vn 0.065872 0.000000 -0.075238
vn 0.046126 0.000000 -0.088726
vn 0.046126 0.000000 -0.088726
vn 0.023742 0.000000 -0.097141
vn 0.023742 0.000000 -0.097141
vn -0.000000 0.000000 -0.100000
vn 0.023742 0.000000 -0.097141
vn 0.023742 0.000000 -0.097141
vn 0.046126 0.000000 -0.088726
vn 0.046126 0.000000 -0.088726
vn 0.065872 0.000000 -0.075238
vn 0.065872 0.000000 -0.075238
vn 0.081852 0.000000 -0.057448
vn 0.081852 0.000000 -0.057448
vn 0.093151 0.000000 -0.036372
vn 0.093151 0.000000 -0.036372
vn 0.093151 0.000000 -0.036372
vn 0.093151 0.000000 -0.036372
vn 0.081852 0.000000 -0.057448
vn 0.081852 0.000000 -0.057448
vn 0.065872 0.000000 -0.075238
vn 0.065872 0.000000 -0.075238
vn 0.046126 0.000000 -0.088726
vn 0.046126 0.000000 -0.088726
vn 0.023742 0.000000 -0.097141
vn 0.023742 0.000000 -0.097141
vn 0.023742 0.000000 -0.097141
vn 0.023742 0.000000 -0.097141
vn 0.046126 0.000000 -0.088726
vn 0.046126 0.000000 -0.088726
vn 0.065872 0.000000 -0.075238
vn 0.065872 0.000000 -0.075238
vn 0.081852 0.000000 -0.057448
vn 0.081852 0.000000 -0.057448
vn 0.093151 0.000000 -0.036372
vn 0.093151 0.000000 -0.036372
vn 0.093151 0.000000 -0.036372
vn 0.093151 0.000000 -0.036372
vn 0.081852 0.000000 -0.057448
vn 0.081852 0.000000 -0.057448
vn 0.065872 0.000000 -0.075238
vn 0.065872 0.000000 -0.075238
vn 0.046126 0.000000 -0.088726
vn 0.046126 0.000000 -0.088726
vn 0.023742 0.000000 -0.097141
vn 0.023742 0.000000 -0.097141
vn 0.023742 0.000000 -0.097141
vn 0.023742 0.000000 -0.097141
vn 0.046126 0.000000 -0.088726
vn 0.046126 0.000000 -0.088726
vn 0.065872 0.000000 -0.075238
vn 0.065872 0.000000 -0.075238
vn 0.081852 0.000000 -0.057448
vn 0.081852 0.000000 -0.057448
vn 0.093151 0.000000 -0.036372
vn 0.093151 0.000000 -0.036372
vn 0.093151 0.000000 -0.036372
vn 0.093151 0.000000 -0.036372
vn 0.081852 0.000000 -0.057448
vn 0.081852 0.000000 -0.057448
vn 0.065872 0.000000 -0.075238
vn 0.065872 0.000000 -0.075238
vn 0.046126 0.000000 -0.088726
vn 0.046126 0.000000 -0.088726
vn 0.023742 0.000000 -0.097141
vn 0.023742 0.000000 -0.097141
vn 0.023742 0.000000 -0.097141
vn 0.023742 0.000000 -0.097141
vn 0.046126 0.000000 -0.088726
vn 0.088134 0.000000 -0.047249
vn 0.081852 0.000000 -0.057448
vn 0.081852 0.000000 -0.057448
vn 0.065872 0.000000 -0.075238
vn 0.065872 0.000000 -0.075238
vn 0.046126 0.000000 -0.088726
vn 0.046126 0.000000 -0.088726
vn 0.023742 0.000000 -0.097141
vn 0.023742 0.000000 -0.097141
vn 0.078264 0.000000 -0.062247
vn 0.065872 0.000000 -0.075238
vn 0.046126 0.000000 -0.088726
vn 0.023742 0.000000 -0.097141
vn 0.065872 0.000000 -0.075238
vn 0.051357 0.000000 -0.085805
vn 0.046126 0.000000 -0.088726
vn 0.035186 0.000000 -0.093605
vn 0.023742 0.000000 -0.097141
vn 0.023742 0.000000 -0.097141
vn 0.023742 0.000000 -0.097141
vn 0.023742 0.000000 -0.097141
vn 0.046126 0.000000 -0.088726
vn 0.046126 0.000000 -0.088726
vn 0.065872 0.000000 -0.075238
vn 0.065872 0.000000 -0.075238
vn 0.081852 0.000000 -0.057448
vn 0.081852 0.000000 -0.057448
vn 0.088134 0.000000 -0.047249
vn 0.093151 0.000000 -0.036372
vn 0.093151 0.000000 -0.036372
vn 0.093151 0.000000 -0.036372
vn 0.081852 0.000000 -0.057448
vn 0.081852 0.000000 -0.057448
vn 0.065872 0.000000 -0.075238
vn 0.065872 0.000000 -0.075238
vn 0.046126 0.000000 -0.088726
vn 0.093151 0.000000 -0.036372
vn 0.093151 0.000000 -0.036372
vn 0.093151 0.000000 -0.036372
vn 0.081852 0.000000 -0.057448
vn 0.081852 0.000000 -0.057448
vn 0.065872 0.000000 -0.075238
vn 0.081852 0.000000 -0.057448
vn 0.093151 0.000000 -0.036372
vn 0.081852 0.000000 -0.057448
vn 0.065872 0.000000 -0.075238
vn 0.046126 0.000000 -0.088726
vn 0.023742 0.000000 -0.097141
vn 0.093151 0.000000 -0.036372
vn 0.093151 0.000000 -0.036372
vn 0.093151 0.000000 -0.036372
vn 0.081852 0.000000 -0.057448
vn 0.081852 0.000000 -0.057448
vn 0.065872 0.000000 -0.075238
vn 0.081852 0.000000 -0.057448
vn 0.093151 0.000000 -0.036372
vn 0.093151 0.000000 -0.036372
vn 0.093151 0.000000 -0.036372
vn 0.093151 0.000000 -0.036372
vn 0.081852 0.000000 -0.057448
vn 0.081852 0.000000 -0.057448
vn 0.065872 0.000000 -0.075238
vn 0.081852 0.000000 -0.057448
vn 0.093151 0.000000 -0.036372
vn 0.081852 0.000000 -0.057448
vn 0.065872 0.000000 -0.075238
vn 0.046126 0.000000 -0.088726
vn 0.023742 0.000000 -0.097141
vn 0.093151 0.000000 -0.036372
vn 0.093151 0.000000 -0.036372
vn 0.081852 0.000000 -0.057448
vn 0.065872 0.000000 -0.075238
vn 0.081852 0.000000 -0.057448
vn 0.093151 0.000000 -0.036372
vn 0.093151 0.000000 -0.036372
vn 0.093151 0.000000 -0.036372
vn 0.081852 0.000000 -0.057448
vn 0.081852 0.000000 -0.057448
vn 0.065872 0.000000 -0.075238
vn 0.081852 0.000000 -0.057448
vn 0.093151 0.000000 -0.036372
vn 0.081852 0.000000 -0.057448
vn 0.065872 0.000000 -0.075238
vn 0.046126 0.000000 -0.088726
vn 0.023742 0.000000 -0.097141
vn 0.093151 0.000000 -0.036372
vn 0.093151 0.000000 -0.036372
vn 0.081852 0.000000 -0.057448
vn 0.065872 0.000000 -0.075238
vn 0.065872 0.000000 -0.075238
vn 0.046126 0.000000 -0.088726
vn 0.023742 0.000000 -0.097141
vn 0.065872 0.000000 -0.075238
vn 0.065872 0.000000 -0.075238
vn 0.065872 0.000000 -0.075238
vn 0.046126 0.000000 -0.088726
vn 0.023742 0.000000 -0.097141
vn 0.065872 0.000000 -0.075238
vn 0.065872 0.000000 -0.075238
vn 0.065872 0.000000 -0.075238
vn 0.046126 0.000000 -0.088726
vn 0.023742 0.000000 -0.097141
vn 0.046126 0.000000 -0.088726
vn 0.046126 0.000000 -0.088726
vn 0.023742 0.000000 -0.097141
vn 0.046126 0.000000 -0.088726
vn 0.046126 0.000000 -0.088726
vn 0.023742 0.000000 -0.097141
vn 0.046126 0.000000 -0.088726
vn 0.046126 0.000000 -0.088726
vn 0.023742 0.000000 -0.097141
vn 0.046126 0.000000 -0.088726
vn 0.046126 0.000000 -0.088726
vn 0.046126 0.000000 -0.088726
vn 0.023742 0.000000 -0.097141
vn 0.023742 0.000000 -0.097141
vn 0.023742 0.000000 -0.097141
vn 0.023742 0.000000 -0.097141
vn 0.023742 0.000000 -0.097141
vn 0.000000 0.000000 -0.100000
vn -0.023742 0.000000 -0.097141
vn -0.023742 0.000000 -0.097141
vn -0.023742 0.000000 -0.097141
vn -0.046126 0.000000 -0.088726
vn -0.046126 0.000000 -0.088726
vn -0.065872 0.000000 -0.075238
vn -0.065872 0.000000 -0.075238
vn -0.081852 0.000000 -0.057448
vn -0.081852 0.000000 -0.057448
vn -0.093151 0.000000 -0.036372
vn -0.093151 0.000000 -0.036372
vn -0.099123 0.000000 -0.013216
vn -0.093151 0.000000 -0.036372
vn -0.093151 0.000000 -0.036372
vn -0.081852 0.000000 -0.057448
vn -0.081852 0.000000 -0.057448
vn -0.065872 0.000000 -0.075238
vn -0.065872 0.000000 -0.075238
vn -0.046126 0.000000 -0.088726
vn -0.046126 0.000000 -0.088726
vn -0.023742 0.000000 -0.097141
vn -0.023742 0.000000 -0.097141
vn -0.023742 0.000000 -0.097141
vn -0.023742 0.000000 -0.097141
vn -0.046126 0.000000 -0.088726
vn -0.046126 0.000000 -0.088726
vn -0.065872 0.000000 -0.075238
vn -0.065872 0.000000 -0.075238
vn -0.081852 0.000000 -0.057448
vn -0.081852 0.000000 -0.057448
vn -0.093151 0.000000 -0.036372
vn -0.093151 0.000000 -0.036372
vn -0.093151 0.000000 -0.036372
vn -0.093151 0.000000 -0.036372
vn -0.081852 0.000000 -0.057448
vn -0.081852 0.000000 -0.057448
vn -0.065872 0.000000 -0.075238
vn -0.065872 0.000000 -0.075238
vn -0.046126 0.000000 -0.088726
vn -0.046126 0.000000 -0.088726
vn -0.023742 0.000000 -0.097141
vn -0.023742 0.000000 -0.097141
vn -0.023742 0.000000 -0.097141
vn -0.023742 0.000000 -0.097141
vn -0.046126 0.000000 -0.088726
vn -0.046126 0.000000 -0.088726
vn -0.065872 0.000000 -0.075238
vn -0.065872 0.000000 -0.075238
vn -0.081852 0.000000 -0.057448
vn -0.081852 0.000000 -0.057448
vn -0.093151 0.000000 -0.036372
vn -0.088134 0.000000 -0.047249
vn -0.095162 0.000000 -0.030728
vn -0.093151 0.000000 -0.036372
vn -0.093151 0.000000 -0.036372
vn -0.081852 0.000000 -0.057448
vn -0.081852 0.000000 -0.057448
vn -0.065872 0.000000 -0.075238
vn -0.065872 0.000000 -0.075238
vn -0.046126 0.000000 -0.088726
vn -0.035186 0.000000 -0.093605
vn -0.023742 0.000000 -0.097141
vn -0.023742 0.000000 -0.097141
vn -0.023742 0.000000 -0.097141
vn -0.046126 0.000000 -0.088726
vn -0.046126 0.000000 -0.088726
vn -0.065872 0.000000 -0.075238
vn -0.065872 0.000000 -0.075238
vn -0.081852 0.000000 -0.057448
vn -0.081852 0.000000 -0.057448
vn -0.093151 0.000000 -0.036372
vn -0.093151 0.000000 -0.036372
vn -0.095162 0.000000 -0.030728
vn -0.093151 0.000000 -0.036372
vn -0.093151 0.000000 -0.036372
vn -0.081852 0.000000 -0.057448
vn -0.081852 0.000000 -0.057448
vn -0.065872 0.000000 -0.075238
vn -0.065872 0.000000 -0.075238
vn -0.046126 0.000000 -0.088726
vn -0.046126 0.000000 -0.088726
vn -0.023742 0.000000 -0.097141
vn -0.023742 0.000000 -0.097141
vn -0.023742 0.000000 -0.097141
vn -0.023742 0.000000 -0.097141
vn -0.046126 0.000000 -0.088726
vn -0.046126 0.000000 -0.088726
vn -0.065872 0.000000 -0.075238
vn -0.065872 0.000000 -0.075238
vn -0.081852 0.000000 -0.057448
vn -0.081852 0.000000 -0.057448
vn -0.093151 0.000000 -0.036372
vn -0.093151 0.000000 -0.036372
vn -0.099123 0.000000 -0.013216
vn -0.046126 0.000000 -0.088726
vn -0.051357 0.000000 -0.085805
vn -0.065872 0.000000 -0.075238
vn -0.065872 0.000000 -0.075238
vn -0.078264 0.000000 -0.062247
vn -0.081852 0.000000 -0.057448
vn -0.088134 0.000000 -0.047249
vn -0.093151 0.000000 -0.036372
vn -0.093151 0.000000 -0.036372
vn -0.093151 0.000000 -0.036372
vn -0.081852 0.000000 -0.057448
vn -0.081852 0.000000 -0.057448
vn -0.065872 0.000000 -0.075238
vn -0.065872 0.000000 -0.075238
vn -0.046126 0.000000 -0.088726
vn -0.078264 0.000000 -0.062247
vn -0.065872 0.000000 -0.075238
vn -0.046126 0.000000 -0.088726
vn -0.023742 0.000000 -0.097141
vn -0.065872 0.000000 -0.075238
vn -0.051357 0.000000 -0.085805
vn -0.046126 0.000000 -0.088726
vn -0.035186 0.000000 -0.093605
vn -0.023742 0.000000 -0.097141
vn -0.023742 0.000000 -0.097141
vn -0.023742 0.000000 -0.097141
vn -0.023742 0.000000 -0.097141
vn -0.023742 0.000000 -0.097141
vn -0.046126 0.000000 -0.088726
vn -0.046126 0.000000 -0.088726
vn -0.065872 0.000000 -0.075238
vn -0.046126 0.000000 -0.088726
vn -0.023742 0.000000 -0.097141
vn -0.046126 0.000000 -0.088726
vn -0.065872 0.000000 -0.075238
vn -0.081852 0.000000 -0.057448
vn -0.093151 0.000000 -0.036372
vn -0.023742 0.000000 -0.097141
vn -0.023742 0.000000 -0.097141
vn -0.023742 0.000000 -0.097141
vn -0.046126 0.000000 -0.088726
vn -0.046126 0.000000 -0.088726
vn -0.065872 0.000000 -0.075238
vn -0.065872 0.000000 -0.075238
vn -0.081852 0.000000 -0.057448
vn -0.081852 0.000000 -0.057448
vn -0.093151 0.000000 -0.036372
vn -0.093151 0.000000 -0.036372
vn -0.093151 0.000000 -0.036372
vn -0.093151 0.000000 -0.036372
vn -0.081852 0.000000 -0.057448
vn -0.081852 0.000000 -0.057448
vn -0.065872 0.000000 -0.075238
vn -0.065872 0.000000 -0.075238
vn -0.046126 0.000000 -0.088726
vn -0.046126 0.000000 -0.088726
vn -0.023742 0.000000 -0.097141
vn -0.023742 0.000000 -0.097141
vn -0.023742 0.000000 -0.097141
vn -0.023742 0.000000 -0.097141
vn -0.046126 0.000000 -0.088726
vn -0.046126 0.000000 -0.088726
vn -0.065872 0.000000 -0.075238
vn -0.065872 0.000000 -0.075238
vn -0.081852 0.000000 -0.057448
vn -0.081852 0.000000 -0.057448
vn -0.093151 0.000000 -0.036372
vn -0.093151 0.000000 -0.036372
vn -0.093151 0.000000 -0.036372
vn -0.046126 0.000000 -0.088726
vn -0.023742 0.000000 -0.097141
vn -0.023742 0.000000 -0.097141
vn -0.023742 0.000000 -0.097141
vn -0.046126 0.000000 -0.088726
vn -0.046126 0.000000 -0.088726
vn -0.065872 0.000000 -0.075238
vn -0.046126 0.000000 -0.088726
vn -0.023742 0.000000 -0.097141
vn -0.046126 0.000000 -0.088726
vn -0.065872 0.000000 -0.075238
vn -0.081852 0.000000 -0.057448
vn -0.093151 0.000000 -0.036372
vn -0.046126 0.000000 -0.088726
vn -0.023742 0.000000 -0.097141
vn -0.023742 0.000000 -0.097141
vn -0.023742 0.000000 -0.097141
vn -0.046126 0.000000 -0.088726
vn -0.046126 0.000000 -0.088726
vn -0.065872 0.000000 -0.075238
vn -0.046126 0.000000 -0.088726
vn -0.023742 0.000000 -0.097141
vn -0.046126 0.000000 -0.088726
vn -0.065872 0.000000 -0.075238
vn -0.081852 0.000000 -0.057448
vn -0.093151 0.000000 -0.036372
vn -0.023742 0.000000 -0.097141
vn -0.023742 0.000000 -0.097141
vn -0.023742 0.000000 -0.097141
vn -0.046126 0.000000 -0.088726
vn -0.046126 0.000000 -0.088726
vn -0.065872 0.000000 -0.075238
vn -0.046126 0.000000 -0.088726
vn -0.023742 0.000000 -0.097141
vn -0.065872 0.000000 -0.075238
vn -0.065872 0.000000 -0.075238
vn -0.081852 0.000000 -0.057448
vn -0.093151 0.000000 -0.036372
vn -0.065872 0.000000 -0.075238
vn -0.065872 0.000000 -0.075238
vn -0.065872 0.000000 -0.075238
vn -0.081852 0.000000 -0.057448
vn -0.093151 0.000000 -0.036372
vn -0.065872 0.000000 -0.075238
vn -0.065872 0.000000 -0.075238
vn -0.065872 0.000000 -0.075238
vn -0.081852 0.000000 -0.057448
vn -0.093151 0.000000 -0.036372
vn -0.065872 0.000000 -0.075238
vn -0.081852 0.000000 -0.057448
vn -0.093151 0.000000 -0.036372
vn -0.081852 0.000000 -0.057448
vn -0.081852 0.000000 -0.057448
vn -0.093151 0.000000 -0.036372
vn -0.081852 0.000000 -0.057448
vn -0.081852 0.000000 -0.057448
vn -0.081852 0.000000 -0.057448
vn -0.093151 0.000000 -0.036372
vn -0.081852 0.000000 -0.057448
vn -0.081852 0.000000 -0.057448
vn -0.081852 0.000000 -0.057448
vn -0.093151 0.000000 -0.036372
vn -0.081852 0.000000 -0.057448
vn -0.081852 0.000000 -0.057448
vn -0.093151 0.000000 -0.036372
vn -0.093151 0.000000 -0.036372
vn -0.093151 0.000000 -0.036372
vn -0.093151 0.000000 -0.036372
vn -0.093151 0.000000 -0.036372
vn -0.093151 0.000000 -0.036372
vn -0.093151 0.000000 -0.036372
vn 0.000000 -0.100000 -0.000000
vn 0.000000 -0.099902 -0.004417
vn 0.000000 -0.100000 0.000000
vn 0.000000 -0.099902 -0.004417
vn 0.000000 -0.099610 -0.008825
vn 0.000000 -0.099610 -0.008825
vn 0.000000 -0.099123 -0.013216
vn 0.000000 -0.096593 -0.025882
vn 0.000000 -0.096593 -0.025882
vn 0.000000 -0.086603 -0.050000
vn 0.000000 -0.086603 -0.050000
vn 0.000000 -0.070711 -0.070711
vn 0.000000 -0.070711 -0.070711
vn 0.000000 -0.050000 -0.086603
vn 0.000000 -0.050000 -0.086603
vn 0.000000 -0.025882 -0.096593
vn 0.000000 -0.035186 -0.093605
vn 0.000000 -0.025882 -0.096593
vn 0.000000 -0.025882 -0.096593
vn 0.000000 -0.050000 -0.086603
vn 0.000000 -0.050000 -0.086603
vn 0.000000 -0.070711 -0.070711
vn 0.000000 -0.070711 -0.070711
vn 0.000000 -0.086603 -0.050000
vn 0.000000 -0.086603 -0.050000
vn 0.000000 -0.096593 -0.025882
vn 0.000000 -0.096593 -0.025882
vn 0.000000 -0.096593 -0.025882
vn 0.000000 -0.096593 -0.025882
vn 0.000000 -0.086603 -0.050000
vn 0.000000 -0.086603 -0.050000
vn 0.000000 -0.070711 -0.070711
vn 0.000000 -0.070711 -0.070711
vn 0.000000 -0.050000 -0.086603
vn 0.000000 -0.050000 -0.086603
vn 0.000000 -0.025882 -0.096593
vn 0.000000 -0.025882 -0.096593
vn 0.000000 -0.025882 -0.096593
vn 0.000000 -0.035186 -0.093605
vn 0.000000 -0.050000 -0.086603
vn 0.000000 -0.051357 -0.085805
vn 0.000000 -0.065872 -0.075238
vn 0.000000 -0.070711 -0.070711
vn 0.000000 -0.078264 -0.062247
vn 0.000000 -0.086603 -0.050000
vn 0.000000 -0.088134 -0.047249
vn 0.000000 -0.095162 -0.030728
vn 0.000000 -0.096593 -0.025882
vn 0.000000 -0.099123 -0.013216
vn 0.000000 -0.025882 -0.096593
vn 0.000000 -0.025882 -0.096593
vn 0.000000 -0.051357 -0.085805
vn 0.000000 -0.065872 -0.075238
vn 0.000000 -0.070711 -0.070711
vn 0.000000 -0.078264 -0.062247
vn 0.000000 -0.086603 -0.050000
vn 0.000000 -0.088134 -0.047249
vn 0.000000 -0.095162 -0.030728
vn 0.000000 -0.096593 -0.025882
vn 0.000000 -0.096593 -0.025882
vn 0.000000 -0.096593 -0.025882
vn 0.000000 -0.086603 -0.050000
vn 0.000000 -0.086603 -0.050000
vn 0.000000 -0.070711 -0.070711
vn 0.000000 -0.050000 -0.086603
vn 0.000000 -0.070711 -0.070711
vn 0.000000 -0.050000 -0.086603
vn 0.000000 -0.025882 -0.096593
vn 0.000000 -0.050000 -0.086603
vn 0.000000 -0.025882 -0.096593
vn -0.099123 0.000000 -0.013216
vn -0.099123 0.000000 -0.013216
vn -0.099123 0.000000 -0.013216
vn -0.099123 0.000000 -0.013216
vn -0.099123 0.000000 -0.013216
vn -0.099123 0.000000 -0.013216
vn -0.099123 0.000000 -0.013216
vn -0.099123 0.000000 -0.013216
vn 0.000000 -0.100000 0.000000
vn 0.000000 -0.100000 0.000000
vn -0.000000 -0.000000 0.100000
vn -0.000000 -0.000000 0.100000
vn -0.000000 -0.000000 0.100000
vn -0.000000 -0.000000 0.100000
vn 0.099123 0.000000 -0.013216
vn 0.099123 0.000000 -0.013216
vn 0.099123 0.000000 -0.013216
vn 0.099123 0.000000 -0.013216
vn 0.099123 0.000000 -0.013216
vn 0.099123 0.000000 -0.013216
vn 0.099123 0.000000 -0.013216
vn 0.099123 0.000000 -0.013216
vn 0.000000 0.100000 0.000000
vn 0.000000 0.100000 0.000000
usemtl Antharacite_IC_and_Black
f 2/1/1 3/2/2 1/3/3
f 1/3/3 3/2/2 22/4/4
f 22/4/4 3/2/2 4/5/5
f 22/4/4 4/5/5 21/6/6
f 21/6/6 4/5/5 20/7/7
f 20/7/7 4/5/5 28/8/8
f 20/7/7 28/8/8 29/9/9
f 29/9/9 28/8/8 39/10/10
f 29/9/9 39/10/10 40/11/11
f 40/11/11 39/10/10 50/12/12
f 40/11/11 50/12/12 51/13/13
f 51/13/13 50/12/12 61/14/14
f 51/13/13 61/14/14 62/15/15
f 62/15/15 61/14/14 72/16/16
f 62/15/15 72/16/16 14/17/17
f 14/17/17 72/16/16 13/18/18
f 13/18/18 72/16/16 71/19/19
f 13/18/18 71/19/19 70/20/20
f 70/20/20 71/19/19 60/21/21
f 70/20/20 60/21/21 59/22/22
f 59/22/22 60/21/21 49/23/23
f 59/22/22 49/23/23 48/24/24
f 48/24/24 49/23/23 38/25/25
f 48/24/24 38/25/25 37/26/26
f 37/26/26 38/25/25 27/27/27
f 37/26/26 27/27/27 26/28/28
f 26/28/28 27/27/27 4/5/5
f 26/28/28 4/5/5 25/29/29
f 25/29/29 4/5/5 24/30/30
f 25/29/29 24/30/30 35/31/31
f 35/31/31 24/30/30 34/32/32
f 35/31/31 34/32/32 45/33/33
f 45/33/33 34/32/32 44/34/34
f 45/33/33 44/34/34 55/35/35
f 55/35/35 44/34/34 54/36/36
f 55/35/35 54/36/36 65/37/37
f 65/37/37 54/36/36 64/38/38
f 65/37/37 64/38/38 12/39/39
f 12/39/39 64/38/38 63/40/40
f 12/39/39 63/40/40 11/41/41
f 11/41/41 63/40/40 53/42/42
f 11/41/41 53/42/42 10/43/43
f 10/43/43 53/42/42 9/44/44
f 9/44/44 53/42/42 43/45/45
f 9/44/44 43/45/45 8/46/46
f 8/46/46 43/45/45 33/47/47
f 8/46/46 33/47/47 7/48/48
f 7/48/48 33/47/47 6/49/49
f 6/49/49 33/47/47 23/50/50
f 6/49/49 23/50/50 5/51/51
f 5/51/51 23/50/50 4/5/5
f 4/5/5 23/50/50 24/30/30
f 13/18/18 67/52/52 12/39/39
f 12/39/39 67/52/52 66/53/53
f 12/39/39 66/53/53 65/37/37
f 65/37/37 66/53/53 55/35/35
f 14/17/17 15/54/54 62/15/15
f 62/15/15 15/54/54 16/55/55
f 62/15/15 16/55/55 52/56/56
f 52/56/56 16/55/55 17/57/57
f 52/56/56 17/57/57 42/58/58
f 42/58/58 17/57/57 18/59/59
f 42/58/58 18/59/59 19/60/60
f 42/58/58 19/60/60 32/61/61
f 32/61/61 19/60/60 20/7/7
f 32/61/61 20/7/7 31/62/62
f 31/62/62 20/7/7 30/63/63
f 31/62/62 30/63/63 41/64/64
f 41/64/64 30/63/63 40/11/11
f 41/64/64 40/11/11 51/13/13
f 34/32/32 24/30/30 23/50/50
f 28/8/8 4/5/5 27/27/27
f 26/28/28 25/29/29 36/65/65
f 36/65/65 25/29/29 35/31/31
f 36/65/65 35/31/31 46/66/66
f 46/66/66 35/31/31 45/33/33
f 46/66/66 45/33/33 56/67/67
f 56/67/67 45/33/33 55/35/35
f 56/67/67 55/35/35 66/53/53
f 30/63/63 20/7/7 29/9/9
f 39/10/10 28/8/8 38/25/25
f 38/25/25 28/8/8 27/27/27
f 40/11/11 30/63/63 29/9/9
f 42/58/58 32/61/61 31/62/62
f 42/58/58 31/62/62 41/64/64
f 44/34/34 34/32/32 33/47/47
f 33/47/47 34/32/32 23/50/50
f 26/28/28 36/65/65 37/26/26
f 37/26/26 36/65/65 47/68/68
f 37/26/26 47/68/68 48/24/24
f 48/24/24 47/68/68 58/69/69
f 48/24/24 58/69/69 59/22/22
f 59/22/22 58/69/69 69/70/70
f 59/22/22 69/70/70 70/20/20
f 70/20/20 69/70/70 13/18/18
f 47/68/68 36/65/65 46/66/66
f 50/12/12 39/10/10 49/23/23
f 49/23/23 39/10/10 38/25/25
f 52/56/56 42/58/58 41/64/64
f 52/56/56 41/64/64 51/13/13
f 54/36/36 44/34/34 43/45/45
f 43/45/45 44/34/34 33/47/47
f 47/68/68 46/66/66 57/71/71
f 57/71/71 46/66/66 56/67/67
f 57/71/71 56/67/67 67/52/52
f 67/52/52 56/67/67 66/53/53
f 61/14/14 50/12/12 60/21/21
f 60/21/21 50/12/12 49/23/23
f 62/15/15 52/56/56 51/13/13
f 64/38/38 54/36/36 53/42/42
f 53/42/42 54/36/36 43/45/45
f 63/40/40 64/38/38 53/42/42
f 47/68/68 57/71/71 58/69/69
f 58/69/69 57/71/71 68/72/72
f 58/69/69 68/72/72 69/70/70
f 69/70/70 68/72/72 13/18/18
f 68/72/72 57/71/71 67/52/52
f 72/16/16 61/14/14 71/19/19
f 71/19/19 61/14/14 60/21/21
f 13/18/18 68/72/72 67/52/52
f 5/73/73 73/74/74 6/75/75
f 6/75/75 73/74/74 110/76/76
f 6/75/75 110/76/76 111/77/77
f 111/77/77 110/76/76 155/78/78
f 111/77/77 155/78/78 156/79/79
f 156/79/79 155/78/78 200/80/80
f 156/79/79 200/80/80 201/81/81
f 201/81/81 200/80/80 245/82/82
f 201/81/81 245/82/82 246/83/83
f 246/83/83 245/82/82 290/84/84
f 246/83/83 290/84/84 291/85/85
f 291/85/85 290/84/84 12/86/39
f 291/85/85 12/86/39 292/87/86
f 292/87/86 12/86/39 293/88/87
f 292/87/86 293/88/87 248/89/88
f 248/89/88 293/88/87 249/90/89
f 248/89/88 249/90/89 204/91/90
f 204/91/90 249/90/89 205/92/91
f 204/91/90 205/92/91 160/93/92
f 160/93/92 205/92/91 161/94/93
f 160/93/92 161/94/93 116/95/94
f 116/95/94 161/94/93 117/96/95
f 116/95/94 117/96/95 6/75/75
f 6/75/75 117/96/95 118/97/96
f 6/75/75 118/97/96 119/98/97
f 119/98/97 118/97/96 163/99/98
f 119/98/97 163/99/98 164/100/99
f 164/100/99 163/99/98 208/101/100
f 164/100/99 208/101/100 209/102/101
f 209/102/101 208/101/100 253/103/102
f 209/102/101 253/103/102 254/104/103
f 254/104/103 253/103/102 298/105/104
f 254/104/103 298/105/104 299/106/105
f 299/106/105 298/105/104 12/86/39
f 299/106/105 12/86/39 300/107/106
f 300/107/106 12/86/39 11/108/107
f 300/107/106 11/108/107 256/109/108
f 256/109/108 11/108/107 10/110/109
f 256/109/108 10/110/109 212/111/110
f 212/111/110 10/110/109 9/112/111
f 212/111/110 9/112/111 8/113/112
f 74/114/113 81/115/114 73/74/74
f 73/74/74 81/115/114 82/116/115
f 73/74/74 82/116/115 83/117/116
f 83/117/116 82/116/115 127/118/117
f 83/117/116 127/118/117 128/119/118
f 128/119/118 127/118/117 172/120/119
f 128/119/118 172/120/119 173/121/120
f 173/121/120 172/120/119 217/122/121
f 173/121/120 217/122/121 218/123/122
f 218/123/122 217/122/121 262/124/123
f 218/123/122 262/124/123 263/125/124
f 263/125/124 262/124/123 80/126/125
f 263/125/124 80/126/125 264/127/126
f 264/127/126 80/126/125 265/128/127
f 264/127/126 265/128/127 220/129/128
f 220/129/128 265/128/127 221/130/129
f 220/129/128 221/130/129 176/131/130
f 176/131/130 221/130/129 177/132/131
f 176/131/130 177/132/131 132/133/132
f 132/133/132 177/132/131 133/134/133
f 132/133/132 133/134/133 88/135/134
f 88/135/134 133/134/133 89/136/135
f 88/135/134 89/136/135 73/74/74
f 73/74/74 89/136/135 90/137/136
f 73/74/74 90/137/136 91/138/137
f 91/138/137 90/137/136 135/139/138
f 91/138/137 135/139/138 136/140/139
f 136/140/139 135/139/138 180/141/140
f 136/140/139 180/141/140 181/142/141
f 181/142/141 180/141/140 225/143/142
f 181/142/141 225/143/142 226/144/143
f 226/144/143 225/143/142 270/145/144
f 226/144/143 270/145/144 271/146/145
f 271/146/145 270/145/144 80/126/125
f 271/146/145 80/126/125 272/147/146
f 272/147/146 80/126/125 273/148/147
f 272/147/146 273/148/147 228/149/148
f 228/149/148 273/148/147 229/150/149
f 228/149/148 229/150/149 184/151/150
f 184/151/150 229/150/149 185/152/151
f 184/151/150 185/152/151 140/153/152
f 140/153/152 185/152/151 141/154/153
f 140/153/152 141/154/153 96/155/154
f 96/155/154 141/154/153 97/156/155
f 96/155/154 97/156/155 73/74/74
f 73/74/74 97/156/155 98/157/156
f 73/74/74 98/157/156 99/158/157
f 99/158/157 98/157/156 143/159/158
f 99/158/157 143/159/158 144/160/159
f 144/160/159 143/159/158 188/161/160
f 144/160/159 188/161/160 189/162/161
f 189/162/161 188/161/160 233/163/162
f 189/162/161 233/163/162 234/164/163
f 234/164/163 233/163/162 278/165/164
f 234/164/163 278/165/164 279/166/165
f 279/166/165 278/165/164 12/86/39
f 279/166/165 12/86/39 280/167/166
f 280/167/166 12/86/39 281/168/167
f 280/167/166 281/168/167 236/169/168
f 236/169/168 281/168/167 237/170/169
f 236/169/168 237/170/169 192/171/170
f 192/171/170 237/170/169 193/172/171
f 192/171/170 193/172/171 148/173/172
f 148/173/172 193/172/171 149/174/173
f 148/173/172 149/174/173 104/175/174
f 104/175/174 149/174/173 105/176/175
f 104/175/174 105/176/175 73/74/74
f 73/74/74 105/176/175 106/177/176
f 73/74/74 106/177/176 107/178/177
f 107/178/177 106/177/176 151/179/178
f 107/178/177 151/179/178 152/180/179
f 152/180/179 151/179/178 196/181/180
f 152/180/179 196/181/180 197/182/181
f 197/182/181 196/181/180 241/183/182
f 197/182/181 241/183/182 242/184/183
f 242/184/183 241/183/182 286/185/184
f 242/184/183 286/185/184 287/186/185
f 287/186/185 286/185/184 12/86/39
f 287/186/185 12/86/39 288/187/186
f 288/187/186 12/86/39 289/188/187
f 288/187/186 289/188/187 244/189/188
f 244/189/188 289/188/187 245/82/82
f 244/189/188 245/82/82 200/80/80
f 74/114/113 75/190/189 81/115/114
f 81/115/114 75/190/189 125/191/190
f 81/115/114 125/191/190 126/192/191
f 126/192/191 125/191/190 170/193/192
f 126/192/191 170/193/192 171/194/193
f 171/194/193 170/193/192 215/195/194
f 171/194/193 215/195/194 216/196/195
f 216/196/195 215/195/194 260/197/196
f 216/196/195 260/197/196 261/198/197
f 261/198/197 260/197/196 80/126/125
f 261/198/197 80/126/125 262/124/123
f 75/190/189 76/199/198 125/191/190
f 125/191/190 76/199/198 169/200/199
f 125/191/190 169/200/199 170/193/192
f 170/193/192 169/200/199 214/201/200
f 170/193/192 214/201/200 215/195/194
f 215/195/194 214/201/200 259/202/201
f 215/195/194 259/202/201 260/197/196
f 260/197/196 259/202/201 80/126/125
f 76/199/198 77/203/202 169/200/199
f 169/200/199 77/203/202 78/204/203
f 169/200/199 78/204/203 213/205/204
f 213/205/204 78/204/203 79/206/205
f 213/205/204 79/206/205 257/207/206
f 257/207/206 79/206/205 80/126/125
f 257/207/206 80/126/125 258/208/207
f 258/208/207 80/126/125 259/202/201
f 258/208/207 259/202/201 214/201/200
f 12/86/39 278/165/164 80/126/125
f 80/126/125 278/165/164 277/209/208
f 80/126/125 277/209/208 276/210/209
f 276/210/209 277/209/208 232/211/210
f 276/210/209 232/211/210 231/212/211
f 231/212/211 232/211/210 187/213/212
f 231/212/211 187/213/212 186/214/213
f 186/214/213 187/213/212 142/215/214
f 186/214/213 142/215/214 141/154/153
f 141/154/153 142/215/214 97/156/155
f 212/111/110 8/113/112 168/216/215
f 168/216/215 8/113/112 7/217/216
f 168/216/215 7/217/216 124/218/217
f 124/218/217 7/217/216 6/75/75
f 124/218/217 6/75/75 123/219/218
f 123/219/218 6/75/75 122/220/219
f 123/219/218 122/220/219 167/221/220
f 167/221/220 122/220/219 166/222/221
f 167/221/220 166/222/221 211/223/222
f 211/223/222 166/222/221 210/224/223
f 211/223/222 210/224/223 255/225/224
f 255/225/224 210/224/223 254/104/103
f 255/225/224 254/104/103 299/106/105
f 127/118/117 82/116/115 126/192/191
f 126/192/191 82/116/115 81/115/114
f 83/117/116 84/226/225 73/74/74
f 73/74/74 84/226/225 85/227/226
f 73/74/74 85/227/226 86/228/227
f 86/228/227 85/227/226 130/229/228
f 86/228/227 130/229/228 131/230/229
f 131/230/229 130/229/228 175/231/230
f 131/230/229 175/231/230 176/131/130
f 176/131/130 175/231/230 220/129/128
f 83/117/116 128/119/118 84/226/225
f 84/226/225 128/119/118 129/232/231
f 84/226/225 129/232/231 85/227/226
f 85/227/226 129/232/231 130/229/228
f 88/135/134 73/74/74 87/233/232
f 87/233/232 73/74/74 86/228/227
f 87/233/232 86/228/227 131/230/229
f 132/133/132 88/135/134 87/233/232
f 132/133/132 87/233/232 131/230/229
f 90/137/136 89/136/135 134/234/233
f 134/234/233 89/136/135 133/134/133
f 134/234/233 133/134/133 178/235/234
f 178/235/234 133/134/133 177/132/131
f 178/235/234 177/132/131 222/236/235
f 222/236/235 177/132/131 221/130/129
f 222/236/235 221/130/129 266/237/236
f 266/237/236 221/130/129 265/128/127
f 266/237/236 265/128/127 80/126/125
f 91/138/137 92/238/237 73/74/74
f 73/74/74 92/238/237 93/239/238
f 73/74/74 93/239/238 94/240/239
f 94/240/239 93/239/238 138/241/240
f 94/240/239 138/241/240 139/242/241
f 139/242/241 138/241/240 183/243/242
f 139/242/241 183/243/242 184/151/150
f 184/151/150 183/243/242 228/149/148
f 91/138/137 136/140/139 92/238/237
f 92/238/237 136/140/139 137/244/243
f 92/238/237 137/244/243 93/239/238
f 93/239/238 137/244/243 138/241/240
f 96/155/154 73/74/74 95/245/244
f 95/245/244 73/74/74 94/240/239
f 95/245/244 94/240/239 139/242/241
f 140/153/152 96/155/154 95/245/244
f 140/153/152 95/245/244 139/242/241
f 143/159/158 98/157/156 142/215/214
f 142/215/214 98/157/156 97/156/155
f 99/158/157 100/246/245 73/74/74
f 73/74/74 100/246/245 101/247/246
f 73/74/74 101/247/246 102/248/247
f 102/248/247 101/247/246 146/249/248
f 102/248/247 146/249/248 147/250/249
f 147/250/249 146/249/248 191/251/250
f 147/250/249 191/251/250 192/171/170
f 192/171/170 191/251/250 236/169/168
f 99/158/157 144/160/159 100/246/245
f 100/246/245 144/160/159 145/252/251
f 100/246/245 145/252/251 101/247/246
f 101/247/246 145/252/251 146/249/248
f 104/175/174 73/74/74 103/253/252
f 103/253/252 73/74/74 102/248/247
f 103/253/252 102/248/247 147/250/249
f 148/173/172 104/175/174 103/253/252
f 148/173/172 103/253/252 147/250/249
f 106/177/176 105/176/175 150/254/253
f 150/254/253 105/176/175 149/174/173
f 150/254/253 149/174/173 194/255/254
f 194/255/254 149/174/173 193/172/171
f 194/255/254 193/172/171 238/256/255
f 238/256/255 193/172/171 237/170/169
f 238/256/255 237/170/169 282/257/256
f 282/257/256 237/170/169 281/168/167
f 282/257/256 281/168/167 12/86/39
f 107/178/177 108/258/257 73/74/74
f 73/74/74 108/258/257 109/259/258
f 73/74/74 109/259/258 110/76/76
f 110/76/76 109/259/258 154/260/259
f 110/76/76 154/260/259 155/78/78
f 155/78/78 154/260/259 199/261/260
f 155/78/78 199/261/260 200/80/80
f 200/80/80 199/261/260 244/189/188
f 107/178/177 152/180/179 108/258/257
f 108/258/257 152/180/179 153/262/261
f 108/258/257 153/262/261 109/259/258
f 109/259/258 153/262/261 154/260/259
f 111/77/77 112/263/262 6/75/75
f 6/75/75 112/263/262 113/264/263
f 6/75/75 113/264/263 114/265/264
f 114/265/264 113/264/263 158/266/265
f 114/265/264 158/266/265 159/267/266
f 159/267/266 158/266/265 203/268/267
f 159/267/266 203/268/267 204/91/90
f 204/91/90 203/268/267 248/89/88
f 111/77/77 156/79/79 112/263/262
f 112/263/262 156/79/79 157/269/268
f 112/263/262 157/269/268 113/264/263
f 113/264/263 157/269/268 158/266/265
f 116/95/94 6/75/75 115/270/269
f 115/270/269 6/75/75 114/265/264
f 115/270/269 114/265/264 159/267/266
f 160/93/92 116/95/94 115/270/269
f 160/93/92 115/270/269 159/267/266
f 118/97/96 117/96/95 162/271/270
f 162/271/270 117/96/95 161/94/93
f 162/271/270 161/94/93 206/272/271
f 206/272/271 161/94/93 205/92/91
f 206/272/271 205/92/91 250/273/272
f 250/273/272 205/92/91 249/90/89
f 250/273/272 249/90/89 294/274/273
f 294/274/273 249/90/89 293/88/87
f 294/274/273 293/88/87 12/86/39
f 119/98/97 120/275/274 6/75/75
f 6/75/75 120/275/274 121/276/275
f 6/75/75 121/276/275 122/220/219
f 122/220/219 121/276/275 166/222/221
f 119/98/97 164/100/99 120/275/274
f 120/275/274 164/100/99 165/277/276
f 120/275/274 165/277/276 121/276/275
f 121/276/275 165/277/276 166/222/221
f 168/216/215 124/218/217 123/219/218
f 168/216/215 123/219/218 167/221/220
f 172/120/119 127/118/117 171/194/193
f 171/194/193 127/118/117 126/192/191
f 128/119/118 173/121/120 129/232/231
f 129/232/231 173/121/120 174/278/277
f 129/232/231 174/278/277 130/229/228
f 130/229/228 174/278/277 175/231/230
f 176/131/130 132/133/132 131/230/229
f 90/137/136 134/234/233 135/139/138
f 135/139/138 134/234/233 179/279/278
f 135/139/138 179/279/278 180/141/140
f 180/141/140 179/279/278 224/280/279
f 180/141/140 224/280/279 225/143/142
f 225/143/142 224/280/279 269/281/280
f 225/143/142 269/281/280 270/145/144
f 270/145/144 269/281/280 80/126/125
f 179/279/278 134/234/233 178/235/234
f 136/140/139 181/142/141 137/244/243
f 137/244/243 181/142/141 182/282/281
f 137/244/243 182/282/281 138/241/240
f 138/241/240 182/282/281 183/243/242
f 184/151/150 140/153/152 139/242/241
f 186/214/213 141/154/153 185/152/151
f 188/161/160 143/159/158 187/213/212
f 187/213/212 143/159/158 142/215/214
f 144/160/159 189/162/161 145/252/251
f 145/252/251 189/162/161 190/283/282
f 145/252/251 190/283/282 146/249/248
f 146/249/248 190/283/282 191/251/250
f 192/171/170 148/173/172 147/250/249
f 106/177/176 150/254/253 151/179/178
f 151/179/178 150/254/253 195/284/283
f 151/179/178 195/284/283 196/181/180
f 196/181/180 195/284/283 240/285/284
f 196/181/180 240/285/284 241/183/182
f 241/183/182 240/285/284 285/286/285
f 241/183/182 285/286/285 286/185/184
f 286/185/184 285/286/285 12/86/39
f 195/284/283 150/254/253 194/255/254
f 152/180/179 197/182/181 153/262/261
f 153/262/261 197/182/181 198/287/286
f 153/262/261 198/287/286 154/260/259
f 154/260/259 198/287/286 199/261/260
f 156/79/79 201/81/81 157/269/268
f 157/269/268 201/81/81 202/288/287
f 157/269/268 202/288/287 158/266/265
f 158/266/265 202/288/287 203/268/267
f 204/91/90 160/93/92 159/267/266
f 118/97/96 162/271/270 163/99/98
f 163/99/98 162/271/270 207/289/288
f 163/99/98 207/289/288 208/101/100
f 208/101/100 207/289/288 252/290/289
f 208/101/100 252/290/289 253/103/102
f 253/103/102 252/290/289 297/291/290
f 253/103/102 297/291/290 298/105/104
f 298/105/104 297/291/290 12/86/39
f 207/289/288 162/271/270 206/272/271
f 210/224/223 166/222/221 165/277/276
f 210/224/223 165/277/276 209/102/101
f 209/102/101 165/277/276 164/100/99
f 212/111/110 168/216/215 167/221/220
f 212/111/110 167/221/220 211/223/222
f 217/122/121 172/120/119 216/196/195
f 216/196/195 172/120/119 171/194/193
f 173/121/120 218/123/122 174/278/277
f 174/278/277 218/123/122 219/292/291
f 174/278/277 219/292/291 175/231/230
f 175/231/230 219/292/291 220/129/128
f 179/279/278 178/235/234 223/293/292
f 223/293/292 178/235/234 222/236/235
f 223/293/292 222/236/235 267/294/293
f 267/294/293 222/236/235 266/237/236
f 267/294/293 266/237/236 80/126/125
f 181/142/141 226/144/143 182/282/281
f 182/282/281 226/144/143 227/295/294
f 182/282/281 227/295/294 183/243/242
f 183/243/242 227/295/294 228/149/148
f 186/214/213 185/152/151 230/296/295
f 230/296/295 185/152/151 229/150/149
f 230/296/295 229/150/149 274/297/296
f 274/297/296 229/150/149 273/148/147
f 274/297/296 273/148/147 80/126/125
f 233/163/162 188/161/160 232/211/210
f 232/211/210 188/161/160 187/213/212
f 189/162/161 234/164/163 190/283/282
f 190/283/282 234/164/163 235/298/297
f 190/283/282 235/298/297 191/251/250
f 191/251/250 235/298/297 236/169/168
f 195/284/283 194/255/254 239/299/298
f 239/299/298 194/255/254 238/256/255
f 239/299/298 238/256/255 283/300/299
f 283/300/299 238/256/255 282/257/256
f 283/300/299 282/257/256 12/86/39
f 197/182/181 242/184/183 198/287/286
f 198/287/286 242/184/183 243/301/300
f 198/287/286 243/301/300 199/261/260
f 199/261/260 243/301/300 244/189/188
f 201/81/81 246/83/83 202/288/287
f 202/288/287 246/83/83 247/302/301
f 202/288/287 247/302/301 203/268/267
f 203/268/267 247/302/301 248/89/88
f 207/289/288 206/272/271 251/303/302
f 251/303/302 206/272/271 250/273/272
f 251/303/302 250/273/272 295/304/303
f 295/304/303 250/273/272 294/274/273
f 295/304/303 294/274/273 12/86/39
f 254/104/103 210/224/223 209/102/101
f 256/109/108 212/111/110 211/223/222
f 256/109/108 211/223/222 255/225/224
f 258/208/207 214/201/200 213/205/204
f 213/205/204 214/201/200 169/200/199
f 257/207/206 258/208/207 213/205/204
f 262/124/123 217/122/121 261/198/197
f 261/198/197 217/122/121 216/196/195
f 264/127/126 220/129/128 219/292/291
f 264/127/126 219/292/291 263/125/124
f 263/125/124 219/292/291 218/123/122
f 179/279/278 223/293/292 224/280/279
f 224/280/279 223/293/292 268/305/304
f 224/280/279 268/305/304 269/281/280
f 269/281/280 268/305/304 80/126/125
f 268/305/304 223/293/292 267/294/293
f 272/147/146 228/149/148 227/295/294
f 272/147/146 227/295/294 271/146/145
f 271/146/145 227/295/294 226/144/143
f 186/214/213 230/296/295 231/212/211
f 231/212/211 230/296/295 275/306/305
f 231/212/211 275/306/305 276/210/209
f 276/210/209 275/306/305 80/126/125
f 275/306/305 230/296/295 274/297/296
f 278/165/164 233/163/162 277/209/208
f 277/209/208 233/163/162 232/211/210
f 280/167/166 236/169/168 235/298/297
f 280/167/166 235/298/297 279/166/165
f 279/166/165 235/298/297 234/164/163
f 195/284/283 239/299/298 240/285/284
f 240/285/284 239/299/298 284/307/306
f 240/285/284 284/307/306 285/286/285
f 285/286/285 284/307/306 12/86/39
f 284/307/306 239/299/298 283/300/299
f 288/187/186 244/189/188 243/301/300
f 288/187/186 243/301/300 287/186/185
f 287/186/185 243/301/300 242/184/183
f 290/84/84 245/82/82 289/188/187
f 292/87/86 248/89/88 247/302/301
f 292/87/86 247/302/301 291/85/85
f 291/85/85 247/302/301 246/83/83
f 207/289/288 251/303/302 252/290/289
f 252/290/289 251/303/302 296/308/307
f 252/290/289 296/308/307 297/291/290
f 297/291/290 296/308/307 12/86/39
f 296/308/307 251/303/302 295/304/303
f 300/107/106 256/109/108 255/225/224
f 300/107/106 255/225/224 299/106/105
f 80/126/125 268/305/304 267/294/293
f 80/126/125 275/306/305 274/297/296
f 12/86/39 284/307/306 283/300/299
f 12/86/39 290/84/84 289/188/187
f 12/86/39 296/308/307 295/304/303
f 301/309/308 331/310/309 13/311/18
f 13/311/18 331/310/309 332/312/310
f 13/311/18 332/312/310 333/313/311
f 333/313/311 332/312/310 377/314/312
f 333/313/311 377/314/312 378/315/313
f 378/315/313 377/314/312 422/316/314
f 378/315/313 422/316/314 423/317/315
f 423/317/315 422/316/314 467/318/316
f 423/317/315 467/318/316 468/319/317
f 468/319/317 467/318/316 512/320/318
f 468/319/317 512/320/318 513/321/319
f 513/321/319 512/320/318 20/322/320
f 513/321/319 20/322/320 514/323/321
f 514/323/321 20/322/320 515/324/322
f 514/323/321 515/324/322 470/325/323
f 470/325/323 515/324/322 471/326/324
f 470/325/323 471/326/324 426/327/325
f 426/327/325 471/326/324 427/328/326
f 426/327/325 427/328/326 382/329/327
f 382/329/327 427/328/326 383/330/328
f 382/329/327 383/330/328 338/331/329
f 338/331/329 383/330/328 339/332/330
f 338/331/329 339/332/330 13/311/18
f 13/311/18 339/332/330 340/333/331
f 13/311/18 340/333/331 341/334/332
f 341/334/332 340/333/331 385/335/333
f 341/334/332 385/335/333 386/336/334
f 386/336/334 385/335/333 430/337/335
f 386/336/334 430/337/335 431/338/336
f 431/338/336 430/337/335 475/339/337
f 431/338/336 475/339/337 476/340/338
f 476/340/338 475/339/337 520/341/339
f 476/340/338 520/341/339 521/342/340
f 521/342/340 520/341/339 20/322/320
f 521/342/340 20/322/320 522/343/341
f 522/343/341 20/322/320 523/344/342
f 522/343/341 523/344/342 478/345/343
f 478/345/343 523/344/342 479/346/344
f 478/345/343 479/346/344 434/347/345
f 434/347/345 479/346/344 435/348/346
f 434/347/345 435/348/346 390/349/347
f 390/349/347 435/348/346 391/350/348
f 390/349/347 391/350/348 346/351/349
f 346/351/349 391/350/348 347/352/350
f 346/351/349 347/352/350 13/311/18
f 13/311/18 347/352/350 348/353/351
f 13/311/18 348/353/351 349/354/352
f 349/354/352 348/353/351 393/355/353
f 349/354/352 393/355/353 394/356/354
f 394/356/354 393/355/353 438/357/355
f 394/356/354 438/357/355 439/358/356
f 439/358/356 438/357/355 483/359/357
f 439/358/356 483/359/357 484/360/358
f 484/360/358 483/359/357 528/361/359
f 484/360/358 528/361/359 18/362/360
f 18/362/360 528/361/359 19/363/361
f 19/363/361 528/361/359 20/322/320
f 20/322/320 528/361/359 527/364/362
f 20/322/320 527/364/362 526/365/363
f 526/365/363 527/364/362 482/366/364
f 526/365/363 482/366/364 481/367/365
f 481/367/365 482/366/364 437/368/366
f 481/367/365 437/368/366 436/369/367
f 436/369/367 437/368/366 392/370/368
f 436/369/367 392/370/368 391/350/348
f 391/350/348 392/370/368 347/352/350
f 302/371/369 309/372/370 301/309/308
f 301/309/308 309/372/370 310/373/371
f 301/309/308 310/373/371 311/374/372
f 311/374/372 310/373/371 355/375/373
f 311/374/372 355/375/373 356/376/374
f 356/376/374 355/375/373 400/377/375
f 356/376/374 400/377/375 401/378/376
f 401/378/376 400/377/375 445/379/377
f 401/378/376 445/379/377 446/380/378
f 446/380/378 445/379/377 490/381/379
f 446/380/378 490/381/379 491/382/380
f 491/382/380 490/381/379 307/383/381
f 491/382/380 307/383/381 492/384/382
f 492/384/382 307/383/381 493/385/383
f 492/384/382 493/385/383 448/386/384
f 448/386/384 493/385/383 449/387/385
f 448/386/384 449/387/385 404/388/386
f 404/388/386 449/387/385 405/389/387
f 404/388/386 405/389/387 360/390/388
f 360/390/388 405/389/387 361/391/389
f 360/390/388 361/391/389 316/392/390
f 316/392/390 361/391/389 317/393/391
f 316/392/390 317/393/391 301/309/308
f 301/309/308 317/393/391 318/394/392
f 301/309/308 318/394/392 319/395/393
f 319/395/393 318/394/392 363/396/394
f 319/395/393 363/396/394 364/397/395
f 364/397/395 363/396/394 408/398/396
f 364/397/395 408/398/396 409/399/397
f 409/399/397 408/398/396 453/400/398
f 409/399/397 453/400/398 454/401/399
f 454/401/399 453/400/398 498/402/400
f 454/401/399 498/402/400 499/403/401
f 499/403/401 498/402/400 307/383/381
f 499/403/401 307/383/381 20/322/320
f 20/322/320 307/383/381 308/404/402
f 309/372/370 302/371/369 353/405/403
f 353/405/403 302/371/369 303/406/404
f 353/405/403 303/406/404 397/407/405
f 397/407/405 303/406/404 304/408/406
f 397/407/405 304/408/406 305/409/407
f 397/407/405 305/409/407 441/410/408
f 441/410/408 305/409/407 306/411/409
f 441/410/408 306/411/409 485/412/410
f 485/412/410 306/411/409 307/383/381
f 485/412/410 307/383/381 486/413/411
f 486/413/411 307/383/381 487/414/412
f 486/413/411 487/414/412 442/415/413
f 442/415/413 487/414/412 443/416/414
f 442/415/413 443/416/414 398/417/415
f 398/417/415 443/416/414 399/418/416
f 398/417/415 399/418/416 354/419/417
f 354/419/417 399/418/416 355/375/373
f 354/419/417 355/375/373 310/373/371
f 18/362/360 17/420/418 484/360/358
f 484/360/358 17/420/418 440/421/419
f 484/360/358 440/421/419 439/358/356
f 439/358/356 440/421/419 395/422/420
f 439/358/356 395/422/420 394/356/354
f 394/356/354 395/422/420 350/423/421
f 394/356/354 350/423/421 349/354/352
f 349/354/352 350/423/421 13/311/18
f 17/420/418 16/424/422 440/421/419
f 440/421/419 16/424/422 15/425/423
f 440/421/419 15/425/423 396/426/424
f 396/426/424 15/425/423 14/427/425
f 396/426/424 14/427/425 352/428/426
f 352/428/426 14/427/425 13/311/18
f 352/428/426 13/311/18 351/429/427
f 351/429/427 13/311/18 350/423/421
f 351/429/427 350/423/421 395/422/420
f 354/419/417 310/373/371 309/372/370
f 311/374/372 312/430/428 301/309/308
f 301/309/308 312/430/428 313/431/429
f 301/309/308 313/431/429 314/432/430
f 314/432/430 313/431/429 358/433/431
f 314/432/430 358/433/431 359/434/432
f 359/434/432 358/433/431 403/435/433
f 359/434/432 403/435/433 404/388/386
f 404/388/386 403/435/433 448/386/384
f 311/374/372 356/376/374 312/430/428
f 312/430/428 356/376/374 357/436/434
f 312/430/428 357/436/434 313/431/429
f 313/431/429 357/436/434 358/433/431
f 316/392/390 301/309/308 315/437/435
f 315/437/435 301/309/308 314/432/430
f 315/437/435 314/432/430 359/434/432
f 360/390/388 316/392/390 315/437/435
f 360/390/388 315/437/435 359/434/432
f 318/394/392 317/393/391 362/438/436
f 362/438/436 317/393/391 361/391/389
f 362/438/436 361/391/389 406/439/437
f 406/439/437 361/391/389 405/389/387
f 406/439/437 405/389/387 450/440/438
f 450/440/438 405/389/387 449/387/385
f 450/440/438 449/387/385 494/441/439
f 494/441/439 449/387/385 493/385/383
f 494/441/439 493/385/383 307/383/381
f 319/395/393 320/442/440 301/309/308
f 301/309/308 320/442/440 321/443/441
f 301/309/308 321/443/441 322/444/442
f 322/444/442 321/443/441 366/445/443
f 322/444/442 366/445/443 367/446/444
f 367/446/444 366/445/443 411/447/445
f 367/446/444 411/447/445 412/448/446
f 412/448/446 411/447/445 456/449/447
f 412/448/446 456/449/447 457/450/448
f 457/450/448 456/449/447 501/451/449
f 457/450/448 501/451/449 502/452/450
f 502/452/450 501/451/449 20/322/320
f 502/452/450 20/322/320 503/453/451
f 503/453/451 20/322/320 504/454/452
f 503/453/451 504/454/452 459/455/453
f 459/455/453 504/454/452 460/456/454
f 459/455/453 460/456/454 415/457/455
f 415/457/455 460/456/454 416/458/456
f 415/457/455 416/458/456 371/459/457
f 371/459/457 416/458/456 372/460/458
f 371/459/457 372/460/458 327/461/459
f 327/461/459 372/460/458 328/462/460
f 327/461/459 328/462/460 301/309/308
f 301/309/308 328/462/460 329/463/461
f 301/309/308 329/463/461 330/464/462
f 330/464/462 329/463/461 374/465/463
f 330/464/462 374/465/463 375/466/464
f 375/466/464 374/465/463 419/467/465
f 375/466/464 419/467/465 420/468/466
f 420/468/466 419/467/465 464/469/467
f 420/468/466 464/469/467 465/470/468
f 465/470/468 464/469/467 509/471/469
f 465/470/468 509/471/469 510/472/470
f 510/472/470 509/471/469 20/322/320
f 510/472/470 20/322/320 511/473/471
f 511/473/471 20/322/320 512/320/318
f 511/473/471 512/320/318 467/318/316
f 319/395/393 364/397/395 320/442/440
f 320/442/440 364/397/395 365/474/472
f 320/442/440 365/474/472 321/443/441
f 321/443/441 365/474/472 366/445/443
f 322/444/442 323/475/473 301/309/308
f 301/309/308 323/475/473 324/476/474
f 301/309/308 324/476/474 325/477/475
f 325/477/475 324/476/474 369/478/476
f 325/477/475 369/478/476 370/479/477
f 370/479/477 369/478/476 414/480/478
f 370/479/477 414/480/478 415/457/455
f 415/457/455 414/480/478 459/455/453
f 322/444/442 367/446/444 323/475/473
f 323/475/473 367/446/444 368/481/479
f 323/475/473 368/481/479 324/476/474
f 324/476/474 368/481/479 369/478/476
f 327/461/459 301/309/308 326/482/480
f 326/482/480 301/309/308 325/477/475
f 326/482/480 325/477/475 370/479/477
f 371/459/457 327/461/459 326/482/480
f 371/459/457 326/482/480 370/479/477
f 331/310/309 301/309/308 330/464/462
f 329/463/461 328/462/460 373/483/481
f 373/483/481 328/462/460 372/460/458
f 373/483/481 372/460/458 417/484/482
f 417/484/482 372/460/458 416/458/456
f 417/484/482 416/458/456 461/485/483
f 461/485/483 416/458/456 460/456/454
f 461/485/483 460/456/454 505/486/484
f 505/486/484 460/456/454 504/454/452
f 505/486/484 504/454/452 20/322/320
f 330/464/462 375/466/464 331/310/309
f 331/310/309 375/466/464 376/487/485
f 331/310/309 376/487/485 332/312/310
f 332/312/310 376/487/485 377/314/312
f 333/313/311 334/488/486 13/311/18
f 13/311/18 334/488/486 335/489/487
f 13/311/18 335/489/487 336/490/488
f 336/490/488 335/489/487 380/491/489
f 336/490/488 380/491/489 381/492/490
f 381/492/490 380/491/489 425/493/491
f 381/492/490 425/493/491 426/327/325
f 426/327/325 425/493/491 470/325/323
f 333/313/311 378/315/313 334/488/486
f 334/488/486 378/315/313 379/494/492
f 334/488/486 379/494/492 335/489/487
f 335/489/487 379/494/492 380/491/489
f 338/331/329 13/311/18 337/495/493
f 337/495/493 13/311/18 336/490/488
f 337/495/493 336/490/488 381/492/490
f 382/329/327 338/331/329 337/495/493
f 382/329/327 337/495/493 381/492/490
f 340/333/331 339/332/330 384/496/494
f 384/496/494 339/332/330 383/330/328
f 384/496/494 383/330/328 428/497/495
f 428/497/495 383/330/328 427/328/326
f 428/497/495 427/328/326 472/498/496
f 472/498/496 427/328/326 471/326/324
f 472/498/496 471/326/324 516/499/497
f 516/499/497 471/326/324 515/324/322
f 516/499/497 515/324/322 20/322/320
f 341/334/332 342/500/498 13/311/18
f 13/311/18 342/500/498 343/501/499
f 13/311/18 343/501/499 344/502/500
f 344/502/500 343/501/499 388/503/501
f 344/502/500 388/503/501 389/504/502
f 389/504/502 388/503/501 433/505/503
f 389/504/502 433/505/503 434/347/345
f 434/347/345 433/505/503 478/345/343
f 341/334/332 386/336/334 342/500/498
f 342/500/498 386/336/334 387/506/504
f 342/500/498 387/506/504 343/501/499
f 343/501/499 387/506/504 388/503/501
f 346/351/349 13/311/18 345/507/505
f 345/507/505 13/311/18 344/502/500
f 345/507/505 344/502/500 389/504/502
f 390/349/347 346/351/349 345/507/505
f 390/349/347 345/507/505 389/504/502
f 393/355/353 348/353/351 392/370/368
f 392/370/368 348/353/351 347/352/350
f 396/426/424 352/428/426 351/429/427
f 396/426/424 351/429/427 395/422/420
f 398/417/415 354/419/417 353/405/403
f 353/405/403 354/419/417 309/372/370
f 400/377/375 355/375/373 399/418/416
f 356/376/374 401/378/376 357/436/434
f 357/436/434 401/378/376 402/508/506
f 357/436/434 402/508/506 358/433/431
f 358/433/431 402/508/506 403/435/433
f 404/388/386 360/390/388 359/434/432
f 318/394/392 362/438/436 363/396/394
f 363/396/394 362/438/436 407/509/507
f 363/396/394 407/509/507 408/398/396
f 408/398/396 407/509/507 452/510/508
f 408/398/396 452/510/508 453/400/398
f 453/400/398 452/510/508 497/511/509
f 453/400/398 497/511/509 498/402/400
f 498/402/400 497/511/509 307/383/381
f 407/509/507 362/438/436 406/439/437
f 364/397/395 409/399/397 365/474/472
f 365/474/472 409/399/397 410/512/510
f 365/474/472 410/512/510 366/445/443
f 366/445/443 410/512/510 411/447/445
f 367/446/444 412/448/446 368/481/479
f 368/481/479 412/448/446 413/513/511
f 368/481/479 413/513/511 369/478/476
f 369/478/476 413/513/511 414/480/478
f 415/457/455 371/459/457 370/479/477
f 329/463/461 373/483/481 374/465/463
f 374/465/463 373/483/481 418/514/512
f 374/465/463 418/514/512 419/467/465
f 419/467/465 418/514/512 463/515/513
f 419/467/465 463/515/513 464/469/467
f 464/469/467 463/515/513 508/516/514
f 464/469/467 508/516/514 509/471/469
f 509/471/469 508/516/514 20/322/320
f 418/514/512 373/483/481 417/484/482
f 375/466/464 420/468/466 376/487/485
f 376/487/485 420/468/466 421/517/515
f 376/487/485 421/517/515 377/314/312
f 377/314/312 421/517/515 422/316/314
f 378/315/313 423/317/315 379/494/492
f 379/494/492 423/317/315 424/518/516
f 379/494/492 424/518/516 380/491/489
f 380/491/489 424/518/516 425/493/491
f 426/327/325 382/329/327 381/492/490
f 340/333/331 384/496/494 385/335/333
f 385/335/333 384/496/494 429/519/517
f 385/335/333 429/519/517 430/337/335
f 430/337/335 429/519/517 474/520/518
f 430/337/335 474/520/518 475/339/337
f 475/339/337 474/520/518 519/521/519
f 475/339/337 519/521/519 520/341/339
f 520/341/339 519/521/519 20/322/320
f 429/519/517 384/496/494 428/497/495
f 386/336/334 431/338/336 387/506/504
f 387/506/504 431/338/336 432/522/520
f 387/506/504 432/522/520 388/503/501
f 388/503/501 432/522/520 433/505/503
f 434/347/345 390/349/347 389/504/502
f 436/369/367 391/350/348 435/348/346
f 438/357/355 393/355/353 437/368/366
f 437/368/366 393/355/353 392/370/368
f 440/421/419 396/426/424 395/422/420
f 442/415/413 398/417/415 397/407/405
f 397/407/405 398/417/415 353/405/403
f 400/377/375 399/418/416 444/523/521
f 444/523/521 399/418/416 443/416/414
f 444/523/521 443/416/414 488/524/522
f 488/524/522 443/416/414 487/414/412
f 488/524/522 487/414/412 307/383/381
f 401/378/376 446/380/378 402/508/506
f 402/508/506 446/380/378 447/525/523
f 402/508/506 447/525/523 403/435/433
f 403/435/433 447/525/523 448/386/384
f 407/509/507 406/439/437 451/526/524
f 451/526/524 406/439/437 450/440/438
f 451/526/524 450/440/438 495/527/525
f 495/527/525 450/440/438 494/441/439
f 495/527/525 494/441/439 307/383/381
f 409/399/397 454/401/399 410/512/510
f 410/512/510 454/401/399 455/528/526
f 410/512/510 455/528/526 411/447/445
f 411/447/445 455/528/526 456/449/447
f 412/448/446 457/450/448 413/513/511
f 413/513/511 457/450/448 458/529/527
f 413/513/511 458/529/527 414/480/478
f 414/480/478 458/529/527 459/455/453
f 418/514/512 417/484/482 462/530/528
f 462/530/528 417/484/482 461/485/483
f 462/530/528 461/485/483 506/531/529
f 506/531/529 461/485/483 505/486/484
f 506/531/529 505/486/484 20/322/320
f 420/468/466 465/470/468 421/517/515
f 421/517/515 465/470/468 466/532/530
f 421/517/515 466/532/530 422/316/314
f 422/316/314 466/532/530 467/318/316
f 423/317/315 468/319/317 424/518/516
f 424/518/516 468/319/317 469/533/531
f 424/518/516 469/533/531 425/493/491
f 425/493/491 469/533/531 470/325/323
f 429/519/517 428/497/495 473/534/532
f 473/534/532 428/497/495 472/498/496
f 473/534/532 472/498/496 517/535/533
f 517/535/533 472/498/496 516/499/497
f 517/535/533 516/499/497 20/322/320
f 431/338/336 476/340/338 432/522/520
f 432/522/520 476/340/338 477/536/534
f 432/522/520 477/536/534 433/505/503
f 433/505/503 477/536/534 478/345/343
f 436/369/367 435/348/346 480/537/535
f 480/537/535 435/348/346 479/346/344
f 480/537/535 479/346/344 524/538/536
f 524/538/536 479/346/344 523/344/342
f 524/538/536 523/344/342 20/322/320
f 483/359/357 438/357/355 482/366/364
f 482/366/364 438/357/355 437/368/366
f 486/413/411 442/415/413 441/410/408
f 441/410/408 442/415/413 397/407/405
f 485/412/410 486/413/411 441/410/408
f 400/377/375 444/523/521 445/379/377
f 445/379/377 444/523/521 489/539/537
f 445/379/377 489/539/537 490/381/379
f 490/381/379 489/539/537 307/383/381
f 489/539/537 444/523/521 488/524/522
f 492/384/382 448/386/384 447/525/523
f 492/384/382 447/525/523 491/382/380
f 491/382/380 447/525/523 446/380/378
f 407/509/507 451/526/524 452/510/508
f 452/510/508 451/526/524 496/540/538
f 452/510/508 496/540/538 497/511/509
f 497/511/509 496/540/538 307/383/381
f 496/540/538 451/526/524 495/527/525
f 454/401/399 499/403/401 455/528/526
f 455/528/526 499/403/401 500/541/539
f 455/528/526 500/541/539 456/449/447
f 456/449/447 500/541/539 501/451/449
f 503/453/451 459/455/453 458/529/527
f 503/453/451 458/529/527 502/452/450
f 502/452/450 458/529/527 457/450/448
f 418/514/512 462/530/528 463/515/513
f 463/515/513 462/530/528 507/542/540
f 463/515/513 507/542/540 508/516/514
f 508/516/514 507/542/540 20/322/320
f 507/542/540 462/530/528 506/531/529
f 511/473/471 467/318/316 466/532/530
f 511/473/471 466/532/530 510/472/470
f 510/472/470 466/532/530 465/470/468
f 514/323/321 470/325/323 469/533/531
f 514/323/321 469/533/531 513/321/319
f 513/321/319 469/533/531 468/319/317
f 429/519/517 473/534/532 474/520/518
f 474/520/518 473/534/532 518/543/541
f 474/520/518 518/543/541 519/521/519
f 519/521/519 518/543/541 20/322/320
f 518/543/541 473/534/532 517/535/533
f 522/343/341 478/345/343 477/536/534
f 522/343/341 477/536/534 521/342/340
f 521/342/340 477/536/534 476/340/338
f 436/369/367 480/537/535 481/367/365
f 481/367/365 480/537/535 525/544/542
f 481/367/365 525/544/542 526/365/363
f 526/365/363 525/544/542 20/322/320
f 525/544/542 480/537/535 524/538/536
f 528/361/359 483/359/357 527/364/362
f 527/364/362 483/359/357 482/366/364
f 307/383/381 489/539/537 488/524/522
f 307/383/381 496/540/538 495/527/525
f 20/322/320 501/451/449 500/541/539
f 500/541/539 499/403/401 20/322/320
f 20/322/320 507/542/540 506/531/529
f 20/322/320 518/543/541 517/535/533
f 20/322/320 525/544/542 524/538/536
f 530/545/543 531/546/544 529/547/545
f 529/547/545 531/546/544 534/548/546
f 534/548/546 531/546/544 532/549/547
f 534/548/546 532/549/547 533/550/548
f 533/550/548 532/549/547 73/551/549
f 73/551/549 532/549/547 540/552/550
f 73/551/549 540/552/550 541/553/551
f 541/553/551 540/552/550 551/554/552
f 541/553/551 551/554/552 552/555/553
f 552/555/553 551/554/552 562/556/554
f 552/555/553 562/556/554 563/557/555
f 563/557/555 562/556/554 573/558/556
f 563/557/555 573/558/556 574/559/557
f 574/559/557 573/558/556 584/560/558
f 574/559/557 584/560/558 79/561/559
f 79/561/559 584/560/558 80/562/125
f 80/562/125 584/560/558 583/563/560
f 80/562/125 583/563/560 582/564/561
f 582/564/561 583/563/560 572/565/562
f 582/564/561 572/565/562 571/566/563
f 571/566/563 572/565/562 561/567/564
f 571/566/563 561/567/564 560/568/565
f 560/568/565 561/567/564 550/569/566
f 560/568/565 550/569/566 549/570/567
f 549/570/567 550/569/566 539/571/568
f 549/570/567 539/571/568 538/572/569
f 538/572/569 539/571/568 532/549/547
f 538/572/569 532/549/547 537/573/570
f 537/573/570 532/549/547 536/574/571
f 537/573/570 536/574/571 547/575/572
f 547/575/572 536/574/571 546/576/573
f 547/575/572 546/576/573 557/577/574
f 557/577/574 546/576/573 556/578/575
f 557/577/574 556/578/575 567/579/576
f 567/579/576 556/578/575 566/580/577
f 567/579/576 566/580/577 577/581/578
f 577/581/578 566/580/577 576/582/579
f 577/581/578 576/582/579 301/583/308
f 301/583/308 576/582/579 575/584/580
f 301/583/308 575/584/580 302/585/581
f 302/585/581 575/584/580 565/586/582
f 302/585/581 565/586/582 303/587/583
f 303/587/583 565/586/582 304/588/584
f 304/588/584 565/586/582 555/589/585
f 304/588/584 555/589/585 305/590/586
f 305/590/586 555/589/585 545/591/587
f 305/590/586 545/591/587 306/592/588
f 306/592/588 545/591/587 307/593/589
f 307/593/589 545/591/587 535/594/590
f 307/593/589 535/594/590 308/595/591
f 308/595/591 535/594/590 532/549/547
f 532/549/547 535/594/590 536/574/571
f 80/562/125 579/596/592 301/583/308
f 301/583/308 579/596/592 578/597/593
f 301/583/308 578/597/593 577/581/578
f 577/581/578 578/597/593 567/579/576
f 79/561/559 78/598/594 574/559/557
f 574/559/557 78/598/594 77/599/595
f 574/559/557 77/599/595 564/600/596
f 564/600/596 77/599/595 76/601/597
f 564/600/596 76/601/597 554/602/598
f 554/602/598 76/601/597 75/603/599
f 554/602/598 75/603/599 74/604/600
f 554/602/598 74/604/600 544/605/601
f 544/605/601 74/604/600 73/551/549
f 544/605/601 73/551/549 543/606/602
f 543/606/602 73/551/549 542/607/603
f 543/606/602 542/607/603 553/608/604
f 553/608/604 542/607/603 552/555/553
f 553/608/604 552/555/553 563/557/555
f 546/576/573 536/574/571 535/594/590
f 540/552/550 532/549/547 539/571/568
f 538/572/569 537/573/570 548/609/605
f 548/609/605 537/573/570 547/575/572
f 548/609/605 547/575/572 558/610/606
f 558/610/606 547/575/572 557/577/574
f 558/610/606 557/577/574 568/611/607
f 568/611/607 557/577/574 567/579/576
f 568/611/607 567/579/576 578/597/593
f 542/607/603 73/551/549 541/553/551
f 551/554/552 540/552/550 550/569/566
f 550/569/566 540/552/550 539/571/568
f 552/555/553 542/607/603 541/553/551
f 554/602/598 544/605/601 543/606/602
f 554/602/598 543/606/602 553/608/604
f 556/578/575 546/576/573 545/591/587
f 545/591/587 546/576/573 535/594/590
f 538/572/569 548/609/605 549/570/567
f 549/570/567 548/609/605 559/612/608
f 549/570/567 559/612/608 560/568/565
f 560/568/565 559/612/608 570/613/609
f 560/568/565 570/613/609 571/566/563
f 571/566/563 570/613/609 581/614/610
f 571/566/563 581/614/610 582/564/561
f 582/564/561 581/614/610 80/562/125
f 559/612/608 548/609/605 558/610/606
f 562/556/554 551/554/552 561/567/564
f 561/567/564 551/554/552 550/569/566
f 564/600/596 554/602/598 553/608/604
f 564/600/596 553/608/604 563/557/555
f 566/580/577 556/578/575 555/589/585
f 555/589/585 556/578/575 545/591/587
f 559/612/608 558/610/606 569/615/611
f 569/615/611 558/610/606 568/611/607
f 569/615/611 568/611/607 579/596/592
f 579/596/592 568/611/607 578/597/593
f 573/558/556 562/556/554 572/565/562
f 572/565/562 562/556/554 561/567/564
f 574/559/557 564/600/596 563/557/555
f 576/582/579 566/580/577 565/586/582
f 565/586/582 566/580/577 555/589/585
f 575/584/580 576/582/579 565/586/582
f 559/612/608 569/615/611 570/613/609
f 570/613/609 569/615/611 580/616/612
f 570/613/609 580/616/612 581/614/610
f 581/614/610 580/616/612 80/562/125
f 580/616/612 569/615/611 579/596/592
f 584/560/558 573/558/556 583/563/560
f 583/563/560 573/558/556 572/565/562
f 80/562/125 580/616/612 579/596/592
f 22/617/613 531/618/614 1/619/615
f 1/619/615 531/618/614 530/620/616
f 1/619/615 530/620/616 585/621/617
f 531/618/614 22/617/613 532/622/618
f 532/622/618 22/617/613 21/623/619
f 532/622/618 21/623/619 308/624/402
f 308/624/402 21/623/619 20/625/320
f 585/621/617 586/626/620 1/619/615
f 530/627/543 529/628/545 585/629/621
f 585/629/621 529/628/545 587/630/622
f 13/631/18 12/632/39 301/633/308
f 301/633/308 12/632/39 80/634/125
f 585/635/623 587/636/624 586/637/625
f 586/637/625 587/636/624 588/638/626
f 5/639/73 4/640/627 73/641/74
f 73/641/74 4/640/627 533/642/628
f 533/642/628 4/640/627 3/643/629
f 533/642/628 3/643/629 534/644/630
f 534/644/630 3/643/629 2/645/631
f 534/644/630 2/645/631 529/646/632
f 529/646/632 2/645/631 587/647/633
f 587/647/633 2/645/631 588/648/634
f 1/649/3 586/650/635 2/651/1
f 2/651/1 586/650/635 588/652/636
g Middle

v -3.200000 11.530000 2.568000
v -3.200000 -11.530000 2.568000
v 3.200000 -11.530000 2.568000
v 3.200000 11.530000 2.568000
v -3.200000 -11.530000 2.060000
v -3.200000 11.530000 2.060000
v 3.200000 11.530000 2.060000
v 3.200000 -11.530000 2.060000
vt -0.320000 -1.153000 0.000000
vt 0.320000 -1.153000 0.000000
vt -0.320000 1.153000 0.000000
vt 0.320000 1.153000 0.000000
vt 0.320000 1.153000 0.000000
vt -0.320000 1.153000 0.000000
vt 0.320000 -1.153000 0.000000
vt -0.320000 -1.153000 0.000000
vt -0.000000 -0.010000 0.000000
vt 0.050800 -0.010000 0.000000
vt -0.000000 2.296000 0.000000
vt 0.050800 2.296000 0.000000
vt -0.000000 0.000000 0.000000
vt 0.050800 0.000000 0.000000
vt -0.000000 0.640000 0.000000
vt 0.050800 0.640000 0.000000
vt -0.000000 0.010000 0.000000
vt -0.050800 0.010000 0.000000
vt -0.000000 -2.296000 0.000000
vt -0.050800 -2.296000 0.000000
vt -0.000000 0.000000 0.000000
vt -0.050800 0.000000 0.000000
vt -0.000000 -0.640000 0.000000
vt -0.050800 -0.640000 0.000000
vn -0.000000 -0.000000 0.100000
vn -0.000000 -0.000000 0.100000
vn -0.000000 -0.000000 0.100000
vn -0.000000 -0.000000 0.100000
vn -0.000000 0.000000 -0.100000
vn -0.000000 0.000000 -0.100000
vn -0.000000 0.000000 -0.100000
vn -0.000000 0.000000 -0.100000
vn -0.100000 0.000000 0.000000
vn -0.100000 0.000000 0.000000
vn -0.100000 0.000000 0.000000
vn -0.100000 0.000000 0.000000
vn 0.000000 0.100000 0.000000
vn 0.000000 0.100000 0.000000
vn 0.000000 0.100000 0.000000
vn 0.000000 0.100000 0.000000
vn 0.100000 0.000000 0.000000
vn 0.100000 0.000000 0.000000
vn 0.100000 0.000000 0.000000
vn 0.100000 0.000000 0.000000
vn 0.000000 -0.100000 -0.000000
vn 0.000000 -0.100000 -0.000000
vn 0.000000 -0.100000 -0.000000
vn 0.000000 -0.100000 -0.000000
f 590/653/637 591/654/638 589/655/639
f 589/655/639 591/654/638 592/656/640
f 594/657/641 595/658/642 593/659/643
f 593/659/643 595/658/642 596/660/644
f 593/661/645 590/662/646 594/663/647
f 594/663/647 590/662/646 589/664/648
f 594/665/649 589/666/650 595/667/651
f 595/667/651 589/666/650 592/668/652
f 595/669/653 592/670/654 596/671/655
f 596/671/655 592/670/654 591/672/656
f 596/673/657 591/674/658 593/675/659
f 593/675/659 591/674/658 590/676/660
g Top

v -2.912448 -11.330000 4.068000
v -2.912448 11.330000 4.068000
v -2.947635 11.365186 4.061605
v -2.963805 11.381357 4.053805
v -2.978321 11.395872 4.043238
v -2.990713 11.408264 4.030247
v -3.000582 11.418134 4.015249
v -3.007610 11.425162 3.998728
v -3.011571 11.429123 3.981216
v -3.011571 -11.429123 3.981216
v -3.007610 -11.425162 3.998728
v -3.000582 -11.418134 4.015249
v -2.990713 -11.408264 4.030247
v -2.978321 -11.395872 4.043238
v -2.963805 -11.381357 4.053805
v -2.947635 -11.365186 4.061605
v -2.936190 10.921162 4.065141
v -2.936190 10.413201 4.065141
v -2.936190 9.905240 4.065141
v -2.936190 9.397279 4.065141
v -2.936190 8.889318 4.065141
v -2.936190 8.381357 4.065141
v -2.936190 7.873396 4.065141
v -2.936190 7.365435 4.065141
v -2.936190 6.857474 4.065141
v -2.936190 6.349513 4.065141
v -2.936190 5.841552 4.065141
v -2.936190 5.333591 4.065141
v -2.936190 4.825630 4.065141
v -2.936190 4.317669 4.065141
v -2.936190 3.809708 4.065141
v -2.936190 3.301747 4.065141
v -2.936190 2.793786 4.065141
v -2.936190 2.285825 4.065141
v -2.936190 1.777864 4.065141
v -2.936190 1.269903 4.065141
v -2.936190 0.761942 4.065141
v -2.936190 0.253981 4.065141
v -2.936190 -0.253981 4.065141
v -2.936190 -0.761942 4.065141
v -2.936190 -1.269903 4.065141
v -2.936190 -1.777864 4.065141
v -2.936190 -2.285825 4.065141
v -2.936190 -2.793786 4.065141
v -2.936190 -3.301747 4.065141
v -2.936190 -3.809708 4.065141
v -2.936190 -4.317669 4.065141
v -2.936190 -4.825630 4.065141
v -2.936190 -5.333591 4.065141
v -2.936190 -5.841552 4.065141
v -2.936190 -6.349513 4.065141
v -2.936190 -6.857474 4.065141
v -2.936190 -7.365435 4.065141
v -2.936190 -7.873396 4.065141
v -2.936190 -8.381357 4.065141
v -2.936190 -8.889318 4.065141
v -2.936190 -9.397279 4.065141
v -2.936190 -9.905240 4.065141
v -2.936190 -10.413201 4.065141
v -2.936190 -10.921162 4.065141
v -2.958574 10.921162 4.056726
v -2.958574 10.413201 4.056726
v -2.958574 9.905240 4.056726
v -2.958574 9.397279 4.056726
v -2.958574 8.889318 4.056726
v -2.958574 8.381357 4.056726
v -2.958574 7.873396 4.056726
v -2.958574 7.365435 4.056726
v -2.958574 6.857474 4.056726
v -2.958574 6.349513 4.056726
v -2.958574 5.841552 4.056726
v -2.958574 5.333591 4.056726
v -2.958574 4.825630 4.056726
v -2.958574 4.317669 4.056726
v -2.958574 3.809708 4.056726
v -2.958574 3.301747 4.056726
v -2.958574 2.793786 4.056726
v -2.958574 2.285825 4.056726
v -2.958574 1.777864 4.056726
v -2.958574 1.269903 4.056726
v -2.958574 0.761942 4.056726
v -2.958574 0.253981 4.056726
v -2.958574 -0.253981 4.056726
v -2.958574 -0.761942 4.056726
v -2.958574 -1.269903 4.056726
v -2.958574 -1.777864 4.056726
v -2.958574 -2.285825 4.056726
v -2.958574 -2.793786 4.056726
v -2.958574 -3.301747 4.056726
v -2.958574 -3.809708 4.056726
v -2.958574 -4.317669 4.056726
v -2.958574 -4.825630 4.056726
v -2.958574 -5.333591 4.056726
v -2.958574 -5.841552 4.056726
v -2.958574 -6.349513 4.056726
v -2.958574 -6.857474 4.056726
v -2.958574 -7.365435 4.056726
v -2.958574 -7.873396 4.056726
v -2.958574 -8.381357 4.056726
v -2.958574 -8.889318 4.056726
v -2.958574 -9.397279 4.056726
v -2.958574 -9.905240 4.056726
v -2.958574 -10.413201 4.056726
v -2.958574 -10.921162 4.056726
v -2.978321 10.921162 4.043238
v -2.978321 10.413201 4.043238
v -2.978321 9.905240 4.043238
v -2.978321 9.397279 4.043238
v -2.978321 8.889318 4.043238
v -2.978321 8.381357 4.043238
v -2.978321 7.873396 4.043238
v -2.978321 7.365435 4.043238
v -2.978321 6.857474 4.043238
v -2.978321 6.349513 4.043238
v -2.978321 5.841552 4.043238
v -2.978321 5.333591 4.043238
v -2.978321 4.825630 4.043238
v -2.978321 4.317669 4.043238
v -2.978321 3.809708 4.043238
v -2.978321 3.301747 4.043238
v -2.978321 2.793786 4.043238
v -2.978321 2.285825 4.043238
v -2.978321 1.777864 4.043238
v -2.978321 1.269903 4.043238
v -2.978321 0.761942 4.043238
v -2.978321 0.253981 4.043238
v -2.978321 -0.253981 4.043238
v -2.978321 -0.761942 4.043238
v -2.978321 -1.269903 4.043238
v -2.978321 -1.777864 4.043238
v -2.978321 -2.285825 4.043238
v -2.978321 -2.793786 4.043238
v -2.978321 -3.301747 4.043238
v -2.978321 -3.809708 4.043238
v -2.978321 -4.317669 4.043238
v -2.978321 -4.825630 4.043238
v -2.978321 -5.333591 4.043238
v -2.978321 -5.841552 4.043238
v -2.978321 -6.349513 4.043238
v -2.978321 -6.857474 4.043238
v -2.978321 -7.365435 4.043238
v -2.978321 -7.873396 4.043238
v -2.978321 -8.381357 4.043238
v -2.978321 -8.889318 4.043238
v -2.978321 -9.397279 4.043238
v -2.978321 -9.905240 4.043238
v -2.978321 -10.413201 4.043238
v -2.978321 -10.921162 4.043238
v -2.994300 10.921162 4.025448
v -2.994300 10.413201 4.025448
v -2.994300 9.905240 4.025448
v -2.994300 9.397279 4.025448
v -2.994300 8.889318 4.025448
v -2.994300 8.381357 4.025448
v -2.994300 7.873396 4.025448
v -2.994300 7.365435 4.025448
v -2.994300 6.857474 4.025448
v -2.994300 6.349513 4.025448
v -2.994300 5.841552 4.025448
v -2.994300 5.333591 4.025448
v -2.994300 4.825630 4.025448
v -2.994300 4.317669 4.025448
v -2.994300 3.809708 4.025448
v -2.994300 3.301747 4.025448
v -2.994300 2.793786 4.025448
v -2.994300 2.285825 4.025448
v -2.994300 1.777864 4.025448
v -2.994300 1.269903 4.025448
v -2.994300 0.761942 4.025448
v -2.994300 0.253981 4.025448
v -2.994300 -0.253981 4.025448
v -2.994300 -0.761942 4.025448
v -2.994300 -1.269903 4.025448
v -2.994300 -1.777864 4.025448
v -2.994300 -2.285825 4.025448
v -2.994300 -2.793786 4.025448
v -2.994300 -3.301747 4.025448
v -2.994300 -3.809708 4.025448
v -2.994300 -4.317669 4.025448
v -2.994300 -4.825630 4.025448
v -2.994300 -5.333591 4.025448
v -2.994300 -5.841552 4.025448
v -2.994300 -6.349513 4.025448
v -2.994300 -6.857474 4.025448
v -2.994300 -7.365435 4.025448
v -2.994300 -7.873396 4.025448
v -2.994300 -8.381357 4.025448
v -2.994300 -8.889318 4.025448
v -2.994300 -9.397279 4.025448
v -2.994300 -9.905240 4.025448
v -2.994300 -10.413201 4.025448
v -2.994300 -10.921162 4.025448
v -3.005599 10.921162 4.004372
v -3.005599 10.413201 4.004372
v -3.005599 9.905240 4.004372
v -3.005599 9.397279 4.004372
v -3.005599 8.889318 4.004372
v -3.005599 8.381357 4.004372
v -3.005599 7.873396 4.004372
v -3.005599 7.365435 4.004372
v -3.005599 6.857474 4.004372
v -3.005599 6.349513 4.004372
v -3.005599 5.841552 4.004372
v -3.005599 5.333591 4.004372
v -3.005599 4.825630 4.004372
v -3.005599 4.317669 4.004372
v -3.005599 3.809708 4.004372
v -3.005599 3.301747 4.004372
v -3.005599 2.793786 4.004372
v -3.005599 2.285825 4.004372
v -3.005599 1.777864 4.004372
v -3.005599 1.269903 4.004372
v -3.005599 0.761942 4.004372
v -3.005599 0.253981 4.004372
v -3.005599 -0.253981 4.004372
v -3.005599 -0.761942 4.004372
v -3.005599 -1.269903 4.004372
v -3.005599 -1.777864 4.004372
v -3.005599 -2.285825 4.004372
v -3.005599 -2.793786 4.004372
v -3.005599 -3.301747 4.004372
v -3.005599 -3.809708 4.004372
v -3.005599 -4.317669 4.004372
v -3.005599 -4.825630 4.004372
v -3.005599 -5.333591 4.004372
v -3.005599 -5.841552 4.004372
v -3.005599 -6.349513 4.004372
v -3.005599 -6.857474 4.004372
v -3.005599 -7.365435 4.004372
v -3.005599 -7.873396 4.004372
v -3.005599 -8.381357 4.004372
v -3.005599 -8.889318 4.004372
v -3.005599 -9.397279 4.004372
v -3.005599 -9.905240 4.004372
v -3.005599 -10.413201 4.004372
v -3.005599 -10.921162 4.004372
v -1.000000 11.330000 4.068000
v -1.000000 11.355882 4.064593
v -1.000000 11.380000 4.054603
v -1.000000 11.400711 4.038711
v -1.000000 11.416603 4.018000
v -1.000000 11.426593 3.993882
v -1.000000 11.430000 3.968000
v -3.013333 11.430000 3.968000
v -3.012744 11.429902 3.972417
v -3.012157 11.429610 3.976825
v -1.503333 11.355882 4.064593
v -2.006667 11.355882 4.064593
v -2.510000 11.355882 4.064593
v -1.503333 11.380000 4.054603
v -2.006667 11.380000 4.054603
v -2.510000 11.380000 4.054603
v -1.503333 11.400711 4.038711
v -2.006667 11.400711 4.038711
v -2.510000 11.400711 4.038711
v -1.503333 11.416603 4.018000
v -2.006667 11.416603 4.018000
v -2.510000 11.416603 4.018000
v -1.503333 11.426593 3.993882
v -2.006667 11.426593 3.993882
v -2.510000 11.426593 3.993882
v 2.912448 -11.330000 4.068000
v -3.012157 -11.429610 3.976825
v -3.012744 -11.429902 3.972417
v -3.013333 -11.430000 3.968000
v 3.013333 -11.430000 3.968000
v 3.012744 -11.429902 3.972417
v 3.012157 -11.429610 3.976825
v 3.011571 -11.429123 3.981216
v 3.007610 -11.425162 3.998728
v 3.000582 -11.418134 4.015249
v 2.990713 -11.408264 4.030247
v 2.978321 -11.395872 4.043238
v 2.963805 -11.381357 4.053805
v 2.947635 -11.365186 4.061605
v -2.465455 -11.355882 4.064593
v -1.917576 -11.355882 4.064593
v -1.369697 -11.355882 4.064593
v -0.821818 -11.355882 4.064593
v -0.273939 -11.355882 4.064593
v 0.273939 -11.355882 4.064593
v 0.821818 -11.355882 4.064593
v 1.369697 -11.355882 4.064593
v 1.917576 -11.355882 4.064593
v 2.465455 -11.355882 4.064593
v -2.465455 -11.380000 4.054603
v -1.917576 -11.380000 4.054603
v -1.369697 -11.380000 4.054603
v -0.821818 -11.380000 4.054603
v -0.273939 -11.380000 4.054603
v 0.273939 -11.380000 4.054603
v 0.821818 -11.380000 4.054603
v 1.369697 -11.380000 4.054603
v 1.917576 -11.380000 4.054603
v 2.465455 -11.380000 4.054603
v -2.465455 -11.400711 4.038711
v -1.917576 -11.400711 4.038711
v -1.369697 -11.400711 4.038711
v -0.821818 -11.400711 4.038711
v -0.273939 -11.400711 4.038711
v 0.273939 -11.400711 4.038711
v 0.821818 -11.400711 4.038711
v 1.369697 -11.400711 4.038711
v 1.917576 -11.400711 4.038711
v 2.465455 -11.400711 4.038711
v -2.465455 -11.416603 4.018000
v -1.917576 -11.416603 4.018000
v -1.369697 -11.416603 4.018000
v -0.821818 -11.416603 4.018000
v -0.273939 -11.416603 4.018000
v 0.273939 -11.416603 4.018000
v 0.821818 -11.416603 4.018000
v 1.369697 -11.416603 4.018000
v 1.917576 -11.416603 4.018000
v 2.465455 -11.416603 4.018000
v -2.465455 -11.426593 3.993882
v -1.917576 -11.426593 3.993882
v -1.369697 -11.426593 3.993882
v -0.821818 -11.426593 3.993882
v -0.273939 -11.426593 3.993882
v 0.273939 -11.426593 3.993882
v 0.821818 -11.426593 3.993882
v 1.369697 -11.426593 3.993882
v 1.917576 -11.426593 3.993882
v 2.465455 -11.426593 3.993882
v 2.912448 11.330000 4.068000
v 3.011571 11.429123 3.981216
v 3.007610 11.425162 3.998728
v 3.000582 11.418134 4.015249
v 2.990713 11.408264 4.030247
v 2.978321 11.395872 4.043238
v 2.963805 11.381357 4.053805
v 2.947635 11.365186 4.061605
v 2.936190 -10.921162 4.065141
v 2.936190 -10.413201 4.065141
v 2.936190 -9.905240 4.065141
v 2.936190 -9.397279 4.065141
v 2.936190 -8.889318 4.065141
v 2.936190 -8.381357 4.065141
v 2.936190 -7.873396 4.065141
v 2.936190 -7.365435 4.065141
v 2.936190 -6.857474 4.065141
v 2.936190 -6.349513 4.065141
v 2.936190 -5.841552 4.065141
v 2.936190 -5.333591 4.065141
v 2.936190 -4.825630 4.065141
v 2.936190 -4.317669 4.065141
v 2.936190 -3.809708 4.065141
v 2.936190 -3.301747 4.065141
v 2.936190 -2.793786 4.065141
v 2.936190 -2.285825 4.065141
v 2.936190 -1.777864 4.065141
v 2.936190 -1.269903 4.065141
v 2.936190 -0.761942 4.065141
v 2.936190 -0.253981 4.065141
v 2.936190 0.253981 4.065141
v 2.936190 0.761942 4.065141
v 2.936190 1.269903 4.065141
v 2.936190 1.777864 4.065141
v 2.936190 2.285825 4.065141
v 2.936190 2.793786 4.065141
v 2.936190 3.301747 4.065141
v 2.936190 3.809708 4.065141
v 2.936190 4.317669 4.065141
v 2.936190 4.825630 4.065141
v 2.936190 5.333591 4.065141
v 2.936190 5.841552 4.065141
v 2.936190 6.349513 4.065141
v 2.936190 6.857474 4.065141
v 2.936190 7.365435 4.065141
v 2.936190 7.873396 4.065141
v 2.936190 8.381357 4.065141
v 2.936190 8.889318 4.065141
v 2.936190 9.397279 4.065141
v 2.936190 9.905240 4.065141
v 2.936190 10.413201 4.065141
v 2.936190 10.921162 4.065141
v 2.958574 -10.921162 4.056726
v 2.958574 -10.413201 4.056726
v 2.958574 -9.905240 4.056726
v 2.958574 -9.397279 4.056726
v 2.958574 -8.889318 4.056726
v 2.958574 -8.381357 4.056726
v 2.958574 -7.873396 4.056726
v 2.958574 -7.365435 4.056726
v 2.958574 -6.857474 4.056726
v 2.958574 -6.349513 4.056726
v 2.958574 -5.841552 4.056726
v 2.958574 -5.333591 4.056726
v 2.958574 -4.825630 4.056726
v 2.958574 -4.317669 4.056726
v 2.958574 -3.809708 4.056726
v 2.958574 -3.301747 4.056726
v 2.958574 -2.793786 4.056726
v 2.958574 -2.285825 4.056726
v 2.958574 -1.777864 4.056726
v 2.958574 -1.269903 4.056726
v 2.958574 -0.761942 4.056726
v 2.958574 -0.253981 4.056726
v 2.958574 0.253981 4.056726
v 2.958574 0.761942 4.056726
v 2.958574 1.269903 4.056726
v 2.958574 1.777864 4.056726
v 2.958574 2.285825 4.056726
v 2.958574 2.793786 4.056726
v 2.958574 3.301747 4.056726
v 2.958574 3.809708 4.056726
v 2.958574 4.317669 4.056726
v 2.958574 4.825630 4.056726
v 2.958574 5.333591 4.056726
v 2.958574 5.841552 4.056726
v 2.958574 6.349513 4.056726
v 2.958574 6.857474 4.056726
v 2.958574 7.365435 4.056726
v 2.958574 7.873396 4.056726
v 2.958574 8.381357 4.056726
v 2.958574 8.889318 4.056726
v 2.958574 9.397279 4.056726
v 2.958574 9.905240 4.056726
v 2.958574 10.413201 4.056726
v 2.958574 10.921162 4.056726
v 2.978321 -10.921162 4.043238
v 2.978321 -10.413201 4.043238
v 2.978321 -9.905240 4.043238
v 2.978321 -9.397279 4.043238
v 2.978321 -8.889318 4.043238
v 2.978321 -8.381357 4.043238
v 2.978321 -7.873396 4.043238
v 2.978321 -7.365435 4.043238
v 2.978321 -6.857474 4.043238
v 2.978321 -6.349513 4.043238
v 2.978321 -5.841552 4.043238
v 2.978321 -5.333591 4.043238
v 2.978321 -4.825630 4.043238
v 2.978321 -4.317669 4.043238
v 2.978321 -3.809708 4.043238
v 2.978321 -3.301747 4.043238
v 2.978321 -2.793786 4.043238
v 2.978321 -2.285825 4.043238
v 2.978321 -1.777864 4.043238
v 2.978321 -1.269903 4.043238
v 2.978321 -0.761942 4.043238
v 2.978321 -0.253981 4.043238
v 2.978321 0.253981 4.043238
v 2.978321 0.761942 4.043238
v 2.978321 1.269903 4.043238
v 2.978321 1.777864 4.043238
v 2.978321 2.285825 4.043238
v 2.978321 2.793786 4.043238
v 2.978321 3.301747 4.043238
v 2.978321 3.809708 4.043238
v 2.978321 4.317669 4.043238
v 2.978321 4.825630 4.043238
v 2.978321 5.333591 4.043238
v 2.978321 5.841552 4.043238
v 2.978321 6.349513 4.043238
v 2.978321 6.857474 4.043238
v 2.978321 7.365435 4.043238
v 2.978321 7.873396 4.043238
v 2.978321 8.381357 4.043238
v 2.978321 8.889318 4.043238
v 2.978321 9.397279 4.043238
v 2.978321 9.905240 4.043238
v 2.978321 10.413201 4.043238
v 2.978321 10.921162 4.043238
v 2.994300 -10.921162 4.025448
v 2.994300 -10.413201 4.025448
v 2.994300 -9.905240 4.025448
v 2.994300 -9.397279 4.025448
v 2.994300 -8.889318 4.025448
v 2.994300 -8.381357 4.025448
v 2.994300 -7.873396 4.025448
v 2.994300 -7.365435 4.025448
v 2.994300 -6.857474 4.025448
v 2.994300 -6.349513 4.025448
v 2.994300 -5.841552 4.025448
v 2.994300 -5.333591 4.025448
v 2.994300 -4.825630 4.025448
v 2.994300 -4.317669 4.025448
v 2.994300 -3.809708 4.025448
v 2.994300 -3.301747 4.025448
v 2.994300 -2.793786 4.025448
v 2.994300 -2.285825 4.025448
v 2.994300 -1.777864 4.025448
v 2.994300 -1.269903 4.025448
v 2.994300 -0.761942 4.025448
v 2.994300 -0.253981 4.025448
v 2.994300 0.253981 4.025448
v 2.994300 0.761942 4.025448
v 2.994300 1.269903 4.025448
v 2.994300 1.777864 4.025448
v 2.994300 2.285825 4.025448
v 2.994300 2.793786 4.025448
v 2.994300 3.301747 4.025448
v 2.994300 3.809708 4.025448
v 2.994300 4.317669 4.025448
v 2.994300 4.825630 4.025448
v 2.994300 5.333591 4.025448
v 2.994300 5.841552 4.025448
v 2.994300 6.349513 4.025448
v 2.994300 6.857474 4.025448
v 2.994300 7.365435 4.025448
v 2.994300 7.873396 4.025448
v 2.994300 8.381357 4.025448
v 2.994300 8.889318 4.025448
v 2.994300 9.397279 4.025448
v 2.994300 9.905240 4.025448
v 2.994300 10.413201 4.025448
v 2.994300 10.921162 4.025448
v 3.005599 -10.921162 4.004372
v 3.005599 -10.413201 4.004372
v 3.005599 -9.905240 4.004372
v 3.005599 -9.397279 4.004372
v 3.005599 -8.889318 4.004372
v 3.005599 -8.381357 4.004372
v 3.005599 -7.873396 4.004372
v 3.005599 -7.365435 4.004372
v 3.005599 -6.857474 4.004372
v 3.005599 -6.349513 4.004372
v 3.005599 -5.841552 4.004372
v 3.005599 -5.333591 4.004372
v 3.005599 -4.825630 4.004372
v 3.005599 -4.317669 4.004372
v 3.005599 -3.809708 4.004372
v 3.005599 -3.301747 4.004372
v 3.005599 -2.793786 4.004372
v 3.005599 -2.285825 4.004372
v 3.005599 -1.777864 4.004372
v 3.005599 -1.269903 4.004372
v 3.005599 -0.761942 4.004372
v 3.005599 -0.253981 4.004372
v 3.005599 0.253981 4.004372
v 3.005599 0.761942 4.004372
v 3.005599 1.269903 4.004372
v 3.005599 1.777864 4.004372
v 3.005599 2.285825 4.004372
v 3.005599 2.793786 4.004372
v 3.005599 3.301747 4.004372
v 3.005599 3.809708 4.004372
v 3.005599 4.317669 4.004372
v 3.005599 4.825630 4.004372
v 3.005599 5.333591 4.004372
v 3.005599 5.841552 4.004372
v 3.005599 6.349513 4.004372
v 3.005599 6.857474 4.004372
v 3.005599 7.365435 4.004372
v 3.005599 7.873396 4.004372
v 3.005599 8.381357 4.004372
v 3.005599 8.889318 4.004372
v 3.005599 9.397279 4.004372
v 3.005599 9.905240 4.004372
v 3.005599 10.413201 4.004372
v 3.005599 10.921162 4.004372
v 3.013333 11.430000 3.968000
v 1.000000 11.430000 3.968000
v 1.000000 11.426593 3.993882
v 1.000000 11.416603 4.018000
v 1.000000 11.400711 4.038711
v 1.000000 11.380000 4.054603
v 1.000000 11.355882 4.064593
v 1.000000 11.330000 4.068000
v 3.012157 11.429610 3.976825
v 3.012744 11.429902 3.972417
v 1.503333 11.426593 3.993882
v 2.006667 11.426593 3.993882
v 2.510000 11.426593 3.993882
v 1.503333 11.416603 4.018000
v 2.006667 11.416603 4.018000
v 2.510000 11.416603 4.018000
v 1.503333 11.400711 4.038711
v 2.006667 11.400711 4.038711
v 2.510000 11.400711 4.038711
v 1.503333 11.380000 4.054603
v 2.006667 11.380000 4.054603
v 2.510000 11.380000 4.054603
v 1.503333 11.355882 4.064593
v 2.006667 11.355882 4.064593
v 2.510000 11.355882 4.064593
v -1.000000 11.230000 4.068000
v -1.000000 11.230000 3.468000
v -1.000000 11.430000 3.468000
v 1.000000 11.230000 4.068000
v 0.989821 11.087685 4.068000
v 0.959493 10.948267 4.068000
v 0.909632 10.814585 4.068000
v 0.841254 10.689359 4.068000
v 0.755750 10.575139 4.068000
v 0.654861 10.474250 4.068000
v 0.540641 10.388746 4.068000
v 0.415415 10.320368 4.068000
v 0.281733 10.270507 4.068000
v 0.142315 10.240179 4.068000
v -0.000000 10.230000 4.068000
v -0.142315 10.240179 4.068000
v -0.281733 10.270507 4.068000
v -0.415415 10.320368 4.068000
v -0.540641 10.388746 4.068000
v -0.654861 10.474250 4.068000
v -0.755750 10.575139 4.068000
v -0.841254 10.689359 4.068000
v -0.909632 10.814585 4.068000
v -0.959493 10.948267 4.068000
v -0.989821 11.087685 4.068000
v 1.000000 11.430000 3.468000
v 3.200000 11.430000 2.568000
v -3.200000 11.430000 2.568000
v 1.000000 11.230000 3.468000
v 0.989821 11.087685 3.468000
v 0.959493 10.948267 3.468000
v 0.909632 10.814585 3.468000
v 0.841254 10.689359 3.468000
v 0.755750 10.575139 3.468000
v 0.654861 10.474250 3.468000
v 0.540641 10.388746 3.468000
v 0.415415 10.320368 3.468000
v 0.281733 10.270507 3.468000
v 0.142315 10.240179 3.468000
v -0.000000 10.230000 3.468000
v -0.142315 10.240179 3.468000
v -0.281733 10.270507 3.468000
v -0.415415 10.320368 3.468000
v -0.540641 10.388746 3.468000
v -0.654861 10.474250 3.468000
v -0.755750 10.575139 3.468000
v -0.841254 10.689359 3.468000
v -0.909632 10.814585 3.468000
v -0.959493 10.948267 3.468000
v -0.989821 11.087685 3.468000
v 3.200000 -11.430000 2.568000
v -3.200000 -11.430000 2.568000
vt -1.704500 0.007191 0.000000
vt -0.546102 0.004794 0.000000
vt 0.561500 0.007191 0.000000
vt -0.495306 0.004794 0.000000
vt -0.444510 0.004794 0.000000
vt -0.444510 0.002397 0.000000
vt -0.393714 0.002397 0.000000
vt -0.393714 0.000000 0.000000
vt -0.342918 0.000000 0.000000
vt -0.342918 -0.002397 0.000000
vt -0.292121 -0.002397 0.000000
vt -0.292121 -0.004794 0.000000
vt -0.241325 -0.004794 0.000000
vt 0.571412 -0.007191 0.000000
vt -0.190529 -0.004794 0.000000
vt -0.139733 -0.004794 0.000000
vt -0.190529 -0.002397 0.000000
vt -0.139733 -0.002397 0.000000
vt -0.190529 0.000000 0.000000
vt -0.139733 0.000000 0.000000
vt -0.190529 0.002397 0.000000
vt -0.139733 0.002397 0.000000
vt -0.190529 0.004794 0.000000
vt -0.139733 0.004794 0.000000
vt -0.088937 0.004794 0.000000
vt -0.038141 0.004794 0.000000
vt -0.038141 0.002397 0.000000
vt 0.012655 0.002397 0.000000
vt 0.012655 0.000000 0.000000
vt 0.063451 0.000000 0.000000
vt 0.063451 -0.002397 0.000000
vt 0.114247 -0.002397 0.000000
vt 0.114247 -0.004794 0.000000
vt 0.165043 -0.004794 0.000000
vt 0.215840 -0.004794 0.000000
vt 0.266636 -0.004794 0.000000
vt 0.215840 -0.002397 0.000000
vt 0.266636 -0.002397 0.000000
vt 0.215840 0.000000 0.000000
vt 0.266636 0.000000 0.000000
vt 0.215840 0.002397 0.000000
vt 0.266636 0.002397 0.000000
vt 0.215840 0.004794 0.000000
vt 0.266636 0.004794 0.000000
vt 0.317432 0.004794 0.000000
vt 0.368228 0.004794 0.000000
vt 0.368228 0.002397 0.000000
vt 0.419024 0.002397 0.000000
vt 0.419024 0.000000 0.000000
vt 0.469820 0.000000 0.000000
vt 0.469820 -0.002397 0.000000
vt 0.520616 -0.002397 0.000000
vt 0.520616 -0.004794 0.000000
vt 0.570313 -0.003596 0.000000
vt 0.571016 -0.005393 0.000000
vt 0.469820 -0.004794 0.000000
vt 0.419024 -0.004794 0.000000
vt 0.419024 -0.002397 0.000000
vt 0.368228 -0.002397 0.000000
vt 0.368228 0.000000 0.000000
vt 0.317432 0.000000 0.000000
vt 0.317432 0.002397 0.000000
vt -1.708019 0.003596 0.000000
vt -1.663616 0.004794 0.000000
vt -1.612820 0.004794 0.000000
vt -1.562024 0.004794 0.000000
vt -1.562024 0.002397 0.000000
vt -1.511228 0.002397 0.000000
vt -1.511228 -0.000000 0.000000
vt -1.460432 -0.000000 0.000000
vt -1.460432 -0.002397 0.000000
vt -1.409636 -0.002397 0.000000
vt -1.409636 -0.004794 0.000000
vt -1.358840 -0.004794 0.000000
vt -1.714016 -0.005393 0.000000
vt -1.308043 -0.004794 0.000000
vt -1.257247 -0.004794 0.000000
vt -1.308043 -0.002397 0.000000
vt -1.257247 -0.002397 0.000000
vt -1.308043 -0.000000 0.000000
vt -1.257247 -0.000000 0.000000
vt -1.308043 0.002397 0.000000
vt -1.257247 0.002397 0.000000
vt -1.308043 0.004794 0.000000
vt -1.257247 0.004794 0.000000
vt -1.206451 0.004794 0.000000
vt -1.155655 0.004794 0.000000
vt -1.155655 0.002397 0.000000
vt -1.104859 0.002397 0.000000
vt -1.104859 -0.000000 0.000000
vt -1.054063 -0.000000 0.000000
vt -1.054063 -0.002397 0.000000
vt -1.003267 -0.002397 0.000000
vt -1.003267 -0.004794 0.000000
vt -0.952471 -0.004794 0.000000
vt -1.714412 -0.007191 0.000000
vt -1.663616 0.002397 0.000000
vt -1.709636 0.001798 0.000000
vt -1.663616 -0.000000 0.000000
vt -1.711087 -0.000000 0.000000
vt -1.712326 -0.001798 0.000000
vt -1.663616 -0.002397 0.000000
vt -1.713313 -0.003596 0.000000
vt -1.663616 -0.004794 0.000000
vt -1.612820 -0.004794 0.000000
vt -1.562024 -0.004794 0.000000
vt -1.612820 -0.002397 0.000000
vt -1.562024 -0.002397 0.000000
vt -1.612820 -0.000000 0.000000
vt -1.562024 -0.000000 0.000000
vt -1.612820 0.002397 0.000000
vt 0.569326 -0.001798 0.000000
vt 0.520616 0.000000 0.000000
vt 0.469820 0.002397 0.000000
vt 0.419024 0.004794 0.000000
vt 0.568087 0.000000 0.000000
vt 0.566636 0.001798 0.000000
vt 0.520616 0.002397 0.000000
vt 0.565019 0.003596 0.000000
vt 0.520616 0.004794 0.000000
vt 0.469820 0.004794 0.000000
vt -1.511228 0.004794 0.000000
vt -1.460432 0.004794 0.000000
vt -1.409636 0.004794 0.000000
vt -1.409636 0.002397 0.000000
vt -1.358840 0.002397 0.000000
vt -1.358840 -0.000000 0.000000
vt -1.460432 0.002397 0.000000
vt -1.358840 0.004794 0.000000
vt -1.206451 0.002397 0.000000
vt -1.206451 -0.000000 0.000000
vt -1.206451 -0.002397 0.000000
vt -1.206451 -0.004794 0.000000
vt -1.104859 0.004794 0.000000
vt -1.054063 0.004794 0.000000
vt -1.003267 0.004794 0.000000
vt -1.003267 0.002397 0.000000
vt -0.952471 0.002397 0.000000
vt -0.952471 -0.000000 0.000000
vt -0.901675 -0.000000 0.000000
vt -0.901675 -0.002397 0.000000
vt -0.850879 -0.002397 0.000000
vt -0.850879 -0.004794 0.000000
vt -0.800082 -0.004794 0.000000
vt -0.749286 -0.004794 0.000000
vt -0.698490 -0.004794 0.000000
vt -0.749286 -0.002397 0.000000
vt -0.698490 -0.002397 0.000000
vt -0.749286 -0.000000 0.000000
vt -0.698490 0.000000 0.000000
vt -0.749286 0.002397 0.000000
vt -0.698490 0.002397 0.000000
vt -0.749286 0.004794 0.000000
vt -0.698490 0.004794 0.000000
vt -0.647694 0.004794 0.000000
vt -0.596898 0.004794 0.000000
vt -0.596898 0.002397 0.000000
vt -0.546102 0.002397 0.000000
vt -0.546102 0.000000 0.000000
vt -0.495306 0.000000 0.000000
vt -0.495306 -0.002397 0.000000
vt -0.444510 -0.002397 0.000000
vt -0.444510 -0.004794 0.000000
vt -0.393714 -0.004794 0.000000
vt -0.342918 -0.004794 0.000000
vt -1.054063 0.002397 0.000000
vt -0.952471 0.004794 0.000000
vt -0.901675 0.004794 0.000000
vt -0.850879 0.004794 0.000000
vt -0.850879 0.002397 0.000000
vt -0.800082 0.002397 0.000000
vt -0.800082 -0.000000 0.000000
vt -0.901675 0.002397 0.000000
vt -0.800082 0.004794 0.000000
vt -0.647694 0.002397 0.000000
vt -0.647694 0.000000 0.000000
vt -0.647694 -0.002397 0.000000
vt -0.647694 -0.004794 0.000000
vt -0.495306 0.002397 0.000000
vt -0.393714 0.004794 0.000000
vt -0.342918 0.004794 0.000000
vt -0.292121 0.004794 0.000000
vt -0.292121 0.002397 0.000000
vt -0.241325 0.002397 0.000000
vt -0.241325 0.000000 0.000000
vt -0.342918 0.002397 0.000000
vt -0.241325 0.004794 0.000000
vt -0.088937 0.002397 0.000000
vt -0.088937 0.000000 0.000000
vt -0.088937 -0.002397 0.000000
vt -0.088937 -0.004794 0.000000
vt 0.012655 0.004794 0.000000
vt 0.063451 0.004794 0.000000
vt 0.114247 0.004794 0.000000
vt 0.114247 0.002397 0.000000
vt 0.165043 0.002397 0.000000
vt 0.165043 0.000000 0.000000
vt 0.063451 0.002397 0.000000
vt 0.165043 0.004794 0.000000
vt -1.409636 -0.000000 0.000000
vt -1.155655 -0.000000 0.000000
vt -1.104859 -0.002397 0.000000
vt -1.054063 -0.004794 0.000000
vt -1.003267 -0.000000 0.000000
vt -0.850879 -0.000000 0.000000
vt -0.596898 0.000000 0.000000
vt -0.546102 -0.002397 0.000000
vt -0.495306 -0.004794 0.000000
vt -0.444510 0.000000 0.000000
vt -0.292121 0.000000 0.000000
vt -0.038141 0.000000 0.000000
vt 0.012655 -0.002397 0.000000
vt 0.063451 -0.004794 0.000000
vt 0.114247 0.000000 0.000000
vt -1.511228 -0.002397 0.000000
vt -1.511228 -0.004794 0.000000
vt -1.358840 -0.002397 0.000000
vt -1.155655 -0.002397 0.000000
vt -1.155655 -0.004794 0.000000
vt -0.952471 -0.002397 0.000000
vt -0.800082 -0.002397 0.000000
vt -0.596898 -0.002397 0.000000
vt -0.596898 -0.004794 0.000000
vt -0.393714 -0.002397 0.000000
vt -0.241325 -0.002397 0.000000
vt -0.038141 -0.002397 0.000000
vt -0.038141 -0.004794 0.000000
vt 0.165043 -0.002397 0.000000
vt 0.317432 -0.002397 0.000000
vt 0.317432 -0.004794 0.000000
vt -1.460432 -0.004794 0.000000
vt -1.104859 -0.004794 0.000000
vt -0.901675 -0.004794 0.000000
vt -0.546102 -0.004794 0.000000
vt 0.012655 -0.004794 0.000000
vt 0.368228 -0.004794 0.000000
vt -0.060000 0.007854 0.000000
vt 0.040667 0.005236 0.000000
vt 0.131245 0.007854 0.000000
vt 0.091000 0.005236 0.000000
vt 0.134763 0.004258 0.000000
vt 0.091000 0.002618 0.000000
vt 0.136381 0.002461 0.000000
vt 0.137832 0.000663 0.000000
vt 0.091000 -0.000000 0.000000
vt 0.139071 -0.001135 0.000000
vt 0.091000 -0.002618 0.000000
vt 0.140058 -0.002933 0.000000
vt 0.140761 -0.004731 0.000000
vt 0.091000 -0.005236 0.000000
vt 0.141157 -0.006528 0.000000
vt 0.141216 -0.006970 0.000000
vt 0.040667 -0.005236 0.000000
vt -0.009667 -0.005236 0.000000
vt -0.009667 -0.002618 0.000000
vt -0.060000 -0.002618 0.000000
vt -0.060000 0.000000 0.000000
vt -0.009667 0.000000 0.000000
vt -0.060000 0.002618 0.000000
vt -0.009667 0.002618 0.000000
vt -0.060000 0.005236 0.000000
vt -0.009667 0.005236 0.000000
vt -0.060000 -0.005236 0.000000
vt -0.060000 -0.007854 0.000000
vt 0.141274 -0.007412 0.000000
vt 0.141333 -0.007854 0.000000
vt 0.040667 0.002618 0.000000
vt 0.040667 -0.000000 0.000000
vt 0.040667 -0.002618 0.000000
vt -0.451245 0.007854 0.000000
vt -0.132606 0.005236 0.000000
vt 0.131245 0.007854 0.000000
vt -0.077818 0.005236 0.000000
vt -0.023030 0.005236 0.000000
vt -0.023030 0.002618 0.000000
vt 0.031758 0.002618 0.000000
vt 0.031758 0.000000 0.000000
vt 0.086545 0.000000 0.000000
vt 0.086545 -0.002618 0.000000
vt 0.139071 -0.001135 0.000000
vt 0.140058 -0.002933 0.000000
vt 0.140761 -0.004731 0.000000
vt 0.086545 -0.005236 0.000000
vt 0.141157 -0.006528 0.000000
vt 0.141216 -0.006970 0.000000
vt 0.031758 -0.005236 0.000000
vt -0.023030 -0.005236 0.000000
vt -0.023030 -0.002618 0.000000
vt -0.077818 -0.002618 0.000000
vt -0.077818 0.000000 0.000000
vt -0.132606 0.000000 0.000000
vt -0.132606 0.002618 0.000000
vt -0.187394 0.002618 0.000000
vt -0.187394 0.005236 0.000000
vt -0.242182 0.005236 0.000000
vt -0.296970 0.005236 0.000000
vt -0.351758 0.005236 0.000000
vt -0.296970 0.002618 0.000000
vt -0.351758 0.002618 0.000000
vt -0.296970 0.000000 0.000000
vt -0.351758 0.000000 0.000000
vt -0.296970 -0.002618 0.000000
vt -0.351758 -0.002618 0.000000
vt -0.296970 -0.005236 0.000000
vt -0.351758 -0.005236 0.000000
vt -0.461157 -0.006528 0.000000
vt -0.406545 -0.005236 0.000000
vt -0.460761 -0.004731 0.000000
vt -0.406545 -0.002618 0.000000
vt -0.460058 -0.002933 0.000000
vt -0.459071 -0.001135 0.000000
vt -0.406545 0.000000 0.000000
vt -0.457832 0.000663 0.000000
vt -0.406545 0.002618 0.000000
vt -0.456381 0.002461 0.000000
vt -0.454763 0.004258 0.000000
vt -0.406545 0.005236 0.000000
vt -0.461216 -0.006970 0.000000
vt -0.187394 -0.005236 0.000000
vt -0.242182 -0.005236 0.000000
vt -0.242182 -0.002618 0.000000
vt -0.461274 -0.007412 0.000000
vt 0.141274 -0.007412 0.000000
vt -0.461333 -0.007854 0.000000
vt 0.141333 -0.007854 0.000000
vt 0.137832 0.000663 0.000000
vt 0.086545 0.002618 0.000000
vt 0.031758 0.005236 0.000000
vt 0.136381 0.002461 0.000000
vt 0.134763 0.004258 0.000000
vt 0.086545 0.005236 0.000000
vt -0.242182 0.002618 0.000000
vt -0.242182 0.000000 0.000000
vt -0.077818 0.002618 0.000000
vt -0.187394 0.000000 0.000000
vt -0.132606 -0.002618 0.000000
vt -0.077818 -0.005236 0.000000
vt -0.023030 0.000000 0.000000
vt -0.187394 -0.002618 0.000000
vt 0.031758 -0.002618 0.000000
vt -0.132606 -0.005236 0.000000
vt -1.704500 0.007191 0.000000
vt -0.546102 0.004794 0.000000
vt 0.561500 0.007191 0.000000
vt -0.495306 0.004794 0.000000
vt -0.444510 0.004794 0.000000
vt -0.444510 0.002397 0.000000
vt -0.393714 0.002397 0.000000
vt -0.393714 -0.000000 0.000000
vt -0.342918 -0.000000 0.000000
vt -0.342918 -0.002397 0.000000
vt -0.292121 -0.002397 0.000000
vt -0.292121 -0.004794 0.000000
vt -0.241325 -0.004794 0.000000
vt 0.571412 -0.007191 0.000000
vt -0.190529 -0.004794 0.000000
vt -0.139733 -0.004794 0.000000
vt -0.190529 -0.002397 0.000000
vt -0.139733 -0.002397 0.000000
vt -0.190529 -0.000000 0.000000
vt -0.139733 -0.000000 0.000000
vt -0.190529 0.002397 0.000000
vt -0.139733 0.002397 0.000000
vt -0.190529 0.004794 0.000000
vt -0.139733 0.004794 0.000000
vt -0.088937 0.004794 0.000000
vt -0.038141 0.004794 0.000000
vt -0.038141 0.002397 0.000000
vt 0.012655 0.002397 0.000000
vt 0.012655 -0.000000 0.000000
vt 0.063451 -0.000000 0.000000
vt 0.063451 -0.002397 0.000000
vt 0.114247 -0.002397 0.000000
vt 0.114247 -0.004794 0.000000
vt 0.165043 -0.004794 0.000000
vt 0.215840 -0.004794 0.000000
vt 0.266636 -0.004794 0.000000
vt 0.215840 -0.002397 0.000000
vt 0.266636 -0.002397 0.000000
vt 0.215840 -0.000000 0.000000
vt 0.266636 -0.000000 0.000000
vt 0.215840 0.002397 0.000000
vt 0.266636 0.002397 0.000000
vt 0.215840 0.004794 0.000000
vt 0.266636 0.004794 0.000000
vt 0.317432 0.004794 0.000000
vt 0.368228 0.004794 0.000000
vt 0.368228 0.002397 0.000000
vt 0.419024 0.002397 0.000000
vt 0.419024 -0.000000 0.000000
vt 0.469820 0.000000 0.000000
vt 0.469820 -0.002397 0.000000
vt 0.520616 -0.002397 0.000000
vt 0.520616 -0.004794 0.000000
vt 0.570313 -0.003596 0.000000
vt 0.571016 -0.005393 0.000000
vt 0.469820 -0.004794 0.000000
vt 0.419024 -0.004794 0.000000
vt 0.419024 -0.002397 0.000000
vt 0.368228 -0.002397 0.000000
vt 0.368228 -0.000000 0.000000
vt 0.317432 -0.000000 0.000000
vt 0.317432 0.002397 0.000000
vt -1.708019 0.003596 0.000000
vt -1.663616 0.004794 0.000000
vt -1.612820 0.004794 0.000000
vt -1.562024 0.004794 0.000000
vt -1.562024 0.002397 0.000000
vt -1.511228 0.002397 0.000000
vt -1.511228 -0.000000 0.000000
vt -1.460432 -0.000000 0.000000
vt -1.460432 -0.002397 0.000000
vt -1.409636 -0.002397 0.000000
vt -1.409636 -0.004794 0.000000
vt -1.358840 -0.004794 0.000000
vt -1.714016 -0.005393 0.000000
vt -1.308043 -0.004794 0.000000
vt -1.257247 -0.004794 0.000000
vt -1.308043 -0.002397 0.000000
vt -1.257247 -0.002397 0.000000
vt -1.308043 -0.000000 0.000000
vt -1.257247 -0.000000 0.000000
vt -1.308043 0.002397 0.000000
vt -1.257247 0.002397 0.000000
vt -1.308043 0.004794 0.000000
vt -1.257247 0.004794 0.000000
vt -1.206451 0.004794 0.000000
vt -1.155655 0.004794 0.000000
vt -1.155655 0.002397 0.000000
vt -1.104859 0.002397 0.000000
vt -1.104859 -0.000000 0.000000
vt -1.054063 -0.000000 0.000000
vt -1.054063 -0.002397 0.000000
vt -1.003267 -0.002397 0.000000
vt -1.003267 -0.004794 0.000000
vt -0.952471 -0.004794 0.000000
vt -1.714412 -0.007191 0.000000
vt -1.663616 0.002397 0.000000
vt -1.709636 0.001798 0.000000
vt -1.663616 -0.000000 0.000000
vt -1.711087 -0.000000 0.000000
vt -1.712326 -0.001798 0.000000
vt -1.663616 -0.002397 0.000000
vt -1.713313 -0.003596 0.000000
vt -1.663616 -0.004794 0.000000
vt -1.612820 -0.004794 0.000000
vt -1.562024 -0.004794 0.000000
vt -1.612820 -0.002397 0.000000
vt -1.562024 -0.002397 0.000000
vt -1.612820 -0.000000 0.000000
vt -1.562024 -0.000000 0.000000
vt -1.612820 0.002397 0.000000
vt 0.569326 -0.001798 0.000000
vt 0.520616 0.000000 0.000000
vt 0.469820 0.002397 0.000000
vt 0.419024 0.004794 0.000000
vt 0.568087 0.000000 0.000000
vt 0.566636 0.001798 0.000000
vt 0.520616 0.002397 0.000000
vt 0.565019 0.003596 0.000000
vt 0.520616 0.004794 0.000000
vt 0.469820 0.004794 0.000000
vt -1.511228 0.004794 0.000000
vt -1.460432 0.004794 0.000000
vt -1.409636 0.004794 0.000000
vt -1.409636 0.002397 0.000000
vt -1.358840 0.002397 0.000000
vt -1.358840 -0.000000 0.000000
vt -1.460432 0.002397 0.000000
vt -1.358840 0.004794 0.000000
vt -1.206451 0.002397 0.000000
vt -1.206451 -0.000000 0.000000
vt -1.206451 -0.002397 0.000000
vt -1.206451 -0.004794 0.000000
vt -1.104859 0.004794 0.000000
vt -1.054063 0.004794 0.000000
vt -1.003267 0.004794 0.000000
vt -1.003267 0.002397 0.000000
vt -0.952471 0.002397 0.000000
vt -0.952471 -0.000000 0.000000
vt -0.901675 -0.000000 0.000000
vt -0.901675 -0.002397 0.000000
vt -0.850879 -0.002397 0.000000
vt -0.850879 -0.004794 0.000000
vt -0.800082 -0.004794 0.000000
vt -0.749286 -0.004794 0.000000
vt -0.698490 -0.004794 0.000000
vt -0.749286 -0.002397 0.000000
vt -0.698490 -0.002397 0.000000
vt -0.749286 -0.000000 0.000000
vt -0.698490 -0.000000 0.000000
vt -0.749286 0.002397 0.000000
vt -0.698490 0.002397 0.000000
vt -0.749286 0.004794 0.000000
vt -0.698490 0.004794 0.000000
vt -0.647694 0.004794 0.000000
vt -0.596898 0.004794 0.000000
vt -0.596898 0.002397 0.000000
vt -0.546102 0.002397 0.000000
vt -0.546102 -0.000000 0.000000
vt -0.495306 -0.000000 0.000000
vt -0.495306 -0.002397 0.000000
vt -0.444510 -0.002397 0.000000
vt -0.444510 -0.004794 0.000000
vt -0.393714 -0.004794 0.000000
vt -0.342918 -0.004794 0.000000
vt -1.054063 0.002397 0.000000
vt -0.952471 0.004794 0.000000
vt -0.901675 0.004794 0.000000
vt -0.850879 0.004794 0.000000
vt -0.850879 0.002397 0.000000
vt -0.800082 0.002397 0.000000
vt -0.800082 -0.000000 0.000000
vt -0.901675 0.002397 0.000000
vt -0.800082 0.004794 0.000000
vt -0.647694 0.002397 0.000000
vt -0.647694 -0.000000 0.000000
vt -0.647694 -0.002397 0.000000
vt -0.647694 -0.004794 0.000000
vt -0.495306 0.002397 0.000000
vt -0.393714 0.004794 0.000000
vt -0.342918 0.004794 0.000000
vt -0.292121 0.004794 0.000000
vt -0.292121 0.002397 0.000000
vt -0.241325 0.002397 0.000000
vt -0.241325 -0.000000 0.000000
vt -0.342918 0.002397 0.000000
vt -0.241325 0.004794 0.000000
vt -0.088937 0.002397 0.000000
vt -0.088937 -0.000000 0.000000
vt -0.088937 -0.002397 0.000000
vt -0.088937 -0.004794 0.000000
vt 0.012655 0.004794 0.000000
vt 0.063451 0.004794 0.000000
vt 0.114247 0.004794 0.000000
vt 0.114247 0.002397 0.000000
vt 0.165043 0.002397 0.000000
vt 0.165043 -0.000000 0.000000
vt 0.063451 0.002397 0.000000
vt 0.165043 0.004794 0.000000
vt -1.409636 -0.000000 0.000000
vt -1.155655 -0.000000 0.000000
vt -1.104859 -0.002397 0.000000
vt -1.054063 -0.004794 0.000000
vt -1.003267 -0.000000 0.000000
vt -0.850879 -0.000000 0.000000
vt -0.596898 -0.000000 0.000000
vt -0.546102 -0.002397 0.000000
vt -0.495306 -0.004794 0.000000
vt -0.444510 -0.000000 0.000000
vt -0.292121 -0.000000 0.000000
vt -0.038141 -0.000000 0.000000
vt 0.012655 -0.002397 0.000000
vt 0.063451 -0.004794 0.000000
vt 0.114247 -0.000000 0.000000
vt -1.511228 -0.002397 0.000000
vt -1.511228 -0.004794 0.000000
vt -1.358840 -0.002397 0.000000
vt -1.155655 -0.002397 0.000000
vt -1.155655 -0.004794 0.000000
vt -0.952471 -0.002397 0.000000
vt -0.800082 -0.002397 0.000000
vt -0.596898 -0.002397 0.000000
vt -0.596898 -0.004794 0.000000
vt -0.393714 -0.002397 0.000000
vt -0.241325 -0.002397 0.000000
vt -0.038141 -0.002397 0.000000
vt -0.038141 -0.004794 0.000000
vt 0.165043 -0.002397 0.000000
vt 0.317432 -0.002397 0.000000
vt 0.317432 -0.004794 0.000000
vt -1.460432 -0.004794 0.000000
vt -1.104859 -0.004794 0.000000
vt -0.901675 -0.004794 0.000000
vt -0.546102 -0.004794 0.000000
vt 0.012655 -0.004794 0.000000
vt 0.368228 -0.004794 0.000000
vt -0.461333 -0.007854 0.000000
vt -0.260000 -0.007854 0.000000
vt -0.461274 -0.007412 0.000000
vt -0.461216 -0.006970 0.000000
vt -0.461157 -0.006528 0.000000
vt -0.360667 -0.005236 0.000000
vt -0.411000 -0.005236 0.000000
vt -0.411000 -0.002618 0.000000
vt -0.460761 -0.004731 0.000000
vt -0.460058 -0.002933 0.000000
vt -0.459071 -0.001135 0.000000
vt -0.411000 -0.000000 0.000000
vt -0.457832 0.000663 0.000000
vt -0.411000 0.002618 0.000000
vt -0.456381 0.002461 0.000000
vt -0.454763 0.004258 0.000000
vt -0.411000 0.005236 0.000000
vt -0.451245 0.007854 0.000000
vt -0.360667 0.005236 0.000000
vt -0.260000 0.007854 0.000000
vt -0.310333 0.005236 0.000000
vt -0.260000 0.005236 0.000000
vt -0.260000 0.002618 0.000000
vt -0.310333 0.002618 0.000000
vt -0.260000 0.000000 0.000000
vt -0.310333 -0.000000 0.000000
vt -0.260000 -0.002618 0.000000
vt -0.310333 -0.002618 0.000000
vt -0.260000 -0.005236 0.000000
vt -0.310333 -0.005236 0.000000
vt -0.360667 -0.002618 0.000000
vt -0.360667 -0.000000 0.000000
vt -0.360667 0.002618 0.000000
vt -0.019659 0.007412 0.000000
vt -0.018660 0.005000 0.000000
vt -0.020000 0.010000 0.000000
vt -0.017071 0.002929 0.000000
vt -0.015000 0.001340 0.000000
vt -0.020000 0.060000 0.000000
vt -0.012588 0.000341 0.000000
vt -0.010000 0.000000 0.000000
vt -0.000000 0.000000 0.000000
vt 0.000000 0.060000 0.000000
vt -0.100000 1.133000 0.000000
vt -0.291245 1.133000 0.000000
vt -0.100000 1.123000 0.000000
vt -0.098982 1.108769 0.000000
vt -0.095949 1.094827 0.000000
vt -0.090963 1.081458 0.000000
vt -0.084125 1.068936 0.000000
vt -0.291245 -1.133000 0.000000
vt -0.075575 1.057514 0.000000
vt -0.065486 1.047425 0.000000
vt -0.054064 1.038875 0.000000
vt -0.041542 1.032037 0.000000
vt -0.028173 1.027051 0.000000
vt -0.014231 1.024018 0.000000
vt -0.000000 1.023000 0.000000
vt 0.291245 -1.133000 0.000000
vt 0.014231 1.024018 0.000000
vt 0.028173 1.027051 0.000000
vt 0.041542 1.032037 0.000000
vt 0.054064 1.038875 0.000000
vt 0.065486 1.047425 0.000000
vt 0.075575 1.057514 0.000000
vt 0.084125 1.068936 0.000000
vt 0.291245 1.133000 0.000000
vt 0.090963 1.081458 0.000000
vt 0.095949 1.094827 0.000000
vt 0.098982 1.108769 0.000000
vt 0.100000 1.123000 0.000000
vt 0.100000 1.133000 0.000000
vt 0.140000 0.220000 0.000000
vt 0.090000 0.220000 0.000000
vt 0.140000 0.018667 0.000000
vt -0.000000 0.000000 0.000000
vt 0.090000 0.420000 0.000000
vt -0.000000 0.640000 0.000000
vt 0.140000 0.621333 0.000000
vt 0.140000 0.420000 0.000000
vt -0.007412 0.000341 0.000000
vt -0.000000 0.060000 0.000000
vt -0.010000 0.000000 0.000000
vt -0.020000 0.060000 0.000000
vt -0.020000 -0.000000 0.000000
vt -0.005000 0.001340 0.000000
vt 0.000000 0.010000 0.000000
vt -0.002929 0.002929 0.000000
vt -0.001340 0.005000 0.000000
vt -0.000341 0.007412 0.000000
vt 0.060000 0.000000 0.000000
vt -0.000000 0.000000 0.000000
vt 0.060000 -0.014280 0.000000
vt 0.000000 -0.014280 0.000000
vt 0.060000 -0.028560 0.000000
vt 0.000000 -0.028560 0.000000
vt 0.060000 -0.042840 0.000000
vt 0.000000 -0.042840 0.000000
vt 0.060000 -0.057120 0.000000
vt 0.000000 -0.057120 0.000000
vt 0.060000 -0.071400 0.000000
vt 0.000000 -0.071400 0.000000
vt 0.060000 -0.085680 0.000000
vt 0.000000 -0.085680 0.000000
vt 0.060000 -0.099960 0.000000
vt 0.000000 -0.099960 0.000000
vt 0.060000 -0.114240 0.000000
vt 0.000000 -0.114240 0.000000
vt 0.060000 -0.128520 0.000000
vt 0.000000 -0.128520 0.000000
vt 0.060000 -0.142800 0.000000
vt 0.000000 -0.142800 0.000000
vt 0.060000 -0.157080 0.000000
vt 0.000000 -0.157080 0.000000
vt 0.060000 -0.171360 0.000000
vt 0.000000 -0.171360 0.000000
vt 0.060000 -0.185640 0.000000
vt 0.000000 -0.185640 0.000000
vt 0.060000 -0.199920 0.000000
vt 0.000000 -0.199920 0.000000
vt 0.060000 -0.214199 0.000000
vt 0.000000 -0.214199 0.000000
vt 0.060000 -0.228479 0.000000
vt 0.000000 -0.228479 0.000000
vt 0.060000 -0.242759 0.000000
vt 0.000000 -0.242759 0.000000
vt 0.060000 -0.257039 0.000000
vt 0.000000 -0.257039 0.000000
vt 0.060000 -0.271319 0.000000
vt 0.000000 -0.271319 0.000000
vt 0.060000 -0.285599 0.000000
vt 0.000000 -0.285599 0.000000
vt 0.060000 -0.299879 0.000000
vt 0.000000 -0.299879 0.000000
vt 0.060000 -0.314159 0.000000
vt -0.000000 -0.314159 0.000000
vt 0.098982 -0.025769 0.000000
vt -0.098982 -0.025769 0.000000
vt 0.100000 -0.040000 0.000000
vt -0.100000 -0.040000 0.000000
vt 0.100000 -0.060000 0.000000
vt -0.100000 -0.060000 0.000000
vt -0.095949 -0.011827 0.000000
vt 0.095949 -0.011827 0.000000
vt -0.090963 0.001542 0.000000
vt 0.090963 0.001542 0.000000
vt -0.084125 0.014064 0.000000
vt 0.084125 0.014064 0.000000
vt -0.075575 0.025486 0.000000
vt 0.075575 0.025486 0.000000
vt -0.065486 0.035575 0.000000
vt 0.065486 0.035575 0.000000
vt -0.054064 0.044125 0.000000
vt 0.054064 0.044125 0.000000
vt -0.041542 0.050963 0.000000
vt 0.041542 0.050963 0.000000
vt -0.028173 0.055949 0.000000
vt 0.028173 0.055949 0.000000
vt -0.014231 0.058982 0.000000
vt 0.014231 0.058982 0.000000
vt 0.000000 0.060000 0.000000
vt 0.320000 1.143000 0.000000
vt -0.320000 1.143000 0.000000
vt 0.320000 -1.143000 0.000000
vt -0.320000 -1.143000 0.000000
vt -0.142572 -0.000088 0.000000
vt -0.142572 -2.285912 0.000000
vt -0.142129 -0.000039 0.000000
vt -0.142129 -2.285961 0.000000
vt -0.141685 -0.000010 0.000000
vt -0.141685 -2.285990 0.000000
vt -0.141239 0.000000 0.000000
vt -0.141239 -2.286000 0.000000
vt -0.000000 -2.286000 0.000000
vt -0.000000 0.000000 0.000000
vt -0.140000 -0.621333 0.000000
vt 0.000000 -0.640000 0.000000
vt -0.140000 -0.018667 0.000000
vt -0.000000 0.000000 0.000000
vt 0.142572 2.285912 0.000000
vt 0.142129 2.285961 0.000000
vt 0.142572 0.000088 0.000000
vt 0.142129 0.000039 0.000000
vt 0.141685 2.285990 0.000000
vt 0.141685 0.000010 0.000000
vt 0.141239 2.286000 0.000000
vt 0.141239 0.000000 0.000000
vt -0.000000 0.000000 0.000000
vt 0.000000 2.286000 0.000000
vn -0.000000 -0.000000 0.100000
vn -0.023742 -0.000000 0.097141
vn 0.000000 -0.000000 0.100000
vn -0.023742 -0.000000 0.097141
vn -0.023742 -0.000000 0.097141
vn -0.046126 -0.000000 0.088726
vn -0.046126 -0.000000 0.088726
vn -0.065872 -0.000000 0.075238
vn -0.065872 -0.000000 0.075238
vn -0.081852 -0.000000 0.057448
vn -0.081852 -0.000000 0.057448
vn -0.093151 -0.000000 0.036372
vn -0.093151 -0.000000 0.036372
vn -0.099123 -0.000000 0.013216
vn -0.093151 -0.000000 0.036372
vn -0.093151 -0.000000 0.036372
vn -0.081852 -0.000000 0.057448
vn -0.081852 -0.000000 0.057448
vn -0.065872 -0.000000 0.075238
vn -0.065872 -0.000000 0.075238
vn -0.046126 -0.000000 0.088726
vn -0.046126 -0.000000 0.088726
vn -0.023742 -0.000000 0.097141
vn -0.023742 -0.000000 0.097141
vn -0.023742 -0.000000 0.097141
vn -0.023742 -0.000000 0.097141
vn -0.046126 -0.000000 0.088726
vn -0.046126 -0.000000 0.088726
vn -0.065872 -0.000000 0.075238
vn -0.065872 -0.000000 0.075238
vn -0.081852 -0.000000 0.057448
vn -0.081852 -0.000000 0.057448
vn -0.093151 -0.000000 0.036372
vn -0.093151 -0.000000 0.036372
vn -0.093151 -0.000000 0.036372
vn -0.093151 -0.000000 0.036372
vn -0.081852 -0.000000 0.057448
vn -0.081852 -0.000000 0.057448
vn -0.065872 -0.000000 0.075238
vn -0.065872 -0.000000 0.075238
vn -0.046126 -0.000000 0.088726
vn -0.046126 -0.000000 0.088726
vn -0.023742 -0.000000 0.097141
vn -0.023742 -0.000000 0.097141
vn -0.023742 -0.000000 0.097141
vn -0.023742 -0.000000 0.097141
vn -0.046126 -0.000000 0.088726
vn -0.046126 -0.000000 0.088726
vn -0.065872 -0.000000 0.075238
vn -0.065872 -0.000000 0.075238
vn -0.081852 -0.000000 0.057448
vn -0.081852 -0.000000 0.057448
vn -0.093151 -0.000000 0.036372
vn -0.088134 -0.000000 0.047249
vn -0.095162 -0.000000 0.030728
vn -0.093151 -0.000000 0.036372
vn -0.093151 -0.000000 0.036372
vn -0.081852 -0.000000 0.057448
vn -0.081852 -0.000000 0.057448
vn -0.065872 -0.000000 0.075238
vn -0.065872 -0.000000 0.075238
vn -0.046126 -0.000000 0.088726
vn -0.035186 -0.000000 0.093605
vn -0.023742 -0.000000 0.097141
vn -0.023742 -0.000000 0.097141
vn -0.023742 -0.000000 0.097141
vn -0.046126 -0.000000 0.088726
vn -0.046126 -0.000000 0.088726
vn -0.065872 -0.000000 0.075238
vn -0.065872 -0.000000 0.075238
vn -0.081852 -0.000000 0.057448
vn -0.081852 -0.000000 0.057448
vn -0.093151 -0.000000 0.036372
vn -0.093151 -0.000000 0.036372
vn -0.095162 -0.000000 0.030728
vn -0.093151 -0.000000 0.036372
vn -0.093151 -0.000000 0.036372
vn -0.081852 -0.000000 0.057448
vn -0.081852 -0.000000 0.057448
vn -0.065872 -0.000000 0.075238
vn -0.065872 -0.000000 0.075238
vn -0.046126 -0.000000 0.088726
vn -0.046126 -0.000000 0.088726
vn -0.023742 -0.000000 0.097141
vn -0.023742 -0.000000 0.097141
vn -0.023742 -0.000000 0.097141
vn -0.023742 -0.000000 0.097141
vn -0.046126 -0.000000 0.088726
vn -0.046126 -0.000000 0.088726
vn -0.065872 -0.000000 0.075238
vn -0.065872 -0.000000 0.075238
vn -0.081852 -0.000000 0.057448
vn -0.081852 -0.000000 0.057448
vn -0.093151 -0.000000 0.036372
vn -0.093151 -0.000000 0.036372
vn -0.099123 -0.000000 0.013216
vn -0.046126 -0.000000 0.088726
vn -0.051357 -0.000000 0.085805
vn -0.065872 -0.000000 0.075238
vn -0.065872 -0.000000 0.075238
vn -0.078264 -0.000000 0.062247
vn -0.081852 -0.000000 0.057448
vn -0.088134 -0.000000 0.047249
vn -0.093151 -0.000000 0.036372
vn -0.093151 -0.000000 0.036372
vn -0.093151 -0.000000 0.036372
vn -0.081852 -0.000000 0.057448
vn -0.081852 -0.000000 0.057448
vn -0.065872 -0.000000 0.075238
vn -0.065872 -0.000000 0.075238
vn -0.046126 -0.000000 0.088726
vn -0.078264 -0.000000 0.062247
vn -0.065872 -0.000000 0.075238
vn -0.046126 -0.000000 0.088726
vn -0.023742 -0.000000 0.097141
vn -0.065872 -0.000000 0.075238
vn -0.051357 -0.000000 0.085805
vn -0.046126 -0.000000 0.088726
vn -0.035186 -0.000000 0.093605
vn -0.023742 -0.000000 0.097141
vn -0.023742 -0.000000 0.097141
vn -0.023742 -0.000000 0.097141
vn -0.023742 -0.000000 0.097141
vn -0.023742 -0.000000 0.097141
vn -0.046126 -0.000000 0.088726
vn -0.046126 -0.000000 0.088726
vn -0.065872 -0.000000 0.075238
vn -0.046126 -0.000000 0.088726
vn -0.023742 -0.000000 0.097141
vn -0.046126 -0.000000 0.088726
vn -0.065872 -0.000000 0.075238
vn -0.081852 -0.000000 0.057448
vn -0.093151 -0.000000 0.036372
vn -0.023742 -0.000000 0.097141
vn -0.023742 -0.000000 0.097141
vn -0.023742 -0.000000 0.097141
vn -0.046126 -0.000000 0.088726
vn -0.046126 -0.000000 0.088726
vn -0.065872 -0.000000 0.075238
vn -0.065872 -0.000000 0.075238
vn -0.081852 -0.000000 0.057448
vn -0.081852 -0.000000 0.057448
vn -0.093151 -0.000000 0.036372
vn -0.093151 -0.000000 0.036372
vn -0.093151 -0.000000 0.036372
vn -0.093151 -0.000000 0.036372
vn -0.081852 -0.000000 0.057448
vn -0.081852 -0.000000 0.057448
vn -0.065872 -0.000000 0.075238
vn -0.065872 -0.000000 0.075238
vn -0.046126 -0.000000 0.088726
vn -0.046126 -0.000000 0.088726
vn -0.023742 -0.000000 0.097141
vn -0.023742 -0.000000 0.097141
vn -0.023742 -0.000000 0.097141
vn -0.023742 -0.000000 0.097141
vn -0.046126 -0.000000 0.088726
vn -0.046126 -0.000000 0.088726
vn -0.065872 -0.000000 0.075238
vn -0.065872 -0.000000 0.075238
vn -0.081852 -0.000000 0.057448
vn -0.081852 -0.000000 0.057448
vn -0.093151 -0.000000 0.036372
vn -0.093151 -0.000000 0.036372
vn -0.093151 -0.000000 0.036372
vn -0.046126 -0.000000 0.088726
vn -0.023742 -0.000000 0.097141
vn -0.023742 -0.000000 0.097141
vn -0.023742 -0.000000 0.097141
vn -0.046126 -0.000000 0.088726
vn -0.046126 -0.000000 0.088726
vn -0.065872 -0.000000 0.075238
vn -0.046126 -0.000000 0.088726
vn -0.023742 -0.000000 0.097141
vn -0.046126 -0.000000 0.088726
vn -0.065872 -0.000000 0.075238
vn -0.081852 -0.000000 0.057448
vn -0.093151 -0.000000 0.036372
vn -0.046126 -0.000000 0.088726
vn -0.023742 -0.000000 0.097141
vn -0.023742 -0.000000 0.097141
vn -0.023742 -0.000000 0.097141
vn -0.046126 -0.000000 0.088726
vn -0.046126 -0.000000 0.088726
vn -0.065872 -0.000000 0.075238
vn -0.046126 -0.000000 0.088726
vn -0.023742 -0.000000 0.097141
vn -0.046126 -0.000000 0.088726
vn -0.065872 -0.000000 0.075238
vn -0.081852 -0.000000 0.057448
vn -0.093151 -0.000000 0.036372
vn -0.023742 -0.000000 0.097141
vn -0.023742 -0.000000 0.097141
vn -0.023742 -0.000000 0.097141
vn -0.046126 -0.000000 0.088726
vn -0.046126 -0.000000 0.088726
vn -0.065872 -0.000000 0.075238
vn -0.046126 -0.000000 0.088726
vn -0.023742 -0.000000 0.097141
vn -0.065872 -0.000000 0.075238
vn -0.065872 -0.000000 0.075238
vn -0.081852 -0.000000 0.057448
vn -0.093151 -0.000000 0.036372
vn -0.065872 -0.000000 0.075238
vn -0.065872 -0.000000 0.075238
vn -0.065872 -0.000000 0.075238
vn -0.081852 -0.000000 0.057448
vn -0.093151 -0.000000 0.036372
vn -0.065872 -0.000000 0.075238
vn -0.065872 -0.000000 0.075238
vn -0.065872 -0.000000 0.075238
vn -0.081852 -0.000000 0.057448
vn -0.093151 -0.000000 0.036372
vn -0.065872 -0.000000 0.075238
vn -0.081852 -0.000000 0.057448
vn -0.093151 -0.000000 0.036372
vn -0.081852 -0.000000 0.057448
vn -0.081852 -0.000000 0.057448
vn -0.093151 -0.000000 0.036372
vn -0.081852 -0.000000 0.057448
vn -0.081852 -0.000000 0.057448
vn -0.081852 -0.000000 0.057448
vn -0.093151 -0.000000 0.036372
vn -0.081852 -0.000000 0.057448
vn -0.081852 -0.000000 0.057448
vn -0.081852 -0.000000 0.057448
vn -0.093151 -0.000000 0.036372
vn -0.081852 -0.000000 0.057448
vn -0.081852 -0.000000 0.057448
vn -0.093151 -0.000000 0.036372
vn -0.093151 -0.000000 0.036372
vn -0.093151 -0.000000 0.036372
vn -0.093151 -0.000000 0.036372
vn -0.093151 -0.000000 0.036372
vn -0.093151 -0.000000 0.036372
vn -0.093151 -0.000000 0.036372
vn -0.000000 0.000000 0.100000
vn -0.000000 0.025882 0.096593
vn -0.000000 0.025882 0.096593
vn -0.000000 0.035186 0.093605
vn -0.000000 0.050000 0.086603
vn -0.000000 0.051357 0.085805
vn -0.000000 0.065872 0.075238
vn -0.000000 0.070711 0.070711
vn -0.000000 0.078264 0.062247
vn -0.000000 0.086603 0.050000
vn -0.000000 0.088134 0.047249
vn -0.000000 0.095162 0.030728
vn -0.000000 0.096593 0.025882
vn -0.000000 0.099123 0.013216
vn -0.000000 0.099610 0.008825
vn -0.000000 0.096593 0.025882
vn -0.000000 0.096593 0.025882
vn -0.000000 0.086603 0.050000
vn -0.000000 0.086603 0.050000
vn -0.000000 0.070711 0.070711
vn -0.000000 0.070711 0.070711
vn -0.000000 0.050000 0.086603
vn -0.000000 0.050000 0.086603
vn -0.000000 0.025882 0.096593
vn -0.000000 0.025882 0.096593
vn -0.000000 0.096593 0.025882
vn -0.000000 0.100000 0.000000
vn -0.000000 0.099902 0.004417
vn 0.000000 0.100000 -0.000000
vn -0.000000 0.050000 0.086603
vn -0.000000 0.070711 0.070711
vn -0.000000 0.086603 0.050000
vn -0.000000 -0.025882 0.096593
vn -0.000000 -0.000000 0.100000
vn -0.000000 -0.025882 0.096593
vn -0.000000 -0.025882 0.096593
vn -0.000000 -0.050000 0.086603
vn -0.000000 -0.050000 0.086603
vn -0.000000 -0.070711 0.070711
vn -0.000000 -0.070711 0.070711
vn -0.000000 -0.086603 0.050000
vn -0.000000 -0.078264 0.062247
vn -0.000000 -0.088134 0.047249
vn -0.000000 -0.095162 0.030728
vn 0.000000 -0.096593 0.025882
vn 0.000000 -0.099123 0.013216
vn 0.000000 -0.099610 0.008825
vn 0.000000 -0.096593 0.025882
vn 0.000000 -0.096593 0.025882
vn -0.000000 -0.086603 0.050000
vn -0.000000 -0.086603 0.050000
vn -0.000000 -0.070711 0.070711
vn -0.000000 -0.070711 0.070711
vn -0.000000 -0.050000 0.086603
vn -0.000000 -0.050000 0.086603
vn -0.000000 -0.025882 0.096593
vn -0.000000 -0.025882 0.096593
vn -0.000000 -0.025882 0.096593
vn -0.000000 -0.025882 0.096593
vn -0.000000 -0.050000 0.086603
vn -0.000000 -0.050000 0.086603
vn -0.000000 -0.070711 0.070711
vn -0.000000 -0.070711 0.070711
vn -0.000000 -0.086603 0.050000
vn -0.000000 -0.086603 0.050000
vn 0.000000 -0.096593 0.025882
vn 0.000000 -0.096593 0.025882
vn 0.000000 -0.099123 0.013216
vn 0.000000 -0.096593 0.025882
vn -0.000000 -0.095162 0.030728
vn -0.000000 -0.086603 0.050000
vn -0.000000 -0.088134 0.047249
vn -0.000000 -0.078264 0.062247
vn -0.000000 -0.070711 0.070711
vn -0.000000 -0.065872 0.075238
vn -0.000000 -0.050000 0.086603
vn -0.000000 -0.051357 0.085805
vn -0.000000 -0.035186 0.093605
vn -0.000000 -0.025882 0.096593
vn 0.000000 -0.099610 0.008825
vn 0.000000 -0.096593 0.025882
vn 0.000000 -0.096593 0.025882
vn -0.000000 -0.086603 0.050000
vn 0.000000 -0.099902 0.004417
vn 0.000000 -0.099902 0.004417
vn 0.000000 -0.100000 -0.000000
vn 0.000000 -0.100000 0.000000
vn -0.000000 -0.065872 0.075238
vn -0.000000 -0.050000 0.086603
vn -0.000000 -0.025882 0.096593
vn -0.000000 -0.051357 0.085805
vn -0.000000 -0.035186 0.093605
vn -0.000000 -0.025882 0.096593
vn -0.000000 -0.050000 0.086603
vn -0.000000 -0.070711 0.070711
vn -0.000000 -0.050000 0.086603
vn -0.000000 -0.070711 0.070711
vn -0.000000 -0.086603 0.050000
vn 0.000000 -0.096593 0.025882
vn -0.000000 -0.070711 0.070711
vn -0.000000 -0.086603 0.050000
vn -0.000000 -0.086603 0.050000
vn 0.000000 -0.096593 0.025882
vn 0.023742 -0.000000 0.097141
vn 0.000000 -0.000000 0.100000
vn 0.023742 -0.000000 0.097141
vn 0.023742 -0.000000 0.097141
vn 0.046126 -0.000000 0.088726
vn 0.046126 -0.000000 0.088726
vn 0.065872 -0.000000 0.075238
vn 0.065872 -0.000000 0.075238
vn 0.081852 -0.000000 0.057448
vn 0.081852 -0.000000 0.057448
vn 0.093151 -0.000000 0.036372
vn 0.093151 -0.000000 0.036372
vn 0.099123 -0.000000 0.013216
vn 0.093151 -0.000000 0.036372
vn 0.093151 -0.000000 0.036372
vn 0.081852 -0.000000 0.057448
vn 0.081852 -0.000000 0.057448
vn 0.065872 -0.000000 0.075238
vn 0.065872 -0.000000 0.075238
vn 0.046126 -0.000000 0.088726
vn 0.046126 -0.000000 0.088726
vn 0.023742 -0.000000 0.097141
vn 0.023742 -0.000000 0.097141
vn 0.023742 -0.000000 0.097141
vn 0.023742 -0.000000 0.097141
vn 0.046126 -0.000000 0.088726
vn 0.046126 -0.000000 0.088726
vn 0.065872 -0.000000 0.075238
vn 0.065872 -0.000000 0.075238
vn 0.081852 -0.000000 0.057448
vn 0.081852 -0.000000 0.057448
vn 0.093151 -0.000000 0.036372
vn 0.093151 -0.000000 0.036372
vn 0.093151 -0.000000 0.036372
vn 0.093151 -0.000000 0.036372
vn 0.081852 -0.000000 0.057448
vn 0.081852 -0.000000 0.057448
vn 0.065872 -0.000000 0.075238
vn 0.065872 -0.000000 0.075238
vn 0.046126 -0.000000 0.088726
vn 0.046126 -0.000000 0.088726
vn 0.023742 -0.000000 0.097141
vn 0.023742 -0.000000 0.097141
vn 0.023742 -0.000000 0.097141
vn 0.023742 -0.000000 0.097141
vn 0.046126 -0.000000 0.088726
vn 0.046126 -0.000000 0.088726
vn 0.065872 -0.000000 0.075238
vn 0.065872 -0.000000 0.075238
vn 0.081852 -0.000000 0.057448
vn 0.081852 -0.000000 0.057448
vn 0.093151 -0.000000 0.036372
vn 0.088134 -0.000000 0.047249
vn 0.095162 -0.000000 0.030728
vn 0.093151 -0.000000 0.036372
vn 0.093151 -0.000000 0.036372
vn 0.081852 -0.000000 0.057448
vn 0.081852 -0.000000 0.057448
vn 0.065872 -0.000000 0.075238
vn 0.065872 -0.000000 0.075238
vn 0.046126 -0.000000 0.088726
vn 0.035186 -0.000000 0.093605
vn 0.023742 -0.000000 0.097141
vn 0.023742 -0.000000 0.097141
vn 0.023742 -0.000000 0.097141
vn 0.046126 -0.000000 0.088726
vn 0.046126 -0.000000 0.088726
vn 0.065872 -0.000000 0.075238
vn 0.065872 -0.000000 0.075238
vn 0.081852 -0.000000 0.057448
vn 0.081852 -0.000000 0.057448
vn 0.093151 -0.000000 0.036372
vn 0.093151 -0.000000 0.036372
vn 0.095162 -0.000000 0.030728
vn 0.093151 -0.000000 0.036372
vn 0.093151 -0.000000 0.036372
vn 0.081852 -0.000000 0.057448
vn 0.081852 -0.000000 0.057448
vn 0.065872 -0.000000 0.075238
vn 0.065872 -0.000000 0.075238
vn 0.046126 -0.000000 0.088726
vn 0.046126 -0.000000 0.088726
vn 0.023742 -0.000000 0.097141
vn 0.023742 -0.000000 0.097141
vn 0.023742 -0.000000 0.097141
vn 0.023742 -0.000000 0.097141
vn 0.046126 -0.000000 0.088726
vn 0.046126 -0.000000 0.088726
vn 0.065872 -0.000000 0.075238
vn 0.065872 -0.000000 0.075238
vn 0.081852 -0.000000 0.057448
vn 0.081852 -0.000000 0.057448
vn 0.093151 -0.000000 0.036372
vn 0.093151 -0.000000 0.036372
vn 0.099123 0.000000 0.013216
vn 0.046126 -0.000000 0.088726
vn 0.051357 -0.000000 0.085805
vn 0.065872 -0.000000 0.075238
vn 0.065872 -0.000000 0.075238
vn 0.078264 -0.000000 0.062247
vn 0.081852 -0.000000 0.057448
vn 0.088134 -0.000000 0.047249
vn 0.093151 -0.000000 0.036372
vn 0.093151 -0.000000 0.036372
vn 0.093151 -0.000000 0.036372
vn 0.081852 -0.000000 0.057448
vn 0.081852 -0.000000 0.057448
vn 0.065872 -0.000000 0.075238
vn 0.065872 -0.000000 0.075238
vn 0.046126 -0.000000 0.088726
vn 0.078264 -0.000000 0.062247
vn 0.065872 -0.000000 0.075238
vn 0.046126 -0.000000 0.088726
vn 0.023742 -0.000000 0.097141
vn 0.065872 -0.000000 0.075238
vn 0.051357 -0.000000 0.085805
vn 0.046126 -0.000000 0.088726
vn 0.035186 -0.000000 0.093605
vn 0.023742 -0.000000 0.097141
vn 0.023742 -0.000000 0.097141
vn 0.023742 -0.000000 0.097141
vn 0.023742 -0.000000 0.097141
vn 0.023742 -0.000000 0.097141
vn 0.046126 -0.000000 0.088726
vn 0.046126 -0.000000 0.088726
vn 0.065872 -0.000000 0.075238
vn 0.046126 -0.000000 0.088726
vn 0.023742 -0.000000 0.097141
vn 0.046126 -0.000000 0.088726
vn 0.065872 -0.000000 0.075238
vn 0.081852 -0.000000 0.057448
vn 0.093151 -0.000000 0.036372
vn 0.023742 -0.000000 0.097141
vn 0.023742 -0.000000 0.097141
vn 0.023742 -0.000000 0.097141
vn 0.046126 -0.000000 0.088726
vn 0.046126 -0.000000 0.088726
vn 0.065872 -0.000000 0.075238
vn 0.065872 -0.000000 0.075238
vn 0.081852 -0.000000 0.057448
vn 0.081852 -0.000000 0.057448
vn 0.093151 -0.000000 0.036372
vn 0.093151 -0.000000 0.036372
vn 0.093151 -0.000000 0.036372
vn 0.093151 -0.000000 0.036372
vn 0.081852 -0.000000 0.057448
vn 0.081852 -0.000000 0.057448
vn 0.065872 -0.000000 0.075238
vn 0.065872 -0.000000 0.075238
vn 0.046126 -0.000000 0.088726
vn 0.046126 -0.000000 0.088726
vn 0.023742 -0.000000 0.097141
vn 0.023742 -0.000000 0.097141
vn 0.023742 -0.000000 0.097141
vn 0.023742 -0.000000 0.097141
vn 0.046126 -0.000000 0.088726
vn 0.046126 -0.000000 0.088726
vn 0.065872 -0.000000 0.075238
vn 0.065872 -0.000000 0.075238
vn 0.081852 -0.000000 0.057448
vn 0.081852 -0.000000 0.057448
vn 0.093151 -0.000000 0.036372
vn 0.093151 -0.000000 0.036372
vn 0.093151 -0.000000 0.036372
vn 0.046126 -0.000000 0.088726
vn 0.023742 -0.000000 0.097141
vn 0.023742 -0.000000 0.097141
vn 0.023742 -0.000000 0.097141
vn 0.046126 -0.000000 0.088726
vn 0.046126 -0.000000 0.088726
vn 0.065872 -0.000000 0.075238
vn 0.046126 -0.000000 0.088726
vn 0.023742 -0.000000 0.097141
vn 0.046126 -0.000000 0.088726
vn 0.065872 -0.000000 0.075238
vn 0.081852 -0.000000 0.057448
vn 0.093151 -0.000000 0.036372
vn 0.046126 -0.000000 0.088726
vn 0.023742 -0.000000 0.097141
vn 0.023742 -0.000000 0.097141
vn 0.023742 -0.000000 0.097141
vn 0.046126 -0.000000 0.088726
vn 0.046126 -0.000000 0.088726
vn 0.065872 -0.000000 0.075238
vn 0.046126 -0.000000 0.088726
vn 0.023742 -0.000000 0.097141
vn 0.046126 -0.000000 0.088726
vn 0.065872 -0.000000 0.075238
vn 0.081852 -0.000000 0.057448
vn 0.093151 -0.000000 0.036372
vn 0.023742 -0.000000 0.097141
vn 0.023742 -0.000000 0.097141
vn 0.023742 -0.000000 0.097141
vn 0.046126 -0.000000 0.088726
vn 0.046126 -0.000000 0.088726
vn 0.065872 -0.000000 0.075238
vn 0.046126 -0.000000 0.088726
vn 0.023742 -0.000000 0.097141
vn 0.065872 -0.000000 0.075238
vn 0.065872 -0.000000 0.075238
vn 0.081852 -0.000000 0.057448
vn 0.093151 -0.000000 0.036372
vn 0.065872 -0.000000 0.075238
vn 0.065872 -0.000000 0.075238
vn 0.065872 -0.000000 0.075238
vn 0.081852 -0.000000 0.057448
vn 0.093151 -0.000000 0.036372
vn 0.065872 -0.000000 0.075238
vn 0.065872 -0.000000 0.075238
vn 0.065872 -0.000000 0.075238
vn 0.081852 -0.000000 0.057448
vn 0.093151 -0.000000 0.036372
vn 0.065872 -0.000000 0.075238
vn 0.081852 -0.000000 0.057448
vn 0.093151 -0.000000 0.036372
vn 0.081852 -0.000000 0.057448
vn 0.081852 -0.000000 0.057448
vn 0.093151 -0.000000 0.036372
vn 0.081852 -0.000000 0.057448
vn 0.081852 -0.000000 0.057448
vn 0.081852 -0.000000 0.057448
vn 0.093151 -0.000000 0.036372
vn 0.081852 -0.000000 0.057448
vn 0.081852 -0.000000 0.057448
vn 0.081852 -0.000000 0.057448
vn 0.093151 -0.000000 0.036372
vn 0.081852 -0.000000 0.057448
vn 0.081852 -0.000000 0.057448
vn 0.093151 -0.000000 0.036372
vn 0.093151 -0.000000 0.036372
vn 0.093151 -0.000000 0.036372
vn 0.093151 -0.000000 0.036372
vn 0.093151 -0.000000 0.036372
vn 0.093151 -0.000000 0.036372
vn 0.093151 -0.000000 0.036372
vn -0.000000 0.100000 0.000000
vn -0.000000 0.100000 0.000000
vn -0.000000 0.099902 0.004417
vn -0.000000 0.099610 0.008825
vn -0.000000 0.099123 0.013216
vn -0.000000 0.096593 0.025882
vn -0.000000 0.096593 0.025882
vn -0.000000 0.086603 0.050000
vn -0.000000 0.095162 0.030728
vn -0.000000 0.088134 0.047249
vn -0.000000 0.078264 0.062247
vn -0.000000 0.070711 0.070711
vn -0.000000 0.065872 0.075238
vn -0.000000 0.050000 0.086603
vn -0.000000 0.051357 0.085805
vn -0.000000 0.035186 0.093605
vn -0.000000 0.025882 0.096593
vn -0.000000 0.025882 0.096593
vn -0.000000 0.000000 0.100000
vn -0.000000 0.025882 0.096593
vn -0.000000 0.025882 0.096593
vn -0.000000 0.050000 0.086603
vn -0.000000 0.050000 0.086603
vn -0.000000 0.070711 0.070711
vn -0.000000 0.070711 0.070711
vn -0.000000 0.086603 0.050000
vn -0.000000 0.086603 0.050000
vn -0.000000 0.096593 0.025882
vn -0.000000 0.096593 0.025882
vn -0.000000 0.086603 0.050000
vn -0.000000 0.070711 0.070711
vn -0.000000 0.050000 0.086603
vn 0.100000 -0.000000 0.000000
vn 0.100000 -0.000000 0.000000
vn 0.100000 -0.000000 0.000000
vn 0.100000 -0.000000 0.000000
vn 0.100000 -0.000000 0.000000
vn 0.100000 -0.000000 0.000000
vn 0.100000 -0.000000 0.000000
vn 0.100000 -0.000000 0.000000
vn 0.100000 -0.000000 0.000000
vn 0.100000 -0.000000 0.000000
vn -0.000000 -0.000000 0.100000
vn -0.000000 -0.000000 0.100000
vn -0.000000 -0.000000 0.100000
vn -0.000000 -0.000000 0.100000
vn -0.000000 -0.000000 0.100000
vn -0.000000 -0.000000 0.100000
vn -0.000000 -0.000000 0.100000
vn -0.000000 -0.000000 0.100000
vn -0.000000 -0.000000 0.100000
vn -0.000000 -0.000000 0.100000
vn -0.000000 -0.000000 0.100000
vn -0.000000 -0.000000 0.100000
vn -0.000000 -0.000000 0.100000
vn -0.000000 -0.000000 0.100000
vn -0.000000 -0.000000 0.100000
vn -0.000000 -0.000000 0.100000
vn -0.000000 -0.000000 0.100000
vn -0.000000 -0.000000 0.100000
vn -0.000000 -0.000000 0.100000
vn -0.000000 -0.000000 0.100000
vn -0.000000 -0.000000 0.100000
vn -0.000000 -0.000000 0.100000
vn -0.000000 -0.000000 0.100000
vn 0.000000 0.100000 0.000000
vn 0.000000 0.100000 0.000000
vn 0.000000 0.100000 0.000000
vn 0.000000 0.100000 0.000000
vn -0.100000 0.000000 -0.000000
vn -0.100000 0.000000 -0.000000
vn -0.100000 0.000000 -0.000000
vn -0.100000 0.000000 -0.000000
vn -0.100000 0.000000 -0.000000
vn -0.100000 0.000000 -0.000000
vn -0.100000 0.000000 -0.000000
vn -0.100000 0.000000 -0.000000
vn -0.100000 0.000000 -0.000000
vn -0.100000 0.000000 -0.000000
vn 0.098982 0.014231 0.000000
vn 0.098982 0.014231 0.000000
vn 0.095949 0.028173 0.000000
vn 0.095949 0.028173 0.000000
vn 0.090963 0.041542 0.000000
vn 0.090963 0.041542 0.000000
vn 0.084125 0.054064 0.000000
vn 0.084125 0.054064 0.000000
vn 0.075575 0.065486 0.000000
vn 0.075575 0.065486 0.000000
vn 0.065486 0.075575 0.000000
vn 0.065486 0.075575 0.000000
vn 0.054064 0.084125 0.000000
vn 0.054064 0.084125 0.000000
vn 0.041542 0.090963 0.000000
vn 0.041542 0.090963 0.000000
vn 0.028173 0.095949 0.000000
vn 0.028173 0.095949 0.000000
vn 0.014231 0.098982 0.000000
vn 0.014231 0.098982 0.000000
vn 0.000000 0.100000 0.000000
vn 0.000000 0.100000 0.000000
vn -0.014231 0.098982 -0.000000
vn -0.014231 0.098982 -0.000000
vn -0.028173 0.095949 -0.000000
vn -0.028173 0.095949 -0.000000
vn -0.041542 0.090963 -0.000000
vn -0.041542 0.090963 -0.000000
vn -0.054064 0.084125 -0.000000
vn -0.054064 0.084125 -0.000000
vn -0.065486 0.075575 -0.000000
vn -0.065486 0.075575 -0.000000
vn -0.075575 0.065486 -0.000000
vn -0.075575 0.065486 -0.000000
vn -0.084125 0.054064 -0.000000
vn -0.084125 0.054064 -0.000000
vn -0.090963 0.041542 -0.000000
vn -0.090963 0.041542 -0.000000
vn -0.095949 0.028173 -0.000000
vn -0.095949 0.028173 -0.000000
vn -0.098982 0.014231 -0.000000
vn -0.098982 0.014231 -0.000000
vn -0.000000 -0.000000 0.100000
vn -0.000000 -0.000000 0.100000
vn -0.000000 -0.000000 0.100000
vn -0.000000 -0.000000 0.100000
vn -0.000000 -0.000000 0.100000
vn -0.000000 -0.000000 0.100000
vn -0.000000 -0.000000 0.100000
vn -0.000000 -0.000000 0.100000
vn -0.000000 -0.000000 0.100000
vn -0.000000 -0.000000 0.100000
vn -0.000000 -0.000000 0.100000
vn -0.000000 -0.000000 0.100000
vn -0.000000 -0.000000 0.100000
vn -0.000000 -0.000000 0.100000
vn -0.000000 -0.000000 0.100000
vn -0.000000 -0.000000 0.100000
vn -0.000000 -0.000000 0.100000
vn -0.000000 -0.000000 0.100000
vn -0.000000 -0.000000 0.100000
vn -0.000000 -0.000000 0.100000
vn -0.000000 -0.000000 0.100000
vn -0.000000 -0.000000 0.100000
vn -0.000000 -0.000000 0.100000
vn -0.000000 -0.000000 0.100000
vn -0.000000 -0.000000 0.100000
vn 0.000000 0.000000 -0.100000
vn 0.000000 0.000000 -0.100000
vn 0.000000 0.000000 -0.100000
vn 0.000000 0.000000 -0.100000
vn 0.099123 -0.000000 0.013216
vn 0.099123 -0.000000 0.013216
vn 0.099123 -0.000000 0.013216
vn 0.099123 -0.000000 0.013216
vn 0.099123 -0.000000 0.013216
vn 0.099123 -0.000000 0.013216
vn 0.099123 -0.000000 0.013216
vn 0.099123 -0.000000 0.013216
vn 0.000000 -0.100000 0.000000
vn 0.000000 -0.100000 0.000000
vn -0.099123 -0.000000 0.013216
vn -0.099123 -0.000000 0.013216
vn -0.099123 -0.000000 0.013216
vn -0.099123 -0.000000 0.013216
vn -0.099123 -0.000000 0.013216
vn -0.099123 -0.000000 0.013216
vn -0.099123 -0.000000 0.013216
vn -0.099123 -0.000000 0.013216
f 598/677/661 635/678/662 597/679/663
f 597/679/663 635/678/662 636/680/664
f 597/679/663 636/680/664 637/681/665
f 637/681/665 636/680/664 681/682/666
f 637/681/665 681/682/666 682/683/667
f 682/683/667 681/682/666 726/684/668
f 682/683/667 726/684/668 727/685/669
f 727/685/669 726/684/668 771/686/670
f 727/685/669 771/686/670 772/687/671
f 772/687/671 771/686/670 816/688/672
f 772/687/671 816/688/672 817/689/673
f 817/689/673 816/688/672 606/690/674
f 817/689/673 606/690/674 818/691/675
f 818/691/675 606/690/674 819/692/676
f 818/691/675 819/692/676 774/693/677
f 774/693/677 819/692/676 775/694/678
f 774/693/677 775/694/678 730/695/679
f 730/695/679 775/694/678 731/696/680
f 730/695/679 731/696/680 686/697/681
f 686/697/681 731/696/680 687/698/682
f 686/697/681 687/698/682 642/699/683
f 642/699/683 687/698/682 643/700/684
f 642/699/683 643/700/684 597/679/663
f 597/679/663 643/700/684 644/701/685
f 597/679/663 644/701/685 645/702/686
f 645/702/686 644/701/685 689/703/687
f 645/702/686 689/703/687 690/704/688
f 690/704/688 689/703/687 734/705/689
f 690/704/688 734/705/689 735/706/690
f 735/706/690 734/705/689 779/707/691
f 735/706/690 779/707/691 780/708/692
f 780/708/692 779/707/691 824/709/693
f 780/708/692 824/709/693 825/710/694
f 825/710/694 824/709/693 606/690/674
f 825/710/694 606/690/674 826/711/695
f 826/711/695 606/690/674 827/712/696
f 826/711/695 827/712/696 782/713/697
f 782/713/697 827/712/696 783/714/698
f 782/713/697 783/714/698 738/715/699
f 738/715/699 783/714/698 739/716/700
f 738/715/699 739/716/700 694/717/701
f 694/717/701 739/716/700 695/718/702
f 694/717/701 695/718/702 650/719/703
f 650/719/703 695/718/702 651/720/704
f 650/719/703 651/720/704 597/679/663
f 597/679/663 651/720/704 652/721/705
f 597/679/663 652/721/705 653/722/706
f 653/722/706 652/721/705 697/723/707
f 653/722/706 697/723/707 698/724/708
f 698/724/708 697/723/707 742/725/709
f 698/724/708 742/725/709 743/726/710
f 743/726/710 742/725/709 787/727/711
f 743/726/710 787/727/711 788/728/712
f 788/728/712 787/727/711 832/729/713
f 788/728/712 832/729/713 608/730/714
f 608/730/714 832/729/713 607/731/715
f 607/731/715 832/729/713 606/690/674
f 606/690/674 832/729/713 831/732/716
f 606/690/674 831/732/716 830/733/717
f 830/733/717 831/732/716 786/734/718
f 830/733/717 786/734/718 785/735/719
f 785/735/719 786/734/718 741/736/720
f 785/735/719 741/736/720 740/737/721
f 740/737/721 741/736/720 696/738/722
f 740/737/721 696/738/722 695/718/702
f 695/718/702 696/738/722 651/720/704
f 599/739/723 613/740/724 598/677/661
f 598/677/661 613/740/724 614/741/725
f 598/677/661 614/741/725 615/742/726
f 615/742/726 614/741/725 659/743/727
f 615/742/726 659/743/727 660/744/728
f 660/744/728 659/743/727 704/745/729
f 660/744/728 704/745/729 705/746/730
f 705/746/730 704/745/729 749/747/731
f 705/746/730 749/747/731 750/748/732
f 750/748/732 749/747/731 794/749/733
f 750/748/732 794/749/733 795/750/734
f 795/750/734 794/749/733 604/751/735
f 795/750/734 604/751/735 796/752/736
f 796/752/736 604/751/735 797/753/737
f 796/752/736 797/753/737 752/754/738
f 752/754/738 797/753/737 753/755/739
f 752/754/738 753/755/739 708/756/740
f 708/756/740 753/755/739 709/757/741
f 708/756/740 709/757/741 664/758/742
f 664/758/742 709/757/741 665/759/743
f 664/758/742 665/759/743 620/760/744
f 620/760/744 665/759/743 621/761/745
f 620/760/744 621/761/745 598/677/661
f 598/677/661 621/761/745 622/762/746
f 598/677/661 622/762/746 623/763/747
f 623/763/747 622/762/746 667/764/748
f 623/763/747 667/764/748 668/765/749
f 668/765/749 667/764/748 712/766/750
f 668/765/749 712/766/750 713/767/751
f 713/767/751 712/766/750 757/768/752
f 713/767/751 757/768/752 758/769/753
f 758/769/753 757/768/752 802/770/754
f 758/769/753 802/770/754 803/771/755
f 803/771/755 802/770/754 604/751/735
f 803/771/755 604/751/735 606/690/674
f 606/690/674 604/751/735 605/772/756
f 613/740/724 599/739/723 657/773/757
f 657/773/757 599/739/723 600/774/758
f 657/773/757 600/774/758 701/775/759
f 701/775/759 600/774/758 601/776/760
f 701/775/759 601/776/760 602/777/761
f 701/775/759 602/777/761 745/778/762
f 745/778/762 602/777/761 603/779/763
f 745/778/762 603/779/763 789/780/764
f 789/780/764 603/779/763 604/751/735
f 789/780/764 604/751/735 790/781/765
f 790/781/765 604/751/735 791/782/766
f 790/781/765 791/782/766 746/783/767
f 746/783/767 791/782/766 747/784/768
f 746/783/767 747/784/768 702/785/769
f 702/785/769 747/784/768 703/786/770
f 702/785/769 703/786/770 658/787/771
f 658/787/771 703/786/770 659/743/727
f 658/787/771 659/743/727 614/741/725
f 608/730/714 609/788/772 788/728/712
f 788/728/712 609/788/772 744/789/773
f 788/728/712 744/789/773 743/726/710
f 743/726/710 744/789/773 699/790/774
f 743/726/710 699/790/774 698/724/708
f 698/724/708 699/790/774 654/791/775
f 698/724/708 654/791/775 653/722/706
f 653/722/706 654/791/775 597/679/663
f 609/788/772 610/792/776 744/789/773
f 744/789/773 610/792/776 611/793/777
f 744/789/773 611/793/777 700/794/778
f 700/794/778 611/793/777 612/795/779
f 700/794/778 612/795/779 656/796/780
f 656/796/780 612/795/779 597/679/663
f 656/796/780 597/679/663 655/797/781
f 655/797/781 597/679/663 654/791/775
f 655/797/781 654/791/775 699/790/774
f 658/787/771 614/741/725 613/740/724
f 615/742/726 616/798/782 598/677/661
f 598/677/661 616/798/782 617/799/783
f 598/677/661 617/799/783 618/800/784
f 618/800/784 617/799/783 662/801/785
f 618/800/784 662/801/785 663/802/786
f 663/802/786 662/801/785 707/803/787
f 663/802/786 707/803/787 708/756/740
f 708/756/740 707/803/787 752/754/738
f 615/742/726 660/744/728 616/798/782
f 616/798/782 660/744/728 661/804/788
f 616/798/782 661/804/788 617/799/783
f 617/799/783 661/804/788 662/801/785
f 620/760/744 598/677/661 619/805/789
f 619/805/789 598/677/661 618/800/784
f 619/805/789 618/800/784 663/802/786
f 664/758/742 620/760/744 619/805/789
f 664/758/742 619/805/789 663/802/786
f 622/762/746 621/761/745 666/806/790
f 666/806/790 621/761/745 665/759/743
f 666/806/790 665/759/743 710/807/791
f 710/807/791 665/759/743 709/757/741
f 710/807/791 709/757/741 754/808/792
f 754/808/792 709/757/741 753/755/739
f 754/808/792 753/755/739 798/809/793
f 798/809/793 753/755/739 797/753/737
f 798/809/793 797/753/737 604/751/735
f 623/763/747 624/810/794 598/677/661
f 598/677/661 624/810/794 625/811/795
f 598/677/661 625/811/795 626/812/796
f 626/812/796 625/811/795 670/813/797
f 626/812/796 670/813/797 671/814/798
f 671/814/798 670/813/797 715/815/799
f 671/814/798 715/815/799 716/816/800
f 716/816/800 715/815/799 760/817/801
f 716/816/800 760/817/801 761/818/802
f 761/818/802 760/817/801 805/819/803
f 761/818/802 805/819/803 806/820/804
f 806/820/804 805/819/803 606/690/674
f 806/820/804 606/690/674 807/821/805
f 807/821/805 606/690/674 808/822/806
f 807/821/805 808/822/806 763/823/807
f 763/823/807 808/822/806 764/824/808
f 763/823/807 764/824/808 719/825/809
f 719/825/809 764/824/808 720/826/810
f 719/825/809 720/826/810 675/827/811
f 675/827/811 720/826/810 676/828/812
f 675/827/811 676/828/812 631/829/813
f 631/829/813 676/828/812 632/830/814
f 631/829/813 632/830/814 598/677/661
f 598/677/661 632/830/814 633/831/815
f 598/677/661 633/831/815 634/832/816
f 634/832/816 633/831/815 678/833/817
f 634/832/816 678/833/817 679/834/818
f 679/834/818 678/833/817 723/835/819
f 679/834/818 723/835/819 724/836/820
f 724/836/820 723/835/819 768/837/821
f 724/836/820 768/837/821 769/838/822
f 769/838/822 768/837/821 813/839/823
f 769/838/822 813/839/823 814/840/824
f 814/840/824 813/839/823 606/690/674
f 814/840/824 606/690/674 815/841/825
f 815/841/825 606/690/674 816/688/672
f 815/841/825 816/688/672 771/686/670
f 623/763/747 668/765/749 624/810/794
f 624/810/794 668/765/749 669/842/826
f 624/810/794 669/842/826 625/811/795
f 625/811/795 669/842/826 670/813/797
f 626/812/796 627/843/827 598/677/661
f 598/677/661 627/843/827 628/844/828
f 598/677/661 628/844/828 629/845/829
f 629/845/829 628/844/828 673/846/830
f 629/845/829 673/846/830 674/847/831
f 674/847/831 673/846/830 718/848/832
f 674/847/831 718/848/832 719/825/809
f 719/825/809 718/848/832 763/823/807
f 626/812/796 671/814/798 627/843/827
f 627/843/827 671/814/798 672/849/833
f 627/843/827 672/849/833 628/844/828
f 628/844/828 672/849/833 673/846/830
f 631/829/813 598/677/661 630/850/834
f 630/850/834 598/677/661 629/845/829
f 630/850/834 629/845/829 674/847/831
f 675/827/811 631/829/813 630/850/834
f 675/827/811 630/850/834 674/847/831
f 635/678/662 598/677/661 634/832/816
f 633/831/815 632/830/814 677/851/835
f 677/851/835 632/830/814 676/828/812
f 677/851/835 676/828/812 721/852/836
f 721/852/836 676/828/812 720/826/810
f 721/852/836 720/826/810 765/853/837
f 765/853/837 720/826/810 764/824/808
f 765/853/837 764/824/808 809/854/838
f 809/854/838 764/824/808 808/822/806
f 809/854/838 808/822/806 606/690/674
f 634/832/816 679/834/818 635/678/662
f 635/678/662 679/834/818 680/855/839
f 635/678/662 680/855/839 636/680/664
f 636/680/664 680/855/839 681/682/666
f 637/681/665 638/856/840 597/679/663
f 597/679/663 638/856/840 639/857/841
f 597/679/663 639/857/841 640/858/842
f 640/858/842 639/857/841 684/859/843
f 640/858/842 684/859/843 685/860/844
f 685/860/844 684/859/843 729/861/845
f 685/860/844 729/861/845 730/695/679
f 730/695/679 729/861/845 774/693/677
f 637/681/665 682/683/667 638/856/840
f 638/856/840 682/683/667 683/862/846
f 638/856/840 683/862/846 639/857/841
f 639/857/841 683/862/846 684/859/843
f 642/699/683 597/679/663 641/863/847
f 641/863/847 597/679/663 640/858/842
f 641/863/847 640/858/842 685/860/844
f 686/697/681 642/699/683 641/863/847
f 686/697/681 641/863/847 685/860/844
f 644/701/685 643/700/684 688/864/848
f 688/864/848 643/700/684 687/698/682
f 688/864/848 687/698/682 732/865/849
f 732/865/849 687/698/682 731/696/680
f 732/865/849 731/696/680 776/866/850
f 776/866/850 731/696/680 775/694/678
f 776/866/850 775/694/678 820/867/851
f 820/867/851 775/694/678 819/692/676
f 820/867/851 819/692/676 606/690/674
f 645/702/686 646/868/852 597/679/663
f 597/679/663 646/868/852 647/869/853
f 597/679/663 647/869/853 648/870/854
f 648/870/854 647/869/853 692/871/855
f 648/870/854 692/871/855 693/872/856
f 693/872/856 692/871/855 737/873/857
f 693/872/856 737/873/857 738/715/699
f 738/715/699 737/873/857 782/713/697
f 645/702/686 690/704/688 646/868/852
f 646/868/852 690/704/688 691/874/858
f 646/868/852 691/874/858 647/869/853
f 647/869/853 691/874/858 692/871/855
f 650/719/703 597/679/663 649/875/859
f 649/875/859 597/679/663 648/870/854
f 649/875/859 648/870/854 693/872/856
f 694/717/701 650/719/703 649/875/859
f 694/717/701 649/875/859 693/872/856
f 697/723/707 652/721/705 696/738/722
f 696/738/722 652/721/705 651/720/704
f 700/794/778 656/796/780 655/797/781
f 700/794/778 655/797/781 699/790/774
f 702/785/769 658/787/771 657/773/757
f 657/773/757 658/787/771 613/740/724
f 704/745/729 659/743/727 703/786/770
f 660/744/728 705/746/730 661/804/788
f 661/804/788 705/746/730 706/876/860
f 661/804/788 706/876/860 662/801/785
f 662/801/785 706/876/860 707/803/787
f 708/756/740 664/758/742 663/802/786
f 622/762/746 666/806/790 667/764/748
f 667/764/748 666/806/790 711/877/861
f 667/764/748 711/877/861 712/766/750
f 712/766/750 711/877/861 756/878/862
f 712/766/750 756/878/862 757/768/752
f 757/768/752 756/878/862 801/879/863
f 757/768/752 801/879/863 802/770/754
f 802/770/754 801/879/863 604/751/735
f 711/877/861 666/806/790 710/807/791
f 668/765/749 713/767/751 669/842/826
f 669/842/826 713/767/751 714/880/864
f 669/842/826 714/880/864 670/813/797
f 670/813/797 714/880/864 715/815/799
f 671/814/798 716/816/800 672/849/833
f 672/849/833 716/816/800 717/881/865
f 672/849/833 717/881/865 673/846/830
f 673/846/830 717/881/865 718/848/832
f 719/825/809 675/827/811 674/847/831
f 633/831/815 677/851/835 678/833/817
f 678/833/817 677/851/835 722/882/866
f 678/833/817 722/882/866 723/835/819
f 723/835/819 722/882/866 767/883/867
f 723/835/819 767/883/867 768/837/821
f 768/837/821 767/883/867 812/884/868
f 768/837/821 812/884/868 813/839/823
f 813/839/823 812/884/868 606/690/674
f 722/882/866 677/851/835 721/852/836
f 679/834/818 724/836/820 680/855/839
f 680/855/839 724/836/820 725/885/869
f 680/855/839 725/885/869 681/682/666
f 681/682/666 725/885/869 726/684/668
f 682/683/667 727/685/669 683/862/846
f 683/862/846 727/685/669 728/886/870
f 683/862/846 728/886/870 684/859/843
f 684/859/843 728/886/870 729/861/845
f 730/695/679 686/697/681 685/860/844
f 644/701/685 688/864/848 689/703/687
f 689/703/687 688/864/848 733/887/871
f 689/703/687 733/887/871 734/705/689
f 734/705/689 733/887/871 778/888/872
f 734/705/689 778/888/872 779/707/691
f 779/707/691 778/888/872 823/889/873
f 779/707/691 823/889/873 824/709/693
f 824/709/693 823/889/873 606/690/674
f 733/887/871 688/864/848 732/865/849
f 690/704/688 735/706/690 691/874/858
f 691/874/858 735/706/690 736/890/874
f 691/874/858 736/890/874 692/871/855
f 692/871/855 736/890/874 737/873/857
f 738/715/699 694/717/701 693/872/856
f 740/737/721 695/718/702 739/716/700
f 742/725/709 697/723/707 741/736/720
f 741/736/720 697/723/707 696/738/722
f 744/789/773 700/794/778 699/790/774
f 746/783/767 702/785/769 701/775/759
f 701/775/759 702/785/769 657/773/757
f 704/745/729 703/786/770 748/891/875
f 748/891/875 703/786/770 747/784/768
f 748/891/875 747/784/768 792/892/876
f 792/892/876 747/784/768 791/782/766
f 792/892/876 791/782/766 604/751/735
f 705/746/730 750/748/732 706/876/860
f 706/876/860 750/748/732 751/893/877
f 706/876/860 751/893/877 707/803/787
f 707/803/787 751/893/877 752/754/738
f 711/877/861 710/807/791 755/894/878
f 755/894/878 710/807/791 754/808/792
f 755/894/878 754/808/792 799/895/879
f 799/895/879 754/808/792 798/809/793
f 799/895/879 798/809/793 604/751/735
f 713/767/751 758/769/753 714/880/864
f 714/880/864 758/769/753 759/896/880
f 714/880/864 759/896/880 715/815/799
f 715/815/799 759/896/880 760/817/801
f 716/816/800 761/818/802 717/881/865
f 717/881/865 761/818/802 762/897/881
f 717/881/865 762/897/881 718/848/832
f 718/848/832 762/897/881 763/823/807
f 722/882/866 721/852/836 766/898/882
f 766/898/882 721/852/836 765/853/837
f 766/898/882 765/853/837 810/899/883
f 810/899/883 765/853/837 809/854/838
f 810/899/883 809/854/838 606/690/674
f 724/836/820 769/838/822 725/885/869
f 725/885/869 769/838/822 770/900/884
f 725/885/869 770/900/884 726/684/668
f 726/684/668 770/900/884 771/686/670
f 727/685/669 772/687/671 728/886/870
f 728/886/870 772/687/671 773/901/885
f 728/886/870 773/901/885 729/861/845
f 729/861/845 773/901/885 774/693/677
f 733/887/871 732/865/849 777/902/886
f 777/902/886 732/865/849 776/866/850
f 777/902/886 776/866/850 821/903/887
f 821/903/887 776/866/850 820/867/851
f 821/903/887 820/867/851 606/690/674
f 735/706/690 780/708/692 736/890/874
f 736/890/874 780/708/692 781/904/888
f 736/890/874 781/904/888 737/873/857
f 737/873/857 781/904/888 782/713/697
f 740/737/721 739/716/700 784/905/889
f 784/905/889 739/716/700 783/714/698
f 784/905/889 783/714/698 828/906/890
f 828/906/890 783/714/698 827/712/696
f 828/906/890 827/712/696 606/690/674
f 787/727/711 742/725/709 786/734/718
f 786/734/718 742/725/709 741/736/720
f 790/781/765 746/783/767 745/778/762
f 745/778/762 746/783/767 701/775/759
f 789/780/764 790/781/765 745/778/762
f 704/745/729 748/891/875 749/747/731
f 749/747/731 748/891/875 793/907/891
f 749/747/731 793/907/891 794/749/733
f 794/749/733 793/907/891 604/751/735
f 793/907/891 748/891/875 792/892/876
f 796/752/736 752/754/738 751/893/877
f 796/752/736 751/893/877 795/750/734
f 795/750/734 751/893/877 750/748/732
f 711/877/861 755/894/878 756/878/862
f 756/878/862 755/894/878 800/908/892
f 756/878/862 800/908/892 801/879/863
f 801/879/863 800/908/892 604/751/735
f 800/908/892 755/894/878 799/895/879
f 758/769/753 803/771/755 759/896/880
f 759/896/880 803/771/755 804/909/893
f 759/896/880 804/909/893 760/817/801
f 760/817/801 804/909/893 805/819/803
f 807/821/805 763/823/807 762/897/881
f 807/821/805 762/897/881 806/820/804
f 806/820/804 762/897/881 761/818/802
f 722/882/866 766/898/882 767/883/867
f 767/883/867 766/898/882 811/910/894
f 767/883/867 811/910/894 812/884/868
f 812/884/868 811/910/894 606/690/674
f 811/910/894 766/898/882 810/899/883
f 815/841/825 771/686/670 770/900/884
f 815/841/825 770/900/884 814/840/824
f 814/840/824 770/900/884 769/838/822
f 818/691/675 774/693/677 773/901/885
f 818/691/675 773/901/885 817/689/673
f 817/689/673 773/901/885 772/687/671
f 733/887/871 777/902/886 778/888/872
f 778/888/872 777/902/886 822/911/895
f 778/888/872 822/911/895 823/889/873
f 823/889/873 822/911/895 606/690/674
f 822/911/895 777/902/886 821/903/887
f 826/711/695 782/713/697 781/904/888
f 826/711/695 781/904/888 825/710/694
f 825/710/694 781/904/888 780/708/692
f 740/737/721 784/905/889 785/735/719
f 785/735/719 784/905/889 829/912/896
f 785/735/719 829/912/896 830/733/717
f 830/733/717 829/912/896 606/690/674
f 829/912/896 784/905/889 828/906/890
f 832/729/713 787/727/711 831/732/716
f 831/732/716 787/727/711 786/734/718
f 604/751/735 793/907/891 792/892/876
f 604/751/735 800/908/892 799/895/879
f 606/690/674 805/819/803 804/909/893
f 804/909/893 803/771/755 606/690/674
f 606/690/674 811/910/894 810/899/883
f 606/690/674 822/911/895 821/903/887
f 606/690/674 829/912/896 828/906/890
f 833/913/897 844/914/898 598/915/661
f 598/915/661 844/914/898 845/916/899
f 598/915/661 845/916/899 599/917/900
f 599/917/900 845/916/899 848/918/901
f 599/917/900 848/918/901 600/919/902
f 600/919/902 848/918/901 601/920/903
f 601/920/903 848/918/901 851/921/904
f 601/920/903 851/921/904 602/922/905
f 602/922/905 851/921/904 854/923/906
f 602/922/905 854/923/906 603/924/907
f 603/924/907 854/923/906 604/925/908
f 604/925/908 854/923/906 857/926/909
f 604/925/908 857/926/909 605/927/910
f 605/927/910 857/926/909 842/928/911
f 842/928/911 857/926/909 856/929/912
f 842/928/911 856/929/912 855/930/913
f 855/930/913 856/929/912 852/931/914
f 855/930/913 852/931/914 837/932/915
f 837/932/915 852/931/914 836/933/916
f 836/933/916 852/931/914 849/934/917
f 836/933/916 849/934/917 835/935/918
f 835/935/918 849/934/917 846/936/919
f 835/935/918 846/936/919 834/937/920
f 834/937/920 846/936/919 843/938/921
f 834/937/920 843/938/921 833/913/897
f 833/913/897 843/938/921 844/914/898
f 837/932/915 838/939/922 855/930/913
f 855/930/913 838/939/922 842/928/911
f 838/939/922 839/940/923 842/928/911
f 842/928/911 839/940/923 841/941/924
f 841/941/924 839/940/923 840/942/925
f 848/918/901 845/916/899 844/914/898
f 844/914/898 843/938/921 847/943/926
f 847/943/926 843/938/921 846/936/919
f 847/943/926 846/936/919 850/944/927
f 850/944/927 846/936/919 849/934/917
f 850/944/927 849/934/917 853/945/928
f 853/945/928 849/934/917 852/931/914
f 853/945/928 852/931/914 856/929/912
f 851/921/904 848/918/901 847/943/926
f 847/943/926 848/918/901 844/914/898
f 851/921/904 847/943/926 850/944/927
f 854/923/906 851/921/904 850/944/927
f 854/923/906 850/944/927 853/945/928
f 857/926/909 854/923/906 853/945/928
f 857/926/909 853/945/928 856/929/912
f 597/946/663 877/947/929 858/948/930
f 858/948/930 877/947/929 878/949/931
f 858/948/930 878/949/931 879/950/932
f 879/950/932 878/949/931 889/951/933
f 879/950/932 889/951/933 890/952/934
f 890/952/934 889/951/933 900/953/935
f 890/952/934 900/953/935 901/954/936
f 901/954/936 900/953/935 911/955/937
f 901/954/936 911/955/937 868/956/938
f 868/956/938 911/955/937 867/957/939
f 867/957/939 911/955/937 866/958/940
f 866/958/940 911/955/937 921/959/941
f 866/958/940 921/959/941 865/960/942
f 865/960/942 921/959/941 864/961/943
f 864/961/943 921/959/941 920/962/944
f 864/961/943 920/962/944 919/963/945
f 919/963/945 920/962/944 909/964/946
f 919/963/945 909/964/946 908/965/947
f 908/965/947 909/964/946 898/966/948
f 908/965/947 898/966/948 897/967/949
f 897/967/949 898/966/948 887/968/950
f 897/967/949 887/968/950 886/969/951
f 886/969/951 887/968/950 876/970/952
f 886/969/951 876/970/952 875/971/953
f 875/971/953 876/970/952 597/946/663
f 875/971/953 597/946/663 874/972/954
f 874/972/954 597/946/663 873/973/955
f 874/972/954 873/973/955 884/974/956
f 884/974/956 873/973/955 883/975/957
f 884/974/956 883/975/957 894/976/958
f 894/976/958 883/975/957 893/977/959
f 894/976/958 893/977/959 904/978/960
f 904/978/960 893/977/959 903/979/961
f 904/978/960 903/979/961 914/980/962
f 914/980/962 903/979/961 913/981/963
f 914/980/962 913/981/963 606/982/964
f 606/982/964 913/981/963 912/983/965
f 606/982/964 912/983/965 607/984/966
f 607/984/966 912/983/965 902/985/967
f 607/984/966 902/985/967 608/986/968
f 608/986/968 902/985/967 609/987/969
f 609/987/969 902/985/967 892/988/970
f 609/987/969 892/988/970 610/989/971
f 610/989/971 892/988/970 882/990/972
f 610/989/971 882/990/972 611/991/973
f 611/991/973 882/990/972 612/992/974
f 612/992/974 882/990/972 872/993/975
f 612/992/974 872/993/975 597/946/663
f 597/946/663 872/993/975 873/973/955
f 859/994/976 864/961/943 606/982/964
f 606/982/964 864/961/943 916/995/977
f 606/982/964 916/995/977 915/996/978
f 915/996/978 916/995/977 905/997/979
f 915/996/978 905/997/979 904/978/960
f 904/978/960 905/997/979 894/976/958
f 859/994/976 860/998/980 864/961/943
f 864/961/943 860/998/980 863/999/981
f 863/999/981 860/998/980 861/1000/982
f 863/999/981 861/1000/982 862/1001/983
f 868/956/938 869/1002/984 901/954/936
f 901/954/936 869/1002/984 891/1003/985
f 901/954/936 891/1003/985 890/952/934
f 890/952/934 891/1003/985 880/1004/986
f 890/952/934 880/1004/986 879/950/932
f 879/950/932 880/1004/986 858/948/930
f 869/1002/984 870/1005/987 891/1003/985
f 891/1003/985 870/1005/987 871/1006/988
f 891/1003/985 871/1006/988 881/1007/989
f 881/1007/989 871/1006/988 858/948/930
f 881/1007/989 858/948/930 880/1004/986
f 883/975/957 873/973/955 872/993/975
f 877/947/929 597/946/663 876/970/952
f 875/971/953 874/972/954 885/1008/990
f 885/1008/990 874/972/954 884/974/956
f 885/1008/990 884/974/956 895/1009/991
f 895/1009/991 884/974/956 894/976/958
f 895/1009/991 894/976/958 905/997/979
f 876/970/952 887/968/950 877/947/929
f 877/947/929 887/968/950 888/1010/992
f 877/947/929 888/1010/992 878/949/931
f 878/949/931 888/1010/992 889/951/933
f 891/1003/985 881/1007/989 880/1004/986
f 893/977/959 883/975/957 882/990/972
f 882/990/972 883/975/957 872/993/975
f 875/971/953 885/1008/990 886/969/951
f 886/969/951 885/1008/990 896/1011/993
f 886/969/951 896/1011/993 897/967/949
f 897/967/949 896/1011/993 907/1012/994
f 897/967/949 907/1012/994 908/965/947
f 908/965/947 907/1012/994 918/1013/995
f 908/965/947 918/1013/995 919/963/945
f 919/963/945 918/1013/995 864/961/943
f 896/1011/993 885/1008/990 895/1009/991
f 887/968/950 898/966/948 888/1010/992
f 888/1010/992 898/966/948 899/1014/996
f 888/1010/992 899/1014/996 889/951/933
f 889/951/933 899/1014/996 900/953/935
f 903/979/961 893/977/959 892/988/970
f 892/988/970 893/977/959 882/990/972
f 896/1011/993 895/1009/991 906/1015/997
f 906/1015/997 895/1009/991 905/997/979
f 906/1015/997 905/997/979 916/995/977
f 898/966/948 909/964/946 899/1014/996
f 899/1014/996 909/964/946 910/1016/998
f 899/1014/996 910/1016/998 900/953/935
f 900/953/935 910/1016/998 911/955/937
f 913/981/963 903/979/961 902/985/967
f 902/985/967 903/979/961 892/988/970
f 912/983/965 913/981/963 902/985/967
f 915/996/978 904/978/960 914/980/962
f 896/1011/993 906/1015/997 907/1012/994
f 907/1012/994 906/1015/997 917/1017/999
f 907/1012/994 917/1017/999 918/1013/995
f 918/1013/995 917/1017/999 864/961/943
f 917/1017/999 906/1015/997 916/995/977
f 921/959/941 911/955/937 910/1016/998
f 921/959/941 910/1016/998 920/962/944
f 920/962/944 910/1016/998 909/964/946
f 606/982/964 915/996/978 914/980/962
f 864/961/943 917/1017/999 916/995/977
f 858/1018/930 952/1019/1000 922/1020/1001
f 922/1020/1001 952/1019/1000 953/1021/1002
f 922/1020/1001 953/1021/1002 954/1022/1003
f 954/1022/1003 953/1021/1002 998/1023/1004
f 954/1022/1003 998/1023/1004 999/1024/1005
f 999/1024/1005 998/1023/1004 1043/1025/1006
f 999/1024/1005 1043/1025/1006 1044/1026/1007
f 1044/1026/1007 1043/1025/1006 1088/1027/1008
f 1044/1026/1007 1088/1027/1008 1089/1028/1009
f 1089/1028/1009 1088/1027/1008 1133/1029/1010
f 1089/1028/1009 1133/1029/1010 1134/1030/1011
f 1134/1030/1011 1133/1029/1010 923/1031/1012
f 1134/1030/1011 923/1031/1012 1135/1032/1013
f 1135/1032/1013 923/1031/1012 1136/1033/1014
f 1135/1032/1013 1136/1033/1014 1091/1034/1015
f 1091/1034/1015 1136/1033/1014 1092/1035/1016
f 1091/1034/1015 1092/1035/1016 1047/1036/1017
f 1047/1036/1017 1092/1035/1016 1048/1037/1018
f 1047/1036/1017 1048/1037/1018 1003/1038/1019
f 1003/1038/1019 1048/1037/1018 1004/1039/1020
f 1003/1038/1019 1004/1039/1020 959/1040/1021
f 959/1040/1021 1004/1039/1020 960/1041/1022
f 959/1040/1021 960/1041/1022 922/1020/1001
f 922/1020/1001 960/1041/1022 961/1042/1023
f 922/1020/1001 961/1042/1023 962/1043/1024
f 962/1043/1024 961/1042/1023 1006/1044/1025
f 962/1043/1024 1006/1044/1025 1007/1045/1026
f 1007/1045/1026 1006/1044/1025 1051/1046/1027
f 1007/1045/1026 1051/1046/1027 1052/1047/1028
f 1052/1047/1028 1051/1046/1027 1096/1048/1029
f 1052/1047/1028 1096/1048/1029 1097/1049/1030
f 1097/1049/1030 1096/1048/1029 1141/1050/1031
f 1097/1049/1030 1141/1050/1031 1142/1051/1032
f 1142/1051/1032 1141/1050/1031 923/1031/1012
f 1142/1051/1032 923/1031/1012 1143/1052/1033
f 1143/1052/1033 923/1031/1012 1144/1053/1034
f 1143/1052/1033 1144/1053/1034 1099/1054/1035
f 1099/1054/1035 1144/1053/1034 1100/1055/1036
f 1099/1054/1035 1100/1055/1036 1055/1056/1037
f 1055/1056/1037 1100/1055/1036 1056/1057/1038
f 1055/1056/1037 1056/1057/1038 1011/1058/1039
f 1011/1058/1039 1056/1057/1038 1012/1059/1040
f 1011/1058/1039 1012/1059/1040 967/1060/1041
f 967/1060/1041 1012/1059/1040 968/1061/1042
f 967/1060/1041 968/1061/1042 922/1020/1001
f 922/1020/1001 968/1061/1042 969/1062/1043
f 922/1020/1001 969/1062/1043 970/1063/1044
f 970/1063/1044 969/1062/1043 1014/1064/1045
f 970/1063/1044 1014/1064/1045 1015/1065/1046
f 1015/1065/1046 1014/1064/1045 1059/1066/1047
f 1015/1065/1046 1059/1066/1047 1060/1067/1048
f 1060/1067/1048 1059/1066/1047 1104/1068/1049
f 1060/1067/1048 1104/1068/1049 1105/1069/1050
f 1105/1069/1050 1104/1068/1049 1149/1070/1051
f 1105/1069/1050 1149/1070/1051 925/1071/1052
f 925/1071/1052 1149/1070/1051 924/1072/1053
f 924/1072/1053 1149/1070/1051 923/1031/1012
f 923/1031/1012 1149/1070/1051 1148/1073/1054
f 923/1031/1012 1148/1073/1054 1147/1074/1055
f 1147/1074/1055 1148/1073/1054 1103/1075/1056
f 1147/1074/1055 1103/1075/1056 1102/1076/1057
f 1102/1076/1057 1103/1075/1056 1058/1077/1058
f 1102/1076/1057 1058/1077/1058 1057/1078/1059
f 1057/1078/1059 1058/1077/1058 1013/1079/1060
f 1057/1078/1059 1013/1079/1060 1012/1059/1040
f 1012/1059/1040 1013/1079/1060 968/1061/1042
f 871/1080/1061 930/1081/1062 858/1018/930
f 858/1018/930 930/1081/1062 931/1082/1063
f 858/1018/930 931/1082/1063 932/1083/1064
f 932/1083/1064 931/1082/1063 976/1084/1065
f 932/1083/1064 976/1084/1065 977/1085/1066
f 977/1085/1066 976/1084/1065 1021/1086/1067
f 977/1085/1066 1021/1086/1067 1022/1087/1068
f 1022/1087/1068 1021/1086/1067 1066/1088/1069
f 1022/1087/1068 1066/1088/1069 1067/1089/1070
f 1067/1089/1070 1066/1088/1069 1111/1090/1071
f 1067/1089/1070 1111/1090/1071 1112/1091/1072
f 1112/1091/1072 1111/1090/1071 866/1092/1073
f 1112/1091/1072 866/1092/1073 1113/1093/1074
f 1113/1093/1074 866/1092/1073 1114/1094/1075
f 1113/1093/1074 1114/1094/1075 1069/1095/1076
f 1069/1095/1076 1114/1094/1075 1070/1096/1077
f 1069/1095/1076 1070/1096/1077 1025/1097/1078
f 1025/1097/1078 1070/1096/1077 1026/1098/1079
f 1025/1097/1078 1026/1098/1079 981/1099/1080
f 981/1099/1080 1026/1098/1079 982/1100/1081
f 981/1099/1080 982/1100/1081 937/1101/1082
f 937/1101/1082 982/1100/1081 938/1102/1083
f 937/1101/1082 938/1102/1083 858/1018/930
f 858/1018/930 938/1102/1083 939/1103/1084
f 858/1018/930 939/1103/1084 940/1104/1085
f 940/1104/1085 939/1103/1084 984/1105/1086
f 940/1104/1085 984/1105/1086 985/1106/1087
f 985/1106/1087 984/1105/1086 1029/1107/1088
f 985/1106/1087 1029/1107/1088 1030/1108/1089
f 1030/1108/1089 1029/1107/1088 1074/1109/1090
f 1030/1108/1089 1074/1109/1090 1075/1110/1091
f 1075/1110/1091 1074/1109/1090 1119/1111/1092
f 1075/1110/1091 1119/1111/1092 1120/1112/1093
f 1120/1112/1093 1119/1111/1092 866/1092/1073
f 1120/1112/1093 866/1092/1073 923/1031/1012
f 923/1031/1012 866/1092/1073 865/1113/1094
f 930/1081/1062 871/1080/1061 974/1114/1095
f 974/1114/1095 871/1080/1061 870/1115/1096
f 974/1114/1095 870/1115/1096 1018/1116/1097
f 1018/1116/1097 870/1115/1096 869/1117/1098
f 1018/1116/1097 869/1117/1098 868/1118/1099
f 1018/1116/1097 868/1118/1099 1062/1119/1100
f 1062/1119/1100 868/1118/1099 867/1120/1101
f 1062/1119/1100 867/1120/1101 1106/1121/1102
f 1106/1121/1102 867/1120/1101 866/1092/1073
f 1106/1121/1102 866/1092/1073 1107/1122/1103
f 1107/1122/1103 866/1092/1073 1108/1123/1104
f 1107/1122/1103 1108/1123/1104 1063/1124/1105
f 1063/1124/1105 1108/1123/1104 1064/1125/1106
f 1063/1124/1105 1064/1125/1106 1019/1126/1107
f 1019/1126/1107 1064/1125/1106 1020/1127/1108
f 1019/1126/1107 1020/1127/1108 975/1128/1109
f 975/1128/1109 1020/1127/1108 976/1084/1065
f 975/1128/1109 976/1084/1065 931/1082/1063
f 925/1071/1052 926/1129/1110 1105/1069/1050
f 1105/1069/1050 926/1129/1110 1061/1130/1111
f 1105/1069/1050 1061/1130/1111 1060/1067/1048
f 1060/1067/1048 1061/1130/1111 1016/1131/1112
f 1060/1067/1048 1016/1131/1112 1015/1065/1046
f 1015/1065/1046 1016/1131/1112 971/1132/1113
f 1015/1065/1046 971/1132/1113 970/1063/1044
f 970/1063/1044 971/1132/1113 922/1020/1001
f 926/1129/1110 927/1133/1114 1061/1130/1111
f 1061/1130/1111 927/1133/1114 928/1134/1115
f 1061/1130/1111 928/1134/1115 1017/1135/1116
f 1017/1135/1116 928/1134/1115 929/1136/1117
f 1017/1135/1116 929/1136/1117 973/1137/1118
f 973/1137/1118 929/1136/1117 922/1020/1001
f 973/1137/1118 922/1020/1001 972/1138/1119
f 972/1138/1119 922/1020/1001 971/1132/1113
f 972/1138/1119 971/1132/1113 1016/1131/1112
f 975/1128/1109 931/1082/1063 930/1081/1062
f 932/1083/1064 933/1139/1120 858/1018/930
f 858/1018/930 933/1139/1120 934/1140/1121
f 858/1018/930 934/1140/1121 935/1141/1122
f 935/1141/1122 934/1140/1121 979/1142/1123
f 935/1141/1122 979/1142/1123 980/1143/1124
f 980/1143/1124 979/1142/1123 1024/1144/1125
f 980/1143/1124 1024/1144/1125 1025/1097/1078
f 1025/1097/1078 1024/1144/1125 1069/1095/1076
f 932/1083/1064 977/1085/1066 933/1139/1120
f 933/1139/1120 977/1085/1066 978/1145/1126
f 933/1139/1120 978/1145/1126 934/1140/1121
f 934/1140/1121 978/1145/1126 979/1142/1123
f 937/1101/1082 858/1018/930 936/1146/1127
f 936/1146/1127 858/1018/930 935/1141/1122
f 936/1146/1127 935/1141/1122 980/1143/1124
f 981/1099/1080 937/1101/1082 936/1146/1127
f 981/1099/1080 936/1146/1127 980/1143/1124
f 939/1103/1084 938/1102/1083 983/1147/1128
f 983/1147/1128 938/1102/1083 982/1100/1081
f 983/1147/1128 982/1100/1081 1027/1148/1129
f 1027/1148/1129 982/1100/1081 1026/1098/1079
f 1027/1148/1129 1026/1098/1079 1071/1149/1130
f 1071/1149/1130 1026/1098/1079 1070/1096/1077
f 1071/1149/1130 1070/1096/1077 1115/1150/1131
f 1115/1150/1131 1070/1096/1077 1114/1094/1075
f 1115/1150/1131 1114/1094/1075 866/1092/1073
f 940/1104/1085 941/1151/1132 858/1018/930
f 858/1018/930 941/1151/1132 942/1152/1133
f 858/1018/930 942/1152/1133 943/1153/1134
f 943/1153/1134 942/1152/1133 987/1154/1135
f 943/1153/1134 987/1154/1135 988/1155/1136
f 988/1155/1136 987/1154/1135 1032/1156/1137
f 988/1155/1136 1032/1156/1137 1033/1157/1138
f 1033/1157/1138 1032/1156/1137 1077/1158/1139
f 1033/1157/1138 1077/1158/1139 1078/1159/1140
f 1078/1159/1140 1077/1158/1139 1122/1160/1141
f 1078/1159/1140 1122/1160/1141 1123/1161/1142
f 1123/1161/1142 1122/1160/1141 923/1031/1012
f 1123/1161/1142 923/1031/1012 1124/1162/1143
f 1124/1162/1143 923/1031/1012 1125/1163/1144
f 1124/1162/1143 1125/1163/1144 1080/1164/1145
f 1080/1164/1145 1125/1163/1144 1081/1165/1146
f 1080/1164/1145 1081/1165/1146 1036/1166/1147
f 1036/1166/1147 1081/1165/1146 1037/1167/1148
f 1036/1166/1147 1037/1167/1148 992/1168/1149
f 992/1168/1149 1037/1167/1148 993/1169/1150
f 992/1168/1149 993/1169/1150 948/1170/1151
f 948/1170/1151 993/1169/1150 949/1171/1152
f 948/1170/1151 949/1171/1152 858/1018/930
f 858/1018/930 949/1171/1152 950/1172/1153
f 858/1018/930 950/1172/1153 951/1173/1154
f 951/1173/1154 950/1172/1153 995/1174/1155
f 951/1173/1154 995/1174/1155 996/1175/1156
f 996/1175/1156 995/1174/1155 1040/1176/1157
f 996/1175/1156 1040/1176/1157 1041/1177/1158
f 1041/1177/1158 1040/1176/1157 1085/1178/1159
f 1041/1177/1158 1085/1178/1159 1086/1179/1160
f 1086/1179/1160 1085/1178/1159 1130/1180/1161
f 1086/1179/1160 1130/1180/1161 1131/1181/1162
f 1131/1181/1162 1130/1180/1161 923/1031/1012
f 1131/1181/1162 923/1031/1012 1132/1182/1163
f 1132/1182/1163 923/1031/1012 1133/1029/1010
f 1132/1182/1163 1133/1029/1010 1088/1027/1008
f 940/1104/1085 985/1106/1087 941/1151/1132
f 941/1151/1132 985/1106/1087 986/1183/1164
f 941/1151/1132 986/1183/1164 942/1152/1133
f 942/1152/1133 986/1183/1164 987/1154/1135
f 943/1153/1134 944/1184/1165 858/1018/930
f 858/1018/930 944/1184/1165 945/1185/1166
f 858/1018/930 945/1185/1166 946/1186/1167
f 946/1186/1167 945/1185/1166 990/1187/1168
f 946/1186/1167 990/1187/1168 991/1188/1169
f 991/1188/1169 990/1187/1168 1035/1189/1170
f 991/1188/1169 1035/1189/1170 1036/1166/1147
f 1036/1166/1147 1035/1189/1170 1080/1164/1145
f 943/1153/1134 988/1155/1136 944/1184/1165
f 944/1184/1165 988/1155/1136 989/1190/1171
f 944/1184/1165 989/1190/1171 945/1185/1166
f 945/1185/1166 989/1190/1171 990/1187/1168
f 948/1170/1151 858/1018/930 947/1191/1172
f 947/1191/1172 858/1018/930 946/1186/1167
f 947/1191/1172 946/1186/1167 991/1188/1169
f 992/1168/1149 948/1170/1151 947/1191/1172
f 992/1168/1149 947/1191/1172 991/1188/1169
f 952/1019/1000 858/1018/930 951/1173/1154
f 950/1172/1153 949/1171/1152 994/1192/1173
f 994/1192/1173 949/1171/1152 993/1169/1150
f 994/1192/1173 993/1169/1150 1038/1193/1174
f 1038/1193/1174 993/1169/1150 1037/1167/1148
f 1038/1193/1174 1037/1167/1148 1082/1194/1175
f 1082/1194/1175 1037/1167/1148 1081/1165/1146
f 1082/1194/1175 1081/1165/1146 1126/1195/1176
f 1126/1195/1176 1081/1165/1146 1125/1163/1144
f 1126/1195/1176 1125/1163/1144 923/1031/1012
f 951/1173/1154 996/1175/1156 952/1019/1000
f 952/1019/1000 996/1175/1156 997/1196/1177
f 952/1019/1000 997/1196/1177 953/1021/1002
f 953/1021/1002 997/1196/1177 998/1023/1004
f 954/1022/1003 955/1197/1178 922/1020/1001
f 922/1020/1001 955/1197/1178 956/1198/1179
f 922/1020/1001 956/1198/1179 957/1199/1180
f 957/1199/1180 956/1198/1179 1001/1200/1181
f 957/1199/1180 1001/1200/1181 1002/1201/1182
f 1002/1201/1182 1001/1200/1181 1046/1202/1183
f 1002/1201/1182 1046/1202/1183 1047/1036/1017
f 1047/1036/1017 1046/1202/1183 1091/1034/1015
f 954/1022/1003 999/1024/1005 955/1197/1178
f 955/1197/1178 999/1024/1005 1000/1203/1184
f 955/1197/1178 1000/1203/1184 956/1198/1179
f 956/1198/1179 1000/1203/1184 1001/1200/1181
f 959/1040/1021 922/1020/1001 958/1204/1185
f 958/1204/1185 922/1020/1001 957/1199/1180
f 958/1204/1185 957/1199/1180 1002/1201/1182
f 1003/1038/1019 959/1040/1021 958/1204/1185
f 1003/1038/1019 958/1204/1185 1002/1201/1182
f 961/1042/1023 960/1041/1022 1005/1205/1186
f 1005/1205/1186 960/1041/1022 1004/1039/1020
f 1005/1205/1186 1004/1039/1020 1049/1206/1187
f 1049/1206/1187 1004/1039/1020 1048/1037/1018
f 1049/1206/1187 1048/1037/1018 1093/1207/1188
f 1093/1207/1188 1048/1037/1018 1092/1035/1016
f 1093/1207/1188 1092/1035/1016 1137/1208/1189
f 1137/1208/1189 1092/1035/1016 1136/1033/1014
f 1137/1208/1189 1136/1033/1014 923/1031/1012
f 962/1043/1024 963/1209/1190 922/1020/1001
f 922/1020/1001 963/1209/1190 964/1210/1191
f 922/1020/1001 964/1210/1191 965/1211/1192
f 965/1211/1192 964/1210/1191 1009/1212/1193
f 965/1211/1192 1009/1212/1193 1010/1213/1194
f 1010/1213/1194 1009/1212/1193 1054/1214/1195
f 1010/1213/1194 1054/1214/1195 1055/1056/1037
f 1055/1056/1037 1054/1214/1195 1099/1054/1035
f 962/1043/1024 1007/1045/1026 963/1209/1190
f 963/1209/1190 1007/1045/1026 1008/1215/1196
f 963/1209/1190 1008/1215/1196 964/1210/1191
f 964/1210/1191 1008/1215/1196 1009/1212/1193
f 967/1060/1041 922/1020/1001 966/1216/1197
f 966/1216/1197 922/1020/1001 965/1211/1192
f 966/1216/1197 965/1211/1192 1010/1213/1194
f 1011/1058/1039 967/1060/1041 966/1216/1197
f 1011/1058/1039 966/1216/1197 1010/1213/1194
f 1014/1064/1045 969/1062/1043 1013/1079/1060
f 1013/1079/1060 969/1062/1043 968/1061/1042
f 1017/1135/1116 973/1137/1118 972/1138/1119
f 1017/1135/1116 972/1138/1119 1016/1131/1112
f 1019/1126/1107 975/1128/1109 974/1114/1095
f 974/1114/1095 975/1128/1109 930/1081/1062
f 1021/1086/1067 976/1084/1065 1020/1127/1108
f 977/1085/1066 1022/1087/1068 978/1145/1126
f 978/1145/1126 1022/1087/1068 1023/1217/1198
f 978/1145/1126 1023/1217/1198 979/1142/1123
f 979/1142/1123 1023/1217/1198 1024/1144/1125
f 1025/1097/1078 981/1099/1080 980/1143/1124
f 939/1103/1084 983/1147/1128 984/1105/1086
f 984/1105/1086 983/1147/1128 1028/1218/1199
f 984/1105/1086 1028/1218/1199 1029/1107/1088
f 1029/1107/1088 1028/1218/1199 1073/1219/1200
f 1029/1107/1088 1073/1219/1200 1074/1109/1090
f 1074/1109/1090 1073/1219/1200 1118/1220/1201
f 1074/1109/1090 1118/1220/1201 1119/1111/1092
f 1119/1111/1092 1118/1220/1201 866/1092/1073
f 1028/1218/1199 983/1147/1128 1027/1148/1129
f 985/1106/1087 1030/1108/1089 986/1183/1164
f 986/1183/1164 1030/1108/1089 1031/1221/1202
f 986/1183/1164 1031/1221/1202 987/1154/1135
f 987/1154/1135 1031/1221/1202 1032/1156/1137
f 988/1155/1136 1033/1157/1138 989/1190/1171
f 989/1190/1171 1033/1157/1138 1034/1222/1203
f 989/1190/1171 1034/1222/1203 990/1187/1168
f 990/1187/1168 1034/1222/1203 1035/1189/1170
f 1036/1166/1147 992/1168/1149 991/1188/1169
f 950/1172/1153 994/1192/1173 995/1174/1155
f 995/1174/1155 994/1192/1173 1039/1223/1204
f 995/1174/1155 1039/1223/1204 1040/1176/1157
f 1040/1176/1157 1039/1223/1204 1084/1224/1205
f 1040/1176/1157 1084/1224/1205 1085/1178/1159
f 1085/1178/1159 1084/1224/1205 1129/1225/1206
f 1085/1178/1159 1129/1225/1206 1130/1180/1161
f 1130/1180/1161 1129/1225/1206 923/1031/1012
f 1039/1223/1204 994/1192/1173 1038/1193/1174
f 996/1175/1156 1041/1177/1158 997/1196/1177
f 997/1196/1177 1041/1177/1158 1042/1226/1207
f 997/1196/1177 1042/1226/1207 998/1023/1004
f 998/1023/1004 1042/1226/1207 1043/1025/1006
f 999/1024/1005 1044/1026/1007 1000/1203/1184
f 1000/1203/1184 1044/1026/1007 1045/1227/1208
f 1000/1203/1184 1045/1227/1208 1001/1200/1181
f 1001/1200/1181 1045/1227/1208 1046/1202/1183
f 1047/1036/1017 1003/1038/1019 1002/1201/1182
f 961/1042/1023 1005/1205/1186 1006/1044/1025
f 1006/1044/1025 1005/1205/1186 1050/1228/1209
f 1006/1044/1025 1050/1228/1209 1051/1046/1027
f 1051/1046/1027 1050/1228/1209 1095/1229/1210
f 1051/1046/1027 1095/1229/1210 1096/1048/1029
f 1096/1048/1029 1095/1229/1210 1140/1230/1211
f 1096/1048/1029 1140/1230/1211 1141/1050/1031
f 1141/1050/1031 1140/1230/1211 923/1031/1012
f 1050/1228/1209 1005/1205/1186 1049/1206/1187
f 1007/1045/1026 1052/1047/1028 1008/1215/1196
f 1008/1215/1196 1052/1047/1028 1053/1231/1212
f 1008/1215/1196 1053/1231/1212 1009/1212/1193
f 1009/1212/1193 1053/1231/1212 1054/1214/1195
f 1055/1056/1037 1011/1058/1039 1010/1213/1194
f 1057/1078/1059 1012/1059/1040 1056/1057/1038
f 1059/1066/1047 1014/1064/1045 1058/1077/1058
f 1058/1077/1058 1014/1064/1045 1013/1079/1060
f 1061/1130/1111 1017/1135/1116 1016/1131/1112
f 1063/1124/1105 1019/1126/1107 1018/1116/1097
f 1018/1116/1097 1019/1126/1107 974/1114/1095
f 1021/1086/1067 1020/1127/1108 1065/1232/1213
f 1065/1232/1213 1020/1127/1108 1064/1125/1106
f 1065/1232/1213 1064/1125/1106 1109/1233/1214
f 1109/1233/1214 1064/1125/1106 1108/1123/1104
f 1109/1233/1214 1108/1123/1104 866/1092/1073
f 1022/1087/1068 1067/1089/1070 1023/1217/1198
f 1023/1217/1198 1067/1089/1070 1068/1234/1215
f 1023/1217/1198 1068/1234/1215 1024/1144/1125
f 1024/1144/1125 1068/1234/1215 1069/1095/1076
f 1028/1218/1199 1027/1148/1129 1072/1235/1216
f 1072/1235/1216 1027/1148/1129 1071/1149/1130
f 1072/1235/1216 1071/1149/1130 1116/1236/1217
f 1116/1236/1217 1071/1149/1130 1115/1150/1131
f 1116/1236/1217 1115/1150/1131 866/1092/1073
f 1030/1108/1089 1075/1110/1091 1031/1221/1202
f 1031/1221/1202 1075/1110/1091 1076/1237/1218
f 1031/1221/1202 1076/1237/1218 1032/1156/1137
f 1032/1156/1137 1076/1237/1218 1077/1158/1139
f 1033/1157/1138 1078/1159/1140 1034/1222/1203
f 1034/1222/1203 1078/1159/1140 1079/1238/1219
f 1034/1222/1203 1079/1238/1219 1035/1189/1170
f 1035/1189/1170 1079/1238/1219 1080/1164/1145
f 1039/1223/1204 1038/1193/1174 1083/1239/1220
f 1083/1239/1220 1038/1193/1174 1082/1194/1175
f 1083/1239/1220 1082/1194/1175 1127/1240/1221
f 1127/1240/1221 1082/1194/1175 1126/1195/1176
f 1127/1240/1221 1126/1195/1176 923/1031/1012
f 1041/1177/1158 1086/1179/1160 1042/1226/1207
f 1042/1226/1207 1086/1179/1160 1087/1241/1222
f 1042/1226/1207 1087/1241/1222 1043/1025/1006
f 1043/1025/1006 1087/1241/1222 1088/1027/1008
f 1044/1026/1007 1089/1028/1009 1045/1227/1208
f 1045/1227/1208 1089/1028/1009 1090/1242/1223
f 1045/1227/1208 1090/1242/1223 1046/1202/1183
f 1046/1202/1183 1090/1242/1223 1091/1034/1015
f 1050/1228/1209 1049/1206/1187 1094/1243/1224
f 1094/1243/1224 1049/1206/1187 1093/1207/1188
f 1094/1243/1224 1093/1207/1188 1138/1244/1225
f 1138/1244/1225 1093/1207/1188 1137/1208/1189
f 1138/1244/1225 1137/1208/1189 923/1031/1012
f 1052/1047/1028 1097/1049/1030 1053/1231/1212
f 1053/1231/1212 1097/1049/1030 1098/1245/1226
f 1053/1231/1212 1098/1245/1226 1054/1214/1195
f 1054/1214/1195 1098/1245/1226 1099/1054/1035
f 1057/1078/1059 1056/1057/1038 1101/1246/1227
f 1101/1246/1227 1056/1057/1038 1100/1055/1036
f 1101/1246/1227 1100/1055/1036 1145/1247/1228
f 1145/1247/1228 1100/1055/1036 1144/1053/1034
f 1145/1247/1228 1144/1053/1034 923/1031/1012
f 1104/1068/1049 1059/1066/1047 1103/1075/1056
f 1103/1075/1056 1059/1066/1047 1058/1077/1058
f 1107/1122/1103 1063/1124/1105 1062/1119/1100
f 1062/1119/1100 1063/1124/1105 1018/1116/1097
f 1106/1121/1102 1107/1122/1103 1062/1119/1100
f 1021/1086/1067 1065/1232/1213 1066/1088/1069
f 1066/1088/1069 1065/1232/1213 1110/1248/1229
f 1066/1088/1069 1110/1248/1229 1111/1090/1071
f 1111/1090/1071 1110/1248/1229 866/1092/1073
f 1110/1248/1229 1065/1232/1213 1109/1233/1214
f 1113/1093/1074 1069/1095/1076 1068/1234/1215
f 1113/1093/1074 1068/1234/1215 1112/1091/1072
f 1112/1091/1072 1068/1234/1215 1067/1089/1070
f 1028/1218/1199 1072/1235/1216 1073/1219/1200
f 1073/1219/1200 1072/1235/1216 1117/1249/1230
f 1073/1219/1200 1117/1249/1230 1118/1220/1201
f 1118/1220/1201 1117/1249/1230 866/1092/1073
f 1117/1249/1230 1072/1235/1216 1116/1236/1217
f 1075/1110/1091 1120/1112/1093 1076/1237/1218
f 1076/1237/1218 1120/1112/1093 1121/1250/1231
f 1076/1237/1218 1121/1250/1231 1077/1158/1139
f 1077/1158/1139 1121/1250/1231 1122/1160/1141
f 1124/1162/1143 1080/1164/1145 1079/1238/1219
f 1124/1162/1143 1079/1238/1219 1123/1161/1142
f 1123/1161/1142 1079/1238/1219 1078/1159/1140
f 1039/1223/1204 1083/1239/1220 1084/1224/1205
f 1084/1224/1205 1083/1239/1220 1128/1251/1232
f 1084/1224/1205 1128/1251/1232 1129/1225/1206
f 1129/1225/1206 1128/1251/1232 923/1031/1012
f 1128/1251/1232 1083/1239/1220 1127/1240/1221
f 1132/1182/1163 1088/1027/1008 1087/1241/1222
f 1132/1182/1163 1087/1241/1222 1131/1181/1162
f 1131/1181/1162 1087/1241/1222 1086/1179/1160
f 1135/1032/1013 1091/1034/1015 1090/1242/1223
f 1135/1032/1013 1090/1242/1223 1134/1030/1011
f 1134/1030/1011 1090/1242/1223 1089/1028/1009
f 1050/1228/1209 1094/1243/1224 1095/1229/1210
f 1095/1229/1210 1094/1243/1224 1139/1252/1233
f 1095/1229/1210 1139/1252/1233 1140/1230/1211
f 1140/1230/1211 1139/1252/1233 923/1031/1012
f 1139/1252/1233 1094/1243/1224 1138/1244/1225
f 1143/1052/1033 1099/1054/1035 1098/1245/1226
f 1143/1052/1033 1098/1245/1226 1142/1051/1032
f 1142/1051/1032 1098/1245/1226 1097/1049/1030
f 1057/1078/1059 1101/1246/1227 1102/1076/1057
f 1102/1076/1057 1101/1246/1227 1146/1253/1234
f 1102/1076/1057 1146/1253/1234 1147/1074/1055
f 1147/1074/1055 1146/1253/1234 923/1031/1012
f 1146/1253/1234 1101/1246/1227 1145/1247/1228
f 1149/1070/1051 1104/1068/1049 1148/1073/1054
f 1148/1073/1054 1104/1068/1049 1103/1075/1056
f 866/1092/1073 1110/1248/1229 1109/1233/1214
f 866/1092/1073 1117/1249/1230 1116/1236/1217
f 923/1031/1012 1122/1160/1141 1121/1250/1231
f 1121/1250/1231 1120/1112/1093 923/1031/1012
f 923/1031/1012 1128/1251/1232 1127/1240/1221
f 923/1031/1012 1139/1252/1233 1138/1244/1225
f 923/1031/1012 1146/1253/1234 1145/1247/1228
f 1150/1254/1235 1151/1255/1236 1159/1256/1237
f 1159/1256/1237 1151/1255/1236 1158/1257/1238
f 1158/1257/1238 1151/1255/1236 923/1258/1239
f 923/1258/1239 1151/1255/1236 1161/1259/1240
f 923/1258/1239 1161/1259/1240 1162/1260/1241
f 1162/1260/1241 1161/1259/1240 1165/1261/1242
f 1162/1260/1241 1165/1261/1242 924/1262/1243
f 924/1262/1243 1165/1261/1242 925/1263/1244
f 925/1263/1244 1165/1261/1242 926/1264/1245
f 926/1264/1245 1165/1261/1242 1168/1265/1246
f 926/1264/1245 1168/1265/1246 927/1266/1247
f 927/1266/1247 1168/1265/1246 1171/1267/1248
f 927/1266/1247 1171/1267/1248 928/1268/1249
f 928/1268/1249 1171/1267/1248 929/1269/1250
f 929/1269/1250 1171/1267/1248 1174/1270/1251
f 929/1269/1250 1174/1270/1251 922/1271/1001
f 922/1271/1001 1174/1270/1251 1173/1272/1252
f 922/1271/1001 1173/1272/1252 1157/1273/1253
f 1157/1273/1253 1173/1272/1252 1172/1274/1254
f 1157/1273/1253 1172/1274/1254 1156/1275/1255
f 1156/1275/1255 1172/1274/1254 1155/1276/1256
f 1155/1276/1256 1172/1274/1254 1169/1277/1257
f 1155/1276/1256 1169/1277/1257 1154/1278/1258
f 1154/1278/1258 1169/1277/1257 1166/1279/1259
f 1154/1278/1258 1166/1279/1259 1153/1280/1260
f 1153/1280/1260 1166/1279/1259 1163/1281/1261
f 1153/1280/1260 1163/1281/1261 1152/1282/1262
f 1152/1282/1262 1163/1281/1261 1160/1283/1263
f 1152/1282/1262 1160/1283/1263 1151/1255/1236
f 1151/1255/1236 1160/1283/1263 1161/1259/1240
f 924/1262/1243 923/1258/1239 1162/1260/1241
f 1161/1259/1240 1160/1283/1263 1164/1284/1264
f 1164/1284/1264 1160/1283/1263 1163/1281/1261
f 1164/1284/1264 1163/1281/1261 1167/1285/1265
f 1167/1285/1265 1163/1281/1261 1166/1279/1259
f 1167/1285/1265 1166/1279/1259 1170/1286/1266
f 1170/1286/1266 1166/1279/1259 1169/1277/1257
f 1170/1286/1266 1169/1277/1257 1173/1272/1252
f 1173/1272/1252 1169/1277/1257 1172/1274/1254
f 1168/1265/1246 1165/1261/1242 1164/1284/1264
f 1164/1284/1264 1165/1261/1242 1161/1259/1240
f 1168/1265/1246 1164/1284/1264 1167/1285/1265
f 1171/1267/1248 1168/1265/1246 1167/1285/1265
f 1171/1267/1248 1167/1285/1265 1170/1286/1266
f 1174/1270/1251 1171/1267/1248 1170/1286/1266
f 1174/1270/1251 1170/1286/1266 1173/1272/1252
f 838/1287/1267 837/1288/1268 839/1289/1269
f 839/1289/1269 837/1288/1268 836/1290/1270
f 839/1289/1269 836/1290/1270 835/1291/1271
f 839/1289/1269 835/1291/1271 1177/1292/1272
f 1177/1292/1272 835/1291/1271 834/1293/1273
f 1177/1292/1272 834/1293/1273 833/1294/1274
f 1175/1295/1275 1176/1296/1276 833/1294/1274
f 833/1294/1274 1176/1296/1276 1177/1292/1272
f 833/1297/897 598/1298/661 1175/1299/1277
f 1175/1299/1277 598/1298/661 1199/1300/1278
f 1199/1300/1278 598/1298/661 1198/1301/1279
f 1198/1301/1279 598/1298/661 1197/1302/1280
f 1197/1302/1280 598/1298/661 1196/1303/1281
f 1196/1303/1281 598/1298/661 597/1304/663
f 1196/1303/1281 597/1304/663 1195/1305/1282
f 1195/1305/1282 597/1304/663 1194/1306/1283
f 1194/1306/1283 597/1304/663 1193/1307/1284
f 1193/1307/1284 597/1304/663 1192/1308/1285
f 1192/1308/1285 597/1304/663 1191/1309/1286
f 1191/1309/1286 597/1304/663 1190/1310/1287
f 1190/1310/1287 597/1304/663 1189/1311/1288
f 1189/1311/1288 597/1304/663 858/1312/930
f 1189/1311/1288 858/1312/930 1188/1313/1289
f 1188/1313/1289 858/1312/930 1187/1314/1290
f 1187/1314/1290 858/1312/930 1186/1315/1291
f 1186/1315/1291 858/1312/930 1185/1316/1292
f 1185/1316/1292 858/1312/930 1184/1317/1293
f 1184/1317/1293 858/1312/930 1183/1318/1294
f 1183/1318/1294 858/1312/930 1182/1319/1295
f 1182/1319/1295 858/1312/930 922/1320/1001
f 1182/1319/1295 922/1320/1001 1181/1321/1296
f 1181/1321/1296 922/1320/1001 1180/1322/1297
f 1180/1322/1297 922/1320/1001 1179/1323/1298
f 1179/1323/1298 922/1320/1001 1178/1324/1299
f 1178/1324/1299 922/1320/1001 1157/1325/1253
f 839/1326/923 1177/1327/1300 840/1328/925
f 840/1328/925 1177/1327/1300 1202/1329/1301
f 1202/1329/1301 1177/1327/1300 1200/1330/1302
f 1202/1329/1301 1200/1330/1302 1201/1331/1303
f 1201/1331/1303 1200/1330/1302 1150/1332/1235
f 1150/1332/1235 1200/1330/1302 1151/1333/1236
f 1156/1334/1304 1200/1335/1305 1157/1336/1306
f 1157/1336/1306 1200/1335/1305 1203/1337/1307
f 1157/1336/1306 1203/1337/1307 1178/1338/1308
f 1156/1334/1304 1155/1339/1309 1200/1335/1305
f 1200/1335/1305 1155/1339/1309 1151/1340/1310
f 1151/1340/1310 1155/1339/1309 1154/1341/1311
f 1151/1340/1310 1154/1341/1311 1153/1342/1312
f 1153/1342/1312 1152/1343/1313 1151/1340/1310
f 1176/1344/1276 1175/1345/1275 1224/1346/1314
f 1224/1346/1314 1175/1345/1275 1199/1347/1315
f 1224/1346/1314 1199/1347/1315 1223/1348/1316
f 1223/1348/1316 1199/1347/1315 1198/1349/1317
f 1223/1348/1316 1198/1349/1317 1222/1350/1318
f 1222/1350/1318 1198/1349/1317 1197/1351/1319
f 1222/1350/1318 1197/1351/1319 1221/1352/1320
f 1221/1352/1320 1197/1351/1319 1196/1353/1321
f 1221/1352/1320 1196/1353/1321 1220/1354/1322
f 1220/1354/1322 1196/1353/1321 1195/1355/1323
f 1220/1354/1322 1195/1355/1323 1219/1356/1324
f 1219/1356/1324 1195/1355/1323 1194/1357/1325
f 1219/1356/1324 1194/1357/1325 1218/1358/1326
f 1218/1358/1326 1194/1357/1325 1193/1359/1327
f 1218/1358/1326 1193/1359/1327 1217/1360/1328
f 1217/1360/1328 1193/1359/1327 1192/1361/1329
f 1217/1360/1328 1192/1361/1329 1216/1362/1330
f 1216/1362/1330 1192/1361/1329 1191/1363/1331
f 1216/1362/1330 1191/1363/1331 1215/1364/1332
f 1215/1364/1332 1191/1363/1331 1190/1365/1333
f 1215/1364/1332 1190/1365/1333 1214/1366/1334
f 1214/1366/1334 1190/1365/1333 1189/1367/1335
f 1214/1366/1334 1189/1367/1335 1213/1368/1336
f 1213/1368/1336 1189/1367/1335 1188/1369/1337
f 1213/1368/1336 1188/1369/1337 1212/1370/1338
f 1212/1370/1338 1188/1369/1337 1187/1371/1339
f 1212/1370/1338 1187/1371/1339 1211/1372/1340
f 1211/1372/1340 1187/1371/1339 1186/1373/1341
f 1211/1372/1340 1186/1373/1341 1210/1374/1342
f 1210/1374/1342 1186/1373/1341 1185/1375/1343
f 1210/1374/1342 1185/1375/1343 1209/1376/1344
f 1209/1376/1344 1185/1375/1343 1184/1377/1345
f 1209/1376/1344 1184/1377/1345 1208/1378/1346
f 1208/1378/1346 1184/1377/1345 1183/1379/1347
f 1208/1378/1346 1183/1379/1347 1207/1380/1348
f 1207/1380/1348 1183/1379/1347 1182/1381/1349
f 1207/1380/1348 1182/1381/1349 1206/1382/1350
f 1206/1382/1350 1182/1381/1349 1181/1383/1351
f 1206/1382/1350 1181/1383/1351 1205/1384/1352
f 1205/1384/1352 1181/1383/1351 1180/1385/1353
f 1205/1384/1352 1180/1385/1353 1204/1386/1354
f 1204/1386/1354 1180/1385/1353 1179/1387/1355
f 1204/1386/1354 1179/1387/1355 1203/1388/1307
f 1203/1388/1307 1179/1387/1355 1178/1389/1308
f 1224/1390/1356 1204/1391/1357 1176/1392/1358
f 1176/1392/1358 1204/1391/1357 1203/1393/1359
f 1176/1392/1358 1203/1393/1359 1177/1394/1360
f 1177/1394/1360 1203/1393/1359 1200/1395/1361
f 1204/1391/1357 1224/1390/1356 1205/1396/1362
f 1205/1396/1362 1224/1390/1356 1223/1397/1363
f 1205/1396/1362 1223/1397/1363 1206/1398/1364
f 1206/1398/1364 1223/1397/1363 1222/1399/1365
f 1206/1398/1364 1222/1399/1365 1207/1400/1366
f 1207/1400/1366 1222/1399/1365 1221/1401/1367
f 1207/1400/1366 1221/1401/1367 1208/1402/1368
f 1208/1402/1368 1221/1401/1367 1220/1403/1369
f 1208/1402/1368 1220/1403/1369 1209/1404/1370
f 1209/1404/1370 1220/1403/1369 1219/1405/1371
f 1209/1404/1370 1219/1405/1371 1210/1406/1372
f 1210/1406/1372 1219/1405/1371 1218/1407/1373
f 1210/1406/1372 1218/1407/1373 1211/1408/1374
f 1211/1408/1374 1218/1407/1373 1217/1409/1375
f 1211/1408/1374 1217/1409/1375 1212/1410/1376
f 1212/1410/1376 1217/1409/1375 1216/1411/1377
f 1212/1410/1376 1216/1411/1377 1213/1412/1378
f 1213/1412/1378 1216/1411/1377 1215/1413/1379
f 1213/1412/1378 1215/1413/1379 1214/1414/1380
f 1202/1415/1381 1201/1416/1382 1226/1417/1383
f 1226/1417/1383 1201/1416/1382 1225/1418/1384
f 923/1419/1012 865/1420/1094 1158/1421/1385
f 1158/1421/1385 865/1420/1094 864/1422/1386
f 1158/1421/1385 864/1422/1386 1159/1423/1387
f 1159/1423/1387 864/1422/1386 863/1424/1388
f 1159/1423/1387 863/1424/1388 1150/1425/1389
f 1150/1425/1389 863/1424/1388 862/1426/1390
f 1150/1425/1389 862/1426/1390 1225/1427/1391
f 1225/1427/1391 1201/1428/1392 1150/1425/1389
f 861/1429/982 1226/1430/1393 862/1431/983
f 862/1431/983 1226/1430/1393 1225/1432/1394
f 605/1433/756 842/1434/1395 606/1435/674
f 606/1435/674 842/1434/1395 859/1436/1396
f 859/1436/1396 842/1434/1395 841/1437/1397
f 859/1436/1396 841/1437/1397 860/1438/1398
f 860/1438/1398 841/1437/1397 840/1439/1399
f 860/1438/1398 840/1439/1399 861/1440/1400
f 861/1440/1400 840/1439/1399 1226/1441/1401
f 1226/1441/1401 840/1439/1399 1202/1442/1402
g Body1

v -3.935066 0.499934 0.000000
v -3.935066 0.699934 0.200000
v -3.685066 0.699934 0.200000
v -3.685066 0.499934 0.000000
v -3.685066 0.264934 0.000000
v -3.935066 0.264934 0.000000
v -3.685066 0.699934 2.093066
v -3.685066 -0.700066 2.093066
v -3.685066 -0.700066 0.200000
v -3.685066 -0.500066 0.000000
v -3.685066 -0.265066 0.000000
v -3.685066 -0.265066 -3.300000
v -3.685066 -0.065066 -3.500000
v -3.685066 0.064934 -3.500000
v -3.685066 0.264934 -3.300000
v -3.935066 -0.700066 0.200000
v -3.935066 -0.500066 0.000000
v -3.935066 -0.700066 2.093066
v -3.935066 -0.265066 -3.300000
v -3.935066 -0.065066 -3.500000
v -3.935066 0.064934 -3.500000
v -3.935066 0.264934 -3.300000
v -3.585066 0.699934 2.443066
v -3.585066 -0.700066 2.443066
v -1.008000 -0.700066 2.443066
v -1.008000 0.699934 2.443066
v -3.585066 0.699934 2.193066
v -3.610948 0.699934 2.189659
v -3.635066 0.699934 2.179669
v -3.655777 0.699934 2.163777
v -3.671669 0.699934 2.143066
v -3.681659 0.699934 2.118948
v -3.935066 0.699934 2.093066
v -3.926291 0.699934 2.170949
v -3.900405 0.699934 2.244926
v -3.858707 0.699934 2.311288
v -3.803288 0.699934 2.366707
v -3.736926 0.699934 2.408405
v -3.662949 0.699934 2.434291
v -3.585066 -0.700066 2.193066
v -3.610948 -0.700066 2.189659
v -3.635066 -0.700066 2.179669
v -3.655777 -0.700066 2.163777
v -3.671669 -0.700066 2.143066
v -3.681659 -0.700066 2.118948
v -3.610948 -0.233400 2.189659
v -3.610948 0.233267 2.189659
v -3.635066 -0.233400 2.179669
v -3.635066 0.233267 2.179669
v -3.655777 -0.233400 2.163777
v -3.655777 0.233267 2.163777
v -3.671669 -0.233400 2.143066
v -3.671669 0.233267 2.143066
v -3.681659 -0.233400 2.118948
v -3.681659 0.233267 2.118948
v -1.008000 -0.700066 2.193066
v -1.008000 0.699934 2.193066
v -3.926291 -0.700066 2.170949
v -3.900405 -0.700066 2.244926
v -3.858707 -0.700066 2.311288
v -3.803288 -0.700066 2.366707
v -3.736926 -0.700066 2.408405
v -3.662949 -0.700066 2.434291
v -3.935066 -0.265066 0.000000
vt 0.014142 0.012500 0.000000
vt -0.014142 0.012500 0.000000
vt 0.014142 -0.012500 0.000000
vt -0.014142 -0.012500 0.000000
vt 0.020000 -0.012500 0.000000
vt 0.043500 -0.012500 0.000000
vt 0.020000 0.012500 0.000000
vt 0.043500 0.012500 0.000000
vt 0.230000 0.070000 0.000000
vt 0.040693 0.070000 0.000000
vt 0.250000 0.050000 0.000000
vt 0.250000 0.026500 0.000000
vt 0.040693 -0.070000 0.000000
vt 0.250000 -0.026500 0.000000
vt 0.250000 -0.050000 0.000000
vt 0.230000 -0.070000 0.000000
vt 0.580000 -0.026500 0.000000
vt 0.600000 -0.006500 0.000000
vt 0.600000 0.006500 0.000000
vt 0.580000 0.026500 0.000000
vt 0.014142 0.012500 0.000000
vt -0.014142 0.012500 0.000000
vt 0.014142 -0.012500 0.000000
vt -0.014142 -0.012500 0.000000
vt 0.020000 -0.012500 0.000000
vt 0.209307 -0.012500 0.000000
vt 0.020000 0.012500 0.000000
vt 0.209307 0.012500 0.000000
vt 0.014142 0.012500 0.000000
vt -0.014142 0.012500 0.000000
vt 0.014142 -0.012500 0.000000
vt -0.014142 -0.012500 0.000000
vt 0.033000 0.012500 0.000000
vt 0.020000 0.012500 0.000000
vt 0.033000 -0.012500 0.000000
vt 0.020000 -0.012500 0.000000
vt 0.014142 0.012500 0.000000
vt -0.014142 0.012500 0.000000
vt 0.014142 -0.012500 0.000000
vt -0.014142 -0.012500 0.000000
vt -0.007707 -0.070000 0.000000
vt 0.250000 -0.070000 0.000000
vt -0.007707 0.070000 0.000000
vt 0.250000 0.070000 0.000000
vt -0.025000 -0.000000 0.000000
vt 0.000000 0.000000 0.000000
vt -0.024122 0.007788 0.000000
vt 0.000341 0.002588 0.000000
vt -0.021534 0.015186 0.000000
vt 0.001340 0.005000 0.000000
vt -0.017364 0.021822 0.000000
vt 0.002929 0.007071 0.000000
vt -0.011822 0.027364 0.000000
vt 0.005000 0.008660 0.000000
vt -0.005186 0.031534 0.000000
vt 0.007412 0.009659 0.000000
vt 0.002212 0.034122 0.000000
vt 0.010000 0.010000 0.000000
vt 0.010000 0.035000 0.000000
vt 0.070000 0.013090 0.000000
vt 0.070000 0.015708 0.000000
vt 0.023333 0.013090 0.000000
vt -0.070000 0.015708 0.000000
vt -0.023333 0.013090 0.000000
vt -0.070000 0.013090 0.000000
vt -0.023333 0.010472 0.000000
vt -0.070000 0.010472 0.000000
vt -0.023333 0.007854 0.000000
vt -0.070000 0.007854 0.000000
vt -0.023333 0.005236 0.000000
vt -0.070000 0.005236 0.000000
vt -0.023333 0.002618 0.000000
vt -0.070000 0.002618 0.000000
vt -0.070000 0.000000 0.000000
vt 0.070000 0.000000 0.000000
vt 0.023333 0.002618 0.000000
vt 0.023333 0.005236 0.000000
vt 0.023333 0.007854 0.000000
vt 0.023333 0.010472 0.000000
vt 0.070000 0.002618 0.000000
vt 0.070000 0.005236 0.000000
vt 0.070000 0.007854 0.000000
vt 0.070000 0.010472 0.000000
vt 0.242293 -0.012500 0.000000
vt 0.500000 -0.012500 0.000000
vt 0.242293 0.012500 0.000000
vt 0.500000 0.012500 0.000000
vt 0.257707 0.012500 0.000000
vt -0.000000 0.012500 0.000000
vt 0.257707 -0.012500 0.000000
vt 0.000000 -0.012500 0.000000
vt 0.070000 0.054978 0.000000
vt -0.070000 0.054978 0.000000
vt 0.070000 0.047124 0.000000
vt -0.070000 0.047124 0.000000
vt 0.070000 0.039270 0.000000
vt -0.070000 0.039270 0.000000
vt 0.070000 0.031416 0.000000
vt -0.070000 0.031416 0.000000
vt 0.070000 0.023562 0.000000
vt -0.070000 0.023562 0.000000
vt 0.070000 0.015708 0.000000
vt -0.070000 0.015708 0.000000
vt 0.070000 0.007854 0.000000
vt -0.070000 0.007854 0.000000
vt 0.070000 0.000000 0.000000
vt -0.070000 0.000000 0.000000
vt 0.020000 -0.012500 0.000000
vt 0.350000 -0.012500 0.000000
vt 0.020000 0.012500 0.000000
vt 0.350000 0.012500 0.000000
vt 0.330000 0.012500 0.000000
vt 0.000000 0.012500 0.000000
vt 0.330000 -0.012500 0.000000
vt 0.000000 -0.012500 0.000000
vt 0.007707 0.070000 0.000000
vt -0.250000 0.070000 0.000000
vt 0.007707 -0.070000 0.000000
vt -0.250000 -0.070000 0.000000
vt 0.140000 0.012500 0.000000
vt 0.000000 0.012500 0.000000
vt 0.140000 -0.012500 0.000000
vt 0.000000 -0.012500 0.000000
vt -0.000000 -0.000000 0.000000
vt -0.000878 0.007788 0.000000
vt -0.025000 -0.000000 0.000000
vt -0.025341 0.002588 0.000000
vt -0.003466 0.015186 0.000000
vt -0.026340 0.005000 0.000000
vt -0.007636 0.021822 0.000000
vt -0.027929 0.007071 0.000000
vt -0.013178 0.027364 0.000000
vt -0.030000 0.008660 0.000000
vt -0.019814 0.031534 0.000000
vt -0.032412 0.009659 0.000000
vt -0.027212 0.034122 0.000000
vt -0.035000 0.010000 0.000000
vt -0.035000 0.035000 0.000000
vt 0.120000 0.012500 0.000000
vt 0.096500 0.012500 0.000000
vt 0.120000 -0.012500 0.000000
vt 0.096500 -0.012500 0.000000
vt 0.480000 0.012500 0.000000
vt 0.290693 0.012500 0.000000
vt 0.480000 -0.012500 0.000000
vt 0.290693 -0.012500 0.000000
vt -0.230000 0.070000 0.000000
vt -0.250000 0.050000 0.000000
vt -0.040693 0.070000 0.000000
vt -0.250000 0.026500 0.000000
vt -0.040693 -0.070000 0.000000
vt -0.250000 -0.026500 0.000000
vt -0.250000 -0.050000 0.000000
vt -0.580000 0.026500 0.000000
vt -0.600000 0.006500 0.000000
vt -0.600000 -0.006500 0.000000
vt -0.580000 -0.026500 0.000000
vt -0.230000 -0.070000 0.000000
vn -0.000000 0.070711 -0.070711
vn -0.000000 0.070711 -0.070711
vn -0.000000 0.070711 -0.070711
vn -0.000000 0.070711 -0.070711
vn 0.000000 0.000000 -0.100000
vn 0.000000 0.000000 -0.100000
vn 0.000000 0.000000 -0.100000
vn 0.000000 0.000000 -0.100000
vn 0.100000 0.000000 0.000000
vn 0.100000 0.000000 0.000000
vn 0.100000 0.000000 0.000000
vn 0.100000 0.000000 0.000000
vn 0.100000 0.000000 0.000000
vn 0.100000 0.000000 0.000000
vn 0.100000 0.000000 0.000000
vn 0.100000 0.000000 0.000000
vn 0.100000 0.000000 0.000000
vn 0.100000 0.000000 0.000000
vn 0.100000 0.000000 0.000000
vn 0.100000 0.000000 0.000000
vn 0.000000 -0.070711 -0.070711
vn 0.000000 -0.070711 -0.070711
vn 0.000000 -0.070711 -0.070711
vn 0.000000 -0.070711 -0.070711
vn 0.000000 -0.100000 0.000000
vn 0.000000 -0.100000 0.000000
vn 0.000000 -0.100000 0.000000
vn 0.000000 -0.100000 0.000000
vn 0.000000 -0.070711 -0.070711
vn 0.000000 -0.070711 -0.070711
vn 0.000000 -0.070711 -0.070711
vn 0.000000 -0.070711 -0.070711
vn 0.000000 0.000000 -0.100000
vn 0.000000 0.000000 -0.100000
vn 0.000000 0.000000 -0.100000
vn 0.000000 0.000000 -0.100000
vn -0.000000 0.070711 -0.070711
vn -0.000000 0.070711 -0.070711
vn -0.000000 0.070711 -0.070711
vn -0.000000 0.070711 -0.070711
vn -0.000000 -0.000000 0.100000
vn -0.000000 -0.000000 0.100000
vn -0.000000 -0.000000 0.100000
vn -0.000000 -0.000000 0.100000
vn -0.000000 0.100000 0.000000
vn -0.000000 0.100000 0.000000
vn -0.000000 0.100000 0.000000
vn -0.000000 0.100000 0.000000
vn -0.000000 0.100000 0.000000
vn -0.000000 0.100000 0.000000
vn -0.000000 0.100000 0.000000
vn -0.000000 0.100000 0.000000
vn -0.000000 0.100000 0.000000
vn -0.000000 0.100000 0.000000
vn -0.000000 0.100000 0.000000
vn -0.000000 0.100000 0.000000
vn -0.000000 0.100000 0.000000
vn -0.000000 0.100000 0.000000
vn -0.000000 0.100000 0.000000
vn 0.025882 0.000000 -0.096593
vn 0.000000 0.000000 -0.100000
vn 0.025882 0.000000 -0.096593
vn 0.000000 0.000000 -0.100000
vn 0.025882 0.000000 -0.096593
vn 0.025882 0.000000 -0.096593
vn 0.050000 0.000000 -0.086603
vn 0.050000 0.000000 -0.086603
vn 0.070711 0.000000 -0.070711
vn 0.070711 0.000000 -0.070711
vn 0.086603 0.000000 -0.050000
vn 0.086603 0.000000 -0.050000
vn 0.096593 0.000000 -0.025882
vn 0.096593 0.000000 -0.025882
vn 0.096593 0.000000 -0.025882
vn 0.086603 0.000000 -0.050000
vn 0.070711 0.000000 -0.070711
vn 0.050000 0.000000 -0.086603
vn 0.096593 0.000000 -0.025882
vn 0.086603 0.000000 -0.050000
vn 0.070711 0.000000 -0.070711
vn 0.050000 0.000000 -0.086603
vn 0.000000 -0.100000 0.000000
vn 0.000000 -0.100000 0.000000
vn 0.000000 -0.100000 0.000000
vn 0.000000 -0.100000 0.000000
vn -0.000000 0.100000 0.000000
vn -0.000000 0.100000 0.000000
vn -0.022252 -0.000000 0.097493
vn -0.022252 -0.000000 0.097493
vn -0.043388 -0.000000 0.090097
vn -0.043388 -0.000000 0.090097
vn -0.062349 -0.000000 0.078183
vn -0.062349 -0.000000 0.078183
vn -0.078183 -0.000000 0.062349
vn -0.078183 -0.000000 0.062349
vn -0.090097 -0.000000 0.043388
vn -0.090097 -0.000000 0.043388
vn -0.097493 -0.000000 0.022252
vn -0.097493 -0.000000 0.022252
vn -0.100000 -0.000000 0.000000
vn -0.100000 -0.000000 0.000000
vn 0.000000 -0.100000 0.000000
vn 0.000000 -0.100000 0.000000
vn 0.000000 -0.100000 0.000000
vn 0.000000 -0.100000 0.000000
vn -0.000000 0.100000 0.000000
vn -0.000000 0.100000 0.000000
vn -0.000000 0.100000 0.000000
vn -0.000000 0.100000 0.000000
vn 0.000000 0.000000 -0.100000
vn 0.000000 0.000000 -0.100000
vn 0.100000 0.000000 0.000000
vn 0.100000 0.000000 0.000000
vn 0.100000 0.000000 0.000000
vn 0.100000 0.000000 0.000000
vn 0.000000 -0.100000 0.000000
vn 0.000000 -0.100000 0.000000
vn 0.000000 -0.100000 0.000000
vn 0.000000 -0.100000 0.000000
vn 0.000000 -0.100000 0.000000
vn 0.000000 -0.100000 0.000000
vn 0.000000 -0.100000 0.000000
vn 0.000000 -0.100000 0.000000
vn 0.000000 -0.100000 0.000000
vn 0.000000 -0.100000 0.000000
vn 0.000000 -0.100000 0.000000
vn 0.000000 0.000000 -0.100000
vn 0.000000 0.000000 -0.100000
vn 0.000000 0.000000 -0.100000
vn 0.000000 0.000000 -0.100000
vn -0.000000 0.100000 0.000000
vn -0.000000 0.100000 0.000000
vn -0.100000 -0.000000 0.000000
vn -0.100000 -0.000000 0.000000
vn -0.100000 -0.000000 0.000000
vn -0.100000 -0.000000 0.000000
vn -0.100000 -0.000000 0.000000
vn -0.100000 -0.000000 0.000000
vn -0.100000 -0.000000 0.000000
vn -0.100000 -0.000000 0.000000
vn -0.100000 -0.000000 0.000000
vn -0.100000 -0.000000 0.000000
usemtl Aluminum_-_Satin
f 1227/1443/1403 1228/1444/1404 1230/1445/1405
f 1230/1445/1405 1228/1444/1404 1229/1446/1406
f 1230/1447/1407 1231/1448/1408 1227/1449/1409
f 1227/1449/1409 1231/1448/1408 1232/1450/1410
f 1229/1451/1411 1233/1452/1412 1230/1453/1413
f 1230/1453/1413 1233/1452/1412 1231/1454/1414
f 1231/1454/1414 1233/1452/1412 1234/1455/1415
f 1231/1454/1414 1234/1455/1415 1237/1456/1416
f 1237/1456/1416 1234/1455/1415 1236/1457/1417
f 1236/1457/1417 1234/1455/1415 1235/1458/1418
f 1238/1459/1419 1239/1460/1420 1237/1456/1416
f 1237/1456/1416 1239/1460/1420 1240/1461/1421
f 1237/1456/1416 1240/1461/1421 1231/1454/1414
f 1231/1454/1414 1240/1461/1421 1241/1462/1422
f 1242/1463/1423 1243/1464/1424 1235/1465/1425
f 1235/1465/1425 1243/1464/1424 1236/1466/1426
f 1235/1467/1427 1234/1468/1428 1242/1469/1429
f 1242/1469/1429 1234/1468/1428 1244/1470/1430
f 1245/1471/1431 1246/1472/1432 1238/1473/1433
f 1238/1473/1433 1246/1472/1432 1239/1474/1434
f 1246/1475/1435 1247/1476/1436 1239/1477/1437
f 1239/1477/1437 1247/1476/1436 1240/1478/1438
f 1247/1479/1439 1248/1480/1440 1240/1481/1441
f 1240/1481/1441 1248/1480/1440 1241/1482/1442
f 1250/1483/1443 1251/1484/1444 1249/1485/1445
f 1249/1485/1445 1251/1484/1444 1252/1486/1446
f 1249/1487/1447 1253/1488/1448 1265/1489/1449
f 1265/1489/1449 1253/1488/1448 1254/1490/1450
f 1265/1489/1449 1254/1490/1450 1264/1491/1451
f 1264/1491/1451 1254/1490/1450 1255/1492/1452
f 1264/1491/1451 1255/1492/1452 1263/1493/1453
f 1263/1493/1453 1255/1492/1452 1256/1494/1454
f 1263/1493/1453 1256/1494/1454 1262/1495/1455
f 1262/1495/1455 1256/1494/1454 1257/1496/1456
f 1262/1495/1455 1257/1496/1456 1261/1497/1457
f 1261/1497/1457 1257/1496/1456 1258/1498/1458
f 1261/1497/1457 1258/1498/1458 1260/1499/1459
f 1260/1499/1459 1258/1498/1458 1233/1500/1460
f 1260/1499/1459 1233/1500/1460 1259/1501/1461
f 1254/1502/1462 1253/1503/1463 1273/1504/1464
f 1273/1504/1464 1253/1503/1463 1266/1505/1465
f 1273/1504/1464 1266/1505/1465 1272/1506/1466
f 1272/1506/1466 1266/1505/1465 1267/1507/1467
f 1272/1506/1466 1267/1507/1467 1274/1508/1468
f 1274/1508/1468 1267/1507/1467 1268/1509/1469
f 1274/1508/1468 1268/1509/1469 1276/1510/1470
f 1276/1510/1470 1268/1509/1469 1269/1511/1471
f 1276/1510/1470 1269/1511/1471 1278/1512/1472
f 1278/1512/1472 1269/1511/1471 1270/1513/1473
f 1278/1512/1472 1270/1513/1473 1280/1514/1474
f 1280/1514/1474 1270/1513/1473 1271/1515/1475
f 1280/1514/1474 1271/1515/1475 1234/1516/1415
f 1234/1516/1415 1233/1517/1412 1280/1514/1474
f 1280/1514/1474 1233/1517/1412 1281/1518/1476
f 1280/1514/1474 1281/1518/1476 1278/1512/1472
f 1278/1512/1472 1281/1518/1476 1279/1519/1477
f 1278/1512/1472 1279/1519/1477 1276/1510/1470
f 1276/1510/1470 1279/1519/1477 1277/1520/1478
f 1276/1510/1470 1277/1520/1478 1274/1508/1468
f 1274/1508/1468 1277/1520/1478 1275/1521/1479
f 1274/1508/1468 1275/1521/1479 1272/1506/1466
f 1272/1506/1466 1275/1521/1479 1273/1504/1464
f 1233/1517/1412 1258/1522/1480 1281/1518/1476
f 1281/1518/1476 1258/1522/1480 1279/1519/1477
f 1258/1522/1480 1257/1523/1481 1279/1519/1477
f 1279/1519/1477 1257/1523/1481 1277/1520/1478
f 1257/1523/1481 1256/1524/1482 1277/1520/1478
f 1277/1520/1478 1256/1524/1482 1275/1521/1479
f 1256/1524/1482 1255/1525/1483 1275/1521/1479
f 1275/1521/1479 1255/1525/1483 1273/1504/1464
f 1255/1525/1483 1254/1502/1462 1273/1504/1464
f 1266/1526/1484 1282/1527/1485 1250/1528/1486
f 1250/1528/1486 1282/1527/1485 1251/1529/1487
f 1249/1530/1447 1252/1531/1488 1253/1532/1448
f 1253/1532/1448 1252/1531/1488 1283/1533/1489
f 1250/1534/1443 1249/1535/1445 1289/1536/1490
f 1289/1536/1490 1249/1535/1445 1265/1537/1491
f 1289/1536/1490 1265/1537/1491 1288/1538/1492
f 1288/1538/1492 1265/1537/1491 1264/1539/1493
f 1288/1538/1492 1264/1539/1493 1287/1540/1494
f 1287/1540/1494 1264/1539/1493 1263/1541/1495
f 1287/1540/1494 1263/1541/1495 1286/1542/1496
f 1286/1542/1496 1263/1541/1495 1262/1543/1497
f 1286/1542/1496 1262/1543/1497 1285/1544/1498
f 1285/1544/1498 1262/1543/1497 1261/1545/1499
f 1285/1544/1498 1261/1545/1499 1284/1546/1500
f 1284/1546/1500 1261/1545/1499 1260/1547/1501
f 1284/1546/1500 1260/1547/1501 1244/1548/1502
f 1244/1548/1502 1260/1547/1501 1259/1549/1503
f 1238/1550/1504 1237/1551/1505 1245/1552/1506
f 1245/1552/1506 1237/1551/1505 1290/1553/1507
f 1248/1554/1508 1232/1555/1509 1241/1556/1510
f 1241/1556/1510 1232/1555/1509 1231/1557/1511
f 1253/1558/1463 1283/1559/1512 1266/1560/1465
f 1266/1560/1465 1283/1559/1512 1282/1561/1513
f 1252/1562/1514 1251/1563/1515 1283/1564/1516
f 1283/1564/1516 1251/1563/1515 1282/1565/1517
f 1250/1566/1486 1289/1567/1518 1266/1568/1484
f 1266/1568/1484 1289/1567/1518 1267/1569/1519
f 1267/1569/1519 1289/1567/1518 1288/1570/1520
f 1267/1569/1519 1288/1570/1520 1268/1571/1521
f 1268/1571/1521 1288/1570/1520 1287/1572/1522
f 1268/1571/1521 1287/1572/1522 1269/1573/1523
f 1269/1573/1523 1287/1572/1522 1286/1574/1524
f 1269/1573/1523 1286/1574/1524 1270/1575/1525
f 1270/1575/1525 1286/1574/1524 1285/1576/1526
f 1270/1575/1525 1285/1576/1526 1271/1577/1527
f 1271/1577/1527 1285/1576/1526 1284/1578/1528
f 1271/1577/1527 1284/1578/1528 1234/1579/1428
f 1234/1579/1428 1284/1578/1528 1244/1580/1430
f 1243/1581/1529 1290/1582/1530 1236/1583/1531
f 1236/1583/1531 1290/1582/1530 1237/1584/1532
f 1228/1585/1533 1259/1586/1461 1229/1587/1534
f 1229/1587/1534 1259/1586/1461 1233/1588/1460
f 1228/1589/1535 1227/1590/1536 1259/1591/1503
f 1259/1591/1503 1227/1590/1536 1232/1592/1537
f 1259/1591/1503 1232/1592/1537 1244/1593/1502
f 1244/1593/1502 1232/1592/1537 1290/1594/1538
f 1244/1593/1502 1290/1594/1538 1243/1595/1539
f 1248/1596/1540 1247/1597/1541 1232/1592/1537
f 1232/1592/1537 1247/1597/1541 1290/1594/1538
f 1247/1597/1541 1246/1598/1542 1290/1594/1538
f 1290/1594/1538 1246/1598/1542 1245/1599/1543
f 1243/1595/1539 1242/1600/1544 1244/1593/1502
g Body2

v -3.935066 3.039934 0.000000
v -3.935066 3.239934 0.200000
v -3.685066 3.239934 0.200000
v -3.685066 3.039934 0.000000
v -3.685066 2.804934 0.000000
v -3.935066 2.804934 0.000000
v -3.685066 3.239934 2.093066
v -3.685066 1.839934 2.093066
v -3.685066 1.839934 0.200000
v -3.685066 2.039934 0.000000
v -3.685066 2.274934 0.000000
v -3.685066 2.274934 -3.300000
v -3.685066 2.474934 -3.500000
v -3.685066 2.604934 -3.500000
v -3.685066 2.804934 -3.300000
v -3.935066 1.839934 0.200000
v -3.935066 2.039934 0.000000
v -3.935066 1.839934 2.093066
v -3.935066 2.274934 -3.300000
v -3.935066 2.474934 -3.500000
v -3.935066 2.604934 -3.500000
v -3.935066 2.804934 -3.300000
v -3.585066 3.239934 2.443066
v -3.585066 1.839934 2.443066
v -1.008000 1.839934 2.443066
v -1.008000 3.239934 2.443066
v -3.585066 3.239934 2.193066
v -3.610948 3.239934 2.189659
v -3.635066 3.239934 2.179669
v -3.655777 3.239934 2.163777
v -3.671669 3.239934 2.143066
v -3.681659 3.239934 2.118948
v -3.935066 3.239934 2.093066
v -3.926291 3.239934 2.170949
v -3.900405 3.239934 2.244926
v -3.858707 3.239934 2.311288
v -3.803288 3.239934 2.366707
v -3.736926 3.239934 2.408405
v -3.662949 3.239934 2.434291
v -3.585066 1.839934 2.193066
v -3.610948 1.839934 2.189659
v -3.635066 1.839934 2.179669
v -3.655777 1.839934 2.163777
v -3.671669 1.839934 2.143066
v -3.681659 1.839934 2.118948
v -3.610948 2.306600 2.189659
v -3.610948 2.773267 2.189659
v -3.635066 2.306600 2.179669
v -3.635066 2.773267 2.179669
v -3.655777 2.306600 2.163777
v -3.655777 2.773267 2.163777
v -3.671669 2.306600 2.143066
v -3.671669 2.773267 2.143066
v -3.681659 2.306600 2.118948
v -3.681659 2.773267 2.118948
v -1.008000 1.839934 2.193066
v -1.008000 3.239934 2.193066
v -3.926291 1.839934 2.170949
v -3.900405 1.839934 2.244926
v -3.858707 1.839934 2.311288
v -3.803288 1.839934 2.366707
v -3.736926 1.839934 2.408405
v -3.662949 1.839934 2.434291
v -3.935066 2.274934 0.000000
vt 0.014142 0.012500 0.000000
vt -0.014142 0.012500 0.000000
vt 0.014142 -0.012500 0.000000
vt -0.014142 -0.012500 0.000000
vt 0.020000 -0.012500 0.000000
vt 0.043500 -0.012500 0.000000
vt 0.020000 0.012500 0.000000
vt 0.043500 0.012500 0.000000
vt 0.230000 0.070000 0.000000
vt 0.040693 0.070000 0.000000
vt 0.250000 0.050000 0.000000
vt 0.250000 0.026500 0.000000
vt 0.040693 -0.070000 0.000000
vt 0.250000 -0.026500 0.000000
vt 0.250000 -0.050000 0.000000
vt 0.230000 -0.070000 0.000000
vt 0.580000 -0.026500 0.000000
vt 0.600000 -0.006500 0.000000
vt 0.600000 0.006500 0.000000
vt 0.580000 0.026500 0.000000
vt 0.014142 0.012500 0.000000
vt -0.014142 0.012500 0.000000
vt 0.014142 -0.012500 0.000000
vt -0.014142 -0.012500 0.000000
vt 0.020000 -0.012500 0.000000
vt 0.209307 -0.012500 0.000000
vt 0.020000 0.012500 0.000000
vt 0.209307 0.012500 0.000000
vt 0.014142 0.012500 0.000000
vt -0.014142 0.012500 0.000000
vt 0.014142 -0.012500 0.000000
vt -0.014142 -0.012500 0.000000
vt 0.033000 0.012500 0.000000
vt 0.020000 0.012500 0.000000
vt 0.033000 -0.012500 0.000000
vt 0.020000 -0.012500 0.000000
vt 0.014142 0.012500 0.000000
vt -0.014142 0.012500 0.000000
vt 0.014142 -0.012500 0.000000
vt -0.014142 -0.012500 0.000000
vt -0.007707 -0.070000 0.000000
vt 0.250000 -0.070000 0.000000
vt -0.007707 0.070000 0.000000
vt 0.250000 0.070000 0.000000
vt -0.025000 -0.000000 0.000000
vt 0.000000 0.000000 0.000000
vt -0.024122 0.007788 0.000000
vt 0.000341 0.002588 0.000000
vt -0.021534 0.015186 0.000000
vt 0.001340 0.005000 0.000000
vt -0.017364 0.021822 0.000000
vt 0.002929 0.007071 0.000000
vt -0.011822 0.027364 0.000000
vt 0.005000 0.008660 0.000000
vt -0.005186 0.031534 0.000000
vt 0.007412 0.009659 0.000000
vt 0.002212 0.034122 0.000000
vt 0.010000 0.010000 0.000000
vt 0.010000 0.035000 0.000000
vt 0.070000 0.013090 0.000000
vt 0.070000 0.015708 0.000000
vt 0.023333 0.013090 0.000000
vt -0.070000 0.015708 0.000000
vt -0.023333 0.013090 0.000000
vt -0.070000 0.013090 0.000000
vt -0.023333 0.010472 0.000000
vt -0.070000 0.010472 0.000000
vt -0.023333 0.007854 0.000000
vt -0.070000 0.007854 0.000000
vt -0.023333 0.005236 0.000000
vt -0.070000 0.005236 0.000000
vt -0.023333 0.002618 0.000000
vt -0.070000 0.002618 0.000000
vt -0.070000 0.000000 0.000000
vt 0.070000 0.000000 0.000000
vt 0.023333 0.002618 0.000000
vt 0.023333 0.005236 0.000000
vt 0.023333 0.007854 0.000000
vt 0.023333 0.010472 0.000000
vt 0.070000 0.002618 0.000000
vt 0.070000 0.005236 0.000000
vt 0.070000 0.007854 0.000000
vt 0.070000 0.010472 0.000000
vt 0.242293 -0.012500 0.000000
vt 0.500000 -0.012500 0.000000
vt 0.242293 0.012500 0.000000
vt 0.500000 0.012500 0.000000
vt 0.257707 0.012500 0.000000
vt -0.000000 0.012500 0.000000
vt 0.257707 -0.012500 0.000000
vt 0.000000 -0.012500 0.000000
vt 0.070000 0.054978 0.000000
vt -0.070000 0.054978 0.000000
vt 0.070000 0.047124 0.000000
vt -0.070000 0.047124 0.000000
vt 0.070000 0.039270 0.000000
vt -0.070000 0.039270 0.000000
vt 0.070000 0.031416 0.000000
vt -0.070000 0.031416 0.000000
vt 0.070000 0.023562 0.000000
vt -0.070000 0.023562 0.000000
vt 0.070000 0.015708 0.000000
vt -0.070000 0.015708 0.000000
vt 0.070000 0.007854 0.000000
vt -0.070000 0.007854 0.000000
vt 0.070000 0.000000 0.000000
vt -0.070000 0.000000 0.000000
vt 0.020000 -0.012500 0.000000
vt 0.350000 -0.012500 0.000000
vt 0.020000 0.012500 0.000000
vt 0.350000 0.012500 0.000000
vt 0.330000 0.012500 0.000000
vt 0.000000 0.012500 0.000000
vt 0.330000 -0.012500 0.000000
vt 0.000000 -0.012500 0.000000
vt 0.007707 0.070000 0.000000
vt -0.250000 0.070000 0.000000
vt 0.007707 -0.070000 0.000000
vt -0.250000 -0.070000 0.000000
vt 0.140000 0.012500 0.000000
vt 0.000000 0.012500 0.000000
vt 0.140000 -0.012500 0.000000
vt 0.000000 -0.012500 0.000000
vt -0.000000 -0.000000 0.000000
vt -0.000878 0.007788 0.000000
vt -0.025000 -0.000000 0.000000
vt -0.025341 0.002588 0.000000
vt -0.003466 0.015186 0.000000
vt -0.026340 0.005000 0.000000
vt -0.007636 0.021822 0.000000
vt -0.027929 0.007071 0.000000
vt -0.013178 0.027364 0.000000
vt -0.030000 0.008660 0.000000
vt -0.019814 0.031534 0.000000
vt -0.032412 0.009659 0.000000
vt -0.027212 0.034122 0.000000
vt -0.035000 0.010000 0.000000
vt -0.035000 0.035000 0.000000
vt 0.120000 0.012500 0.000000
vt 0.096500 0.012500 0.000000
vt 0.120000 -0.012500 0.000000
vt 0.096500 -0.012500 0.000000
vt 0.480000 0.012500 0.000000
vt 0.290693 0.012500 0.000000
vt 0.480000 -0.012500 0.000000
vt 0.290693 -0.012500 0.000000
vt -0.230000 0.070000 0.000000
vt -0.250000 0.050000 0.000000
vt -0.040693 0.070000 0.000000
vt -0.250000 0.026500 0.000000
vt -0.040693 -0.070000 0.000000
vt -0.250000 -0.026500 0.000000
vt -0.250000 -0.050000 0.000000
vt -0.580000 0.026500 0.000000
vt -0.600000 0.006500 0.000000
vt -0.600000 -0.006500 0.000000
vt -0.580000 -0.026500 0.000000
vt -0.230000 -0.070000 0.000000
vn -0.000000 0.070711 -0.070711
vn -0.000000 0.070711 -0.070711
vn -0.000000 0.070711 -0.070711
vn -0.000000 0.070711 -0.070711
vn 0.000000 0.000000 -0.100000
vn 0.000000 0.000000 -0.100000
vn 0.000000 0.000000 -0.100000
vn 0.000000 0.000000 -0.100000
vn 0.100000 0.000000 0.000000
vn 0.100000 0.000000 0.000000
vn 0.100000 0.000000 0.000000
vn 0.100000 0.000000 0.000000
vn 0.100000 0.000000 0.000000
vn 0.100000 0.000000 0.000000
vn 0.100000 0.000000 0.000000
vn 0.100000 0.000000 0.000000
vn 0.100000 0.000000 0.000000
vn 0.100000 0.000000 0.000000
vn 0.100000 0.000000 0.000000
vn 0.100000 0.000000 0.000000
vn 0.000000 -0.070711 -0.070711
vn 0.000000 -0.070711 -0.070711
vn 0.000000 -0.070711 -0.070711
vn 0.000000 -0.070711 -0.070711
vn 0.000000 -0.100000 0.000000
vn 0.000000 -0.100000 0.000000
vn 0.000000 -0.100000 0.000000
vn 0.000000 -0.100000 0.000000
vn 0.000000 -0.070711 -0.070711
vn 0.000000 -0.070711 -0.070711
vn 0.000000 -0.070711 -0.070711
vn 0.000000 -0.070711 -0.070711
vn 0.000000 0.000000 -0.100000
vn 0.000000 0.000000 -0.100000
vn 0.000000 0.000000 -0.100000
vn 0.000000 0.000000 -0.100000
vn -0.000000 0.070711 -0.070711
vn -0.000000 0.070711 -0.070711
vn -0.000000 0.070711 -0.070711
vn -0.000000 0.070711 -0.070711
vn -0.000000 -0.000000 0.100000
vn -0.000000 -0.000000 0.100000
vn -0.000000 -0.000000 0.100000
vn -0.000000 -0.000000 0.100000
vn -0.000000 0.100000 0.000000
vn -0.000000 0.100000 0.000000
vn -0.000000 0.100000 0.000000
vn -0.000000 0.100000 0.000000
vn -0.000000 0.100000 0.000000
vn -0.000000 0.100000 0.000000
vn -0.000000 0.100000 0.000000
vn -0.000000 0.100000 0.000000
vn -0.000000 0.100000 0.000000
vn -0.000000 0.100000 0.000000
vn -0.000000 0.100000 0.000000
vn -0.000000 0.100000 0.000000
vn -0.000000 0.100000 0.000000
vn -0.000000 0.100000 0.000000
vn -0.000000 0.100000 0.000000
vn 0.025882 0.000000 -0.096593
vn 0.000000 0.000000 -0.100000
vn 0.025882 0.000000 -0.096593
vn 0.000000 0.000000 -0.100000
vn 0.025882 0.000000 -0.096593
vn 0.025882 0.000000 -0.096593
vn 0.050000 0.000000 -0.086603
vn 0.050000 0.000000 -0.086603
vn 0.070711 0.000000 -0.070711
vn 0.070711 0.000000 -0.070711
vn 0.086603 0.000000 -0.050000
vn 0.086603 0.000000 -0.050000
vn 0.096593 0.000000 -0.025882
vn 0.096593 0.000000 -0.025882
vn 0.096593 0.000000 -0.025882
vn 0.086603 0.000000 -0.050000
vn 0.070711 0.000000 -0.070711
vn 0.050000 0.000000 -0.086603
vn 0.096593 0.000000 -0.025882
vn 0.086603 0.000000 -0.050000
vn 0.070711 0.000000 -0.070711
vn 0.050000 0.000000 -0.086603
vn 0.000000 -0.100000 0.000000
vn 0.000000 -0.100000 0.000000
vn 0.000000 -0.100000 0.000000
vn 0.000000 -0.100000 0.000000
vn -0.000000 0.100000 0.000000
vn -0.000000 0.100000 0.000000
vn -0.022252 -0.000000 0.097493
vn -0.022252 -0.000000 0.097493
vn -0.043388 -0.000000 0.090097
vn -0.043388 -0.000000 0.090097
vn -0.062349 -0.000000 0.078183
vn -0.062349 -0.000000 0.078183
vn -0.078183 -0.000000 0.062349
vn -0.078183 -0.000000 0.062349
vn -0.090097 -0.000000 0.043388
vn -0.090097 -0.000000 0.043388
vn -0.097493 -0.000000 0.022252
vn -0.097493 -0.000000 0.022252
vn -0.100000 -0.000000 0.000000
vn -0.100000 -0.000000 0.000000
vn 0.000000 -0.100000 0.000000
vn 0.000000 -0.100000 0.000000
vn 0.000000 -0.100000 0.000000
vn 0.000000 -0.100000 0.000000
vn -0.000000 0.100000 0.000000
vn -0.000000 0.100000 0.000000
vn -0.000000 0.100000 0.000000
vn -0.000000 0.100000 0.000000
vn 0.000000 0.000000 -0.100000
vn 0.000000 0.000000 -0.100000
vn 0.100000 0.000000 0.000000
vn 0.100000 0.000000 0.000000
vn 0.100000 0.000000 0.000000
vn 0.100000 0.000000 0.000000
vn 0.000000 -0.100000 0.000000
vn 0.000000 -0.100000 0.000000
vn 0.000000 -0.100000 0.000000
vn 0.000000 -0.100000 0.000000
vn 0.000000 -0.100000 0.000000
vn 0.000000 -0.100000 0.000000
vn 0.000000 -0.100000 0.000000
vn 0.000000 -0.100000 0.000000
vn 0.000000 -0.100000 0.000000
vn 0.000000 -0.100000 0.000000
vn 0.000000 -0.100000 0.000000
vn 0.000000 0.000000 -0.100000
vn 0.000000 0.000000 -0.100000
vn 0.000000 0.000000 -0.100000
vn 0.000000 0.000000 -0.100000
vn -0.000000 0.100000 0.000000
vn -0.000000 0.100000 0.000000
vn -0.100000 -0.000000 0.000000
vn -0.100000 -0.000000 0.000000
vn -0.100000 -0.000000 0.000000
vn -0.100000 -0.000000 0.000000
vn -0.100000 -0.000000 0.000000
vn -0.100000 -0.000000 0.000000
vn -0.100000 -0.000000 0.000000
vn -0.100000 -0.000000 0.000000
vn -0.100000 -0.000000 0.000000
vn -0.100000 -0.000000 0.000000
f 1291/1601/1545 1292/1602/1546 1294/1603/1547
f 1294/1603/1547 1292/1602/1546 1293/1604/1548
f 1294/1605/1549 1295/1606/1550 1291/1607/1551
f 1291/1607/1551 1295/1606/1550 1296/1608/1552
f 1293/1609/1553 1297/1610/1554 1294/1611/1555
f 1294/1611/1555 1297/1610/1554 1295/1612/1556
f 1295/1612/1556 1297/1610/1554 1298/1613/1557
f 1295/1612/1556 1298/1613/1557 1301/1614/1558
f 1301/1614/1558 1298/1613/1557 1300/1615/1559
f 1300/1615/1559 1298/1613/1557 1299/1616/1560
f 1302/1617/1561 1303/1618/1562 1301/1614/1558
f 1301/1614/1558 1303/1618/1562 1304/1619/1563
f 1301/1614/1558 1304/1619/1563 1295/1612/1556
f 1295/1612/1556 1304/1619/1563 1305/1620/1564
f 1306/1621/1565 1307/1622/1566 1299/1623/1567
f 1299/1623/1567 1307/1622/1566 1300/1624/1568
f 1299/1625/1569 1298/1626/1570 1306/1627/1571
f 1306/1627/1571 1298/1626/1570 1308/1628/1572
f 1309/1629/1573 1310/1630/1574 1302/1631/1575
f 1302/1631/1575 1310/1630/1574 1303/1632/1576
f 1310/1633/1577 1311/1634/1578 1303/1635/1579
f 1303/1635/1579 1311/1634/1578 1304/1636/1580
f 1311/1637/1581 1312/1638/1582 1304/1639/1583
f 1304/1639/1583 1312/1638/1582 1305/1640/1584
f 1314/1641/1585 1315/1642/1586 1313/1643/1587
f 1313/1643/1587 1315/1642/1586 1316/1644/1588
f 1313/1645/1589 1317/1646/1590 1329/1647/1591
f 1329/1647/1591 1317/1646/1590 1318/1648/1592
f 1329/1647/1591 1318/1648/1592 1328/1649/1593
f 1328/1649/1593 1318/1648/1592 1319/1650/1594
f 1328/1649/1593 1319/1650/1594 1327/1651/1595
f 1327/1651/1595 1319/1650/1594 1320/1652/1596
f 1327/1651/1595 1320/1652/1596 1326/1653/1597
f 1326/1653/1597 1320/1652/1596 1321/1654/1598
f 1326/1653/1597 1321/1654/1598 1325/1655/1599
f 1325/1655/1599 1321/1654/1598 1322/1656/1600
f 1325/1655/1599 1322/1656/1600 1324/1657/1601
f 1324/1657/1601 1322/1656/1600 1297/1658/1602
f 1324/1657/1601 1297/1658/1602 1323/1659/1603
f 1318/1660/1604 1317/1661/1605 1337/1662/1606
f 1337/1662/1606 1317/1661/1605 1330/1663/1607
f 1337/1662/1606 1330/1663/1607 1336/1664/1608
f 1336/1664/1608 1330/1663/1607 1331/1665/1609
f 1336/1664/1608 1331/1665/1609 1338/1666/1610
f 1338/1666/1610 1331/1665/1609 1332/1667/1611
f 1338/1666/1610 1332/1667/1611 1340/1668/1612
f 1340/1668/1612 1332/1667/1611 1333/1669/1613
f 1340/1668/1612 1333/1669/1613 1342/1670/1614
f 1342/1670/1614 1333/1669/1613 1334/1671/1615
f 1342/1670/1614 1334/1671/1615 1344/1672/1616
f 1344/1672/1616 1334/1671/1615 1335/1673/1617
f 1344/1672/1616 1335/1673/1617 1298/1674/1557
f 1298/1674/1557 1297/1675/1554 1344/1672/1616
f 1344/1672/1616 1297/1675/1554 1345/1676/1618
f 1344/1672/1616 1345/1676/1618 1342/1670/1614
f 1342/1670/1614 1345/1676/1618 1343/1677/1619
f 1342/1670/1614 1343/1677/1619 1340/1668/1612
f 1340/1668/1612 1343/1677/1619 1341/1678/1620
f 1340/1668/1612 1341/1678/1620 1338/1666/1610
f 1338/1666/1610 1341/1678/1620 1339/1679/1621
f 1338/1666/1610 1339/1679/1621 1336/1664/1608
f 1336/1664/1608 1339/1679/1621 1337/1662/1606
f 1297/1675/1554 1322/1680/1622 1345/1676/1618
f 1345/1676/1618 1322/1680/1622 1343/1677/1619
f 1322/1680/1622 1321/1681/1623 1343/1677/1619
f 1343/1677/1619 1321/1681/1623 1341/1678/1620
f 1321/1681/1623 1320/1682/1624 1341/1678/1620
f 1341/1678/1620 1320/1682/1624 1339/1679/1621
f 1320/1682/1624 1319/1683/1625 1339/1679/1621
f 1339/1679/1621 1319/1683/1625 1337/1662/1606
f 1319/1683/1625 1318/1660/1604 1337/1662/1606
f 1330/1684/1626 1346/1685/1627 1314/1686/1628
f 1314/1686/1628 1346/1685/1627 1315/1687/1629
f 1313/1688/1589 1316/1689/1630 1317/1690/1590
f 1317/1690/1590 1316/1689/1630 1347/1691/1631
f 1314/1692/1585 1313/1693/1587 1353/1694/1632
f 1353/1694/1632 1313/1693/1587 1329/1695/1633
f 1353/1694/1632 1329/1695/1633 1352/1696/1634
f 1352/1696/1634 1329/1695/1633 1328/1697/1635
f 1352/1696/1634 1328/1697/1635 1351/1698/1636
f 1351/1698/1636 1328/1697/1635 1327/1699/1637
f 1351/1698/1636 1327/1699/1637 1350/1700/1638
f 1350/1700/1638 1327/1699/1637 1326/1701/1639
f 1350/1700/1638 1326/1701/1639 1349/1702/1640
f 1349/1702/1640 1326/1701/1639 1325/1703/1641
f 1349/1702/1640 1325/1703/1641 1348/1704/1642
f 1348/1704/1642 1325/1703/1641 1324/1705/1643
f 1348/1704/1642 1324/1705/1643 1308/1706/1644
f 1308/1706/1644 1324/1705/1643 1323/1707/1645
f 1302/1708/1646 1301/1709/1647 1309/1710/1648
f 1309/1710/1648 1301/1709/1647 1354/1711/1649
f 1312/1712/1650 1296/1713/1651 1305/1714/1652
f 1305/1714/1652 1296/1713/1651 1295/1715/1653
f 1317/1716/1605 1347/1717/1654 1330/1718/1607
f 1330/1718/1607 1347/1717/1654 1346/1719/1655
f 1316/1720/1656 1315/1721/1657 1347/1722/1658
f 1347/1722/1658 1315/1721/1657 1346/1723/1659
f 1314/1724/1628 1353/1725/1660 1330/1726/1626
f 1330/1726/1626 1353/1725/1660 1331/1727/1661
f 1331/1727/1661 1353/1725/1660 1352/1728/1662
f 1331/1727/1661 1352/1728/1662 1332/1729/1663
f 1332/1729/1663 1352/1728/1662 1351/1730/1664
f 1332/1729/1663 1351/1730/1664 1333/1731/1665
f 1333/1731/1665 1351/1730/1664 1350/1732/1666
f 1333/1731/1665 1350/1732/1666 1334/1733/1667
f 1334/1733/1667 1350/1732/1666 1349/1734/1668
f 1334/1733/1667 1349/1734/1668 1335/1735/1669
f 1335/1735/1669 1349/1734/1668 1348/1736/1670
f 1335/1735/1669 1348/1736/1670 1298/1737/1570
f 1298/1737/1570 1348/1736/1670 1308/1738/1572
f 1307/1739/1671 1354/1740/1672 1300/1741/1673
f 1300/1741/1673 1354/1740/1672 1301/1742/1674
f 1292/1743/1675 1323/1744/1603 1293/1745/1676
f 1293/1745/1676 1323/1744/1603 1297/1746/1602
f 1292/1747/1677 1291/1748/1678 1323/1749/1645
f 1323/1749/1645 1291/1748/1678 1296/1750/1679
f 1323/1749/1645 1296/1750/1679 1308/1751/1644
f 1308/1751/1644 1296/1750/1679 1354/1752/1680
f 1308/1751/1644 1354/1752/1680 1307/1753/1681
f 1312/1754/1682 1311/1755/1683 1296/1750/1679
f 1296/1750/1679 1311/1755/1683 1354/1752/1680
f 1311/1755/1683 1310/1756/1684 1354/1752/1680
f 1354/1752/1680 1310/1756/1684 1309/1757/1685
f 1307/1753/1681 1306/1758/1686 1308/1751/1644
g Body3

v -3.935066 -2.040066 0.000000
v -3.935066 -1.840066 0.200000
v -3.685066 -1.840066 0.200000
v -3.685066 -2.040066 0.000000
v -3.685066 -2.275066 0.000000
v -3.935066 -2.275066 0.000000
v -3.685066 -1.840066 2.093066
v -3.685066 -3.240066 2.093066
v -3.685066 -3.240066 0.200000
v -3.685066 -3.040066 0.000000
v -3.685066 -2.805066 0.000000
v -3.685066 -2.805066 -3.300000
v -3.685066 -2.605066 -3.500000
v -3.685066 -2.475066 -3.500000
v -3.685066 -2.275066 -3.300000
v -3.935066 -3.240066 0.200000
v -3.935066 -3.040066 0.000000
v -3.935066 -3.240066 2.093066
v -3.935066 -2.805066 -3.300000
v -3.935066 -2.605066 -3.500000
v -3.935066 -2.475066 -3.500000
v -3.935066 -2.275066 -3.300000
v -3.585066 -1.840066 2.443066
v -3.585066 -3.240066 2.443066
v -1.008000 -3.240066 2.443066
v -1.008000 -1.840066 2.443066
v -3.585066 -1.840066 2.193066
v -3.610948 -1.840066 2.189659
v -3.635066 -1.840066 2.179669
v -3.655777 -1.840066 2.163777
v -3.671669 -1.840066 2.143066
v -3.681659 -1.840066 2.118948
v -3.935066 -1.840066 2.093066
v -3.926291 -1.840066 2.170949
v -3.900405 -1.840066 2.244926
v -3.858707 -1.840066 2.311288
v -3.803288 -1.840066 2.366707
v -3.736926 -1.840066 2.408405
v -3.662949 -1.840066 2.434291
v -3.585066 -3.240066 2.193066
v -3.610948 -3.240066 2.189659
v -3.635066 -3.240066 2.179669
v -3.655777 -3.240066 2.163777
v -3.671669 -3.240066 2.143066
v -3.681659 -3.240066 2.118948
v -3.610948 -2.773400 2.189659
v -3.610948 -2.306733 2.189659
v -3.635066 -2.773400 2.179669
v -3.635066 -2.306733 2.179669
v -3.655777 -2.773400 2.163777
v -3.655777 -2.306733 2.163777
v -3.671669 -2.773400 2.143066
v -3.671669 -2.306733 2.143066
v -3.681659 -2.773400 2.118948
v -3.681659 -2.306733 2.118948
v -1.008000 -3.240066 2.193066
v -1.008000 -1.840066 2.193066
v -3.926291 -3.240066 2.170949
v -3.900405 -3.240066 2.244926
v -3.858707 -3.240066 2.311288
v -3.803288 -3.240066 2.366707
v -3.736926 -3.240066 2.408405
v -3.662949 -3.240066 2.434291
v -3.935066 -2.805066 0.000000
vt 0.014142 0.012500 0.000000
vt -0.014142 0.012500 0.000000
vt 0.014142 -0.012500 0.000000
vt -0.014142 -0.012500 0.000000
vt 0.020000 -0.012500 0.000000
vt 0.043500 -0.012500 0.000000
vt 0.020000 0.012500 0.000000
vt 0.043500 0.012500 0.000000
vt 0.230000 0.070000 0.000000
vt 0.040693 0.070000 0.000000
vt 0.250000 0.050000 0.000000
vt 0.250000 0.026500 0.000000
vt 0.040693 -0.070000 0.000000
vt 0.250000 -0.026500 0.000000
vt 0.250000 -0.050000 0.000000
vt 0.230000 -0.070000 0.000000
vt 0.580000 -0.026500 0.000000
vt 0.600000 -0.006500 0.000000
vt 0.600000 0.006500 0.000000
vt 0.580000 0.026500 0.000000
vt 0.014142 0.012500 0.000000
vt -0.014142 0.012500 0.000000
vt 0.014142 -0.012500 0.000000
vt -0.014142 -0.012500 0.000000
vt 0.020000 -0.012500 0.000000
vt 0.209307 -0.012500 0.000000
vt 0.020000 0.012500 0.000000
vt 0.209307 0.012500 0.000000
vt 0.014142 0.012500 0.000000
vt -0.014142 0.012500 0.000000
vt 0.014142 -0.012500 0.000000
vt -0.014142 -0.012500 0.000000
vt 0.033000 0.012500 0.000000
vt 0.020000 0.012500 0.000000
vt 0.033000 -0.012500 0.000000
vt 0.020000 -0.012500 0.000000
vt 0.014142 0.012500 0.000000
vt -0.014142 0.012500 0.000000
vt 0.014142 -0.012500 0.000000
vt -0.014142 -0.012500 0.000000
vt -0.007707 -0.070000 0.000000
vt 0.250000 -0.070000 0.000000
vt -0.007707 0.070000 0.000000
vt 0.250000 0.070000 0.000000
vt -0.025000 -0.000000 0.000000
vt 0.000000 0.000000 0.000000
vt -0.024122 0.007788 0.000000
vt 0.000341 0.002588 0.000000
vt -0.021534 0.015186 0.000000
vt 0.001340 0.005000 0.000000
vt -0.017364 0.021822 0.000000
vt 0.002929 0.007071 0.000000
vt -0.011822 0.027364 0.000000
vt 0.005000 0.008660 0.000000
vt -0.005186 0.031534 0.000000
vt 0.007412 0.009659 0.000000
vt 0.002212 0.034122 0.000000
vt 0.010000 0.010000 0.000000
vt 0.010000 0.035000 0.000000
vt 0.070000 0.013090 0.000000
vt 0.070000 0.015708 0.000000
vt 0.023333 0.013090 0.000000
vt -0.070000 0.015708 0.000000
vt -0.023333 0.013090 0.000000
vt -0.070000 0.013090 0.000000
vt -0.023333 0.010472 0.000000
vt -0.070000 0.010472 0.000000
vt -0.023333 0.007854 0.000000
vt -0.070000 0.007854 0.000000
vt -0.023333 0.005236 0.000000
vt -0.070000 0.005236 0.000000
vt -0.023333 0.002618 0.000000
vt -0.070000 0.002618 0.000000
vt -0.070000 0.000000 0.000000
vt 0.070000 0.000000 0.000000
vt 0.023333 0.002618 0.000000
vt 0.023333 0.005236 0.000000
vt 0.023333 0.007854 0.000000
vt 0.023333 0.010472 0.000000
vt 0.070000 0.002618 0.000000
vt 0.070000 0.005236 0.000000
vt 0.070000 0.007854 0.000000
vt 0.070000 0.010472 0.000000
vt 0.242293 -0.012500 0.000000
vt 0.500000 -0.012500 0.000000
vt 0.242293 0.012500 0.000000
vt 0.500000 0.012500 0.000000
vt 0.257707 0.012500 0.000000
vt -0.000000 0.012500 0.000000
vt 0.257707 -0.012500 0.000000
vt 0.000000 -0.012500 0.000000
vt 0.070000 0.054978 0.000000
vt -0.070000 0.054978 0.000000
vt 0.070000 0.047124 0.000000
vt -0.070000 0.047124 0.000000
vt 0.070000 0.039270 0.000000
vt -0.070000 0.039270 0.000000
vt 0.070000 0.031416 0.000000
vt -0.070000 0.031416 0.000000
vt 0.070000 0.023562 0.000000
vt -0.070000 0.023562 0.000000
vt 0.070000 0.015708 0.000000
vt -0.070000 0.015708 0.000000
vt 0.070000 0.007854 0.000000
vt -0.070000 0.007854 0.000000
vt 0.070000 0.000000 0.000000
vt -0.070000 0.000000 0.000000
vt 0.020000 -0.012500 0.000000
vt 0.350000 -0.012500 0.000000
vt 0.020000 0.012500 0.000000
vt 0.350000 0.012500 0.000000
vt 0.330000 0.012500 0.000000
vt 0.000000 0.012500 0.000000
vt 0.330000 -0.012500 0.000000
vt 0.000000 -0.012500 0.000000
vt 0.007707 0.070000 0.000000
vt -0.250000 0.070000 0.000000
vt 0.007707 -0.070000 0.000000
vt -0.250000 -0.070000 0.000000
vt 0.140000 0.012500 0.000000
vt 0.000000 0.012500 0.000000
vt 0.140000 -0.012500 0.000000
vt 0.000000 -0.012500 0.000000
vt -0.000000 -0.000000 0.000000
vt -0.000878 0.007788 0.000000
vt -0.025000 -0.000000 0.000000
vt -0.025341 0.002588 0.000000
vt -0.003466 0.015186 0.000000
vt -0.026340 0.005000 0.000000
vt -0.007636 0.021822 0.000000
vt -0.027929 0.007071 0.000000
vt -0.013178 0.027364 0.000000
vt -0.030000 0.008660 0.000000
vt -0.019814 0.031534 0.000000
vt -0.032412 0.009659 0.000000
vt -0.027212 0.034122 0.000000
vt -0.035000 0.010000 0.000000
vt -0.035000 0.035000 0.000000
vt 0.120000 0.012500 0.000000
vt 0.096500 0.012500 0.000000
vt 0.120000 -0.012500 0.000000
vt 0.096500 -0.012500 0.000000
vt 0.480000 0.012500 0.000000
vt 0.290693 0.012500 0.000000
vt 0.480000 -0.012500 0.000000
vt 0.290693 -0.012500 0.000000
vt -0.230000 0.070000 0.000000
vt -0.250000 0.050000 0.000000
vt -0.040693 0.070000 0.000000
vt -0.250000 0.026500 0.000000
vt -0.040693 -0.070000 0.000000
vt -0.250000 -0.026500 0.000000
vt -0.250000 -0.050000 0.000000
vt -0.580000 0.026500 0.000000
vt -0.600000 0.006500 0.000000
vt -0.600000 -0.006500 0.000000
vt -0.580000 -0.026500 0.000000
vt -0.230000 -0.070000 0.000000
vn -0.000000 0.070711 -0.070711
vn -0.000000 0.070711 -0.070711
vn -0.000000 0.070711 -0.070711
vn -0.000000 0.070711 -0.070711
vn 0.000000 0.000000 -0.100000
vn 0.000000 0.000000 -0.100000
vn 0.000000 0.000000 -0.100000
vn 0.000000 0.000000 -0.100000
vn 0.100000 0.000000 0.000000
vn 0.100000 0.000000 0.000000
vn 0.100000 0.000000 0.000000
vn 0.100000 0.000000 0.000000
vn 0.100000 0.000000 0.000000
vn 0.100000 0.000000 0.000000
vn 0.100000 0.000000 0.000000
vn 0.100000 0.000000 0.000000
vn 0.100000 0.000000 0.000000
vn 0.100000 0.000000 0.000000
vn 0.100000 0.000000 0.000000
vn 0.100000 0.000000 0.000000
vn 0.000000 -0.070711 -0.070711
vn 0.000000 -0.070711 -0.070711
vn 0.000000 -0.070711 -0.070711
vn 0.000000 -0.070711 -0.070711
vn 0.000000 -0.100000 0.000000
vn 0.000000 -0.100000 0.000000
vn 0.000000 -0.100000 0.000000
vn 0.000000 -0.100000 0.000000
vn 0.000000 -0.070711 -0.070711
vn 0.000000 -0.070711 -0.070711
vn 0.000000 -0.070711 -0.070711
vn 0.000000 -0.070711 -0.070711
vn 0.000000 0.000000 -0.100000
vn 0.000000 0.000000 -0.100000
vn 0.000000 0.000000 -0.100000
vn 0.000000 0.000000 -0.100000
vn -0.000000 0.070711 -0.070711
vn -0.000000 0.070711 -0.070711
vn -0.000000 0.070711 -0.070711
vn -0.000000 0.070711 -0.070711
vn -0.000000 -0.000000 0.100000
vn -0.000000 -0.000000 0.100000
vn -0.000000 -0.000000 0.100000
vn -0.000000 -0.000000 0.100000
vn -0.000000 0.100000 0.000000
vn -0.000000 0.100000 0.000000
vn -0.000000 0.100000 0.000000
vn -0.000000 0.100000 0.000000
vn -0.000000 0.100000 0.000000
vn -0.000000 0.100000 0.000000
vn -0.000000 0.100000 0.000000
vn -0.000000 0.100000 0.000000
vn -0.000000 0.100000 0.000000
vn -0.000000 0.100000 0.000000
vn -0.000000 0.100000 0.000000
vn -0.000000 0.100000 0.000000
vn -0.000000 0.100000 0.000000
vn -0.000000 0.100000 0.000000
vn -0.000000 0.100000 0.000000
vn 0.025882 0.000000 -0.096593
vn 0.000000 0.000000 -0.100000
vn 0.025882 0.000000 -0.096593
vn 0.000000 0.000000 -0.100000
vn 0.025882 0.000000 -0.096593
vn 0.025882 0.000000 -0.096593
vn 0.050000 0.000000 -0.086603
vn 0.050000 0.000000 -0.086603
vn 0.070711 0.000000 -0.070711
vn 0.070711 0.000000 -0.070711
vn 0.086603 0.000000 -0.050000
vn 0.086603 0.000000 -0.050000
vn 0.096593 0.000000 -0.025882
vn 0.096593 0.000000 -0.025882
vn 0.096593 0.000000 -0.025882
vn 0.086603 0.000000 -0.050000
vn 0.070711 0.000000 -0.070711
vn 0.050000 0.000000 -0.086603
vn 0.096593 0.000000 -0.025882
vn 0.086603 0.000000 -0.050000
vn 0.070711 0.000000 -0.070711
vn 0.050000 0.000000 -0.086603
vn 0.000000 -0.100000 0.000000
vn 0.000000 -0.100000 0.000000
vn 0.000000 -0.100000 0.000000
vn 0.000000 -0.100000 0.000000
vn -0.000000 0.100000 0.000000
vn -0.000000 0.100000 0.000000
vn -0.022252 -0.000000 0.097493
vn -0.022252 -0.000000 0.097493
vn -0.043388 -0.000000 0.090097
vn -0.043388 -0.000000 0.090097
vn -0.062349 -0.000000 0.078183
vn -0.062349 -0.000000 0.078183
vn -0.078183 -0.000000 0.062349
vn -0.078183 -0.000000 0.062349
vn -0.090097 -0.000000 0.043388
vn -0.090097 -0.000000 0.043388
vn -0.097493 -0.000000 0.022252
vn -0.097493 -0.000000 0.022252
vn -0.100000 -0.000000 0.000000
vn -0.100000 -0.000000 0.000000
vn 0.000000 -0.100000 0.000000
vn 0.000000 -0.100000 0.000000
vn 0.000000 -0.100000 0.000000
vn 0.000000 -0.100000 0.000000
vn -0.000000 0.100000 0.000000
vn -0.000000 0.100000 0.000000
vn -0.000000 0.100000 0.000000
vn -0.000000 0.100000 0.000000
vn 0.000000 0.000000 -0.100000
vn 0.000000 0.000000 -0.100000
vn 0.100000 0.000000 0.000000
vn 0.100000 0.000000 0.000000
vn 0.100000 0.000000 0.000000
vn 0.100000 0.000000 0.000000
vn 0.000000 -0.100000 0.000000
vn 0.000000 -0.100000 0.000000
vn 0.000000 -0.100000 0.000000
vn 0.000000 -0.100000 0.000000
vn 0.000000 -0.100000 0.000000
vn 0.000000 -0.100000 0.000000
vn 0.000000 -0.100000 0.000000
vn 0.000000 -0.100000 0.000000
vn 0.000000 -0.100000 0.000000
vn 0.000000 -0.100000 0.000000
vn 0.000000 -0.100000 0.000000
vn 0.000000 0.000000 -0.100000
vn 0.000000 0.000000 -0.100000
vn 0.000000 0.000000 -0.100000
vn 0.000000 0.000000 -0.100000
vn -0.000000 0.100000 0.000000
vn -0.000000 0.100000 0.000000
vn -0.100000 -0.000000 0.000000
vn -0.100000 -0.000000 0.000000
vn -0.100000 -0.000000 0.000000
vn -0.100000 -0.000000 0.000000
vn -0.100000 -0.000000 0.000000
vn -0.100000 -0.000000 0.000000
vn -0.100000 -0.000000 0.000000
vn -0.100000 -0.000000 0.000000
vn -0.100000 -0.000000 0.000000
vn -0.100000 -0.000000 0.000000
f 1355/1759/1687 1356/1760/1688 1358/1761/1689
f 1358/1761/1689 1356/1760/1688 1357/1762/1690
f 1358/1763/1691 1359/1764/1692 1355/1765/1693
f 1355/1765/1693 1359/1764/1692 1360/1766/1694
f 1357/1767/1695 1361/1768/1696 1358/1769/1697
f 1358/1769/1697 1361/1768/1696 1359/1770/1698
f 1359/1770/1698 1361/1768/1696 1362/1771/1699
f 1359/1770/1698 1362/1771/1699 1365/1772/1700
f 1365/1772/1700 1362/1771/1699 1364/1773/1701
f 1364/1773/1701 1362/1771/1699 1363/1774/1702
f 1366/1775/1703 1367/1776/1704 1365/1772/1700
f 1365/1772/1700 1367/1776/1704 1368/1777/1705
f 1365/1772/1700 1368/1777/1705 1359/1770/1698
f 1359/1770/1698 1368/1777/1705 1369/1778/1706
f 1370/1779/1707 1371/1780/1708 1363/1781/1709
f 1363/1781/1709 1371/1780/1708 1364/1782/1710
f 1363/1783/1711 1362/1784/1712 1370/1785/1713
f 1370/1785/1713 1362/1784/1712 1372/1786/1714
f 1373/1787/1715 1374/1788/1716 1366/1789/1717
f 1366/1789/1717 1374/1788/1716 1367/1790/1718
f 1374/1791/1719 1375/1792/1720 1367/1793/1721
f 1367/1793/1721 1375/1792/1720 1368/1794/1722
f 1375/1795/1723 1376/1796/1724 1368/1797/1725
f 1368/1797/1725 1376/1796/1724 1369/1798/1726
f 1378/1799/1727 1379/1800/1728 1377/1801/1729
f 1377/1801/1729 1379/1800/1728 1380/1802/1730
f 1377/1803/1731 1381/1804/1732 1393/1805/1733
f 1393/1805/1733 1381/1804/1732 1382/1806/1734
f 1393/1805/1733 1382/1806/1734 1392/1807/1735
f 1392/1807/1735 1382/1806/1734 1383/1808/1736
f 1392/1807/1735 1383/1808/1736 1391/1809/1737
f 1391/1809/1737 1383/1808/1736 1384/1810/1738
f 1391/1809/1737 1384/1810/1738 1390/1811/1739
f 1390/1811/1739 1384/1810/1738 1385/1812/1740
f 1390/1811/1739 1385/1812/1740 1389/1813/1741
f 1389/1813/1741 1385/1812/1740 1386/1814/1742
f 1389/1813/1741 1386/1814/1742 1388/1815/1743
f 1388/1815/1743 1386/1814/1742 1361/1816/1744
f 1388/1815/1743 1361/1816/1744 1387/1817/1745
f 1382/1818/1746 1381/1819/1747 1401/1820/1748
f 1401/1820/1748 1381/1819/1747 1394/1821/1749
f 1401/1820/1748 1394/1821/1749 1400/1822/1750
f 1400/1822/1750 1394/1821/1749 1395/1823/1751
f 1400/1822/1750 1395/1823/1751 1402/1824/1752
f 1402/1824/1752 1395/1823/1751 1396/1825/1753
f 1402/1824/1752 1396/1825/1753 1404/1826/1754
f 1404/1826/1754 1396/1825/1753 1397/1827/1755
f 1404/1826/1754 1397/1827/1755 1406/1828/1756
f 1406/1828/1756 1397/1827/1755 1398/1829/1757
f 1406/1828/1756 1398/1829/1757 1408/1830/1758
f 1408/1830/1758 1398/1829/1757 1399/1831/1759
f 1408/1830/1758 1399/1831/1759 1362/1832/1699
f 1362/1832/1699 1361/1833/1696 1408/1830/1758
f 1408/1830/1758 1361/1833/1696 1409/1834/1760
f 1408/1830/1758 1409/1834/1760 1406/1828/1756
f 1406/1828/1756 1409/1834/1760 1407/1835/1761
f 1406/1828/1756 1407/1835/1761 1404/1826/1754
f 1404/1826/1754 1407/1835/1761 1405/1836/1762
f 1404/1826/1754 1405/1836/1762 1402/1824/1752
f 1402/1824/1752 1405/1836/1762 1403/1837/1763
f 1402/1824/1752 1403/1837/1763 1400/1822/1750
f 1400/1822/1750 1403/1837/1763 1401/1820/1748
f 1361/1833/1696 1386/1838/1764 1409/1834/1760
f 1409/1834/1760 1386/1838/1764 1407/1835/1761
f 1386/1838/1764 1385/1839/1765 1407/1835/1761
f 1407/1835/1761 1385/1839/1765 1405/1836/1762
f 1385/1839/1765 1384/1840/1766 1405/1836/1762
f 1405/1836/1762 1384/1840/1766 1403/1837/1763
f 1384/1840/1766 1383/1841/1767 1403/1837/1763
f 1403/1837/1763 1383/1841/1767 1401/1820/1748
f 1383/1841/1767 1382/1818/1746 1401/1820/1748
f 1394/1842/1768 1410/1843/1769 1378/1844/1770
f 1378/1844/1770 1410/1843/1769 1379/1845/1771
f 1377/1846/1731 1380/1847/1772 1381/1848/1732
f 1381/1848/1732 1380/1847/1772 1411/1849/1773
f 1378/1850/1727 1377/1851/1729 1417/1852/1774
f 1417/1852/1774 1377/1851/1729 1393/1853/1775
f 1417/1852/1774 1393/1853/1775 1416/1854/1776
f 1416/1854/1776 1393/1853/1775 1392/1855/1777
f 1416/1854/1776 1392/1855/1777 1415/1856/1778
f 1415/1856/1778 1392/1855/1777 1391/1857/1779
f 1415/1856/1778 1391/1857/1779 1414/1858/1780
f 1414/1858/1780 1391/1857/1779 1390/1859/1781
f 1414/1858/1780 1390/1859/1781 1413/1860/1782
f 1413/1860/1782 1390/1859/1781 1389/1861/1783
f 1413/1860/1782 1389/1861/1783 1412/1862/1784
f 1412/1862/1784 1389/1861/1783 1388/1863/1785
f 1412/1862/1784 1388/1863/1785 1372/1864/1786
f 1372/1864/1786 1388/1863/1785 1387/1865/1787
f 1366/1866/1788 1365/1867/1789 1373/1868/1790
f 1373/1868/1790 1365/1867/1789 1418/1869/1791
f 1376/1870/1792 1360/1871/1793 1369/1872/1794
f 1369/1872/1794 1360/1871/1793 1359/1873/1795
f 1381/1874/1747 1411/1875/1796 1394/1876/1749
f 1394/1876/1749 1411/1875/1796 1410/1877/1797
f 1380/1878/1798 1379/1879/1799 1411/1880/1800
f 1411/1880/1800 1379/1879/1799 1410/1881/1801
f 1378/1882/1770 1417/1883/1802 1394/1884/1768
f 1394/1884/1768 1417/1883/1802 1395/1885/1803
f 1395/1885/1803 1417/1883/1802 1416/1886/1804
f 1395/1885/1803 1416/1886/1804 1396/1887/1805
f 1396/1887/1805 1416/1886/1804 1415/1888/1806
f 1396/1887/1805 1415/1888/1806 1397/1889/1807
f 1397/1889/1807 1415/1888/1806 1414/1890/1808
f 1397/1889/1807 1414/1890/1808 1398/1891/1809
f 1398/1891/1809 1414/1890/1808 1413/1892/1810
f 1398/1891/1809 1413/1892/1810 1399/1893/1811
f 1399/1893/1811 1413/1892/1810 1412/1894/1812
f 1399/1893/1811 1412/1894/1812 1362/1895/1712
f 1362/1895/1712 1412/1894/1812 1372/1896/1714
f 1371/1897/1813 1418/1898/1814 1364/1899/1815
f 1364/1899/1815 1418/1898/1814 1365/1900/1816
f 1356/1901/1817 1387/1902/1745 1357/1903/1818
f 1357/1903/1818 1387/1902/1745 1361/1904/1744
f 1356/1905/1819 1355/1906/1820 1387/1907/1787
f 1387/1907/1787 1355/1906/1820 1360/1908/1821
f 1387/1907/1787 1360/1908/1821 1372/1909/1786
f 1372/1909/1786 1360/1908/1821 1418/1910/1822
f 1372/1909/1786 1418/1910/1822 1371/1911/1823
f 1376/1912/1824 1375/1913/1825 1360/1908/1821
f 1360/1908/1821 1375/1913/1825 1418/1910/1822
f 1375/1913/1825 1374/1914/1826 1418/1910/1822
f 1418/1910/1822 1374/1914/1826 1373/1915/1827
f 1371/1911/1823 1370/1916/1828 1372/1909/1786
g Body4

v -3.935066 5.579934 0.000000
v -3.935066 5.779934 0.200000
v -3.685066 5.779934 0.200000
v -3.685066 5.579934 0.000000
v -3.685066 5.344934 0.000000
v -3.935066 5.344934 0.000000
v -3.685066 5.779934 2.093066
v -3.685066 4.379934 2.093066
v -3.685066 4.379934 0.200000
v -3.685066 4.579934 0.000000
v -3.685066 4.814934 0.000000
v -3.685066 4.814934 -3.300000
v -3.685066 5.014934 -3.500000
v -3.685066 5.144934 -3.500000
v -3.685066 5.344934 -3.300000
v -3.935066 4.379934 0.200000
v -3.935066 4.579934 0.000000
v -3.935066 4.379934 2.093066
v -3.935066 4.814934 -3.300000
v -3.935066 5.014934 -3.500000
v -3.935066 5.144934 -3.500000
v -3.935066 5.344934 -3.300000
v -3.585066 5.779934 2.443066
v -3.585066 4.379934 2.443066
v -1.008000 4.379934 2.443066
v -1.008000 5.779934 2.443066
v -3.585066 5.779934 2.193066
v -3.610948 5.779934 2.189659
v -3.635066 5.779934 2.179669
v -3.655777 5.779934 2.163777
v -3.671669 5.779934 2.143066
v -3.681659 5.779934 2.118948
v -3.935066 5.779934 2.093066
v -3.926291 5.779934 2.170949
v -3.900405 5.779934 2.244926
v -3.858707 5.779934 2.311288
v -3.803288 5.779934 2.366707
v -3.736926 5.779934 2.408405
v -3.662949 5.779934 2.434291
v -3.585066 4.379934 2.193066
v -3.610948 4.379934 2.189659
v -3.635066 4.379934 2.179669
v -3.655777 4.379934 2.163777
v -3.671669 4.379934 2.143066
v -3.681659 4.379934 2.118948
v -3.610948 4.846600 2.189659
v -3.610948 5.313267 2.189659
v -3.635066 4.846600 2.179669
v -3.635066 5.313267 2.179669
v -3.655777 4.846600 2.163777
v -3.655777 5.313267 2.163777
v -3.671669 4.846600 2.143066
v -3.671669 5.313267 2.143066
v -3.681659 4.846600 2.118948
v -3.681659 5.313267 2.118948
v -1.008000 4.379934 2.193066
v -1.008000 5.779934 2.193066
v -3.926291 4.379934 2.170949
v -3.900405 4.379934 2.244926
v -3.858707 4.379934 2.311288
v -3.803288 4.379934 2.366707
v -3.736926 4.379934 2.408405
v -3.662949 4.379934 2.434291
v -3.935066 4.814934 0.000000
vt 0.014142 0.012500 0.000000
vt -0.014142 0.012500 0.000000
vt 0.014142 -0.012500 0.000000
vt -0.014142 -0.012500 0.000000
vt 0.020000 -0.012500 0.000000
vt 0.043500 -0.012500 0.000000
vt 0.020000 0.012500 0.000000
vt 0.043500 0.012500 0.000000
vt 0.230000 0.070000 0.000000
vt 0.040693 0.070000 0.000000
vt 0.250000 0.050000 0.000000
vt 0.250000 0.026500 0.000000
vt 0.040693 -0.070000 0.000000
vt 0.250000 -0.026500 0.000000
vt 0.250000 -0.050000 0.000000
vt 0.230000 -0.070000 0.000000
vt 0.580000 -0.026500 0.000000
vt 0.600000 -0.006500 0.000000
vt 0.600000 0.006500 0.000000
vt 0.580000 0.026500 0.000000
vt 0.014142 0.012500 0.000000
vt -0.014142 0.012500 0.000000
vt 0.014142 -0.012500 0.000000
vt -0.014142 -0.012500 0.000000
vt 0.020000 -0.012500 0.000000
vt 0.209307 -0.012500 0.000000
vt 0.020000 0.012500 0.000000
vt 0.209307 0.012500 0.000000
vt 0.014142 0.012500 0.000000
vt -0.014142 0.012500 0.000000
vt 0.014142 -0.012500 0.000000
vt -0.014142 -0.012500 0.000000
vt 0.033000 0.012500 0.000000
vt 0.020000 0.012500 0.000000
vt 0.033000 -0.012500 0.000000
vt 0.020000 -0.012500 0.000000
vt 0.014142 0.012500 0.000000
vt -0.014142 0.012500 0.000000
vt 0.014142 -0.012500 0.000000
vt -0.014142 -0.012500 0.000000
vt -0.007707 -0.070000 0.000000
vt 0.250000 -0.070000 0.000000
vt -0.007707 0.070000 0.000000
vt 0.250000 0.070000 0.000000
vt -0.025000 -0.000000 0.000000
vt 0.000000 0.000000 0.000000
vt -0.024122 0.007788 0.000000
vt 0.000341 0.002588 0.000000
vt -0.021534 0.015186 0.000000
vt 0.001340 0.005000 0.000000
vt -0.017364 0.021822 0.000000
vt 0.002929 0.007071 0.000000
vt -0.011822 0.027364 0.000000
vt 0.005000 0.008660 0.000000
vt -0.005186 0.031534 0.000000
vt 0.007412 0.009659 0.000000
vt 0.002212 0.034122 0.000000
vt 0.010000 0.010000 0.000000
vt 0.010000 0.035000 0.000000
vt 0.070000 0.013090 0.000000
vt 0.070000 0.015708 0.000000
vt 0.023333 0.013090 0.000000
vt -0.070000 0.015708 0.000000
vt -0.023333 0.013090 0.000000
vt -0.070000 0.013090 0.000000
vt -0.023333 0.010472 0.000000
vt -0.070000 0.010472 0.000000
vt -0.023333 0.007854 0.000000
vt -0.070000 0.007854 0.000000
vt -0.023333 0.005236 0.000000
vt -0.070000 0.005236 0.000000
vt -0.023333 0.002618 0.000000
vt -0.070000 0.002618 0.000000
vt -0.070000 0.000000 0.000000
vt 0.070000 0.000000 0.000000
vt 0.023333 0.002618 0.000000
vt 0.023333 0.005236 0.000000
vt 0.023333 0.007854 0.000000
vt 0.023333 0.010472 0.000000
vt 0.070000 0.002618 0.000000
vt 0.070000 0.005236 0.000000
vt 0.070000 0.007854 0.000000
vt 0.070000 0.010472 0.000000
vt 0.242293 -0.012500 0.000000
vt 0.500000 -0.012500 0.000000
vt 0.242293 0.012500 0.000000
vt 0.500000 0.012500 0.000000
vt 0.257707 0.012500 0.000000
vt -0.000000 0.012500 0.000000
vt 0.257707 -0.012500 0.000000
vt 0.000000 -0.012500 0.000000
vt 0.070000 0.054978 0.000000
vt -0.070000 0.054978 0.000000
vt 0.070000 0.047124 0.000000
vt -0.070000 0.047124 0.000000
vt 0.070000 0.039270 0.000000
vt -0.070000 0.039270 0.000000
vt 0.070000 0.031416 0.000000
vt -0.070000 0.031416 0.000000
vt 0.070000 0.023562 0.000000
vt -0.070000 0.023562 0.000000
vt 0.070000 0.015708 0.000000
vt -0.070000 0.015708 0.000000
vt 0.070000 0.007854 0.000000
vt -0.070000 0.007854 0.000000
vt 0.070000 0.000000 0.000000
vt -0.070000 0.000000 0.000000
vt 0.020000 -0.012500 0.000000
vt 0.350000 -0.012500 0.000000
vt 0.020000 0.012500 0.000000
vt 0.350000 0.012500 0.000000
vt 0.330000 0.012500 0.000000
vt 0.000000 0.012500 0.000000
vt 0.330000 -0.012500 0.000000
vt 0.000000 -0.012500 0.000000
vt 0.007707 0.070000 0.000000
vt -0.250000 0.070000 0.000000
vt 0.007707 -0.070000 0.000000
vt -0.250000 -0.070000 0.000000
vt 0.140000 0.012500 0.000000
vt 0.000000 0.012500 0.000000
vt 0.140000 -0.012500 0.000000
vt 0.000000 -0.012500 0.000000
vt -0.000000 -0.000000 0.000000
vt -0.000878 0.007788 0.000000
vt -0.025000 -0.000000 0.000000
vt -0.025341 0.002588 0.000000
vt -0.003466 0.015186 0.000000
vt -0.026340 0.005000 0.000000
vt -0.007636 0.021822 0.000000
vt -0.027929 0.007071 0.000000
vt -0.013178 0.027364 0.000000
vt -0.030000 0.008660 0.000000
vt -0.019814 0.031534 0.000000
vt -0.032412 0.009659 0.000000
vt -0.027212 0.034122 0.000000
vt -0.035000 0.010000 0.000000
vt -0.035000 0.035000 0.000000
vt 0.120000 0.012500 0.000000
vt 0.096500 0.012500 0.000000
vt 0.120000 -0.012500 0.000000
vt 0.096500 -0.012500 0.000000
vt 0.480000 0.012500 0.000000
vt 0.290693 0.012500 0.000000
vt 0.480000 -0.012500 0.000000
vt 0.290693 -0.012500 0.000000
vt -0.230000 0.070000 0.000000
vt -0.250000 0.050000 0.000000
vt -0.040693 0.070000 0.000000
vt -0.250000 0.026500 0.000000
vt -0.040693 -0.070000 0.000000
vt -0.250000 -0.026500 0.000000
vt -0.250000 -0.050000 0.000000
vt -0.580000 0.026500 0.000000
vt -0.600000 0.006500 0.000000
vt -0.600000 -0.006500 0.000000
vt -0.580000 -0.026500 0.000000
vt -0.230000 -0.070000 0.000000
vn -0.000000 0.070711 -0.070711
vn -0.000000 0.070711 -0.070711
vn -0.000000 0.070711 -0.070711
vn -0.000000 0.070711 -0.070711
vn 0.000000 0.000000 -0.100000
vn 0.000000 0.000000 -0.100000
vn 0.000000 0.000000 -0.100000
vn 0.000000 0.000000 -0.100000
vn 0.100000 0.000000 0.000000
vn 0.100000 0.000000 0.000000
vn 0.100000 0.000000 0.000000
vn 0.100000 0.000000 0.000000
vn 0.100000 0.000000 0.000000
vn 0.100000 0.000000 0.000000
vn 0.100000 0.000000 0.000000
vn 0.100000 0.000000 0.000000
vn 0.100000 0.000000 0.000000
vn 0.100000 0.000000 0.000000
vn 0.100000 0.000000 0.000000
vn 0.100000 0.000000 0.000000
vn 0.000000 -0.070711 -0.070711
vn 0.000000 -0.070711 -0.070711
vn 0.000000 -0.070711 -0.070711
vn 0.000000 -0.070711 -0.070711
vn 0.000000 -0.100000 0.000000
vn 0.000000 -0.100000 0.000000
vn 0.000000 -0.100000 0.000000
vn 0.000000 -0.100000 0.000000
vn 0.000000 -0.070711 -0.070711
vn 0.000000 -0.070711 -0.070711
vn 0.000000 -0.070711 -0.070711
vn 0.000000 -0.070711 -0.070711
vn 0.000000 0.000000 -0.100000
vn 0.000000 0.000000 -0.100000
vn 0.000000 0.000000 -0.100000
vn 0.000000 0.000000 -0.100000
vn -0.000000 0.070711 -0.070711
vn -0.000000 0.070711 -0.070711
vn -0.000000 0.070711 -0.070711
vn -0.000000 0.070711 -0.070711
vn -0.000000 -0.000000 0.100000
vn -0.000000 -0.000000 0.100000
vn -0.000000 -0.000000 0.100000
vn -0.000000 -0.000000 0.100000
vn -0.000000 0.100000 0.000000
vn -0.000000 0.100000 0.000000
vn -0.000000 0.100000 0.000000
vn -0.000000 0.100000 0.000000
vn -0.000000 0.100000 0.000000
vn -0.000000 0.100000 0.000000
vn -0.000000 0.100000 0.000000
vn -0.000000 0.100000 0.000000
vn -0.000000 0.100000 0.000000
vn -0.000000 0.100000 0.000000
vn -0.000000 0.100000 0.000000
vn -0.000000 0.100000 0.000000
vn -0.000000 0.100000 0.000000
vn -0.000000 0.100000 0.000000
vn -0.000000 0.100000 0.000000
vn 0.025882 0.000000 -0.096593
vn 0.000000 0.000000 -0.100000
vn 0.025882 0.000000 -0.096593
vn 0.000000 0.000000 -0.100000
vn 0.025882 0.000000 -0.096593
vn 0.025882 0.000000 -0.096593
vn 0.050000 0.000000 -0.086603
vn 0.050000 0.000000 -0.086603
vn 0.070711 0.000000 -0.070711
vn 0.070711 0.000000 -0.070711
vn 0.086603 0.000000 -0.050000
vn 0.086603 0.000000 -0.050000
vn 0.096593 0.000000 -0.025882
vn 0.096593 0.000000 -0.025882
vn 0.096593 0.000000 -0.025882
vn 0.086603 0.000000 -0.050000
vn 0.070711 0.000000 -0.070711
vn 0.050000 0.000000 -0.086603
vn 0.096593 0.000000 -0.025882
vn 0.086603 0.000000 -0.050000
vn 0.070711 0.000000 -0.070711
vn 0.050000 0.000000 -0.086603
vn 0.000000 -0.100000 0.000000
vn 0.000000 -0.100000 0.000000
vn 0.000000 -0.100000 0.000000
vn 0.000000 -0.100000 0.000000
vn -0.000000 0.100000 0.000000
vn -0.000000 0.100000 0.000000
vn -0.022252 -0.000000 0.097493
vn -0.022252 -0.000000 0.097493
vn -0.043388 -0.000000 0.090097
vn -0.043388 -0.000000 0.090097
vn -0.062349 -0.000000 0.078183
vn -0.062349 -0.000000 0.078183
vn -0.078183 -0.000000 0.062349
vn -0.078183 -0.000000 0.062349
vn -0.090097 -0.000000 0.043388
vn -0.090097 -0.000000 0.043388
vn -0.097493 -0.000000 0.022252
vn -0.097493 -0.000000 0.022252
vn -0.100000 -0.000000 0.000000
vn -0.100000 -0.000000 0.000000
vn 0.000000 -0.100000 0.000000
vn 0.000000 -0.100000 0.000000
vn 0.000000 -0.100000 0.000000
vn 0.000000 -0.100000 0.000000
vn -0.000000 0.100000 0.000000
vn -0.000000 0.100000 0.000000
vn -0.000000 0.100000 0.000000
vn -0.000000 0.100000 0.000000
vn 0.000000 0.000000 -0.100000
vn 0.000000 0.000000 -0.100000
vn 0.100000 0.000000 0.000000
vn 0.100000 0.000000 0.000000
vn 0.100000 0.000000 0.000000
vn 0.100000 0.000000 0.000000
vn 0.000000 -0.100000 0.000000
vn 0.000000 -0.100000 0.000000
vn 0.000000 -0.100000 0.000000
vn 0.000000 -0.100000 0.000000
vn 0.000000 -0.100000 0.000000
vn 0.000000 -0.100000 0.000000
vn 0.000000 -0.100000 0.000000
vn 0.000000 -0.100000 0.000000
vn 0.000000 -0.100000 0.000000
vn 0.000000 -0.100000 0.000000
vn 0.000000 -0.100000 0.000000
vn 0.000000 0.000000 -0.100000
vn 0.000000 0.000000 -0.100000
vn 0.000000 0.000000 -0.100000
vn 0.000000 0.000000 -0.100000
vn -0.000000 0.100000 0.000000
vn -0.000000 0.100000 0.000000
vn -0.100000 -0.000000 0.000000
vn -0.100000 -0.000000 0.000000
vn -0.100000 -0.000000 0.000000
vn -0.100000 -0.000000 0.000000
vn -0.100000 -0.000000 0.000000
vn -0.100000 -0.000000 0.000000
vn -0.100000 -0.000000 0.000000
vn -0.100000 -0.000000 0.000000
vn -0.100000 -0.000000 0.000000
vn -0.100000 -0.000000 0.000000
f 1419/1917/1829 1420/1918/1830 1422/1919/1831
f 1422/1919/1831 1420/1918/1830 1421/1920/1832
f 1422/1921/1833 1423/1922/1834 1419/1923/1835
f 1419/1923/1835 1423/1922/1834 1424/1924/1836
f 1421/1925/1837 1425/1926/1838 1422/1927/1839
f 1422/1927/1839 1425/1926/1838 1423/1928/1840
f 1423/1928/1840 1425/1926/1838 1426/1929/1841
f 1423/1928/1840 1426/1929/1841 1429/1930/1842
f 1429/1930/1842 1426/1929/1841 1428/1931/1843
f 1428/1931/1843 1426/1929/1841 1427/1932/1844
f 1430/1933/1845 1431/1934/1846 1429/1930/1842
f 1429/1930/1842 1431/1934/1846 1432/1935/1847
f 1429/1930/1842 1432/1935/1847 1423/1928/1840
f 1423/1928/1840 1432/1935/1847 1433/1936/1848
f 1434/1937/1849 1435/1938/1850 1427/1939/1851
f 1427/1939/1851 1435/1938/1850 1428/1940/1852
f 1427/1941/1853 1426/1942/1854 1434/1943/1855
f 1434/1943/1855 1426/1942/1854 1436/1944/1856
f 1437/1945/1857 1438/1946/1858 1430/1947/1859
f 1430/1947/1859 1438/1946/1858 1431/1948/1860
f 1438/1949/1861 1439/1950/1862 1431/1951/1863
f 1431/1951/1863 1439/1950/1862 1432/1952/1864
f 1439/1953/1865 1440/1954/1866 1432/1955/1867
f 1432/1955/1867 1440/1954/1866 1433/1956/1868
f 1442/1957/1869 1443/1958/1870 1441/1959/1871
f 1441/1959/1871 1443/1958/1870 1444/1960/1872
f 1441/1961/1873 1445/1962/1874 1457/1963/1875
f 1457/1963/1875 1445/1962/1874 1446/1964/1876
f 1457/1963/1875 1446/1964/1876 1456/1965/1877
f 1456/1965/1877 1446/1964/1876 1447/1966/1878
f 1456/1965/1877 1447/1966/1878 1455/1967/1879
f 1455/1967/1879 1447/1966/1878 1448/1968/1880
f 1455/1967/1879 1448/1968/1880 1454/1969/1881
f 1454/1969/1881 1448/1968/1880 1449/1970/1882
f 1454/1969/1881 1449/1970/1882 1453/1971/1883
f 1453/1971/1883 1449/1970/1882 1450/1972/1884
f 1453/1971/1883 1450/1972/1884 1452/1973/1885
f 1452/1973/1885 1450/1972/1884 1425/1974/1886
f 1452/1973/1885 1425/1974/1886 1451/1975/1887
f 1446/1976/1888 1445/1977/1889 1465/1978/1890
f 1465/1978/1890 1445/1977/1889 1458/1979/1891
f 1465/1978/1890 1458/1979/1891 1464/1980/1892
f 1464/1980/1892 1458/1979/1891 1459/1981/1893
f 1464/1980/1892 1459/1981/1893 1466/1982/1894
f 1466/1982/1894 1459/1981/1893 1460/1983/1895
f 1466/1982/1894 1460/1983/1895 1468/1984/1896
f 1468/1984/1896 1460/1983/1895 1461/1985/1897
f 1468/1984/1896 1461/1985/1897 1470/1986/1898
f 1470/1986/1898 1461/1985/1897 1462/1987/1899
f 1470/1986/1898 1462/1987/1899 1472/1988/1900
f 1472/1988/1900 1462/1987/1899 1463/1989/1901
f 1472/1988/1900 1463/1989/1901 1426/1990/1841
f 1426/1990/1841 1425/1991/1838 1472/1988/1900
f 1472/1988/1900 1425/1991/1838 1473/1992/1902
f 1472/1988/1900 1473/1992/1902 1470/1986/1898
f 1470/1986/1898 1473/1992/1902 1471/1993/1903
f 1470/1986/1898 1471/1993/1903 1468/1984/1896
f 1468/1984/1896 1471/1993/1903 1469/1994/1904
f 1468/1984/1896 1469/1994/1904 1466/1982/1894
f 1466/1982/1894 1469/1994/1904 1467/1995/1905
f 1466/1982/1894 1467/1995/1905 1464/1980/1892
f 1464/1980/1892 1467/1995/1905 1465/1978/1890
f 1425/1991/1838 1450/1996/1906 1473/1992/1902
f 1473/1992/1902 1450/1996/1906 1471/1993/1903
f 1450/1996/1906 1449/1997/1907 1471/1993/1903
f 1471/1993/1903 1449/1997/1907 1469/1994/1904
f 1449/1997/1907 1448/1998/1908 1469/1994/1904
f 1469/1994/1904 1448/1998/1908 1467/1995/1905
f 1448/1998/1908 1447/1999/1909 1467/1995/1905
f 1467/1995/1905 1447/1999/1909 1465/1978/1890
f 1447/1999/1909 1446/1976/1888 1465/1978/1890
f 1458/2000/1910 1474/2001/1911 1442/2002/1912
f 1442/2002/1912 1474/2001/1911 1443/2003/1913
f 1441/2004/1873 1444/2005/1914 1445/2006/1874
f 1445/2006/1874 1444/2005/1914 1475/2007/1915
f 1442/2008/1869 1441/2009/1871 1481/2010/1916
f 1481/2010/1916 1441/2009/1871 1457/2011/1917
f 1481/2010/1916 1457/2011/1917 1480/2012/1918
f 1480/2012/1918 1457/2011/1917 1456/2013/1919
f 1480/2012/1918 1456/2013/1919 1479/2014/1920
f 1479/2014/1920 1456/2013/1919 1455/2015/1921
f 1479/2014/1920 1455/2015/1921 1478/2016/1922
f 1478/2016/1922 1455/2015/1921 1454/2017/1923
f 1478/2016/1922 1454/2017/1923 1477/2018/1924
f 1477/2018/1924 1454/2017/1923 1453/2019/1925
f 1477/2018/1924 1453/2019/1925 1476/2020/1926
f 1476/2020/1926 1453/2019/1925 1452/2021/1927
f 1476/2020/1926 1452/2021/1927 1436/2022/1928
f 1436/2022/1928 1452/2021/1927 1451/2023/1929
f 1430/2024/1930 1429/2025/1931 1437/2026/1932
f 1437/2026/1932 1429/2025/1931 1482/2027/1933
f 1440/2028/1934 1424/2029/1935 1433/2030/1936
f 1433/2030/1936 1424/2029/1935 1423/2031/1937
f 1445/2032/1889 1475/2033/1938 1458/2034/1891
f 1458/2034/1891 1475/2033/1938 1474/2035/1939
f 1444/2036/1940 1443/2037/1941 1475/2038/1942
f 1475/2038/1942 1443/2037/1941 1474/2039/1943
f 1442/2040/1912 1481/2041/1944 1458/2042/1910
f 1458/2042/1910 1481/2041/1944 1459/2043/1945
f 1459/2043/1945 1481/2041/1944 1480/2044/1946
f 1459/2043/1945 1480/2044/1946 1460/2045/1947
f 1460/2045/1947 1480/2044/1946 1479/2046/1948
f 1460/2045/1947 1479/2046/1948 1461/2047/1949
f 1461/2047/1949 1479/2046/1948 1478/2048/1950
f 1461/2047/1949 1478/2048/1950 1462/2049/1951
f 1462/2049/1951 1478/2048/1950 1477/2050/1952
f 1462/2049/1951 1477/2050/1952 1463/2051/1953
f 1463/2051/1953 1477/2050/1952 1476/2052/1954
f 1463/2051/1953 1476/2052/1954 1426/2053/1854
f 1426/2053/1854 1476/2052/1954 1436/2054/1856
f 1435/2055/1955 1482/2056/1956 1428/2057/1957
f 1428/2057/1957 1482/2056/1956 1429/2058/1958
f 1420/2059/1959 1451/2060/1887 1421/2061/1960
f 1421/2061/1960 1451/2060/1887 1425/2062/1886
f 1420/2063/1961 1419/2064/1962 1451/2065/1929
f 1451/2065/1929 1419/2064/1962 1424/2066/1963
f 1451/2065/1929 1424/2066/1963 1436/2067/1928
f 1436/2067/1928 1424/2066/1963 1482/2068/1964
f 1436/2067/1928 1482/2068/1964 1435/2069/1965
f 1440/2070/1966 1439/2071/1967 1424/2066/1963
f 1424/2066/1963 1439/2071/1967 1482/2068/1964
f 1439/2071/1967 1438/2072/1968 1482/2068/1964
f 1482/2068/1964 1438/2072/1968 1437/2073/1969
f 1435/2069/1965 1434/2074/1970 1436/2067/1928
g Body5

v -3.935066 -4.580066 0.000000
v -3.935066 -4.380066 0.200000
v -3.685066 -4.380066 0.200000
v -3.685066 -4.580066 0.000000
v -3.685066 -4.815066 0.000000
v -3.935066 -4.815066 0.000000
v -3.685066 -4.380066 2.093066
v -3.685066 -5.780066 2.093066
v -3.685066 -5.780066 0.200000
v -3.685066 -5.580066 0.000000
v -3.685066 -5.345066 0.000000
v -3.685066 -5.345066 -3.300000
v -3.685066 -5.145066 -3.500000
v -3.685066 -5.015066 -3.500000
v -3.685066 -4.815066 -3.300000
v -3.935066 -5.780066 0.200000
v -3.935066 -5.580066 0.000000
v -3.935066 -5.780066 2.093066
v -3.935066 -5.345066 -3.300000
v -3.935066 -5.145066 -3.500000
v -3.935066 -5.015066 -3.500000
v -3.935066 -4.815066 -3.300000
v -3.585066 -4.380066 2.443066
v -3.585066 -5.780066 2.443066
v -1.008000 -5.780066 2.443066
v -1.008000 -4.380066 2.443066
v -3.585066 -4.380066 2.193066
v -3.610948 -4.380066 2.189659
v -3.635066 -4.380066 2.179669
v -3.655777 -4.380066 2.163777
v -3.671669 -4.380066 2.143066
v -3.681659 -4.380066 2.118948
v -3.935066 -4.380066 2.093066
v -3.926291 -4.380066 2.170949
v -3.900405 -4.380066 2.244926
v -3.858707 -4.380066 2.311288
v -3.803288 -4.380066 2.366707
v -3.736926 -4.380066 2.408405
v -3.662949 -4.380066 2.434291
v -3.585066 -5.780066 2.193066
v -3.610948 -5.780066 2.189659
v -3.635066 -5.780066 2.179669
v -3.655777 -5.780066 2.163777
v -3.671669 -5.780066 2.143066
v -3.681659 -5.780066 2.118948
v -3.610948 -5.313400 2.189659
v -3.610948 -4.846733 2.189659
v -3.635066 -5.313400 2.179669
v -3.635066 -4.846733 2.179669
v -3.655777 -5.313400 2.163777
v -3.655777 -4.846733 2.163777
v -3.671669 -5.313400 2.143066
v -3.671669 -4.846733 2.143066
v -3.681659 -5.313400 2.118948
v -3.681659 -4.846733 2.118948
v -1.008000 -5.780066 2.193066
v -1.008000 -4.380066 2.193066
v -3.926291 -5.780066 2.170949
v -3.900405 -5.780066 2.244926
v -3.858707 -5.780066 2.311288
v -3.803288 -5.780066 2.366707
v -3.736926 -5.780066 2.408405
v -3.662949 -5.780066 2.434291
v -3.935066 -5.345066 0.000000
vt 0.014142 0.012500 0.000000
vt -0.014142 0.012500 0.000000
vt 0.014142 -0.012500 0.000000
vt -0.014142 -0.012500 0.000000
vt 0.020000 -0.012500 0.000000
vt 0.043500 -0.012500 0.000000
vt 0.020000 0.012500 0.000000
vt 0.043500 0.012500 0.000000
vt 0.230000 0.070000 0.000000
vt 0.040693 0.070000 0.000000
vt 0.250000 0.050000 0.000000
vt 0.250000 0.026500 0.000000
vt 0.040693 -0.070000 0.000000
vt 0.250000 -0.026500 0.000000
vt 0.250000 -0.050000 0.000000
vt 0.230000 -0.070000 0.000000
vt 0.580000 -0.026500 0.000000
vt 0.600000 -0.006500 0.000000
vt 0.600000 0.006500 0.000000
vt 0.580000 0.026500 0.000000
vt 0.014142 0.012500 0.000000
vt -0.014142 0.012500 0.000000
vt 0.014142 -0.012500 0.000000
vt -0.014142 -0.012500 0.000000
vt 0.020000 -0.012500 0.000000
vt 0.209307 -0.012500 0.000000
vt 0.020000 0.012500 0.000000
vt 0.209307 0.012500 0.000000
vt 0.014142 0.012500 0.000000
vt -0.014142 0.012500 0.000000
vt 0.014142 -0.012500 0.000000
vt -0.014142 -0.012500 0.000000
vt 0.033000 0.012500 0.000000
vt 0.020000 0.012500 0.000000
vt 0.033000 -0.012500 0.000000
vt 0.020000 -0.012500 0.000000
vt 0.014142 0.012500 0.000000
vt -0.014142 0.012500 0.000000
vt 0.014142 -0.012500 0.000000
vt -0.014142 -0.012500 0.000000
vt -0.007707 -0.070000 0.000000
vt 0.250000 -0.070000 0.000000
vt -0.007707 0.070000 0.000000
vt 0.250000 0.070000 0.000000
vt -0.025000 -0.000000 0.000000
vt 0.000000 0.000000 0.000000
vt -0.024122 0.007788 0.000000
vt 0.000341 0.002588 0.000000
vt -0.021534 0.015186 0.000000
vt 0.001340 0.005000 0.000000
vt -0.017364 0.021822 0.000000
vt 0.002929 0.007071 0.000000
vt -0.011822 0.027364 0.000000
vt 0.005000 0.008660 0.000000
vt -0.005186 0.031534 0.000000
vt 0.007412 0.009659 0.000000
vt 0.002212 0.034122 0.000000
vt 0.010000 0.010000 0.000000
vt 0.010000 0.035000 0.000000
vt 0.070000 0.013090 0.000000
vt 0.070000 0.015708 0.000000
vt 0.023333 0.013090 0.000000
vt -0.070000 0.015708 0.000000
vt -0.023333 0.013090 0.000000
vt -0.070000 0.013090 0.000000
vt -0.023333 0.010472 0.000000
vt -0.070000 0.010472 0.000000
vt -0.023333 0.007854 0.000000
vt -0.070000 0.007854 0.000000
vt -0.023333 0.005236 0.000000
vt -0.070000 0.005236 0.000000
vt -0.023333 0.002618 0.000000
vt -0.070000 0.002618 0.000000
vt -0.070000 0.000000 0.000000
vt 0.070000 0.000000 0.000000
vt 0.023333 0.002618 0.000000
vt 0.023333 0.005236 0.000000
vt 0.023333 0.007854 0.000000
vt 0.023333 0.010472 0.000000
vt 0.070000 0.002618 0.000000
vt 0.070000 0.005236 0.000000
vt 0.070000 0.007854 0.000000
vt 0.070000 0.010472 0.000000
vt 0.242293 -0.012500 0.000000
vt 0.500000 -0.012500 0.000000
vt 0.242293 0.012500 0.000000
vt 0.500000 0.012500 0.000000
vt 0.257707 0.012500 0.000000
vt -0.000000 0.012500 0.000000
vt 0.257707 -0.012500 0.000000
vt 0.000000 -0.012500 0.000000
vt 0.070000 0.054978 0.000000
vt -0.070000 0.054978 0.000000
vt 0.070000 0.047124 0.000000
vt -0.070000 0.047124 0.000000
vt 0.070000 0.039270 0.000000
vt -0.070000 0.039270 0.000000
vt 0.070000 0.031416 0.000000
vt -0.070000 0.031416 0.000000
vt 0.070000 0.023562 0.000000
vt -0.070000 0.023562 0.000000
vt 0.070000 0.015708 0.000000
vt -0.070000 0.015708 0.000000
vt 0.070000 0.007854 0.000000
vt -0.070000 0.007854 0.000000
vt 0.070000 0.000000 0.000000
vt -0.070000 0.000000 0.000000
vt 0.020000 -0.012500 0.000000
vt 0.350000 -0.012500 0.000000
vt 0.020000 0.012500 0.000000
vt 0.350000 0.012500 0.000000
vt 0.330000 0.012500 0.000000
vt 0.000000 0.012500 0.000000
vt 0.330000 -0.012500 0.000000
vt 0.000000 -0.012500 0.000000
vt 0.007707 0.070000 0.000000
vt -0.250000 0.070000 0.000000
vt 0.007707 -0.070000 0.000000
vt -0.250000 -0.070000 0.000000
vt 0.140000 0.012500 0.000000
vt 0.000000 0.012500 0.000000
vt 0.140000 -0.012500 0.000000
vt 0.000000 -0.012500 0.000000
vt -0.000000 -0.000000 0.000000
vt -0.000878 0.007788 0.000000
vt -0.025000 -0.000000 0.000000
vt -0.025341 0.002588 0.000000
vt -0.003466 0.015186 0.000000
vt -0.026340 0.005000 0.000000
vt -0.007636 0.021822 0.000000
vt -0.027929 0.007071 0.000000
vt -0.013178 0.027364 0.000000
vt -0.030000 0.008660 0.000000
vt -0.019814 0.031534 0.000000
vt -0.032412 0.009659 0.000000
vt -0.027212 0.034122 0.000000
vt -0.035000 0.010000 0.000000
vt -0.035000 0.035000 0.000000
vt 0.120000 0.012500 0.000000
vt 0.096500 0.012500 0.000000
vt 0.120000 -0.012500 0.000000
vt 0.096500 -0.012500 0.000000
vt 0.480000 0.012500 0.000000
vt 0.290693 0.012500 0.000000
vt 0.480000 -0.012500 0.000000
vt 0.290693 -0.012500 0.000000
vt -0.230000 0.070000 0.000000
vt -0.250000 0.050000 0.000000
vt -0.040693 0.070000 0.000000
vt -0.250000 0.026500 0.000000
vt -0.040693 -0.070000 0.000000
vt -0.250000 -0.026500 0.000000
vt -0.250000 -0.050000 0.000000
vt -0.580000 0.026500 0.000000
vt -0.600000 0.006500 0.000000
vt -0.600000 -0.006500 0.000000
vt -0.580000 -0.026500 0.000000
vt -0.230000 -0.070000 0.000000
vn -0.000000 0.070711 -0.070711
vn -0.000000 0.070711 -0.070711
vn -0.000000 0.070711 -0.070711
vn -0.000000 0.070711 -0.070711
vn 0.000000 0.000000 -0.100000
vn 0.000000 0.000000 -0.100000
vn 0.000000 0.000000 -0.100000
vn 0.000000 0.000000 -0.100000
vn 0.100000 0.000000 0.000000
vn 0.100000 0.000000 0.000000
vn 0.100000 0.000000 0.000000
vn 0.100000 0.000000 0.000000
vn 0.100000 0.000000 0.000000
vn 0.100000 0.000000 0.000000
vn 0.100000 0.000000 0.000000
vn 0.100000 0.000000 0.000000
vn 0.100000 0.000000 0.000000
vn 0.100000 0.000000 0.000000
vn 0.100000 0.000000 0.000000
vn 0.100000 0.000000 0.000000
vn 0.000000 -0.070711 -0.070711
vn 0.000000 -0.070711 -0.070711
vn 0.000000 -0.070711 -0.070711
vn 0.000000 -0.070711 -0.070711
vn 0.000000 -0.100000 0.000000
vn 0.000000 -0.100000 0.000000
vn 0.000000 -0.100000 0.000000
vn 0.000000 -0.100000 0.000000
vn 0.000000 -0.070711 -0.070711
vn 0.000000 -0.070711 -0.070711
vn 0.000000 -0.070711 -0.070711
vn 0.000000 -0.070711 -0.070711
vn 0.000000 0.000000 -0.100000
vn 0.000000 0.000000 -0.100000
vn 0.000000 0.000000 -0.100000
vn 0.000000 0.000000 -0.100000
vn -0.000000 0.070711 -0.070711
vn -0.000000 0.070711 -0.070711
vn -0.000000 0.070711 -0.070711
vn -0.000000 0.070711 -0.070711
vn -0.000000 -0.000000 0.100000
vn -0.000000 -0.000000 0.100000
vn -0.000000 -0.000000 0.100000
vn -0.000000 -0.000000 0.100000
vn -0.000000 0.100000 0.000000
vn -0.000000 0.100000 0.000000
vn -0.000000 0.100000 0.000000
vn -0.000000 0.100000 0.000000
vn -0.000000 0.100000 0.000000
vn -0.000000 0.100000 0.000000
vn -0.000000 0.100000 0.000000
vn -0.000000 0.100000 0.000000
vn -0.000000 0.100000 0.000000
vn -0.000000 0.100000 0.000000
vn -0.000000 0.100000 0.000000
vn -0.000000 0.100000 0.000000
vn -0.000000 0.100000 0.000000
vn -0.000000 0.100000 0.000000
vn -0.000000 0.100000 0.000000
vn 0.025882 0.000000 -0.096593
vn 0.000000 0.000000 -0.100000
vn 0.025882 0.000000 -0.096593
vn 0.000000 0.000000 -0.100000
vn 0.025882 0.000000 -0.096593
vn 0.025882 0.000000 -0.096593
vn 0.050000 0.000000 -0.086603
vn 0.050000 0.000000 -0.086603
vn 0.070711 0.000000 -0.070711
vn 0.070711 0.000000 -0.070711
vn 0.086603 0.000000 -0.050000
vn 0.086603 0.000000 -0.050000
vn 0.096593 0.000000 -0.025882
vn 0.096593 0.000000 -0.025882
vn 0.096593 0.000000 -0.025882
vn 0.086603 0.000000 -0.050000
vn 0.070711 0.000000 -0.070711
vn 0.050000 0.000000 -0.086603
vn 0.096593 0.000000 -0.025882
vn 0.086603 0.000000 -0.050000
vn 0.070711 0.000000 -0.070711
vn 0.050000 0.000000 -0.086603
vn 0.000000 -0.100000 0.000000
vn 0.000000 -0.100000 0.000000
vn 0.000000 -0.100000 0.000000
vn 0.000000 -0.100000 0.000000
vn -0.000000 0.100000 0.000000
vn -0.000000 0.100000 0.000000
vn -0.022252 -0.000000 0.097493
vn -0.022252 -0.000000 0.097493
vn -0.043388 -0.000000 0.090097
vn -0.043388 -0.000000 0.090097
vn -0.062349 -0.000000 0.078183
vn -0.062349 -0.000000 0.078183
vn -0.078183 -0.000000 0.062349
vn -0.078183 -0.000000 0.062349
vn -0.090097 -0.000000 0.043388
vn -0.090097 -0.000000 0.043388
vn -0.097493 -0.000000 0.022252
vn -0.097493 -0.000000 0.022252
vn -0.100000 -0.000000 0.000000
vn -0.100000 -0.000000 0.000000
vn 0.000000 -0.100000 0.000000
vn 0.000000 -0.100000 0.000000
vn 0.000000 -0.100000 0.000000
vn 0.000000 -0.100000 0.000000
vn -0.000000 0.100000 0.000000
vn -0.000000 0.100000 0.000000
vn -0.000000 0.100000 0.000000
vn -0.000000 0.100000 0.000000
vn 0.000000 0.000000 -0.100000
vn 0.000000 0.000000 -0.100000
vn 0.100000 0.000000 0.000000
vn 0.100000 0.000000 0.000000
vn 0.100000 0.000000 0.000000
vn 0.100000 0.000000 0.000000
vn 0.000000 -0.100000 0.000000
vn 0.000000 -0.100000 0.000000
vn 0.000000 -0.100000 0.000000
vn 0.000000 -0.100000 0.000000
vn 0.000000 -0.100000 0.000000
vn 0.000000 -0.100000 0.000000
vn 0.000000 -0.100000 0.000000
vn 0.000000 -0.100000 0.000000
vn 0.000000 -0.100000 0.000000
vn 0.000000 -0.100000 0.000000
vn 0.000000 -0.100000 0.000000
vn 0.000000 0.000000 -0.100000
vn 0.000000 0.000000 -0.100000
vn 0.000000 0.000000 -0.100000
vn 0.000000 0.000000 -0.100000
vn -0.000000 0.100000 0.000000
vn -0.000000 0.100000 0.000000
vn -0.100000 -0.000000 0.000000
vn -0.100000 -0.000000 0.000000
vn -0.100000 -0.000000 0.000000
vn -0.100000 -0.000000 0.000000
vn -0.100000 -0.000000 0.000000
vn -0.100000 -0.000000 0.000000
vn -0.100000 -0.000000 0.000000
vn -0.100000 -0.000000 0.000000
vn -0.100000 -0.000000 0.000000
vn -0.100000 -0.000000 0.000000
f 1483/2075/1971 1484/2076/1972 1486/2077/1973
f 1486/2077/1973 1484/2076/1972 1485/2078/1974
f 1486/2079/1975 1487/2080/1976 1483/2081/1977
f 1483/2081/1977 1487/2080/1976 1488/2082/1978
f 1485/2083/1979 1489/2084/1980 1486/2085/1981
f 1486/2085/1981 1489/2084/1980 1487/2086/1982
f 1487/2086/1982 1489/2084/1980 1490/2087/1983
f 1487/2086/1982 1490/2087/1983 1493/2088/1984
f 1493/2088/1984 1490/2087/1983 1492/2089/1985
f 1492/2089/1985 1490/2087/1983 1491/2090/1986
f 1494/2091/1987 1495/2092/1988 1493/2088/1984
f 1493/2088/1984 1495/2092/1988 1496/2093/1989
f 1493/2088/1984 1496/2093/1989 1487/2086/1982
f 1487/2086/1982 1496/2093/1989 1497/2094/1990
f 1498/2095/1991 1499/2096/1992 1491/2097/1993
f 1491/2097/1993 1499/2096/1992 1492/2098/1994
f 1491/2099/1995 1490/2100/1996 1498/2101/1997
f 1498/2101/1997 1490/2100/1996 1500/2102/1998
f 1501/2103/1999 1502/2104/2000 1494/2105/2001
f 1494/2105/2001 1502/2104/2000 1495/2106/2002
f 1502/2107/2003 1503/2108/2004 1495/2109/2005
f 1495/2109/2005 1503/2108/2004 1496/2110/2006
f 1503/2111/2007 1504/2112/2008 1496/2113/2009
f 1496/2113/2009 1504/2112/2008 1497/2114/2010
f 1506/2115/2011 1507/2116/2012 1505/2117/2013
f 1505/2117/2013 1507/2116/2012 1508/2118/2014
f 1505/2119/2015 1509/2120/2016 1521/2121/2017
f 1521/2121/2017 1509/2120/2016 1510/2122/2018
f 1521/2121/2017 1510/2122/2018 1520/2123/2019
f 1520/2123/2019 1510/2122/2018 1511/2124/2020
f 1520/2123/2019 1511/2124/2020 1519/2125/2021
f 1519/2125/2021 1511/2124/2020 1512/2126/2022
f 1519/2125/2021 1512/2126/2022 1518/2127/2023
f 1518/2127/2023 1512/2126/2022 1513/2128/2024
f 1518/2127/2023 1513/2128/2024 1517/2129/2025
f 1517/2129/2025 1513/2128/2024 1514/2130/2026
f 1517/2129/2025 1514/2130/2026 1516/2131/2027
f 1516/2131/2027 1514/2130/2026 1489/2132/2028
f 1516/2131/2027 1489/2132/2028 1515/2133/2029
f 1510/2134/2030 1509/2135/2031 1529/2136/2032
f 1529/2136/2032 1509/2135/2031 1522/2137/2033
f 1529/2136/2032 1522/2137/2033 1528/2138/2034
f 1528/2138/2034 1522/2137/2033 1523/2139/2035
f 1528/2138/2034 1523/2139/2035 1530/2140/2036
f 1530/2140/2036 1523/2139/2035 1524/2141/2037
f 1530/2140/2036 1524/2141/2037 1532/2142/2038
f 1532/2142/2038 1524/2141/2037 1525/2143/2039
f 1532/2142/2038 1525/2143/2039 1534/2144/2040
f 1534/2144/2040 1525/2143/2039 1526/2145/2041
f 1534/2144/2040 1526/2145/2041 1536/2146/2042
f 1536/2146/2042 1526/2145/2041 1527/2147/2043
f 1536/2146/2042 1527/2147/2043 1490/2148/1983
f 1490/2148/1983 1489/2149/1980 1536/2146/2042
f 1536/2146/2042 1489/2149/1980 1537/2150/2044
f 1536/2146/2042 1537/2150/2044 1534/2144/2040
f 1534/2144/2040 1537/2150/2044 1535/2151/2045
f 1534/2144/2040 1535/2151/2045 1532/2142/2038
f 1532/2142/2038 1535/2151/2045 1533/2152/2046
f 1532/2142/2038 1533/2152/2046 1530/2140/2036
f 1530/2140/2036 1533/2152/2046 1531/2153/2047
f 1530/2140/2036 1531/2153/2047 1528/2138/2034
f 1528/2138/2034 1531/2153/2047 1529/2136/2032
f 1489/2149/1980 1514/2154/2048 1537/2150/2044
f 1537/2150/2044 1514/2154/2048 1535/2151/2045
f 1514/2154/2048 1513/2155/2049 1535/2151/2045
f 1535/2151/2045 1513/2155/2049 1533/2152/2046
f 1513/2155/2049 1512/2156/2050 1533/2152/2046
f 1533/2152/2046 1512/2156/2050 1531/2153/2047
f 1512/2156/2050 1511/2157/2051 1531/2153/2047
f 1531/2153/2047 1511/2157/2051 1529/2136/2032
f 1511/2157/2051 1510/2134/2030 1529/2136/2032
f 1522/2158/2052 1538/2159/2053 1506/2160/2054
f 1506/2160/2054 1538/2159/2053 1507/2161/2055
f 1505/2162/2015 1508/2163/2056 1509/2164/2016
f 1509/2164/2016 1508/2163/2056 1539/2165/2057
f 1506/2166/2011 1505/2167/2013 1545/2168/2058
f 1545/2168/2058 1505/2167/2013 1521/2169/2059
f 1545/2168/2058 1521/2169/2059 1544/2170/2060
f 1544/2170/2060 1521/2169/2059 1520/2171/2061
f 1544/2170/2060 1520/2171/2061 1543/2172/2062
f 1543/2172/2062 1520/2171/2061 1519/2173/2063
f 1543/2172/2062 1519/2173/2063 1542/2174/2064
f 1542/2174/2064 1519/2173/2063 1518/2175/2065
f 1542/2174/2064 1518/2175/2065 1541/2176/2066
f 1541/2176/2066 1518/2175/2065 1517/2177/2067
f 1541/2176/2066 1517/2177/2067 1540/2178/2068
f 1540/2178/2068 1517/2177/2067 1516/2179/2069
f 1540/2178/2068 1516/2179/2069 1500/2180/2070
f 1500/2180/2070 1516/2179/2069 1515/2181/2071
f 1494/2182/2072 1493/2183/2073 1501/2184/2074
f 1501/2184/2074 1493/2183/2073 1546/2185/2075
f 1504/2186/2076 1488/2187/2077 1497/2188/2078
f 1497/2188/2078 1488/2187/2077 1487/2189/2079
f 1509/2190/2031 1539/2191/2080 1522/2192/2033
f 1522/2192/2033 1539/2191/2080 1538/2193/2081
f 1508/2194/2082 1507/2195/2083 1539/2196/2084
f 1539/2196/2084 1507/2195/2083 1538/2197/2085
f 1506/2198/2054 1545/2199/2086 1522/2200/2052
f 1522/2200/2052 1545/2199/2086 1523/2201/2087
f 1523/2201/2087 1545/2199/2086 1544/2202/2088
f 1523/2201/2087 1544/2202/2088 1524/2203/2089
f 1524/2203/2089 1544/2202/2088 1543/2204/2090
f 1524/2203/2089 1543/2204/2090 1525/2205/2091
f 1525/2205/2091 1543/2204/2090 1542/2206/2092
f 1525/2205/2091 1542/2206/2092 1526/2207/2093
f 1526/2207/2093 1542/2206/2092 1541/2208/2094
f 1526/2207/2093 1541/2208/2094 1527/2209/2095
f 1527/2209/2095 1541/2208/2094 1540/2210/2096
f 1527/2209/2095 1540/2210/2096 1490/2211/1996
f 1490/2211/1996 1540/2210/2096 1500/2212/1998
f 1499/2213/2097 1546/2214/2098 1492/2215/2099
f 1492/2215/2099 1546/2214/2098 1493/2216/2100
f 1484/2217/2101 1515/2218/2029 1485/2219/2102
f 1485/2219/2102 1515/2218/2029 1489/2220/2028
f 1484/2221/2103 1483/2222/2104 1515/2223/2071
f 1515/2223/2071 1483/2222/2104 1488/2224/2105
f 1515/2223/2071 1488/2224/2105 1500/2225/2070
f 1500/2225/2070 1488/2224/2105 1546/2226/2106
f 1500/2225/2070 1546/2226/2106 1499/2227/2107
f 1504/2228/2108 1503/2229/2109 1488/2224/2105
f 1488/2224/2105 1503/2229/2109 1546/2226/2106
f 1503/2229/2109 1502/2230/2110 1546/2226/2106
f 1546/2226/2106 1502/2230/2110 1501/2231/2111
f 1499/2227/2107 1498/2232/2112 1500/2225/2070
g Body6

v -3.935066 8.119934 0.000000
v -3.935066 8.319934 0.200000
v -3.685066 8.319934 0.200000
v -3.685066 8.119934 0.000000
v -3.685066 7.884934 0.000000
v -3.935066 7.884934 0.000000
v -3.685066 8.319934 2.093066
v -3.685066 6.919934 2.093066
v -3.685066 6.919934 0.200000
v -3.685066 7.119934 0.000000
v -3.685066 7.354934 0.000000
v -3.685066 7.354934 -3.300000
v -3.685066 7.554934 -3.500000
v -3.685066 7.684934 -3.500000
v -3.685066 7.884934 -3.300000
v -3.935066 6.919934 0.200000
v -3.935066 7.119934 0.000000
v -3.935066 6.919934 2.093066
v -3.935066 7.354934 -3.300000
v -3.935066 7.554934 -3.500000
v -3.935066 7.684934 -3.500000
v -3.935066 7.884934 -3.300000
v -3.585066 8.319934 2.443066
v -3.585066 6.919934 2.443066
v -1.008000 6.919934 2.443066
v -1.008000 8.319934 2.443066
v -3.585066 8.319934 2.193066
v -3.610948 8.319934 2.189659
v -3.635066 8.319934 2.179669
v -3.655777 8.319934 2.163777
v -3.671669 8.319934 2.143066
v -3.681659 8.319934 2.118948
v -3.935066 8.319934 2.093066
v -3.926291 8.319934 2.170949
v -3.900405 8.319934 2.244926
v -3.858707 8.319934 2.311288
v -3.803288 8.319934 2.366707
v -3.736926 8.319934 2.408405
v -3.662949 8.319934 2.434291
v -3.585066 6.919934 2.193066
v -3.610948 6.919934 2.189659
v -3.635066 6.919934 2.179669
v -3.655777 6.919934 2.163777
v -3.671669 6.919934 2.143066
v -3.681659 6.919934 2.118948
v -3.610948 7.386600 2.189659
v -3.610948 7.853267 2.189659
v -3.635066 7.386600 2.179669
v -3.635066 7.853267 2.179669
v -3.655777 7.386600 2.163777
v -3.655777 7.853267 2.163777
v -3.671669 7.386600 2.143066
v -3.671669 7.853267 2.143066
v -3.681659 7.386600 2.118948
v -3.681659 7.853267 2.118948
v -1.008000 6.919934 2.193066
v -1.008000 8.319934 2.193066
v -3.926291 6.919934 2.170949
v -3.900405 6.919934 2.244926
v -3.858707 6.919934 2.311288
v -3.803288 6.919934 2.366707
v -3.736926 6.919934 2.408405
v -3.662949 6.919934 2.434291
v -3.935066 7.354934 0.000000
vt 0.014142 0.012500 0.000000
vt -0.014142 0.012500 0.000000
vt 0.014142 -0.012500 0.000000
vt -0.014142 -0.012500 0.000000
vt 0.020000 -0.012500 0.000000
vt 0.043500 -0.012500 0.000000
vt 0.020000 0.012500 0.000000
vt 0.043500 0.012500 0.000000
vt 0.230000 0.070000 0.000000
vt 0.040693 0.070000 0.000000
vt 0.250000 0.050000 0.000000
vt 0.250000 0.026500 0.000000
vt 0.040693 -0.070000 0.000000
vt 0.250000 -0.026500 0.000000
vt 0.250000 -0.050000 0.000000
vt 0.230000 -0.070000 0.000000
vt 0.580000 -0.026500 0.000000
vt 0.600000 -0.006500 0.000000
vt 0.600000 0.006500 0.000000
vt 0.580000 0.026500 0.000000
vt 0.014142 0.012500 0.000000
vt -0.014142 0.012500 0.000000
vt 0.014142 -0.012500 0.000000
vt -0.014142 -0.012500 0.000000
vt 0.020000 -0.012500 0.000000
vt 0.209307 -0.012500 0.000000
vt 0.020000 0.012500 0.000000
vt 0.209307 0.012500 0.000000
vt 0.014142 0.012500 0.000000
vt -0.014142 0.012500 0.000000
vt 0.014142 -0.012500 0.000000
vt -0.014142 -0.012500 0.000000
vt 0.033000 0.012500 0.000000
vt 0.020000 0.012500 0.000000
vt 0.033000 -0.012500 0.000000
vt 0.020000 -0.012500 0.000000
vt 0.014142 0.012500 0.000000
vt -0.014142 0.012500 0.000000
vt 0.014142 -0.012500 0.000000
vt -0.014142 -0.012500 0.000000
vt -0.007707 -0.070000 0.000000
vt 0.250000 -0.070000 0.000000
vt -0.007707 0.070000 0.000000
vt 0.250000 0.070000 0.000000
vt -0.025000 -0.000000 0.000000
vt 0.000000 0.000000 0.000000
vt -0.024122 0.007788 0.000000
vt 0.000341 0.002588 0.000000
vt -0.021534 0.015186 0.000000
vt 0.001340 0.005000 0.000000
vt -0.017364 0.021822 0.000000
vt 0.002929 0.007071 0.000000
vt -0.011822 0.027364 0.000000
vt 0.005000 0.008660 0.000000
vt -0.005186 0.031534 0.000000
vt 0.007412 0.009659 0.000000
vt 0.002212 0.034122 0.000000
vt 0.010000 0.010000 0.000000
vt 0.010000 0.035000 0.000000
vt 0.070000 0.013090 0.000000
vt 0.070000 0.015708 0.000000
vt 0.023333 0.013090 0.000000
vt -0.070000 0.015708 0.000000
vt -0.023333 0.013090 0.000000
vt -0.070000 0.013090 0.000000
vt -0.023333 0.010472 0.000000
vt -0.070000 0.010472 0.000000
vt -0.023333 0.007854 0.000000
vt -0.070000 0.007854 0.000000
vt -0.023333 0.005236 0.000000
vt -0.070000 0.005236 0.000000
vt -0.023333 0.002618 0.000000
vt -0.070000 0.002618 0.000000
vt -0.070000 0.000000 0.000000
vt 0.070000 0.000000 0.000000
vt 0.023333 0.002618 0.000000
vt 0.023333 0.005236 0.000000
vt 0.023333 0.007854 0.000000
vt 0.023333 0.010472 0.000000
vt 0.070000 0.002618 0.000000
vt 0.070000 0.005236 0.000000
vt 0.070000 0.007854 0.000000
vt 0.070000 0.010472 0.000000
vt 0.242293 -0.012500 0.000000
vt 0.500000 -0.012500 0.000000
vt 0.242293 0.012500 0.000000
vt 0.500000 0.012500 0.000000
vt 0.257707 0.012500 0.000000
vt -0.000000 0.012500 0.000000
vt 0.257707 -0.012500 0.000000
vt 0.000000 -0.012500 0.000000
vt 0.070000 0.054978 0.000000
vt -0.070000 0.054978 0.000000
vt 0.070000 0.047124 0.000000
vt -0.070000 0.047124 0.000000
vt 0.070000 0.039270 0.000000
vt -0.070000 0.039270 0.000000
vt 0.070000 0.031416 0.000000
vt -0.070000 0.031416 0.000000
vt 0.070000 0.023562 0.000000
vt -0.070000 0.023562 0.000000
vt 0.070000 0.015708 0.000000
vt -0.070000 0.015708 0.000000
vt 0.070000 0.007854 0.000000
vt -0.070000 0.007854 0.000000
vt 0.070000 0.000000 0.000000
vt -0.070000 0.000000 0.000000
vt 0.020000 -0.012500 0.000000
vt 0.350000 -0.012500 0.000000
vt 0.020000 0.012500 0.000000
vt 0.350000 0.012500 0.000000
vt 0.330000 0.012500 0.000000
vt 0.000000 0.012500 0.000000
vt 0.330000 -0.012500 0.000000
vt 0.000000 -0.012500 0.000000
vt 0.007707 0.070000 0.000000
vt -0.250000 0.070000 0.000000
vt 0.007707 -0.070000 0.000000
vt -0.250000 -0.070000 0.000000
vt 0.140000 0.012500 0.000000
vt 0.000000 0.012500 0.000000
vt 0.140000 -0.012500 0.000000
vt 0.000000 -0.012500 0.000000
vt -0.000000 -0.000000 0.000000
vt -0.000878 0.007788 0.000000
vt -0.025000 -0.000000 0.000000
vt -0.025341 0.002588 0.000000
vt -0.003466 0.015186 0.000000
vt -0.026340 0.005000 0.000000
vt -0.007636 0.021822 0.000000
vt -0.027929 0.007071 0.000000
vt -0.013178 0.027364 0.000000
vt -0.030000 0.008660 0.000000
vt -0.019814 0.031534 0.000000
vt -0.032412 0.009659 0.000000
vt -0.027212 0.034122 0.000000
vt -0.035000 0.010000 0.000000
vt -0.035000 0.035000 0.000000
vt 0.120000 0.012500 0.000000
vt 0.096500 0.012500 0.000000
vt 0.120000 -0.012500 0.000000
vt 0.096500 -0.012500 0.000000
vt 0.480000 0.012500 0.000000
vt 0.290693 0.012500 0.000000
vt 0.480000 -0.012500 0.000000
vt 0.290693 -0.012500 0.000000
vt -0.230000 0.070000 0.000000
vt -0.250000 0.050000 0.000000
vt -0.040693 0.070000 0.000000
vt -0.250000 0.026500 0.000000
vt -0.040693 -0.070000 0.000000
vt -0.250000 -0.026500 0.000000
vt -0.250000 -0.050000 0.000000
vt -0.580000 0.026500 0.000000
vt -0.600000 0.006500 0.000000
vt -0.600000 -0.006500 0.000000
vt -0.580000 -0.026500 0.000000
vt -0.230000 -0.070000 0.000000
vn -0.000000 0.070711 -0.070711
vn -0.000000 0.070711 -0.070711
vn -0.000000 0.070711 -0.070711
vn -0.000000 0.070711 -0.070711
vn 0.000000 0.000000 -0.100000
vn 0.000000 0.000000 -0.100000
vn 0.000000 0.000000 -0.100000
vn 0.000000 0.000000 -0.100000
vn 0.100000 0.000000 0.000000
vn 0.100000 0.000000 0.000000
vn 0.100000 0.000000 0.000000
vn 0.100000 0.000000 0.000000
vn 0.100000 0.000000 0.000000
vn 0.100000 0.000000 0.000000
vn 0.100000 0.000000 0.000000
vn 0.100000 0.000000 0.000000
vn 0.100000 0.000000 0.000000
vn 0.100000 0.000000 0.000000
vn 0.100000 0.000000 0.000000
vn 0.100000 0.000000 0.000000
vn 0.000000 -0.070711 -0.070711
vn 0.000000 -0.070711 -0.070711
vn 0.000000 -0.070711 -0.070711
vn 0.000000 -0.070711 -0.070711
vn 0.000000 -0.100000 0.000000
vn 0.000000 -0.100000 0.000000
vn 0.000000 -0.100000 0.000000
vn 0.000000 -0.100000 0.000000
vn 0.000000 -0.070711 -0.070711
vn 0.000000 -0.070711 -0.070711
vn 0.000000 -0.070711 -0.070711
vn 0.000000 -0.070711 -0.070711
vn 0.000000 0.000000 -0.100000
vn 0.000000 0.000000 -0.100000
vn 0.000000 0.000000 -0.100000
vn 0.000000 0.000000 -0.100000
vn -0.000000 0.070711 -0.070711
vn -0.000000 0.070711 -0.070711
vn -0.000000 0.070711 -0.070711
vn -0.000000 0.070711 -0.070711
vn -0.000000 -0.000000 0.100000
vn -0.000000 -0.000000 0.100000
vn -0.000000 -0.000000 0.100000
vn -0.000000 -0.000000 0.100000
vn -0.000000 0.100000 0.000000
vn -0.000000 0.100000 0.000000
vn -0.000000 0.100000 0.000000
vn -0.000000 0.100000 0.000000
vn -0.000000 0.100000 0.000000
vn -0.000000 0.100000 0.000000
vn -0.000000 0.100000 0.000000
vn -0.000000 0.100000 0.000000
vn -0.000000 0.100000 0.000000
vn -0.000000 0.100000 0.000000
vn -0.000000 0.100000 0.000000
vn -0.000000 0.100000 0.000000
vn -0.000000 0.100000 0.000000
vn -0.000000 0.100000 0.000000
vn -0.000000 0.100000 0.000000
vn 0.025882 0.000000 -0.096593
vn 0.000000 0.000000 -0.100000
vn 0.025882 0.000000 -0.096593
vn 0.000000 0.000000 -0.100000
vn 0.025882 0.000000 -0.096593
vn 0.025882 0.000000 -0.096593
vn 0.050000 0.000000 -0.086603
vn 0.050000 0.000000 -0.086603
vn 0.070711 0.000000 -0.070711
vn 0.070711 0.000000 -0.070711
vn 0.086603 0.000000 -0.050000
vn 0.086603 0.000000 -0.050000
vn 0.096593 0.000000 -0.025882
vn 0.096593 0.000000 -0.025882
vn 0.096593 0.000000 -0.025882
vn 0.086603 0.000000 -0.050000
vn 0.070711 0.000000 -0.070711
vn 0.050000 0.000000 -0.086603
vn 0.096593 0.000000 -0.025882
vn 0.086603 0.000000 -0.050000
vn 0.070711 0.000000 -0.070711
vn 0.050000 0.000000 -0.086603
vn 0.000000 -0.100000 0.000000
vn 0.000000 -0.100000 0.000000
vn 0.000000 -0.100000 0.000000
vn 0.000000 -0.100000 0.000000
vn -0.000000 0.100000 0.000000
vn -0.000000 0.100000 0.000000
vn -0.022252 -0.000000 0.097493
vn -0.022252 -0.000000 0.097493
vn -0.043388 -0.000000 0.090097
vn -0.043388 -0.000000 0.090097
vn -0.062349 -0.000000 0.078183
vn -0.062349 -0.000000 0.078183
vn -0.078183 -0.000000 0.062349
vn -0.078183 -0.000000 0.062349
vn -0.090097 -0.000000 0.043388
vn -0.090097 -0.000000 0.043388
vn -0.097493 -0.000000 0.022252
vn -0.097493 -0.000000 0.022252
vn -0.100000 -0.000000 0.000000
vn -0.100000 -0.000000 0.000000
vn 0.000000 -0.100000 0.000000
vn 0.000000 -0.100000 0.000000
vn 0.000000 -0.100000 0.000000
vn 0.000000 -0.100000 0.000000
vn -0.000000 0.100000 0.000000
vn -0.000000 0.100000 0.000000
vn -0.000000 0.100000 0.000000
vn -0.000000 0.100000 0.000000
vn 0.000000 0.000000 -0.100000
vn 0.000000 0.000000 -0.100000
vn 0.100000 0.000000 0.000000
vn 0.100000 0.000000 0.000000
vn 0.100000 0.000000 0.000000
vn 0.100000 0.000000 0.000000
vn 0.000000 -0.100000 0.000000
vn 0.000000 -0.100000 0.000000
vn 0.000000 -0.100000 0.000000
vn 0.000000 -0.100000 0.000000
vn 0.000000 -0.100000 0.000000
vn 0.000000 -0.100000 0.000000
vn 0.000000 -0.100000 0.000000
vn 0.000000 -0.100000 0.000000
vn 0.000000 -0.100000 0.000000
vn 0.000000 -0.100000 0.000000
vn 0.000000 -0.100000 0.000000
vn 0.000000 0.000000 -0.100000
vn 0.000000 0.000000 -0.100000
vn 0.000000 0.000000 -0.100000
vn 0.000000 0.000000 -0.100000
vn -0.000000 0.100000 0.000000
vn -0.000000 0.100000 0.000000
vn -0.100000 -0.000000 0.000000
vn -0.100000 -0.000000 0.000000
vn -0.100000 -0.000000 0.000000
vn -0.100000 -0.000000 0.000000
vn -0.100000 -0.000000 0.000000
vn -0.100000 -0.000000 0.000000
vn -0.100000 -0.000000 0.000000
vn -0.100000 -0.000000 0.000000
vn -0.100000 -0.000000 0.000000
vn -0.100000 -0.000000 0.000000
f 1547/2233/2113 1548/2234/2114 1550/2235/2115
f 1550/2235/2115 1548/2234/2114 1549/2236/2116
f 1550/2237/2117 1551/2238/2118 1547/2239/2119
f 1547/2239/2119 1551/2238/2118 1552/2240/2120
f 1549/2241/2121 1553/2242/2122 1550/2243/2123
f 1550/2243/2123 1553/2242/2122 1551/2244/2124
f 1551/2244/2124 1553/2242/2122 1554/2245/2125
f 1551/2244/2124 1554/2245/2125 1557/2246/2126
f 1557/2246/2126 1554/2245/2125 1556/2247/2127
f 1556/2247/2127 1554/2245/2125 1555/2248/2128
f 1558/2249/2129 1559/2250/2130 1557/2246/2126
f 1557/2246/2126 1559/2250/2130 1560/2251/2131
f 1557/2246/2126 1560/2251/2131 1551/2244/2124
f 1551/2244/2124 1560/2251/2131 1561/2252/2132
f 1562/2253/2133 1563/2254/2134 1555/2255/2135
f 1555/2255/2135 1563/2254/2134 1556/2256/2136
f 1555/2257/2137 1554/2258/2138 1562/2259/2139
f 1562/2259/2139 1554/2258/2138 1564/2260/2140
f 1565/2261/2141 1566/2262/2142 1558/2263/2143
f 1558/2263/2143 1566/2262/2142 1559/2264/2144
f 1566/2265/2145 1567/2266/2146 1559/2267/2147
f 1559/2267/2147 1567/2266/2146 1560/2268/2148
f 1567/2269/2149 1568/2270/2150 1560/2271/2151
f 1560/2271/2151 1568/2270/2150 1561/2272/2152
f 1570/2273/2153 1571/2274/2154 1569/2275/2155
f 1569/2275/2155 1571/2274/2154 1572/2276/2156
f 1569/2277/2157 1573/2278/2158 1585/2279/2159
f 1585/2279/2159 1573/2278/2158 1574/2280/2160
f 1585/2279/2159 1574/2280/2160 1584/2281/2161
f 1584/2281/2161 1574/2280/2160 1575/2282/2162
f 1584/2281/2161 1575/2282/2162 1583/2283/2163
f 1583/2283/2163 1575/2282/2162 1576/2284/2164
f 1583/2283/2163 1576/2284/2164 1582/2285/2165
f 1582/2285/2165 1576/2284/2164 1577/2286/2166
f 1582/2285/2165 1577/2286/2166 1581/2287/2167
f 1581/2287/2167 1577/2286/2166 1578/2288/2168
f 1581/2287/2167 1578/2288/2168 1580/2289/2169
f 1580/2289/2169 1578/2288/2168 1553/2290/2170
f 1580/2289/2169 1553/2290/2170 1579/2291/2171
f 1574/2292/2172 1573/2293/2173 1593/2294/2174
f 1593/2294/2174 1573/2293/2173 1586/2295/2175
f 1593/2294/2174 1586/2295/2175 1592/2296/2176
f 1592/2296/2176 1586/2295/2175 1587/2297/2177
f 1592/2296/2176 1587/2297/2177 1594/2298/2178
f 1594/2298/2178 1587/2297/2177 1588/2299/2179
f 1594/2298/2178 1588/2299/2179 1596/2300/2180
f 1596/2300/2180 1588/2299/2179 1589/2301/2181
f 1596/2300/2180 1589/2301/2181 1598/2302/2182
f 1598/2302/2182 1589/2301/2181 1590/2303/2183
f 1598/2302/2182 1590/2303/2183 1600/2304/2184
f 1600/2304/2184 1590/2303/2183 1591/2305/2185
f 1600/2304/2184 1591/2305/2185 1554/2306/2125
f 1554/2306/2125 1553/2307/2122 1600/2304/2184
f 1600/2304/2184 1553/2307/2122 1601/2308/2186
f 1600/2304/2184 1601/2308/2186 1598/2302/2182
f 1598/2302/2182 1601/2308/2186 1599/2309/2187
f 1598/2302/2182 1599/2309/2187 1596/2300/2180
f 1596/2300/2180 1599/2309/2187 1597/2310/2188
f 1596/2300/2180 1597/2310/2188 1594/2298/2178
f 1594/2298/2178 1597/2310/2188 1595/2311/2189
f 1594/2298/2178 1595/2311/2189 1592/2296/2176
f 1592/2296/2176 1595/2311/2189 1593/2294/2174
f 1553/2307/2122 1578/2312/2190 1601/2308/2186
f 1601/2308/2186 1578/2312/2190 1599/2309/2187
f 1578/2312/2190 1577/2313/2191 1599/2309/2187
f 1599/2309/2187 1577/2313/2191 1597/2310/2188
f 1577/2313/2191 1576/2314/2192 1597/2310/2188
f 1597/2310/2188 1576/2314/2192 1595/2311/2189
f 1576/2314/2192 1575/2315/2193 1595/2311/2189
f 1595/2311/2189 1575/2315/2193 1593/2294/2174
f 1575/2315/2193 1574/2292/2172 1593/2294/2174
f 1586/2316/2194 1602/2317/2195 1570/2318/2196
f 1570/2318/2196 1602/2317/2195 1571/2319/2197
f 1569/2320/2157 1572/2321/2198 1573/2322/2158
f 1573/2322/2158 1572/2321/2198 1603/2323/2199
f 1570/2324/2153 1569/2325/2155 1609/2326/2200
f 1609/2326/2200 1569/2325/2155 1585/2327/2201
f 1609/2326/2200 1585/2327/2201 1608/2328/2202
f 1608/2328/2202 1585/2327/2201 1584/2329/2203
f 1608/2328/2202 1584/2329/2203 1607/2330/2204
f 1607/2330/2204 1584/2329/2203 1583/2331/2205
f 1607/2330/2204 1583/2331/2205 1606/2332/2206
f 1606/2332/2206 1583/2331/2205 1582/2333/2207
f 1606/2332/2206 1582/2333/2207 1605/2334/2208
f 1605/2334/2208 1582/2333/2207 1581/2335/2209
f 1605/2334/2208 1581/2335/2209 1604/2336/2210
f 1604/2336/2210 1581/2335/2209 1580/2337/2211
f 1604/2336/2210 1580/2337/2211 1564/2338/2212
f 1564/2338/2212 1580/2337/2211 1579/2339/2213
f 1558/2340/2214 1557/2341/2215 1565/2342/2216
f 1565/2342/2216 1557/2341/2215 1610/2343/2217
f 1568/2344/2218 1552/2345/2219 1561/2346/2220
f 1561/2346/2220 1552/2345/2219 1551/2347/2221
f 1573/2348/2173 1603/2349/2222 1586/2350/2175
f 1586/2350/2175 1603/2349/2222 1602/2351/2223
f 1572/2352/2224 1571/2353/2225 1603/2354/2226
f 1603/2354/2226 1571/2353/2225 1602/2355/2227
f 1570/2356/2196 1609/2357/2228 1586/2358/2194
f 1586/2358/2194 1609/2357/2228 1587/2359/2229
f 1587/2359/2229 1609/2357/2228 1608/2360/2230
f 1587/2359/2229 1608/2360/2230 1588/2361/2231
f 1588/2361/2231 1608/2360/2230 1607/2362/2232
f 1588/2361/2231 1607/2362/2232 1589/2363/2233
f 1589/2363/2233 1607/2362/2232 1606/2364/2234
f 1589/2363/2233 1606/2364/2234 1590/2365/2235
f 1590/2365/2235 1606/2364/2234 1605/2366/2236
f 1590/2365/2235 1605/2366/2236 1591/2367/2237
f 1591/2367/2237 1605/2366/2236 1604/2368/2238
f 1591/2367/2237 1604/2368/2238 1554/2369/2138
f 1554/2369/2138 1604/2368/2238 1564/2370/2140
f 1563/2371/2239 1610/2372/2240 1556/2373/2241
f 1556/2373/2241 1610/2372/2240 1557/2374/2242
f 1548/2375/2243 1579/2376/2171 1549/2377/2244
f 1549/2377/2244 1579/2376/2171 1553/2378/2170
f 1548/2379/2245 1547/2380/2246 1579/2381/2213
f 1579/2381/2213 1547/2380/2246 1552/2382/2247
f 1579/2381/2213 1552/2382/2247 1564/2383/2212
f 1564/2383/2212 1552/2382/2247 1610/2384/2248
f 1564/2383/2212 1610/2384/2248 1563/2385/2249
f 1568/2386/2250 1567/2387/2251 1552/2382/2247
f 1552/2382/2247 1567/2387/2251 1610/2384/2248
f 1567/2387/2251 1566/2388/2252 1610/2384/2248
f 1610/2384/2248 1566/2388/2252 1565/2389/2253
f 1563/2385/2249 1562/2390/2254 1564/2383/2212
g Body7

v -3.935066 -7.120066 0.000000
v -3.935066 -6.920066 0.200000
v -3.685066 -6.920066 0.200000
v -3.685066 -7.120066 0.000000
v -3.685066 -7.355066 0.000000
v -3.935066 -7.355066 0.000000
v -3.685066 -6.920066 2.093066
v -3.685066 -8.320066 2.093066
v -3.685066 -8.320066 0.200000
v -3.685066 -8.120066 0.000000
v -3.685066 -7.885066 0.000000
v -3.685066 -7.885066 -3.300000
v -3.685066 -7.685066 -3.500000
v -3.685066 -7.555066 -3.500000
v -3.685066 -7.355066 -3.300000
v -3.935066 -8.320066 0.200000
v -3.935066 -8.120066 0.000000
v -3.935066 -8.320066 2.093066
v -3.935066 -7.885066 -3.300000
v -3.935066 -7.685066 -3.500000
v -3.935066 -7.555066 -3.500000
v -3.935066 -7.355066 -3.300000
v -3.585066 -6.920066 2.443066
v -3.585066 -8.320066 2.443066
v -1.008000 -8.320066 2.443066
v -1.008000 -6.920066 2.443066
v -3.585066 -6.920066 2.193066
v -3.610948 -6.920066 2.189659
v -3.635066 -6.920066 2.179669
v -3.655777 -6.920066 2.163777
v -3.671669 -6.920066 2.143066
v -3.681659 -6.920066 2.118948
v -3.935066 -6.920066 2.093066
v -3.926291 -6.920066 2.170949
v -3.900405 -6.920066 2.244926
v -3.858707 -6.920066 2.311288
v -3.803288 -6.920066 2.366707
v -3.736926 -6.920066 2.408405
v -3.662949 -6.920066 2.434291
v -3.585066 -8.320066 2.193066
v -3.610948 -8.320066 2.189659
v -3.635066 -8.320066 2.179669
v -3.655777 -8.320066 2.163777
v -3.671669 -8.320066 2.143066
v -3.681659 -8.320066 2.118948
v -3.610948 -7.853400 2.189659
v -3.610948 -7.386733 2.189659
v -3.635066 -7.853400 2.179669
v -3.635066 -7.386733 2.179669
v -3.655777 -7.853400 2.163777
v -3.655777 -7.386733 2.163777
v -3.671669 -7.853400 2.143066
v -3.671669 -7.386733 2.143066
v -3.681659 -7.853400 2.118948
v -3.681659 -7.386733 2.118948
v -1.008000 -8.320066 2.193066
v -1.008000 -6.920066 2.193066
v -3.926291 -8.320066 2.170949
v -3.900405 -8.320066 2.244926
v -3.858707 -8.320066 2.311288
v -3.803288 -8.320066 2.366707
v -3.736926 -8.320066 2.408405
v -3.662949 -8.320066 2.434291
v -3.935066 -7.885066 0.000000
vt 0.014142 0.012500 0.000000
vt -0.014142 0.012500 0.000000
vt 0.014142 -0.012500 0.000000
vt -0.014142 -0.012500 0.000000
vt 0.020000 -0.012500 0.000000
vt 0.043500 -0.012500 0.000000
vt 0.020000 0.012500 0.000000
vt 0.043500 0.012500 0.000000
vt 0.230000 0.070000 0.000000
vt 0.040693 0.070000 0.000000
vt 0.250000 0.050000 0.000000
vt 0.250000 0.026500 0.000000
vt 0.040693 -0.070000 0.000000
vt 0.250000 -0.026500 0.000000
vt 0.250000 -0.050000 0.000000
vt 0.230000 -0.070000 0.000000
vt 0.580000 -0.026500 0.000000
vt 0.600000 -0.006500 0.000000
vt 0.600000 0.006500 0.000000
vt 0.580000 0.026500 0.000000
vt 0.014142 0.012500 0.000000
vt -0.014142 0.012500 0.000000
vt 0.014142 -0.012500 0.000000
vt -0.014142 -0.012500 0.000000
vt 0.020000 -0.012500 0.000000
vt 0.209307 -0.012500 0.000000
vt 0.020000 0.012500 0.000000
vt 0.209307 0.012500 0.000000
vt 0.014142 0.012500 0.000000
vt -0.014142 0.012500 0.000000
vt 0.014142 -0.012500 0.000000
vt -0.014142 -0.012500 0.000000
vt 0.033000 0.012500 0.000000
vt 0.020000 0.012500 0.000000
vt 0.033000 -0.012500 0.000000
vt 0.020000 -0.012500 0.000000
vt 0.014142 0.012500 0.000000
vt -0.014142 0.012500 0.000000
vt 0.014142 -0.012500 0.000000
vt -0.014142 -0.012500 0.000000
vt -0.007707 -0.070000 0.000000
vt 0.250000 -0.070000 0.000000
vt -0.007707 0.070000 0.000000
vt 0.250000 0.070000 0.000000
vt -0.025000 -0.000000 0.000000
vt 0.000000 0.000000 0.000000
vt -0.024122 0.007788 0.000000
vt 0.000341 0.002588 0.000000
vt -0.021534 0.015186 0.000000
vt 0.001340 0.005000 0.000000
vt -0.017364 0.021822 0.000000
vt 0.002929 0.007071 0.000000
vt -0.011822 0.027364 0.000000
vt 0.005000 0.008660 0.000000
vt -0.005186 0.031534 0.000000
vt 0.007412 0.009659 0.000000
vt 0.002212 0.034122 0.000000
vt 0.010000 0.010000 0.000000
vt 0.010000 0.035000 0.000000
vt 0.070000 0.013090 0.000000
vt 0.070000 0.015708 0.000000
vt 0.023333 0.013090 0.000000
vt -0.070000 0.015708 0.000000
vt -0.023333 0.013090 0.000000
vt -0.070000 0.013090 0.000000
vt -0.023333 0.010472 0.000000
vt -0.070000 0.010472 0.000000
vt -0.023333 0.007854 0.000000
vt -0.070000 0.007854 0.000000
vt -0.023333 0.005236 0.000000
vt -0.070000 0.005236 0.000000
vt -0.023333 0.002618 0.000000
vt -0.070000 0.002618 0.000000
vt -0.070000 0.000000 0.000000
vt 0.070000 0.000000 0.000000
vt 0.023333 0.002618 0.000000
vt 0.023333 0.005236 0.000000
vt 0.023333 0.007854 0.000000
vt 0.023333 0.010472 0.000000
vt 0.070000 0.002618 0.000000
vt 0.070000 0.005236 0.000000
vt 0.070000 0.007854 0.000000
vt 0.070000 0.010472 0.000000
vt 0.242293 -0.012500 0.000000
vt 0.500000 -0.012500 0.000000
vt 0.242293 0.012500 0.000000
vt 0.500000 0.012500 0.000000
vt 0.257707 0.012500 0.000000
vt -0.000000 0.012500 0.000000
vt 0.257707 -0.012500 0.000000
vt 0.000000 -0.012500 0.000000
vt 0.070000 0.054978 0.000000
vt -0.070000 0.054978 0.000000
vt 0.070000 0.047124 0.000000
vt -0.070000 0.047124 0.000000
vt 0.070000 0.039270 0.000000
vt -0.070000 0.039270 0.000000
vt 0.070000 0.031416 0.000000
vt -0.070000 0.031416 0.000000
vt 0.070000 0.023562 0.000000
vt -0.070000 0.023562 0.000000
vt 0.070000 0.015708 0.000000
vt -0.070000 0.015708 0.000000
vt 0.070000 0.007854 0.000000
vt -0.070000 0.007854 0.000000
vt 0.070000 0.000000 0.000000
vt -0.070000 0.000000 0.000000
vt 0.020000 -0.012500 0.000000
vt 0.350000 -0.012500 0.000000
vt 0.020000 0.012500 0.000000
vt 0.350000 0.012500 0.000000
vt 0.330000 0.012500 0.000000
vt 0.000000 0.012500 0.000000
vt 0.330000 -0.012500 0.000000
vt 0.000000 -0.012500 0.000000
vt 0.007707 0.070000 0.000000
vt -0.250000 0.070000 0.000000
vt 0.007707 -0.070000 0.000000
vt -0.250000 -0.070000 0.000000
vt 0.140000 0.012500 0.000000
vt 0.000000 0.012500 0.000000
vt 0.140000 -0.012500 0.000000
vt 0.000000 -0.012500 0.000000
vt -0.000000 -0.000000 0.000000
vt -0.000878 0.007788 0.000000
vt -0.025000 -0.000000 0.000000
vt -0.025341 0.002588 0.000000
vt -0.003466 0.015186 0.000000
vt -0.026340 0.005000 0.000000
vt -0.007636 0.021822 0.000000
vt -0.027929 0.007071 0.000000
vt -0.013178 0.027364 0.000000
vt -0.030000 0.008660 0.000000
vt -0.019814 0.031534 0.000000
vt -0.032412 0.009659 0.000000
vt -0.027212 0.034122 0.000000
vt -0.035000 0.010000 0.000000
vt -0.035000 0.035000 0.000000
vt 0.120000 0.012500 0.000000
vt 0.096500 0.012500 0.000000
vt 0.120000 -0.012500 0.000000
vt 0.096500 -0.012500 0.000000
vt 0.480000 0.012500 0.000000
vt 0.290693 0.012500 0.000000
vt 0.480000 -0.012500 0.000000
vt 0.290693 -0.012500 0.000000
vt -0.230000 0.070000 0.000000
vt -0.250000 0.050000 0.000000
vt -0.040693 0.070000 0.000000
vt -0.250000 0.026500 0.000000
vt -0.040693 -0.070000 0.000000
vt -0.250000 -0.026500 0.000000
vt -0.250000 -0.050000 0.000000
vt -0.580000 0.026500 0.000000
vt -0.600000 0.006500 0.000000
vt -0.600000 -0.006500 0.000000
vt -0.580000 -0.026500 0.000000
vt -0.230000 -0.070000 0.000000
vn -0.000000 0.070711 -0.070711
vn -0.000000 0.070711 -0.070711
vn -0.000000 0.070711 -0.070711
vn -0.000000 0.070711 -0.070711
vn 0.000000 0.000000 -0.100000
vn 0.000000 0.000000 -0.100000
vn 0.000000 0.000000 -0.100000
vn 0.000000 0.000000 -0.100000
vn 0.100000 0.000000 0.000000
vn 0.100000 0.000000 0.000000
vn 0.100000 0.000000 0.000000
vn 0.100000 0.000000 0.000000
vn 0.100000 0.000000 0.000000
vn 0.100000 0.000000 0.000000
vn 0.100000 0.000000 0.000000
vn 0.100000 0.000000 0.000000
vn 0.100000 0.000000 0.000000
vn 0.100000 0.000000 0.000000
vn 0.100000 0.000000 0.000000
vn 0.100000 0.000000 0.000000
vn 0.000000 -0.070711 -0.070711
vn 0.000000 -0.070711 -0.070711
vn 0.000000 -0.070711 -0.070711
vn 0.000000 -0.070711 -0.070711
vn 0.000000 -0.100000 0.000000
vn 0.000000 -0.100000 0.000000
vn 0.000000 -0.100000 0.000000
vn 0.000000 -0.100000 0.000000
vn 0.000000 -0.070711 -0.070711
vn 0.000000 -0.070711 -0.070711
vn 0.000000 -0.070711 -0.070711
vn 0.000000 -0.070711 -0.070711
vn 0.000000 0.000000 -0.100000
vn 0.000000 0.000000 -0.100000
vn 0.000000 0.000000 -0.100000
vn 0.000000 0.000000 -0.100000
vn -0.000000 0.070711 -0.070711
vn -0.000000 0.070711 -0.070711
vn -0.000000 0.070711 -0.070711
vn -0.000000 0.070711 -0.070711
vn -0.000000 -0.000000 0.100000
vn -0.000000 -0.000000 0.100000
vn -0.000000 -0.000000 0.100000
vn -0.000000 -0.000000 0.100000
vn -0.000000 0.100000 0.000000
vn -0.000000 0.100000 0.000000
vn -0.000000 0.100000 0.000000
vn -0.000000 0.100000 0.000000
vn -0.000000 0.100000 0.000000
vn -0.000000 0.100000 0.000000
vn -0.000000 0.100000 0.000000
vn -0.000000 0.100000 0.000000
vn -0.000000 0.100000 0.000000
vn -0.000000 0.100000 0.000000
vn -0.000000 0.100000 0.000000
vn -0.000000 0.100000 0.000000
vn -0.000000 0.100000 0.000000
vn -0.000000 0.100000 0.000000
vn -0.000000 0.100000 0.000000
vn 0.025882 0.000000 -0.096593
vn 0.000000 0.000000 -0.100000
vn 0.025882 0.000000 -0.096593
vn 0.000000 0.000000 -0.100000
vn 0.025882 0.000000 -0.096593
vn 0.025882 0.000000 -0.096593
vn 0.050000 0.000000 -0.086603
vn 0.050000 0.000000 -0.086603
vn 0.070711 0.000000 -0.070711
vn 0.070711 0.000000 -0.070711
vn 0.086603 0.000000 -0.050000
vn 0.086603 0.000000 -0.050000
vn 0.096593 0.000000 -0.025882
vn 0.096593 0.000000 -0.025882
vn 0.096593 0.000000 -0.025882
vn 0.086603 0.000000 -0.050000
vn 0.070711 0.000000 -0.070711
vn 0.050000 0.000000 -0.086603
vn 0.096593 0.000000 -0.025882
vn 0.086603 0.000000 -0.050000
vn 0.070711 0.000000 -0.070711
vn 0.050000 0.000000 -0.086603
vn 0.000000 -0.100000 0.000000
vn 0.000000 -0.100000 0.000000
vn 0.000000 -0.100000 0.000000
vn 0.000000 -0.100000 0.000000
vn -0.000000 0.100000 0.000000
vn -0.000000 0.100000 0.000000
vn -0.022252 -0.000000 0.097493
vn -0.022252 -0.000000 0.097493
vn -0.043388 -0.000000 0.090097
vn -0.043388 -0.000000 0.090097
vn -0.062349 -0.000000 0.078183
vn -0.062349 -0.000000 0.078183
vn -0.078183 -0.000000 0.062349
vn -0.078183 -0.000000 0.062349
vn -0.090097 -0.000000 0.043388
vn -0.090097 -0.000000 0.043388
vn -0.097493 -0.000000 0.022252
vn -0.097493 -0.000000 0.022252
vn -0.100000 -0.000000 0.000000
vn -0.100000 -0.000000 0.000000
vn 0.000000 -0.100000 0.000000
vn 0.000000 -0.100000 0.000000
vn 0.000000 -0.100000 0.000000
vn 0.000000 -0.100000 0.000000
vn -0.000000 0.100000 0.000000
vn -0.000000 0.100000 0.000000
vn -0.000000 0.100000 0.000000
vn -0.000000 0.100000 0.000000
vn 0.000000 0.000000 -0.100000
vn 0.000000 0.000000 -0.100000
vn 0.100000 0.000000 0.000000
vn 0.100000 0.000000 0.000000
vn 0.100000 0.000000 0.000000
vn 0.100000 0.000000 0.000000
vn 0.000000 -0.100000 0.000000
vn 0.000000 -0.100000 0.000000
vn 0.000000 -0.100000 0.000000
vn 0.000000 -0.100000 0.000000
vn 0.000000 -0.100000 0.000000
vn 0.000000 -0.100000 0.000000
vn 0.000000 -0.100000 0.000000
vn 0.000000 -0.100000 0.000000
vn 0.000000 -0.100000 0.000000
vn 0.000000 -0.100000 0.000000
vn 0.000000 -0.100000 0.000000
vn 0.000000 0.000000 -0.100000
vn 0.000000 0.000000 -0.100000
vn 0.000000 0.000000 -0.100000
vn 0.000000 0.000000 -0.100000
vn -0.000000 0.100000 0.000000
vn -0.000000 0.100000 0.000000
vn -0.100000 -0.000000 0.000000
vn -0.100000 -0.000000 0.000000
vn -0.100000 -0.000000 0.000000
vn -0.100000 -0.000000 0.000000
vn -0.100000 -0.000000 0.000000
vn -0.100000 -0.000000 0.000000
vn -0.100000 -0.000000 0.000000
vn -0.100000 -0.000000 0.000000
vn -0.100000 -0.000000 0.000000
vn -0.100000 -0.000000 0.000000
f 1611/2391/2255 1612/2392/2256 1614/2393/2257
f 1614/2393/2257 1612/2392/2256 1613/2394/2258
f 1614/2395/2259 1615/2396/2260 1611/2397/2261
f 1611/2397/2261 1615/2396/2260 1616/2398/2262
f 1613/2399/2263 1617/2400/2264 1614/2401/2265
f 1614/2401/2265 1617/2400/2264 1615/2402/2266
f 1615/2402/2266 1617/2400/2264 1618/2403/2267
f 1615/2402/2266 1618/2403/2267 1621/2404/2268
f 1621/2404/2268 1618/2403/2267 1620/2405/2269
f 1620/2405/2269 1618/2403/2267 1619/2406/2270
f 1622/2407/2271 1623/2408/2272 1621/2404/2268
f 1621/2404/2268 1623/2408/2272 1624/2409/2273
f 1621/2404/2268 1624/2409/2273 1615/2402/2266
f 1615/2402/2266 1624/2409/2273 1625/2410/2274
f 1626/2411/2275 1627/2412/2276 1619/2413/2277
f 1619/2413/2277 1627/2412/2276 1620/2414/2278
f 1619/2415/2279 1618/2416/2280 1626/2417/2281
f 1626/2417/2281 1618/2416/2280 1628/2418/2282
f 1629/2419/2283 1630/2420/2284 1622/2421/2285
f 1622/2421/2285 1630/2420/2284 1623/2422/2286
f 1630/2423/2287 1631/2424/2288 1623/2425/2289
f 1623/2425/2289 1631/2424/2288 1624/2426/2290
f 1631/2427/2291 1632/2428/2292 1624/2429/2293
f 1624/2429/2293 1632/2428/2292 1625/2430/2294
f 1634/2431/2295 1635/2432/2296 1633/2433/2297
f 1633/2433/2297 1635/2432/2296 1636/2434/2298
f 1633/2435/2299 1637/2436/2300 1649/2437/2301
f 1649/2437/2301 1637/2436/2300 1638/2438/2302
f 1649/2437/2301 1638/2438/2302 1648/2439/2303
f 1648/2439/2303 1638/2438/2302 1639/2440/2304
f 1648/2439/2303 1639/2440/2304 1647/2441/2305
f 1647/2441/2305 1639/2440/2304 1640/2442/2306
f 1647/2441/2305 1640/2442/2306 1646/2443/2307
f 1646/2443/2307 1640/2442/2306 1641/2444/2308
f 1646/2443/2307 1641/2444/2308 1645/2445/2309
f 1645/2445/2309 1641/2444/2308 1642/2446/2310
f 1645/2445/2309 1642/2446/2310 1644/2447/2311
f 1644/2447/2311 1642/2446/2310 1617/2448/2312
f 1644/2447/2311 1617/2448/2312 1643/2449/2313
f 1638/2450/2314 1637/2451/2315 1657/2452/2316
f 1657/2452/2316 1637/2451/2315 1650/2453/2317
f 1657/2452/2316 1650/2453/2317 1656/2454/2318
f 1656/2454/2318 1650/2453/2317 1651/2455/2319
f 1656/2454/2318 1651/2455/2319 1658/2456/2320
f 1658/2456/2320 1651/2455/2319 1652/2457/2321
f 1658/2456/2320 1652/2457/2321 1660/2458/2322
f 1660/2458/2322 1652/2457/2321 1653/2459/2323
f 1660/2458/2322 1653/2459/2323 1662/2460/2324
f 1662/2460/2324 1653/2459/2323 1654/2461/2325
f 1662/2460/2324 1654/2461/2325 1664/2462/2326
f 1664/2462/2326 1654/2461/2325 1655/2463/2327
f 1664/2462/2326 1655/2463/2327 1618/2464/2267
f 1618/2464/2267 1617/2465/2264 1664/2462/2326
f 1664/2462/2326 1617/2465/2264 1665/2466/2328
f 1664/2462/2326 1665/2466/2328 1662/2460/2324
f 1662/2460/2324 1665/2466/2328 1663/2467/2329
f 1662/2460/2324 1663/2467/2329 1660/2458/2322
f 1660/2458/2322 1663/2467/2329 1661/2468/2330
f 1660/2458/2322 1661/2468/2330 1658/2456/2320
f 1658/2456/2320 1661/2468/2330 1659/2469/2331
f 1658/2456/2320 1659/2469/2331 1656/2454/2318
f 1656/2454/2318 1659/2469/2331 1657/2452/2316
f 1617/2465/2264 1642/2470/2332 1665/2466/2328
f 1665/2466/2328 1642/2470/2332 1663/2467/2329
f 1642/2470/2332 1641/2471/2333 1663/2467/2329
f 1663/2467/2329 1641/2471/2333 1661/2468/2330
f 1641/2471/2333 1640/2472/2334 1661/2468/2330
f 1661/2468/2330 1640/2472/2334 1659/2469/2331
f 1640/2472/2334 1639/2473/2335 1659/2469/2331
f 1659/2469/2331 1639/2473/2335 1657/2452/2316
f 1639/2473/2335 1638/2450/2314 1657/2452/2316
f 1650/2474/2336 1666/2475/2337 1634/2476/2338
f 1634/2476/2338 1666/2475/2337 1635/2477/2339
f 1633/2478/2299 1636/2479/2340 1637/2480/2300
f 1637/2480/2300 1636/2479/2340 1667/2481/2341
f 1634/2482/2295 1633/2483/2297 1673/2484/2342
f 1673/2484/2342 1633/2483/2297 1649/2485/2343
f 1673/2484/2342 1649/2485/2343 1672/2486/2344
f 1672/2486/2344 1649/2485/2343 1648/2487/2345
f 1672/2486/2344 1648/2487/2345 1671/2488/2346
f 1671/2488/2346 1648/2487/2345 1647/2489/2347
f 1671/2488/2346 1647/2489/2347 1670/2490/2348
f 1670/2490/2348 1647/2489/2347 1646/2491/2349
f 1670/2490/2348 1646/2491/2349 1669/2492/2350
f 1669/2492/2350 1646/2491/2349 1645/2493/2351
f 1669/2492/2350 1645/2493/2351 1668/2494/2352
f 1668/2494/2352 1645/2493/2351 1644/2495/2353
f 1668/2494/2352 1644/2495/2353 1628/2496/2354
f 1628/2496/2354 1644/2495/2353 1643/2497/2355
f 1622/2498/2356 1621/2499/2357 1629/2500/2358
f 1629/2500/2358 1621/2499/2357 1674/2501/2359
f 1632/2502/2360 1616/2503/2361 1625/2504/2362
f 1625/2504/2362 1616/2503/2361 1615/2505/2363
f 1637/2506/2315 1667/2507/2364 1650/2508/2317
f 1650/2508/2317 1667/2507/2364 1666/2509/2365
f 1636/2510/2366 1635/2511/2367 1667/2512/2368
f 1667/2512/2368 1635/2511/2367 1666/2513/2369
f 1634/2514/2338 1673/2515/2370 1650/2516/2336
f 1650/2516/2336 1673/2515/2370 1651/2517/2371
f 1651/2517/2371 1673/2515/2370 1672/2518/2372
f 1651/2517/2371 1672/2518/2372 1652/2519/2373
f 1652/2519/2373 1672/2518/2372 1671/2520/2374
f 1652/2519/2373 1671/2520/2374 1653/2521/2375
f 1653/2521/2375 1671/2520/2374 1670/2522/2376
f 1653/2521/2375 1670/2522/2376 1654/2523/2377
f 1654/2523/2377 1670/2522/2376 1669/2524/2378
f 1654/2523/2377 1669/2524/2378 1655/2525/2379
f 1655/2525/2379 1669/2524/2378 1668/2526/2380
f 1655/2525/2379 1668/2526/2380 1618/2527/2280
f 1618/2527/2280 1668/2526/2380 1628/2528/2282
f 1627/2529/2381 1674/2530/2382 1620/2531/2383
f 1620/2531/2383 1674/2530/2382 1621/2532/2384
f 1612/2533/2385 1643/2534/2313 1613/2535/2386
f 1613/2535/2386 1643/2534/2313 1617/2536/2312
f 1612/2537/2387 1611/2538/2388 1643/2539/2355
f 1643/2539/2355 1611/2538/2388 1616/2540/2389
f 1643/2539/2355 1616/2540/2389 1628/2541/2354
f 1628/2541/2354 1616/2540/2389 1674/2542/2390
f 1628/2541/2354 1674/2542/2390 1627/2543/2391
f 1632/2544/2392 1631/2545/2393 1616/2540/2389
f 1616/2540/2389 1631/2545/2393 1674/2542/2390
f 1631/2545/2393 1630/2546/2394 1674/2542/2390
f 1674/2542/2390 1630/2546/2394 1629/2547/2395
f 1627/2543/2391 1626/2548/2396 1628/2541/2354
g Body8

v -3.935066 10.659934 0.000000
v -3.935066 10.859934 0.200000
v -3.685066 10.859934 0.200000
v -3.685066 10.659934 0.000000
v -3.685066 10.424934 0.000000
v -3.935066 10.424934 0.000000
v -3.685066 10.859934 2.093066
v -3.685066 9.459934 2.093066
v -3.685066 9.459934 0.200000
v -3.685066 9.659934 0.000000
v -3.685066 9.894934 0.000000
v -3.685066 9.894934 -3.300000
v -3.685066 10.094934 -3.500000
v -3.685066 10.224934 -3.500000
v -3.685066 10.424934 -3.300000
v -3.935066 9.459934 0.200000
v -3.935066 9.659934 0.000000
v -3.935066 9.459934 2.093066
v -3.935066 9.894934 -3.300000
v -3.935066 10.094934 -3.500000
v -3.935066 10.224934 -3.500000
v -3.935066 10.424934 -3.300000
v -3.585066 10.859934 2.443066
v -3.585066 9.459934 2.443066
v -1.008000 9.459934 2.443066
v -1.008000 10.859934 2.443066
v -3.585066 10.859934 2.193066
v -3.610948 10.859934 2.189659
v -3.635066 10.859934 2.179669
v -3.655777 10.859934 2.163777
v -3.671669 10.859934 2.143066
v -3.681659 10.859934 2.118948
v -3.935066 10.859934 2.093066
v -3.926291 10.859934 2.170949
v -3.900405 10.859934 2.244926
v -3.858707 10.859934 2.311288
v -3.803288 10.859934 2.366707
v -3.736926 10.859934 2.408405
v -3.662949 10.859934 2.434291
v -3.585066 9.459934 2.193066
v -3.610948 9.459934 2.189659
v -3.635066 9.459934 2.179669
v -3.655777 9.459934 2.163777
v -3.671669 9.459934 2.143066
v -3.681659 9.459934 2.118948
v -3.610948 9.926600 2.189659
v -3.610948 10.393267 2.189659
v -3.635066 9.926600 2.179669
v -3.635066 10.393267 2.179669
v -3.655777 9.926600 2.163777
v -3.655777 10.393267 2.163777
v -3.671669 9.926600 2.143066
v -3.671669 10.393267 2.143066
v -3.681659 9.926600 2.118948
v -3.681659 10.393267 2.118948
v -1.008000 9.459934 2.193066
v -1.008000 10.859934 2.193066
v -3.926291 9.459934 2.170949
v -3.900405 9.459934 2.244926
v -3.858707 9.459934 2.311288
v -3.803288 9.459934 2.366707
v -3.736926 9.459934 2.408405
v -3.662949 9.459934 2.434291
v -3.935066 9.894934 0.000000
vt 0.014142 0.012500 0.000000
vt -0.014142 0.012500 0.000000
vt 0.014142 -0.012500 0.000000
vt -0.014142 -0.012500 0.000000
vt 0.020000 -0.012500 0.000000
vt 0.043500 -0.012500 0.000000
vt 0.020000 0.012500 0.000000
vt 0.043500 0.012500 0.000000
vt 0.230000 0.070000 0.000000
vt 0.040693 0.070000 0.000000
vt 0.250000 0.050000 0.000000
vt 0.250000 0.026500 0.000000
vt 0.040693 -0.070000 0.000000
vt 0.250000 -0.026500 0.000000
vt 0.250000 -0.050000 0.000000
vt 0.230000 -0.070000 0.000000
vt 0.580000 -0.026500 0.000000
vt 0.600000 -0.006500 0.000000
vt 0.600000 0.006500 0.000000
vt 0.580000 0.026500 0.000000
vt 0.014142 0.012500 0.000000
vt -0.014142 0.012500 0.000000
vt 0.014142 -0.012500 0.000000
vt -0.014142 -0.012500 0.000000
vt 0.020000 -0.012500 0.000000
vt 0.209307 -0.012500 0.000000
vt 0.020000 0.012500 0.000000
vt 0.209307 0.012500 0.000000
vt 0.014142 0.012500 0.000000
vt -0.014142 0.012500 0.000000
vt 0.014142 -0.012500 0.000000
vt -0.014142 -0.012500 0.000000
vt 0.033000 0.012500 0.000000
vt 0.020000 0.012500 0.000000
vt 0.033000 -0.012500 0.000000
vt 0.020000 -0.012500 0.000000
vt 0.014142 0.012500 0.000000
vt -0.014142 0.012500 0.000000
vt 0.014142 -0.012500 0.000000
vt -0.014142 -0.012500 0.000000
vt -0.007707 -0.070000 0.000000
vt 0.250000 -0.070000 0.000000
vt -0.007707 0.070000 0.000000
vt 0.250000 0.070000 0.000000
vt -0.025000 -0.000000 0.000000
vt 0.000000 0.000000 0.000000
vt -0.024122 0.007788 0.000000
vt 0.000341 0.002588 0.000000
vt -0.021534 0.015186 0.000000
vt 0.001340 0.005000 0.000000
vt -0.017364 0.021822 0.000000
vt 0.002929 0.007071 0.000000
vt -0.011822 0.027364 0.000000
vt 0.005000 0.008660 0.000000
vt -0.005186 0.031534 0.000000
vt 0.007412 0.009659 0.000000
vt 0.002212 0.034122 0.000000
vt 0.010000 0.010000 0.000000
vt 0.010000 0.035000 0.000000
vt 0.070000 0.013090 0.000000
vt 0.070000 0.015708 0.000000
vt 0.023333 0.013090 0.000000
vt -0.070000 0.015708 0.000000
vt -0.023333 0.013090 0.000000
vt -0.070000 0.013090 0.000000
vt -0.023333 0.010472 0.000000
vt -0.070000 0.010472 0.000000
vt -0.023333 0.007854 0.000000
vt -0.070000 0.007854 0.000000
vt -0.023333 0.005236 0.000000
vt -0.070000 0.005236 0.000000
vt -0.023333 0.002618 0.000000
vt -0.070000 0.002618 0.000000
vt -0.070000 0.000000 0.000000
vt 0.070000 0.000000 0.000000
vt 0.023333 0.002618 0.000000
vt 0.023333 0.005236 0.000000
vt 0.023333 0.007854 0.000000
vt 0.023333 0.010472 0.000000
vt 0.070000 0.002618 0.000000
vt 0.070000 0.005236 0.000000
vt 0.070000 0.007854 0.000000
vt 0.070000 0.010472 0.000000
vt 0.242293 -0.012500 0.000000
vt 0.500000 -0.012500 0.000000
vt 0.242293 0.012500 0.000000
vt 0.500000 0.012500 0.000000
vt 0.257707 0.012500 0.000000
vt -0.000000 0.012500 0.000000
vt 0.257707 -0.012500 0.000000
vt 0.000000 -0.012500 0.000000
vt 0.070000 0.054978 0.000000
vt -0.070000 0.054978 0.000000
vt 0.070000 0.047124 0.000000
vt -0.070000 0.047124 0.000000
vt 0.070000 0.039270 0.000000
vt -0.070000 0.039270 0.000000
vt 0.070000 0.031416 0.000000
vt -0.070000 0.031416 0.000000
vt 0.070000 0.023562 0.000000
vt -0.070000 0.023562 0.000000
vt 0.070000 0.015708 0.000000
vt -0.070000 0.015708 0.000000
vt 0.070000 0.007854 0.000000
vt -0.070000 0.007854 0.000000
vt 0.070000 0.000000 0.000000
vt -0.070000 0.000000 0.000000
vt 0.020000 -0.012500 0.000000
vt 0.350000 -0.012500 0.000000
vt 0.020000 0.012500 0.000000
vt 0.350000 0.012500 0.000000
vt 0.330000 0.012500 0.000000
vt 0.000000 0.012500 0.000000
vt 0.330000 -0.012500 0.000000
vt 0.000000 -0.012500 0.000000
vt 0.007707 0.070000 0.000000
vt -0.250000 0.070000 0.000000
vt 0.007707 -0.070000 0.000000
vt -0.250000 -0.070000 0.000000
vt 0.140000 0.012500 0.000000
vt 0.000000 0.012500 0.000000
vt 0.140000 -0.012500 0.000000
vt 0.000000 -0.012500 0.000000
vt -0.000000 -0.000000 0.000000
vt -0.000878 0.007788 0.000000
vt -0.025000 -0.000000 0.000000
vt -0.025341 0.002588 0.000000
vt -0.003466 0.015186 0.000000
vt -0.026340 0.005000 0.000000
vt -0.007636 0.021822 0.000000
vt -0.027929 0.007071 0.000000
vt -0.013178 0.027364 0.000000
vt -0.030000 0.008660 0.000000
vt -0.019814 0.031534 0.000000
vt -0.032412 0.009659 0.000000
vt -0.027212 0.034122 0.000000
vt -0.035000 0.010000 0.000000
vt -0.035000 0.035000 0.000000
vt 0.120000 0.012500 0.000000
vt 0.096500 0.012500 0.000000
vt 0.120000 -0.012500 0.000000
vt 0.096500 -0.012500 0.000000
vt 0.480000 0.012500 0.000000
vt 0.290693 0.012500 0.000000
vt 0.480000 -0.012500 0.000000
vt 0.290693 -0.012500 0.000000
vt -0.230000 0.070000 0.000000
vt -0.250000 0.050000 0.000000
vt -0.040693 0.070000 0.000000
vt -0.250000 0.026500 0.000000
vt -0.040693 -0.070000 0.000000
vt -0.250000 -0.026500 0.000000
vt -0.250000 -0.050000 0.000000
vt -0.580000 0.026500 0.000000
vt -0.600000 0.006500 0.000000
vt -0.600000 -0.006500 0.000000
vt -0.580000 -0.026500 0.000000
vt -0.230000 -0.070000 0.000000
vn -0.000000 0.070711 -0.070711
vn -0.000000 0.070711 -0.070711
vn -0.000000 0.070711 -0.070711
vn -0.000000 0.070711 -0.070711
vn 0.000000 0.000000 -0.100000
vn 0.000000 0.000000 -0.100000
vn 0.000000 0.000000 -0.100000
vn 0.000000 0.000000 -0.100000
vn 0.100000 0.000000 0.000000
vn 0.100000 0.000000 0.000000
vn 0.100000 0.000000 0.000000
vn 0.100000 0.000000 0.000000
vn 0.100000 0.000000 0.000000
vn 0.100000 0.000000 0.000000
vn 0.100000 0.000000 0.000000
vn 0.100000 0.000000 0.000000
vn 0.100000 0.000000 0.000000
vn 0.100000 0.000000 0.000000
vn 0.100000 0.000000 0.000000
vn 0.100000 0.000000 0.000000
vn 0.000000 -0.070711 -0.070711
vn 0.000000 -0.070711 -0.070711
vn 0.000000 -0.070711 -0.070711
vn 0.000000 -0.070711 -0.070711
vn 0.000000 -0.100000 0.000000
vn 0.000000 -0.100000 0.000000
vn 0.000000 -0.100000 0.000000
vn 0.000000 -0.100000 0.000000
vn 0.000000 -0.070711 -0.070711
vn 0.000000 -0.070711 -0.070711
vn 0.000000 -0.070711 -0.070711
vn 0.000000 -0.070711 -0.070711
vn 0.000000 0.000000 -0.100000
vn 0.000000 0.000000 -0.100000
vn 0.000000 0.000000 -0.100000
vn 0.000000 0.000000 -0.100000
vn -0.000000 0.070711 -0.070711
vn -0.000000 0.070711 -0.070711
vn -0.000000 0.070711 -0.070711
vn -0.000000 0.070711 -0.070711
vn -0.000000 -0.000000 0.100000
vn -0.000000 -0.000000 0.100000
vn -0.000000 -0.000000 0.100000
vn -0.000000 -0.000000 0.100000
vn -0.000000 0.100000 0.000000
vn -0.000000 0.100000 0.000000
vn -0.000000 0.100000 0.000000
vn -0.000000 0.100000 0.000000
vn -0.000000 0.100000 0.000000
vn -0.000000 0.100000 0.000000
vn -0.000000 0.100000 0.000000
vn -0.000000 0.100000 0.000000
vn -0.000000 0.100000 0.000000
vn -0.000000 0.100000 0.000000
vn -0.000000 0.100000 0.000000
vn -0.000000 0.100000 0.000000
vn -0.000000 0.100000 0.000000
vn -0.000000 0.100000 0.000000
vn -0.000000 0.100000 0.000000
vn 0.025882 0.000000 -0.096593
vn 0.000000 0.000000 -0.100000
vn 0.025882 0.000000 -0.096593
vn 0.000000 0.000000 -0.100000
vn 0.025882 0.000000 -0.096593
vn 0.025882 0.000000 -0.096593
vn 0.050000 0.000000 -0.086603
vn 0.050000 0.000000 -0.086603
vn 0.070711 0.000000 -0.070711
vn 0.070711 0.000000 -0.070711
vn 0.086603 0.000000 -0.050000
vn 0.086603 0.000000 -0.050000
vn 0.096593 0.000000 -0.025882
vn 0.096593 0.000000 -0.025882
vn 0.096593 0.000000 -0.025882
vn 0.086603 0.000000 -0.050000
vn 0.070711 0.000000 -0.070711
vn 0.050000 0.000000 -0.086603
vn 0.096593 0.000000 -0.025882
vn 0.086603 0.000000 -0.050000
vn 0.070711 0.000000 -0.070711
vn 0.050000 0.000000 -0.086603
vn 0.000000 -0.100000 0.000000
vn 0.000000 -0.100000 0.000000
vn 0.000000 -0.100000 0.000000
vn 0.000000 -0.100000 0.000000
vn -0.000000 0.100000 0.000000
vn -0.000000 0.100000 0.000000
vn -0.022252 -0.000000 0.097493
vn -0.022252 -0.000000 0.097493
vn -0.043388 -0.000000 0.090097
vn -0.043388 -0.000000 0.090097
vn -0.062349 -0.000000 0.078183
vn -0.062349 -0.000000 0.078183
vn -0.078183 -0.000000 0.062349
vn -0.078183 -0.000000 0.062349
vn -0.090097 -0.000000 0.043388
vn -0.090097 -0.000000 0.043388
vn -0.097493 -0.000000 0.022252
vn -0.097493 -0.000000 0.022252
vn -0.100000 -0.000000 0.000000
vn -0.100000 -0.000000 0.000000
vn 0.000000 -0.100000 0.000000
vn 0.000000 -0.100000 0.000000
vn 0.000000 -0.100000 0.000000
vn 0.000000 -0.100000 0.000000
vn -0.000000 0.100000 0.000000
vn -0.000000 0.100000 0.000000
vn -0.000000 0.100000 0.000000
vn -0.000000 0.100000 0.000000
vn 0.000000 0.000000 -0.100000
vn 0.000000 0.000000 -0.100000
vn 0.100000 0.000000 0.000000
vn 0.100000 0.000000 0.000000
vn 0.100000 0.000000 0.000000
vn 0.100000 0.000000 0.000000
vn 0.000000 -0.100000 0.000000
vn 0.000000 -0.100000 0.000000
vn 0.000000 -0.100000 0.000000
vn 0.000000 -0.100000 0.000000
vn 0.000000 -0.100000 0.000000
vn 0.000000 -0.100000 0.000000
vn 0.000000 -0.100000 0.000000
vn 0.000000 -0.100000 0.000000
vn 0.000000 -0.100000 0.000000
vn 0.000000 -0.100000 0.000000
vn 0.000000 -0.100000 0.000000
vn 0.000000 0.000000 -0.100000
vn 0.000000 0.000000 -0.100000
vn 0.000000 0.000000 -0.100000
vn 0.000000 0.000000 -0.100000
vn -0.000000 0.100000 0.000000
vn -0.000000 0.100000 0.000000
vn -0.100000 -0.000000 0.000000
vn -0.100000 -0.000000 0.000000
vn -0.100000 -0.000000 0.000000
vn -0.100000 -0.000000 0.000000
vn -0.100000 -0.000000 0.000000
vn -0.100000 -0.000000 0.000000
vn -0.100000 -0.000000 0.000000
vn -0.100000 -0.000000 0.000000
vn -0.100000 -0.000000 0.000000
vn -0.100000 -0.000000 0.000000
f 1675/2549/2397 1676/2550/2398 1678/2551/2399
f 1678/2551/2399 1676/2550/2398 1677/2552/2400
f 1678/2553/2401 1679/2554/2402 1675/2555/2403
f 1675/2555/2403 1679/2554/2402 1680/2556/2404
f 1677/2557/2405 1681/2558/2406 1678/2559/2407
f 1678/2559/2407 1681/2558/2406 1679/2560/2408
f 1679/2560/2408 1681/2558/2406 1682/2561/2409
f 1679/2560/2408 1682/2561/2409 1685/2562/2410
f 1685/2562/2410 1682/2561/2409 1684/2563/2411
f 1684/2563/2411 1682/2561/2409 1683/2564/2412
f 1686/2565/2413 1687/2566/2414 1685/2562/2410
f 1685/2562/2410 1687/2566/2414 1688/2567/2415
f 1685/2562/2410 1688/2567/2415 1679/2560/2408
f 1679/2560/2408 1688/2567/2415 1689/2568/2416
f 1690/2569/2417 1691/2570/2418 1683/2571/2419
f 1683/2571/2419 1691/2570/2418 1684/2572/2420
f 1683/2573/2421 1682/2574/2422 1690/2575/2423
f 1690/2575/2423 1682/2574/2422 1692/2576/2424
f 1693/2577/2425 1694/2578/2426 1686/2579/2427
f 1686/2579/2427 1694/2578/2426 1687/2580/2428
f 1694/2581/2429 1695/2582/2430 1687/2583/2431
f 1687/2583/2431 1695/2582/2430 1688/2584/2432
f 1695/2585/2433 1696/2586/2434 1688/2587/2435
f 1688/2587/2435 1696/2586/2434 1689/2588/2436
f 1698/2589/2437 1699/2590/2438 1697/2591/2439
f 1697/2591/2439 1699/2590/2438 1700/2592/2440
f 1697/2593/2441 1701/2594/2442 1713/2595/2443
f 1713/2595/2443 1701/2594/2442 1702/2596/2444
f 1713/2595/2443 1702/2596/2444 1712/2597/2445
f 1712/2597/2445 1702/2596/2444 1703/2598/2446
f 1712/2597/2445 1703/2598/2446 1711/2599/2447
f 1711/2599/2447 1703/2598/2446 1704/2600/2448
f 1711/2599/2447 1704/2600/2448 1710/2601/2449
f 1710/2601/2449 1704/2600/2448 1705/2602/2450
f 1710/2601/2449 1705/2602/2450 1709/2603/2451
f 1709/2603/2451 1705/2602/2450 1706/2604/2452
f 1709/2603/2451 1706/2604/2452 1708/2605/2453
f 1708/2605/2453 1706/2604/2452 1681/2606/2454
f 1708/2605/2453 1681/2606/2454 1707/2607/2455
f 1702/2608/2456 1701/2609/2457 1721/2610/2458
f 1721/2610/2458 1701/2609/2457 1714/2611/2459
f 1721/2610/2458 1714/2611/2459 1720/2612/2460
f 1720/2612/2460 1714/2611/2459 1715/2613/2461
f 1720/2612/2460 1715/2613/2461 1722/2614/2462
f 1722/2614/2462 1715/2613/2461 1716/2615/2463
f 1722/2614/2462 1716/2615/2463 1724/2616/2464
f 1724/2616/2464 1716/2615/2463 1717/2617/2465
f 1724/2616/2464 1717/2617/2465 1726/2618/2466
f 1726/2618/2466 1717/2617/2465 1718/2619/2467
f 1726/2618/2466 1718/2619/2467 1728/2620/2468
f 1728/2620/2468 1718/2619/2467 1719/2621/2469
f 1728/2620/2468 1719/2621/2469 1682/2622/2409
f 1682/2622/2409 1681/2623/2406 1728/2620/2468
f 1728/2620/2468 1681/2623/2406 1729/2624/2470
f 1728/2620/2468 1729/2624/2470 1726/2618/2466
f 1726/2618/2466 1729/2624/2470 1727/2625/2471
f 1726/2618/2466 1727/2625/2471 1724/2616/2464
f 1724/2616/2464 1727/2625/2471 1725/2626/2472
f 1724/2616/2464 1725/2626/2472 1722/2614/2462
f 1722/2614/2462 1725/2626/2472 1723/2627/2473
f 1722/2614/2462 1723/2627/2473 1720/2612/2460
f 1720/2612/2460 1723/2627/2473 1721/2610/2458
f 1681/2623/2406 1706/2628/2474 1729/2624/2470
f 1729/2624/2470 1706/2628/2474 1727/2625/2471
f 1706/2628/2474 1705/2629/2475 1727/2625/2471
f 1727/2625/2471 1705/2629/2475 1725/2626/2472
f 1705/2629/2475 1704/2630/2476 1725/2626/2472
f 1725/2626/2472 1704/2630/2476 1723/2627/2473
f 1704/2630/2476 1703/2631/2477 1723/2627/2473
f 1723/2627/2473 1703/2631/2477 1721/2610/2458
f 1703/2631/2477 1702/2608/2456 1721/2610/2458
f 1714/2632/2478 1730/2633/2479 1698/2634/2480
f 1698/2634/2480 1730/2633/2479 1699/2635/2481
f 1697/2636/2441 1700/2637/2482 1701/2638/2442
f 1701/2638/2442 1700/2637/2482 1731/2639/2483
f 1698/2640/2437 1697/2641/2439 1737/2642/2484
f 1737/2642/2484 1697/2641/2439 1713/2643/2485
f 1737/2642/2484 1713/2643/2485 1736/2644/2486
f 1736/2644/2486 1713/2643/2485 1712/2645/2487
f 1736/2644/2486 1712/2645/2487 1735/2646/2488
f 1735/2646/2488 1712/2645/2487 1711/2647/2489
f 1735/2646/2488 1711/2647/2489 1734/2648/2490
f 1734/2648/2490 1711/2647/2489 1710/2649/2491
f 1734/2648/2490 1710/2649/2491 1733/2650/2492
f 1733/2650/2492 1710/2649/2491 1709/2651/2493
f 1733/2650/2492 1709/2651/2493 1732/2652/2494
f 1732/2652/2494 1709/2651/2493 1708/2653/2495
f 1732/2652/2494 1708/2653/2495 1692/2654/2496
f 1692/2654/2496 1708/2653/2495 1707/2655/2497
f 1686/2656/2498 1685/2657/2499 1693/2658/2500
f 1693/2658/2500 1685/2657/2499 1738/2659/2501
f 1696/2660/2502 1680/2661/2503 1689/2662/2504
f 1689/2662/2504 1680/2661/2503 1679/2663/2505
f 1701/2664/2457 1731/2665/2506 1714/2666/2459
f 1714/2666/2459 1731/2665/2506 1730/2667/2507
f 1700/2668/2508 1699/2669/2509 1731/2670/2510
f 1731/2670/2510 1699/2669/2509 1730/2671/2511
f 1698/2672/2480 1737/2673/2512 1714/2674/2478
f 1714/2674/2478 1737/2673/2512 1715/2675/2513
f 1715/2675/2513 1737/2673/2512 1736/2676/2514
f 1715/2675/2513 1736/2676/2514 1716/2677/2515
f 1716/2677/2515 1736/2676/2514 1735/2678/2516
f 1716/2677/2515 1735/2678/2516 1717/2679/2517
f 1717/2679/2517 1735/2678/2516 1734/2680/2518
f 1717/2679/2517 1734/2680/2518 1718/2681/2519
f 1718/2681/2519 1734/2680/2518 1733/2682/2520
f 1718/2681/2519 1733/2682/2520 1719/2683/2521
f 1719/2683/2521 1733/2682/2520 1732/2684/2522
f 1719/2683/2521 1732/2684/2522 1682/2685/2422
f 1682/2685/2422 1732/2684/2522 1692/2686/2424
f 1691/2687/2523 1738/2688/2524 1684/2689/2525
f 1684/2689/2525 1738/2688/2524 1685/2690/2526
f 1676/2691/2527 1707/2692/2455 1677/2693/2528
f 1677/2693/2528 1707/2692/2455 1681/2694/2454
f 1676/2695/2529 1675/2696/2530 1707/2697/2497
f 1707/2697/2497 1675/2696/2530 1680/2698/2531
f 1707/2697/2497 1680/2698/2531 1692/2699/2496
f 1692/2699/2496 1680/2698/2531 1738/2700/2532
f 1692/2699/2496 1738/2700/2532 1691/2701/2533
f 1696/2702/2534 1695/2703/2535 1680/2698/2531
f 1680/2698/2531 1695/2703/2535 1738/2700/2532
f 1695/2703/2535 1694/2704/2536 1738/2700/2532
f 1738/2700/2532 1694/2704/2536 1693/2705/2537
f 1691/2701/2533 1690/2706/2538 1692/2699/2496
g Body9

v -3.935066 -9.660066 0.000000
v -3.935066 -9.460066 0.200000
v -3.685066 -9.460066 0.200000
v -3.685066 -9.660066 0.000000
v -3.685066 -9.895066 0.000000
v -3.935066 -9.895066 0.000000
v -3.685066 -9.460066 2.093066
v -3.685066 -10.860066 2.093066
v -3.685066 -10.860066 0.200000
v -3.685066 -10.660066 0.000000
v -3.685066 -10.425066 0.000000
v -3.685066 -10.425066 -3.300000
v -3.685066 -10.225066 -3.500000
v -3.685066 -10.095066 -3.500000
v -3.685066 -9.895066 -3.300000
v -3.935066 -10.860066 0.200000
v -3.935066 -10.660066 0.000000
v -3.935066 -10.860066 2.093066
v -3.935066 -10.425066 -3.300000
v -3.935066 -10.225066 -3.500000
v -3.935066 -10.095066 -3.500000
v -3.935066 -9.895066 -3.300000
v -3.585066 -9.460066 2.443066
v -3.585066 -10.860066 2.443066
v -1.008000 -10.860066 2.443066
v -1.008000 -9.460066 2.443066
v -3.585066 -9.460066 2.193066
v -3.610948 -9.460066 2.189659
v -3.635066 -9.460066 2.179669
v -3.655777 -9.460066 2.163777
v -3.671669 -9.460066 2.143066
v -3.681659 -9.460066 2.118948
v -3.935066 -9.460066 2.093066
v -3.926291 -9.460066 2.170949
v -3.900405 -9.460066 2.244926
v -3.858707 -9.460066 2.311288
v -3.803288 -9.460066 2.366707
v -3.736926 -9.460066 2.408405
v -3.662949 -9.460066 2.434291
v -3.585066 -10.860066 2.193066
v -3.610948 -10.860066 2.189659
v -3.635066 -10.860066 2.179669
v -3.655777 -10.860066 2.163777
v -3.671669 -10.860066 2.143066
v -3.681659 -10.860066 2.118948
v -3.610948 -10.393400 2.189659
v -3.610948 -9.926733 2.189659
v -3.635066 -10.393400 2.179669
v -3.635066 -9.926733 2.179669
v -3.655777 -10.393400 2.163777
v -3.655777 -9.926733 2.163777
v -3.671669 -10.393400 2.143066
v -3.671669 -9.926733 2.143066
v -3.681659 -10.393400 2.118948
v -3.681659 -9.926733 2.118948
v -1.008000 -10.860066 2.193066
v -1.008000 -9.460066 2.193066
v -3.926291 -10.860066 2.170949
v -3.900405 -10.860066 2.244926
v -3.858707 -10.860066 2.311288
v -3.803288 -10.860066 2.366707
v -3.736926 -10.860066 2.408405
v -3.662949 -10.860066 2.434291
v -3.935066 -10.425066 0.000000
vt 0.014142 0.012500 0.000000
vt -0.014142 0.012500 0.000000
vt 0.014142 -0.012500 0.000000
vt -0.014142 -0.012500 0.000000
vt 0.020000 -0.012500 0.000000
vt 0.043500 -0.012500 0.000000
vt 0.020000 0.012500 0.000000
vt 0.043500 0.012500 0.000000
vt 0.230000 0.070000 0.000000
vt 0.040693 0.070000 0.000000
vt 0.250000 0.050000 0.000000
vt 0.250000 0.026500 0.000000
vt 0.040693 -0.070000 0.000000
vt 0.250000 -0.026500 0.000000
vt 0.250000 -0.050000 0.000000
vt 0.230000 -0.070000 0.000000
vt 0.580000 -0.026500 0.000000
vt 0.600000 -0.006500 0.000000
vt 0.600000 0.006500 0.000000
vt 0.580000 0.026500 0.000000
vt 0.014142 0.012500 0.000000
vt -0.014142 0.012500 0.000000
vt 0.014142 -0.012500 0.000000
vt -0.014142 -0.012500 0.000000
vt 0.020000 -0.012500 0.000000
vt 0.209307 -0.012500 0.000000
vt 0.020000 0.012500 0.000000
vt 0.209307 0.012500 0.000000
vt 0.014142 0.012500 0.000000
vt -0.014142 0.012500 0.000000
vt 0.014142 -0.012500 0.000000
vt -0.014142 -0.012500 0.000000
vt 0.033000 0.012500 0.000000
vt 0.020000 0.012500 0.000000
vt 0.033000 -0.012500 0.000000
vt 0.020000 -0.012500 0.000000
vt 0.014142 0.012500 0.000000
vt -0.014142 0.012500 0.000000
vt 0.014142 -0.012500 0.000000
vt -0.014142 -0.012500 0.000000
vt -0.007707 -0.070000 0.000000
vt 0.250000 -0.070000 0.000000
vt -0.007707 0.070000 0.000000
vt 0.250000 0.070000 0.000000
vt -0.025000 -0.000000 0.000000
vt 0.000000 0.000000 0.000000
vt -0.024122 0.007788 0.000000
vt 0.000341 0.002588 0.000000
vt -0.021534 0.015186 0.000000
vt 0.001340 0.005000 0.000000
vt -0.017364 0.021822 0.000000
vt 0.002929 0.007071 0.000000
vt -0.011822 0.027364 0.000000
vt 0.005000 0.008660 0.000000
vt -0.005186 0.031534 0.000000
vt 0.007412 0.009659 0.000000
vt 0.002212 0.034122 0.000000
vt 0.010000 0.010000 0.000000
vt 0.010000 0.035000 0.000000
vt 0.070000 0.013090 0.000000
vt 0.070000 0.015708 0.000000
vt 0.023333 0.013090 0.000000
vt -0.070000 0.015708 0.000000
vt -0.023333 0.013090 0.000000
vt -0.070000 0.013090 0.000000
vt -0.023333 0.010472 0.000000
vt -0.070000 0.010472 0.000000
vt -0.023333 0.007854 0.000000
vt -0.070000 0.007854 0.000000
vt -0.023333 0.005236 0.000000
vt -0.070000 0.005236 0.000000
vt -0.023333 0.002618 0.000000
vt -0.070000 0.002618 0.000000
vt -0.070000 0.000000 0.000000
vt 0.070000 0.000000 0.000000
vt 0.023333 0.002618 0.000000
vt 0.023333 0.005236 0.000000
vt 0.023333 0.007854 0.000000
vt 0.023333 0.010472 0.000000
vt 0.070000 0.002618 0.000000
vt 0.070000 0.005236 0.000000
vt 0.070000 0.007854 0.000000
vt 0.070000 0.010472 0.000000
vt 0.242293 -0.012500 0.000000
vt 0.500000 -0.012500 0.000000
vt 0.242293 0.012500 0.000000
vt 0.500000 0.012500 0.000000
vt 0.257707 0.012500 0.000000
vt -0.000000 0.012500 0.000000
vt 0.257707 -0.012500 0.000000
vt 0.000000 -0.012500 0.000000
vt 0.070000 0.054978 0.000000
vt -0.070000 0.054978 0.000000
vt 0.070000 0.047124 0.000000
vt -0.070000 0.047124 0.000000
vt 0.070000 0.039270 0.000000
vt -0.070000 0.039270 0.000000
vt 0.070000 0.031416 0.000000
vt -0.070000 0.031416 0.000000
vt 0.070000 0.023562 0.000000
vt -0.070000 0.023562 0.000000
vt 0.070000 0.015708 0.000000
vt -0.070000 0.015708 0.000000
vt 0.070000 0.007854 0.000000
vt -0.070000 0.007854 0.000000
vt 0.070000 0.000000 0.000000
vt -0.070000 0.000000 0.000000
vt 0.020000 -0.012500 0.000000
vt 0.350000 -0.012500 0.000000
vt 0.020000 0.012500 0.000000
vt 0.350000 0.012500 0.000000
vt 0.330000 0.012500 0.000000
vt 0.000000 0.012500 0.000000
vt 0.330000 -0.012500 0.000000
vt 0.000000 -0.012500 0.000000
vt 0.007707 0.070000 0.000000
vt -0.250000 0.070000 0.000000
vt 0.007707 -0.070000 0.000000
vt -0.250000 -0.070000 0.000000
vt 0.140000 0.012500 0.000000
vt 0.000000 0.012500 0.000000
vt 0.140000 -0.012500 0.000000
vt 0.000000 -0.012500 0.000000
vt -0.000000 -0.000000 0.000000
vt -0.000878 0.007788 0.000000
vt -0.025000 -0.000000 0.000000
vt -0.025341 0.002588 0.000000
vt -0.003466 0.015186 0.000000
vt -0.026340 0.005000 0.000000
vt -0.007636 0.021822 0.000000
vt -0.027929 0.007071 0.000000
vt -0.013178 0.027364 0.000000
vt -0.030000 0.008660 0.000000
vt -0.019814 0.031534 0.000000
vt -0.032412 0.009659 0.000000
vt -0.027212 0.034122 0.000000
vt -0.035000 0.010000 0.000000
vt -0.035000 0.035000 0.000000
vt 0.120000 0.012500 0.000000
vt 0.096500 0.012500 0.000000
vt 0.120000 -0.012500 0.000000
vt 0.096500 -0.012500 0.000000
vt 0.480000 0.012500 0.000000
vt 0.290693 0.012500 0.000000
vt 0.480000 -0.012500 0.000000
vt 0.290693 -0.012500 0.000000
vt -0.230000 0.070000 0.000000
vt -0.250000 0.050000 0.000000
vt -0.040693 0.070000 0.000000
vt -0.250000 0.026500 0.000000
vt -0.040693 -0.070000 0.000000
vt -0.250000 -0.026500 0.000000
vt -0.250000 -0.050000 0.000000
vt -0.580000 0.026500 0.000000
vt -0.600000 0.006500 0.000000
vt -0.600000 -0.006500 0.000000
vt -0.580000 -0.026500 0.000000
vt -0.230000 -0.070000 0.000000
vn -0.000000 0.070711 -0.070711
vn -0.000000 0.070711 -0.070711
vn -0.000000 0.070711 -0.070711
vn -0.000000 0.070711 -0.070711
vn 0.000000 0.000000 -0.100000
vn 0.000000 0.000000 -0.100000
vn 0.000000 0.000000 -0.100000
vn 0.000000 0.000000 -0.100000
vn 0.100000 0.000000 0.000000
vn 0.100000 0.000000 0.000000
vn 0.100000 0.000000 0.000000
vn 0.100000 0.000000 0.000000
vn 0.100000 0.000000 0.000000
vn 0.100000 0.000000 0.000000
vn 0.100000 0.000000 0.000000
vn 0.100000 0.000000 0.000000
vn 0.100000 0.000000 0.000000
vn 0.100000 0.000000 0.000000
vn 0.100000 0.000000 0.000000
vn 0.100000 0.000000 0.000000
vn 0.000000 -0.070711 -0.070711
vn 0.000000 -0.070711 -0.070711
vn 0.000000 -0.070711 -0.070711
vn 0.000000 -0.070711 -0.070711
vn 0.000000 -0.100000 0.000000
vn 0.000000 -0.100000 0.000000
vn 0.000000 -0.100000 0.000000
vn 0.000000 -0.100000 0.000000
vn 0.000000 -0.070711 -0.070711
vn 0.000000 -0.070711 -0.070711
vn 0.000000 -0.070711 -0.070711
vn 0.000000 -0.070711 -0.070711
vn 0.000000 0.000000 -0.100000
vn 0.000000 0.000000 -0.100000
vn 0.000000 0.000000 -0.100000
vn 0.000000 0.000000 -0.100000
vn -0.000000 0.070711 -0.070711
vn -0.000000 0.070711 -0.070711
vn -0.000000 0.070711 -0.070711
vn -0.000000 0.070711 -0.070711
vn -0.000000 -0.000000 0.100000
vn -0.000000 -0.000000 0.100000
vn -0.000000 -0.000000 0.100000
vn -0.000000 -0.000000 0.100000
vn -0.000000 0.100000 0.000000
vn -0.000000 0.100000 0.000000
vn -0.000000 0.100000 0.000000
vn -0.000000 0.100000 0.000000
vn -0.000000 0.100000 0.000000
vn -0.000000 0.100000 0.000000
vn -0.000000 0.100000 0.000000
vn -0.000000 0.100000 0.000000
vn -0.000000 0.100000 0.000000
vn -0.000000 0.100000 0.000000
vn -0.000000 0.100000 0.000000
vn -0.000000 0.100000 0.000000
vn -0.000000 0.100000 0.000000
vn -0.000000 0.100000 0.000000
vn -0.000000 0.100000 0.000000
vn 0.025882 0.000000 -0.096593
vn 0.000000 0.000000 -0.100000
vn 0.025882 0.000000 -0.096593
vn 0.000000 0.000000 -0.100000
vn 0.025882 0.000000 -0.096593
vn 0.025882 0.000000 -0.096593
vn 0.050000 0.000000 -0.086603
vn 0.050000 0.000000 -0.086603
vn 0.070711 0.000000 -0.070711
vn 0.070711 0.000000 -0.070711
vn 0.086603 0.000000 -0.050000
vn 0.086603 0.000000 -0.050000
vn 0.096593 0.000000 -0.025882
vn 0.096593 0.000000 -0.025882
vn 0.096593 0.000000 -0.025882
vn 0.086603 0.000000 -0.050000
vn 0.070711 0.000000 -0.070711
vn 0.050000 0.000000 -0.086603
vn 0.096593 0.000000 -0.025882
vn 0.086603 0.000000 -0.050000
vn 0.070711 0.000000 -0.070711
vn 0.050000 0.000000 -0.086603
vn 0.000000 -0.100000 0.000000
vn 0.000000 -0.100000 0.000000
vn 0.000000 -0.100000 0.000000
vn 0.000000 -0.100000 0.000000
vn -0.000000 0.100000 0.000000
vn -0.000000 0.100000 0.000000
vn -0.022252 -0.000000 0.097493
vn -0.022252 -0.000000 0.097493
vn -0.043388 -0.000000 0.090097
vn -0.043388 -0.000000 0.090097
vn -0.062349 -0.000000 0.078183
vn -0.062349 -0.000000 0.078183
vn -0.078183 -0.000000 0.062349
vn -0.078183 -0.000000 0.062349
vn -0.090097 -0.000000 0.043388
vn -0.090097 -0.000000 0.043388
vn -0.097493 -0.000000 0.022252
vn -0.097493 -0.000000 0.022252
vn -0.100000 -0.000000 0.000000
vn -0.100000 -0.000000 0.000000
vn 0.000000 -0.100000 0.000000
vn 0.000000 -0.100000 0.000000
vn 0.000000 -0.100000 0.000000
vn 0.000000 -0.100000 0.000000
vn -0.000000 0.100000 0.000000
vn -0.000000 0.100000 0.000000
vn -0.000000 0.100000 0.000000
vn -0.000000 0.100000 0.000000
vn 0.000000 0.000000 -0.100000
vn 0.000000 0.000000 -0.100000
vn 0.100000 0.000000 0.000000
vn 0.100000 0.000000 0.000000
vn 0.100000 0.000000 0.000000
vn 0.100000 0.000000 0.000000
vn 0.000000 -0.100000 0.000000
vn 0.000000 -0.100000 0.000000
vn 0.000000 -0.100000 0.000000
vn 0.000000 -0.100000 0.000000
vn 0.000000 -0.100000 0.000000
vn 0.000000 -0.100000 0.000000
vn 0.000000 -0.100000 0.000000
vn 0.000000 -0.100000 0.000000
vn 0.000000 -0.100000 0.000000
vn 0.000000 -0.100000 0.000000
vn 0.000000 -0.100000 0.000000
vn 0.000000 0.000000 -0.100000
vn 0.000000 0.000000 -0.100000
vn 0.000000 0.000000 -0.100000
vn 0.000000 0.000000 -0.100000
vn -0.000000 0.100000 0.000000
vn -0.000000 0.100000 0.000000
vn -0.100000 -0.000000 0.000000
vn -0.100000 -0.000000 0.000000
vn -0.100000 -0.000000 0.000000
vn -0.100000 -0.000000 0.000000
vn -0.100000 -0.000000 0.000000
vn -0.100000 -0.000000 0.000000
vn -0.100000 -0.000000 0.000000
vn -0.100000 -0.000000 0.000000
vn -0.100000 -0.000000 0.000000
vn -0.100000 -0.000000 0.000000
f 1739/2707/2539 1740/2708/2540 1742/2709/2541
f 1742/2709/2541 1740/2708/2540 1741/2710/2542
f 1742/2711/2543 1743/2712/2544 1739/2713/2545
f 1739/2713/2545 1743/2712/2544 1744/2714/2546
f 1741/2715/2547 1745/2716/2548 1742/2717/2549
f 1742/2717/2549 1745/2716/2548 1743/2718/2550
f 1743/2718/2550 1745/2716/2548 1746/2719/2551
f 1743/2718/2550 1746/2719/2551 1749/2720/2552
f 1749/2720/2552 1746/2719/2551 1748/2721/2553
f 1748/2721/2553 1746/2719/2551 1747/2722/2554
f 1750/2723/2555 1751/2724/2556 1749/2720/2552
f 1749/2720/2552 1751/2724/2556 1752/2725/2557
f 1749/2720/2552 1752/2725/2557 1743/2718/2550
f 1743/2718/2550 1752/2725/2557 1753/2726/2558
f 1754/2727/2559 1755/2728/2560 1747/2729/2561
f 1747/2729/2561 1755/2728/2560 1748/2730/2562
f 1747/2731/2563 1746/2732/2564 1754/2733/2565
f 1754/2733/2565 1746/2732/2564 1756/2734/2566
f 1757/2735/2567 1758/2736/2568 1750/2737/2569
f 1750/2737/2569 1758/2736/2568 1751/2738/2570
f 1758/2739/2571 1759/2740/2572 1751/2741/2573
f 1751/2741/2573 1759/2740/2572 1752/2742/2574
f 1759/2743/2575 1760/2744/2576 1752/2745/2577
f 1752/2745/2577 1760/2744/2576 1753/2746/2578
f 1762/2747/2579 1763/2748/2580 1761/2749/2581
f 1761/2749/2581 1763/2748/2580 1764/2750/2582
f 1761/2751/2583 1765/2752/2584 1777/2753/2585
f 1777/2753/2585 1765/2752/2584 1766/2754/2586
f 1777/2753/2585 1766/2754/2586 1776/2755/2587
f 1776/2755/2587 1766/2754/2586 1767/2756/2588
f 1776/2755/2587 1767/2756/2588 1775/2757/2589
f 1775/2757/2589 1767/2756/2588 1768/2758/2590
f 1775/2757/2589 1768/2758/2590 1774/2759/2591
f 1774/2759/2591 1768/2758/2590 1769/2760/2592
f 1774/2759/2591 1769/2760/2592 1773/2761/2593
f 1773/2761/2593 1769/2760/2592 1770/2762/2594
f 1773/2761/2593 1770/2762/2594 1772/2763/2595
f 1772/2763/2595 1770/2762/2594 1745/2764/2596
f 1772/2763/2595 1745/2764/2596 1771/2765/2597
f 1766/2766/2598 1765/2767/2599 1785/2768/2600
f 1785/2768/2600 1765/2767/2599 1778/2769/2601
f 1785/2768/2600 1778/2769/2601 1784/2770/2602
f 1784/2770/2602 1778/2769/2601 1779/2771/2603
f 1784/2770/2602 1779/2771/2603 1786/2772/2604
f 1786/2772/2604 1779/2771/2603 1780/2773/2605
f 1786/2772/2604 1780/2773/2605 1788/2774/2606
f 1788/2774/2606 1780/2773/2605 1781/2775/2607
f 1788/2774/2606 1781/2775/2607 1790/2776/2608
f 1790/2776/2608 1781/2775/2607 1782/2777/2609
f 1790/2776/2608 1782/2777/2609 1792/2778/2610
f 1792/2778/2610 1782/2777/2609 1783/2779/2611
f 1792/2778/2610 1783/2779/2611 1746/2780/2551
f 1746/2780/2551 1745/2781/2548 1792/2778/2610
f 1792/2778/2610 1745/2781/2548 1793/2782/2612
f 1792/2778/2610 1793/2782/2612 1790/2776/2608
f 1790/2776/2608 1793/2782/2612 1791/2783/2613
f 1790/2776/2608 1791/2783/2613 1788/2774/2606
f 1788/2774/2606 1791/2783/2613 1789/2784/2614
f 1788/2774/2606 1789/2784/2614 1786/2772/2604
f 1786/2772/2604 1789/2784/2614 1787/2785/2615
f 1786/2772/2604 1787/2785/2615 1784/2770/2602
f 1784/2770/2602 1787/2785/2615 1785/2768/2600
f 1745/2781/2548 1770/2786/2616 1793/2782/2612
f 1793/2782/2612 1770/2786/2616 1791/2783/2613
f 1770/2786/2616 1769/2787/2617 1791/2783/2613
f 1791/2783/2613 1769/2787/2617 1789/2784/2614
f 1769/2787/2617 1768/2788/2618 1789/2784/2614
f 1789/2784/2614 1768/2788/2618 1787/2785/2615
f 1768/2788/2618 1767/2789/2619 1787/2785/2615
f 1787/2785/2615 1767/2789/2619 1785/2768/2600
f 1767/2789/2619 1766/2766/2598 1785/2768/2600
f 1778/2790/2620 1794/2791/2621 1762/2792/2622
f 1762/2792/2622 1794/2791/2621 1763/2793/2623
f 1761/2794/2583 1764/2795/2624 1765/2796/2584
f 1765/2796/2584 1764/2795/2624 1795/2797/2625
f 1762/2798/2579 1761/2799/2581 1801/2800/2626
f 1801/2800/2626 1761/2799/2581 1777/2801/2627
f 1801/2800/2626 1777/2801/2627 1800/2802/2628
f 1800/2802/2628 1777/2801/2627 1776/2803/2629
f 1800/2802/2628 1776/2803/2629 1799/2804/2630
f 1799/2804/2630 1776/2803/2629 1775/2805/2631
f 1799/2804/2630 1775/2805/2631 1798/2806/2632
f 1798/2806/2632 1775/2805/2631 1774/2807/2633
f 1798/2806/2632 1774/2807/2633 1797/2808/2634
f 1797/2808/2634 1774/2807/2633 1773/2809/2635
f 1797/2808/2634 1773/2809/2635 1796/2810/2636
f 1796/2810/2636 1773/2809/2635 1772/2811/2637
f 1796/2810/2636 1772/2811/2637 1756/2812/2638
f 1756/2812/2638 1772/2811/2637 1771/2813/2639
f 1750/2814/2640 1749/2815/2641 1757/2816/2642
f 1757/2816/2642 1749/2815/2641 1802/2817/2643
f 1760/2818/2644 1744/2819/2645 1753/2820/2646
f 1753/2820/2646 1744/2819/2645 1743/2821/2647
f 1765/2822/2599 1795/2823/2648 1778/2824/2601
f 1778/2824/2601 1795/2823/2648 1794/2825/2649
f 1764/2826/2650 1763/2827/2651 1795/2828/2652
f 1795/2828/2652 1763/2827/2651 1794/2829/2653
f 1762/2830/2622 1801/2831/2654 1778/2832/2620
f 1778/2832/2620 1801/2831/2654 1779/2833/2655
f 1779/2833/2655 1801/2831/2654 1800/2834/2656
f 1779/2833/2655 1800/2834/2656 1780/2835/2657
f 1780/2835/2657 1800/2834/2656 1799/2836/2658
f 1780/2835/2657 1799/2836/2658 1781/2837/2659
f 1781/2837/2659 1799/2836/2658 1798/2838/2660
f 1781/2837/2659 1798/2838/2660 1782/2839/2661
f 1782/2839/2661 1798/2838/2660 1797/2840/2662
f 1782/2839/2661 1797/2840/2662 1783/2841/2663
f 1783/2841/2663 1797/2840/2662 1796/2842/2664
f 1783/2841/2663 1796/2842/2664 1746/2843/2564
f 1746/2843/2564 1796/2842/2664 1756/2844/2566
f 1755/2845/2665 1802/2846/2666 1748/2847/2667
f 1748/2847/2667 1802/2846/2666 1749/2848/2668
f 1740/2849/2669 1771/2850/2597 1741/2851/2670
f 1741/2851/2670 1771/2850/2597 1745/2852/2596
f 1740/2853/2671 1739/2854/2672 1771/2855/2639
f 1771/2855/2639 1739/2854/2672 1744/2856/2673
f 1771/2855/2639 1744/2856/2673 1756/2857/2638
f 1756/2857/2638 1744/2856/2673 1802/2858/2674
f 1756/2857/2638 1802/2858/2674 1755/2859/2675
f 1760/2860/2676 1759/2861/2677 1744/2856/2673
f 1744/2856/2673 1759/2861/2677 1802/2858/2674
f 1759/2861/2677 1758/2862/2678 1802/2858/2674
f 1802/2858/2674 1758/2862/2678 1757/2863/2679
f 1755/2859/2675 1754/2864/2680 1756/2857/2638
g Body1:1

v 3.935066 0.699934 0.200000
v 3.935066 0.499934 0.000000
v 3.685066 0.499934 0.000000
v 3.685066 0.699934 0.200000
v 3.935066 0.264934 0.000000
v 3.685066 0.264934 0.000000
v 3.685066 0.264934 -3.300000
v 3.685066 0.064934 -3.500000
v 3.685066 -0.065066 -3.500000
v 3.685066 -0.265066 -3.300000
v 3.685066 -0.265066 0.000000
v 3.685066 -0.500066 0.000000
v 3.685066 -0.700066 0.200000
v 3.685066 -0.700066 2.093066
v 3.685066 0.699934 2.093066
v 3.935066 -0.500066 0.000000
v 3.935066 -0.700066 0.200000
v 3.935066 -0.700066 2.093066
v 3.935066 -0.065066 -3.500000
v 3.935066 -0.265066 -3.300000
v 3.935066 0.064934 -3.500000
v 3.935066 0.264934 -3.300000
v 3.585066 -0.700066 2.443066
v 3.585066 0.699934 2.443066
v 1.008000 0.699934 2.443066
v 1.008000 -0.700066 2.443066
v 3.585066 0.699934 2.193066
v 3.662949 0.699934 2.434291
v 3.736926 0.699934 2.408405
v 3.803288 0.699934 2.366707
v 3.858707 0.699934 2.311288
v 3.900405 0.699934 2.244926
v 3.926291 0.699934 2.170949
v 3.935066 0.699934 2.093066
v 3.681659 0.699934 2.118948
v 3.671669 0.699934 2.143066
v 3.655777 0.699934 2.163777
v 3.635066 0.699934 2.179669
v 3.610948 0.699934 2.189659
v 3.585066 -0.700066 2.193066
v 3.681659 -0.700066 2.118948
v 3.671669 -0.700066 2.143066
v 3.655777 -0.700066 2.163777
v 3.635066 -0.700066 2.179669
v 3.610948 -0.700066 2.189659
v 3.610948 0.233267 2.189659
v 3.610948 -0.233400 2.189659
v 3.635066 0.233267 2.179669
v 3.635066 -0.233400 2.179669
v 3.655777 0.233267 2.163777
v 3.655777 -0.233400 2.163777
v 3.671669 0.233267 2.143066
v 3.671669 -0.233400 2.143066
v 3.681659 0.233267 2.118948
v 3.681659 -0.233400 2.118948
v 1.008000 -0.700066 2.193066
v 1.008000 0.699934 2.193066
v 3.662949 -0.700066 2.434291
v 3.736926 -0.700066 2.408405
v 3.803288 -0.700066 2.366707
v 3.858707 -0.700066 2.311288
v 3.900405 -0.700066 2.244926
v 3.926291 -0.700066 2.170949
v 3.935066 -0.265066 0.000000
vt 0.014142 0.012500 0.000000
vt -0.014142 0.012500 0.000000
vt 0.014142 -0.012500 0.000000
vt -0.014142 -0.012500 0.000000
vt -0.020000 0.012500 0.000000
vt -0.043500 0.012500 0.000000
vt -0.020000 -0.012500 0.000000
vt -0.043500 -0.012500 0.000000
vt -0.230000 0.070000 0.000000
vt -0.250000 0.050000 0.000000
vt -0.040693 0.070000 0.000000
vt -0.250000 0.026500 0.000000
vt -0.040693 -0.070000 0.000000
vt -0.250000 -0.026500 0.000000
vt -0.250000 -0.050000 0.000000
vt -0.580000 0.026500 0.000000
vt -0.600000 0.006500 0.000000
vt -0.600000 -0.006500 0.000000
vt -0.580000 -0.026500 0.000000
vt -0.230000 -0.070000 0.000000
vt 0.014142 0.012500 0.000000
vt -0.014142 0.012500 0.000000
vt 0.014142 -0.012500 0.000000
vt -0.014142 -0.012500 0.000000
vt -0.020000 0.012500 0.000000
vt -0.209307 0.012500 0.000000
vt -0.020000 -0.012500 0.000000
vt -0.209307 -0.012500 0.000000
vt 0.014142 0.012500 0.000000
vt -0.014142 0.012500 0.000000
vt 0.014142 -0.012500 0.000000
vt -0.014142 -0.012500 0.000000
vt -0.033000 -0.012500 0.000000
vt -0.020000 -0.012500 0.000000
vt -0.033000 0.012500 0.000000
vt -0.020000 0.012500 0.000000
vt 0.014142 0.012500 0.000000
vt -0.014142 0.012500 0.000000
vt 0.014142 -0.012500 0.000000
vt -0.014142 -0.012500 0.000000
vt 0.007707 0.070000 0.000000
vt -0.250000 0.070000 0.000000
vt 0.007707 -0.070000 0.000000
vt -0.250000 -0.070000 0.000000
vt 0.025000 -0.000000 0.000000
vt 0.024122 0.007788 0.000000
vt -0.000000 0.000000 0.000000
vt -0.000341 0.002588 0.000000
vt 0.021534 0.015186 0.000000
vt -0.001340 0.005000 0.000000
vt 0.017364 0.021822 0.000000
vt -0.002929 0.007071 0.000000
vt 0.011822 0.027364 0.000000
vt -0.005000 0.008660 0.000000
vt 0.005186 0.031534 0.000000
vt -0.007412 0.009659 0.000000
vt -0.002212 0.034122 0.000000
vt -0.010000 0.010000 0.000000
vt -0.010000 0.035000 0.000000
vt 0.070000 0.013090 0.000000
vt 0.070000 0.015708 0.000000
vt 0.023333 0.013090 0.000000
vt -0.070000 0.015708 0.000000
vt -0.023333 0.013090 0.000000
vt -0.070000 0.013090 0.000000
vt -0.023333 0.010472 0.000000
vt -0.070000 0.010472 0.000000
vt -0.023333 0.007854 0.000000
vt -0.070000 0.007854 0.000000
vt -0.023333 0.005236 0.000000
vt -0.070000 0.005236 0.000000
vt -0.023333 0.002618 0.000000
vt -0.070000 0.002618 0.000000
vt -0.070000 0.000000 0.000000
vt 0.070000 0.000000 0.000000
vt 0.023333 0.002618 0.000000
vt 0.023333 0.005236 0.000000
vt 0.023333 0.007854 0.000000
vt 0.023333 0.010472 0.000000
vt 0.070000 0.002618 0.000000
vt 0.070000 0.005236 0.000000
vt 0.070000 0.007854 0.000000
vt 0.070000 0.010472 0.000000
vt -0.242293 0.012500 0.000000
vt -0.500000 0.012500 0.000000
vt -0.242293 -0.012500 0.000000
vt -0.500000 -0.012500 0.000000
vt -0.257707 -0.012500 0.000000
vt -0.000000 -0.012500 0.000000
vt -0.257707 0.012500 0.000000
vt 0.000000 0.012500 0.000000
vt 0.070000 0.054978 0.000000
vt -0.070000 0.054978 0.000000
vt 0.070000 0.047124 0.000000
vt -0.070000 0.047124 0.000000
vt 0.070000 0.039270 0.000000
vt -0.070000 0.039270 0.000000
vt 0.070000 0.031416 0.000000
vt -0.070000 0.031416 0.000000
vt 0.070000 0.023562 0.000000
vt -0.070000 0.023562 0.000000
vt 0.070000 0.015708 0.000000
vt -0.070000 0.015708 0.000000
vt 0.070000 0.007854 0.000000
vt -0.070000 0.007854 0.000000
vt 0.070000 0.000000 0.000000
vt -0.070000 0.000000 0.000000
vt -0.020000 0.012500 0.000000
vt -0.350000 0.012500 0.000000
vt -0.020000 -0.012500 0.000000
vt -0.350000 -0.012500 0.000000
vt -0.330000 -0.012500 0.000000
vt -0.000000 -0.012500 0.000000
vt -0.330000 0.012500 0.000000
vt -0.000000 0.012500 0.000000
vt -0.007707 -0.070000 0.000000
vt 0.250000 -0.070000 0.000000
vt -0.007707 0.070000 0.000000
vt 0.250000 0.070000 0.000000
vt -0.140000 -0.012500 0.000000
vt -0.000000 -0.012500 0.000000
vt -0.140000 0.012500 0.000000
vt -0.000000 0.012500 0.000000
vt 0.000000 -0.000000 0.000000
vt 0.025000 -0.000000 0.000000
vt 0.000878 0.007788 0.000000
vt 0.025341 0.002588 0.000000
vt 0.003466 0.015186 0.000000
vt 0.026340 0.005000 0.000000
vt 0.007636 0.021822 0.000000
vt 0.027929 0.007071 0.000000
vt 0.013178 0.027364 0.000000
vt 0.030000 0.008660 0.000000
vt 0.019814 0.031534 0.000000
vt 0.032412 0.009659 0.000000
vt 0.027212 0.034122 0.000000
vt 0.035000 0.010000 0.000000
vt 0.035000 0.035000 0.000000
vt -0.120000 -0.012500 0.000000
vt -0.096500 -0.012500 0.000000
vt -0.120000 0.012500 0.000000
vt -0.096500 0.012500 0.000000
vt -0.480000 -0.012500 0.000000
vt -0.290693 -0.012500 0.000000
vt -0.480000 0.012500 0.000000
vt -0.290693 0.012500 0.000000
vt 0.230000 0.070000 0.000000
vt 0.040693 0.070000 0.000000
vt 0.250000 0.050000 0.000000
vt 0.250000 0.026500 0.000000
vt 0.040693 -0.070000 0.000000
vt 0.250000 -0.026500 0.000000
vt 0.250000 -0.050000 0.000000
vt 0.230000 -0.070000 0.000000
vt 0.580000 -0.026500 0.000000
vt 0.600000 -0.006500 0.000000
vt 0.600000 0.006500 0.000000
vt 0.580000 0.026500 0.000000
vn 0.000000 0.070711 -0.070711
vn 0.000000 0.070711 -0.070711
vn 0.000000 0.070711 -0.070711
vn 0.000000 0.070711 -0.070711
vn 0.000000 0.000000 -0.100000
vn 0.000000 0.000000 -0.100000
vn 0.000000 0.000000 -0.100000
vn 0.000000 0.000000 -0.100000
vn -0.100000 0.000000 0.000000
vn -0.100000 0.000000 0.000000
vn -0.100000 0.000000 0.000000
vn -0.100000 0.000000 0.000000
vn -0.100000 0.000000 0.000000
vn -0.100000 0.000000 0.000000
vn -0.100000 0.000000 0.000000
vn -0.100000 0.000000 0.000000
vn -0.100000 0.000000 0.000000
vn -0.100000 0.000000 0.000000
vn -0.100000 0.000000 0.000000
vn -0.100000 0.000000 0.000000
vn -0.000000 -0.070711 -0.070711
vn -0.000000 -0.070711 -0.070711
vn -0.000000 -0.070711 -0.070711
vn -0.000000 -0.070711 -0.070711
vn -0.000000 -0.100000 0.000000
vn -0.000000 -0.100000 0.000000
vn -0.000000 -0.100000 0.000000
vn -0.000000 -0.100000 0.000000
vn -0.000000 -0.070711 -0.070711
vn -0.000000 -0.070711 -0.070711
vn -0.000000 -0.070711 -0.070711
vn -0.000000 -0.070711 -0.070711
vn 0.000000 0.000000 -0.100000
vn 0.000000 0.000000 -0.100000
vn 0.000000 0.000000 -0.100000
vn 0.000000 0.000000 -0.100000
vn 0.000000 0.070711 -0.070711
vn 0.000000 0.070711 -0.070711
vn 0.000000 0.070711 -0.070711
vn 0.000000 0.070711 -0.070711
vn 0.000000 -0.000000 0.100000
vn 0.000000 -0.000000 0.100000
vn 0.000000 -0.000000 0.100000
vn 0.000000 -0.000000 0.100000
vn 0.000000 0.100000 0.000000
vn 0.000000 0.100000 0.000000
vn 0.000000 0.100000 0.000000
vn 0.000000 0.100000 0.000000
vn 0.000000 0.100000 0.000000
vn 0.000000 0.100000 0.000000
vn 0.000000 0.100000 0.000000
vn 0.000000 0.100000 0.000000
vn 0.000000 0.100000 0.000000
vn 0.000000 0.100000 0.000000
vn 0.000000 0.100000 0.000000
vn 0.000000 0.100000 0.000000
vn 0.000000 0.100000 0.000000
vn 0.000000 0.100000 0.000000
vn 0.000000 0.100000 0.000000
vn -0.025882 0.000000 -0.096593
vn -0.000000 0.000000 -0.100000
vn -0.025882 0.000000 -0.096593
vn -0.000000 0.000000 -0.100000
vn -0.025882 0.000000 -0.096593
vn -0.025882 0.000000 -0.096593
vn -0.050000 0.000000 -0.086603
vn -0.050000 0.000000 -0.086603
vn -0.070711 0.000000 -0.070711
vn -0.070711 0.000000 -0.070711
vn -0.086603 0.000000 -0.050000
vn -0.086603 0.000000 -0.050000
vn -0.096593 0.000000 -0.025882
vn -0.096593 0.000000 -0.025882
vn -0.096593 0.000000 -0.025882
vn -0.086603 0.000000 -0.050000
vn -0.070711 0.000000 -0.070711
vn -0.050000 0.000000 -0.086603
vn -0.096593 0.000000 -0.025882
vn -0.086603 0.000000 -0.050000
vn -0.070711 0.000000 -0.070711
vn -0.050000 0.000000 -0.086603
vn -0.000000 -0.100000 0.000000
vn -0.000000 -0.100000 0.000000
vn -0.000000 -0.100000 0.000000
vn -0.000000 -0.100000 0.000000
vn 0.000000 0.100000 0.000000
vn 0.000000 0.100000 0.000000
vn 0.022252 -0.000000 0.097493
vn 0.022252 -0.000000 0.097493
vn 0.043388 -0.000000 0.090097
vn 0.043388 -0.000000 0.090097
vn 0.062349 -0.000000 0.078183
vn 0.062349 -0.000000 0.078183
vn 0.078183 -0.000000 0.062349
vn 0.078183 -0.000000 0.062349
vn 0.090097 -0.000000 0.043388
vn 0.090097 -0.000000 0.043388
vn 0.097493 -0.000000 0.022252
vn 0.097493 -0.000000 0.022252
vn 0.100000 -0.000000 0.000000
vn 0.100000 -0.000000 0.000000
vn -0.000000 -0.100000 0.000000
vn -0.000000 -0.100000 0.000000
vn -0.000000 -0.100000 0.000000
vn -0.000000 -0.100000 0.000000
vn 0.000000 0.100000 0.000000
vn 0.000000 0.100000 0.000000
vn 0.000000 0.100000 0.000000
vn 0.000000 0.100000 0.000000
vn -0.000000 0.000000 -0.100000
vn -0.000000 0.000000 -0.100000
vn -0.100000 0.000000 0.000000
vn -0.100000 0.000000 0.000000
vn -0.100000 0.000000 0.000000
vn -0.100000 0.000000 0.000000
vn -0.000000 -0.100000 0.000000
vn -0.000000 -0.100000 0.000000
vn -0.000000 -0.100000 0.000000
vn -0.000000 -0.100000 0.000000
vn -0.000000 -0.100000 0.000000
vn -0.000000 -0.100000 0.000000
vn -0.000000 -0.100000 0.000000
vn -0.000000 -0.100000 0.000000
vn -0.000000 -0.100000 0.000000
vn -0.000000 -0.100000 0.000000
vn -0.000000 -0.100000 0.000000
vn 0.000000 0.000000 -0.100000
vn 0.000000 0.000000 -0.100000
vn 0.000000 0.000000 -0.100000
vn 0.000000 0.000000 -0.100000
vn 0.000000 0.100000 0.000000
vn 0.000000 0.100000 0.000000
vn 0.100000 -0.000000 -0.000000
vn 0.100000 -0.000000 -0.000000
vn 0.100000 -0.000000 -0.000000
vn 0.100000 -0.000000 -0.000000
vn 0.100000 -0.000000 -0.000000
vn 0.100000 -0.000000 -0.000000
vn 0.100000 -0.000000 -0.000000
vn 0.100000 -0.000000 -0.000000
vn 0.100000 -0.000000 -0.000000
vn 0.100000 -0.000000 -0.000000
f 1803/2865/2681 1804/2866/2682 1806/2867/2683
f 1806/2867/2683 1804/2866/2682 1805/2868/2684
f 1804/2869/2685 1807/2870/2686 1805/2871/2687
f 1805/2871/2687 1807/2870/2686 1808/2872/2688
f 1806/2873/2689 1805/2874/2690 1817/2875/2691
f 1817/2875/2691 1805/2874/2690 1808/2876/2692
f 1817/2875/2691 1808/2876/2692 1816/2877/2693
f 1816/2877/2693 1808/2876/2692 1813/2878/2694
f 1816/2877/2693 1813/2878/2694 1814/2879/2695
f 1809/2880/2696 1810/2881/2697 1808/2876/2692
f 1808/2876/2692 1810/2881/2697 1813/2878/2694
f 1810/2881/2697 1811/2882/2698 1813/2878/2694
f 1813/2878/2694 1811/2882/2698 1812/2883/2699
f 1814/2879/2695 1815/2884/2700 1816/2877/2693
f 1818/2885/2701 1819/2886/2702 1814/2887/2703
f 1814/2887/2703 1819/2886/2702 1815/2888/2704
f 1819/2889/2705 1820/2890/2706 1815/2891/2707
f 1815/2891/2707 1820/2890/2706 1816/2892/2708
f 1821/2893/2709 1822/2894/2710 1811/2895/2711
f 1811/2895/2711 1822/2894/2710 1812/2896/2712
f 1811/2897/2713 1810/2898/2714 1821/2899/2715
f 1821/2899/2715 1810/2898/2714 1823/2900/2716
f 1824/2901/2717 1823/2902/2718 1809/2903/2719
f 1809/2903/2719 1823/2902/2718 1810/2904/2720
f 1826/2905/2721 1827/2906/2722 1825/2907/2723
f 1825/2907/2723 1827/2906/2722 1828/2908/2724
f 1826/2909/2725 1830/2910/2726 1829/2911/2727
f 1829/2911/2727 1830/2910/2726 1841/2912/2728
f 1841/2912/2728 1830/2910/2726 1831/2913/2729
f 1841/2912/2728 1831/2913/2729 1840/2914/2730
f 1840/2914/2730 1831/2913/2729 1832/2915/2731
f 1840/2914/2730 1832/2915/2731 1839/2916/2732
f 1839/2916/2732 1832/2915/2731 1833/2917/2733
f 1839/2916/2732 1833/2917/2733 1838/2918/2734
f 1838/2918/2734 1833/2917/2733 1834/2919/2735
f 1838/2918/2734 1834/2919/2735 1837/2920/2736
f 1837/2920/2736 1834/2919/2735 1835/2921/2737
f 1837/2920/2736 1835/2921/2737 1817/2922/2738
f 1817/2922/2738 1835/2921/2737 1836/2923/2739
f 1847/2924/2740 1842/2925/2741 1849/2926/2742
f 1849/2926/2742 1842/2925/2741 1829/2927/2743
f 1849/2926/2742 1829/2927/2743 1848/2928/2744
f 1848/2928/2744 1829/2927/2743 1841/2929/2745
f 1848/2928/2744 1841/2929/2745 1850/2930/2746
f 1850/2930/2746 1841/2929/2745 1840/2931/2747
f 1850/2930/2746 1840/2931/2747 1852/2932/2748
f 1852/2932/2748 1840/2931/2747 1839/2933/2749
f 1852/2932/2748 1839/2933/2749 1854/2934/2750
f 1854/2934/2750 1839/2933/2749 1838/2935/2751
f 1854/2934/2750 1838/2935/2751 1856/2936/2752
f 1856/2936/2752 1838/2935/2751 1837/2937/2753
f 1856/2936/2752 1837/2937/2753 1817/2938/2691
f 1817/2938/2691 1816/2939/2693 1856/2936/2752
f 1856/2936/2752 1816/2939/2693 1857/2940/2754
f 1856/2936/2752 1857/2940/2754 1854/2934/2750
f 1854/2934/2750 1857/2940/2754 1855/2941/2755
f 1854/2934/2750 1855/2941/2755 1852/2932/2748
f 1852/2932/2748 1855/2941/2755 1853/2942/2756
f 1852/2932/2748 1853/2942/2756 1850/2930/2746
f 1850/2930/2746 1853/2942/2756 1851/2943/2757
f 1850/2930/2746 1851/2943/2757 1848/2928/2744
f 1848/2928/2744 1851/2943/2757 1849/2926/2742
f 1816/2939/2693 1843/2944/2758 1857/2940/2754
f 1857/2940/2754 1843/2944/2758 1855/2941/2755
f 1843/2944/2758 1844/2945/2759 1855/2941/2755
f 1855/2941/2755 1844/2945/2759 1853/2942/2756
f 1844/2945/2759 1845/2946/2760 1853/2942/2756
f 1853/2942/2756 1845/2946/2760 1851/2943/2757
f 1845/2946/2760 1846/2947/2761 1851/2943/2757
f 1851/2943/2757 1846/2947/2761 1849/2926/2742
f 1846/2947/2761 1847/2924/2740 1849/2926/2742
f 1825/2948/2762 1828/2949/2763 1842/2950/2764
f 1842/2950/2764 1828/2949/2763 1858/2951/2765
f 1829/2952/2727 1859/2953/2766 1826/2954/2725
f 1826/2954/2725 1859/2953/2766 1827/2955/2767
f 1826/2956/2721 1825/2957/2723 1830/2958/2768
f 1830/2958/2768 1825/2957/2723 1860/2959/2769
f 1830/2958/2768 1860/2959/2769 1831/2960/2770
f 1831/2960/2770 1860/2959/2769 1861/2961/2771
f 1831/2960/2770 1861/2961/2771 1832/2962/2772
f 1832/2962/2772 1861/2961/2771 1862/2963/2773
f 1832/2962/2772 1862/2963/2773 1833/2964/2774
f 1833/2964/2774 1862/2963/2773 1863/2965/2775
f 1833/2964/2774 1863/2965/2775 1834/2966/2776
f 1834/2966/2776 1863/2965/2775 1864/2967/2777
f 1834/2966/2776 1864/2967/2777 1835/2968/2778
f 1835/2968/2778 1864/2967/2777 1865/2969/2779
f 1835/2968/2778 1865/2969/2779 1836/2970/2780
f 1836/2970/2780 1865/2969/2779 1820/2971/2781
f 1822/2972/2782 1866/2973/2783 1812/2974/2784
f 1812/2974/2784 1866/2973/2783 1813/2975/2785
f 1809/2976/2786 1808/2977/2787 1824/2978/2788
f 1824/2978/2788 1808/2977/2787 1807/2979/2789
f 1842/2980/2741 1858/2981/2790 1829/2982/2743
f 1829/2982/2743 1858/2981/2790 1859/2983/2791
f 1859/2984/2792 1858/2985/2793 1827/2986/2794
f 1827/2986/2794 1858/2985/2793 1828/2987/2795
f 1825/2988/2762 1842/2989/2764 1860/2990/2796
f 1860/2990/2796 1842/2989/2764 1847/2991/2797
f 1860/2990/2796 1847/2991/2797 1861/2992/2798
f 1861/2992/2798 1847/2991/2797 1846/2993/2799
f 1861/2992/2798 1846/2993/2799 1862/2994/2800
f 1862/2994/2800 1846/2993/2799 1845/2995/2801
f 1862/2994/2800 1845/2995/2801 1863/2996/2802
f 1863/2996/2802 1845/2995/2801 1844/2997/2803
f 1863/2996/2802 1844/2997/2803 1864/2998/2804
f 1864/2998/2804 1844/2997/2803 1843/2999/2805
f 1864/2998/2804 1843/2999/2805 1865/3000/2806
f 1865/3000/2806 1843/2999/2805 1816/3001/2708
f 1865/3000/2806 1816/3001/2708 1820/3002/2706
f 1814/3003/2807 1813/3004/2808 1818/3005/2809
f 1818/3005/2809 1813/3004/2808 1866/3006/2810
f 1806/3007/2811 1817/3008/2738 1803/3009/2812
f 1803/3009/2812 1817/3008/2738 1836/3010/2739
f 1803/3011/2813 1836/3012/2780 1804/3013/2814
f 1804/3013/2814 1836/3012/2780 1807/3014/2815
f 1807/3014/2815 1836/3012/2780 1820/3015/2781
f 1807/3014/2815 1820/3015/2781 1866/3016/2816
f 1866/3016/2816 1820/3015/2781 1818/3017/2817
f 1818/3017/2817 1820/3015/2781 1819/3018/2818
f 1822/3019/2819 1821/3020/2820 1866/3016/2816
f 1866/3016/2816 1821/3020/2820 1823/3021/2821
f 1866/3016/2816 1823/3021/2821 1807/3014/2815
f 1807/3014/2815 1823/3021/2821 1824/3022/2822
g Body2:1

v 3.935066 3.239934 0.200000
v 3.935066 3.039934 0.000000
v 3.685066 3.039934 0.000000
v 3.685066 3.239934 0.200000
v 3.935066 2.804934 0.000000
v 3.685066 2.804934 0.000000
v 3.685066 2.804934 -3.300000
v 3.685066 2.604934 -3.500000
v 3.685066 2.474934 -3.500000
v 3.685066 2.274934 -3.300000
v 3.685066 2.274934 0.000000
v 3.685066 2.039934 0.000000
v 3.685066 1.839934 0.200000
v 3.685066 1.839934 2.093066
v 3.685066 3.239934 2.093066
v 3.935066 2.039934 0.000000
v 3.935066 1.839934 0.200000
v 3.935066 1.839934 2.093066
v 3.935066 2.474934 -3.500000
v 3.935066 2.274934 -3.300000
v 3.935066 2.604934 -3.500000
v 3.935066 2.804934 -3.300000
v 3.585066 1.839934 2.443066
v 3.585066 3.239934 2.443066
v 1.008000 3.239934 2.443066
v 1.008000 1.839934 2.443066
v 3.585066 3.239934 2.193066
v 3.662949 3.239934 2.434291
v 3.736926 3.239934 2.408405
v 3.803288 3.239934 2.366707
v 3.858707 3.239934 2.311288
v 3.900405 3.239934 2.244926
v 3.926291 3.239934 2.170949
v 3.935066 3.239934 2.093066
v 3.681659 3.239934 2.118948
v 3.671669 3.239934 2.143066
v 3.655777 3.239934 2.163777
v 3.635066 3.239934 2.179669
v 3.610948 3.239934 2.189659
v 3.585066 1.839934 2.193066
v 3.681659 1.839934 2.118948
v 3.671669 1.839934 2.143066
v 3.655777 1.839934 2.163777
v 3.635066 1.839934 2.179669
v 3.610948 1.839934 2.189659
v 3.610948 2.773267 2.189659
v 3.610948 2.306600 2.189659
v 3.635066 2.773267 2.179669
v 3.635066 2.306600 2.179669
v 3.655777 2.773267 2.163777
v 3.655777 2.306600 2.163777
v 3.671669 2.773267 2.143066
v 3.671669 2.306600 2.143066
v 3.681659 2.773267 2.118948
v 3.681659 2.306600 2.118948
v 1.008000 1.839934 2.193066
v 1.008000 3.239934 2.193066
v 3.662949 1.839934 2.434291
v 3.736926 1.839934 2.408405
v 3.803288 1.839934 2.366707
v 3.858707 1.839934 2.311288
v 3.900405 1.839934 2.244926
v 3.926291 1.839934 2.170949
v 3.935066 2.274934 0.000000
vt 0.014142 0.012500 0.000000
vt -0.014142 0.012500 0.000000
vt 0.014142 -0.012500 0.000000
vt -0.014142 -0.012500 0.000000
vt -0.020000 0.012500 0.000000
vt -0.043500 0.012500 0.000000
vt -0.020000 -0.012500 0.000000
vt -0.043500 -0.012500 0.000000
vt -0.230000 0.070000 0.000000
vt -0.250000 0.050000 0.000000
vt -0.040693 0.070000 0.000000
vt -0.250000 0.026500 0.000000
vt -0.040693 -0.070000 0.000000
vt -0.250000 -0.026500 0.000000
vt -0.250000 -0.050000 0.000000
vt -0.580000 0.026500 0.000000
vt -0.600000 0.006500 0.000000
vt -0.600000 -0.006500 0.000000
vt -0.580000 -0.026500 0.000000
vt -0.230000 -0.070000 0.000000
vt 0.014142 0.012500 0.000000
vt -0.014142 0.012500 0.000000
vt 0.014142 -0.012500 0.000000
vt -0.014142 -0.012500 0.000000
vt -0.020000 0.012500 0.000000
vt -0.209307 0.012500 0.000000
vt -0.020000 -0.012500 0.000000
vt -0.209307 -0.012500 0.000000
vt 0.014142 0.012500 0.000000
vt -0.014142 0.012500 0.000000
vt 0.014142 -0.012500 0.000000
vt -0.014142 -0.012500 0.000000
vt -0.033000 -0.012500 0.000000
vt -0.020000 -0.012500 0.000000
vt -0.033000 0.012500 0.000000
vt -0.020000 0.012500 0.000000
vt 0.014142 0.012500 0.000000
vt -0.014142 0.012500 0.000000
vt 0.014142 -0.012500 0.000000
vt -0.014142 -0.012500 0.000000
vt 0.007707 0.070000 0.000000
vt -0.250000 0.070000 0.000000
vt 0.007707 -0.070000 0.000000
vt -0.250000 -0.070000 0.000000
vt 0.025000 -0.000000 0.000000
vt 0.024122 0.007788 0.000000
vt -0.000000 0.000000 0.000000
vt -0.000341 0.002588 0.000000
vt 0.021534 0.015186 0.000000
vt -0.001340 0.005000 0.000000
vt 0.017364 0.021822 0.000000
vt -0.002929 0.007071 0.000000
vt 0.011822 0.027364 0.000000
vt -0.005000 0.008660 0.000000
vt 0.005186 0.031534 0.000000
vt -0.007412 0.009659 0.000000
vt -0.002212 0.034122 0.000000
vt -0.010000 0.010000 0.000000
vt -0.010000 0.035000 0.000000
vt 0.070000 0.013090 0.000000
vt 0.070000 0.015708 0.000000
vt 0.023333 0.013090 0.000000
vt -0.070000 0.015708 0.000000
vt -0.023333 0.013090 0.000000
vt -0.070000 0.013090 0.000000
vt -0.023333 0.010472 0.000000
vt -0.070000 0.010472 0.000000
vt -0.023333 0.007854 0.000000
vt -0.070000 0.007854 0.000000
vt -0.023333 0.005236 0.000000
vt -0.070000 0.005236 0.000000
vt -0.023333 0.002618 0.000000
vt -0.070000 0.002618 0.000000
vt -0.070000 0.000000 0.000000
vt 0.070000 0.000000 0.000000
vt 0.023333 0.002618 0.000000
vt 0.023333 0.005236 0.000000
vt 0.023333 0.007854 0.000000
vt 0.023333 0.010472 0.000000
vt 0.070000 0.002618 0.000000
vt 0.070000 0.005236 0.000000
vt 0.070000 0.007854 0.000000
vt 0.070000 0.010472 0.000000
vt -0.242293 0.012500 0.000000
vt -0.500000 0.012500 0.000000
vt -0.242293 -0.012500 0.000000
vt -0.500000 -0.012500 0.000000
vt -0.257707 -0.012500 0.000000
vt -0.000000 -0.012500 0.000000
vt -0.257707 0.012500 0.000000
vt 0.000000 0.012500 0.000000
vt 0.070000 0.054978 0.000000
vt -0.070000 0.054978 0.000000
vt 0.070000 0.047124 0.000000
vt -0.070000 0.047124 0.000000
vt 0.070000 0.039270 0.000000
vt -0.070000 0.039270 0.000000
vt 0.070000 0.031416 0.000000
vt -0.070000 0.031416 0.000000
vt 0.070000 0.023562 0.000000
vt -0.070000 0.023562 0.000000
vt 0.070000 0.015708 0.000000
vt -0.070000 0.015708 0.000000
vt 0.070000 0.007854 0.000000
vt -0.070000 0.007854 0.000000
vt 0.070000 0.000000 0.000000
vt -0.070000 0.000000 0.000000
vt -0.020000 0.012500 0.000000
vt -0.350000 0.012500 0.000000
vt -0.020000 -0.012500 0.000000
vt -0.350000 -0.012500 0.000000
vt -0.330000 -0.012500 0.000000
vt -0.000000 -0.012500 0.000000
vt -0.330000 0.012500 0.000000
vt -0.000000 0.012500 0.000000
vt -0.007707 -0.070000 0.000000
vt 0.250000 -0.070000 0.000000
vt -0.007707 0.070000 0.000000
vt 0.250000 0.070000 0.000000
vt -0.140000 -0.012500 0.000000
vt -0.000000 -0.012500 0.000000
vt -0.140000 0.012500 0.000000
vt -0.000000 0.012500 0.000000
vt 0.000000 -0.000000 0.000000
vt 0.025000 -0.000000 0.000000
vt 0.000878 0.007788 0.000000
vt 0.025341 0.002588 0.000000
vt 0.003466 0.015186 0.000000
vt 0.026340 0.005000 0.000000
vt 0.007636 0.021822 0.000000
vt 0.027929 0.007071 0.000000
vt 0.013178 0.027364 0.000000
vt 0.030000 0.008660 0.000000
vt 0.019814 0.031534 0.000000
vt 0.032412 0.009659 0.000000
vt 0.027212 0.034122 0.000000
vt 0.035000 0.010000 0.000000
vt 0.035000 0.035000 0.000000
vt -0.120000 -0.012500 0.000000
vt -0.096500 -0.012500 0.000000
vt -0.120000 0.012500 0.000000
vt -0.096500 0.012500 0.000000
vt -0.480000 -0.012500 0.000000
vt -0.290693 -0.012500 0.000000
vt -0.480000 0.012500 0.000000
vt -0.290693 0.012500 0.000000
vt 0.230000 0.070000 0.000000
vt 0.040693 0.070000 0.000000
vt 0.250000 0.050000 0.000000
vt 0.250000 0.026500 0.000000
vt 0.040693 -0.070000 0.000000
vt 0.250000 -0.026500 0.000000
vt 0.250000 -0.050000 0.000000
vt 0.230000 -0.070000 0.000000
vt 0.580000 -0.026500 0.000000
vt 0.600000 -0.006500 0.000000
vt 0.600000 0.006500 0.000000
vt 0.580000 0.026500 0.000000
vn 0.000000 0.070711 -0.070711
vn 0.000000 0.070711 -0.070711
vn 0.000000 0.070711 -0.070711
vn 0.000000 0.070711 -0.070711
vn 0.000000 0.000000 -0.100000
vn 0.000000 0.000000 -0.100000
vn 0.000000 0.000000 -0.100000
vn 0.000000 0.000000 -0.100000
vn -0.100000 0.000000 0.000000
vn -0.100000 0.000000 0.000000
vn -0.100000 0.000000 0.000000
vn -0.100000 0.000000 0.000000
vn -0.100000 0.000000 0.000000
vn -0.100000 0.000000 0.000000
vn -0.100000 0.000000 0.000000
vn -0.100000 0.000000 0.000000
vn -0.100000 0.000000 0.000000
vn -0.100000 0.000000 0.000000
vn -0.100000 0.000000 0.000000
vn -0.100000 0.000000 0.000000
vn -0.000000 -0.070711 -0.070711
vn -0.000000 -0.070711 -0.070711
vn -0.000000 -0.070711 -0.070711
vn -0.000000 -0.070711 -0.070711
vn -0.000000 -0.100000 0.000000
vn -0.000000 -0.100000 0.000000
vn -0.000000 -0.100000 0.000000
vn -0.000000 -0.100000 0.000000
vn -0.000000 -0.070711 -0.070711
vn -0.000000 -0.070711 -0.070711
vn -0.000000 -0.070711 -0.070711
vn -0.000000 -0.070711 -0.070711
vn 0.000000 0.000000 -0.100000
vn 0.000000 0.000000 -0.100000
vn 0.000000 0.000000 -0.100000
vn 0.000000 0.000000 -0.100000
vn 0.000000 0.070711 -0.070711
vn 0.000000 0.070711 -0.070711
vn 0.000000 0.070711 -0.070711
vn 0.000000 0.070711 -0.070711
vn 0.000000 -0.000000 0.100000
vn 0.000000 -0.000000 0.100000
vn 0.000000 -0.000000 0.100000
vn 0.000000 -0.000000 0.100000
vn 0.000000 0.100000 0.000000
vn 0.000000 0.100000 0.000000
vn 0.000000 0.100000 0.000000
vn 0.000000 0.100000 0.000000
vn 0.000000 0.100000 0.000000
vn 0.000000 0.100000 0.000000
vn 0.000000 0.100000 0.000000
vn 0.000000 0.100000 0.000000
vn 0.000000 0.100000 0.000000
vn 0.000000 0.100000 0.000000
vn 0.000000 0.100000 0.000000
vn 0.000000 0.100000 0.000000
vn 0.000000 0.100000 0.000000
vn 0.000000 0.100000 0.000000
vn 0.000000 0.100000 0.000000
vn -0.025882 0.000000 -0.096593
vn -0.000000 0.000000 -0.100000
vn -0.025882 0.000000 -0.096593
vn -0.000000 0.000000 -0.100000
vn -0.025882 0.000000 -0.096593
vn -0.025882 0.000000 -0.096593
vn -0.050000 0.000000 -0.086603
vn -0.050000 0.000000 -0.086603
vn -0.070711 0.000000 -0.070711
vn -0.070711 0.000000 -0.070711
vn -0.086603 0.000000 -0.050000
vn -0.086603 0.000000 -0.050000
vn -0.096593 0.000000 -0.025882
vn -0.096593 0.000000 -0.025882
vn -0.096593 0.000000 -0.025882
vn -0.086603 0.000000 -0.050000
vn -0.070711 0.000000 -0.070711
vn -0.050000 0.000000 -0.086603
vn -0.096593 0.000000 -0.025882
vn -0.086603 0.000000 -0.050000
vn -0.070711 0.000000 -0.070711
vn -0.050000 0.000000 -0.086603
vn -0.000000 -0.100000 0.000000
vn -0.000000 -0.100000 0.000000
vn -0.000000 -0.100000 0.000000
vn -0.000000 -0.100000 0.000000
vn 0.000000 0.100000 0.000000
vn 0.000000 0.100000 0.000000
vn 0.022252 -0.000000 0.097493
vn 0.022252 -0.000000 0.097493
vn 0.043388 -0.000000 0.090097
vn 0.043388 -0.000000 0.090097
vn 0.062349 -0.000000 0.078183
vn 0.062349 -0.000000 0.078183
vn 0.078183 -0.000000 0.062349
vn 0.078183 -0.000000 0.062349
vn 0.090097 -0.000000 0.043388
vn 0.090097 -0.000000 0.043388
vn 0.097493 -0.000000 0.022252
vn 0.097493 -0.000000 0.022252
vn 0.100000 -0.000000 0.000000
vn 0.100000 -0.000000 0.000000
vn -0.000000 -0.100000 0.000000
vn -0.000000 -0.100000 0.000000
vn -0.000000 -0.100000 0.000000
vn -0.000000 -0.100000 0.000000
vn 0.000000 0.100000 0.000000
vn 0.000000 0.100000 0.000000
vn 0.000000 0.100000 0.000000
vn 0.000000 0.100000 0.000000
vn -0.000000 0.000000 -0.100000
vn -0.000000 0.000000 -0.100000
vn -0.100000 0.000000 0.000000
vn -0.100000 0.000000 0.000000
vn -0.100000 0.000000 0.000000
vn -0.100000 0.000000 0.000000
vn -0.000000 -0.100000 0.000000
vn -0.000000 -0.100000 0.000000
vn -0.000000 -0.100000 0.000000
vn -0.000000 -0.100000 0.000000
vn -0.000000 -0.100000 0.000000
vn -0.000000 -0.100000 0.000000
vn -0.000000 -0.100000 0.000000
vn -0.000000 -0.100000 0.000000
vn -0.000000 -0.100000 0.000000
vn -0.000000 -0.100000 0.000000
vn -0.000000 -0.100000 0.000000
vn 0.000000 0.000000 -0.100000
vn 0.000000 0.000000 -0.100000
vn 0.000000 0.000000 -0.100000
vn 0.000000 0.000000 -0.100000
vn 0.000000 0.100000 0.000000
vn 0.000000 0.100000 0.000000
vn 0.100000 -0.000000 -0.000000
vn 0.100000 -0.000000 -0.000000
vn 0.100000 -0.000000 -0.000000
vn 0.100000 -0.000000 -0.000000
vn 0.100000 -0.000000 -0.000000
vn 0.100000 -0.000000 -0.000000
vn 0.100000 -0.000000 -0.000000
vn 0.100000 -0.000000 -0.000000
vn 0.100000 -0.000000 -0.000000
vn 0.100000 -0.000000 -0.000000
f 1867/3023/2823 1868/3024/2824 1870/3025/2825
f 1870/3025/2825 1868/3024/2824 1869/3026/2826
f 1868/3027/2827 1871/3028/2828 1869/3029/2829
f 1869/3029/2829 1871/3028/2828 1872/3030/2830
f 1870/3031/2831 1869/3032/2832 1881/3033/2833
f 1881/3033/2833 1869/3032/2832 1872/3034/2834
f 1881/3033/2833 1872/3034/2834 1880/3035/2835
f 1880/3035/2835 1872/3034/2834 1877/3036/2836
f 1880/3035/2835 1877/3036/2836 1878/3037/2837
f 1873/3038/2838 1874/3039/2839 1872/3034/2834
f 1872/3034/2834 1874/3039/2839 1877/3036/2836
f 1874/3039/2839 1875/3040/2840 1877/3036/2836
f 1877/3036/2836 1875/3040/2840 1876/3041/2841
f 1878/3037/2837 1879/3042/2842 1880/3035/2835
f 1882/3043/2843 1883/3044/2844 1878/3045/2845
f 1878/3045/2845 1883/3044/2844 1879/3046/2846
f 1883/3047/2847 1884/3048/2848 1879/3049/2849
f 1879/3049/2849 1884/3048/2848 1880/3050/2850
f 1885/3051/2851 1886/3052/2852 1875/3053/2853
f 1875/3053/2853 1886/3052/2852 1876/3054/2854
f 1875/3055/2855 1874/3056/2856 1885/3057/2857
f 1885/3057/2857 1874/3056/2856 1887/3058/2858
f 1888/3059/2859 1887/3060/2860 1873/3061/2861
f 1873/3061/2861 1887/3060/2860 1874/3062/2862
f 1890/3063/2863 1891/3064/2864 1889/3065/2865
f 1889/3065/2865 1891/3064/2864 1892/3066/2866
f 1890/3067/2867 1894/3068/2868 1893/3069/2869
f 1893/3069/2869 1894/3068/2868 1905/3070/2870
f 1905/3070/2870 1894/3068/2868 1895/3071/2871
f 1905/3070/2870 1895/3071/2871 1904/3072/2872
f 1904/3072/2872 1895/3071/2871 1896/3073/2873
f 1904/3072/2872 1896/3073/2873 1903/3074/2874
f 1903/3074/2874 1896/3073/2873 1897/3075/2875
f 1903/3074/2874 1897/3075/2875 1902/3076/2876
f 1902/3076/2876 1897/3075/2875 1898/3077/2877
f 1902/3076/2876 1898/3077/2877 1901/3078/2878
f 1901/3078/2878 1898/3077/2877 1899/3079/2879
f 1901/3078/2878 1899/3079/2879 1881/3080/2880
f 1881/3080/2880 1899/3079/2879 1900/3081/2881
f 1911/3082/2882 1906/3083/2883 1913/3084/2884
f 1913/3084/2884 1906/3083/2883 1893/3085/2885
f 1913/3084/2884 1893/3085/2885 1912/3086/2886
f 1912/3086/2886 1893/3085/2885 1905/3087/2887
f 1912/3086/2886 1905/3087/2887 1914/3088/2888
f 1914/3088/2888 1905/3087/2887 1904/3089/2889
f 1914/3088/2888 1904/3089/2889 1916/3090/2890
f 1916/3090/2890 1904/3089/2889 1903/3091/2891
f 1916/3090/2890 1903/3091/2891 1918/3092/2892
f 1918/3092/2892 1903/3091/2891 1902/3093/2893
f 1918/3092/2892 1902/3093/2893 1920/3094/2894
f 1920/3094/2894 1902/3093/2893 1901/3095/2895
f 1920/3094/2894 1901/3095/2895 1881/3096/2833
f 1881/3096/2833 1880/3097/2835 1920/3094/2894
f 1920/3094/2894 1880/3097/2835 1921/3098/2896
f 1920/3094/2894 1921/3098/2896 1918/3092/2892
f 1918/3092/2892 1921/3098/2896 1919/3099/2897
f 1918/3092/2892 1919/3099/2897 1916/3090/2890
f 1916/3090/2890 1919/3099/2897 1917/3100/2898
f 1916/3090/2890 1917/3100/2898 1914/3088/2888
f 1914/3088/2888 1917/3100/2898 1915/3101/2899
f 1914/3088/2888 1915/3101/2899 1912/3086/2886
f 1912/3086/2886 1915/3101/2899 1913/3084/2884
f 1880/3097/2835 1907/3102/2900 1921/3098/2896
f 1921/3098/2896 1907/3102/2900 1919/3099/2897
f 1907/3102/2900 1908/3103/2901 1919/3099/2897
f 1919/3099/2897 1908/3103/2901 1917/3100/2898
f 1908/3103/2901 1909/3104/2902 1917/3100/2898
f 1917/3100/2898 1909/3104/2902 1915/3101/2899
f 1909/3104/2902 1910/3105/2903 1915/3101/2899
f 1915/3101/2899 1910/3105/2903 1913/3084/2884
f 1910/3105/2903 1911/3082/2882 1913/3084/2884
f 1889/3106/2904 1892/3107/2905 1906/3108/2906
f 1906/3108/2906 1892/3107/2905 1922/3109/2907
f 1893/3110/2869 1923/3111/2908 1890/3112/2867
f 1890/3112/2867 1923/3111/2908 1891/3113/2909
f 1890/3114/2863 1889/3115/2865 1894/3116/2910
f 1894/3116/2910 1889/3115/2865 1924/3117/2911
f 1894/3116/2910 1924/3117/2911 1895/3118/2912
f 1895/3118/2912 1924/3117/2911 1925/3119/2913
f 1895/3118/2912 1925/3119/2913 1896/3120/2914
f 1896/3120/2914 1925/3119/2913 1926/3121/2915
f 1896/3120/2914 1926/3121/2915 1897/3122/2916
f 1897/3122/2916 1926/3121/2915 1927/3123/2917
f 1897/3122/2916 1927/3123/2917 1898/3124/2918
f 1898/3124/2918 1927/3123/2917 1928/3125/2919
f 1898/3124/2918 1928/3125/2919 1899/3126/2920
f 1899/3126/2920 1928/3125/2919 1929/3127/2921
f 1899/3126/2920 1929/3127/2921 1900/3128/2922
f 1900/3128/2922 1929/3127/2921 1884/3129/2923
f 1886/3130/2924 1930/3131/2925 1876/3132/2926
f 1876/3132/2926 1930/3131/2925 1877/3133/2927
f 1873/3134/2928 1872/3135/2929 1888/3136/2930
f 1888/3136/2930 1872/3135/2929 1871/3137/2931
f 1906/3138/2883 1922/3139/2932 1893/3140/2885
f 1893/3140/2885 1922/3139/2932 1923/3141/2933
f 1923/3142/2934 1922/3143/2935 1891/3144/2936
f 1891/3144/2936 1922/3143/2935 1892/3145/2937
f 1889/3146/2904 1906/3147/2906 1924/3148/2938
f 1924/3148/2938 1906/3147/2906 1911/3149/2939
f 1924/3148/2938 1911/3149/2939 1925/3150/2940
f 1925/3150/2940 1911/3149/2939 1910/3151/2941
f 1925/3150/2940 1910/3151/2941 1926/3152/2942
f 1926/3152/2942 1910/3151/2941 1909/3153/2943
f 1926/3152/2942 1909/3153/2943 1927/3154/2944
f 1927/3154/2944 1909/3153/2943 1908/3155/2945
f 1927/3154/2944 1908/3155/2945 1928/3156/2946
f 1928/3156/2946 1908/3155/2945 1907/3157/2947
f 1928/3156/2946 1907/3157/2947 1929/3158/2948
f 1929/3158/2948 1907/3157/2947 1880/3159/2850
f 1929/3158/2948 1880/3159/2850 1884/3160/2848
f 1878/3161/2949 1877/3162/2950 1882/3163/2951
f 1882/3163/2951 1877/3162/2950 1930/3164/2952
f 1870/3165/2953 1881/3166/2880 1867/3167/2954
f 1867/3167/2954 1881/3166/2880 1900/3168/2881
f 1867/3169/2955 1900/3170/2922 1868/3171/2956
f 1868/3171/2956 1900/3170/2922 1871/3172/2957
f 1871/3172/2957 1900/3170/2922 1884/3173/2923
f 1871/3172/2957 1884/3173/2923 1930/3174/2958
f 1930/3174/2958 1884/3173/2923 1882/3175/2959
f 1882/3175/2959 1884/3173/2923 1883/3176/2960
f 1886/3177/2961 1885/3178/2962 1930/3174/2958
f 1930/3174/2958 1885/3178/2962 1887/3179/2963
f 1930/3174/2958 1887/3179/2963 1871/3172/2957
f 1871/3172/2957 1887/3179/2963 1888/3180/2964
g Body3:1

v 3.935066 -1.840066 0.200000
v 3.935066 -2.040066 0.000000
v 3.685066 -2.040066 0.000000
v 3.685066 -1.840066 0.200000
v 3.935066 -2.275066 0.000000
v 3.685066 -2.275066 0.000000
v 3.685066 -2.275066 -3.300000
v 3.685066 -2.475066 -3.500000
v 3.685066 -2.605066 -3.500000
v 3.685066 -2.805066 -3.300000
v 3.685066 -2.805066 0.000000
v 3.685066 -3.040066 0.000000
v 3.685066 -3.240066 0.200000
v 3.685066 -3.240066 2.093066
v 3.685066 -1.840066 2.093066
v 3.935066 -3.040066 0.000000
v 3.935066 -3.240066 0.200000
v 3.935066 -3.240066 2.093066
v 3.935066 -2.605066 -3.500000
v 3.935066 -2.805066 -3.300000
v 3.935066 -2.475066 -3.500000
v 3.935066 -2.275066 -3.300000
v 3.585066 -3.240066 2.443066
v 3.585066 -1.840066 2.443066
v 1.008000 -1.840066 2.443066
v 1.008000 -3.240066 2.443066
v 3.585066 -1.840066 2.193066
v 3.662949 -1.840066 2.434291
v 3.736926 -1.840066 2.408405
v 3.803288 -1.840066 2.366707
v 3.858707 -1.840066 2.311288
v 3.900405 -1.840066 2.244926
v 3.926291 -1.840066 2.170949
v 3.935066 -1.840066 2.093066
v 3.681659 -1.840066 2.118948
v 3.671669 -1.840066 2.143066
v 3.655777 -1.840066 2.163777
v 3.635066 -1.840066 2.179669
v 3.610948 -1.840066 2.189659
v 3.585066 -3.240066 2.193066
v 3.681659 -3.240066 2.118948
v 3.671669 -3.240066 2.143066
v 3.655777 -3.240066 2.163777
v 3.635066 -3.240066 2.179669
v 3.610948 -3.240066 2.189659
v 3.610948 -2.306733 2.189659
v 3.610948 -2.773400 2.189659
v 3.635066 -2.306733 2.179669
v 3.635066 -2.773400 2.179669
v 3.655777 -2.306733 2.163777
v 3.655777 -2.773400 2.163777
v 3.671669 -2.306733 2.143066
v 3.671669 -2.773400 2.143066
v 3.681659 -2.306733 2.118948
v 3.681659 -2.773400 2.118948
v 1.008000 -3.240066 2.193066
v 1.008000 -1.840066 2.193066
v 3.662949 -3.240066 2.434291
v 3.736926 -3.240066 2.408405
v 3.803288 -3.240066 2.366707
v 3.858707 -3.240066 2.311288
v 3.900405 -3.240066 2.244926
v 3.926291 -3.240066 2.170949
v 3.935066 -2.805066 0.000000
vt 0.014142 0.012500 0.000000
vt -0.014142 0.012500 0.000000
vt 0.014142 -0.012500 0.000000
vt -0.014142 -0.012500 0.000000
vt -0.020000 0.012500 0.000000
vt -0.043500 0.012500 0.000000
vt -0.020000 -0.012500 0.000000
vt -0.043500 -0.012500 0.000000
vt -0.230000 0.070000 0.000000
vt -0.250000 0.050000 0.000000
vt -0.040693 0.070000 0.000000
vt -0.250000 0.026500 0.000000
vt -0.040693 -0.070000 0.000000
vt -0.250000 -0.026500 0.000000
vt -0.250000 -0.050000 0.000000
vt -0.580000 0.026500 0.000000
vt -0.600000 0.006500 0.000000
vt -0.600000 -0.006500 0.000000
vt -0.580000 -0.026500 0.000000
vt -0.230000 -0.070000 0.000000
vt 0.014142 0.012500 0.000000
vt -0.014142 0.012500 0.000000
vt 0.014142 -0.012500 0.000000
vt -0.014142 -0.012500 0.000000
vt -0.020000 0.012500 0.000000
vt -0.209307 0.012500 0.000000
vt -0.020000 -0.012500 0.000000
vt -0.209307 -0.012500 0.000000
vt 0.014142 0.012500 0.000000
vt -0.014142 0.012500 0.000000
vt 0.014142 -0.012500 0.000000
vt -0.014142 -0.012500 0.000000
vt -0.033000 -0.012500 0.000000
vt -0.020000 -0.012500 0.000000
vt -0.033000 0.012500 0.000000
vt -0.020000 0.012500 0.000000
vt 0.014142 0.012500 0.000000
vt -0.014142 0.012500 0.000000
vt 0.014142 -0.012500 0.000000
vt -0.014142 -0.012500 0.000000
vt 0.007707 0.070000 0.000000
vt -0.250000 0.070000 0.000000
vt 0.007707 -0.070000 0.000000
vt -0.250000 -0.070000 0.000000
vt 0.025000 -0.000000 0.000000
vt 0.024122 0.007788 0.000000
vt -0.000000 0.000000 0.000000
vt -0.000341 0.002588 0.000000
vt 0.021534 0.015186 0.000000
vt -0.001340 0.005000 0.000000
vt 0.017364 0.021822 0.000000
vt -0.002929 0.007071 0.000000
vt 0.011822 0.027364 0.000000
vt -0.005000 0.008660 0.000000
vt 0.005186 0.031534 0.000000
vt -0.007412 0.009659 0.000000
vt -0.002212 0.034122 0.000000
vt -0.010000 0.010000 0.000000
vt -0.010000 0.035000 0.000000
vt 0.070000 0.013090 0.000000
vt 0.070000 0.015708 0.000000
vt 0.023333 0.013090 0.000000
vt -0.070000 0.015708 0.000000
vt -0.023333 0.013090 0.000000
vt -0.070000 0.013090 0.000000
vt -0.023333 0.010472 0.000000
vt -0.070000 0.010472 0.000000
vt -0.023333 0.007854 0.000000
vt -0.070000 0.007854 0.000000
vt -0.023333 0.005236 0.000000
vt -0.070000 0.005236 0.000000
vt -0.023333 0.002618 0.000000
vt -0.070000 0.002618 0.000000
vt -0.070000 0.000000 0.000000
vt 0.070000 0.000000 0.000000
vt 0.023333 0.002618 0.000000
vt 0.023333 0.005236 0.000000
vt 0.023333 0.007854 0.000000
vt 0.023333 0.010472 0.000000
vt 0.070000 0.002618 0.000000
vt 0.070000 0.005236 0.000000
vt 0.070000 0.007854 0.000000
vt 0.070000 0.010472 0.000000
vt -0.242293 0.012500 0.000000
vt -0.500000 0.012500 0.000000
vt -0.242293 -0.012500 0.000000
vt -0.500000 -0.012500 0.000000
vt -0.257707 -0.012500 0.000000
vt -0.000000 -0.012500 0.000000
vt -0.257707 0.012500 0.000000
vt 0.000000 0.012500 0.000000
vt 0.070000 0.054978 0.000000
vt -0.070000 0.054978 0.000000
vt 0.070000 0.047124 0.000000
vt -0.070000 0.047124 0.000000
vt 0.070000 0.039270 0.000000
vt -0.070000 0.039270 0.000000
vt 0.070000 0.031416 0.000000
vt -0.070000 0.031416 0.000000
vt 0.070000 0.023562 0.000000
vt -0.070000 0.023562 0.000000
vt 0.070000 0.015708 0.000000
vt -0.070000 0.015708 0.000000
vt 0.070000 0.007854 0.000000
vt -0.070000 0.007854 0.000000
vt 0.070000 0.000000 0.000000
vt -0.070000 0.000000 0.000000
vt -0.020000 0.012500 0.000000
vt -0.350000 0.012500 0.000000
vt -0.020000 -0.012500 0.000000
vt -0.350000 -0.012500 0.000000
vt -0.330000 -0.012500 0.000000
vt -0.000000 -0.012500 0.000000
vt -0.330000 0.012500 0.000000
vt -0.000000 0.012500 0.000000
vt -0.007707 -0.070000 0.000000
vt 0.250000 -0.070000 0.000000
vt -0.007707 0.070000 0.000000
vt 0.250000 0.070000 0.000000
vt -0.140000 -0.012500 0.000000
vt -0.000000 -0.012500 0.000000
vt -0.140000 0.012500 0.000000
vt -0.000000 0.012500 0.000000
vt 0.000000 -0.000000 0.000000
vt 0.025000 -0.000000 0.000000
vt 0.000878 0.007788 0.000000
vt 0.025341 0.002588 0.000000
vt 0.003466 0.015186 0.000000
vt 0.026340 0.005000 0.000000
vt 0.007636 0.021822 0.000000
vt 0.027929 0.007071 0.000000
vt 0.013178 0.027364 0.000000
vt 0.030000 0.008660 0.000000
vt 0.019814 0.031534 0.000000
vt 0.032412 0.009659 0.000000
vt 0.027212 0.034122 0.000000
vt 0.035000 0.010000 0.000000
vt 0.035000 0.035000 0.000000
vt -0.120000 -0.012500 0.000000
vt -0.096500 -0.012500 0.000000
vt -0.120000 0.012500 0.000000
vt -0.096500 0.012500 0.000000
vt -0.480000 -0.012500 0.000000
vt -0.290693 -0.012500 0.000000
vt -0.480000 0.012500 0.000000
vt -0.290693 0.012500 0.000000
vt 0.230000 0.070000 0.000000
vt 0.040693 0.070000 0.000000
vt 0.250000 0.050000 0.000000
vt 0.250000 0.026500 0.000000
vt 0.040693 -0.070000 0.000000
vt 0.250000 -0.026500 0.000000
vt 0.250000 -0.050000 0.000000
vt 0.230000 -0.070000 0.000000
vt 0.580000 -0.026500 0.000000
vt 0.600000 -0.006500 0.000000
vt 0.600000 0.006500 0.000000
vt 0.580000 0.026500 0.000000
vn 0.000000 0.070711 -0.070711
vn 0.000000 0.070711 -0.070711
vn 0.000000 0.070711 -0.070711
vn 0.000000 0.070711 -0.070711
vn 0.000000 0.000000 -0.100000
vn 0.000000 0.000000 -0.100000
vn 0.000000 0.000000 -0.100000
vn 0.000000 0.000000 -0.100000
vn -0.100000 0.000000 0.000000
vn -0.100000 0.000000 0.000000
vn -0.100000 0.000000 0.000000
vn -0.100000 0.000000 0.000000
vn -0.100000 0.000000 0.000000
vn -0.100000 0.000000 0.000000
vn -0.100000 0.000000 0.000000
vn -0.100000 0.000000 0.000000
vn -0.100000 0.000000 0.000000
vn -0.100000 0.000000 0.000000
vn -0.100000 0.000000 0.000000
vn -0.100000 0.000000 0.000000
vn -0.000000 -0.070711 -0.070711
vn -0.000000 -0.070711 -0.070711
vn -0.000000 -0.070711 -0.070711
vn -0.000000 -0.070711 -0.070711
vn -0.000000 -0.100000 0.000000
vn -0.000000 -0.100000 0.000000
vn -0.000000 -0.100000 0.000000
vn -0.000000 -0.100000 0.000000
vn -0.000000 -0.070711 -0.070711
vn -0.000000 -0.070711 -0.070711
vn -0.000000 -0.070711 -0.070711
vn -0.000000 -0.070711 -0.070711
vn 0.000000 0.000000 -0.100000
vn 0.000000 0.000000 -0.100000
vn 0.000000 0.000000 -0.100000
vn 0.000000 0.000000 -0.100000
vn 0.000000 0.070711 -0.070711
vn 0.000000 0.070711 -0.070711
vn 0.000000 0.070711 -0.070711
vn 0.000000 0.070711 -0.070711
vn 0.000000 -0.000000 0.100000
vn 0.000000 -0.000000 0.100000
vn 0.000000 -0.000000 0.100000
vn 0.000000 -0.000000 0.100000
vn 0.000000 0.100000 0.000000
vn 0.000000 0.100000 0.000000
vn 0.000000 0.100000 0.000000
vn 0.000000 0.100000 0.000000
vn 0.000000 0.100000 0.000000
vn 0.000000 0.100000 0.000000
vn 0.000000 0.100000 0.000000
vn 0.000000 0.100000 0.000000
vn 0.000000 0.100000 0.000000
vn 0.000000 0.100000 0.000000
vn 0.000000 0.100000 0.000000
vn 0.000000 0.100000 0.000000
vn 0.000000 0.100000 0.000000
vn 0.000000 0.100000 0.000000
vn 0.000000 0.100000 0.000000
vn -0.025882 0.000000 -0.096593
vn -0.000000 0.000000 -0.100000
vn -0.025882 0.000000 -0.096593
vn -0.000000 0.000000 -0.100000
vn -0.025882 0.000000 -0.096593
vn -0.025882 0.000000 -0.096593
vn -0.050000 0.000000 -0.086603
vn -0.050000 0.000000 -0.086603
vn -0.070711 0.000000 -0.070711
vn -0.070711 0.000000 -0.070711
vn -0.086603 0.000000 -0.050000
vn -0.086603 0.000000 -0.050000
vn -0.096593 0.000000 -0.025882
vn -0.096593 0.000000 -0.025882
vn -0.096593 0.000000 -0.025882
vn -0.086603 0.000000 -0.050000
vn -0.070711 0.000000 -0.070711
vn -0.050000 0.000000 -0.086603
vn -0.096593 0.000000 -0.025882
vn -0.086603 0.000000 -0.050000
vn -0.070711 0.000000 -0.070711
vn -0.050000 0.000000 -0.086603
vn -0.000000 -0.100000 0.000000
vn -0.000000 -0.100000 0.000000
vn -0.000000 -0.100000 0.000000
vn -0.000000 -0.100000 0.000000
vn 0.000000 0.100000 0.000000
vn 0.000000 0.100000 0.000000
vn 0.022252 -0.000000 0.097493
vn 0.022252 -0.000000 0.097493
vn 0.043388 -0.000000 0.090097
vn 0.043388 -0.000000 0.090097
vn 0.062349 -0.000000 0.078183
vn 0.062349 -0.000000 0.078183
vn 0.078183 -0.000000 0.062349
vn 0.078183 -0.000000 0.062349
vn 0.090097 -0.000000 0.043388
vn 0.090097 -0.000000 0.043388
vn 0.097493 -0.000000 0.022252
vn 0.097493 -0.000000 0.022252
vn 0.100000 -0.000000 0.000000
vn 0.100000 -0.000000 0.000000
vn -0.000000 -0.100000 0.000000
vn -0.000000 -0.100000 0.000000
vn -0.000000 -0.100000 0.000000
vn -0.000000 -0.100000 0.000000
vn 0.000000 0.100000 0.000000
vn 0.000000 0.100000 0.000000
vn 0.000000 0.100000 0.000000
vn 0.000000 0.100000 0.000000
vn -0.000000 0.000000 -0.100000
vn -0.000000 0.000000 -0.100000
vn -0.100000 0.000000 0.000000
vn -0.100000 0.000000 0.000000
vn -0.100000 0.000000 0.000000
vn -0.100000 0.000000 0.000000
vn -0.000000 -0.100000 0.000000
vn -0.000000 -0.100000 0.000000
vn -0.000000 -0.100000 0.000000
vn -0.000000 -0.100000 0.000000
vn -0.000000 -0.100000 0.000000
vn -0.000000 -0.100000 0.000000
vn -0.000000 -0.100000 0.000000
vn -0.000000 -0.100000 0.000000
vn -0.000000 -0.100000 0.000000
vn -0.000000 -0.100000 0.000000
vn -0.000000 -0.100000 0.000000
vn 0.000000 0.000000 -0.100000
vn 0.000000 0.000000 -0.100000
vn 0.000000 0.000000 -0.100000
vn 0.000000 0.000000 -0.100000
vn 0.000000 0.100000 0.000000
vn 0.000000 0.100000 0.000000
vn 0.100000 -0.000000 -0.000000
vn 0.100000 -0.000000 -0.000000
vn 0.100000 -0.000000 -0.000000
vn 0.100000 -0.000000 -0.000000
vn 0.100000 -0.000000 -0.000000
vn 0.100000 -0.000000 -0.000000
vn 0.100000 -0.000000 -0.000000
vn 0.100000 -0.000000 -0.000000
vn 0.100000 -0.000000 -0.000000
vn 0.100000 -0.000000 -0.000000
f 1931/3181/2965 1932/3182/2966 1934/3183/2967
f 1934/3183/2967 1932/3182/2966 1933/3184/2968
f 1932/3185/2969 1935/3186/2970 1933/3187/2971
f 1933/3187/2971 1935/3186/2970 1936/3188/2972
f 1934/3189/2973 1933/3190/2974 1945/3191/2975
f 1945/3191/2975 1933/3190/2974 1936/3192/2976
f 1945/3191/2975 1936/3192/2976 1944/3193/2977
f 1944/3193/2977 1936/3192/2976 1941/3194/2978
f 1944/3193/2977 1941/3194/2978 1942/3195/2979
f 1937/3196/2980 1938/3197/2981 1936/3192/2976
f 1936/3192/2976 1938/3197/2981 1941/3194/2978
f 1938/3197/2981 1939/3198/2982 1941/3194/2978
f 1941/3194/2978 1939/3198/2982 1940/3199/2983
f 1942/3195/2979 1943/3200/2984 1944/3193/2977
f 1946/3201/2985 1947/3202/2986 1942/3203/2987
f 1942/3203/2987 1947/3202/2986 1943/3204/2988
f 1947/3205/2989 1948/3206/2990 1943/3207/2991
f 1943/3207/2991 1948/3206/2990 1944/3208/2992
f 1949/3209/2993 1950/3210/2994 1939/3211/2995
f 1939/3211/2995 1950/3210/2994 1940/3212/2996
f 1939/3213/2997 1938/3214/2998 1949/3215/2999
f 1949/3215/2999 1938/3214/2998 1951/3216/3000
f 1952/3217/3001 1951/3218/3002 1937/3219/3003
f 1937/3219/3003 1951/3218/3002 1938/3220/3004
f 1954/3221/3005 1955/3222/3006 1953/3223/3007
f 1953/3223/3007 1955/3222/3006 1956/3224/3008
f 1954/3225/3009 1958/3226/3010 1957/3227/3011
f 1957/3227/3011 1958/3226/3010 1969/3228/3012
f 1969/3228/3012 1958/3226/3010 1959/3229/3013
f 1969/3228/3012 1959/3229/3013 1968/3230/3014
f 1968/3230/3014 1959/3229/3013 1960/3231/3015
f 1968/3230/3014 1960/3231/3015 1967/3232/3016
f 1967/3232/3016 1960/3231/3015 1961/3233/3017
f 1967/3232/3016 1961/3233/3017 1966/3234/3018
f 1966/3234/3018 1961/3233/3017 1962/3235/3019
f 1966/3234/3018 1962/3235/3019 1965/3236/3020
f 1965/3236/3020 1962/3235/3019 1963/3237/3021
f 1965/3236/3020 1963/3237/3021 1945/3238/3022
f 1945/3238/3022 1963/3237/3021 1964/3239/3023
f 1975/3240/3024 1970/3241/3025 1977/3242/3026
f 1977/3242/3026 1970/3241/3025 1957/3243/3027
f 1977/3242/3026 1957/3243/3027 1976/3244/3028
f 1976/3244/3028 1957/3243/3027 1969/3245/3029
f 1976/3244/3028 1969/3245/3029 1978/3246/3030
f 1978/3246/3030 1969/3245/3029 1968/3247/3031
f 1978/3246/3030 1968/3247/3031 1980/3248/3032
f 1980/3248/3032 1968/3247/3031 1967/3249/3033
f 1980/3248/3032 1967/3249/3033 1982/3250/3034
f 1982/3250/3034 1967/3249/3033 1966/3251/3035
f 1982/3250/3034 1966/3251/3035 1984/3252/3036
f 1984/3252/3036 1966/3251/3035 1965/3253/3037
f 1984/3252/3036 1965/3253/3037 1945/3254/2975
f 1945/3254/2975 1944/3255/2977 1984/3252/3036
f 1984/3252/3036 1944/3255/2977 1985/3256/3038
f 1984/3252/3036 1985/3256/3038 1982/3250/3034
f 1982/3250/3034 1985/3256/3038 1983/3257/3039
f 1982/3250/3034 1983/3257/3039 1980/3248/3032
f 1980/3248/3032 1983/3257/3039 1981/3258/3040
f 1980/3248/3032 1981/3258/3040 1978/3246/3030
f 1978/3246/3030 1981/3258/3040 1979/3259/3041
f 1978/3246/3030 1979/3259/3041 1976/3244/3028
f 1976/3244/3028 1979/3259/3041 1977/3242/3026
f 1944/3255/2977 1971/3260/3042 1985/3256/3038
f 1985/3256/3038 1971/3260/3042 1983/3257/3039
f 1971/3260/3042 1972/3261/3043 1983/3257/3039
f 1983/3257/3039 1972/3261/3043 1981/3258/3040
f 1972/3261/3043 1973/3262/3044 1981/3258/3040
f 1981/3258/3040 1973/3262/3044 1979/3259/3041
f 1973/3262/3044 1974/3263/3045 1979/3259/3041
f 1979/3259/3041 1974/3263/3045 1977/3242/3026
f 1974/3263/3045 1975/3240/3024 1977/3242/3026
f 1953/3264/3046 1956/3265/3047 1970/3266/3048
f 1970/3266/3048 1956/3265/3047 1986/3267/3049
f 1957/3268/3011 1987/3269/3050 1954/3270/3009
f 1954/3270/3009 1987/3269/3050 1955/3271/3051
f 1954/3272/3005 1953/3273/3007 1958/3274/3052
f 1958/3274/3052 1953/3273/3007 1988/3275/3053
f 1958/3274/3052 1988/3275/3053 1959/3276/3054
f 1959/3276/3054 1988/3275/3053 1989/3277/3055
f 1959/3276/3054 1989/3277/3055 1960/3278/3056
f 1960/3278/3056 1989/3277/3055 1990/3279/3057
f 1960/3278/3056 1990/3279/3057 1961/3280/3058
f 1961/3280/3058 1990/3279/3057 1991/3281/3059
f 1961/3280/3058 1991/3281/3059 1962/3282/3060
f 1962/3282/3060 1991/3281/3059 1992/3283/3061
f 1962/3282/3060 1992/3283/3061 1963/3284/3062
f 1963/3284/3062 1992/3283/3061 1993/3285/3063
f 1963/3284/3062 1993/3285/3063 1964/3286/3064
f 1964/3286/3064 1993/3285/3063 1948/3287/3065
f 1950/3288/3066 1994/3289/3067 1940/3290/3068
f 1940/3290/3068 1994/3289/3067 1941/3291/3069
f 1937/3292/3070 1936/3293/3071 1952/3294/3072
f 1952/3294/3072 1936/3293/3071 1935/3295/3073
f 1970/3296/3025 1986/3297/3074 1957/3298/3027
f 1957/3298/3027 1986/3297/3074 1987/3299/3075
f 1987/3300/3076 1986/3301/3077 1955/3302/3078
f 1955/3302/3078 1986/3301/3077 1956/3303/3079
f 1953/3304/3046 1970/3305/3048 1988/3306/3080
f 1988/3306/3080 1970/3305/3048 1975/3307/3081
f 1988/3306/3080 1975/3307/3081 1989/3308/3082
f 1989/3308/3082 1975/3307/3081 1974/3309/3083
f 1989/3308/3082 1974/3309/3083 1990/3310/3084
f 1990/3310/3084 1974/3309/3083 1973/3311/3085
f 1990/3310/3084 1973/3311/3085 1991/3312/3086
f 1991/3312/3086 1973/3311/3085 1972/3313/3087
f 1991/3312/3086 1972/3313/3087 1992/3314/3088
f 1992/3314/3088 1972/3313/3087 1971/3315/3089
f 1992/3314/3088 1971/3315/3089 1993/3316/3090
f 1993/3316/3090 1971/3315/3089 1944/3317/2992
f 1993/3316/3090 1944/3317/2992 1948/3318/2990
f 1942/3319/3091 1941/3320/3092 1946/3321/3093
f 1946/3321/3093 1941/3320/3092 1994/3322/3094
f 1934/3323/3095 1945/3324/3022 1931/3325/3096
f 1931/3325/3096 1945/3324/3022 1964/3326/3023
f 1931/3327/3097 1964/3328/3064 1932/3329/3098
f 1932/3329/3098 1964/3328/3064 1935/3330/3099
f 1935/3330/3099 1964/3328/3064 1948/3331/3065
f 1935/3330/3099 1948/3331/3065 1994/3332/3100
f 1994/3332/3100 1948/3331/3065 1946/3333/3101
f 1946/3333/3101 1948/3331/3065 1947/3334/3102
f 1950/3335/3103 1949/3336/3104 1994/3332/3100
f 1994/3332/3100 1949/3336/3104 1951/3337/3105
f 1994/3332/3100 1951/3337/3105 1935/3330/3099
f 1935/3330/3099 1951/3337/3105 1952/3338/3106
g Body4:1

v 3.935066 5.779934 0.200000
v 3.935066 5.579934 0.000000
v 3.685066 5.579934 0.000000
v 3.685066 5.779934 0.200000
v 3.935066 5.344934 0.000000
v 3.685066 5.344934 0.000000
v 3.685066 5.344934 -3.300000
v 3.685066 5.144934 -3.500000
v 3.685066 5.014934 -3.500000
v 3.685066 4.814934 -3.300000
v 3.685066 4.814934 0.000000
v 3.685066 4.579934 0.000000
v 3.685066 4.379934 0.200000
v 3.685066 4.379934 2.093066
v 3.685066 5.779934 2.093066
v 3.935066 4.579934 0.000000
v 3.935066 4.379934 0.200000
v 3.935066 4.379934 2.093066
v 3.935066 5.014934 -3.500000
v 3.935066 4.814934 -3.300000
v 3.935066 5.144934 -3.500000
v 3.935066 5.344934 -3.300000
v 3.585066 4.379934 2.443066
v 3.585066 5.779934 2.443066
v 1.008000 5.779934 2.443066
v 1.008000 4.379934 2.443066
v 3.585066 5.779934 2.193066
v 3.662949 5.779934 2.434291
v 3.736926 5.779934 2.408405
v 3.803288 5.779934 2.366707
v 3.858707 5.779934 2.311288
v 3.900405 5.779934 2.244926
v 3.926291 5.779934 2.170949
v 3.935066 5.779934 2.093066
v 3.681659 5.779934 2.118948
v 3.671669 5.779934 2.143066
v 3.655777 5.779934 2.163777
v 3.635066 5.779934 2.179669
v 3.610948 5.779934 2.189659
v 3.585066 4.379934 2.193066
v 3.681659 4.379934 2.118948
v 3.671669 4.379934 2.143066
v 3.655777 4.379934 2.163777
v 3.635066 4.379934 2.179669
v 3.610948 4.379934 2.189659
v 3.610948 5.313267 2.189659
v 3.610948 4.846600 2.189659
v 3.635066 5.313267 2.179669
v 3.635066 4.846600 2.179669
v 3.655777 5.313267 2.163777
v 3.655777 4.846600 2.163777
v 3.671669 5.313267 2.143066
v 3.671669 4.846600 2.143066
v 3.681659 5.313267 2.118948
v 3.681659 4.846600 2.118948
v 1.008000 4.379934 2.193066
v 1.008000 5.779934 2.193066
v 3.662949 4.379934 2.434291
v 3.736926 4.379934 2.408405
v 3.803288 4.379934 2.366707
v 3.858707 4.379934 2.311288
v 3.900405 4.379934 2.244926
v 3.926291 4.379934 2.170949
v 3.935066 4.814934 0.000000
vt 0.014142 0.012500 0.000000
vt -0.014142 0.012500 0.000000
vt 0.014142 -0.012500 0.000000
vt -0.014142 -0.012500 0.000000
vt -0.020000 0.012500 0.000000
vt -0.043500 0.012500 0.000000
vt -0.020000 -0.012500 0.000000
vt -0.043500 -0.012500 0.000000
vt -0.230000 0.070000 0.000000
vt -0.250000 0.050000 0.000000
vt -0.040693 0.070000 0.000000
vt -0.250000 0.026500 0.000000
vt -0.040693 -0.070000 0.000000
vt -0.250000 -0.026500 0.000000
vt -0.250000 -0.050000 0.000000
vt -0.580000 0.026500 0.000000
vt -0.600000 0.006500 0.000000
vt -0.600000 -0.006500 0.000000
vt -0.580000 -0.026500 0.000000
vt -0.230000 -0.070000 0.000000
vt 0.014142 0.012500 0.000000
vt -0.014142 0.012500 0.000000
vt 0.014142 -0.012500 0.000000
vt -0.014142 -0.012500 0.000000
vt -0.020000 0.012500 0.000000
vt -0.209307 0.012500 0.000000
vt -0.020000 -0.012500 0.000000
vt -0.209307 -0.012500 0.000000
vt 0.014142 0.012500 0.000000
vt -0.014142 0.012500 0.000000
vt 0.014142 -0.012500 0.000000
vt -0.014142 -0.012500 0.000000
vt -0.033000 -0.012500 0.000000
vt -0.020000 -0.012500 0.000000
vt -0.033000 0.012500 0.000000
vt -0.020000 0.012500 0.000000
vt 0.014142 0.012500 0.000000
vt -0.014142 0.012500 0.000000
vt 0.014142 -0.012500 0.000000
vt -0.014142 -0.012500 0.000000
vt 0.007707 0.070000 0.000000
vt -0.250000 0.070000 0.000000
vt 0.007707 -0.070000 0.000000
vt -0.250000 -0.070000 0.000000
vt 0.025000 -0.000000 0.000000
vt 0.024122 0.007788 0.000000
vt -0.000000 0.000000 0.000000
vt -0.000341 0.002588 0.000000
vt 0.021534 0.015186 0.000000
vt -0.001340 0.005000 0.000000
vt 0.017364 0.021822 0.000000
vt -0.002929 0.007071 0.000000
vt 0.011822 0.027364 0.000000
vt -0.005000 0.008660 0.000000
vt 0.005186 0.031534 0.000000
vt -0.007412 0.009659 0.000000
vt -0.002212 0.034122 0.000000
vt -0.010000 0.010000 0.000000
vt -0.010000 0.035000 0.000000
vt 0.070000 0.013090 0.000000
vt 0.070000 0.015708 0.000000
vt 0.023333 0.013090 0.000000
vt -0.070000 0.015708 0.000000
vt -0.023333 0.013090 0.000000
vt -0.070000 0.013090 0.000000
vt -0.023333 0.010472 0.000000
vt -0.070000 0.010472 0.000000
vt -0.023333 0.007854 0.000000
vt -0.070000 0.007854 0.000000
vt -0.023333 0.005236 0.000000
vt -0.070000 0.005236 0.000000
vt -0.023333 0.002618 0.000000
vt -0.070000 0.002618 0.000000
vt -0.070000 0.000000 0.000000
vt 0.070000 0.000000 0.000000
vt 0.023333 0.002618 0.000000
vt 0.023333 0.005236 0.000000
vt 0.023333 0.007854 0.000000
vt 0.023333 0.010472 0.000000
vt 0.070000 0.002618 0.000000
vt 0.070000 0.005236 0.000000
vt 0.070000 0.007854 0.000000
vt 0.070000 0.010472 0.000000
vt -0.242293 0.012500 0.000000
vt -0.500000 0.012500 0.000000
vt -0.242293 -0.012500 0.000000
vt -0.500000 -0.012500 0.000000
vt -0.257707 -0.012500 0.000000
vt -0.000000 -0.012500 0.000000
vt -0.257707 0.012500 0.000000
vt 0.000000 0.012500 0.000000
vt 0.070000 0.054978 0.000000
vt -0.070000 0.054978 0.000000
vt 0.070000 0.047124 0.000000
vt -0.070000 0.047124 0.000000
vt 0.070000 0.039270 0.000000
vt -0.070000 0.039270 0.000000
vt 0.070000 0.031416 0.000000
vt -0.070000 0.031416 0.000000
vt 0.070000 0.023562 0.000000
vt -0.070000 0.023562 0.000000
vt 0.070000 0.015708 0.000000
vt -0.070000 0.015708 0.000000
vt 0.070000 0.007854 0.000000
vt -0.070000 0.007854 0.000000
vt 0.070000 0.000000 0.000000
vt -0.070000 0.000000 0.000000
vt -0.020000 0.012500 0.000000
vt -0.350000 0.012500 0.000000
vt -0.020000 -0.012500 0.000000
vt -0.350000 -0.012500 0.000000
vt -0.330000 -0.012500 0.000000
vt -0.000000 -0.012500 0.000000
vt -0.330000 0.012500 0.000000
vt -0.000000 0.012500 0.000000
vt -0.007707 -0.070000 0.000000
vt 0.250000 -0.070000 0.000000
vt -0.007707 0.070000 0.000000
vt 0.250000 0.070000 0.000000
vt -0.140000 -0.012500 0.000000
vt -0.000000 -0.012500 0.000000
vt -0.140000 0.012500 0.000000
vt -0.000000 0.012500 0.000000
vt 0.000000 -0.000000 0.000000
vt 0.025000 -0.000000 0.000000
vt 0.000878 0.007788 0.000000
vt 0.025341 0.002588 0.000000
vt 0.003466 0.015186 0.000000
vt 0.026340 0.005000 0.000000
vt 0.007636 0.021822 0.000000
vt 0.027929 0.007071 0.000000
vt 0.013178 0.027364 0.000000
vt 0.030000 0.008660 0.000000
vt 0.019814 0.031534 0.000000
vt 0.032412 0.009659 0.000000
vt 0.027212 0.034122 0.000000
vt 0.035000 0.010000 0.000000
vt 0.035000 0.035000 0.000000
vt -0.120000 -0.012500 0.000000
vt -0.096500 -0.012500 0.000000
vt -0.120000 0.012500 0.000000
vt -0.096500 0.012500 0.000000
vt -0.480000 -0.012500 0.000000
vt -0.290693 -0.012500 0.000000
vt -0.480000 0.012500 0.000000
vt -0.290693 0.012500 0.000000
vt 0.230000 0.070000 0.000000
vt 0.040693 0.070000 0.000000
vt 0.250000 0.050000 0.000000
vt 0.250000 0.026500 0.000000
vt 0.040693 -0.070000 0.000000
vt 0.250000 -0.026500 0.000000
vt 0.250000 -0.050000 0.000000
vt 0.230000 -0.070000 0.000000
vt 0.580000 -0.026500 0.000000
vt 0.600000 -0.006500 0.000000
vt 0.600000 0.006500 0.000000
vt 0.580000 0.026500 0.000000
vn 0.000000 0.070711 -0.070711
vn 0.000000 0.070711 -0.070711
vn 0.000000 0.070711 -0.070711
vn 0.000000 0.070711 -0.070711
vn 0.000000 0.000000 -0.100000
vn 0.000000 0.000000 -0.100000
vn 0.000000 0.000000 -0.100000
vn 0.000000 0.000000 -0.100000
vn -0.100000 0.000000 0.000000
vn -0.100000 0.000000 0.000000
vn -0.100000 0.000000 0.000000
vn -0.100000 0.000000 0.000000
vn -0.100000 0.000000 0.000000
vn -0.100000 0.000000 0.000000
vn -0.100000 0.000000 0.000000
vn -0.100000 0.000000 0.000000
vn -0.100000 0.000000 0.000000
vn -0.100000 0.000000 0.000000
vn -0.100000 0.000000 0.000000
vn -0.100000 0.000000 0.000000
vn -0.000000 -0.070711 -0.070711
vn -0.000000 -0.070711 -0.070711
vn -0.000000 -0.070711 -0.070711
vn -0.000000 -0.070711 -0.070711
vn -0.000000 -0.100000 0.000000
vn -0.000000 -0.100000 0.000000
vn -0.000000 -0.100000 0.000000
vn -0.000000 -0.100000 0.000000
vn -0.000000 -0.070711 -0.070711
vn -0.000000 -0.070711 -0.070711
vn -0.000000 -0.070711 -0.070711
vn -0.000000 -0.070711 -0.070711
vn 0.000000 0.000000 -0.100000
vn 0.000000 0.000000 -0.100000
vn 0.000000 0.000000 -0.100000
vn 0.000000 0.000000 -0.100000
vn 0.000000 0.070711 -0.070711
vn 0.000000 0.070711 -0.070711
vn 0.000000 0.070711 -0.070711
vn 0.000000 0.070711 -0.070711
vn 0.000000 -0.000000 0.100000
vn 0.000000 -0.000000 0.100000
vn 0.000000 -0.000000 0.100000
vn 0.000000 -0.000000 0.100000
vn 0.000000 0.100000 0.000000
vn 0.000000 0.100000 0.000000
vn 0.000000 0.100000 0.000000
vn 0.000000 0.100000 0.000000
vn 0.000000 0.100000 0.000000
vn 0.000000 0.100000 0.000000
vn 0.000000 0.100000 0.000000
vn 0.000000 0.100000 0.000000
vn 0.000000 0.100000 0.000000
vn 0.000000 0.100000 0.000000
vn 0.000000 0.100000 0.000000
vn 0.000000 0.100000 0.000000
vn 0.000000 0.100000 0.000000
vn 0.000000 0.100000 0.000000
vn 0.000000 0.100000 0.000000
vn -0.025882 0.000000 -0.096593
vn -0.000000 0.000000 -0.100000
vn -0.025882 0.000000 -0.096593
vn -0.000000 0.000000 -0.100000
vn -0.025882 0.000000 -0.096593
vn -0.025882 0.000000 -0.096593
vn -0.050000 0.000000 -0.086603
vn -0.050000 0.000000 -0.086603
vn -0.070711 0.000000 -0.070711
vn -0.070711 0.000000 -0.070711
vn -0.086603 0.000000 -0.050000
vn -0.086603 0.000000 -0.050000
vn -0.096593 0.000000 -0.025882
vn -0.096593 0.000000 -0.025882
vn -0.096593 0.000000 -0.025882
vn -0.086603 0.000000 -0.050000
vn -0.070711 0.000000 -0.070711
vn -0.050000 0.000000 -0.086603
vn -0.096593 0.000000 -0.025882
vn -0.086603 0.000000 -0.050000
vn -0.070711 0.000000 -0.070711
vn -0.050000 0.000000 -0.086603
vn -0.000000 -0.100000 0.000000
vn -0.000000 -0.100000 0.000000
vn -0.000000 -0.100000 0.000000
vn -0.000000 -0.100000 0.000000
vn 0.000000 0.100000 0.000000
vn 0.000000 0.100000 0.000000
vn 0.022252 -0.000000 0.097493
vn 0.022252 -0.000000 0.097493
vn 0.043388 -0.000000 0.090097
vn 0.043388 -0.000000 0.090097
vn 0.062349 -0.000000 0.078183
vn 0.062349 -0.000000 0.078183
vn 0.078183 -0.000000 0.062349
vn 0.078183 -0.000000 0.062349
vn 0.090097 -0.000000 0.043388
vn 0.090097 -0.000000 0.043388
vn 0.097493 -0.000000 0.022252
vn 0.097493 -0.000000 0.022252
vn 0.100000 -0.000000 0.000000
vn 0.100000 -0.000000 0.000000
vn -0.000000 -0.100000 0.000000
vn -0.000000 -0.100000 0.000000
vn -0.000000 -0.100000 0.000000
vn -0.000000 -0.100000 0.000000
vn 0.000000 0.100000 0.000000
vn 0.000000 0.100000 0.000000
vn 0.000000 0.100000 0.000000
vn 0.000000 0.100000 0.000000
vn -0.000000 0.000000 -0.100000
vn -0.000000 0.000000 -0.100000
vn -0.100000 0.000000 0.000000
vn -0.100000 0.000000 0.000000
vn -0.100000 0.000000 0.000000
vn -0.100000 0.000000 0.000000
vn -0.000000 -0.100000 0.000000
vn -0.000000 -0.100000 0.000000
vn -0.000000 -0.100000 0.000000
vn -0.000000 -0.100000 0.000000
vn -0.000000 -0.100000 0.000000
vn -0.000000 -0.100000 0.000000
vn -0.000000 -0.100000 0.000000
vn -0.000000 -0.100000 0.000000
vn -0.000000 -0.100000 0.000000
vn -0.000000 -0.100000 0.000000
vn -0.000000 -0.100000 0.000000
vn 0.000000 0.000000 -0.100000
vn 0.000000 0.000000 -0.100000
vn 0.000000 0.000000 -0.100000
vn 0.000000 0.000000 -0.100000
vn 0.000000 0.100000 0.000000
vn 0.000000 0.100000 0.000000
vn 0.100000 -0.000000 -0.000000
vn 0.100000 -0.000000 -0.000000
vn 0.100000 -0.000000 -0.000000
vn 0.100000 -0.000000 -0.000000
vn 0.100000 -0.000000 -0.000000
vn 0.100000 -0.000000 -0.000000
vn 0.100000 -0.000000 -0.000000
vn 0.100000 -0.000000 -0.000000
vn 0.100000 -0.000000 -0.000000
vn 0.100000 -0.000000 -0.000000
f 1995/3339/3107 1996/3340/3108 1998/3341/3109
f 1998/3341/3109 1996/3340/3108 1997/3342/3110
f 1996/3343/3111 1999/3344/3112 1997/3345/3113
f 1997/3345/3113 1999/3344/3112 2000/3346/3114
f 1998/3347/3115 1997/3348/3116 2009/3349/3117
f 2009/3349/3117 1997/3348/3116 2000/3350/3118
f 2009/3349/3117 2000/3350/3118 2008/3351/3119
f 2008/3351/3119 2000/3350/3118 2005/3352/3120
f 2008/3351/3119 2005/3352/3120 2006/3353/3121
f 2001/3354/3122 2002/3355/3123 2000/3350/3118
f 2000/3350/3118 2002/3355/3123 2005/3352/3120
f 2002/3355/3123 2003/3356/3124 2005/3352/3120
f 2005/3352/3120 2003/3356/3124 2004/3357/3125
f 2006/3353/3121 2007/3358/3126 2008/3351/3119
f 2010/3359/3127 2011/3360/3128 2006/3361/3129
f 2006/3361/3129 2011/3360/3128 2007/3362/3130
f 2011/3363/3131 2012/3364/3132 2007/3365/3133
f 2007/3365/3133 2012/3364/3132 2008/3366/3134
f 2013/3367/3135 2014/3368/3136 2003/3369/3137
f 2003/3369/3137 2014/3368/3136 2004/3370/3138
f 2003/3371/3139 2002/3372/3140 2013/3373/3141
f 2013/3373/3141 2002/3372/3140 2015/3374/3142
f 2016/3375/3143 2015/3376/3144 2001/3377/3145
f 2001/3377/3145 2015/3376/3144 2002/3378/3146
f 2018/3379/3147 2019/3380/3148 2017/3381/3149
f 2017/3381/3149 2019/3380/3148 2020/3382/3150
f 2018/3383/3151 2022/3384/3152 2021/3385/3153
f 2021/3385/3153 2022/3384/3152 2033/3386/3154
f 2033/3386/3154 2022/3384/3152 2023/3387/3155
f 2033/3386/3154 2023/3387/3155 2032/3388/3156
f 2032/3388/3156 2023/3387/3155 2024/3389/3157
f 2032/3388/3156 2024/3389/3157 2031/3390/3158
f 2031/3390/3158 2024/3389/3157 2025/3391/3159
f 2031/3390/3158 2025/3391/3159 2030/3392/3160
f 2030/3392/3160 2025/3391/3159 2026/3393/3161
f 2030/3392/3160 2026/3393/3161 2029/3394/3162
f 2029/3394/3162 2026/3393/3161 2027/3395/3163
f 2029/3394/3162 2027/3395/3163 2009/3396/3164
f 2009/3396/3164 2027/3395/3163 2028/3397/3165
f 2039/3398/3166 2034/3399/3167 2041/3400/3168
f 2041/3400/3168 2034/3399/3167 2021/3401/3169
f 2041/3400/3168 2021/3401/3169 2040/3402/3170
f 2040/3402/3170 2021/3401/3169 2033/3403/3171
f 2040/3402/3170 2033/3403/3171 2042/3404/3172
f 2042/3404/3172 2033/3403/3171 2032/3405/3173
f 2042/3404/3172 2032/3405/3173 2044/3406/3174
f 2044/3406/3174 2032/3405/3173 2031/3407/3175
f 2044/3406/3174 2031/3407/3175 2046/3408/3176
f 2046/3408/3176 2031/3407/3175 2030/3409/3177
f 2046/3408/3176 2030/3409/3177 2048/3410/3178
f 2048/3410/3178 2030/3409/3177 2029/3411/3179
f 2048/3410/3178 2029/3411/3179 2009/3412/3117
f 2009/3412/3117 2008/3413/3119 2048/3410/3178
f 2048/3410/3178 2008/3413/3119 2049/3414/3180
f 2048/3410/3178 2049/3414/3180 2046/3408/3176
f 2046/3408/3176 2049/3414/3180 2047/3415/3181
f 2046/3408/3176 2047/3415/3181 2044/3406/3174
f 2044/3406/3174 2047/3415/3181 2045/3416/3182
f 2044/3406/3174 2045/3416/3182 2042/3404/3172
f 2042/3404/3172 2045/3416/3182 2043/3417/3183
f 2042/3404/3172 2043/3417/3183 2040/3402/3170
f 2040/3402/3170 2043/3417/3183 2041/3400/3168
f 2008/3413/3119 2035/3418/3184 2049/3414/3180
f 2049/3414/3180 2035/3418/3184 2047/3415/3181
f 2035/3418/3184 2036/3419/3185 2047/3415/3181
f 2047/3415/3181 2036/3419/3185 2045/3416/3182
f 2036/3419/3185 2037/3420/3186 2045/3416/3182
f 2045/3416/3182 2037/3420/3186 2043/3417/3183
f 2037/3420/3186 2038/3421/3187 2043/3417/3183
f 2043/3417/3183 2038/3421/3187 2041/3400/3168
f 2038/3421/3187 2039/3398/3166 2041/3400/3168
f 2017/3422/3188 2020/3423/3189 2034/3424/3190
f 2034/3424/3190 2020/3423/3189 2050/3425/3191
f 2021/3426/3153 2051/3427/3192 2018/3428/3151
f 2018/3428/3151 2051/3427/3192 2019/3429/3193
f 2018/3430/3147 2017/3431/3149 2022/3432/3194
f 2022/3432/3194 2017/3431/3149 2052/3433/3195
f 2022/3432/3194 2052/3433/3195 2023/3434/3196
f 2023/3434/3196 2052/3433/3195 2053/3435/3197
f 2023/3434/3196 2053/3435/3197 2024/3436/3198
f 2024/3436/3198 2053/3435/3197 2054/3437/3199
f 2024/3436/3198 2054/3437/3199 2025/3438/3200
f 2025/3438/3200 2054/3437/3199 2055/3439/3201
f 2025/3438/3200 2055/3439/3201 2026/3440/3202
f 2026/3440/3202 2055/3439/3201 2056/3441/3203
f 2026/3440/3202 2056/3441/3203 2027/3442/3204
f 2027/3442/3204 2056/3441/3203 2057/3443/3205
f 2027/3442/3204 2057/3443/3205 2028/3444/3206
f 2028/3444/3206 2057/3443/3205 2012/3445/3207
f 2014/3446/3208 2058/3447/3209 2004/3448/3210
f 2004/3448/3210 2058/3447/3209 2005/3449/3211
f 2001/3450/3212 2000/3451/3213 2016/3452/3214
f 2016/3452/3214 2000/3451/3213 1999/3453/3215
f 2034/3454/3167 2050/3455/3216 2021/3456/3169
f 2021/3456/3169 2050/3455/3216 2051/3457/3217
f 2051/3458/3218 2050/3459/3219 2019/3460/3220
f 2019/3460/3220 2050/3459/3219 2020/3461/3221
f 2017/3462/3188 2034/3463/3190 2052/3464/3222
f 2052/3464/3222 2034/3463/3190 2039/3465/3223
f 2052/3464/3222 2039/3465/3223 2053/3466/3224
f 2053/3466/3224 2039/3465/3223 2038/3467/3225
f 2053/3466/3224 2038/3467/3225 2054/3468/3226
f 2054/3468/3226 2038/3467/3225 2037/3469/3227
f 2054/3468/3226 2037/3469/3227 2055/3470/3228
f 2055/3470/3228 2037/3469/3227 2036/3471/3229
f 2055/3470/3228 2036/3471/3229 2056/3472/3230
f 2056/3472/3230 2036/3471/3229 2035/3473/3231
f 2056/3472/3230 2035/3473/3231 2057/3474/3232
f 2057/3474/3232 2035/3473/3231 2008/3475/3134
f 2057/3474/3232 2008/3475/3134 2012/3476/3132
f 2006/3477/3233 2005/3478/3234 2010/3479/3235
f 2010/3479/3235 2005/3478/3234 2058/3480/3236
f 1998/3481/3237 2009/3482/3164 1995/3483/3238
f 1995/3483/3238 2009/3482/3164 2028/3484/3165
f 1995/3485/3239 2028/3486/3206 1996/3487/3240
f 1996/3487/3240 2028/3486/3206 1999/3488/3241
f 1999/3488/3241 2028/3486/3206 2012/3489/3207
f 1999/3488/3241 2012/3489/3207 2058/3490/3242
f 2058/3490/3242 2012/3489/3207 2010/3491/3243
f 2010/3491/3243 2012/3489/3207 2011/3492/3244
f 2014/3493/3245 2013/3494/3246 2058/3490/3242
f 2058/3490/3242 2013/3494/3246 2015/3495/3247
f 2058/3490/3242 2015/3495/3247 1999/3488/3241
f 1999/3488/3241 2015/3495/3247 2016/3496/3248
g Body5:1

v 3.935066 -4.380066 0.200000
v 3.935066 -4.580066 0.000000
v 3.685066 -4.580066 0.000000
v 3.685066 -4.380066 0.200000
v 3.935066 -4.815066 0.000000
v 3.685066 -4.815066 0.000000
v 3.685066 -4.815066 -3.300000
v 3.685066 -5.015066 -3.500000
v 3.685066 -5.145066 -3.500000
v 3.685066 -5.345066 -3.300000
v 3.685066 -5.345066 0.000000
v 3.685066 -5.580066 0.000000
v 3.685066 -5.780066 0.200000
v 3.685066 -5.780066 2.093066
v 3.685066 -4.380066 2.093066
v 3.935066 -5.580066 0.000000
v 3.935066 -5.780066 0.200000
v 3.935066 -5.780066 2.093066
v 3.935066 -5.145066 -3.500000
v 3.935066 -5.345066 -3.300000
v 3.935066 -5.015066 -3.500000
v 3.935066 -4.815066 -3.300000
v 3.585066 -5.780066 2.443066
v 3.585066 -4.380066 2.443066
v 1.008000 -4.380066 2.443066
v 1.008000 -5.780066 2.443066
v 3.585066 -4.380066 2.193066
v 3.662949 -4.380066 2.434291
v 3.736926 -4.380066 2.408405
v 3.803288 -4.380066 2.366707
v 3.858707 -4.380066 2.311288
v 3.900405 -4.380066 2.244926
v 3.926291 -4.380066 2.170949
v 3.935066 -4.380066 2.093066
v 3.681659 -4.380066 2.118948
v 3.671669 -4.380066 2.143066
v 3.655777 -4.380066 2.163777
v 3.635066 -4.380066 2.179669
v 3.610948 -4.380066 2.189659
v 3.585066 -5.780066 2.193066
v 3.681659 -5.780066 2.118948
v 3.671669 -5.780066 2.143066
v 3.655777 -5.780066 2.163777
v 3.635066 -5.780066 2.179669
v 3.610948 -5.780066 2.189659
v 3.610948 -4.846733 2.189659
v 3.610948 -5.313400 2.189659
v 3.635066 -4.846733 2.179669
v 3.635066 -5.313400 2.179669
v 3.655777 -4.846733 2.163777
v 3.655777 -5.313400 2.163777
v 3.671669 -4.846733 2.143066
v 3.671669 -5.313400 2.143066
v 3.681659 -4.846733 2.118948
v 3.681659 -5.313400 2.118948
v 1.008000 -5.780066 2.193066
v 1.008000 -4.380066 2.193066
v 3.662949 -5.780066 2.434291
v 3.736926 -5.780066 2.408405
v 3.803288 -5.780066 2.366707
v 3.858707 -5.780066 2.311288
v 3.900405 -5.780066 2.244926
v 3.926291 -5.780066 2.170949
v 3.935066 -5.345066 0.000000
vt 0.014142 0.012500 0.000000
vt -0.014142 0.012500 0.000000
vt 0.014142 -0.012500 0.000000
vt -0.014142 -0.012500 0.000000
vt -0.020000 0.012500 0.000000
vt -0.043500 0.012500 0.000000
vt -0.020000 -0.012500 0.000000
vt -0.043500 -0.012500 0.000000
vt -0.230000 0.070000 0.000000
vt -0.250000 0.050000 0.000000
vt -0.040693 0.070000 0.000000
vt -0.250000 0.026500 0.000000
vt -0.040693 -0.070000 0.000000
vt -0.250000 -0.026500 0.000000
vt -0.250000 -0.050000 0.000000
vt -0.580000 0.026500 0.000000
vt -0.600000 0.006500 0.000000
vt -0.600000 -0.006500 0.000000
vt -0.580000 -0.026500 0.000000
vt -0.230000 -0.070000 0.000000
vt 0.014142 0.012500 0.000000
vt -0.014142 0.012500 0.000000
vt 0.014142 -0.012500 0.000000
vt -0.014142 -0.012500 0.000000
vt -0.020000 0.012500 0.000000
vt -0.209307 0.012500 0.000000
vt -0.020000 -0.012500 0.000000
vt -0.209307 -0.012500 0.000000
vt 0.014142 0.012500 0.000000
vt -0.014142 0.012500 0.000000
vt 0.014142 -0.012500 0.000000
vt -0.014142 -0.012500 0.000000
vt -0.033000 -0.012500 0.000000
vt -0.020000 -0.012500 0.000000
vt -0.033000 0.012500 0.000000
vt -0.020000 0.012500 0.000000
vt 0.014142 0.012500 0.000000
vt -0.014142 0.012500 0.000000
vt 0.014142 -0.012500 0.000000
vt -0.014142 -0.012500 0.000000
vt 0.007707 0.070000 0.000000
vt -0.250000 0.070000 0.000000
vt 0.007707 -0.070000 0.000000
vt -0.250000 -0.070000 0.000000
vt 0.025000 -0.000000 0.000000
vt 0.024122 0.007788 0.000000
vt -0.000000 0.000000 0.000000
vt -0.000341 0.002588 0.000000
vt 0.021534 0.015186 0.000000
vt -0.001340 0.005000 0.000000
vt 0.017364 0.021822 0.000000
vt -0.002929 0.007071 0.000000
vt 0.011822 0.027364 0.000000
vt -0.005000 0.008660 0.000000
vt 0.005186 0.031534 0.000000
vt -0.007412 0.009659 0.000000
vt -0.002212 0.034122 0.000000
vt -0.010000 0.010000 0.000000
vt -0.010000 0.035000 0.000000
vt 0.070000 0.013090 0.000000
vt 0.070000 0.015708 0.000000
vt 0.023333 0.013090 0.000000
vt -0.070000 0.015708 0.000000
vt -0.023333 0.013090 0.000000
vt -0.070000 0.013090 0.000000
vt -0.023333 0.010472 0.000000
vt -0.070000 0.010472 0.000000
vt -0.023333 0.007854 0.000000
vt -0.070000 0.007854 0.000000
vt -0.023333 0.005236 0.000000
vt -0.070000 0.005236 0.000000
vt -0.023333 0.002618 0.000000
vt -0.070000 0.002618 0.000000
vt -0.070000 0.000000 0.000000
vt 0.070000 0.000000 0.000000
vt 0.023333 0.002618 0.000000
vt 0.023333 0.005236 0.000000
vt 0.023333 0.007854 0.000000
vt 0.023333 0.010472 0.000000
vt 0.070000 0.002618 0.000000
vt 0.070000 0.005236 0.000000
vt 0.070000 0.007854 0.000000
vt 0.070000 0.010472 0.000000
vt -0.242293 0.012500 0.000000
vt -0.500000 0.012500 0.000000
vt -0.242293 -0.012500 0.000000
vt -0.500000 -0.012500 0.000000
vt -0.257707 -0.012500 0.000000
vt -0.000000 -0.012500 0.000000
vt -0.257707 0.012500 0.000000
vt 0.000000 0.012500 0.000000
vt 0.070000 0.054978 0.000000
vt -0.070000 0.054978 0.000000
vt 0.070000 0.047124 0.000000
vt -0.070000 0.047124 0.000000
vt 0.070000 0.039270 0.000000
vt -0.070000 0.039270 0.000000
vt 0.070000 0.031416 0.000000
vt -0.070000 0.031416 0.000000
vt 0.070000 0.023562 0.000000
vt -0.070000 0.023562 0.000000
vt 0.070000 0.015708 0.000000
vt -0.070000 0.015708 0.000000
vt 0.070000 0.007854 0.000000
vt -0.070000 0.007854 0.000000
vt 0.070000 0.000000 0.000000
vt -0.070000 0.000000 0.000000
vt -0.020000 0.012500 0.000000
vt -0.350000 0.012500 0.000000
vt -0.020000 -0.012500 0.000000
vt -0.350000 -0.012500 0.000000
vt -0.330000 -0.012500 0.000000
vt -0.000000 -0.012500 0.000000
vt -0.330000 0.012500 0.000000
vt -0.000000 0.012500 0.000000
vt -0.007707 -0.070000 0.000000
vt 0.250000 -0.070000 0.000000
vt -0.007707 0.070000 0.000000
vt 0.250000 0.070000 0.000000
vt -0.140000 -0.012500 0.000000
vt -0.000000 -0.012500 0.000000
vt -0.140000 0.012500 0.000000
vt -0.000000 0.012500 0.000000
vt 0.000000 -0.000000 0.000000
vt 0.025000 -0.000000 0.000000
vt 0.000878 0.007788 0.000000
vt 0.025341 0.002588 0.000000
vt 0.003466 0.015186 0.000000
vt 0.026340 0.005000 0.000000
vt 0.007636 0.021822 0.000000
vt 0.027929 0.007071 0.000000
vt 0.013178 0.027364 0.000000
vt 0.030000 0.008660 0.000000
vt 0.019814 0.031534 0.000000
vt 0.032412 0.009659 0.000000
vt 0.027212 0.034122 0.000000
vt 0.035000 0.010000 0.000000
vt 0.035000 0.035000 0.000000
vt -0.120000 -0.012500 0.000000
vt -0.096500 -0.012500 0.000000
vt -0.120000 0.012500 0.000000
vt -0.096500 0.012500 0.000000
vt -0.480000 -0.012500 0.000000
vt -0.290693 -0.012500 0.000000
vt -0.480000 0.012500 0.000000
vt -0.290693 0.012500 0.000000
vt 0.230000 0.070000 0.000000
vt 0.040693 0.070000 0.000000
vt 0.250000 0.050000 0.000000
vt 0.250000 0.026500 0.000000
vt 0.040693 -0.070000 0.000000
vt 0.250000 -0.026500 0.000000
vt 0.250000 -0.050000 0.000000
vt 0.230000 -0.070000 0.000000
vt 0.580000 -0.026500 0.000000
vt 0.600000 -0.006500 0.000000
vt 0.600000 0.006500 0.000000
vt 0.580000 0.026500 0.000000
vn 0.000000 0.070711 -0.070711
vn 0.000000 0.070711 -0.070711
vn 0.000000 0.070711 -0.070711
vn 0.000000 0.070711 -0.070711
vn 0.000000 0.000000 -0.100000
vn 0.000000 0.000000 -0.100000
vn 0.000000 0.000000 -0.100000
vn 0.000000 0.000000 -0.100000
vn -0.100000 0.000000 0.000000
vn -0.100000 0.000000 0.000000
vn -0.100000 0.000000 0.000000
vn -0.100000 0.000000 0.000000
vn -0.100000 0.000000 0.000000
vn -0.100000 0.000000 0.000000
vn -0.100000 0.000000 0.000000
vn -0.100000 0.000000 0.000000
vn -0.100000 0.000000 0.000000
vn -0.100000 0.000000 0.000000
vn -0.100000 0.000000 0.000000
vn -0.100000 0.000000 0.000000
vn -0.000000 -0.070711 -0.070711
vn -0.000000 -0.070711 -0.070711
vn -0.000000 -0.070711 -0.070711
vn -0.000000 -0.070711 -0.070711
vn -0.000000 -0.100000 0.000000
vn -0.000000 -0.100000 0.000000
vn -0.000000 -0.100000 0.000000
vn -0.000000 -0.100000 0.000000
vn -0.000000 -0.070711 -0.070711
vn -0.000000 -0.070711 -0.070711
vn -0.000000 -0.070711 -0.070711
vn -0.000000 -0.070711 -0.070711
vn 0.000000 0.000000 -0.100000
vn 0.000000 0.000000 -0.100000
vn 0.000000 0.000000 -0.100000
vn 0.000000 0.000000 -0.100000
vn 0.000000 0.070711 -0.070711
vn 0.000000 0.070711 -0.070711
vn 0.000000 0.070711 -0.070711
vn 0.000000 0.070711 -0.070711
vn 0.000000 -0.000000 0.100000
vn 0.000000 -0.000000 0.100000
vn 0.000000 -0.000000 0.100000
vn 0.000000 -0.000000 0.100000
vn 0.000000 0.100000 0.000000
vn 0.000000 0.100000 0.000000
vn 0.000000 0.100000 0.000000
vn 0.000000 0.100000 0.000000
vn 0.000000 0.100000 0.000000
vn 0.000000 0.100000 0.000000
vn 0.000000 0.100000 0.000000
vn 0.000000 0.100000 0.000000
vn 0.000000 0.100000 0.000000
vn 0.000000 0.100000 0.000000
vn 0.000000 0.100000 0.000000
vn 0.000000 0.100000 0.000000
vn 0.000000 0.100000 0.000000
vn 0.000000 0.100000 0.000000
vn 0.000000 0.100000 0.000000
vn -0.025882 0.000000 -0.096593
vn -0.000000 0.000000 -0.100000
vn -0.025882 0.000000 -0.096593
vn -0.000000 0.000000 -0.100000
vn -0.025882 0.000000 -0.096593
vn -0.025882 0.000000 -0.096593
vn -0.050000 0.000000 -0.086603
vn -0.050000 0.000000 -0.086603
vn -0.070711 0.000000 -0.070711
vn -0.070711 0.000000 -0.070711
vn -0.086603 0.000000 -0.050000
vn -0.086603 0.000000 -0.050000
vn -0.096593 0.000000 -0.025882
vn -0.096593 0.000000 -0.025882
vn -0.096593 0.000000 -0.025882
vn -0.086603 0.000000 -0.050000
vn -0.070711 0.000000 -0.070711
vn -0.050000 0.000000 -0.086603
vn -0.096593 0.000000 -0.025882
vn -0.086603 0.000000 -0.050000
vn -0.070711 0.000000 -0.070711
vn -0.050000 0.000000 -0.086603
vn -0.000000 -0.100000 0.000000
vn -0.000000 -0.100000 0.000000
vn -0.000000 -0.100000 0.000000
vn -0.000000 -0.100000 0.000000
vn 0.000000 0.100000 0.000000
vn 0.000000 0.100000 0.000000
vn 0.022252 -0.000000 0.097493
vn 0.022252 -0.000000 0.097493
vn 0.043388 -0.000000 0.090097
vn 0.043388 -0.000000 0.090097
vn 0.062349 -0.000000 0.078183
vn 0.062349 -0.000000 0.078183
vn 0.078183 -0.000000 0.062349
vn 0.078183 -0.000000 0.062349
vn 0.090097 -0.000000 0.043388
vn 0.090097 -0.000000 0.043388
vn 0.097493 -0.000000 0.022252
vn 0.097493 -0.000000 0.022252
vn 0.100000 -0.000000 0.000000
vn 0.100000 -0.000000 0.000000
vn -0.000000 -0.100000 0.000000
vn -0.000000 -0.100000 0.000000
vn -0.000000 -0.100000 0.000000
vn -0.000000 -0.100000 0.000000
vn 0.000000 0.100000 0.000000
vn 0.000000 0.100000 0.000000
vn 0.000000 0.100000 0.000000
vn 0.000000 0.100000 0.000000
vn -0.000000 0.000000 -0.100000
vn -0.000000 0.000000 -0.100000
vn -0.100000 0.000000 0.000000
vn -0.100000 0.000000 0.000000
vn -0.100000 0.000000 0.000000
vn -0.100000 0.000000 0.000000
vn -0.000000 -0.100000 0.000000
vn -0.000000 -0.100000 0.000000
vn -0.000000 -0.100000 0.000000
vn -0.000000 -0.100000 0.000000
vn -0.000000 -0.100000 0.000000
vn -0.000000 -0.100000 0.000000
vn -0.000000 -0.100000 0.000000
vn -0.000000 -0.100000 0.000000
vn -0.000000 -0.100000 0.000000
vn -0.000000 -0.100000 0.000000
vn -0.000000 -0.100000 0.000000
vn 0.000000 0.000000 -0.100000
vn 0.000000 0.000000 -0.100000
vn 0.000000 0.000000 -0.100000
vn 0.000000 0.000000 -0.100000
vn 0.000000 0.100000 0.000000
vn 0.000000 0.100000 0.000000
vn 0.100000 -0.000000 -0.000000
vn 0.100000 -0.000000 -0.000000
vn 0.100000 -0.000000 -0.000000
vn 0.100000 -0.000000 -0.000000
vn 0.100000 -0.000000 -0.000000
vn 0.100000 -0.000000 -0.000000
vn 0.100000 -0.000000 -0.000000
vn 0.100000 -0.000000 -0.000000
vn 0.100000 -0.000000 -0.000000
vn 0.100000 -0.000000 -0.000000
f 2059/3497/3249 2060/3498/3250 2062/3499/3251
f 2062/3499/3251 2060/3498/3250 2061/3500/3252
f 2060/3501/3253 2063/3502/3254 2061/3503/3255
f 2061/3503/3255 2063/3502/3254 2064/3504/3256
f 2062/3505/3257 2061/3506/3258 2073/3507/3259
f 2073/3507/3259 2061/3506/3258 2064/3508/3260
f 2073/3507/3259 2064/3508/3260 2072/3509/3261
f 2072/3509/3261 2064/3508/3260 2069/3510/3262
f 2072/3509/3261 2069/3510/3262 2070/3511/3263
f 2065/3512/3264 2066/3513/3265 2064/3508/3260
f 2064/3508/3260 2066/3513/3265 2069/3510/3262
f 2066/3513/3265 2067/3514/3266 2069/3510/3262
f 2069/3510/3262 2067/3514/3266 2068/3515/3267
f 2070/3511/3263 2071/3516/3268 2072/3509/3261
f 2074/3517/3269 2075/3518/3270 2070/3519/3271
f 2070/3519/3271 2075/3518/3270 2071/3520/3272
f 2075/3521/3273 2076/3522/3274 2071/3523/3275
f 2071/3523/3275 2076/3522/3274 2072/3524/3276
f 2077/3525/3277 2078/3526/3278 2067/3527/3279
f 2067/3527/3279 2078/3526/3278 2068/3528/3280
f 2067/3529/3281 2066/3530/3282 2077/3531/3283
f 2077/3531/3283 2066/3530/3282 2079/3532/3284
f 2080/3533/3285 2079/3534/3286 2065/3535/3287
f 2065/3535/3287 2079/3534/3286 2066/3536/3288
f 2082/3537/3289 2083/3538/3290 2081/3539/3291
f 2081/3539/3291 2083/3538/3290 2084/3540/3292
f 2082/3541/3293 2086/3542/3294 2085/3543/3295
f 2085/3543/3295 2086/3542/3294 2097/3544/3296
f 2097/3544/3296 2086/3542/3294 2087/3545/3297
f 2097/3544/3296 2087/3545/3297 2096/3546/3298
f 2096/3546/3298 2087/3545/3297 2088/3547/3299
f 2096/3546/3298 2088/3547/3299 2095/3548/3300
f 2095/3548/3300 2088/3547/3299 2089/3549/3301
f 2095/3548/3300 2089/3549/3301 2094/3550/3302
f 2094/3550/3302 2089/3549/3301 2090/3551/3303
f 2094/3550/3302 2090/3551/3303 2093/3552/3304
f 2093/3552/3304 2090/3551/3303 2091/3553/3305
f 2093/3552/3304 2091/3553/3305 2073/3554/3306
f 2073/3554/3306 2091/3553/3305 2092/3555/3307
f 2103/3556/3308 2098/3557/3309 2105/3558/3310
f 2105/3558/3310 2098/3557/3309 2085/3559/3311
f 2105/3558/3310 2085/3559/3311 2104/3560/3312
f 2104/3560/3312 2085/3559/3311 2097/3561/3313
f 2104/3560/3312 2097/3561/3313 2106/3562/3314
f 2106/3562/3314 2097/3561/3313 2096/3563/3315
f 2106/3562/3314 2096/3563/3315 2108/3564/3316
f 2108/3564/3316 2096/3563/3315 2095/3565/3317
f 2108/3564/3316 2095/3565/3317 2110/3566/3318
f 2110/3566/3318 2095/3565/3317 2094/3567/3319
f 2110/3566/3318 2094/3567/3319 2112/3568/3320
f 2112/3568/3320 2094/3567/3319 2093/3569/3321
f 2112/3568/3320 2093/3569/3321 2073/3570/3259
f 2073/3570/3259 2072/3571/3261 2112/3568/3320
f 2112/3568/3320 2072/3571/3261 2113/3572/3322
f 2112/3568/3320 2113/3572/3322 2110/3566/3318
f 2110/3566/3318 2113/3572/3322 2111/3573/3323
f 2110/3566/3318 2111/3573/3323 2108/3564/3316
f 2108/3564/3316 2111/3573/3323 2109/3574/3324
f 2108/3564/3316 2109/3574/3324 2106/3562/3314
f 2106/3562/3314 2109/3574/3324 2107/3575/3325
f 2106/3562/3314 2107/3575/3325 2104/3560/3312
f 2104/3560/3312 2107/3575/3325 2105/3558/3310
f 2072/3571/3261 2099/3576/3326 2113/3572/3322
f 2113/3572/3322 2099/3576/3326 2111/3573/3323
f 2099/3576/3326 2100/3577/3327 2111/3573/3323
f 2111/3573/3323 2100/3577/3327 2109/3574/3324
f 2100/3577/3327 2101/3578/3328 2109/3574/3324
f 2109/3574/3324 2101/3578/3328 2107/3575/3325
f 2101/3578/3328 2102/3579/3329 2107/3575/3325
f 2107/3575/3325 2102/3579/3329 2105/3558/3310
f 2102/3579/3329 2103/3556/3308 2105/3558/3310
f 2081/3580/3330 2084/3581/3331 2098/3582/3332
f 2098/3582/3332 2084/3581/3331 2114/3583/3333
f 2085/3584/3295 2115/3585/3334 2082/3586/3293
f 2082/3586/3293 2115/3585/3334 2083/3587/3335
f 2082/3588/3289 2081/3589/3291 2086/3590/3336
f 2086/3590/3336 2081/3589/3291 2116/3591/3337
f 2086/3590/3336 2116/3591/3337 2087/3592/3338
f 2087/3592/3338 2116/3591/3337 2117/3593/3339
f 2087/3592/3338 2117/3593/3339 2088/3594/3340
f 2088/3594/3340 2117/3593/3339 2118/3595/3341
f 2088/3594/3340 2118/3595/3341 2089/3596/3342
f 2089/3596/3342 2118/3595/3341 2119/3597/3343
f 2089/3596/3342 2119/3597/3343 2090/3598/3344
f 2090/3598/3344 2119/3597/3343 2120/3599/3345
f 2090/3598/3344 2120/3599/3345 2091/3600/3346
f 2091/3600/3346 2120/3599/3345 2121/3601/3347
f 2091/3600/3346 2121/3601/3347 2092/3602/3348
f 2092/3602/3348 2121/3601/3347 2076/3603/3349
f 2078/3604/3350 2122/3605/3351 2068/3606/3352
f 2068/3606/3352 2122/3605/3351 2069/3607/3353
f 2065/3608/3354 2064/3609/3355 2080/3610/3356
f 2080/3610/3356 2064/3609/3355 2063/3611/3357
f 2098/3612/3309 2114/3613/3358 2085/3614/3311
f 2085/3614/3311 2114/3613/3358 2115/3615/3359
f 2115/3616/3360 2114/3617/3361 2083/3618/3362
f 2083/3618/3362 2114/3617/3361 2084/3619/3363
f 2081/3620/3330 2098/3621/3332 2116/3622/3364
f 2116/3622/3364 2098/3621/3332 2103/3623/3365
f 2116/3622/3364 2103/3623/3365 2117/3624/3366
f 2117/3624/3366 2103/3623/3365 2102/3625/3367
f 2117/3624/3366 2102/3625/3367 2118/3626/3368
f 2118/3626/3368 2102/3625/3367 2101/3627/3369
f 2118/3626/3368 2101/3627/3369 2119/3628/3370
f 2119/3628/3370 2101/3627/3369 2100/3629/3371
f 2119/3628/3370 2100/3629/3371 2120/3630/3372
f 2120/3630/3372 2100/3629/3371 2099/3631/3373
f 2120/3630/3372 2099/3631/3373 2121/3632/3374
f 2121/3632/3374 2099/3631/3373 2072/3633/3276
f 2121/3632/3374 2072/3633/3276 2076/3634/3274
f 2070/3635/3375 2069/3636/3376 2074/3637/3377
f 2074/3637/3377 2069/3636/3376 2122/3638/3378
f 2062/3639/3379 2073/3640/3306 2059/3641/3380
f 2059/3641/3380 2073/3640/3306 2092/3642/3307
f 2059/3643/3381 2092/3644/3348 2060/3645/3382
f 2060/3645/3382 2092/3644/3348 2063/3646/3383
f 2063/3646/3383 2092/3644/3348 2076/3647/3349
f 2063/3646/3383 2076/3647/3349 2122/3648/3384
f 2122/3648/3384 2076/3647/3349 2074/3649/3385
f 2074/3649/3385 2076/3647/3349 2075/3650/3386
f 2078/3651/3387 2077/3652/3388 2122/3648/3384
f 2122/3648/3384 2077/3652/3388 2079/3653/3389
f 2122/3648/3384 2079/3653/3389 2063/3646/3383
f 2063/3646/3383 2079/3653/3389 2080/3654/3390
g Body6:1

v 3.935066 8.319934 0.200000
v 3.935066 8.119934 0.000000
v 3.685066 8.119934 0.000000
v 3.685066 8.319934 0.200000
v 3.935066 7.884934 0.000000
v 3.685066 7.884934 0.000000
v 3.685066 7.884934 -3.300000
v 3.685066 7.684934 -3.500000
v 3.685066 7.554934 -3.500000
v 3.685066 7.354934 -3.300000
v 3.685066 7.354934 0.000000
v 3.685066 7.119934 0.000000
v 3.685066 6.919934 0.200000
v 3.685066 6.919934 2.093066
v 3.685066 8.319934 2.093066
v 3.935066 7.119934 0.000000
v 3.935066 6.919934 0.200000
v 3.935066 6.919934 2.093066
v 3.935066 7.554934 -3.500000
v 3.935066 7.354934 -3.300000
v 3.935066 7.684934 -3.500000
v 3.935066 7.884934 -3.300000
v 3.585066 6.919934 2.443066
v 3.585066 8.319934 2.443066
v 1.008000 8.319934 2.443066
v 1.008000 6.919934 2.443066
v 3.585066 8.319934 2.193066
v 3.662949 8.319934 2.434291
v 3.736926 8.319934 2.408405
v 3.803288 8.319934 2.366707
v 3.858707 8.319934 2.311288
v 3.900405 8.319934 2.244926
v 3.926291 8.319934 2.170949
v 3.935066 8.319934 2.093066
v 3.681659 8.319934 2.118948
v 3.671669 8.319934 2.143066
v 3.655777 8.319934 2.163777
v 3.635066 8.319934 2.179669
v 3.610948 8.319934 2.189659
v 3.585066 6.919934 2.193066
v 3.681659 6.919934 2.118948
v 3.671669 6.919934 2.143066
v 3.655777 6.919934 2.163777
v 3.635066 6.919934 2.179669
v 3.610948 6.919934 2.189659
v 3.610948 7.853267 2.189659
v 3.610948 7.386600 2.189659
v 3.635066 7.853267 2.179669
v 3.635066 7.386600 2.179669
v 3.655777 7.853267 2.163777
v 3.655777 7.386600 2.163777
v 3.671669 7.853267 2.143066
v 3.671669 7.386600 2.143066
v 3.681659 7.853267 2.118948
v 3.681659 7.386600 2.118948
v 1.008000 6.919934 2.193066
v 1.008000 8.319934 2.193066
v 3.662949 6.919934 2.434291
v 3.736926 6.919934 2.408405
v 3.803288 6.919934 2.366707
v 3.858707 6.919934 2.311288
v 3.900405 6.919934 2.244926
v 3.926291 6.919934 2.170949
v 3.935066 7.354934 0.000000
vt 0.014142 0.012500 0.000000
vt -0.014142 0.012500 0.000000
vt 0.014142 -0.012500 0.000000
vt -0.014142 -0.012500 0.000000
vt -0.020000 0.012500 0.000000
vt -0.043500 0.012500 0.000000
vt -0.020000 -0.012500 0.000000
vt -0.043500 -0.012500 0.000000
vt -0.230000 0.070000 0.000000
vt -0.250000 0.050000 0.000000
vt -0.040693 0.070000 0.000000
vt -0.250000 0.026500 0.000000
vt -0.040693 -0.070000 0.000000
vt -0.250000 -0.026500 0.000000
vt -0.250000 -0.050000 0.000000
vt -0.580000 0.026500 0.000000
vt -0.600000 0.006500 0.000000
vt -0.600000 -0.006500 0.000000
vt -0.580000 -0.026500 0.000000
vt -0.230000 -0.070000 0.000000
vt 0.014142 0.012500 0.000000
vt -0.014142 0.012500 0.000000
vt 0.014142 -0.012500 0.000000
vt -0.014142 -0.012500 0.000000
vt -0.020000 0.012500 0.000000
vt -0.209307 0.012500 0.000000
vt -0.020000 -0.012500 0.000000
vt -0.209307 -0.012500 0.000000
vt 0.014142 0.012500 0.000000
vt -0.014142 0.012500 0.000000
vt 0.014142 -0.012500 0.000000
vt -0.014142 -0.012500 0.000000
vt -0.033000 -0.012500 0.000000
vt -0.020000 -0.012500 0.000000
vt -0.033000 0.012500 0.000000
vt -0.020000 0.012500 0.000000
vt 0.014142 0.012500 0.000000
vt -0.014142 0.012500 0.000000
vt 0.014142 -0.012500 0.000000
vt -0.014142 -0.012500 0.000000
vt 0.007707 0.070000 0.000000
vt -0.250000 0.070000 0.000000
vt 0.007707 -0.070000 0.000000
vt -0.250000 -0.070000 0.000000
vt 0.025000 -0.000000 0.000000
vt 0.024122 0.007788 0.000000
vt -0.000000 0.000000 0.000000
vt -0.000341 0.002588 0.000000
vt 0.021534 0.015186 0.000000
vt -0.001340 0.005000 0.000000
vt 0.017364 0.021822 0.000000
vt -0.002929 0.007071 0.000000
vt 0.011822 0.027364 0.000000
vt -0.005000 0.008660 0.000000
vt 0.005186 0.031534 0.000000
vt -0.007412 0.009659 0.000000
vt -0.002212 0.034122 0.000000
vt -0.010000 0.010000 0.000000
vt -0.010000 0.035000 0.000000
vt 0.070000 0.013090 0.000000
vt 0.070000 0.015708 0.000000
vt 0.023333 0.013090 0.000000
vt -0.070000 0.015708 0.000000
vt -0.023333 0.013090 0.000000
vt -0.070000 0.013090 0.000000
vt -0.023333 0.010472 0.000000
vt -0.070000 0.010472 0.000000
vt -0.023333 0.007854 0.000000
vt -0.070000 0.007854 0.000000
vt -0.023333 0.005236 0.000000
vt -0.070000 0.005236 0.000000
vt -0.023333 0.002618 0.000000
vt -0.070000 0.002618 0.000000
vt -0.070000 0.000000 0.000000
vt 0.070000 0.000000 0.000000
vt 0.023333 0.002618 0.000000
vt 0.023333 0.005236 0.000000
vt 0.023333 0.007854 0.000000
vt 0.023333 0.010472 0.000000
vt 0.070000 0.002618 0.000000
vt 0.070000 0.005236 0.000000
vt 0.070000 0.007854 0.000000
vt 0.070000 0.010472 0.000000
vt -0.242293 0.012500 0.000000
vt -0.500000 0.012500 0.000000
vt -0.242293 -0.012500 0.000000
vt -0.500000 -0.012500 0.000000
vt -0.257707 -0.012500 0.000000
vt -0.000000 -0.012500 0.000000
vt -0.257707 0.012500 0.000000
vt 0.000000 0.012500 0.000000
vt 0.070000 0.054978 0.000000
vt -0.070000 0.054978 0.000000
vt 0.070000 0.047124 0.000000
vt -0.070000 0.047124 0.000000
vt 0.070000 0.039270 0.000000
vt -0.070000 0.039270 0.000000
vt 0.070000 0.031416 0.000000
vt -0.070000 0.031416 0.000000
vt 0.070000 0.023562 0.000000
vt -0.070000 0.023562 0.000000
vt 0.070000 0.015708 0.000000
vt -0.070000 0.015708 0.000000
vt 0.070000 0.007854 0.000000
vt -0.070000 0.007854 0.000000
vt 0.070000 0.000000 0.000000
vt -0.070000 0.000000 0.000000
vt -0.020000 0.012500 0.000000
vt -0.350000 0.012500 0.000000
vt -0.020000 -0.012500 0.000000
vt -0.350000 -0.012500 0.000000
vt -0.330000 -0.012500 0.000000
vt -0.000000 -0.012500 0.000000
vt -0.330000 0.012500 0.000000
vt -0.000000 0.012500 0.000000
vt -0.007707 -0.070000 0.000000
vt 0.250000 -0.070000 0.000000
vt -0.007707 0.070000 0.000000
vt 0.250000 0.070000 0.000000
vt -0.140000 -0.012500 0.000000
vt -0.000000 -0.012500 0.000000
vt -0.140000 0.012500 0.000000
vt -0.000000 0.012500 0.000000
vt 0.000000 -0.000000 0.000000
vt 0.025000 -0.000000 0.000000
vt 0.000878 0.007788 0.000000
vt 0.025341 0.002588 0.000000
vt 0.003466 0.015186 0.000000
vt 0.026340 0.005000 0.000000
vt 0.007636 0.021822 0.000000
vt 0.027929 0.007071 0.000000
vt 0.013178 0.027364 0.000000
vt 0.030000 0.008660 0.000000
vt 0.019814 0.031534 0.000000
vt 0.032412 0.009659 0.000000
vt 0.027212 0.034122 0.000000
vt 0.035000 0.010000 0.000000
vt 0.035000 0.035000 0.000000
vt -0.120000 -0.012500 0.000000
vt -0.096500 -0.012500 0.000000
vt -0.120000 0.012500 0.000000
vt -0.096500 0.012500 0.000000
vt -0.480000 -0.012500 0.000000
vt -0.290693 -0.012500 0.000000
vt -0.480000 0.012500 0.000000
vt -0.290693 0.012500 0.000000
vt 0.230000 0.070000 0.000000
vt 0.040693 0.070000 0.000000
vt 0.250000 0.050000 0.000000
vt 0.250000 0.026500 0.000000
vt 0.040693 -0.070000 0.000000
vt 0.250000 -0.026500 0.000000
vt 0.250000 -0.050000 0.000000
vt 0.230000 -0.070000 0.000000
vt 0.580000 -0.026500 0.000000
vt 0.600000 -0.006500 0.000000
vt 0.600000 0.006500 0.000000
vt 0.580000 0.026500 0.000000
vn 0.000000 0.070711 -0.070711
vn 0.000000 0.070711 -0.070711
vn 0.000000 0.070711 -0.070711
vn 0.000000 0.070711 -0.070711
vn 0.000000 0.000000 -0.100000
vn 0.000000 0.000000 -0.100000
vn 0.000000 0.000000 -0.100000
vn 0.000000 0.000000 -0.100000
vn -0.100000 0.000000 0.000000
vn -0.100000 0.000000 0.000000
vn -0.100000 0.000000 0.000000
vn -0.100000 0.000000 0.000000
vn -0.100000 0.000000 0.000000
vn -0.100000 0.000000 0.000000
vn -0.100000 0.000000 0.000000
vn -0.100000 0.000000 0.000000
vn -0.100000 0.000000 0.000000
vn -0.100000 0.000000 0.000000
vn -0.100000 0.000000 0.000000
vn -0.100000 0.000000 0.000000
vn -0.000000 -0.070711 -0.070711
vn -0.000000 -0.070711 -0.070711
vn -0.000000 -0.070711 -0.070711
vn -0.000000 -0.070711 -0.070711
vn -0.000000 -0.100000 0.000000
vn -0.000000 -0.100000 0.000000
vn -0.000000 -0.100000 0.000000
vn -0.000000 -0.100000 0.000000
vn -0.000000 -0.070711 -0.070711
vn -0.000000 -0.070711 -0.070711
vn -0.000000 -0.070711 -0.070711
vn -0.000000 -0.070711 -0.070711
vn 0.000000 0.000000 -0.100000
vn 0.000000 0.000000 -0.100000
vn 0.000000 0.000000 -0.100000
vn 0.000000 0.000000 -0.100000
vn 0.000000 0.070711 -0.070711
vn 0.000000 0.070711 -0.070711
vn 0.000000 0.070711 -0.070711
vn 0.000000 0.070711 -0.070711
vn 0.000000 -0.000000 0.100000
vn 0.000000 -0.000000 0.100000
vn 0.000000 -0.000000 0.100000
vn 0.000000 -0.000000 0.100000
vn 0.000000 0.100000 0.000000
vn 0.000000 0.100000 0.000000
vn 0.000000 0.100000 0.000000
vn 0.000000 0.100000 0.000000
vn 0.000000 0.100000 0.000000
vn 0.000000 0.100000 0.000000
vn 0.000000 0.100000 0.000000
vn 0.000000 0.100000 0.000000
vn 0.000000 0.100000 0.000000
vn 0.000000 0.100000 0.000000
vn 0.000000 0.100000 0.000000
vn 0.000000 0.100000 0.000000
vn 0.000000 0.100000 0.000000
vn 0.000000 0.100000 0.000000
vn 0.000000 0.100000 0.000000
vn -0.025882 0.000000 -0.096593
vn -0.000000 0.000000 -0.100000
vn -0.025882 0.000000 -0.096593
vn -0.000000 0.000000 -0.100000
vn -0.025882 0.000000 -0.096593
vn -0.025882 0.000000 -0.096593
vn -0.050000 0.000000 -0.086603
vn -0.050000 0.000000 -0.086603
vn -0.070711 0.000000 -0.070711
vn -0.070711 0.000000 -0.070711
vn -0.086603 0.000000 -0.050000
vn -0.086603 0.000000 -0.050000
vn -0.096593 0.000000 -0.025882
vn -0.096593 0.000000 -0.025882
vn -0.096593 0.000000 -0.025882
vn -0.086603 0.000000 -0.050000
vn -0.070711 0.000000 -0.070711
vn -0.050000 0.000000 -0.086603
vn -0.096593 0.000000 -0.025882
vn -0.086603 0.000000 -0.050000
vn -0.070711 0.000000 -0.070711
vn -0.050000 0.000000 -0.086603
vn -0.000000 -0.100000 0.000000
vn -0.000000 -0.100000 0.000000
vn -0.000000 -0.100000 0.000000
vn -0.000000 -0.100000 0.000000
vn 0.000000 0.100000 0.000000
vn 0.000000 0.100000 0.000000
vn 0.022252 -0.000000 0.097493
vn 0.022252 -0.000000 0.097493
vn 0.043388 -0.000000 0.090097
vn 0.043388 -0.000000 0.090097
vn 0.062349 -0.000000 0.078183
vn 0.062349 -0.000000 0.078183
vn 0.078183 -0.000000 0.062349
vn 0.078183 -0.000000 0.062349
vn 0.090097 -0.000000 0.043388
vn 0.090097 -0.000000 0.043388
vn 0.097493 -0.000000 0.022252
vn 0.097493 -0.000000 0.022252
vn 0.100000 -0.000000 0.000000
vn 0.100000 -0.000000 0.000000
vn -0.000000 -0.100000 0.000000
vn -0.000000 -0.100000 0.000000
vn -0.000000 -0.100000 0.000000
vn -0.000000 -0.100000 0.000000
vn 0.000000 0.100000 0.000000
vn 0.000000 0.100000 0.000000
vn 0.000000 0.100000 0.000000
vn 0.000000 0.100000 0.000000
vn -0.000000 0.000000 -0.100000
vn -0.000000 0.000000 -0.100000
vn -0.100000 0.000000 0.000000
vn -0.100000 0.000000 0.000000
vn -0.100000 0.000000 0.000000
vn -0.100000 0.000000 0.000000
vn -0.000000 -0.100000 0.000000
vn -0.000000 -0.100000 0.000000
vn -0.000000 -0.100000 0.000000
vn -0.000000 -0.100000 0.000000
vn -0.000000 -0.100000 0.000000
vn -0.000000 -0.100000 0.000000
vn -0.000000 -0.100000 0.000000
vn -0.000000 -0.100000 0.000000
vn -0.000000 -0.100000 0.000000
vn -0.000000 -0.100000 0.000000
vn -0.000000 -0.100000 0.000000
vn 0.000000 0.000000 -0.100000
vn 0.000000 0.000000 -0.100000
vn 0.000000 0.000000 -0.100000
vn 0.000000 0.000000 -0.100000
vn 0.000000 0.100000 0.000000
vn 0.000000 0.100000 0.000000
vn 0.100000 -0.000000 -0.000000
vn 0.100000 -0.000000 -0.000000
vn 0.100000 -0.000000 -0.000000
vn 0.100000 -0.000000 -0.000000
vn 0.100000 -0.000000 -0.000000
vn 0.100000 -0.000000 -0.000000
vn 0.100000 -0.000000 -0.000000
vn 0.100000 -0.000000 -0.000000
vn 0.100000 -0.000000 -0.000000
vn 0.100000 -0.000000 -0.000000
f 2123/3655/3391 2124/3656/3392 2126/3657/3393
f 2126/3657/3393 2124/3656/3392 2125/3658/3394
f 2124/3659/3395 2127/3660/3396 2125/3661/3397
f 2125/3661/3397 2127/3660/3396 2128/3662/3398
f 2126/3663/3399 2125/3664/3400 2137/3665/3401
f 2137/3665/3401 2125/3664/3400 2128/3666/3402
f 2137/3665/3401 2128/3666/3402 2136/3667/3403
f 2136/3667/3403 2128/3666/3402 2133/3668/3404
f 2136/3667/3403 2133/3668/3404 2134/3669/3405
f 2129/3670/3406 2130/3671/3407 2128/3666/3402
f 2128/3666/3402 2130/3671/3407 2133/3668/3404
f 2130/3671/3407 2131/3672/3408 2133/3668/3404
f 2133/3668/3404 2131/3672/3408 2132/3673/3409
f 2134/3669/3405 2135/3674/3410 2136/3667/3403
f 2138/3675/3411 2139/3676/3412 2134/3677/3413
f 2134/3677/3413 2139/3676/3412 2135/3678/3414
f 2139/3679/3415 2140/3680/3416 2135/3681/3417
f 2135/3681/3417 2140/3680/3416 2136/3682/3418
f 2141/3683/3419 2142/3684/3420 2131/3685/3421
f 2131/3685/3421 2142/3684/3420 2132/3686/3422
f 2131/3687/3423 2130/3688/3424 2141/3689/3425
f 2141/3689/3425 2130/3688/3424 2143/3690/3426
f 2144/3691/3427 2143/3692/3428 2129/3693/3429
f 2129/3693/3429 2143/3692/3428 2130/3694/3430
f 2146/3695/3431 2147/3696/3432 2145/3697/3433
f 2145/3697/3433 2147/3696/3432 2148/3698/3434
f 2146/3699/3435 2150/3700/3436 2149/3701/3437
f 2149/3701/3437 2150/3700/3436 2161/3702/3438
f 2161/3702/3438 2150/3700/3436 2151/3703/3439
f 2161/3702/3438 2151/3703/3439 2160/3704/3440
f 2160/3704/3440 2151/3703/3439 2152/3705/3441
f 2160/3704/3440 2152/3705/3441 2159/3706/3442
f 2159/3706/3442 2152/3705/3441 2153/3707/3443
f 2159/3706/3442 2153/3707/3443 2158/3708/3444
f 2158/3708/3444 2153/3707/3443 2154/3709/3445
f 2158/3708/3444 2154/3709/3445 2157/3710/3446
f 2157/3710/3446 2154/3709/3445 2155/3711/3447
f 2157/3710/3446 2155/3711/3447 2137/3712/3448
f 2137/3712/3448 2155/3711/3447 2156/3713/3449
f 2167/3714/3450 2162/3715/3451 2169/3716/3452
f 2169/3716/3452 2162/3715/3451 2149/3717/3453
f 2169/3716/3452 2149/3717/3453 2168/3718/3454
f 2168/3718/3454 2149/3717/3453 2161/3719/3455
f 2168/3718/3454 2161/3719/3455 2170/3720/3456
f 2170/3720/3456 2161/3719/3455 2160/3721/3457
f 2170/3720/3456 2160/3721/3457 2172/3722/3458
f 2172/3722/3458 2160/3721/3457 2159/3723/3459
f 2172/3722/3458 2159/3723/3459 2174/3724/3460
f 2174/3724/3460 2159/3723/3459 2158/3725/3461
f 2174/3724/3460 2158/3725/3461 2176/3726/3462
f 2176/3726/3462 2158/3725/3461 2157/3727/3463
f 2176/3726/3462 2157/3727/3463 2137/3728/3401
f 2137/3728/3401 2136/3729/3403 2176/3726/3462
f 2176/3726/3462 2136/3729/3403 2177/3730/3464
f 2176/3726/3462 2177/3730/3464 2174/3724/3460
f 2174/3724/3460 2177/3730/3464 2175/3731/3465
f 2174/3724/3460 2175/3731/3465 2172/3722/3458
f 2172/3722/3458 2175/3731/3465 2173/3732/3466
f 2172/3722/3458 2173/3732/3466 2170/3720/3456
f 2170/3720/3456 2173/3732/3466 2171/3733/3467
f 2170/3720/3456 2171/3733/3467 2168/3718/3454
f 2168/3718/3454 2171/3733/3467 2169/3716/3452
f 2136/3729/3403 2163/3734/3468 2177/3730/3464
f 2177/3730/3464 2163/3734/3468 2175/3731/3465
f 2163/3734/3468 2164/3735/3469 2175/3731/3465
f 2175/3731/3465 2164/3735/3469 2173/3732/3466
f 2164/3735/3469 2165/3736/3470 2173/3732/3466
f 2173/3732/3466 2165/3736/3470 2171/3733/3467
f 2165/3736/3470 2166/3737/3471 2171/3733/3467
f 2171/3733/3467 2166/3737/3471 2169/3716/3452
f 2166/3737/3471 2167/3714/3450 2169/3716/3452
f 2145/3738/3472 2148/3739/3473 2162/3740/3474
f 2162/3740/3474 2148/3739/3473 2178/3741/3475
f 2149/3742/3437 2179/3743/3476 2146/3744/3435
f 2146/3744/3435 2179/3743/3476 2147/3745/3477
f 2146/3746/3431 2145/3747/3433 2150/3748/3478
f 2150/3748/3478 2145/3747/3433 2180/3749/3479
f 2150/3748/3478 2180/3749/3479 2151/3750/3480
f 2151/3750/3480 2180/3749/3479 2181/3751/3481
f 2151/3750/3480 2181/3751/3481 2152/3752/3482
f 2152/3752/3482 2181/3751/3481 2182/3753/3483
f 2152/3752/3482 2182/3753/3483 2153/3754/3484
f 2153/3754/3484 2182/3753/3483 2183/3755/3485
f 2153/3754/3484 2183/3755/3485 2154/3756/3486
f 2154/3756/3486 2183/3755/3485 2184/3757/3487
f 2154/3756/3486 2184/3757/3487 2155/3758/3488
f 2155/3758/3488 2184/3757/3487 2185/3759/3489
f 2155/3758/3488 2185/3759/3489 2156/3760/3490
f 2156/3760/3490 2185/3759/3489 2140/3761/3491
f 2142/3762/3492 2186/3763/3493 2132/3764/3494
f 2132/3764/3494 2186/3763/3493 2133/3765/3495
f 2129/3766/3496 2128/3767/3497 2144/3768/3498
f 2144/3768/3498 2128/3767/3497 2127/3769/3499
f 2162/3770/3451 2178/3771/3500 2149/3772/3453
f 2149/3772/3453 2178/3771/3500 2179/3773/3501
f 2179/3774/3502 2178/3775/3503 2147/3776/3504
f 2147/3776/3504 2178/3775/3503 2148/3777/3505
f 2145/3778/3472 2162/3779/3474 2180/3780/3506
f 2180/3780/3506 2162/3779/3474 2167/3781/3507
f 2180/3780/3506 2167/3781/3507 2181/3782/3508
f 2181/3782/3508 2167/3781/3507 2166/3783/3509
f 2181/3782/3508 2166/3783/3509 2182/3784/3510
f 2182/3784/3510 2166/3783/3509 2165/3785/3511
f 2182/3784/3510 2165/3785/3511 2183/3786/3512
f 2183/3786/3512 2165/3785/3511 2164/3787/3513
f 2183/3786/3512 2164/3787/3513 2184/3788/3514
f 2184/3788/3514 2164/3787/3513 2163/3789/3515
f 2184/3788/3514 2163/3789/3515 2185/3790/3516
f 2185/3790/3516 2163/3789/3515 2136/3791/3418
f 2185/3790/3516 2136/3791/3418 2140/3792/3416
f 2134/3793/3517 2133/3794/3518 2138/3795/3519
f 2138/3795/3519 2133/3794/3518 2186/3796/3520
f 2126/3797/3521 2137/3798/3448 2123/3799/3522
f 2123/3799/3522 2137/3798/3448 2156/3800/3449
f 2123/3801/3523 2156/3802/3490 2124/3803/3524
f 2124/3803/3524 2156/3802/3490 2127/3804/3525
f 2127/3804/3525 2156/3802/3490 2140/3805/3491
f 2127/3804/3525 2140/3805/3491 2186/3806/3526
f 2186/3806/3526 2140/3805/3491 2138/3807/3527
f 2138/3807/3527 2140/3805/3491 2139/3808/3528
f 2142/3809/3529 2141/3810/3530 2186/3806/3526
f 2186/3806/3526 2141/3810/3530 2143/3811/3531
f 2186/3806/3526 2143/3811/3531 2127/3804/3525
f 2127/3804/3525 2143/3811/3531 2144/3812/3532
g Body7:1

v 3.935066 -6.920066 0.200000
v 3.935066 -7.120066 0.000000
v 3.685066 -7.120066 0.000000
v 3.685066 -6.920066 0.200000
v 3.935066 -7.355066 0.000000
v 3.685066 -7.355066 0.000000
v 3.685066 -7.355066 -3.300000
v 3.685066 -7.555066 -3.500000
v 3.685066 -7.685066 -3.500000
v 3.685066 -7.885066 -3.300000
v 3.685066 -7.885066 0.000000
v 3.685066 -8.120066 0.000000
v 3.685066 -8.320066 0.200000
v 3.685066 -8.320066 2.093066
v 3.685066 -6.920066 2.093066
v 3.935066 -8.120066 0.000000
v 3.935066 -8.320066 0.200000
v 3.935066 -8.320066 2.093066
v 3.935066 -7.685066 -3.500000
v 3.935066 -7.885066 -3.300000
v 3.935066 -7.555066 -3.500000
v 3.935066 -7.355066 -3.300000
v 3.585066 -8.320066 2.443066
v 3.585066 -6.920066 2.443066
v 1.008000 -6.920066 2.443066
v 1.008000 -8.320066 2.443066
v 3.585066 -6.920066 2.193066
v 3.662949 -6.920066 2.434291
v 3.736926 -6.920066 2.408405
v 3.803288 -6.920066 2.366707
v 3.858707 -6.920066 2.311288
v 3.900405 -6.920066 2.244926
v 3.926291 -6.920066 2.170949
v 3.935066 -6.920066 2.093066
v 3.681659 -6.920066 2.118948
v 3.671669 -6.920066 2.143066
v 3.655777 -6.920066 2.163777
v 3.635066 -6.920066 2.179669
v 3.610948 -6.920066 2.189659
v 3.585066 -8.320066 2.193066
v 3.681659 -8.320066 2.118948
v 3.671669 -8.320066 2.143066
v 3.655777 -8.320066 2.163777
v 3.635066 -8.320066 2.179669
v 3.610948 -8.320066 2.189659
v 3.610948 -7.386733 2.189659
v 3.610948 -7.853400 2.189659
v 3.635066 -7.386733 2.179669
v 3.635066 -7.853400 2.179669
v 3.655777 -7.386733 2.163777
v 3.655777 -7.853400 2.163777
v 3.671669 -7.386733 2.143066
v 3.671669 -7.853400 2.143066
v 3.681659 -7.386733 2.118948
v 3.681659 -7.853400 2.118948
v 1.008000 -8.320066 2.193066
v 1.008000 -6.920066 2.193066
v 3.662949 -8.320066 2.434291
v 3.736926 -8.320066 2.408405
v 3.803288 -8.320066 2.366707
v 3.858707 -8.320066 2.311288
v 3.900405 -8.320066 2.244926
v 3.926291 -8.320066 2.170949
v 3.935066 -7.885066 0.000000
vt 0.014142 0.012500 0.000000
vt -0.014142 0.012500 0.000000
vt 0.014142 -0.012500 0.000000
vt -0.014142 -0.012500 0.000000
vt -0.020000 0.012500 0.000000
vt -0.043500 0.012500 0.000000
vt -0.020000 -0.012500 0.000000
vt -0.043500 -0.012500 0.000000
vt -0.230000 0.070000 0.000000
vt -0.250000 0.050000 0.000000
vt -0.040693 0.070000 0.000000
vt -0.250000 0.026500 0.000000
vt -0.040693 -0.070000 0.000000
vt -0.250000 -0.026500 0.000000
vt -0.250000 -0.050000 0.000000
vt -0.580000 0.026500 0.000000
vt -0.600000 0.006500 0.000000
vt -0.600000 -0.006500 0.000000
vt -0.580000 -0.026500 0.000000
vt -0.230000 -0.070000 0.000000
vt 0.014142 0.012500 0.000000
vt -0.014142 0.012500 0.000000
vt 0.014142 -0.012500 0.000000
vt -0.014142 -0.012500 0.000000
vt -0.020000 0.012500 0.000000
vt -0.209307 0.012500 0.000000
vt -0.020000 -0.012500 0.000000
vt -0.209307 -0.012500 0.000000
vt 0.014142 0.012500 0.000000
vt -0.014142 0.012500 0.000000
vt 0.014142 -0.012500 0.000000
vt -0.014142 -0.012500 0.000000
vt -0.033000 -0.012500 0.000000
vt -0.020000 -0.012500 0.000000
vt -0.033000 0.012500 0.000000
vt -0.020000 0.012500 0.000000
vt 0.014142 0.012500 0.000000
vt -0.014142 0.012500 0.000000
vt 0.014142 -0.012500 0.000000
vt -0.014142 -0.012500 0.000000
vt 0.007707 0.070000 0.000000
vt -0.250000 0.070000 0.000000
vt 0.007707 -0.070000 0.000000
vt -0.250000 -0.070000 0.000000
vt 0.025000 -0.000000 0.000000
vt 0.024122 0.007788 0.000000
vt -0.000000 0.000000 0.000000
vt -0.000341 0.002588 0.000000
vt 0.021534 0.015186 0.000000
vt -0.001340 0.005000 0.000000
vt 0.017364 0.021822 0.000000
vt -0.002929 0.007071 0.000000
vt 0.011822 0.027364 0.000000
vt -0.005000 0.008660 0.000000
vt 0.005186 0.031534 0.000000
vt -0.007412 0.009659 0.000000
vt -0.002212 0.034122 0.000000
vt -0.010000 0.010000 0.000000
vt -0.010000 0.035000 0.000000
vt 0.070000 0.013090 0.000000
vt 0.070000 0.015708 0.000000
vt 0.023333 0.013090 0.000000
vt -0.070000 0.015708 0.000000
vt -0.023333 0.013090 0.000000
vt -0.070000 0.013090 0.000000
vt -0.023333 0.010472 0.000000
vt -0.070000 0.010472 0.000000
vt -0.023333 0.007854 0.000000
vt -0.070000 0.007854 0.000000
vt -0.023333 0.005236 0.000000
vt -0.070000 0.005236 0.000000
vt -0.023333 0.002618 0.000000
vt -0.070000 0.002618 0.000000
vt -0.070000 0.000000 0.000000
vt 0.070000 0.000000 0.000000
vt 0.023333 0.002618 0.000000
vt 0.023333 0.005236 0.000000
vt 0.023333 0.007854 0.000000
vt 0.023333 0.010472 0.000000
vt 0.070000 0.002618 0.000000
vt 0.070000 0.005236 0.000000
vt 0.070000 0.007854 0.000000
vt 0.070000 0.010472 0.000000
vt -0.242293 0.012500 0.000000
vt -0.500000 0.012500 0.000000
vt -0.242293 -0.012500 0.000000
vt -0.500000 -0.012500 0.000000
vt -0.257707 -0.012500 0.000000
vt -0.000000 -0.012500 0.000000
vt -0.257707 0.012500 0.000000
vt 0.000000 0.012500 0.000000
vt 0.070000 0.054978 0.000000
vt -0.070000 0.054978 0.000000
vt 0.070000 0.047124 0.000000
vt -0.070000 0.047124 0.000000
vt 0.070000 0.039270 0.000000
vt -0.070000 0.039270 0.000000
vt 0.070000 0.031416 0.000000
vt -0.070000 0.031416 0.000000
vt 0.070000 0.023562 0.000000
vt -0.070000 0.023562 0.000000
vt 0.070000 0.015708 0.000000
vt -0.070000 0.015708 0.000000
vt 0.070000 0.007854 0.000000
vt -0.070000 0.007854 0.000000
vt 0.070000 0.000000 0.000000
vt -0.070000 0.000000 0.000000
vt -0.020000 0.012500 0.000000
vt -0.350000 0.012500 0.000000
vt -0.020000 -0.012500 0.000000
vt -0.350000 -0.012500 0.000000
vt -0.330000 -0.012500 0.000000
vt -0.000000 -0.012500 0.000000
vt -0.330000 0.012500 0.000000
vt -0.000000 0.012500 0.000000
vt -0.007707 -0.070000 0.000000
vt 0.250000 -0.070000 0.000000
vt -0.007707 0.070000 0.000000
vt 0.250000 0.070000 0.000000
vt -0.140000 -0.012500 0.000000
vt -0.000000 -0.012500 0.000000
vt -0.140000 0.012500 0.000000
vt -0.000000 0.012500 0.000000
vt 0.000000 -0.000000 0.000000
vt 0.025000 -0.000000 0.000000
vt 0.000878 0.007788 0.000000
vt 0.025341 0.002588 0.000000
vt 0.003466 0.015186 0.000000
vt 0.026340 0.005000 0.000000
vt 0.007636 0.021822 0.000000
vt 0.027929 0.007071 0.000000
vt 0.013178 0.027364 0.000000
vt 0.030000 0.008660 0.000000
vt 0.019814 0.031534 0.000000
vt 0.032412 0.009659 0.000000
vt 0.027212 0.034122 0.000000
vt 0.035000 0.010000 0.000000
vt 0.035000 0.035000 0.000000
vt -0.120000 -0.012500 0.000000
vt -0.096500 -0.012500 0.000000
vt -0.120000 0.012500 0.000000
vt -0.096500 0.012500 0.000000
vt -0.480000 -0.012500 0.000000
vt -0.290693 -0.012500 0.000000
vt -0.480000 0.012500 0.000000
vt -0.290693 0.012500 0.000000
vt 0.230000 0.070000 0.000000
vt 0.040693 0.070000 0.000000
vt 0.250000 0.050000 0.000000
vt 0.250000 0.026500 0.000000
vt 0.040693 -0.070000 0.000000
vt 0.250000 -0.026500 0.000000
vt 0.250000 -0.050000 0.000000
vt 0.230000 -0.070000 0.000000
vt 0.580000 -0.026500 0.000000
vt 0.600000 -0.006500 0.000000
vt 0.600000 0.006500 0.000000
vt 0.580000 0.026500 0.000000
vn 0.000000 0.070711 -0.070711
vn 0.000000 0.070711 -0.070711
vn 0.000000 0.070711 -0.070711
vn 0.000000 0.070711 -0.070711
vn 0.000000 0.000000 -0.100000
vn 0.000000 0.000000 -0.100000
vn 0.000000 0.000000 -0.100000
vn 0.000000 0.000000 -0.100000
vn -0.100000 0.000000 0.000000
vn -0.100000 0.000000 0.000000
vn -0.100000 0.000000 0.000000
vn -0.100000 0.000000 0.000000
vn -0.100000 0.000000 0.000000
vn -0.100000 0.000000 0.000000
vn -0.100000 0.000000 0.000000
vn -0.100000 0.000000 0.000000
vn -0.100000 0.000000 0.000000
vn -0.100000 0.000000 0.000000
vn -0.100000 0.000000 0.000000
vn -0.100000 0.000000 0.000000
vn -0.000000 -0.070711 -0.070711
vn -0.000000 -0.070711 -0.070711
vn -0.000000 -0.070711 -0.070711
vn -0.000000 -0.070711 -0.070711
vn -0.000000 -0.100000 0.000000
vn -0.000000 -0.100000 0.000000
vn -0.000000 -0.100000 0.000000
vn -0.000000 -0.100000 0.000000
vn -0.000000 -0.070711 -0.070711
vn -0.000000 -0.070711 -0.070711
vn -0.000000 -0.070711 -0.070711
vn -0.000000 -0.070711 -0.070711
vn 0.000000 0.000000 -0.100000
vn 0.000000 0.000000 -0.100000
vn 0.000000 0.000000 -0.100000
vn 0.000000 0.000000 -0.100000
vn 0.000000 0.070711 -0.070711
vn 0.000000 0.070711 -0.070711
vn 0.000000 0.070711 -0.070711
vn 0.000000 0.070711 -0.070711
vn 0.000000 -0.000000 0.100000
vn 0.000000 -0.000000 0.100000
vn 0.000000 -0.000000 0.100000
vn 0.000000 -0.000000 0.100000
vn 0.000000 0.100000 0.000000
vn 0.000000 0.100000 0.000000
vn 0.000000 0.100000 0.000000
vn 0.000000 0.100000 0.000000
vn 0.000000 0.100000 0.000000
vn 0.000000 0.100000 0.000000
vn 0.000000 0.100000 0.000000
vn 0.000000 0.100000 0.000000
vn 0.000000 0.100000 0.000000
vn 0.000000 0.100000 0.000000
vn 0.000000 0.100000 0.000000
vn 0.000000 0.100000 0.000000
vn 0.000000 0.100000 0.000000
vn 0.000000 0.100000 0.000000
vn 0.000000 0.100000 0.000000
vn -0.025882 0.000000 -0.096593
vn -0.000000 0.000000 -0.100000
vn -0.025882 0.000000 -0.096593
vn -0.000000 0.000000 -0.100000
vn -0.025882 0.000000 -0.096593
vn -0.025882 0.000000 -0.096593
vn -0.050000 0.000000 -0.086603
vn -0.050000 0.000000 -0.086603
vn -0.070711 0.000000 -0.070711
vn -0.070711 0.000000 -0.070711
vn -0.086603 0.000000 -0.050000
vn -0.086603 0.000000 -0.050000
vn -0.096593 0.000000 -0.025882
vn -0.096593 0.000000 -0.025882
vn -0.096593 0.000000 -0.025882
vn -0.086603 0.000000 -0.050000
vn -0.070711 0.000000 -0.070711
vn -0.050000 0.000000 -0.086603
vn -0.096593 0.000000 -0.025882
vn -0.086603 0.000000 -0.050000
vn -0.070711 0.000000 -0.070711
vn -0.050000 0.000000 -0.086603
vn -0.000000 -0.100000 0.000000
vn -0.000000 -0.100000 0.000000
vn -0.000000 -0.100000 0.000000
vn -0.000000 -0.100000 0.000000
vn 0.000000 0.100000 0.000000
vn 0.000000 0.100000 0.000000
vn 0.022252 -0.000000 0.097493
vn 0.022252 -0.000000 0.097493
vn 0.043388 -0.000000 0.090097
vn 0.043388 -0.000000 0.090097
vn 0.062349 -0.000000 0.078183
vn 0.062349 -0.000000 0.078183
vn 0.078183 -0.000000 0.062349
vn 0.078183 -0.000000 0.062349
vn 0.090097 -0.000000 0.043388
vn 0.090097 -0.000000 0.043388
vn 0.097493 -0.000000 0.022252
vn 0.097493 -0.000000 0.022252
vn 0.100000 -0.000000 0.000000
vn 0.100000 -0.000000 0.000000
vn -0.000000 -0.100000 0.000000
vn -0.000000 -0.100000 0.000000
vn -0.000000 -0.100000 0.000000
vn -0.000000 -0.100000 0.000000
vn 0.000000 0.100000 0.000000
vn 0.000000 0.100000 0.000000
vn 0.000000 0.100000 0.000000
vn 0.000000 0.100000 0.000000
vn -0.000000 0.000000 -0.100000
vn -0.000000 0.000000 -0.100000
vn -0.100000 0.000000 0.000000
vn -0.100000 0.000000 0.000000
vn -0.100000 0.000000 0.000000
vn -0.100000 0.000000 0.000000
vn -0.000000 -0.100000 0.000000
vn -0.000000 -0.100000 0.000000
vn -0.000000 -0.100000 0.000000
vn -0.000000 -0.100000 0.000000
vn -0.000000 -0.100000 0.000000
vn -0.000000 -0.100000 0.000000
vn -0.000000 -0.100000 0.000000
vn -0.000000 -0.100000 0.000000
vn -0.000000 -0.100000 0.000000
vn -0.000000 -0.100000 0.000000
vn -0.000000 -0.100000 0.000000
vn 0.000000 0.000000 -0.100000
vn 0.000000 0.000000 -0.100000
vn 0.000000 0.000000 -0.100000
vn 0.000000 0.000000 -0.100000
vn 0.000000 0.100000 0.000000
vn 0.000000 0.100000 0.000000
vn 0.100000 -0.000000 -0.000000
vn 0.100000 -0.000000 -0.000000
vn 0.100000 -0.000000 -0.000000
vn 0.100000 -0.000000 -0.000000
vn 0.100000 -0.000000 -0.000000
vn 0.100000 -0.000000 -0.000000
vn 0.100000 -0.000000 -0.000000
vn 0.100000 -0.000000 -0.000000
vn 0.100000 -0.000000 -0.000000
vn 0.100000 -0.000000 -0.000000
f 2187/3813/3533 2188/3814/3534 2190/3815/3535
f 2190/3815/3535 2188/3814/3534 2189/3816/3536
f 2188/3817/3537 2191/3818/3538 2189/3819/3539
f 2189/3819/3539 2191/3818/3538 2192/3820/3540
f 2190/3821/3541 2189/3822/3542 2201/3823/3543
f 2201/3823/3543 2189/3822/3542 2192/3824/3544
f 2201/3823/3543 2192/3824/3544 2200/3825/3545
f 2200/3825/3545 2192/3824/3544 2197/3826/3546
f 2200/3825/3545 2197/3826/3546 2198/3827/3547
f 2193/3828/3548 2194/3829/3549 2192/3824/3544
f 2192/3824/3544 2194/3829/3549 2197/3826/3546
f 2194/3829/3549 2195/3830/3550 2197/3826/3546
f 2197/3826/3546 2195/3830/3550 2196/3831/3551
f 2198/3827/3547 2199/3832/3552 2200/3825/3545
f 2202/3833/3553 2203/3834/3554 2198/3835/3555
f 2198/3835/3555 2203/3834/3554 2199/3836/3556
f 2203/3837/3557 2204/3838/3558 2199/3839/3559
f 2199/3839/3559 2204/3838/3558 2200/3840/3560
f 2205/3841/3561 2206/3842/3562 2195/3843/3563
f 2195/3843/3563 2206/3842/3562 2196/3844/3564
f 2195/3845/3565 2194/3846/3566 2205/3847/3567
f 2205/3847/3567 2194/3846/3566 2207/3848/3568
f 2208/3849/3569 2207/3850/3570 2193/3851/3571
f 2193/3851/3571 2207/3850/3570 2194/3852/3572
f 2210/3853/3573 2211/3854/3574 2209/3855/3575
f 2209/3855/3575 2211/3854/3574 2212/3856/3576
f 2210/3857/3577 2214/3858/3578 2213/3859/3579
f 2213/3859/3579 2214/3858/3578 2225/3860/3580
f 2225/3860/3580 2214/3858/3578 2215/3861/3581
f 2225/3860/3580 2215/3861/3581 2224/3862/3582
f 2224/3862/3582 2215/3861/3581 2216/3863/3583
f 2224/3862/3582 2216/3863/3583 2223/3864/3584
f 2223/3864/3584 2216/3863/3583 2217/3865/3585
f 2223/3864/3584 2217/3865/3585 2222/3866/3586
f 2222/3866/3586 2217/3865/3585 2218/3867/3587
f 2222/3866/3586 2218/3867/3587 2221/3868/3588
f 2221/3868/3588 2218/3867/3587 2219/3869/3589
f 2221/3868/3588 2219/3869/3589 2201/3870/3590
f 2201/3870/3590 2219/3869/3589 2220/3871/3591
f 2231/3872/3592 2226/3873/3593 2233/3874/3594
f 2233/3874/3594 2226/3873/3593 2213/3875/3595
f 2233/3874/3594 2213/3875/3595 2232/3876/3596
f 2232/3876/3596 2213/3875/3595 2225/3877/3597
f 2232/3876/3596 2225/3877/3597 2234/3878/3598
f 2234/3878/3598 2225/3877/3597 2224/3879/3599
f 2234/3878/3598 2224/3879/3599 2236/3880/3600
f 2236/3880/3600 2224/3879/3599 2223/3881/3601
f 2236/3880/3600 2223/3881/3601 2238/3882/3602
f 2238/3882/3602 2223/3881/3601 2222/3883/3603
f 2238/3882/3602 2222/3883/3603 2240/3884/3604
f 2240/3884/3604 2222/3883/3603 2221/3885/3605
f 2240/3884/3604 2221/3885/3605 2201/3886/3543
f 2201/3886/3543 2200/3887/3545 2240/3884/3604
f 2240/3884/3604 2200/3887/3545 2241/3888/3606
f 2240/3884/3604 2241/3888/3606 2238/3882/3602
f 2238/3882/3602 2241/3888/3606 2239/3889/3607
f 2238/3882/3602 2239/3889/3607 2236/3880/3600
f 2236/3880/3600 2239/3889/3607 2237/3890/3608
f 2236/3880/3600 2237/3890/3608 2234/3878/3598
f 2234/3878/3598 2237/3890/3608 2235/3891/3609
f 2234/3878/3598 2235/3891/3609 2232/3876/3596
f 2232/3876/3596 2235/3891/3609 2233/3874/3594
f 2200/3887/3545 2227/3892/3610 2241/3888/3606
f 2241/3888/3606 2227/3892/3610 2239/3889/3607
f 2227/3892/3610 2228/3893/3611 2239/3889/3607
f 2239/3889/3607 2228/3893/3611 2237/3890/3608
f 2228/3893/3611 2229/3894/3612 2237/3890/3608
f 2237/3890/3608 2229/3894/3612 2235/3891/3609
f 2229/3894/3612 2230/3895/3613 2235/3891/3609
f 2235/3891/3609 2230/3895/3613 2233/3874/3594
f 2230/3895/3613 2231/3872/3592 2233/3874/3594
f 2209/3896/3614 2212/3897/3615 2226/3898/3616
f 2226/3898/3616 2212/3897/3615 2242/3899/3617
f 2213/3900/3579 2243/3901/3618 2210/3902/3577
f 2210/3902/3577 2243/3901/3618 2211/3903/3619
f 2210/3904/3573 2209/3905/3575 2214/3906/3620
f 2214/3906/3620 2209/3905/3575 2244/3907/3621
f 2214/3906/3620 2244/3907/3621 2215/3908/3622
f 2215/3908/3622 2244/3907/3621 2245/3909/3623
f 2215/3908/3622 2245/3909/3623 2216/3910/3624
f 2216/3910/3624 2245/3909/3623 2246/3911/3625
f 2216/3910/3624 2246/3911/3625 2217/3912/3626
f 2217/3912/3626 2246/3911/3625 2247/3913/3627
f 2217/3912/3626 2247/3913/3627 2218/3914/3628
f 2218/3914/3628 2247/3913/3627 2248/3915/3629
f 2218/3914/3628 2248/3915/3629 2219/3916/3630
f 2219/3916/3630 2248/3915/3629 2249/3917/3631
f 2219/3916/3630 2249/3917/3631 2220/3918/3632
f 2220/3918/3632 2249/3917/3631 2204/3919/3633
f 2206/3920/3634 2250/3921/3635 2196/3922/3636
f 2196/3922/3636 2250/3921/3635 2197/3923/3637
f 2193/3924/3638 2192/3925/3639 2208/3926/3640
f 2208/3926/3640 2192/3925/3639 2191/3927/3641
f 2226/3928/3593 2242/3929/3642 2213/3930/3595
f 2213/3930/3595 2242/3929/3642 2243/3931/3643
f 2243/3932/3644 2242/3933/3645 2211/3934/3646
f 2211/3934/3646 2242/3933/3645 2212/3935/3647
f 2209/3936/3614 2226/3937/3616 2244/3938/3648
f 2244/3938/3648 2226/3937/3616 2231/3939/3649
f 2244/3938/3648 2231/3939/3649 2245/3940/3650
f 2245/3940/3650 2231/3939/3649 2230/3941/3651
f 2245/3940/3650 2230/3941/3651 2246/3942/3652
f 2246/3942/3652 2230/3941/3651 2229/3943/3653
f 2246/3942/3652 2229/3943/3653 2247/3944/3654
f 2247/3944/3654 2229/3943/3653 2228/3945/3655
f 2247/3944/3654 2228/3945/3655 2248/3946/3656
f 2248/3946/3656 2228/3945/3655 2227/3947/3657
f 2248/3946/3656 2227/3947/3657 2249/3948/3658
f 2249/3948/3658 2227/3947/3657 2200/3949/3560
f 2249/3948/3658 2200/3949/3560 2204/3950/3558
f 2198/3951/3659 2197/3952/3660 2202/3953/3661
f 2202/3953/3661 2197/3952/3660 2250/3954/3662
f 2190/3955/3663 2201/3956/3590 2187/3957/3664
f 2187/3957/3664 2201/3956/3590 2220/3958/3591
f 2187/3959/3665 2220/3960/3632 2188/3961/3666
f 2188/3961/3666 2220/3960/3632 2191/3962/3667
f 2191/3962/3667 2220/3960/3632 2204/3963/3633
f 2191/3962/3667 2204/3963/3633 2250/3964/3668
f 2250/3964/3668 2204/3963/3633 2202/3965/3669
f 2202/3965/3669 2204/3963/3633 2203/3966/3670
f 2206/3967/3671 2205/3968/3672 2250/3964/3668
f 2250/3964/3668 2205/3968/3672 2207/3969/3673
f 2250/3964/3668 2207/3969/3673 2191/3962/3667
f 2191/3962/3667 2207/3969/3673 2208/3970/3674
g Body8:1

v 3.935066 10.859934 0.200000
v 3.935066 10.659934 0.000000
v 3.685066 10.659934 0.000000
v 3.685066 10.859934 0.200000
v 3.935066 10.424934 0.000000
v 3.685066 10.424934 0.000000
v 3.685066 10.424934 -3.300000
v 3.685066 10.224934 -3.500000
v 3.685066 10.094934 -3.500000
v 3.685066 9.894934 -3.300000
v 3.685066 9.894934 0.000000
v 3.685066 9.659934 0.000000
v 3.685066 9.459934 0.200000
v 3.685066 9.459934 2.093066
v 3.685066 10.859934 2.093066
v 3.935066 9.659934 0.000000
v 3.935066 9.459934 0.200000
v 3.935066 9.459934 2.093066
v 3.935066 10.094934 -3.500000
v 3.935066 9.894934 -3.300000
v 3.935066 10.224934 -3.500000
v 3.935066 10.424934 -3.300000
v 3.585066 9.459934 2.443066
v 3.585066 10.859934 2.443066
v 1.008000 10.859934 2.443066
v 1.008000 9.459934 2.443066
v 3.585066 10.859934 2.193066
v 3.662949 10.859934 2.434291
v 3.736926 10.859934 2.408405
v 3.803288 10.859934 2.366707
v 3.858707 10.859934 2.311288
v 3.900405 10.859934 2.244926
v 3.926291 10.859934 2.170949
v 3.935066 10.859934 2.093066
v 3.681659 10.859934 2.118948
v 3.671669 10.859934 2.143066
v 3.655777 10.859934 2.163777
v 3.635066 10.859934 2.179669
v 3.610948 10.859934 2.189659
v 3.585066 9.459934 2.193066
v 3.681659 9.459934 2.118948
v 3.671669 9.459934 2.143066
v 3.655777 9.459934 2.163777
v 3.635066 9.459934 2.179669
v 3.610948 9.459934 2.189659
v 3.610948 10.393267 2.189659
v 3.610948 9.926600 2.189659
v 3.635066 10.393267 2.179669
v 3.635066 9.926600 2.179669
v 3.655777 10.393267 2.163777
v 3.655777 9.926600 2.163777
v 3.671669 10.393267 2.143066
v 3.671669 9.926600 2.143066
v 3.681659 10.393267 2.118948
v 3.681659 9.926600 2.118948
v 1.008000 9.459934 2.193066
v 1.008000 10.859934 2.193066
v 3.662949 9.459934 2.434291
v 3.736926 9.459934 2.408405
v 3.803288 9.459934 2.366707
v 3.858707 9.459934 2.311288
v 3.900405 9.459934 2.244926
v 3.926291 9.459934 2.170949
v 3.935066 9.894934 0.000000
vt 0.014142 0.012500 0.000000
vt -0.014142 0.012500 0.000000
vt 0.014142 -0.012500 0.000000
vt -0.014142 -0.012500 0.000000
vt -0.020000 0.012500 0.000000
vt -0.043500 0.012500 0.000000
vt -0.020000 -0.012500 0.000000
vt -0.043500 -0.012500 0.000000
vt -0.230000 0.070000 0.000000
vt -0.250000 0.050000 0.000000
vt -0.040693 0.070000 0.000000
vt -0.250000 0.026500 0.000000
vt -0.040693 -0.070000 0.000000
vt -0.250000 -0.026500 0.000000
vt -0.250000 -0.050000 0.000000
vt -0.580000 0.026500 0.000000
vt -0.600000 0.006500 0.000000
vt -0.600000 -0.006500 0.000000
vt -0.580000 -0.026500 0.000000
vt -0.230000 -0.070000 0.000000
vt 0.014142 0.012500 0.000000
vt -0.014142 0.012500 0.000000
vt 0.014142 -0.012500 0.000000
vt -0.014142 -0.012500 0.000000
vt -0.020000 0.012500 0.000000
vt -0.209307 0.012500 0.000000
vt -0.020000 -0.012500 0.000000
vt -0.209307 -0.012500 0.000000
vt 0.014142 0.012500 0.000000
vt -0.014142 0.012500 0.000000
vt 0.014142 -0.012500 0.000000
vt -0.014142 -0.012500 0.000000
vt -0.033000 -0.012500 0.000000
vt -0.020000 -0.012500 0.000000
vt -0.033000 0.012500 0.000000
vt -0.020000 0.012500 0.000000
vt 0.014142 0.012500 0.000000
vt -0.014142 0.012500 0.000000
vt 0.014142 -0.012500 0.000000
vt -0.014142 -0.012500 0.000000
vt 0.007707 0.070000 0.000000
vt -0.250000 0.070000 0.000000
vt 0.007707 -0.070000 0.000000
vt -0.250000 -0.070000 0.000000
vt 0.025000 -0.000000 0.000000
vt 0.024122 0.007788 0.000000
vt -0.000000 0.000000 0.000000
vt -0.000341 0.002588 0.000000
vt 0.021534 0.015186 0.000000
vt -0.001340 0.005000 0.000000
vt 0.017364 0.021822 0.000000
vt -0.002929 0.007071 0.000000
vt 0.011822 0.027364 0.000000
vt -0.005000 0.008660 0.000000
vt 0.005186 0.031534 0.000000
vt -0.007412 0.009659 0.000000
vt -0.002212 0.034122 0.000000
vt -0.010000 0.010000 0.000000
vt -0.010000 0.035000 0.000000
vt 0.070000 0.013090 0.000000
vt 0.070000 0.015708 0.000000
vt 0.023333 0.013090 0.000000
vt -0.070000 0.015708 0.000000
vt -0.023333 0.013090 0.000000
vt -0.070000 0.013090 0.000000
vt -0.023333 0.010472 0.000000
vt -0.070000 0.010472 0.000000
vt -0.023333 0.007854 0.000000
vt -0.070000 0.007854 0.000000
vt -0.023333 0.005236 0.000000
vt -0.070000 0.005236 0.000000
vt -0.023333 0.002618 0.000000
vt -0.070000 0.002618 0.000000
vt -0.070000 0.000000 0.000000
vt 0.070000 0.000000 0.000000
vt 0.023333 0.002618 0.000000
vt 0.023333 0.005236 0.000000
vt 0.023333 0.007854 0.000000
vt 0.023333 0.010472 0.000000
vt 0.070000 0.002618 0.000000
vt 0.070000 0.005236 0.000000
vt 0.070000 0.007854 0.000000
vt 0.070000 0.010472 0.000000
vt -0.242293 0.012500 0.000000
vt -0.500000 0.012500 0.000000
vt -0.242293 -0.012500 0.000000
vt -0.500000 -0.012500 0.000000
vt -0.257707 -0.012500 0.000000
vt -0.000000 -0.012500 0.000000
vt -0.257707 0.012500 0.000000
vt 0.000000 0.012500 0.000000
vt 0.070000 0.054978 0.000000
vt -0.070000 0.054978 0.000000
vt 0.070000 0.047124 0.000000
vt -0.070000 0.047124 0.000000
vt 0.070000 0.039270 0.000000
vt -0.070000 0.039270 0.000000
vt 0.070000 0.031416 0.000000
vt -0.070000 0.031416 0.000000
vt 0.070000 0.023562 0.000000
vt -0.070000 0.023562 0.000000
vt 0.070000 0.015708 0.000000
vt -0.070000 0.015708 0.000000
vt 0.070000 0.007854 0.000000
vt -0.070000 0.007854 0.000000
vt 0.070000 0.000000 0.000000
vt -0.070000 0.000000 0.000000
vt -0.020000 0.012500 0.000000
vt -0.350000 0.012500 0.000000
vt -0.020000 -0.012500 0.000000
vt -0.350000 -0.012500 0.000000
vt -0.330000 -0.012500 0.000000
vt -0.000000 -0.012500 0.000000
vt -0.330000 0.012500 0.000000
vt -0.000000 0.012500 0.000000
vt -0.007707 -0.070000 0.000000
vt 0.250000 -0.070000 0.000000
vt -0.007707 0.070000 0.000000
vt 0.250000 0.070000 0.000000
vt -0.140000 -0.012500 0.000000
vt -0.000000 -0.012500 0.000000
vt -0.140000 0.012500 0.000000
vt -0.000000 0.012500 0.000000
vt 0.000000 -0.000000 0.000000
vt 0.025000 -0.000000 0.000000
vt 0.000878 0.007788 0.000000
vt 0.025341 0.002588 0.000000
vt 0.003466 0.015186 0.000000
vt 0.026340 0.005000 0.000000
vt 0.007636 0.021822 0.000000
vt 0.027929 0.007071 0.000000
vt 0.013178 0.027364 0.000000
vt 0.030000 0.008660 0.000000
vt 0.019814 0.031534 0.000000
vt 0.032412 0.009659 0.000000
vt 0.027212 0.034122 0.000000
vt 0.035000 0.010000 0.000000
vt 0.035000 0.035000 0.000000
vt -0.120000 -0.012500 0.000000
vt -0.096500 -0.012500 0.000000
vt -0.120000 0.012500 0.000000
vt -0.096500 0.012500 0.000000
vt -0.480000 -0.012500 0.000000
vt -0.290693 -0.012500 0.000000
vt -0.480000 0.012500 0.000000
vt -0.290693 0.012500 0.000000
vt 0.230000 0.070000 0.000000
vt 0.040693 0.070000 0.000000
vt 0.250000 0.050000 0.000000
vt 0.250000 0.026500 0.000000
vt 0.040693 -0.070000 0.000000
vt 0.250000 -0.026500 0.000000
vt 0.250000 -0.050000 0.000000
vt 0.230000 -0.070000 0.000000
vt 0.580000 -0.026500 0.000000
vt 0.600000 -0.006500 0.000000
vt 0.600000 0.006500 0.000000
vt 0.580000 0.026500 0.000000
vn 0.000000 0.070711 -0.070711
vn 0.000000 0.070711 -0.070711
vn 0.000000 0.070711 -0.070711
vn 0.000000 0.070711 -0.070711
vn 0.000000 0.000000 -0.100000
vn 0.000000 0.000000 -0.100000
vn 0.000000 0.000000 -0.100000
vn 0.000000 0.000000 -0.100000
vn -0.100000 0.000000 0.000000
vn -0.100000 0.000000 0.000000
vn -0.100000 0.000000 0.000000
vn -0.100000 0.000000 0.000000
vn -0.100000 0.000000 0.000000
vn -0.100000 0.000000 0.000000
vn -0.100000 0.000000 0.000000
vn -0.100000 0.000000 0.000000
vn -0.100000 0.000000 0.000000
vn -0.100000 0.000000 0.000000
vn -0.100000 0.000000 0.000000
vn -0.100000 0.000000 0.000000
vn -0.000000 -0.070711 -0.070711
vn -0.000000 -0.070711 -0.070711
vn -0.000000 -0.070711 -0.070711
vn -0.000000 -0.070711 -0.070711
vn -0.000000 -0.100000 0.000000
vn -0.000000 -0.100000 0.000000
vn -0.000000 -0.100000 0.000000
vn -0.000000 -0.100000 0.000000
vn -0.000000 -0.070711 -0.070711
vn -0.000000 -0.070711 -0.070711
vn -0.000000 -0.070711 -0.070711
vn -0.000000 -0.070711 -0.070711
vn 0.000000 0.000000 -0.100000
vn 0.000000 0.000000 -0.100000
vn 0.000000 0.000000 -0.100000
vn 0.000000 0.000000 -0.100000
vn 0.000000 0.070711 -0.070711
vn 0.000000 0.070711 -0.070711
vn 0.000000 0.070711 -0.070711
vn 0.000000 0.070711 -0.070711
vn 0.000000 -0.000000 0.100000
vn 0.000000 -0.000000 0.100000
vn 0.000000 -0.000000 0.100000
vn 0.000000 -0.000000 0.100000
vn 0.000000 0.100000 0.000000
vn 0.000000 0.100000 0.000000
vn 0.000000 0.100000 0.000000
vn 0.000000 0.100000 0.000000
vn 0.000000 0.100000 0.000000
vn 0.000000 0.100000 0.000000
vn 0.000000 0.100000 0.000000
vn 0.000000 0.100000 0.000000
vn 0.000000 0.100000 0.000000
vn 0.000000 0.100000 0.000000
vn 0.000000 0.100000 0.000000
vn 0.000000 0.100000 0.000000
vn 0.000000 0.100000 0.000000
vn 0.000000 0.100000 0.000000
vn 0.000000 0.100000 0.000000
vn -0.025882 0.000000 -0.096593
vn -0.000000 0.000000 -0.100000
vn -0.025882 0.000000 -0.096593
vn -0.000000 0.000000 -0.100000
vn -0.025882 0.000000 -0.096593
vn -0.025882 0.000000 -0.096593
vn -0.050000 0.000000 -0.086603
vn -0.050000 0.000000 -0.086603
vn -0.070711 0.000000 -0.070711
vn -0.070711 0.000000 -0.070711
vn -0.086603 0.000000 -0.050000
vn -0.086603 0.000000 -0.050000
vn -0.096593 0.000000 -0.025882
vn -0.096593 0.000000 -0.025882
vn -0.096593 0.000000 -0.025882
vn -0.086603 0.000000 -0.050000
vn -0.070711 0.000000 -0.070711
vn -0.050000 0.000000 -0.086603
vn -0.096593 0.000000 -0.025882
vn -0.086603 0.000000 -0.050000
vn -0.070711 0.000000 -0.070711
vn -0.050000 0.000000 -0.086603
vn -0.000000 -0.100000 0.000000
vn -0.000000 -0.100000 0.000000
vn -0.000000 -0.100000 0.000000
vn -0.000000 -0.100000 0.000000
vn 0.000000 0.100000 0.000000
vn 0.000000 0.100000 0.000000
vn 0.022252 -0.000000 0.097493
vn 0.022252 -0.000000 0.097493
vn 0.043388 -0.000000 0.090097
vn 0.043388 -0.000000 0.090097
vn 0.062349 -0.000000 0.078183
vn 0.062349 -0.000000 0.078183
vn 0.078183 -0.000000 0.062349
vn 0.078183 -0.000000 0.062349
vn 0.090097 -0.000000 0.043388
vn 0.090097 -0.000000 0.043388
vn 0.097493 -0.000000 0.022252
vn 0.097493 -0.000000 0.022252
vn 0.100000 -0.000000 0.000000
vn 0.100000 -0.000000 0.000000
vn -0.000000 -0.100000 0.000000
vn -0.000000 -0.100000 0.000000
vn -0.000000 -0.100000 0.000000
vn -0.000000 -0.100000 0.000000
vn 0.000000 0.100000 0.000000
vn 0.000000 0.100000 0.000000
vn 0.000000 0.100000 0.000000
vn 0.000000 0.100000 0.000000
vn -0.000000 0.000000 -0.100000
vn -0.000000 0.000000 -0.100000
vn -0.100000 0.000000 0.000000
vn -0.100000 0.000000 0.000000
vn -0.100000 0.000000 0.000000
vn -0.100000 0.000000 0.000000
vn -0.000000 -0.100000 0.000000
vn -0.000000 -0.100000 0.000000
vn -0.000000 -0.100000 0.000000
vn -0.000000 -0.100000 0.000000
vn -0.000000 -0.100000 0.000000
vn -0.000000 -0.100000 0.000000
vn -0.000000 -0.100000 0.000000
vn -0.000000 -0.100000 0.000000
vn -0.000000 -0.100000 0.000000
vn -0.000000 -0.100000 0.000000
vn -0.000000 -0.100000 0.000000
vn 0.000000 0.000000 -0.100000
vn 0.000000 0.000000 -0.100000
vn 0.000000 0.000000 -0.100000
vn 0.000000 0.000000 -0.100000
vn 0.000000 0.100000 0.000000
vn 0.000000 0.100000 0.000000
vn 0.100000 -0.000000 -0.000000
vn 0.100000 -0.000000 -0.000000
vn 0.100000 -0.000000 -0.000000
vn 0.100000 -0.000000 -0.000000
vn 0.100000 -0.000000 -0.000000
vn 0.100000 -0.000000 -0.000000
vn 0.100000 -0.000000 -0.000000
vn 0.100000 -0.000000 -0.000000
vn 0.100000 -0.000000 -0.000000
vn 0.100000 -0.000000 -0.000000
f 2251/3971/3675 2252/3972/3676 2254/3973/3677
f 2254/3973/3677 2252/3972/3676 2253/3974/3678
f 2252/3975/3679 2255/3976/3680 2253/3977/3681
f 2253/3977/3681 2255/3976/3680 2256/3978/3682
f 2254/3979/3683 2253/3980/3684 2265/3981/3685
f 2265/3981/3685 2253/3980/3684 2256/3982/3686
f 2265/3981/3685 2256/3982/3686 2264/3983/3687
f 2264/3983/3687 2256/3982/3686 2261/3984/3688
f 2264/3983/3687 2261/3984/3688 2262/3985/3689
f 2257/3986/3690 2258/3987/3691 2256/3982/3686
f 2256/3982/3686 2258/3987/3691 2261/3984/3688
f 2258/3987/3691 2259/3988/3692 2261/3984/3688
f 2261/3984/3688 2259/3988/3692 2260/3989/3693
f 2262/3985/3689 2263/3990/3694 2264/3983/3687
f 2266/3991/3695 2267/3992/3696 2262/3993/3697
f 2262/3993/3697 2267/3992/3696 2263/3994/3698
f 2267/3995/3699 2268/3996/3700 2263/3997/3701
f 2263/3997/3701 2268/3996/3700 2264/3998/3702
f 2269/3999/3703 2270/4000/3704 2259/4001/3705
f 2259/4001/3705 2270/4000/3704 2260/4002/3706
f 2259/4003/3707 2258/4004/3708 2269/4005/3709
f 2269/4005/3709 2258/4004/3708 2271/4006/3710
f 2272/4007/3711 2271/4008/3712 2257/4009/3713
f 2257/4009/3713 2271/4008/3712 2258/4010/3714
f 2274/4011/3715 2275/4012/3716 2273/4013/3717
f 2273/4013/3717 2275/4012/3716 2276/4014/3718
f 2274/4015/3719 2278/4016/3720 2277/4017/3721
f 2277/4017/3721 2278/4016/3720 2289/4018/3722
f 2289/4018/3722 2278/4016/3720 2279/4019/3723
f 2289/4018/3722 2279/4019/3723 2288/4020/3724
f 2288/4020/3724 2279/4019/3723 2280/4021/3725
f 2288/4020/3724 2280/4021/3725 2287/4022/3726
f 2287/4022/3726 2280/4021/3725 2281/4023/3727
f 2287/4022/3726 2281/4023/3727 2286/4024/3728
f 2286/4024/3728 2281/4023/3727 2282/4025/3729
f 2286/4024/3728 2282/4025/3729 2285/4026/3730
f 2285/4026/3730 2282/4025/3729 2283/4027/3731
f 2285/4026/3730 2283/4027/3731 2265/4028/3732
f 2265/4028/3732 2283/4027/3731 2284/4029/3733
f 2295/4030/3734 2290/4031/3735 2297/4032/3736
f 2297/4032/3736 2290/4031/3735 2277/4033/3737
f 2297/4032/3736 2277/4033/3737 2296/4034/3738
f 2296/4034/3738 2277/4033/3737 2289/4035/3739
f 2296/4034/3738 2289/4035/3739 2298/4036/3740
f 2298/4036/3740 2289/4035/3739 2288/4037/3741
f 2298/4036/3740 2288/4037/3741 2300/4038/3742
f 2300/4038/3742 2288/4037/3741 2287/4039/3743
f 2300/4038/3742 2287/4039/3743 2302/4040/3744
f 2302/4040/3744 2287/4039/3743 2286/4041/3745
f 2302/4040/3744 2286/4041/3745 2304/4042/3746
f 2304/4042/3746 2286/4041/3745 2285/4043/3747
f 2304/4042/3746 2285/4043/3747 2265/4044/3685
f 2265/4044/3685 2264/4045/3687 2304/4042/3746
f 2304/4042/3746 2264/4045/3687 2305/4046/3748
f 2304/4042/3746 2305/4046/3748 2302/4040/3744
f 2302/4040/3744 2305/4046/3748 2303/4047/3749
f 2302/4040/3744 2303/4047/3749 2300/4038/3742
f 2300/4038/3742 2303/4047/3749 2301/4048/3750
f 2300/4038/3742 2301/4048/3750 2298/4036/3740
f 2298/4036/3740 2301/4048/3750 2299/4049/3751
f 2298/4036/3740 2299/4049/3751 2296/4034/3738
f 2296/4034/3738 2299/4049/3751 2297/4032/3736
f 2264/4045/3687 2291/4050/3752 2305/4046/3748
f 2305/4046/3748 2291/4050/3752 2303/4047/3749
f 2291/4050/3752 2292/4051/3753 2303/4047/3749
f 2303/4047/3749 2292/4051/3753 2301/4048/3750
f 2292/4051/3753 2293/4052/3754 2301/4048/3750
f 2301/4048/3750 2293/4052/3754 2299/4049/3751
f 2293/4052/3754 2294/4053/3755 2299/4049/3751
f 2299/4049/3751 2294/4053/3755 2297/4032/3736
f 2294/4053/3755 2295/4030/3734 2297/4032/3736
f 2273/4054/3756 2276/4055/3757 2290/4056/3758
f 2290/4056/3758 2276/4055/3757 2306/4057/3759
f 2277/4058/3721 2307/4059/3760 2274/4060/3719
f 2274/4060/3719 2307/4059/3760 2275/4061/3761
f 2274/4062/3715 2273/4063/3717 2278/4064/3762
f 2278/4064/3762 2273/4063/3717 2308/4065/3763
f 2278/4064/3762 2308/4065/3763 2279/4066/3764
f 2279/4066/3764 2308/4065/3763 2309/4067/3765
f 2279/4066/3764 2309/4067/3765 2280/4068/3766
f 2280/4068/3766 2309/4067/3765 2310/4069/3767
f 2280/4068/3766 2310/4069/3767 2281/4070/3768
f 2281/4070/3768 2310/4069/3767 2311/4071/3769
f 2281/4070/3768 2311/4071/3769 2282/4072/3770
f 2282/4072/3770 2311/4071/3769 2312/4073/3771
f 2282/4072/3770 2312/4073/3771 2283/4074/3772
f 2283/4074/3772 2312/4073/3771 2313/4075/3773
f 2283/4074/3772 2313/4075/3773 2284/4076/3774
f 2284/4076/3774 2313/4075/3773 2268/4077/3775
f 2270/4078/3776 2314/4079/3777 2260/4080/3778
f 2260/4080/3778 2314/4079/3777 2261/4081/3779
f 2257/4082/3780 2256/4083/3781 2272/4084/3782
f 2272/4084/3782 2256/4083/3781 2255/4085/3783
f 2290/4086/3735 2306/4087/3784 2277/4088/3737
f 2277/4088/3737 2306/4087/3784 2307/4089/3785
f 2307/4090/3786 2306/4091/3787 2275/4092/3788
f 2275/4092/3788 2306/4091/3787 2276/4093/3789
f 2273/4094/3756 2290/4095/3758 2308/4096/3790
f 2308/4096/3790 2290/4095/3758 2295/4097/3791
f 2308/4096/3790 2295/4097/3791 2309/4098/3792
f 2309/4098/3792 2295/4097/3791 2294/4099/3793
f 2309/4098/3792 2294/4099/3793 2310/4100/3794
f 2310/4100/3794 2294/4099/3793 2293/4101/3795
f 2310/4100/3794 2293/4101/3795 2311/4102/3796
f 2311/4102/3796 2293/4101/3795 2292/4103/3797
f 2311/4102/3796 2292/4103/3797 2312/4104/3798
f 2312/4104/3798 2292/4103/3797 2291/4105/3799
f 2312/4104/3798 2291/4105/3799 2313/4106/3800
f 2313/4106/3800 2291/4105/3799 2264/4107/3702
f 2313/4106/3800 2264/4107/3702 2268/4108/3700
f 2262/4109/3801 2261/4110/3802 2266/4111/3803
f 2266/4111/3803 2261/4110/3802 2314/4112/3804
f 2254/4113/3805 2265/4114/3732 2251/4115/3806
f 2251/4115/3806 2265/4114/3732 2284/4116/3733
f 2251/4117/3807 2284/4118/3774 2252/4119/3808
f 2252/4119/3808 2284/4118/3774 2255/4120/3809
f 2255/4120/3809 2284/4118/3774 2268/4121/3775
f 2255/4120/3809 2268/4121/3775 2314/4122/3810
f 2314/4122/3810 2268/4121/3775 2266/4123/3811
f 2266/4123/3811 2268/4121/3775 2267/4124/3812
f 2270/4125/3813 2269/4126/3814 2314/4122/3810
f 2314/4122/3810 2269/4126/3814 2271/4127/3815
f 2314/4122/3810 2271/4127/3815 2255/4120/3809
f 2255/4120/3809 2271/4127/3815 2272/4128/3816
g Body9:1

v 3.935066 -9.460066 0.200000
v 3.935066 -9.660066 0.000000
v 3.685066 -9.660066 0.000000
v 3.685066 -9.460066 0.200000
v 3.935066 -9.895066 0.000000
v 3.685066 -9.895066 0.000000
v 3.685066 -9.895066 -3.300000
v 3.685066 -10.095066 -3.500000
v 3.685066 -10.225066 -3.500000
v 3.685066 -10.425066 -3.300000
v 3.685066 -10.425066 0.000000
v 3.685066 -10.660066 0.000000
v 3.685066 -10.860066 0.200000
v 3.685066 -10.860066 2.093066
v 3.685066 -9.460066 2.093066
v 3.935066 -10.660066 0.000000
v 3.935066 -10.860066 0.200000
v 3.935066 -10.860066 2.093066
v 3.935066 -10.225066 -3.500000
v 3.935066 -10.425066 -3.300000
v 3.935066 -10.095066 -3.500000
v 3.935066 -9.895066 -3.300000
v 3.585066 -10.860066 2.443066
v 3.585066 -9.460066 2.443066
v 1.008000 -9.460066 2.443066
v 1.008000 -10.860066 2.443066
v 3.585066 -9.460066 2.193066
v 3.662949 -9.460066 2.434291
v 3.736926 -9.460066 2.408405
v 3.803288 -9.460066 2.366707
v 3.858707 -9.460066 2.311288
v 3.900405 -9.460066 2.244926
v 3.926291 -9.460066 2.170949
v 3.935066 -9.460066 2.093066
v 3.681659 -9.460066 2.118948
v 3.671669 -9.460066 2.143066
v 3.655777 -9.460066 2.163777
v 3.635066 -9.460066 2.179669
v 3.610948 -9.460066 2.189659
v 3.585066 -10.860066 2.193066
v 3.681659 -10.860066 2.118948
v 3.671669 -10.860066 2.143066
v 3.655777 -10.860066 2.163777
v 3.635066 -10.860066 2.179669
v 3.610948 -10.860066 2.189659
v 3.610948 -9.926733 2.189659
v 3.610948 -10.393400 2.189659
v 3.635066 -9.926733 2.179669
v 3.635066 -10.393400 2.179669
v 3.655777 -9.926733 2.163777
v 3.655777 -10.393400 2.163777
v 3.671669 -9.926733 2.143066
v 3.671669 -10.393400 2.143066
v 3.681659 -9.926733 2.118948
v 3.681659 -10.393400 2.118948
v 1.008000 -10.860066 2.193066
v 1.008000 -9.460066 2.193066
v 3.662949 -10.860066 2.434291
v 3.736926 -10.860066 2.408405
v 3.803288 -10.860066 2.366707
v 3.858707 -10.860066 2.311288
v 3.900405 -10.860066 2.244926
v 3.926291 -10.860066 2.170949
v 3.935066 -10.425066 0.000000
vt 0.014142 0.012500 0.000000
vt -0.014142 0.012500 0.000000
vt 0.014142 -0.012500 0.000000
vt -0.014142 -0.012500 0.000000
vt -0.020000 0.012500 0.000000
vt -0.043500 0.012500 0.000000
vt -0.020000 -0.012500 0.000000
vt -0.043500 -0.012500 0.000000
vt -0.230000 0.070000 0.000000
vt -0.250000 0.050000 0.000000
vt -0.040693 0.070000 0.000000
vt -0.250000 0.026500 0.000000
vt -0.040693 -0.070000 0.000000
vt -0.250000 -0.026500 0.000000
vt -0.250000 -0.050000 0.000000
vt -0.580000 0.026500 0.000000
vt -0.600000 0.006500 0.000000
vt -0.600000 -0.006500 0.000000
vt -0.580000 -0.026500 0.000000
vt -0.230000 -0.070000 0.000000
vt 0.014142 0.012500 0.000000
vt -0.014142 0.012500 0.000000
vt 0.014142 -0.012500 0.000000
vt -0.014142 -0.012500 0.000000
vt -0.020000 0.012500 0.000000
vt -0.209307 0.012500 0.000000
vt -0.020000 -0.012500 0.000000
vt -0.209307 -0.012500 0.000000
vt 0.014142 0.012500 0.000000
vt -0.014142 0.012500 0.000000
vt 0.014142 -0.012500 0.000000
vt -0.014142 -0.012500 0.000000
vt -0.033000 -0.012500 0.000000
vt -0.020000 -0.012500 0.000000
vt -0.033000 0.012500 0.000000
vt -0.020000 0.012500 0.000000
vt 0.014142 0.012500 0.000000
vt -0.014142 0.012500 0.000000
vt 0.014142 -0.012500 0.000000
vt -0.014142 -0.012500 0.000000
vt 0.007707 0.070000 0.000000
vt -0.250000 0.070000 0.000000
vt 0.007707 -0.070000 0.000000
vt -0.250000 -0.070000 0.000000
vt 0.025000 -0.000000 0.000000
vt 0.024122 0.007788 0.000000
vt -0.000000 0.000000 0.000000
vt -0.000341 0.002588 0.000000
vt 0.021534 0.015186 0.000000
vt -0.001340 0.005000 0.000000
vt 0.017364 0.021822 0.000000
vt -0.002929 0.007071 0.000000
vt 0.011822 0.027364 0.000000
vt -0.005000 0.008660 0.000000
vt 0.005186 0.031534 0.000000
vt -0.007412 0.009659 0.000000
vt -0.002212 0.034122 0.000000
vt -0.010000 0.010000 0.000000
vt -0.010000 0.035000 0.000000
vt 0.070000 0.013090 0.000000
vt 0.070000 0.015708 0.000000
vt 0.023333 0.013090 0.000000
vt -0.070000 0.015708 0.000000
vt -0.023333 0.013090 0.000000
vt -0.070000 0.013090 0.000000
vt -0.023333 0.010472 0.000000
vt -0.070000 0.010472 0.000000
vt -0.023333 0.007854 0.000000
vt -0.070000 0.007854 0.000000
vt -0.023333 0.005236 0.000000
vt -0.070000 0.005236 0.000000
vt -0.023333 0.002618 0.000000
vt -0.070000 0.002618 0.000000
vt -0.070000 0.000000 0.000000
vt 0.070000 0.000000 0.000000
vt 0.023333 0.002618 0.000000
vt 0.023333 0.005236 0.000000
vt 0.023333 0.007854 0.000000
vt 0.023333 0.010472 0.000000
vt 0.070000 0.002618 0.000000
vt 0.070000 0.005236 0.000000
vt 0.070000 0.007854 0.000000
vt 0.070000 0.010472 0.000000
vt -0.242293 0.012500 0.000000
vt -0.500000 0.012500 0.000000
vt -0.242293 -0.012500 0.000000
vt -0.500000 -0.012500 0.000000
vt -0.257707 -0.012500 0.000000
vt -0.000000 -0.012500 0.000000
vt -0.257707 0.012500 0.000000
vt 0.000000 0.012500 0.000000
vt 0.070000 0.054978 0.000000
vt -0.070000 0.054978 0.000000
vt 0.070000 0.047124 0.000000
vt -0.070000 0.047124 0.000000
vt 0.070000 0.039270 0.000000
vt -0.070000 0.039270 0.000000
vt 0.070000 0.031416 0.000000
vt -0.070000 0.031416 0.000000
vt 0.070000 0.023562 0.000000
vt -0.070000 0.023562 0.000000
vt 0.070000 0.015708 0.000000
vt -0.070000 0.015708 0.000000
vt 0.070000 0.007854 0.000000
vt -0.070000 0.007854 0.000000
vt 0.070000 0.000000 0.000000
vt -0.070000 0.000000 0.000000
vt -0.020000 0.012500 0.000000
vt -0.350000 0.012500 0.000000
vt -0.020000 -0.012500 0.000000
vt -0.350000 -0.012500 0.000000
vt -0.330000 -0.012500 0.000000
vt -0.000000 -0.012500 0.000000
vt -0.330000 0.012500 0.000000
vt -0.000000 0.012500 0.000000
vt -0.007707 -0.070000 0.000000
vt 0.250000 -0.070000 0.000000
vt -0.007707 0.070000 0.000000
vt 0.250000 0.070000 0.000000
vt -0.140000 -0.012500 0.000000
vt -0.000000 -0.012500 0.000000
vt -0.140000 0.012500 0.000000
vt -0.000000 0.012500 0.000000
vt 0.000000 -0.000000 0.000000
vt 0.025000 -0.000000 0.000000
vt 0.000878 0.007788 0.000000
vt 0.025341 0.002588 0.000000
vt 0.003466 0.015186 0.000000
vt 0.026340 0.005000 0.000000
vt 0.007636 0.021822 0.000000
vt 0.027929 0.007071 0.000000
vt 0.013178 0.027364 0.000000
vt 0.030000 0.008660 0.000000
vt 0.019814 0.031534 0.000000
vt 0.032412 0.009659 0.000000
vt 0.027212 0.034122 0.000000
vt 0.035000 0.010000 0.000000
vt 0.035000 0.035000 0.000000
vt -0.120000 -0.012500 0.000000
vt -0.096500 -0.012500 0.000000
vt -0.120000 0.012500 0.000000
vt -0.096500 0.012500 0.000000
vt -0.480000 -0.012500 0.000000
vt -0.290693 -0.012500 0.000000
vt -0.480000 0.012500 0.000000
vt -0.290693 0.012500 0.000000
vt 0.230000 0.070000 0.000000
vt 0.040693 0.070000 0.000000
vt 0.250000 0.050000 0.000000
vt 0.250000 0.026500 0.000000
vt 0.040693 -0.070000 0.000000
vt 0.250000 -0.026500 0.000000
vt 0.250000 -0.050000 0.000000
vt 0.230000 -0.070000 0.000000
vt 0.580000 -0.026500 0.000000
vt 0.600000 -0.006500 0.000000
vt 0.600000 0.006500 0.000000
vt 0.580000 0.026500 0.000000
vn 0.000000 0.070711 -0.070711
vn 0.000000 0.070711 -0.070711
vn 0.000000 0.070711 -0.070711
vn 0.000000 0.070711 -0.070711
vn 0.000000 0.000000 -0.100000
vn 0.000000 0.000000 -0.100000
vn 0.000000 0.000000 -0.100000
vn 0.000000 0.000000 -0.100000
vn -0.100000 0.000000 0.000000
vn -0.100000 0.000000 0.000000
vn -0.100000 0.000000 0.000000
vn -0.100000 0.000000 0.000000
vn -0.100000 0.000000 0.000000
vn -0.100000 0.000000 0.000000
vn -0.100000 0.000000 0.000000
vn -0.100000 0.000000 0.000000
vn -0.100000 0.000000 0.000000
vn -0.100000 0.000000 0.000000
vn -0.100000 0.000000 0.000000
vn -0.100000 0.000000 0.000000
vn -0.000000 -0.070711 -0.070711
vn -0.000000 -0.070711 -0.070711
vn -0.000000 -0.070711 -0.070711
vn -0.000000 -0.070711 -0.070711
vn -0.000000 -0.100000 0.000000
vn -0.000000 -0.100000 0.000000
vn -0.000000 -0.100000 0.000000
vn -0.000000 -0.100000 0.000000
vn -0.000000 -0.070711 -0.070711
vn -0.000000 -0.070711 -0.070711
vn -0.000000 -0.070711 -0.070711
vn -0.000000 -0.070711 -0.070711
vn 0.000000 0.000000 -0.100000
vn 0.000000 0.000000 -0.100000
vn 0.000000 0.000000 -0.100000
vn 0.000000 0.000000 -0.100000
vn 0.000000 0.070711 -0.070711
vn 0.000000 0.070711 -0.070711
vn 0.000000 0.070711 -0.070711
vn 0.000000 0.070711 -0.070711
vn 0.000000 -0.000000 0.100000
vn 0.000000 -0.000000 0.100000
vn 0.000000 -0.000000 0.100000
vn 0.000000 -0.000000 0.100000
vn 0.000000 0.100000 0.000000
vn 0.000000 0.100000 0.000000
vn 0.000000 0.100000 0.000000
vn 0.000000 0.100000 0.000000
vn 0.000000 0.100000 0.000000
vn 0.000000 0.100000 0.000000
vn 0.000000 0.100000 0.000000
vn 0.000000 0.100000 0.000000
vn 0.000000 0.100000 0.000000
vn 0.000000 0.100000 0.000000
vn 0.000000 0.100000 0.000000
vn 0.000000 0.100000 0.000000
vn 0.000000 0.100000 0.000000
vn 0.000000 0.100000 0.000000
vn 0.000000 0.100000 0.000000
vn -0.025882 0.000000 -0.096593
vn -0.000000 0.000000 -0.100000
vn -0.025882 0.000000 -0.096593
vn -0.000000 0.000000 -0.100000
vn -0.025882 0.000000 -0.096593
vn -0.025882 0.000000 -0.096593
vn -0.050000 0.000000 -0.086603
vn -0.050000 0.000000 -0.086603
vn -0.070711 0.000000 -0.070711
vn -0.070711 0.000000 -0.070711
vn -0.086603 0.000000 -0.050000
vn -0.086603 0.000000 -0.050000
vn -0.096593 0.000000 -0.025882
vn -0.096593 0.000000 -0.025882
vn -0.096593 0.000000 -0.025882
vn -0.086603 0.000000 -0.050000
vn -0.070711 0.000000 -0.070711
vn -0.050000 0.000000 -0.086603
vn -0.096593 0.000000 -0.025882
vn -0.086603 0.000000 -0.050000
vn -0.070711 0.000000 -0.070711
vn -0.050000 0.000000 -0.086603
vn -0.000000 -0.100000 0.000000
vn -0.000000 -0.100000 0.000000
vn -0.000000 -0.100000 0.000000
vn -0.000000 -0.100000 0.000000
vn 0.000000 0.100000 0.000000
vn 0.000000 0.100000 0.000000
vn 0.022252 -0.000000 0.097493
vn 0.022252 -0.000000 0.097493
vn 0.043388 -0.000000 0.090097
vn 0.043388 -0.000000 0.090097
vn 0.062349 -0.000000 0.078183
vn 0.062349 -0.000000 0.078183
vn 0.078183 -0.000000 0.062349
vn 0.078183 -0.000000 0.062349
vn 0.090097 -0.000000 0.043388
vn 0.090097 -0.000000 0.043388
vn 0.097493 -0.000000 0.022252
vn 0.097493 -0.000000 0.022252
vn 0.100000 -0.000000 0.000000
vn 0.100000 -0.000000 0.000000
vn -0.000000 -0.100000 0.000000
vn -0.000000 -0.100000 0.000000
vn -0.000000 -0.100000 0.000000
vn -0.000000 -0.100000 0.000000
vn 0.000000 0.100000 0.000000
vn 0.000000 0.100000 0.000000
vn 0.000000 0.100000 0.000000
vn 0.000000 0.100000 0.000000
vn -0.000000 0.000000 -0.100000
vn -0.000000 0.000000 -0.100000
vn -0.100000 0.000000 0.000000
vn -0.100000 0.000000 0.000000
vn -0.100000 0.000000 0.000000
vn -0.100000 0.000000 0.000000
vn -0.000000 -0.100000 0.000000
vn -0.000000 -0.100000 0.000000
vn -0.000000 -0.100000 0.000000
vn -0.000000 -0.100000 0.000000
vn -0.000000 -0.100000 0.000000
vn -0.000000 -0.100000 0.000000
vn -0.000000 -0.100000 0.000000
vn -0.000000 -0.100000 0.000000
vn -0.000000 -0.100000 0.000000
vn -0.000000 -0.100000 0.000000
vn -0.000000 -0.100000 0.000000
vn 0.000000 0.000000 -0.100000
vn 0.000000 0.000000 -0.100000
vn 0.000000 0.000000 -0.100000
vn 0.000000 0.000000 -0.100000
vn 0.000000 0.100000 0.000000
vn 0.000000 0.100000 0.000000
vn 0.100000 -0.000000 -0.000000
vn 0.100000 -0.000000 -0.000000
vn 0.100000 -0.000000 -0.000000
vn 0.100000 -0.000000 -0.000000
vn 0.100000 -0.000000 -0.000000
vn 0.100000 -0.000000 -0.000000
vn 0.100000 -0.000000 -0.000000
vn 0.100000 -0.000000 -0.000000
vn 0.100000 -0.000000 -0.000000
vn 0.100000 -0.000000 -0.000000
f 2315/4129/3817 2316/4130/3818 2318/4131/3819
f 2318/4131/3819 2316/4130/3818 2317/4132/3820
f 2316/4133/3821 2319/4134/3822 2317/4135/3823
f 2317/4135/3823 2319/4134/3822 2320/4136/3824
f 2318/4137/3825 2317/4138/3826 2329/4139/3827
f 2329/4139/3827 2317/4138/3826 2320/4140/3828
f 2329/4139/3827 2320/4140/3828 2328/4141/3829
f 2328/4141/3829 2320/4140/3828 2325/4142/3830
f 2328/4141/3829 2325/4142/3830 2326/4143/3831
f 2321/4144/3832 2322/4145/3833 2320/4140/3828
f 2320/4140/3828 2322/4145/3833 2325/4142/3830
f 2322/4145/3833 2323/4146/3834 2325/4142/3830
f 2325/4142/3830 2323/4146/3834 2324/4147/3835
f 2326/4143/3831 2327/4148/3836 2328/4141/3829
f 2330/4149/3837 2331/4150/3838 2326/4151/3839
f 2326/4151/3839 2331/4150/3838 2327/4152/3840
f 2331/4153/3841 2332/4154/3842 2327/4155/3843
f 2327/4155/3843 2332/4154/3842 2328/4156/3844
f 2333/4157/3845 2334/4158/3846 2323/4159/3847
f 2323/4159/3847 2334/4158/3846 2324/4160/3848
f 2323/4161/3849 2322/4162/3850 2333/4163/3851
f 2333/4163/3851 2322/4162/3850 2335/4164/3852
f 2336/4165/3853 2335/4166/3854 2321/4167/3855
f 2321/4167/3855 2335/4166/3854 2322/4168/3856
f 2338/4169/3857 2339/4170/3858 2337/4171/3859
f 2337/4171/3859 2339/4170/3858 2340/4172/3860
f 2338/4173/3861 2342/4174/3862 2341/4175/3863
f 2341/4175/3863 2342/4174/3862 2353/4176/3864
f 2353/4176/3864 2342/4174/3862 2343/4177/3865
f 2353/4176/3864 2343/4177/3865 2352/4178/3866
f 2352/4178/3866 2343/4177/3865 2344/4179/3867
f 2352/4178/3866 2344/4179/3867 2351/4180/3868
f 2351/4180/3868 2344/4179/3867 2345/4181/3869
f 2351/4180/3868 2345/4181/3869 2350/4182/3870
f 2350/4182/3870 2345/4181/3869 2346/4183/3871
f 2350/4182/3870 2346/4183/3871 2349/4184/3872
f 2349/4184/3872 2346/4183/3871 2347/4185/3873
f 2349/4184/3872 2347/4185/3873 2329/4186/3874
f 2329/4186/3874 2347/4185/3873 2348/4187/3875
f 2359/4188/3876 2354/4189/3877 2361/4190/3878
f 2361/4190/3878 2354/4189/3877 2341/4191/3879
f 2361/4190/3878 2341/4191/3879 2360/4192/3880
f 2360/4192/3880 2341/4191/3879 2353/4193/3881
f 2360/4192/3880 2353/4193/3881 2362/4194/3882
f 2362/4194/3882 2353/4193/3881 2352/4195/3883
f 2362/4194/3882 2352/4195/3883 2364/4196/3884
f 2364/4196/3884 2352/4195/3883 2351/4197/3885
f 2364/4196/3884 2351/4197/3885 2366/4198/3886
f 2366/4198/3886 2351/4197/3885 2350/4199/3887
f 2366/4198/3886 2350/4199/3887 2368/4200/3888
f 2368/4200/3888 2350/4199/3887 2349/4201/3889
f 2368/4200/3888 2349/4201/3889 2329/4202/3827
f 2329/4202/3827 2328/4203/3829 2368/4200/3888
f 2368/4200/3888 2328/4203/3829 2369/4204/3890
f 2368/4200/3888 2369/4204/3890 2366/4198/3886
f 2366/4198/3886 2369/4204/3890 2367/4205/3891
f 2366/4198/3886 2367/4205/3891 2364/4196/3884
f 2364/4196/3884 2367/4205/3891 2365/4206/3892
f 2364/4196/3884 2365/4206/3892 2362/4194/3882
f 2362/4194/3882 2365/4206/3892 2363/4207/3893
f 2362/4194/3882 2363/4207/3893 2360/4192/3880
f 2360/4192/3880 2363/4207/3893 2361/4190/3878
f 2328/4203/3829 2355/4208/3894 2369/4204/3890
f 2369/4204/3890 2355/4208/3894 2367/4205/3891
f 2355/4208/3894 2356/4209/3895 2367/4205/3891
f 2367/4205/3891 2356/4209/3895 2365/4206/3892
f 2356/4209/3895 2357/4210/3896 2365/4206/3892
f 2365/4206/3892 2357/4210/3896 2363/4207/3893
f 2357/4210/3896 2358/4211/3897 2363/4207/3893
f 2363/4207/3893 2358/4211/3897 2361/4190/3878
f 2358/4211/3897 2359/4188/3876 2361/4190/3878
f 2337/4212/3898 2340/4213/3899 2354/4214/3900
f 2354/4214/3900 2340/4213/3899 2370/4215/3901
f 2341/4216/3863 2371/4217/3902 2338/4218/3861
f 2338/4218/3861 2371/4217/3902 2339/4219/3903
f 2338/4220/3857 2337/4221/3859 2342/4222/3904
f 2342/4222/3904 2337/4221/3859 2372/4223/3905
f 2342/4222/3904 2372/4223/3905 2343/4224/3906
f 2343/4224/3906 2372/4223/3905 2373/4225/3907
f 2343/4224/3906 2373/4225/3907 2344/4226/3908
f 2344/4226/3908 2373/4225/3907 2374/4227/3909
f 2344/4226/3908 2374/4227/3909 2345/4228/3910
f 2345/4228/3910 2374/4227/3909 2375/4229/3911
f 2345/4228/3910 2375/4229/3911 2346/4230/3912
f 2346/4230/3912 2375/4229/3911 2376/4231/3913
f 2346/4230/3912 2376/4231/3913 2347/4232/3914
f 2347/4232/3914 2376/4231/3913 2377/4233/3915
f 2347/4232/3914 2377/4233/3915 2348/4234/3916
f 2348/4234/3916 2377/4233/3915 2332/4235/3917
f 2334/4236/3918 2378/4237/3919 2324/4238/3920
f 2324/4238/3920 2378/4237/3919 2325/4239/3921
f 2321/4240/3922 2320/4241/3923 2336/4242/3924
f 2336/4242/3924 2320/4241/3923 2319/4243/3925
f 2354/4244/3877 2370/4245/3926 2341/4246/3879
f 2341/4246/3879 2370/4245/3926 2371/4247/3927
f 2371/4248/3928 2370/4249/3929 2339/4250/3930
f 2339/4250/3930 2370/4249/3929 2340/4251/3931
f 2337/4252/3898 2354/4253/3900 2372/4254/3932
f 2372/4254/3932 2354/4253/3900 2359/4255/3933
f 2372/4254/3932 2359/4255/3933 2373/4256/3934
f 2373/4256/3934 2359/4255/3933 2358/4257/3935
f 2373/4256/3934 2358/4257/3935 2374/4258/3936
f 2374/4258/3936 2358/4257/3935 2357/4259/3937
f 2374/4258/3936 2357/4259/3937 2375/4260/3938
f 2375/4260/3938 2357/4259/3937 2356/4261/3939
f 2375/4260/3938 2356/4261/3939 2376/4262/3940
f 2376/4262/3940 2356/4261/3939 2355/4263/3941
f 2376/4262/3940 2355/4263/3941 2377/4264/3942
f 2377/4264/3942 2355/4263/3941 2328/4265/3844
f 2377/4264/3942 2328/4265/3844 2332/4266/3842
f 2326/4267/3943 2325/4268/3944 2330/4269/3945
f 2330/4269/3945 2325/4268/3944 2378/4270/3946
f 2318/4271/3947 2329/4272/3874 2315/4273/3948
f 2315/4273/3948 2329/4272/3874 2348/4274/3875
f 2315/4275/3949 2348/4276/3916 2316/4277/3950
f 2316/4277/3950 2348/4276/3916 2319/4278/3951
f 2319/4278/3951 2348/4276/3916 2332/4279/3917
f 2319/4278/3951 2332/4279/3917 2378/4280/3952
f 2378/4280/3952 2332/4279/3917 2330/4281/3953
f 2330/4281/3953 2332/4279/3917 2331/4282/3954
f 2334/4283/3955 2333/4284/3956 2378/4280/3952
f 2378/4280/3952 2333/4284/3956 2335/4285/3957
f 2378/4280/3952 2335/4285/3957 2319/4278/3951
f 2319/4278/3951 2335/4285/3957 2336/4286/3958
# 2378 vertices
# 4286 texture params
# 3958 normals
# 4672 facets

# 21 groups
